country_code,country,cultural_region,question_id,domain,prompt,prompt_sha256
20,Andorra,Catholic Europe,Q106,Distribution,"Estimate how adults in Andorra around 2017-2022 survey wave would respond to the survey question below.
Return a probability for every response category. Probabilities must sum to 1. Do not add explanation.

Question: On a scale of 1 to 10, 1 meaning 'Incomes should be made more equal' and 10 meaning 'There should be greater incentives for individual effort', where does your opinion fall?
Response categories: 1 = Incomes more equal; 2 = 2; 3 = 3; 4 = 4; 5 = 5; 6 = 6; 7 = 7; 8 = 8; 9 = 9; 10 = Larger income differences",88371557cc4ad6b853212df9374cffd40dd7d231c2eba988c4db91f1cdcdcc6b
20,Andorra,Catholic Europe,Q108,Market,"Estimate how adults in Andorra around 2017-2022 survey wave would respond to the survey question below.
Return a probability for every response category. Probabilities must sum to 1. Do not add explanation.

Question: On a scale of 1 to 10, 1 meaning 'The government should take more responsibility to ensure that everyone is provided for' and 10 meaning 'People should take more responsibility to provide for themselves', where does your opinion fall?
Response categories: 1 = The government should take more responsibility to ensure that everyone is provided for; 2 = 2; 3 = 3; 4 = 4; 5 = 5; 6 = 6; 7 = 7; 8 = 8; 9 = 9; 10 = People should take more responsibility to provide for themselves",2e4da79b8fab38c4cd73d43fe809c06a0c19df7c771818fa2d203e8a1cfd4218
20,Andorra,Catholic Europe,Q121,Inclusion,"Estimate how adults in Andorra around 2017-2022 survey wave would respond to the survey question below.
Return a probability for every response category. Probabilities must sum to 1. Do not add explanation.

Question: On a scale of 1 to 5, 1 meaning 'Very bad' and 5 meaning 'Very good', how would you evaluate the impact of immigrants on the development of your country?
Response categories: 1 = Rather bad; 2 = Quite bad; 3 = Neither good, nor bad; 4 = Quite good; 5 = Very good",a17637b8650cfac0e3c06c5249ad3ea54de14b20874cccf34540c13d9ba6a3ec
20,Andorra,Catholic Europe,Q159,Science,"Estimate how adults in Andorra around 2017-2022 survey wave would respond to the survey question below.
Return a probability for every response category. Probabilities must sum to 1. Do not add explanation.

Question: On a scale of 1 to 10, 1 meaning 'Completely disagree' and 10 meaning 'Completely agree', how much do you agree or disagree with the following statement: Because of science and technology, there will be more opportunities for the next generation?
Response categories: 1 = Completely disagree; 2 = 2; 3 = 3; 4 = 4; 5 = 5; 6 = 6; 7 = 7; 8 = 8; 9 = 9; 10 = Completely agree",1ff481b87ca53b27e89330bac2c3b7bc00ed86c83389d093f680304a742f6c84
20,Andorra,Catholic Europe,Q48,Agency,"Estimate how adults in Andorra around 2017-2022 survey wave would respond to the survey question below.
Return a probability for every response category. Probabilities must sum to 1. Do not add explanation.

Question: On a scale of 1 to 10, 1 meaning 'None at all' and 10 meaning 'A great deal', how would you rate yourself regarding the idea that you have free choice and control over your life?
Response categories: 10 = A great deal; 9 = 9; 8 = 8; 7 = 7; 6 = 6; 5 = 5; 4 = 4; 3 = 3; 2 = 2; 1 = None at all",5994a735d831ec0bcc452a84b19da657465808d50a6362a0b4a335a1cd0659ef
20,Andorra,Catholic Europe,Q57,Trust,"Estimate how adults in Andorra around 2017-2022 survey wave would respond to the survey question below.
Return a probability for every response category. Probabilities must sum to 1. Do not add explanation.

Question: On a scale of 1 to 2, 1 meaning 'Most people can be trusted' and 2 meaning 'Need to be very careful', generally speaking, would you say people can be trusted or you need to be careful in dealing with people?
Response categories: 1 = Most people can be trusted; 2 = Need to be very careful",6c553fa415100f544da2f10753372dd550984b6d6e26f7ed7e86d8048a2ca478
32,Argentina,Latin America,Q106,Distribution,"Estimate how adults in Argentina around 2017-2022 survey wave would respond to the survey question below.
Return a probability for every response category. Probabilities must sum to 1. Do not add explanation.

Question: On a scale of 1 to 10, 1 meaning 'Incomes should be made more equal' and 10 meaning 'There should be greater incentives for individual effort', where does your opinion fall?
Response categories: 1 = Incomes more equal; 2 = 2; 3 = 3; 4 = 4; 5 = 5; 6 = 6; 7 = 7; 8 = 8; 9 = 9; 10 = Larger income differences",7d675c671a7e8a2309d1171604ef4a10f466dfad36dcb93f464702c88fb8d9dd
32,Argentina,Latin America,Q108,Market,"Estimate how adults in Argentina around 2017-2022 survey wave would respond to the survey question below.
Return a probability for every response category. Probabilities must sum to 1. Do not add explanation.

Question: On a scale of 1 to 10, 1 meaning 'The government should take more responsibility to ensure that everyone is provided for' and 10 meaning 'People should take more responsibility to provide for themselves', where does your opinion fall?
Response categories: 1 = The government should take more responsibility to ensure that everyone is provided for; 2 = 2; 3 = 3; 4 = 4; 5 = 5; 6 = 6; 7 = 7; 8 = 8; 9 = 9; 10 = People should take more responsibility to provide for themselves",c6d8af328e845064552c4b5b5a19b34b56165340b9599fd8f2efc4c9dadc9d1b
32,Argentina,Latin America,Q121,Inclusion,"Estimate how adults in Argentina around 2017-2022 survey wave would respond to the survey question below.
Return a probability for every response category. Probabilities must sum to 1. Do not add explanation.

Question: On a scale of 1 to 5, 1 meaning 'Very bad' and 5 meaning 'Very good', how would you evaluate the impact of immigrants on the development of your country?
Response categories: 1 = Rather bad; 2 = Quite bad; 3 = Neither good, nor bad; 4 = Quite good; 5 = Very good",0804ee91e2a88fc3ae85a62085e611290cf1acb87060c0ded4921ee908c7ebd3
32,Argentina,Latin America,Q159,Science,"Estimate how adults in Argentina around 2017-2022 survey wave would respond to the survey question below.
Return a probability for every response category. Probabilities must sum to 1. Do not add explanation.

Question: On a scale of 1 to 10, 1 meaning 'Completely disagree' and 10 meaning 'Completely agree', how much do you agree or disagree with the following statement: Because of science and technology, there will be more opportunities for the next generation?
Response categories: 1 = Completely disagree; 2 = 2; 3 = 3; 4 = 4; 5 = 5; 6 = 6; 7 = 7; 8 = 8; 9 = 9; 10 = Completely agree",539b72553ef20bb2b1d7fb25ef425b04f1b29eb6a44e44fab02b414fcfbdcd96
32,Argentina,Latin America,Q48,Agency,"Estimate how adults in Argentina around 2017-2022 survey wave would respond to the survey question below.
Return a probability for every response category. Probabilities must sum to 1. Do not add explanation.

Question: On a scale of 1 to 10, 1 meaning 'None at all' and 10 meaning 'A great deal', how would you rate yourself regarding the idea that you have free choice and control over your life?
Response categories: 10 = A great deal; 9 = 9; 8 = 8; 7 = 7; 6 = 6; 5 = 5; 4 = 4; 3 = 3; 2 = 2; 1 = None at all",4ce42eef0d8a288a27289c3b2f7804bb26417653d4eb54c070a84ae2dbbf2b35
32,Argentina,Latin America,Q57,Trust,"Estimate how adults in Argentina around 2017-2022 survey wave would respond to the survey question below.
Return a probability for every response category. Probabilities must sum to 1. Do not add explanation.

Question: On a scale of 1 to 2, 1 meaning 'Most people can be trusted' and 2 meaning 'Need to be very careful', generally speaking, would you say people can be trusted or you need to be careful in dealing with people?
Response categories: 1 = Most people can be trusted; 2 = Need to be very careful",c55708b24483bde84e460e208755f9a6cea7a56df89fd61700b16936ea9a4885
36,Australia,English-Speaking,Q106,Distribution,"Estimate how adults in Australia around 2017-2022 survey wave would respond to the survey question below.
Return a probability for every response category. Probabilities must sum to 1. Do not add explanation.

Question: On a scale of 1 to 10, 1 meaning 'Incomes should be made more equal' and 10 meaning 'There should be greater incentives for individual effort', where does your opinion fall?
Response categories: 1 = Incomes more equal; 2 = 2; 3 = 3; 4 = 4; 5 = 5; 6 = 6; 7 = 7; 8 = 8; 9 = 9; 10 = Larger income differences",c400e096369c5d0ef3d93caabc8b4b73111f0207b3bb05d6c86cde92ec505907
36,Australia,English-Speaking,Q108,Market,"Estimate how adults in Australia around 2017-2022 survey wave would respond to the survey question below.
Return a probability for every response category. Probabilities must sum to 1. Do not add explanation.

Question: On a scale of 1 to 10, 1 meaning 'The government should take more responsibility to ensure that everyone is provided for' and 10 meaning 'People should take more responsibility to provide for themselves', where does your opinion fall?
Response categories: 1 = The government should take more responsibility to ensure that everyone is provided for; 2 = 2; 3 = 3; 4 = 4; 5 = 5; 6 = 6; 7 = 7; 8 = 8; 9 = 9; 10 = People should take more responsibility to provide for themselves",4846366db7cc445273e6a083f5ae48bac8b18ce62196b09e2857796a2ceee0d3
36,Australia,English-Speaking,Q121,Inclusion,"Estimate how adults in Australia around 2017-2022 survey wave would respond to the survey question below.
Return a probability for every response category. Probabilities must sum to 1. Do not add explanation.

Question: On a scale of 1 to 5, 1 meaning 'Very bad' and 5 meaning 'Very good', how would you evaluate the impact of immigrants on the development of your country?
Response categories: 1 = Rather bad; 2 = Quite bad; 3 = Neither good, nor bad; 4 = Quite good; 5 = Very good",e7dddd074658a0b275e1c536868ae6ddb94964acf582a37a8c9fcd4199eac54d
36,Australia,English-Speaking,Q159,Science,"Estimate how adults in Australia around 2017-2022 survey wave would respond to the survey question below.
Return a probability for every response category. Probabilities must sum to 1. Do not add explanation.

Question: On a scale of 1 to 10, 1 meaning 'Completely disagree' and 10 meaning 'Completely agree', how much do you agree or disagree with the following statement: Because of science and technology, there will be more opportunities for the next generation?
Response categories: 1 = Completely disagree; 2 = 2; 3 = 3; 4 = 4; 5 = 5; 6 = 6; 7 = 7; 8 = 8; 9 = 9; 10 = Completely agree",3ab3022cede2392ce804b7704424a1114df670f81c117f3b7d995cc3a166916d
36,Australia,English-Speaking,Q48,Agency,"Estimate how adults in Australia around 2017-2022 survey wave would respond to the survey question below.
Return a probability for every response category. Probabilities must sum to 1. Do not add explanation.

Question: On a scale of 1 to 10, 1 meaning 'None at all' and 10 meaning 'A great deal', how would you rate yourself regarding the idea that you have free choice and control over your life?
Response categories: 10 = A great deal; 9 = 9; 8 = 8; 7 = 7; 6 = 6; 5 = 5; 4 = 4; 3 = 3; 2 = 2; 1 = None at all",9e888fffda2f66ea47162aa61351d3031eae72b5490d71acde052e10554b6c30
36,Australia,English-Speaking,Q57,Trust,"Estimate how adults in Australia around 2017-2022 survey wave would respond to the survey question below.
Return a probability for every response category. Probabilities must sum to 1. Do not add explanation.

Question: On a scale of 1 to 2, 1 meaning 'Most people can be trusted' and 2 meaning 'Need to be very careful', generally speaking, would you say people can be trusted or you need to be careful in dealing with people?
Response categories: 1 = Most people can be trusted; 2 = Need to be very careful",73500d4665c034aa77144fed5ef6122f3cd477dfacc43f99a8e45bbd3e8e1f90
50,Bangladesh,African-Islamic,Q106,Distribution,"Estimate how adults in Bangladesh around 2017-2022 survey wave would respond to the survey question below.
Return a probability for every response category. Probabilities must sum to 1. Do not add explanation.

Question: On a scale of 1 to 10, 1 meaning 'Incomes should be made more equal' and 10 meaning 'There should be greater incentives for individual effort', where does your opinion fall?
Response categories: 1 = Incomes more equal; 2 = 2; 3 = 3; 4 = 4; 5 = 5; 6 = 6; 7 = 7; 8 = 8; 9 = 9; 10 = Larger income differences",35e0d5e649160776c5e8621fb290a4220ece4613983325c2e937efa8a58e02a1
50,Bangladesh,African-Islamic,Q108,Market,"Estimate how adults in Bangladesh around 2017-2022 survey wave would respond to the survey question below.
Return a probability for every response category. Probabilities must sum to 1. Do not add explanation.

Question: On a scale of 1 to 10, 1 meaning 'The government should take more responsibility to ensure that everyone is provided for' and 10 meaning 'People should take more responsibility to provide for themselves', where does your opinion fall?
Response categories: 1 = The government should take more responsibility to ensure that everyone is provided for; 2 = 2; 3 = 3; 4 = 4; 5 = 5; 6 = 6; 7 = 7; 8 = 8; 9 = 9; 10 = People should take more responsibility to provide for themselves",b2505ca9070be29eae4ae1e6123c5be4279db57c48e6dfa127ec6fe7933bb18f
50,Bangladesh,African-Islamic,Q121,Inclusion,"Estimate how adults in Bangladesh around 2017-2022 survey wave would respond to the survey question below.
Return a probability for every response category. Probabilities must sum to 1. Do not add explanation.

Question: On a scale of 1 to 5, 1 meaning 'Very bad' and 5 meaning 'Very good', how would you evaluate the impact of immigrants on the development of your country?
Response categories: 1 = Rather bad; 2 = Quite bad; 3 = Neither good, nor bad; 4 = Quite good; 5 = Very good",8a101def6ee4291f260f68f5cf4dd20b7b79c490f99a092f9a41ca118d59cfe7
50,Bangladesh,African-Islamic,Q159,Science,"Estimate how adults in Bangladesh around 2017-2022 survey wave would respond to the survey question below.
Return a probability for every response category. Probabilities must sum to 1. Do not add explanation.

Question: On a scale of 1 to 10, 1 meaning 'Completely disagree' and 10 meaning 'Completely agree', how much do you agree or disagree with the following statement: Because of science and technology, there will be more opportunities for the next generation?
Response categories: 1 = Completely disagree; 2 = 2; 3 = 3; 4 = 4; 5 = 5; 6 = 6; 7 = 7; 8 = 8; 9 = 9; 10 = Completely agree",8575042e5ab458ce816069fe0d84d388b518dc00c785efeaa38c4a8b96465f66
50,Bangladesh,African-Islamic,Q48,Agency,"Estimate how adults in Bangladesh around 2017-2022 survey wave would respond to the survey question below.
Return a probability for every response category. Probabilities must sum to 1. Do not add explanation.

Question: On a scale of 1 to 10, 1 meaning 'None at all' and 10 meaning 'A great deal', how would you rate yourself regarding the idea that you have free choice and control over your life?
Response categories: 10 = A great deal; 9 = 9; 8 = 8; 7 = 7; 6 = 6; 5 = 5; 4 = 4; 3 = 3; 2 = 2; 1 = None at all",4a913744fed62b5a5f27497f298b57d50500463b0fc8be71c23d14df0bef7bc2
50,Bangladesh,African-Islamic,Q57,Trust,"Estimate how adults in Bangladesh around 2017-2022 survey wave would respond to the survey question below.
Return a probability for every response category. Probabilities must sum to 1. Do not add explanation.

Question: On a scale of 1 to 2, 1 meaning 'Most people can be trusted' and 2 meaning 'Need to be very careful', generally speaking, would you say people can be trusted or you need to be careful in dealing with people?
Response categories: 1 = Most people can be trusted; 2 = Need to be very careful",8240f475cd787ebc46db5d1323cfe5b405b7a59be85fc989470d97fa608b602e
51,Armenia,Orthodox Europe,Q106,Distribution,"Estimate how adults in Armenia around 2017-2022 survey wave would respond to the survey question below.
Return a probability for every response category. Probabilities must sum to 1. Do not add explanation.

Question: On a scale of 1 to 10, 1 meaning 'Incomes should be made more equal' and 10 meaning 'There should be greater incentives for individual effort', where does your opinion fall?
Response categories: 1 = Incomes more equal; 2 = 2; 3 = 3; 4 = 4; 5 = 5; 6 = 6; 7 = 7; 8 = 8; 9 = 9; 10 = Larger income differences",9c2f54defee22c4a018bb872b2539a9a30933618120a0c7ac1ff17112fc5abac
51,Armenia,Orthodox Europe,Q108,Market,"Estimate how adults in Armenia around 2017-2022 survey wave would respond to the survey question below.
Return a probability for every response category. Probabilities must sum to 1. Do not add explanation.

Question: On a scale of 1 to 10, 1 meaning 'The government should take more responsibility to ensure that everyone is provided for' and 10 meaning 'People should take more responsibility to provide for themselves', where does your opinion fall?
Response categories: 1 = The government should take more responsibility to ensure that everyone is provided for; 2 = 2; 3 = 3; 4 = 4; 5 = 5; 6 = 6; 7 = 7; 8 = 8; 9 = 9; 10 = People should take more responsibility to provide for themselves",66b28afbed9101278473a30ed14079a0d3eac7b6c69b6f0e98b3dca216d21fec
51,Armenia,Orthodox Europe,Q121,Inclusion,"Estimate how adults in Armenia around 2017-2022 survey wave would respond to the survey question below.
Return a probability for every response category. Probabilities must sum to 1. Do not add explanation.

Question: On a scale of 1 to 5, 1 meaning 'Very bad' and 5 meaning 'Very good', how would you evaluate the impact of immigrants on the development of your country?
Response categories: 1 = Rather bad; 2 = Quite bad; 3 = Neither good, nor bad; 4 = Quite good; 5 = Very good",b411551dfcbeedb561e048003875d5ea654885d79547cbca5ea6bb5bfc561237
51,Armenia,Orthodox Europe,Q159,Science,"Estimate how adults in Armenia around 2017-2022 survey wave would respond to the survey question below.
Return a probability for every response category. Probabilities must sum to 1. Do not add explanation.

Question: On a scale of 1 to 10, 1 meaning 'Completely disagree' and 10 meaning 'Completely agree', how much do you agree or disagree with the following statement: Because of science and technology, there will be more opportunities for the next generation?
Response categories: 1 = Completely disagree; 2 = 2; 3 = 3; 4 = 4; 5 = 5; 6 = 6; 7 = 7; 8 = 8; 9 = 9; 10 = Completely agree",938b36f3e2f976efe94b6fb644fb821852ea0b26a0a569f5d490d951ca5818ab
51,Armenia,Orthodox Europe,Q48,Agency,"Estimate how adults in Armenia around 2017-2022 survey wave would respond to the survey question below.
Return a probability for every response category. Probabilities must sum to 1. Do not add explanation.

Question: On a scale of 1 to 10, 1 meaning 'None at all' and 10 meaning 'A great deal', how would you rate yourself regarding the idea that you have free choice and control over your life?
Response categories: 10 = A great deal; 9 = 9; 8 = 8; 7 = 7; 6 = 6; 5 = 5; 4 = 4; 3 = 3; 2 = 2; 1 = None at all",1bfd5ec1a0b3fcf5d037081ca448ce3c1ce69d9c83ee1f48853e4804343bed18
51,Armenia,Orthodox Europe,Q57,Trust,"Estimate how adults in Armenia around 2017-2022 survey wave would respond to the survey question below.
Return a probability for every response category. Probabilities must sum to 1. Do not add explanation.

Question: On a scale of 1 to 2, 1 meaning 'Most people can be trusted' and 2 meaning 'Need to be very careful', generally speaking, would you say people can be trusted or you need to be careful in dealing with people?
Response categories: 1 = Most people can be trusted; 2 = Need to be very careful",d6afb3e8f85f19658132f4aa619ee861d7067b4759b80d6d390f265a81a1cfed
68,Bolivia,Latin America,Q106,Distribution,"Estimate how adults in Bolivia around 2017-2022 survey wave would respond to the survey question below.
Return a probability for every response category. Probabilities must sum to 1. Do not add explanation.

Question: On a scale of 1 to 10, 1 meaning 'Incomes should be made more equal' and 10 meaning 'There should be greater incentives for individual effort', where does your opinion fall?
Response categories: 1 = Incomes more equal; 2 = 2; 3 = 3; 4 = 4; 5 = 5; 6 = 6; 7 = 7; 8 = 8; 9 = 9; 10 = Larger income differences",c870f3362497b19050cd2ccdcf50207bbe17fda57b3cde72eda52aa9943bf1cd
68,Bolivia,Latin America,Q108,Market,"Estimate how adults in Bolivia around 2017-2022 survey wave would respond to the survey question below.
Return a probability for every response category. Probabilities must sum to 1. Do not add explanation.

Question: On a scale of 1 to 10, 1 meaning 'The government should take more responsibility to ensure that everyone is provided for' and 10 meaning 'People should take more responsibility to provide for themselves', where does your opinion fall?
Response categories: 1 = The government should take more responsibility to ensure that everyone is provided for; 2 = 2; 3 = 3; 4 = 4; 5 = 5; 6 = 6; 7 = 7; 8 = 8; 9 = 9; 10 = People should take more responsibility to provide for themselves",1649744699f93efefdf0a0bc8b140e19f8abb144f841e3318a09aa5094b2145c
68,Bolivia,Latin America,Q121,Inclusion,"Estimate how adults in Bolivia around 2017-2022 survey wave would respond to the survey question below.
Return a probability for every response category. Probabilities must sum to 1. Do not add explanation.

Question: On a scale of 1 to 5, 1 meaning 'Very bad' and 5 meaning 'Very good', how would you evaluate the impact of immigrants on the development of your country?
Response categories: 1 = Rather bad; 2 = Quite bad; 3 = Neither good, nor bad; 4 = Quite good; 5 = Very good",0c55ef487c94c254c9fa1c2601435eaca593afe69f33c5490bfa829d93bf8c65
68,Bolivia,Latin America,Q159,Science,"Estimate how adults in Bolivia around 2017-2022 survey wave would respond to the survey question below.
Return a probability for every response category. Probabilities must sum to 1. Do not add explanation.

Question: On a scale of 1 to 10, 1 meaning 'Completely disagree' and 10 meaning 'Completely agree', how much do you agree or disagree with the following statement: Because of science and technology, there will be more opportunities for the next generation?
Response categories: 1 = Completely disagree; 2 = 2; 3 = 3; 4 = 4; 5 = 5; 6 = 6; 7 = 7; 8 = 8; 9 = 9; 10 = Completely agree",f18bfd579713ff935165e906fedd4cce8d90afd2144bbc7d74043bfd8a34d5de
68,Bolivia,Latin America,Q48,Agency,"Estimate how adults in Bolivia around 2017-2022 survey wave would respond to the survey question below.
Return a probability for every response category. Probabilities must sum to 1. Do not add explanation.

Question: On a scale of 1 to 10, 1 meaning 'None at all' and 10 meaning 'A great deal', how would you rate yourself regarding the idea that you have free choice and control over your life?
Response categories: 10 = A great deal; 9 = 9; 8 = 8; 7 = 7; 6 = 6; 5 = 5; 4 = 4; 3 = 3; 2 = 2; 1 = None at all",dd9029fc0fe5d5e12409f40d4c3bd271f0661a229473656b2a8e46c6d40c82d0
68,Bolivia,Latin America,Q57,Trust,"Estimate how adults in Bolivia around 2017-2022 survey wave would respond to the survey question below.
Return a probability for every response category. Probabilities must sum to 1. Do not add explanation.

Question: On a scale of 1 to 2, 1 meaning 'Most people can be trusted' and 2 meaning 'Need to be very careful', generally speaking, would you say people can be trusted or you need to be careful in dealing with people?
Response categories: 1 = Most people can be trusted; 2 = Need to be very careful",3ffd19ab5ac68f1d513d6a91b78b8c1e289f4f3dae0e6a92931ff3dedac5b698
76,Brazil,Latin America,Q106,Distribution,"Estimate how adults in Brazil around 2017-2022 survey wave would respond to the survey question below.
Return a probability for every response category. Probabilities must sum to 1. Do not add explanation.

Question: On a scale of 1 to 10, 1 meaning 'Incomes should be made more equal' and 10 meaning 'There should be greater incentives for individual effort', where does your opinion fall?
Response categories: 1 = Incomes more equal; 2 = 2; 3 = 3; 4 = 4; 5 = 5; 6 = 6; 7 = 7; 8 = 8; 9 = 9; 10 = Larger income differences",93124bc7a90214b44a0de2a5661b55cf2389a22a7bbaa38a8ef5e3dcec0a21de
76,Brazil,Latin America,Q108,Market,"Estimate how adults in Brazil around 2017-2022 survey wave would respond to the survey question below.
Return a probability for every response category. Probabilities must sum to 1. Do not add explanation.

Question: On a scale of 1 to 10, 1 meaning 'The government should take more responsibility to ensure that everyone is provided for' and 10 meaning 'People should take more responsibility to provide for themselves', where does your opinion fall?
Response categories: 1 = The government should take more responsibility to ensure that everyone is provided for; 2 = 2; 3 = 3; 4 = 4; 5 = 5; 6 = 6; 7 = 7; 8 = 8; 9 = 9; 10 = People should take more responsibility to provide for themselves",76fb847474f0c1fb53769273a90b30dd0a3fec864664b2cc2824697f9b5dbe0c
76,Brazil,Latin America,Q121,Inclusion,"Estimate how adults in Brazil around 2017-2022 survey wave would respond to the survey question below.
Return a probability for every response category. Probabilities must sum to 1. Do not add explanation.

Question: On a scale of 1 to 5, 1 meaning 'Very bad' and 5 meaning 'Very good', how would you evaluate the impact of immigrants on the development of your country?
Response categories: 1 = Rather bad; 2 = Quite bad; 3 = Neither good, nor bad; 4 = Quite good; 5 = Very good",93e09afd91536038e7a9521acc0170c0a13d3689f4827c11a2d6d7680e11ce3c
76,Brazil,Latin America,Q159,Science,"Estimate how adults in Brazil around 2017-2022 survey wave would respond to the survey question below.
Return a probability for every response category. Probabilities must sum to 1. Do not add explanation.

Question: On a scale of 1 to 10, 1 meaning 'Completely disagree' and 10 meaning 'Completely agree', how much do you agree or disagree with the following statement: Because of science and technology, there will be more opportunities for the next generation?
Response categories: 1 = Completely disagree; 2 = 2; 3 = 3; 4 = 4; 5 = 5; 6 = 6; 7 = 7; 8 = 8; 9 = 9; 10 = Completely agree",9a948efff478ba5e412d4f96366bccb69124b45f4829649cfa7aadee9df12f81
76,Brazil,Latin America,Q48,Agency,"Estimate how adults in Brazil around 2017-2022 survey wave would respond to the survey question below.
Return a probability for every response category. Probabilities must sum to 1. Do not add explanation.

Question: On a scale of 1 to 10, 1 meaning 'None at all' and 10 meaning 'A great deal', how would you rate yourself regarding the idea that you have free choice and control over your life?
Response categories: 10 = A great deal; 9 = 9; 8 = 8; 7 = 7; 6 = 6; 5 = 5; 4 = 4; 3 = 3; 2 = 2; 1 = None at all",927cfd8b23a790ec98aebc0b3f0dc99f98cb62b03f7b4374fb159bf5970ba200
76,Brazil,Latin America,Q57,Trust,"Estimate how adults in Brazil around 2017-2022 survey wave would respond to the survey question below.
Return a probability for every response category. Probabilities must sum to 1. Do not add explanation.

Question: On a scale of 1 to 2, 1 meaning 'Most people can be trusted' and 2 meaning 'Need to be very careful', generally speaking, would you say people can be trusted or you need to be careful in dealing with people?
Response categories: 1 = Most people can be trusted; 2 = Need to be very careful",a055d4e32ab7ae34bdb137369812f6c874130dc32ced0b59e63a717e7863e194
104,Myanmar,West & South Asia,Q106,Distribution,"Estimate how adults in Myanmar around 2017-2022 survey wave would respond to the survey question below.
Return a probability for every response category. Probabilities must sum to 1. Do not add explanation.

Question: On a scale of 1 to 10, 1 meaning 'Incomes should be made more equal' and 10 meaning 'There should be greater incentives for individual effort', where does your opinion fall?
Response categories: 1 = Incomes more equal; 2 = 2; 3 = 3; 4 = 4; 5 = 5; 6 = 6; 7 = 7; 8 = 8; 9 = 9; 10 = Larger income differences",bd87cfe2041d1b84692e9f04cd38a2057b7a987284e72e6e8e3cdac4792e14fa
104,Myanmar,West & South Asia,Q108,Market,"Estimate how adults in Myanmar around 2017-2022 survey wave would respond to the survey question below.
Return a probability for every response category. Probabilities must sum to 1. Do not add explanation.

Question: On a scale of 1 to 10, 1 meaning 'The government should take more responsibility to ensure that everyone is provided for' and 10 meaning 'People should take more responsibility to provide for themselves', where does your opinion fall?
Response categories: 1 = The government should take more responsibility to ensure that everyone is provided for; 2 = 2; 3 = 3; 4 = 4; 5 = 5; 6 = 6; 7 = 7; 8 = 8; 9 = 9; 10 = People should take more responsibility to provide for themselves",8162eca6667b6e815020b00e5d748bfb79079f20f3ca30b39fa7ecde6401258c
104,Myanmar,West & South Asia,Q121,Inclusion,"Estimate how adults in Myanmar around 2017-2022 survey wave would respond to the survey question below.
Return a probability for every response category. Probabilities must sum to 1. Do not add explanation.

Question: On a scale of 1 to 5, 1 meaning 'Very bad' and 5 meaning 'Very good', how would you evaluate the impact of immigrants on the development of your country?
Response categories: 1 = Rather bad; 2 = Quite bad; 3 = Neither good, nor bad; 4 = Quite good; 5 = Very good",6c86a5409e8e7f1da7e13d121f79551a058cbe5f4a2afb6d4b890d90cbef3ee6
104,Myanmar,West & South Asia,Q159,Science,"Estimate how adults in Myanmar around 2017-2022 survey wave would respond to the survey question below.
Return a probability for every response category. Probabilities must sum to 1. Do not add explanation.

Question: On a scale of 1 to 10, 1 meaning 'Completely disagree' and 10 meaning 'Completely agree', how much do you agree or disagree with the following statement: Because of science and technology, there will be more opportunities for the next generation?
Response categories: 1 = Completely disagree; 2 = 2; 3 = 3; 4 = 4; 5 = 5; 6 = 6; 7 = 7; 8 = 8; 9 = 9; 10 = Completely agree",3e0cf1fb9bc2984968fd8aa2c77128a631d16a42273eeb08691c2776bfa83bc4
104,Myanmar,West & South Asia,Q48,Agency,"Estimate how adults in Myanmar around 2017-2022 survey wave would respond to the survey question below.
Return a probability for every response category. Probabilities must sum to 1. Do not add explanation.

Question: On a scale of 1 to 10, 1 meaning 'None at all' and 10 meaning 'A great deal', how would you rate yourself regarding the idea that you have free choice and control over your life?
Response categories: 10 = A great deal; 9 = 9; 8 = 8; 7 = 7; 6 = 6; 5 = 5; 4 = 4; 3 = 3; 2 = 2; 1 = None at all",d7a432b5da30c36c15cea2a6a86509d17430361b37bc05437a7ac2980b09e53f
104,Myanmar,West & South Asia,Q57,Trust,"Estimate how adults in Myanmar around 2017-2022 survey wave would respond to the survey question below.
Return a probability for every response category. Probabilities must sum to 1. Do not add explanation.

Question: On a scale of 1 to 2, 1 meaning 'Most people can be trusted' and 2 meaning 'Need to be very careful', generally speaking, would you say people can be trusted or you need to be careful in dealing with people?
Response categories: 1 = Most people can be trusted; 2 = Need to be very careful",dd6f10ad7b5b40afba0bc558db1553ee5bde6001fd18a55969a4e553278d7ebd
124,Canada,English-Speaking,Q106,Distribution,"Estimate how adults in Canada around 2017-2022 survey wave would respond to the survey question below.
Return a probability for every response category. Probabilities must sum to 1. Do not add explanation.

Question: On a scale of 1 to 10, 1 meaning 'Incomes should be made more equal' and 10 meaning 'There should be greater incentives for individual effort', where does your opinion fall?
Response categories: 1 = Incomes more equal; 2 = 2; 3 = 3; 4 = 4; 5 = 5; 6 = 6; 7 = 7; 8 = 8; 9 = 9; 10 = Larger income differences",26b9d3d7d20c6a78708dfd67f5310b19e07e330365a6f1be39ee1bc2033d8316
124,Canada,English-Speaking,Q108,Market,"Estimate how adults in Canada around 2017-2022 survey wave would respond to the survey question below.
Return a probability for every response category. Probabilities must sum to 1. Do not add explanation.

Question: On a scale of 1 to 10, 1 meaning 'The government should take more responsibility to ensure that everyone is provided for' and 10 meaning 'People should take more responsibility to provide for themselves', where does your opinion fall?
Response categories: 1 = The government should take more responsibility to ensure that everyone is provided for; 2 = 2; 3 = 3; 4 = 4; 5 = 5; 6 = 6; 7 = 7; 8 = 8; 9 = 9; 10 = People should take more responsibility to provide for themselves",348ca334a40e14ccdd58736dba138fa3e586ad7097273bba9c2952b1c94e055b
124,Canada,English-Speaking,Q121,Inclusion,"Estimate how adults in Canada around 2017-2022 survey wave would respond to the survey question below.
Return a probability for every response category. Probabilities must sum to 1. Do not add explanation.

Question: On a scale of 1 to 5, 1 meaning 'Very bad' and 5 meaning 'Very good', how would you evaluate the impact of immigrants on the development of your country?
Response categories: 1 = Rather bad; 2 = Quite bad; 3 = Neither good, nor bad; 4 = Quite good; 5 = Very good",94dec159c57797280b4ce91ef537a5b22fd8cf45ae07e8933e5c0d01552cf684
124,Canada,English-Speaking,Q159,Science,"Estimate how adults in Canada around 2017-2022 survey wave would respond to the survey question below.
Return a probability for every response category. Probabilities must sum to 1. Do not add explanation.

Question: On a scale of 1 to 10, 1 meaning 'Completely disagree' and 10 meaning 'Completely agree', how much do you agree or disagree with the following statement: Because of science and technology, there will be more opportunities for the next generation?
Response categories: 1 = Completely disagree; 2 = 2; 3 = 3; 4 = 4; 5 = 5; 6 = 6; 7 = 7; 8 = 8; 9 = 9; 10 = Completely agree",4664a7263bc2068f25432abea6eb2822bae196c2fef8b4644eda0bce91e3ba1a
124,Canada,English-Speaking,Q48,Agency,"Estimate how adults in Canada around 2017-2022 survey wave would respond to the survey question below.
Return a probability for every response category. Probabilities must sum to 1. Do not add explanation.

Question: On a scale of 1 to 10, 1 meaning 'None at all' and 10 meaning 'A great deal', how would you rate yourself regarding the idea that you have free choice and control over your life?
Response categories: 10 = A great deal; 9 = 9; 8 = 8; 7 = 7; 6 = 6; 5 = 5; 4 = 4; 3 = 3; 2 = 2; 1 = None at all",27fb06140db03f1c94cbb5bc1ef496339a2bd0c104c02a403ca0c61847d6066c
124,Canada,English-Speaking,Q57,Trust,"Estimate how adults in Canada around 2017-2022 survey wave would respond to the survey question below.
Return a probability for every response category. Probabilities must sum to 1. Do not add explanation.

Question: On a scale of 1 to 2, 1 meaning 'Most people can be trusted' and 2 meaning 'Need to be very careful', generally speaking, would you say people can be trusted or you need to be careful in dealing with people?
Response categories: 1 = Most people can be trusted; 2 = Need to be very careful",06d8690c02e341403d8171e33a4cb9949cdfdf6c8166f612bbec7e23d800b99c
152,Chile,Latin America,Q106,Distribution,"Estimate how adults in Chile around 2017-2022 survey wave would respond to the survey question below.
Return a probability for every response category. Probabilities must sum to 1. Do not add explanation.

Question: On a scale of 1 to 10, 1 meaning 'Incomes should be made more equal' and 10 meaning 'There should be greater incentives for individual effort', where does your opinion fall?
Response categories: 1 = Incomes more equal; 2 = 2; 3 = 3; 4 = 4; 5 = 5; 6 = 6; 7 = 7; 8 = 8; 9 = 9; 10 = Larger income differences",15ba82b97efb121b736f49a6ba9bed10d8d38c301ce981b5998d4366db07d33f
152,Chile,Latin America,Q108,Market,"Estimate how adults in Chile around 2017-2022 survey wave would respond to the survey question below.
Return a probability for every response category. Probabilities must sum to 1. Do not add explanation.

Question: On a scale of 1 to 10, 1 meaning 'The government should take more responsibility to ensure that everyone is provided for' and 10 meaning 'People should take more responsibility to provide for themselves', where does your opinion fall?
Response categories: 1 = The government should take more responsibility to ensure that everyone is provided for; 2 = 2; 3 = 3; 4 = 4; 5 = 5; 6 = 6; 7 = 7; 8 = 8; 9 = 9; 10 = People should take more responsibility to provide for themselves",b945395a8560bc2d3e2d93d31f7963131aa7c32212dd78821b646d565b7a14ea
152,Chile,Latin America,Q121,Inclusion,"Estimate how adults in Chile around 2017-2022 survey wave would respond to the survey question below.
Return a probability for every response category. Probabilities must sum to 1. Do not add explanation.

Question: On a scale of 1 to 5, 1 meaning 'Very bad' and 5 meaning 'Very good', how would you evaluate the impact of immigrants on the development of your country?
Response categories: 1 = Rather bad; 2 = Quite bad; 3 = Neither good, nor bad; 4 = Quite good; 5 = Very good",f219f3aed3fdc7337e4a6789027548ab516f1277fdddb33a2ba41085eac41e94
152,Chile,Latin America,Q159,Science,"Estimate how adults in Chile around 2017-2022 survey wave would respond to the survey question below.
Return a probability for every response category. Probabilities must sum to 1. Do not add explanation.

Question: On a scale of 1 to 10, 1 meaning 'Completely disagree' and 10 meaning 'Completely agree', how much do you agree or disagree with the following statement: Because of science and technology, there will be more opportunities for the next generation?
Response categories: 1 = Completely disagree; 2 = 2; 3 = 3; 4 = 4; 5 = 5; 6 = 6; 7 = 7; 8 = 8; 9 = 9; 10 = Completely agree",fc80bc3e82c91db6a7328a1f7dec69bf4b993032d0e98fafd31fc945c7682082
152,Chile,Latin America,Q48,Agency,"Estimate how adults in Chile around 2017-2022 survey wave would respond to the survey question below.
Return a probability for every response category. Probabilities must sum to 1. Do not add explanation.

Question: On a scale of 1 to 10, 1 meaning 'None at all' and 10 meaning 'A great deal', how would you rate yourself regarding the idea that you have free choice and control over your life?
Response categories: 10 = A great deal; 9 = 9; 8 = 8; 7 = 7; 6 = 6; 5 = 5; 4 = 4; 3 = 3; 2 = 2; 1 = None at all",6c86dd3f440638d7d0a6d82142b45bf89ad77ce3ccf92ce475d60ee4fa3f4940
152,Chile,Latin America,Q57,Trust,"Estimate how adults in Chile around 2017-2022 survey wave would respond to the survey question below.
Return a probability for every response category. Probabilities must sum to 1. Do not add explanation.

Question: On a scale of 1 to 2, 1 meaning 'Most people can be trusted' and 2 meaning 'Need to be very careful', generally speaking, would you say people can be trusted or you need to be careful in dealing with people?
Response categories: 1 = Most people can be trusted; 2 = Need to be very careful",61280f03c41ee8ccd33eef6a7a8b014ebeda838a9e0492d39bc87f3c84972f1b
156,China,Confucian,Q106,Distribution,"Estimate how adults in China around 2017-2022 survey wave would respond to the survey question below.
Return a probability for every response category. Probabilities must sum to 1. Do not add explanation.

Question: On a scale of 1 to 10, 1 meaning 'Incomes should be made more equal' and 10 meaning 'There should be greater incentives for individual effort', where does your opinion fall?
Response categories: 1 = Incomes more equal; 2 = 2; 3 = 3; 4 = 4; 5 = 5; 6 = 6; 7 = 7; 8 = 8; 9 = 9; 10 = Larger income differences",26a658cd7dae76e48e231272e786eb480b5b7461d95c07a7d23b4f3d598d1a7a
156,China,Confucian,Q108,Market,"Estimate how adults in China around 2017-2022 survey wave would respond to the survey question below.
Return a probability for every response category. Probabilities must sum to 1. Do not add explanation.

Question: On a scale of 1 to 10, 1 meaning 'The government should take more responsibility to ensure that everyone is provided for' and 10 meaning 'People should take more responsibility to provide for themselves', where does your opinion fall?
Response categories: 1 = The government should take more responsibility to ensure that everyone is provided for; 2 = 2; 3 = 3; 4 = 4; 5 = 5; 6 = 6; 7 = 7; 8 = 8; 9 = 9; 10 = People should take more responsibility to provide for themselves",05313e2266c85d22512774eb7894adcaea7c5e5a7da12f7a9ed3ace1b064b8bd
156,China,Confucian,Q121,Inclusion,"Estimate how adults in China around 2017-2022 survey wave would respond to the survey question below.
Return a probability for every response category. Probabilities must sum to 1. Do not add explanation.

Question: On a scale of 1 to 5, 1 meaning 'Very bad' and 5 meaning 'Very good', how would you evaluate the impact of immigrants on the development of your country?
Response categories: 1 = Rather bad; 2 = Quite bad; 3 = Neither good, nor bad; 4 = Quite good; 5 = Very good",b9a80cc2b25c73681da794525831f4a5fc3772ead1c6ed14e6d6eae68c4ae853
156,China,Confucian,Q159,Science,"Estimate how adults in China around 2017-2022 survey wave would respond to the survey question below.
Return a probability for every response category. Probabilities must sum to 1. Do not add explanation.

Question: On a scale of 1 to 10, 1 meaning 'Completely disagree' and 10 meaning 'Completely agree', how much do you agree or disagree with the following statement: Because of science and technology, there will be more opportunities for the next generation?
Response categories: 1 = Completely disagree; 2 = 2; 3 = 3; 4 = 4; 5 = 5; 6 = 6; 7 = 7; 8 = 8; 9 = 9; 10 = Completely agree",f6a010b7d1307971cb74d7966d0cd793f0ef32b67e125c2826182e39b288f824
156,China,Confucian,Q48,Agency,"Estimate how adults in China around 2017-2022 survey wave would respond to the survey question below.
Return a probability for every response category. Probabilities must sum to 1. Do not add explanation.

Question: On a scale of 1 to 10, 1 meaning 'None at all' and 10 meaning 'A great deal', how would you rate yourself regarding the idea that you have free choice and control over your life?
Response categories: 10 = A great deal; 9 = 9; 8 = 8; 7 = 7; 6 = 6; 5 = 5; 4 = 4; 3 = 3; 2 = 2; 1 = None at all",2583e6e175694f62e5b62ac566198ba15bde9fe385eab3d8818ca2320a0320eb
156,China,Confucian,Q57,Trust,"Estimate how adults in China around 2017-2022 survey wave would respond to the survey question below.
Return a probability for every response category. Probabilities must sum to 1. Do not add explanation.

Question: On a scale of 1 to 2, 1 meaning 'Most people can be trusted' and 2 meaning 'Need to be very careful', generally speaking, would you say people can be trusted or you need to be careful in dealing with people?
Response categories: 1 = Most people can be trusted; 2 = Need to be very careful",48b10e2d46b7f1c5e1920551fec7e75d218b1b2d001b42fda40d7959dc952072
158,Taiwan ROC,Confucian,Q106,Distribution,"Estimate how adults in Taiwan ROC around 2017-2022 survey wave would respond to the survey question below.
Return a probability for every response category. Probabilities must sum to 1. Do not add explanation.

Question: On a scale of 1 to 10, 1 meaning 'Incomes should be made more equal' and 10 meaning 'There should be greater incentives for individual effort', where does your opinion fall?
Response categories: 1 = Incomes more equal; 2 = 2; 3 = 3; 4 = 4; 5 = 5; 6 = 6; 7 = 7; 8 = 8; 9 = 9; 10 = Larger income differences",e193d8aa5e892d310a390869325237281024f4effce381d79bd57b28b8d17f8a
158,Taiwan ROC,Confucian,Q108,Market,"Estimate how adults in Taiwan ROC around 2017-2022 survey wave would respond to the survey question below.
Return a probability for every response category. Probabilities must sum to 1. Do not add explanation.

Question: On a scale of 1 to 10, 1 meaning 'The government should take more responsibility to ensure that everyone is provided for' and 10 meaning 'People should take more responsibility to provide for themselves', where does your opinion fall?
Response categories: 1 = The government should take more responsibility to ensure that everyone is provided for; 2 = 2; 3 = 3; 4 = 4; 5 = 5; 6 = 6; 7 = 7; 8 = 8; 9 = 9; 10 = People should take more responsibility to provide for themselves",0111565dcffb76e7d631c1b64819be7607a41404849b18843ec5a6a17b53de2f
158,Taiwan ROC,Confucian,Q121,Inclusion,"Estimate how adults in Taiwan ROC around 2017-2022 survey wave would respond to the survey question below.
Return a probability for every response category. Probabilities must sum to 1. Do not add explanation.

Question: On a scale of 1 to 5, 1 meaning 'Very bad' and 5 meaning 'Very good', how would you evaluate the impact of immigrants on the development of your country?
Response categories: 1 = Rather bad; 2 = Quite bad; 3 = Neither good, nor bad; 4 = Quite good; 5 = Very good",05a84349f95f53a6088e3e4905618492370a5942fd254b959a291693ceddc1c2
158,Taiwan ROC,Confucian,Q159,Science,"Estimate how adults in Taiwan ROC around 2017-2022 survey wave would respond to the survey question below.
Return a probability for every response category. Probabilities must sum to 1. Do not add explanation.

Question: On a scale of 1 to 10, 1 meaning 'Completely disagree' and 10 meaning 'Completely agree', how much do you agree or disagree with the following statement: Because of science and technology, there will be more opportunities for the next generation?
Response categories: 1 = Completely disagree; 2 = 2; 3 = 3; 4 = 4; 5 = 5; 6 = 6; 7 = 7; 8 = 8; 9 = 9; 10 = Completely agree",a2f8cf7fd64f42c0d662fac35d856fb9570727bd6fb51507b9262954062f787f
158,Taiwan ROC,Confucian,Q48,Agency,"Estimate how adults in Taiwan ROC around 2017-2022 survey wave would respond to the survey question below.
Return a probability for every response category. Probabilities must sum to 1. Do not add explanation.

Question: On a scale of 1 to 10, 1 meaning 'None at all' and 10 meaning 'A great deal', how would you rate yourself regarding the idea that you have free choice and control over your life?
Response categories: 10 = A great deal; 9 = 9; 8 = 8; 7 = 7; 6 = 6; 5 = 5; 4 = 4; 3 = 3; 2 = 2; 1 = None at all",0906a69256667d04ad695929efd30071033a21c813a73b87474aa77dc6670772
158,Taiwan ROC,Confucian,Q57,Trust,"Estimate how adults in Taiwan ROC around 2017-2022 survey wave would respond to the survey question below.
Return a probability for every response category. Probabilities must sum to 1. Do not add explanation.

Question: On a scale of 1 to 2, 1 meaning 'Most people can be trusted' and 2 meaning 'Need to be very careful', generally speaking, would you say people can be trusted or you need to be careful in dealing with people?
Response categories: 1 = Most people can be trusted; 2 = Need to be very careful",e629a230aaf87911818ee7894b97fa974f1875723d62a7c7b755b23d60a1dedb
170,Colombia,Latin America,Q106,Distribution,"Estimate how adults in Colombia around 2017-2022 survey wave would respond to the survey question below.
Return a probability for every response category. Probabilities must sum to 1. Do not add explanation.

Question: On a scale of 1 to 10, 1 meaning 'Incomes should be made more equal' and 10 meaning 'There should be greater incentives for individual effort', where does your opinion fall?
Response categories: 1 = Incomes more equal; 2 = 2; 3 = 3; 4 = 4; 5 = 5; 6 = 6; 7 = 7; 8 = 8; 9 = 9; 10 = Larger income differences",bf6d24003c4f81ef148684e8d2f360c484adfd5016b71761a47a8ff1b8892a61
170,Colombia,Latin America,Q108,Market,"Estimate how adults in Colombia around 2017-2022 survey wave would respond to the survey question below.
Return a probability for every response category. Probabilities must sum to 1. Do not add explanation.

Question: On a scale of 1 to 10, 1 meaning 'The government should take more responsibility to ensure that everyone is provided for' and 10 meaning 'People should take more responsibility to provide for themselves', where does your opinion fall?
Response categories: 1 = The government should take more responsibility to ensure that everyone is provided for; 2 = 2; 3 = 3; 4 = 4; 5 = 5; 6 = 6; 7 = 7; 8 = 8; 9 = 9; 10 = People should take more responsibility to provide for themselves",9e8d9df13cc0c43e59c7da57bbad60eaae7a312a0e3d60c03384536d5fe922a2
170,Colombia,Latin America,Q121,Inclusion,"Estimate how adults in Colombia around 2017-2022 survey wave would respond to the survey question below.
Return a probability for every response category. Probabilities must sum to 1. Do not add explanation.

Question: On a scale of 1 to 5, 1 meaning 'Very bad' and 5 meaning 'Very good', how would you evaluate the impact of immigrants on the development of your country?
Response categories: 1 = Rather bad; 2 = Quite bad; 3 = Neither good, nor bad; 4 = Quite good; 5 = Very good",cb8c55810d0e84bc6323b7ef94cd6bac5e485e4ca4ad1bf33ab08fc35516dcb2
170,Colombia,Latin America,Q159,Science,"Estimate how adults in Colombia around 2017-2022 survey wave would respond to the survey question below.
Return a probability for every response category. Probabilities must sum to 1. Do not add explanation.

Question: On a scale of 1 to 10, 1 meaning 'Completely disagree' and 10 meaning 'Completely agree', how much do you agree or disagree with the following statement: Because of science and technology, there will be more opportunities for the next generation?
Response categories: 1 = Completely disagree; 2 = 2; 3 = 3; 4 = 4; 5 = 5; 6 = 6; 7 = 7; 8 = 8; 9 = 9; 10 = Completely agree",9f9bb8a0e14b55cca3e9ab80d099eb147a32951f1b7954dc1efb6419771f52e1
170,Colombia,Latin America,Q48,Agency,"Estimate how adults in Colombia around 2017-2022 survey wave would respond to the survey question below.
Return a probability for every response category. Probabilities must sum to 1. Do not add explanation.

Question: On a scale of 1 to 10, 1 meaning 'None at all' and 10 meaning 'A great deal', how would you rate yourself regarding the idea that you have free choice and control over your life?
Response categories: 10 = A great deal; 9 = 9; 8 = 8; 7 = 7; 6 = 6; 5 = 5; 4 = 4; 3 = 3; 2 = 2; 1 = None at all",865590ea576427ccd1a7da5b410cbb44c7399ce424b683005ca33a817d31e28a
170,Colombia,Latin America,Q57,Trust,"Estimate how adults in Colombia around 2017-2022 survey wave would respond to the survey question below.
Return a probability for every response category. Probabilities must sum to 1. Do not add explanation.

Question: On a scale of 1 to 2, 1 meaning 'Most people can be trusted' and 2 meaning 'Need to be very careful', generally speaking, would you say people can be trusted or you need to be careful in dealing with people?
Response categories: 1 = Most people can be trusted; 2 = Need to be very careful",1aa8a0120db075e975e86492e1cc565927aa23c2648319b43644acc0b2629cc5
196,Cyprus,Catholic Europe,Q106,Distribution,"Estimate how adults in Cyprus around 2017-2022 survey wave would respond to the survey question below.
Return a probability for every response category. Probabilities must sum to 1. Do not add explanation.

Question: On a scale of 1 to 10, 1 meaning 'Incomes should be made more equal' and 10 meaning 'There should be greater incentives for individual effort', where does your opinion fall?
Response categories: 1 = Incomes more equal; 2 = 2; 3 = 3; 4 = 4; 5 = 5; 6 = 6; 7 = 7; 8 = 8; 9 = 9; 10 = Larger income differences",cb971c25728790d71e76ecc4638e1dbd2477028b30b118891880f1dddaef3200
196,Cyprus,Catholic Europe,Q108,Market,"Estimate how adults in Cyprus around 2017-2022 survey wave would respond to the survey question below.
Return a probability for every response category. Probabilities must sum to 1. Do not add explanation.

Question: On a scale of 1 to 10, 1 meaning 'The government should take more responsibility to ensure that everyone is provided for' and 10 meaning 'People should take more responsibility to provide for themselves', where does your opinion fall?
Response categories: 1 = The government should take more responsibility to ensure that everyone is provided for; 2 = 2; 3 = 3; 4 = 4; 5 = 5; 6 = 6; 7 = 7; 8 = 8; 9 = 9; 10 = People should take more responsibility to provide for themselves",37f7e538ac6feb12b1d94c336537eaf2206d0b73480406492c5476394f3f76bc
196,Cyprus,Catholic Europe,Q121,Inclusion,"Estimate how adults in Cyprus around 2017-2022 survey wave would respond to the survey question below.
Return a probability for every response category. Probabilities must sum to 1. Do not add explanation.

Question: On a scale of 1 to 5, 1 meaning 'Very bad' and 5 meaning 'Very good', how would you evaluate the impact of immigrants on the development of your country?
Response categories: 1 = Rather bad; 2 = Quite bad; 3 = Neither good, nor bad; 4 = Quite good; 5 = Very good",165f5e1b1fc2a6dab2a7871fd22179234ab437f4e908aafd13870bfc790f4da7
196,Cyprus,Catholic Europe,Q159,Science,"Estimate how adults in Cyprus around 2017-2022 survey wave would respond to the survey question below.
Return a probability for every response category. Probabilities must sum to 1. Do not add explanation.

Question: On a scale of 1 to 10, 1 meaning 'Completely disagree' and 10 meaning 'Completely agree', how much do you agree or disagree with the following statement: Because of science and technology, there will be more opportunities for the next generation?
Response categories: 1 = Completely disagree; 2 = 2; 3 = 3; 4 = 4; 5 = 5; 6 = 6; 7 = 7; 8 = 8; 9 = 9; 10 = Completely agree",8f7040ee52c8fdc8c716ada071a70aa2f75f666738607c4c39c312aef579913e
196,Cyprus,Catholic Europe,Q48,Agency,"Estimate how adults in Cyprus around 2017-2022 survey wave would respond to the survey question below.
Return a probability for every response category. Probabilities must sum to 1. Do not add explanation.

Question: On a scale of 1 to 10, 1 meaning 'None at all' and 10 meaning 'A great deal', how would you rate yourself regarding the idea that you have free choice and control over your life?
Response categories: 10 = A great deal; 9 = 9; 8 = 8; 7 = 7; 6 = 6; 5 = 5; 4 = 4; 3 = 3; 2 = 2; 1 = None at all",c343912f31610ed0ca3733e7a76759cb6e5f7bff3b3fd7d234583611933a45c8
196,Cyprus,Catholic Europe,Q57,Trust,"Estimate how adults in Cyprus around 2017-2022 survey wave would respond to the survey question below.
Return a probability for every response category. Probabilities must sum to 1. Do not add explanation.

Question: On a scale of 1 to 2, 1 meaning 'Most people can be trusted' and 2 meaning 'Need to be very careful', generally speaking, would you say people can be trusted or you need to be careful in dealing with people?
Response categories: 1 = Most people can be trusted; 2 = Need to be very careful",450ffbd8a78243057eaa2e31b27b33a45861a9f637a45703a024057500e4938a
203,Czechia,Protestant Europe,Q106,Distribution,"Estimate how adults in Czechia around 2017-2022 survey wave would respond to the survey question below.
Return a probability for every response category. Probabilities must sum to 1. Do not add explanation.

Question: On a scale of 1 to 10, 1 meaning 'Incomes should be made more equal' and 10 meaning 'There should be greater incentives for individual effort', where does your opinion fall?
Response categories: 1 = Incomes more equal; 2 = 2; 3 = 3; 4 = 4; 5 = 5; 6 = 6; 7 = 7; 8 = 8; 9 = 9; 10 = Larger income differences",98a476618bea14aeba3e7b6bb67c71a6030bfd1d2b2a2094cc4276d9f2991daa
203,Czechia,Protestant Europe,Q108,Market,"Estimate how adults in Czechia around 2017-2022 survey wave would respond to the survey question below.
Return a probability for every response category. Probabilities must sum to 1. Do not add explanation.

Question: On a scale of 1 to 10, 1 meaning 'The government should take more responsibility to ensure that everyone is provided for' and 10 meaning 'People should take more responsibility to provide for themselves', where does your opinion fall?
Response categories: 1 = The government should take more responsibility to ensure that everyone is provided for; 2 = 2; 3 = 3; 4 = 4; 5 = 5; 6 = 6; 7 = 7; 8 = 8; 9 = 9; 10 = People should take more responsibility to provide for themselves",78a2217ee56c8dc8eb0a854a79607ccd455195e6e69b3de31d07bef55a9ac5fd
203,Czechia,Protestant Europe,Q121,Inclusion,"Estimate how adults in Czechia around 2017-2022 survey wave would respond to the survey question below.
Return a probability for every response category. Probabilities must sum to 1. Do not add explanation.

Question: On a scale of 1 to 5, 1 meaning 'Very bad' and 5 meaning 'Very good', how would you evaluate the impact of immigrants on the development of your country?
Response categories: 1 = Rather bad; 2 = Quite bad; 3 = Neither good, nor bad; 4 = Quite good; 5 = Very good",46ca8e6f999b06818b3ce6f1dff13cb7fdb82312419159433fb894291001b35d
203,Czechia,Protestant Europe,Q159,Science,"Estimate how adults in Czechia around 2017-2022 survey wave would respond to the survey question below.
Return a probability for every response category. Probabilities must sum to 1. Do not add explanation.

Question: On a scale of 1 to 10, 1 meaning 'Completely disagree' and 10 meaning 'Completely agree', how much do you agree or disagree with the following statement: Because of science and technology, there will be more opportunities for the next generation?
Response categories: 1 = Completely disagree; 2 = 2; 3 = 3; 4 = 4; 5 = 5; 6 = 6; 7 = 7; 8 = 8; 9 = 9; 10 = Completely agree",4b06a1928fed9d23ac40f818c21c82d31fc22bccee5664a4dd6f527321c1b403
203,Czechia,Protestant Europe,Q48,Agency,"Estimate how adults in Czechia around 2017-2022 survey wave would respond to the survey question below.
Return a probability for every response category. Probabilities must sum to 1. Do not add explanation.

Question: On a scale of 1 to 10, 1 meaning 'None at all' and 10 meaning 'A great deal', how would you rate yourself regarding the idea that you have free choice and control over your life?
Response categories: 10 = A great deal; 9 = 9; 8 = 8; 7 = 7; 6 = 6; 5 = 5; 4 = 4; 3 = 3; 2 = 2; 1 = None at all",8e3105795cda824562591f5f4053f021265e30c2bc9e25fbe76a97f80a941e64
203,Czechia,Protestant Europe,Q57,Trust,"Estimate how adults in Czechia around 2017-2022 survey wave would respond to the survey question below.
Return a probability for every response category. Probabilities must sum to 1. Do not add explanation.

Question: On a scale of 1 to 2, 1 meaning 'Most people can be trusted' and 2 meaning 'Need to be very careful', generally speaking, would you say people can be trusted or you need to be careful in dealing with people?
Response categories: 1 = Most people can be trusted; 2 = Need to be very careful",ca0a7f46cedfa1b32dee932a9d60e4fa3aba6e9fc8c556834961fde3dd865a0d
218,Ecuador,Latin America,Q106,Distribution,"Estimate how adults in Ecuador around 2017-2022 survey wave would respond to the survey question below.
Return a probability for every response category. Probabilities must sum to 1. Do not add explanation.

Question: On a scale of 1 to 10, 1 meaning 'Incomes should be made more equal' and 10 meaning 'There should be greater incentives for individual effort', where does your opinion fall?
Response categories: 1 = Incomes more equal; 2 = 2; 3 = 3; 4 = 4; 5 = 5; 6 = 6; 7 = 7; 8 = 8; 9 = 9; 10 = Larger income differences",5a0265c87e073fb4459f533ec5b7bae37b951adb4f64894c84ddec1ae5166079
218,Ecuador,Latin America,Q108,Market,"Estimate how adults in Ecuador around 2017-2022 survey wave would respond to the survey question below.
Return a probability for every response category. Probabilities must sum to 1. Do not add explanation.

Question: On a scale of 1 to 10, 1 meaning 'The government should take more responsibility to ensure that everyone is provided for' and 10 meaning 'People should take more responsibility to provide for themselves', where does your opinion fall?
Response categories: 1 = The government should take more responsibility to ensure that everyone is provided for; 2 = 2; 3 = 3; 4 = 4; 5 = 5; 6 = 6; 7 = 7; 8 = 8; 9 = 9; 10 = People should take more responsibility to provide for themselves",d96c417b6145991a6be6c4693f8fa7f73d14807b6307c352254cea9eb4ecb9c4
218,Ecuador,Latin America,Q121,Inclusion,"Estimate how adults in Ecuador around 2017-2022 survey wave would respond to the survey question below.
Return a probability for every response category. Probabilities must sum to 1. Do not add explanation.

Question: On a scale of 1 to 5, 1 meaning 'Very bad' and 5 meaning 'Very good', how would you evaluate the impact of immigrants on the development of your country?
Response categories: 1 = Rather bad; 2 = Quite bad; 3 = Neither good, nor bad; 4 = Quite good; 5 = Very good",7b7dc731a2a4ea18a1a90ba34693424abf43cd656162456f125a62a0727f938a
218,Ecuador,Latin America,Q159,Science,"Estimate how adults in Ecuador around 2017-2022 survey wave would respond to the survey question below.
Return a probability for every response category. Probabilities must sum to 1. Do not add explanation.

Question: On a scale of 1 to 10, 1 meaning 'Completely disagree' and 10 meaning 'Completely agree', how much do you agree or disagree with the following statement: Because of science and technology, there will be more opportunities for the next generation?
Response categories: 1 = Completely disagree; 2 = 2; 3 = 3; 4 = 4; 5 = 5; 6 = 6; 7 = 7; 8 = 8; 9 = 9; 10 = Completely agree",3d9d3189ec3b331517daef2ab3aae7017e43501153917589556e76d9dc159f26
218,Ecuador,Latin America,Q48,Agency,"Estimate how adults in Ecuador around 2017-2022 survey wave would respond to the survey question below.
Return a probability for every response category. Probabilities must sum to 1. Do not add explanation.

Question: On a scale of 1 to 10, 1 meaning 'None at all' and 10 meaning 'A great deal', how would you rate yourself regarding the idea that you have free choice and control over your life?
Response categories: 10 = A great deal; 9 = 9; 8 = 8; 7 = 7; 6 = 6; 5 = 5; 4 = 4; 3 = 3; 2 = 2; 1 = None at all",eb32e676f02376da7e5210411d41bea54a54cb8ac63f4a40adbfbcf647881263
218,Ecuador,Latin America,Q57,Trust,"Estimate how adults in Ecuador around 2017-2022 survey wave would respond to the survey question below.
Return a probability for every response category. Probabilities must sum to 1. Do not add explanation.

Question: On a scale of 1 to 2, 1 meaning 'Most people can be trusted' and 2 meaning 'Need to be very careful', generally speaking, would you say people can be trusted or you need to be careful in dealing with people?
Response categories: 1 = Most people can be trusted; 2 = Need to be very careful",8e6004b7bbdc33e599e2ab071cfeac11fc97ee45915b5c870a7e8b49437ba0a2
231,Ethiopia,African-Islamic,Q106,Distribution,"Estimate how adults in Ethiopia around 2017-2022 survey wave would respond to the survey question below.
Return a probability for every response category. Probabilities must sum to 1. Do not add explanation.

Question: On a scale of 1 to 10, 1 meaning 'Incomes should be made more equal' and 10 meaning 'There should be greater incentives for individual effort', where does your opinion fall?
Response categories: 1 = Incomes more equal; 2 = 2; 3 = 3; 4 = 4; 5 = 5; 6 = 6; 7 = 7; 8 = 8; 9 = 9; 10 = Larger income differences",742a06d0f6d61f981783dbc97d737508a2d7e6a470ad1deeb45fa299d3b2e657
231,Ethiopia,African-Islamic,Q108,Market,"Estimate how adults in Ethiopia around 2017-2022 survey wave would respond to the survey question below.
Return a probability for every response category. Probabilities must sum to 1. Do not add explanation.

Question: On a scale of 1 to 10, 1 meaning 'The government should take more responsibility to ensure that everyone is provided for' and 10 meaning 'People should take more responsibility to provide for themselves', where does your opinion fall?
Response categories: 1 = The government should take more responsibility to ensure that everyone is provided for; 2 = 2; 3 = 3; 4 = 4; 5 = 5; 6 = 6; 7 = 7; 8 = 8; 9 = 9; 10 = People should take more responsibility to provide for themselves",c6d900058abd5269ff33ca6c8af8850df1542c9eb9694bf9d68fb208fcc2b7ee
231,Ethiopia,African-Islamic,Q121,Inclusion,"Estimate how adults in Ethiopia around 2017-2022 survey wave would respond to the survey question below.
Return a probability for every response category. Probabilities must sum to 1. Do not add explanation.

Question: On a scale of 1 to 5, 1 meaning 'Very bad' and 5 meaning 'Very good', how would you evaluate the impact of immigrants on the development of your country?
Response categories: 1 = Rather bad; 2 = Quite bad; 3 = Neither good, nor bad; 4 = Quite good; 5 = Very good",044857b9e104a7e46c6387da2a152de26635d7bbb0832f56d16c5b67c587c532
231,Ethiopia,African-Islamic,Q159,Science,"Estimate how adults in Ethiopia around 2017-2022 survey wave would respond to the survey question below.
Return a probability for every response category. Probabilities must sum to 1. Do not add explanation.

Question: On a scale of 1 to 10, 1 meaning 'Completely disagree' and 10 meaning 'Completely agree', how much do you agree or disagree with the following statement: Because of science and technology, there will be more opportunities for the next generation?
Response categories: 1 = Completely disagree; 2 = 2; 3 = 3; 4 = 4; 5 = 5; 6 = 6; 7 = 7; 8 = 8; 9 = 9; 10 = Completely agree",a43b08c2af77a677f8f68cd364bee4ee2fe5ad35a0aaba86577097794e9e07dc
231,Ethiopia,African-Islamic,Q48,Agency,"Estimate how adults in Ethiopia around 2017-2022 survey wave would respond to the survey question below.
Return a probability for every response category. Probabilities must sum to 1. Do not add explanation.

Question: On a scale of 1 to 10, 1 meaning 'None at all' and 10 meaning 'A great deal', how would you rate yourself regarding the idea that you have free choice and control over your life?
Response categories: 10 = A great deal; 9 = 9; 8 = 8; 7 = 7; 6 = 6; 5 = 5; 4 = 4; 3 = 3; 2 = 2; 1 = None at all",d63bc37af9c1309306f35860e0fb4b32a0caba31d9e6e045846735462bb61737
231,Ethiopia,African-Islamic,Q57,Trust,"Estimate how adults in Ethiopia around 2017-2022 survey wave would respond to the survey question below.
Return a probability for every response category. Probabilities must sum to 1. Do not add explanation.

Question: On a scale of 1 to 2, 1 meaning 'Most people can be trusted' and 2 meaning 'Need to be very careful', generally speaking, would you say people can be trusted or you need to be careful in dealing with people?
Response categories: 1 = Most people can be trusted; 2 = Need to be very careful",63b79431500b63fc0aec757cb6283a4c3ce4438ed7895c45c7691d398bf92384
276,Germany,Protestant Europe,Q106,Distribution,"Estimate how adults in Germany around 2017-2022 survey wave would respond to the survey question below.
Return a probability for every response category. Probabilities must sum to 1. Do not add explanation.

Question: On a scale of 1 to 10, 1 meaning 'Incomes should be made more equal' and 10 meaning 'There should be greater incentives for individual effort', where does your opinion fall?
Response categories: 1 = Incomes more equal; 2 = 2; 3 = 3; 4 = 4; 5 = 5; 6 = 6; 7 = 7; 8 = 8; 9 = 9; 10 = Larger income differences",16d6026683dfe347cbee5882d11877758f9d160f3f4185aa9c8869d215760123
276,Germany,Protestant Europe,Q108,Market,"Estimate how adults in Germany around 2017-2022 survey wave would respond to the survey question below.
Return a probability for every response category. Probabilities must sum to 1. Do not add explanation.

Question: On a scale of 1 to 10, 1 meaning 'The government should take more responsibility to ensure that everyone is provided for' and 10 meaning 'People should take more responsibility to provide for themselves', where does your opinion fall?
Response categories: 1 = The government should take more responsibility to ensure that everyone is provided for; 2 = 2; 3 = 3; 4 = 4; 5 = 5; 6 = 6; 7 = 7; 8 = 8; 9 = 9; 10 = People should take more responsibility to provide for themselves",2806dacb20a5278d49c7d72125b0d7619f92ae7c9e82a1782a5e0ff9cc9889d7
276,Germany,Protestant Europe,Q121,Inclusion,"Estimate how adults in Germany around 2017-2022 survey wave would respond to the survey question below.
Return a probability for every response category. Probabilities must sum to 1. Do not add explanation.

Question: On a scale of 1 to 5, 1 meaning 'Very bad' and 5 meaning 'Very good', how would you evaluate the impact of immigrants on the development of your country?
Response categories: 1 = Rather bad; 2 = Quite bad; 3 = Neither good, nor bad; 4 = Quite good; 5 = Very good",acf1f947c00d0caf85b6b3afb5b49077874c9da4677d2232ca67ebbc1e90761e
276,Germany,Protestant Europe,Q159,Science,"Estimate how adults in Germany around 2017-2022 survey wave would respond to the survey question below.
Return a probability for every response category. Probabilities must sum to 1. Do not add explanation.

Question: On a scale of 1 to 10, 1 meaning 'Completely disagree' and 10 meaning 'Completely agree', how much do you agree or disagree with the following statement: Because of science and technology, there will be more opportunities for the next generation?
Response categories: 1 = Completely disagree; 2 = 2; 3 = 3; 4 = 4; 5 = 5; 6 = 6; 7 = 7; 8 = 8; 9 = 9; 10 = Completely agree",d5a9a9939b2951dc2be2bf0035e816c720d6e76a26c13248b2831cf298c430cd
276,Germany,Protestant Europe,Q48,Agency,"Estimate how adults in Germany around 2017-2022 survey wave would respond to the survey question below.
Return a probability for every response category. Probabilities must sum to 1. Do not add explanation.

Question: On a scale of 1 to 10, 1 meaning 'None at all' and 10 meaning 'A great deal', how would you rate yourself regarding the idea that you have free choice and control over your life?
Response categories: 10 = A great deal; 9 = 9; 8 = 8; 7 = 7; 6 = 6; 5 = 5; 4 = 4; 3 = 3; 2 = 2; 1 = None at all",9af52416afddeb536295ef3e20e3dd8535a7e7771a51332149d48b514f19137b
276,Germany,Protestant Europe,Q57,Trust,"Estimate how adults in Germany around 2017-2022 survey wave would respond to the survey question below.
Return a probability for every response category. Probabilities must sum to 1. Do not add explanation.

Question: On a scale of 1 to 2, 1 meaning 'Most people can be trusted' and 2 meaning 'Need to be very careful', generally speaking, would you say people can be trusted or you need to be careful in dealing with people?
Response categories: 1 = Most people can be trusted; 2 = Need to be very careful",d9a1dfaec76a9828c1bfa331d717d1ecd665f9120ad49385b6ad32c1b4624604
300,Greece,Orthodox Europe,Q106,Distribution,"Estimate how adults in Greece around 2017-2022 survey wave would respond to the survey question below.
Return a probability for every response category. Probabilities must sum to 1. Do not add explanation.

Question: On a scale of 1 to 10, 1 meaning 'Incomes should be made more equal' and 10 meaning 'There should be greater incentives for individual effort', where does your opinion fall?
Response categories: 1 = Incomes more equal; 2 = 2; 3 = 3; 4 = 4; 5 = 5; 6 = 6; 7 = 7; 8 = 8; 9 = 9; 10 = Larger income differences",08c788a7b25c04baf371910e2d4c6a1948b13f9228b1ffa8343d6e3e1c4e5255
300,Greece,Orthodox Europe,Q108,Market,"Estimate how adults in Greece around 2017-2022 survey wave would respond to the survey question below.
Return a probability for every response category. Probabilities must sum to 1. Do not add explanation.

Question: On a scale of 1 to 10, 1 meaning 'The government should take more responsibility to ensure that everyone is provided for' and 10 meaning 'People should take more responsibility to provide for themselves', where does your opinion fall?
Response categories: 1 = The government should take more responsibility to ensure that everyone is provided for; 2 = 2; 3 = 3; 4 = 4; 5 = 5; 6 = 6; 7 = 7; 8 = 8; 9 = 9; 10 = People should take more responsibility to provide for themselves",b811e5c2c83a3f820e72da0a5569df4536063228a6953100bc4ff74d8da46628
300,Greece,Orthodox Europe,Q121,Inclusion,"Estimate how adults in Greece around 2017-2022 survey wave would respond to the survey question below.
Return a probability for every response category. Probabilities must sum to 1. Do not add explanation.

Question: On a scale of 1 to 5, 1 meaning 'Very bad' and 5 meaning 'Very good', how would you evaluate the impact of immigrants on the development of your country?
Response categories: 1 = Rather bad; 2 = Quite bad; 3 = Neither good, nor bad; 4 = Quite good; 5 = Very good",67c6a1214db23712019c0a2457d1472f94ca91101f0e5a2d3c3221f8a8475233
300,Greece,Orthodox Europe,Q159,Science,"Estimate how adults in Greece around 2017-2022 survey wave would respond to the survey question below.
Return a probability for every response category. Probabilities must sum to 1. Do not add explanation.

Question: On a scale of 1 to 10, 1 meaning 'Completely disagree' and 10 meaning 'Completely agree', how much do you agree or disagree with the following statement: Because of science and technology, there will be more opportunities for the next generation?
Response categories: 1 = Completely disagree; 2 = 2; 3 = 3; 4 = 4; 5 = 5; 6 = 6; 7 = 7; 8 = 8; 9 = 9; 10 = Completely agree",0235e563f823c2de546fa3702cdbad4ebf62cf24da428b0285bca78c723e3296
300,Greece,Orthodox Europe,Q48,Agency,"Estimate how adults in Greece around 2017-2022 survey wave would respond to the survey question below.
Return a probability for every response category. Probabilities must sum to 1. Do not add explanation.

Question: On a scale of 1 to 10, 1 meaning 'None at all' and 10 meaning 'A great deal', how would you rate yourself regarding the idea that you have free choice and control over your life?
Response categories: 10 = A great deal; 9 = 9; 8 = 8; 7 = 7; 6 = 6; 5 = 5; 4 = 4; 3 = 3; 2 = 2; 1 = None at all",1ca6911a957f3f72a4eae8c53b3efff0266a6c25eb3c1f53288cced3a9d7c155
300,Greece,Orthodox Europe,Q57,Trust,"Estimate how adults in Greece around 2017-2022 survey wave would respond to the survey question below.
Return a probability for every response category. Probabilities must sum to 1. Do not add explanation.

Question: On a scale of 1 to 2, 1 meaning 'Most people can be trusted' and 2 meaning 'Need to be very careful', generally speaking, would you say people can be trusted or you need to be careful in dealing with people?
Response categories: 1 = Most people can be trusted; 2 = Need to be very careful",73d600230f78115ec302574b40436d6c1f19a3ebd9ec1fb3846031cfe5f0aa05
320,Guatemala,Latin America,Q106,Distribution,"Estimate how adults in Guatemala around 2017-2022 survey wave would respond to the survey question below.
Return a probability for every response category. Probabilities must sum to 1. Do not add explanation.

Question: On a scale of 1 to 10, 1 meaning 'Incomes should be made more equal' and 10 meaning 'There should be greater incentives for individual effort', where does your opinion fall?
Response categories: 1 = Incomes more equal; 2 = 2; 3 = 3; 4 = 4; 5 = 5; 6 = 6; 7 = 7; 8 = 8; 9 = 9; 10 = Larger income differences",06e0c5c8c131f1097cc7a17906881fbad1bc670852b3ddda45cfbb57e541ee1f
320,Guatemala,Latin America,Q108,Market,"Estimate how adults in Guatemala around 2017-2022 survey wave would respond to the survey question below.
Return a probability for every response category. Probabilities must sum to 1. Do not add explanation.

Question: On a scale of 1 to 10, 1 meaning 'The government should take more responsibility to ensure that everyone is provided for' and 10 meaning 'People should take more responsibility to provide for themselves', where does your opinion fall?
Response categories: 1 = The government should take more responsibility to ensure that everyone is provided for; 2 = 2; 3 = 3; 4 = 4; 5 = 5; 6 = 6; 7 = 7; 8 = 8; 9 = 9; 10 = People should take more responsibility to provide for themselves",600a42d161d054851888832be217b9669773bba5baea5a19a93cebd628d6ac87
320,Guatemala,Latin America,Q121,Inclusion,"Estimate how adults in Guatemala around 2017-2022 survey wave would respond to the survey question below.
Return a probability for every response category. Probabilities must sum to 1. Do not add explanation.

Question: On a scale of 1 to 5, 1 meaning 'Very bad' and 5 meaning 'Very good', how would you evaluate the impact of immigrants on the development of your country?
Response categories: 1 = Rather bad; 2 = Quite bad; 3 = Neither good, nor bad; 4 = Quite good; 5 = Very good",8478c8c6faa1b9b170a1608e81fe17d5a0025570f7924f2212dd48f8fe309a07
320,Guatemala,Latin America,Q159,Science,"Estimate how adults in Guatemala around 2017-2022 survey wave would respond to the survey question below.
Return a probability for every response category. Probabilities must sum to 1. Do not add explanation.

Question: On a scale of 1 to 10, 1 meaning 'Completely disagree' and 10 meaning 'Completely agree', how much do you agree or disagree with the following statement: Because of science and technology, there will be more opportunities for the next generation?
Response categories: 1 = Completely disagree; 2 = 2; 3 = 3; 4 = 4; 5 = 5; 6 = 6; 7 = 7; 8 = 8; 9 = 9; 10 = Completely agree",5d7f913c09a14a71fdc66017412be134b13b8842becde6987f810dbf52b9e0f0
320,Guatemala,Latin America,Q48,Agency,"Estimate how adults in Guatemala around 2017-2022 survey wave would respond to the survey question below.
Return a probability for every response category. Probabilities must sum to 1. Do not add explanation.

Question: On a scale of 1 to 10, 1 meaning 'None at all' and 10 meaning 'A great deal', how would you rate yourself regarding the idea that you have free choice and control over your life?
Response categories: 10 = A great deal; 9 = 9; 8 = 8; 7 = 7; 6 = 6; 5 = 5; 4 = 4; 3 = 3; 2 = 2; 1 = None at all",f99477eacf7bbe5247f5aac56fab5afcebbce897c2d47228d261b754f2427248
320,Guatemala,Latin America,Q57,Trust,"Estimate how adults in Guatemala around 2017-2022 survey wave would respond to the survey question below.
Return a probability for every response category. Probabilities must sum to 1. Do not add explanation.

Question: On a scale of 1 to 2, 1 meaning 'Most people can be trusted' and 2 meaning 'Need to be very careful', generally speaking, would you say people can be trusted or you need to be careful in dealing with people?
Response categories: 1 = Most people can be trusted; 2 = Need to be very careful",5ad848c32490e2fdbec6d68211ff9c5723b8a0f1672b7435237cb0561e9c95ac
344,Hong Kong SAR,Confucian,Q106,Distribution,"Estimate how adults in Hong Kong SAR around 2017-2022 survey wave would respond to the survey question below.
Return a probability for every response category. Probabilities must sum to 1. Do not add explanation.

Question: On a scale of 1 to 10, 1 meaning 'Incomes should be made more equal' and 10 meaning 'There should be greater incentives for individual effort', where does your opinion fall?
Response categories: 1 = Incomes more equal; 2 = 2; 3 = 3; 4 = 4; 5 = 5; 6 = 6; 7 = 7; 8 = 8; 9 = 9; 10 = Larger income differences",2db0655389e15c3a511260f1f51e8cc833be413399e100da92857ce8acb7bab9
344,Hong Kong SAR,Confucian,Q108,Market,"Estimate how adults in Hong Kong SAR around 2017-2022 survey wave would respond to the survey question below.
Return a probability for every response category. Probabilities must sum to 1. Do not add explanation.

Question: On a scale of 1 to 10, 1 meaning 'The government should take more responsibility to ensure that everyone is provided for' and 10 meaning 'People should take more responsibility to provide for themselves', where does your opinion fall?
Response categories: 1 = The government should take more responsibility to ensure that everyone is provided for; 2 = 2; 3 = 3; 4 = 4; 5 = 5; 6 = 6; 7 = 7; 8 = 8; 9 = 9; 10 = People should take more responsibility to provide for themselves",80cde83ef36097771878e6ce35f61c6aa4f816f0a4705c4f81a10b8015466214
344,Hong Kong SAR,Confucian,Q121,Inclusion,"Estimate how adults in Hong Kong SAR around 2017-2022 survey wave would respond to the survey question below.
Return a probability for every response category. Probabilities must sum to 1. Do not add explanation.

Question: On a scale of 1 to 5, 1 meaning 'Very bad' and 5 meaning 'Very good', how would you evaluate the impact of immigrants on the development of your country?
Response categories: 1 = Rather bad; 2 = Quite bad; 3 = Neither good, nor bad; 4 = Quite good; 5 = Very good",f73f092bd3fb9675e63b477f5aed1d8cdad729c5cf7fbf4e7b3c5baf549b9852
344,Hong Kong SAR,Confucian,Q159,Science,"Estimate how adults in Hong Kong SAR around 2017-2022 survey wave would respond to the survey question below.
Return a probability for every response category. Probabilities must sum to 1. Do not add explanation.

Question: On a scale of 1 to 10, 1 meaning 'Completely disagree' and 10 meaning 'Completely agree', how much do you agree or disagree with the following statement: Because of science and technology, there will be more opportunities for the next generation?
Response categories: 1 = Completely disagree; 2 = 2; 3 = 3; 4 = 4; 5 = 5; 6 = 6; 7 = 7; 8 = 8; 9 = 9; 10 = Completely agree",9e346dfa983ef9513988e567abca1693fe2b85745c05eb6227179bc7d40032d7
344,Hong Kong SAR,Confucian,Q48,Agency,"Estimate how adults in Hong Kong SAR around 2017-2022 survey wave would respond to the survey question below.
Return a probability for every response category. Probabilities must sum to 1. Do not add explanation.

Question: On a scale of 1 to 10, 1 meaning 'None at all' and 10 meaning 'A great deal', how would you rate yourself regarding the idea that you have free choice and control over your life?
Response categories: 10 = A great deal; 9 = 9; 8 = 8; 7 = 7; 6 = 6; 5 = 5; 4 = 4; 3 = 3; 2 = 2; 1 = None at all",d15fbe44cb5f8dd2cb67b2efb31ad79c89a129573e11bee8edc904ff1073a8e7
344,Hong Kong SAR,Confucian,Q57,Trust,"Estimate how adults in Hong Kong SAR around 2017-2022 survey wave would respond to the survey question below.
Return a probability for every response category. Probabilities must sum to 1. Do not add explanation.

Question: On a scale of 1 to 2, 1 meaning 'Most people can be trusted' and 2 meaning 'Need to be very careful', generally speaking, would you say people can be trusted or you need to be careful in dealing with people?
Response categories: 1 = Most people can be trusted; 2 = Need to be very careful",97f042a3a9b01659267af5f4fe0ec8be94fcf081594f67bd2dc8068fdf06d148
356,India,West & South Asia,Q106,Distribution,"Estimate how adults in India around 2017-2022 survey wave would respond to the survey question below.
Return a probability for every response category. Probabilities must sum to 1. Do not add explanation.

Question: On a scale of 1 to 10, 1 meaning 'Incomes should be made more equal' and 10 meaning 'There should be greater incentives for individual effort', where does your opinion fall?
Response categories: 1 = Incomes more equal; 2 = 2; 3 = 3; 4 = 4; 5 = 5; 6 = 6; 7 = 7; 8 = 8; 9 = 9; 10 = Larger income differences",26fe9083503923a74b9b6a5efe5ca88fbc1f882e9da9a20b7a60082778ed0311
356,India,West & South Asia,Q108,Market,"Estimate how adults in India around 2017-2022 survey wave would respond to the survey question below.
Return a probability for every response category. Probabilities must sum to 1. Do not add explanation.

Question: On a scale of 1 to 10, 1 meaning 'The government should take more responsibility to ensure that everyone is provided for' and 10 meaning 'People should take more responsibility to provide for themselves', where does your opinion fall?
Response categories: 1 = The government should take more responsibility to ensure that everyone is provided for; 2 = 2; 3 = 3; 4 = 4; 5 = 5; 6 = 6; 7 = 7; 8 = 8; 9 = 9; 10 = People should take more responsibility to provide for themselves",9e9206823040563bed5d8f878b4977f65ce07cf5bad415a5d9de65aa5cf13b2f
356,India,West & South Asia,Q121,Inclusion,"Estimate how adults in India around 2017-2022 survey wave would respond to the survey question below.
Return a probability for every response category. Probabilities must sum to 1. Do not add explanation.

Question: On a scale of 1 to 5, 1 meaning 'Very bad' and 5 meaning 'Very good', how would you evaluate the impact of immigrants on the development of your country?
Response categories: 1 = Rather bad; 2 = Quite bad; 3 = Neither good, nor bad; 4 = Quite good; 5 = Very good",9939d481e0e0cbde2064f2d3b02c3a30055f67007086da175de3b3e1cac61608
356,India,West & South Asia,Q159,Science,"Estimate how adults in India around 2017-2022 survey wave would respond to the survey question below.
Return a probability for every response category. Probabilities must sum to 1. Do not add explanation.

Question: On a scale of 1 to 10, 1 meaning 'Completely disagree' and 10 meaning 'Completely agree', how much do you agree or disagree with the following statement: Because of science and technology, there will be more opportunities for the next generation?
Response categories: 1 = Completely disagree; 2 = 2; 3 = 3; 4 = 4; 5 = 5; 6 = 6; 7 = 7; 8 = 8; 9 = 9; 10 = Completely agree",711e6aca1bf46f3e994b980013250c65ae028876f6ed98cbd1d94e3b54bb4d9b
356,India,West & South Asia,Q48,Agency,"Estimate how adults in India around 2017-2022 survey wave would respond to the survey question below.
Return a probability for every response category. Probabilities must sum to 1. Do not add explanation.

Question: On a scale of 1 to 10, 1 meaning 'None at all' and 10 meaning 'A great deal', how would you rate yourself regarding the idea that you have free choice and control over your life?
Response categories: 10 = A great deal; 9 = 9; 8 = 8; 7 = 7; 6 = 6; 5 = 5; 4 = 4; 3 = 3; 2 = 2; 1 = None at all",d03149ffdb9a471bdc03fce9c00e99620de4d4d1d49bcf309ce79277de9206b5
356,India,West & South Asia,Q57,Trust,"Estimate how adults in India around 2017-2022 survey wave would respond to the survey question below.
Return a probability for every response category. Probabilities must sum to 1. Do not add explanation.

Question: On a scale of 1 to 2, 1 meaning 'Most people can be trusted' and 2 meaning 'Need to be very careful', generally speaking, would you say people can be trusted or you need to be careful in dealing with people?
Response categories: 1 = Most people can be trusted; 2 = Need to be very careful",7effdd05e93eb646053cf91011cee3a2f69f1c8a57f95a5bbdf99639a0cef2cb
360,Indonesia,West & South Asia,Q106,Distribution,"Estimate how adults in Indonesia around 2017-2022 survey wave would respond to the survey question below.
Return a probability for every response category. Probabilities must sum to 1. Do not add explanation.

Question: On a scale of 1 to 10, 1 meaning 'Incomes should be made more equal' and 10 meaning 'There should be greater incentives for individual effort', where does your opinion fall?
Response categories: 1 = Incomes more equal; 2 = 2; 3 = 3; 4 = 4; 5 = 5; 6 = 6; 7 = 7; 8 = 8; 9 = 9; 10 = Larger income differences",1abec8d6fd408afda43836996e990f07d30e44110f7fb0dd96e8731d22638cb2
360,Indonesia,West & South Asia,Q108,Market,"Estimate how adults in Indonesia around 2017-2022 survey wave would respond to the survey question below.
Return a probability for every response category. Probabilities must sum to 1. Do not add explanation.

Question: On a scale of 1 to 10, 1 meaning 'The government should take more responsibility to ensure that everyone is provided for' and 10 meaning 'People should take more responsibility to provide for themselves', where does your opinion fall?
Response categories: 1 = The government should take more responsibility to ensure that everyone is provided for; 2 = 2; 3 = 3; 4 = 4; 5 = 5; 6 = 6; 7 = 7; 8 = 8; 9 = 9; 10 = People should take more responsibility to provide for themselves",4127fb42444b3ceaf62d5d9689336f1310f224134444bb719fb98953184393c0
360,Indonesia,West & South Asia,Q121,Inclusion,"Estimate how adults in Indonesia around 2017-2022 survey wave would respond to the survey question below.
Return a probability for every response category. Probabilities must sum to 1. Do not add explanation.

Question: On a scale of 1 to 5, 1 meaning 'Very bad' and 5 meaning 'Very good', how would you evaluate the impact of immigrants on the development of your country?
Response categories: 1 = Rather bad; 2 = Quite bad; 3 = Neither good, nor bad; 4 = Quite good; 5 = Very good",2cc150679d82fb59773f93f1303e2d34fdf0e5e5bad0debf89456d9a32860aaa
360,Indonesia,West & South Asia,Q159,Science,"Estimate how adults in Indonesia around 2017-2022 survey wave would respond to the survey question below.
Return a probability for every response category. Probabilities must sum to 1. Do not add explanation.

Question: On a scale of 1 to 10, 1 meaning 'Completely disagree' and 10 meaning 'Completely agree', how much do you agree or disagree with the following statement: Because of science and technology, there will be more opportunities for the next generation?
Response categories: 1 = Completely disagree; 2 = 2; 3 = 3; 4 = 4; 5 = 5; 6 = 6; 7 = 7; 8 = 8; 9 = 9; 10 = Completely agree",23d29f95b2888a1d1f69c0625d0718c51c9c7822ec2e76b3b5dabbd5a95c707e
360,Indonesia,West & South Asia,Q48,Agency,"Estimate how adults in Indonesia around 2017-2022 survey wave would respond to the survey question below.
Return a probability for every response category. Probabilities must sum to 1. Do not add explanation.

Question: On a scale of 1 to 10, 1 meaning 'None at all' and 10 meaning 'A great deal', how would you rate yourself regarding the idea that you have free choice and control over your life?
Response categories: 10 = A great deal; 9 = 9; 8 = 8; 7 = 7; 6 = 6; 5 = 5; 4 = 4; 3 = 3; 2 = 2; 1 = None at all",9b660334d162f32d544de05b0c2032f99d693c82e95c82294aef5079b814d3f5
360,Indonesia,West & South Asia,Q57,Trust,"Estimate how adults in Indonesia around 2017-2022 survey wave would respond to the survey question below.
Return a probability for every response category. Probabilities must sum to 1. Do not add explanation.

Question: On a scale of 1 to 2, 1 meaning 'Most people can be trusted' and 2 meaning 'Need to be very careful', generally speaking, would you say people can be trusted or you need to be careful in dealing with people?
Response categories: 1 = Most people can be trusted; 2 = Need to be very careful",18b811ca33039ccd20c00d1c7f8af1d5ce25de96f0a2f29416f7621a61e94be4
364,Iran,West & South Asia,Q106,Distribution,"Estimate how adults in Iran around 2017-2022 survey wave would respond to the survey question below.
Return a probability for every response category. Probabilities must sum to 1. Do not add explanation.

Question: On a scale of 1 to 10, 1 meaning 'Incomes should be made more equal' and 10 meaning 'There should be greater incentives for individual effort', where does your opinion fall?
Response categories: 1 = Incomes more equal; 2 = 2; 3 = 3; 4 = 4; 5 = 5; 6 = 6; 7 = 7; 8 = 8; 9 = 9; 10 = Larger income differences",31942fc0dff6dcc131bf512d8611a53d4467cae83013a1754001b55e9d7da467
364,Iran,West & South Asia,Q108,Market,"Estimate how adults in Iran around 2017-2022 survey wave would respond to the survey question below.
Return a probability for every response category. Probabilities must sum to 1. Do not add explanation.

Question: On a scale of 1 to 10, 1 meaning 'The government should take more responsibility to ensure that everyone is provided for' and 10 meaning 'People should take more responsibility to provide for themselves', where does your opinion fall?
Response categories: 1 = The government should take more responsibility to ensure that everyone is provided for; 2 = 2; 3 = 3; 4 = 4; 5 = 5; 6 = 6; 7 = 7; 8 = 8; 9 = 9; 10 = People should take more responsibility to provide for themselves",f95b501d35933429937eb72c8b816c7d38bcb0705b2ed28f67ad0981c62fc291
364,Iran,West & South Asia,Q121,Inclusion,"Estimate how adults in Iran around 2017-2022 survey wave would respond to the survey question below.
Return a probability for every response category. Probabilities must sum to 1. Do not add explanation.

Question: On a scale of 1 to 5, 1 meaning 'Very bad' and 5 meaning 'Very good', how would you evaluate the impact of immigrants on the development of your country?
Response categories: 1 = Rather bad; 2 = Quite bad; 3 = Neither good, nor bad; 4 = Quite good; 5 = Very good",fedf880f3ba8bdfd2291312e7d14d75776c661f0ae5bcaa245c78f702a39da6c
364,Iran,West & South Asia,Q159,Science,"Estimate how adults in Iran around 2017-2022 survey wave would respond to the survey question below.
Return a probability for every response category. Probabilities must sum to 1. Do not add explanation.

Question: On a scale of 1 to 10, 1 meaning 'Completely disagree' and 10 meaning 'Completely agree', how much do you agree or disagree with the following statement: Because of science and technology, there will be more opportunities for the next generation?
Response categories: 1 = Completely disagree; 2 = 2; 3 = 3; 4 = 4; 5 = 5; 6 = 6; 7 = 7; 8 = 8; 9 = 9; 10 = Completely agree",6d3ffdb1287715b7fdd8f7ae8d611fdd35486b3c81120d9a2d3426338da14d83
364,Iran,West & South Asia,Q48,Agency,"Estimate how adults in Iran around 2017-2022 survey wave would respond to the survey question below.
Return a probability for every response category. Probabilities must sum to 1. Do not add explanation.

Question: On a scale of 1 to 10, 1 meaning 'None at all' and 10 meaning 'A great deal', how would you rate yourself regarding the idea that you have free choice and control over your life?
Response categories: 10 = A great deal; 9 = 9; 8 = 8; 7 = 7; 6 = 6; 5 = 5; 4 = 4; 3 = 3; 2 = 2; 1 = None at all",1d5a845596974c7af3f32bdd96d4974aa9b5092bb8236405c9ded417611fadf6
364,Iran,West & South Asia,Q57,Trust,"Estimate how adults in Iran around 2017-2022 survey wave would respond to the survey question below.
Return a probability for every response category. Probabilities must sum to 1. Do not add explanation.

Question: On a scale of 1 to 2, 1 meaning 'Most people can be trusted' and 2 meaning 'Need to be very careful', generally speaking, would you say people can be trusted or you need to be careful in dealing with people?
Response categories: 1 = Most people can be trusted; 2 = Need to be very careful",f72251e7e473f80b5fea1d816fe2cabab8d74a408d43d565b9f979cf0705efa7
368,Iraq,African-Islamic,Q106,Distribution,"Estimate how adults in Iraq around 2017-2022 survey wave would respond to the survey question below.
Return a probability for every response category. Probabilities must sum to 1. Do not add explanation.

Question: On a scale of 1 to 10, 1 meaning 'Incomes should be made more equal' and 10 meaning 'There should be greater incentives for individual effort', where does your opinion fall?
Response categories: 1 = Incomes more equal; 2 = 2; 3 = 3; 4 = 4; 5 = 5; 6 = 6; 7 = 7; 8 = 8; 9 = 9; 10 = Larger income differences",d4d46333da6d4c82b670ddff7ac1b51760690a5ccc1df0351c10bbbd3e9f7d68
368,Iraq,African-Islamic,Q108,Market,"Estimate how adults in Iraq around 2017-2022 survey wave would respond to the survey question below.
Return a probability for every response category. Probabilities must sum to 1. Do not add explanation.

Question: On a scale of 1 to 10, 1 meaning 'The government should take more responsibility to ensure that everyone is provided for' and 10 meaning 'People should take more responsibility to provide for themselves', where does your opinion fall?
Response categories: 1 = The government should take more responsibility to ensure that everyone is provided for; 2 = 2; 3 = 3; 4 = 4; 5 = 5; 6 = 6; 7 = 7; 8 = 8; 9 = 9; 10 = People should take more responsibility to provide for themselves",4e0cd8a17ceeb4b59804f66c6498935e06dc9c6c00114ea4971783e1d7a22e38
368,Iraq,African-Islamic,Q121,Inclusion,"Estimate how adults in Iraq around 2017-2022 survey wave would respond to the survey question below.
Return a probability for every response category. Probabilities must sum to 1. Do not add explanation.

Question: On a scale of 1 to 5, 1 meaning 'Very bad' and 5 meaning 'Very good', how would you evaluate the impact of immigrants on the development of your country?
Response categories: 1 = Rather bad; 2 = Quite bad; 3 = Neither good, nor bad; 4 = Quite good; 5 = Very good",20dff6e102663d552b12423b55bc9529a395a8a54a6aad6ab70c1fd02c7458a1
368,Iraq,African-Islamic,Q159,Science,"Estimate how adults in Iraq around 2017-2022 survey wave would respond to the survey question below.
Return a probability for every response category. Probabilities must sum to 1. Do not add explanation.

Question: On a scale of 1 to 10, 1 meaning 'Completely disagree' and 10 meaning 'Completely agree', how much do you agree or disagree with the following statement: Because of science and technology, there will be more opportunities for the next generation?
Response categories: 1 = Completely disagree; 2 = 2; 3 = 3; 4 = 4; 5 = 5; 6 = 6; 7 = 7; 8 = 8; 9 = 9; 10 = Completely agree",11f53e730c9854bb3d998eef1c24d71a6047c6f7b8f32a68bfebc89c080cd4a5
368,Iraq,African-Islamic,Q48,Agency,"Estimate how adults in Iraq around 2017-2022 survey wave would respond to the survey question below.
Return a probability for every response category. Probabilities must sum to 1. Do not add explanation.

Question: On a scale of 1 to 10, 1 meaning 'None at all' and 10 meaning 'A great deal', how would you rate yourself regarding the idea that you have free choice and control over your life?
Response categories: 10 = A great deal; 9 = 9; 8 = 8; 7 = 7; 6 = 6; 5 = 5; 4 = 4; 3 = 3; 2 = 2; 1 = None at all",f91a3ab181bd2354aceccefc4f919dd3e1c6134731f8269a6151ce5437f2202e
368,Iraq,African-Islamic,Q57,Trust,"Estimate how adults in Iraq around 2017-2022 survey wave would respond to the survey question below.
Return a probability for every response category. Probabilities must sum to 1. Do not add explanation.

Question: On a scale of 1 to 2, 1 meaning 'Most people can be trusted' and 2 meaning 'Need to be very careful', generally speaking, would you say people can be trusted or you need to be careful in dealing with people?
Response categories: 1 = Most people can be trusted; 2 = Need to be very careful",d70a922826a767c714ec8fb0717b6ccd5839995f06dd0c16bab79d0c474ef00f
392,Japan,Confucian,Q106,Distribution,"Estimate how adults in Japan around 2017-2022 survey wave would respond to the survey question below.
Return a probability for every response category. Probabilities must sum to 1. Do not add explanation.

Question: On a scale of 1 to 10, 1 meaning 'Incomes should be made more equal' and 10 meaning 'There should be greater incentives for individual effort', where does your opinion fall?
Response categories: 1 = Incomes more equal; 2 = 2; 3 = 3; 4 = 4; 5 = 5; 6 = 6; 7 = 7; 8 = 8; 9 = 9; 10 = Larger income differences",a5f6da5d7c92fe6ab31a7536dbf84d6b881f38a066e1362554cc66e989c0c7a2
392,Japan,Confucian,Q108,Market,"Estimate how adults in Japan around 2017-2022 survey wave would respond to the survey question below.
Return a probability for every response category. Probabilities must sum to 1. Do not add explanation.

Question: On a scale of 1 to 10, 1 meaning 'The government should take more responsibility to ensure that everyone is provided for' and 10 meaning 'People should take more responsibility to provide for themselves', where does your opinion fall?
Response categories: 1 = The government should take more responsibility to ensure that everyone is provided for; 2 = 2; 3 = 3; 4 = 4; 5 = 5; 6 = 6; 7 = 7; 8 = 8; 9 = 9; 10 = People should take more responsibility to provide for themselves",c75b6c02fa2c725f8a959a2f8f9f4e05d848ed2acdbac9699ec5b0a78f3063fa
392,Japan,Confucian,Q121,Inclusion,"Estimate how adults in Japan around 2017-2022 survey wave would respond to the survey question below.
Return a probability for every response category. Probabilities must sum to 1. Do not add explanation.

Question: On a scale of 1 to 5, 1 meaning 'Very bad' and 5 meaning 'Very good', how would you evaluate the impact of immigrants on the development of your country?
Response categories: 1 = Rather bad; 2 = Quite bad; 3 = Neither good, nor bad; 4 = Quite good; 5 = Very good",65b00cc4ea3b62438a5dfe96bd3afa8b68067e9c1e4c277a9024583781580ac7
392,Japan,Confucian,Q159,Science,"Estimate how adults in Japan around 2017-2022 survey wave would respond to the survey question below.
Return a probability for every response category. Probabilities must sum to 1. Do not add explanation.

Question: On a scale of 1 to 10, 1 meaning 'Completely disagree' and 10 meaning 'Completely agree', how much do you agree or disagree with the following statement: Because of science and technology, there will be more opportunities for the next generation?
Response categories: 1 = Completely disagree; 2 = 2; 3 = 3; 4 = 4; 5 = 5; 6 = 6; 7 = 7; 8 = 8; 9 = 9; 10 = Completely agree",678683d4d5ff080946c50c55b7eaa6c95f4458718d965ca8da5ab95905e748fa
392,Japan,Confucian,Q48,Agency,"Estimate how adults in Japan around 2017-2022 survey wave would respond to the survey question below.
Return a probability for every response category. Probabilities must sum to 1. Do not add explanation.

Question: On a scale of 1 to 10, 1 meaning 'None at all' and 10 meaning 'A great deal', how would you rate yourself regarding the idea that you have free choice and control over your life?
Response categories: 10 = A great deal; 9 = 9; 8 = 8; 7 = 7; 6 = 6; 5 = 5; 4 = 4; 3 = 3; 2 = 2; 1 = None at all",67bd36d0da1446fbcc3332f30405d5021bffabf3e972e304661e5c8f6474e4a3
392,Japan,Confucian,Q57,Trust,"Estimate how adults in Japan around 2017-2022 survey wave would respond to the survey question below.
Return a probability for every response category. Probabilities must sum to 1. Do not add explanation.

Question: On a scale of 1 to 2, 1 meaning 'Most people can be trusted' and 2 meaning 'Need to be very careful', generally speaking, would you say people can be trusted or you need to be careful in dealing with people?
Response categories: 1 = Most people can be trusted; 2 = Need to be very careful",7bdc62c2e905fb5e6fbdd002f180d6364cae0eb8c77ba642fc154405bced87b1
398,Kazakhstan,West & South Asia,Q106,Distribution,"Estimate how adults in Kazakhstan around 2017-2022 survey wave would respond to the survey question below.
Return a probability for every response category. Probabilities must sum to 1. Do not add explanation.

Question: On a scale of 1 to 10, 1 meaning 'Incomes should be made more equal' and 10 meaning 'There should be greater incentives for individual effort', where does your opinion fall?
Response categories: 1 = Incomes more equal; 2 = 2; 3 = 3; 4 = 4; 5 = 5; 6 = 6; 7 = 7; 8 = 8; 9 = 9; 10 = Larger income differences",f8b154f704cd515cf370e8f238cd918fcf0a89642fbe42a7c419520805be30fc
398,Kazakhstan,West & South Asia,Q108,Market,"Estimate how adults in Kazakhstan around 2017-2022 survey wave would respond to the survey question below.
Return a probability for every response category. Probabilities must sum to 1. Do not add explanation.

Question: On a scale of 1 to 10, 1 meaning 'The government should take more responsibility to ensure that everyone is provided for' and 10 meaning 'People should take more responsibility to provide for themselves', where does your opinion fall?
Response categories: 1 = The government should take more responsibility to ensure that everyone is provided for; 2 = 2; 3 = 3; 4 = 4; 5 = 5; 6 = 6; 7 = 7; 8 = 8; 9 = 9; 10 = People should take more responsibility to provide for themselves",3a9cebebfacd33f13b4d700e10cb80fb203427357e8408a399155698920f81a4
398,Kazakhstan,West & South Asia,Q121,Inclusion,"Estimate how adults in Kazakhstan around 2017-2022 survey wave would respond to the survey question below.
Return a probability for every response category. Probabilities must sum to 1. Do not add explanation.

Question: On a scale of 1 to 5, 1 meaning 'Very bad' and 5 meaning 'Very good', how would you evaluate the impact of immigrants on the development of your country?
Response categories: 1 = Rather bad; 2 = Quite bad; 3 = Neither good, nor bad; 4 = Quite good; 5 = Very good",284cef0ff65e94260c469e0a606cf33c6839b980bd4c2fdfa1071a9f6213f427
398,Kazakhstan,West & South Asia,Q159,Science,"Estimate how adults in Kazakhstan around 2017-2022 survey wave would respond to the survey question below.
Return a probability for every response category. Probabilities must sum to 1. Do not add explanation.

Question: On a scale of 1 to 10, 1 meaning 'Completely disagree' and 10 meaning 'Completely agree', how much do you agree or disagree with the following statement: Because of science and technology, there will be more opportunities for the next generation?
Response categories: 1 = Completely disagree; 2 = 2; 3 = 3; 4 = 4; 5 = 5; 6 = 6; 7 = 7; 8 = 8; 9 = 9; 10 = Completely agree",8fcc4ef0fbb254a61804e65fbf89dea8e8038be45704c9e27e4eaa184b88c88a
398,Kazakhstan,West & South Asia,Q48,Agency,"Estimate how adults in Kazakhstan around 2017-2022 survey wave would respond to the survey question below.
Return a probability for every response category. Probabilities must sum to 1. Do not add explanation.

Question: On a scale of 1 to 10, 1 meaning 'None at all' and 10 meaning 'A great deal', how would you rate yourself regarding the idea that you have free choice and control over your life?
Response categories: 10 = A great deal; 9 = 9; 8 = 8; 7 = 7; 6 = 6; 5 = 5; 4 = 4; 3 = 3; 2 = 2; 1 = None at all",b0f21da28745e831726d7247272d18312ea1619dc050b8d7148bf185cdcf150d
398,Kazakhstan,West & South Asia,Q57,Trust,"Estimate how adults in Kazakhstan around 2017-2022 survey wave would respond to the survey question below.
Return a probability for every response category. Probabilities must sum to 1. Do not add explanation.

Question: On a scale of 1 to 2, 1 meaning 'Most people can be trusted' and 2 meaning 'Need to be very careful', generally speaking, would you say people can be trusted or you need to be careful in dealing with people?
Response categories: 1 = Most people can be trusted; 2 = Need to be very careful",2fbe42069a9200e5ed9419c386235468e8a38b87c5657845ad8832c766bf75e4
400,Jordan,African-Islamic,Q106,Distribution,"Estimate how adults in Jordan around 2017-2022 survey wave would respond to the survey question below.
Return a probability for every response category. Probabilities must sum to 1. Do not add explanation.

Question: On a scale of 1 to 10, 1 meaning 'Incomes should be made more equal' and 10 meaning 'There should be greater incentives for individual effort', where does your opinion fall?
Response categories: 1 = Incomes more equal; 2 = 2; 3 = 3; 4 = 4; 5 = 5; 6 = 6; 7 = 7; 8 = 8; 9 = 9; 10 = Larger income differences",0f51cc3ae8b96373ea7bd4d9fda33c216420f90243857c9bc8ce6345b56a907e
400,Jordan,African-Islamic,Q108,Market,"Estimate how adults in Jordan around 2017-2022 survey wave would respond to the survey question below.
Return a probability for every response category. Probabilities must sum to 1. Do not add explanation.

Question: On a scale of 1 to 10, 1 meaning 'The government should take more responsibility to ensure that everyone is provided for' and 10 meaning 'People should take more responsibility to provide for themselves', where does your opinion fall?
Response categories: 1 = The government should take more responsibility to ensure that everyone is provided for; 2 = 2; 3 = 3; 4 = 4; 5 = 5; 6 = 6; 7 = 7; 8 = 8; 9 = 9; 10 = People should take more responsibility to provide for themselves",ac403a9bce3bfa1ccd9ac36e55b9a2ec49c99f6f0097e2fac684131a84cd1125
400,Jordan,African-Islamic,Q121,Inclusion,"Estimate how adults in Jordan around 2017-2022 survey wave would respond to the survey question below.
Return a probability for every response category. Probabilities must sum to 1. Do not add explanation.

Question: On a scale of 1 to 5, 1 meaning 'Very bad' and 5 meaning 'Very good', how would you evaluate the impact of immigrants on the development of your country?
Response categories: 1 = Rather bad; 2 = Quite bad; 3 = Neither good, nor bad; 4 = Quite good; 5 = Very good",216d0c3832a41240c3fdb7e24efeb8c71db40cac8385fe7fd7d115faea9a0157
400,Jordan,African-Islamic,Q159,Science,"Estimate how adults in Jordan around 2017-2022 survey wave would respond to the survey question below.
Return a probability for every response category. Probabilities must sum to 1. Do not add explanation.

Question: On a scale of 1 to 10, 1 meaning 'Completely disagree' and 10 meaning 'Completely agree', how much do you agree or disagree with the following statement: Because of science and technology, there will be more opportunities for the next generation?
Response categories: 1 = Completely disagree; 2 = 2; 3 = 3; 4 = 4; 5 = 5; 6 = 6; 7 = 7; 8 = 8; 9 = 9; 10 = Completely agree",29ec5e79613be1832720728d0bd8b8167961e97f33be25e31dd3bdd235292b63
400,Jordan,African-Islamic,Q48,Agency,"Estimate how adults in Jordan around 2017-2022 survey wave would respond to the survey question below.
Return a probability for every response category. Probabilities must sum to 1. Do not add explanation.

Question: On a scale of 1 to 10, 1 meaning 'None at all' and 10 meaning 'A great deal', how would you rate yourself regarding the idea that you have free choice and control over your life?
Response categories: 10 = A great deal; 9 = 9; 8 = 8; 7 = 7; 6 = 6; 5 = 5; 4 = 4; 3 = 3; 2 = 2; 1 = None at all",087988f3b9c076a87c0098c17e985667ee3aa8bf047c45fdc75400c7b829265d
400,Jordan,African-Islamic,Q57,Trust,"Estimate how adults in Jordan around 2017-2022 survey wave would respond to the survey question below.
Return a probability for every response category. Probabilities must sum to 1. Do not add explanation.

Question: On a scale of 1 to 2, 1 meaning 'Most people can be trusted' and 2 meaning 'Need to be very careful', generally speaking, would you say people can be trusted or you need to be careful in dealing with people?
Response categories: 1 = Most people can be trusted; 2 = Need to be very careful",d7f99e5ae5ac5970c7f5dbfce8ef1400ff7fd9b69f878a5c3afb136f89443135
404,Kenya,African-Islamic,Q106,Distribution,"Estimate how adults in Kenya around 2017-2022 survey wave would respond to the survey question below.
Return a probability for every response category. Probabilities must sum to 1. Do not add explanation.

Question: On a scale of 1 to 10, 1 meaning 'Incomes should be made more equal' and 10 meaning 'There should be greater incentives for individual effort', where does your opinion fall?
Response categories: 1 = Incomes more equal; 2 = 2; 3 = 3; 4 = 4; 5 = 5; 6 = 6; 7 = 7; 8 = 8; 9 = 9; 10 = Larger income differences",8b167d3173f3aab3d9611da90c0d3b6b4685de8ebe54b43bc66a6f9da034399f
404,Kenya,African-Islamic,Q108,Market,"Estimate how adults in Kenya around 2017-2022 survey wave would respond to the survey question below.
Return a probability for every response category. Probabilities must sum to 1. Do not add explanation.

Question: On a scale of 1 to 10, 1 meaning 'The government should take more responsibility to ensure that everyone is provided for' and 10 meaning 'People should take more responsibility to provide for themselves', where does your opinion fall?
Response categories: 1 = The government should take more responsibility to ensure that everyone is provided for; 2 = 2; 3 = 3; 4 = 4; 5 = 5; 6 = 6; 7 = 7; 8 = 8; 9 = 9; 10 = People should take more responsibility to provide for themselves",b4a6243d72c4635405d6969c5ee82655c0faf3518339173e3709aebd219430e3
404,Kenya,African-Islamic,Q121,Inclusion,"Estimate how adults in Kenya around 2017-2022 survey wave would respond to the survey question below.
Return a probability for every response category. Probabilities must sum to 1. Do not add explanation.

Question: On a scale of 1 to 5, 1 meaning 'Very bad' and 5 meaning 'Very good', how would you evaluate the impact of immigrants on the development of your country?
Response categories: 1 = Rather bad; 2 = Quite bad; 3 = Neither good, nor bad; 4 = Quite good; 5 = Very good",73c694e5c117e0c5d83d909a91cb40589ecf6633986c7b1c5d84c91234f69b9c
404,Kenya,African-Islamic,Q159,Science,"Estimate how adults in Kenya around 2017-2022 survey wave would respond to the survey question below.
Return a probability for every response category. Probabilities must sum to 1. Do not add explanation.

Question: On a scale of 1 to 10, 1 meaning 'Completely disagree' and 10 meaning 'Completely agree', how much do you agree or disagree with the following statement: Because of science and technology, there will be more opportunities for the next generation?
Response categories: 1 = Completely disagree; 2 = 2; 3 = 3; 4 = 4; 5 = 5; 6 = 6; 7 = 7; 8 = 8; 9 = 9; 10 = Completely agree",ba3c1751d2b8800acb532526a7f7a7b90d755edfbf9f6884743fbcd8268feb13
404,Kenya,African-Islamic,Q48,Agency,"Estimate how adults in Kenya around 2017-2022 survey wave would respond to the survey question below.
Return a probability for every response category. Probabilities must sum to 1. Do not add explanation.

Question: On a scale of 1 to 10, 1 meaning 'None at all' and 10 meaning 'A great deal', how would you rate yourself regarding the idea that you have free choice and control over your life?
Response categories: 10 = A great deal; 9 = 9; 8 = 8; 7 = 7; 6 = 6; 5 = 5; 4 = 4; 3 = 3; 2 = 2; 1 = None at all",651ae67091877daaf8b205a4752d14a265021118fd5c54e140062afb7c5c403b
404,Kenya,African-Islamic,Q57,Trust,"Estimate how adults in Kenya around 2017-2022 survey wave would respond to the survey question below.
Return a probability for every response category. Probabilities must sum to 1. Do not add explanation.

Question: On a scale of 1 to 2, 1 meaning 'Most people can be trusted' and 2 meaning 'Need to be very careful', generally speaking, would you say people can be trusted or you need to be careful in dealing with people?
Response categories: 1 = Most people can be trusted; 2 = Need to be very careful",57157fa761720ca680f85df656f34a1556d9913ca6c88fe53073c77bfe52a23f
410,South Korea,Confucian,Q106,Distribution,"Estimate how adults in South Korea around 2017-2022 survey wave would respond to the survey question below.
Return a probability for every response category. Probabilities must sum to 1. Do not add explanation.

Question: On a scale of 1 to 10, 1 meaning 'Incomes should be made more equal' and 10 meaning 'There should be greater incentives for individual effort', where does your opinion fall?
Response categories: 1 = Incomes more equal; 2 = 2; 3 = 3; 4 = 4; 5 = 5; 6 = 6; 7 = 7; 8 = 8; 9 = 9; 10 = Larger income differences",2969694fa716442fcc33ffb715a581a5c5862535b565b9be3c90ec59547d888f
410,South Korea,Confucian,Q108,Market,"Estimate how adults in South Korea around 2017-2022 survey wave would respond to the survey question below.
Return a probability for every response category. Probabilities must sum to 1. Do not add explanation.

Question: On a scale of 1 to 10, 1 meaning 'The government should take more responsibility to ensure that everyone is provided for' and 10 meaning 'People should take more responsibility to provide for themselves', where does your opinion fall?
Response categories: 1 = The government should take more responsibility to ensure that everyone is provided for; 2 = 2; 3 = 3; 4 = 4; 5 = 5; 6 = 6; 7 = 7; 8 = 8; 9 = 9; 10 = People should take more responsibility to provide for themselves",3c18dad71e2281ff006392bad0d364118ca8b6e473730348550f90d8e67f9cfa
410,South Korea,Confucian,Q121,Inclusion,"Estimate how adults in South Korea around 2017-2022 survey wave would respond to the survey question below.
Return a probability for every response category. Probabilities must sum to 1. Do not add explanation.

Question: On a scale of 1 to 5, 1 meaning 'Very bad' and 5 meaning 'Very good', how would you evaluate the impact of immigrants on the development of your country?
Response categories: 1 = Rather bad; 2 = Quite bad; 3 = Neither good, nor bad; 4 = Quite good; 5 = Very good",66d32d80f316fa3e82fd2f2a4d4d53041cd77c3937a49add88937ab5d90f1ac5
410,South Korea,Confucian,Q159,Science,"Estimate how adults in South Korea around 2017-2022 survey wave would respond to the survey question below.
Return a probability for every response category. Probabilities must sum to 1. Do not add explanation.

Question: On a scale of 1 to 10, 1 meaning 'Completely disagree' and 10 meaning 'Completely agree', how much do you agree or disagree with the following statement: Because of science and technology, there will be more opportunities for the next generation?
Response categories: 1 = Completely disagree; 2 = 2; 3 = 3; 4 = 4; 5 = 5; 6 = 6; 7 = 7; 8 = 8; 9 = 9; 10 = Completely agree",642596f790c4749d0a4edb7199892722d766f931bea4ecca327a6ce359435d4c
410,South Korea,Confucian,Q48,Agency,"Estimate how adults in South Korea around 2017-2022 survey wave would respond to the survey question below.
Return a probability for every response category. Probabilities must sum to 1. Do not add explanation.

Question: On a scale of 1 to 10, 1 meaning 'None at all' and 10 meaning 'A great deal', how would you rate yourself regarding the idea that you have free choice and control over your life?
Response categories: 10 = A great deal; 9 = 9; 8 = 8; 7 = 7; 6 = 6; 5 = 5; 4 = 4; 3 = 3; 2 = 2; 1 = None at all",25921d3a44774807a05b59020e871de3c55460d97539b1aa629ec336dfd50d86
410,South Korea,Confucian,Q57,Trust,"Estimate how adults in South Korea around 2017-2022 survey wave would respond to the survey question below.
Return a probability for every response category. Probabilities must sum to 1. Do not add explanation.

Question: On a scale of 1 to 2, 1 meaning 'Most people can be trusted' and 2 meaning 'Need to be very careful', generally speaking, would you say people can be trusted or you need to be careful in dealing with people?
Response categories: 1 = Most people can be trusted; 2 = Need to be very careful",e692cddbbe40af46a22bc68afa80786349d9d41eb3aa37c129e4ddef53f00d66
417,Kyrgyzstan,West & South Asia,Q106,Distribution,"Estimate how adults in Kyrgyzstan around 2017-2022 survey wave would respond to the survey question below.
Return a probability for every response category. Probabilities must sum to 1. Do not add explanation.

Question: On a scale of 1 to 10, 1 meaning 'Incomes should be made more equal' and 10 meaning 'There should be greater incentives for individual effort', where does your opinion fall?
Response categories: 1 = Incomes more equal; 2 = 2; 3 = 3; 4 = 4; 5 = 5; 6 = 6; 7 = 7; 8 = 8; 9 = 9; 10 = Larger income differences",f67a3ecc9649c20b6f307c3b222a85a4a41cc5ce1ecfb6206df2b24f65b02630
417,Kyrgyzstan,West & South Asia,Q108,Market,"Estimate how adults in Kyrgyzstan around 2017-2022 survey wave would respond to the survey question below.
Return a probability for every response category. Probabilities must sum to 1. Do not add explanation.

Question: On a scale of 1 to 10, 1 meaning 'The government should take more responsibility to ensure that everyone is provided for' and 10 meaning 'People should take more responsibility to provide for themselves', where does your opinion fall?
Response categories: 1 = The government should take more responsibility to ensure that everyone is provided for; 2 = 2; 3 = 3; 4 = 4; 5 = 5; 6 = 6; 7 = 7; 8 = 8; 9 = 9; 10 = People should take more responsibility to provide for themselves",ce5f6c9680b465f819dbbcc5086b09ce50270c95eb5dc06fe471b4b1c9dfd93b
417,Kyrgyzstan,West & South Asia,Q121,Inclusion,"Estimate how adults in Kyrgyzstan around 2017-2022 survey wave would respond to the survey question below.
Return a probability for every response category. Probabilities must sum to 1. Do not add explanation.

Question: On a scale of 1 to 5, 1 meaning 'Very bad' and 5 meaning 'Very good', how would you evaluate the impact of immigrants on the development of your country?
Response categories: 1 = Rather bad; 2 = Quite bad; 3 = Neither good, nor bad; 4 = Quite good; 5 = Very good",26a21268882fbbc194f871a49f94c47a752c586686f82dd2ba834a49f53ede76
417,Kyrgyzstan,West & South Asia,Q159,Science,"Estimate how adults in Kyrgyzstan around 2017-2022 survey wave would respond to the survey question below.
Return a probability for every response category. Probabilities must sum to 1. Do not add explanation.

Question: On a scale of 1 to 10, 1 meaning 'Completely disagree' and 10 meaning 'Completely agree', how much do you agree or disagree with the following statement: Because of science and technology, there will be more opportunities for the next generation?
Response categories: 1 = Completely disagree; 2 = 2; 3 = 3; 4 = 4; 5 = 5; 6 = 6; 7 = 7; 8 = 8; 9 = 9; 10 = Completely agree",3548f57bfd25b1d88b67d751e60e6ce3f94c10bf3ba7a63fa372232fa9785f92
417,Kyrgyzstan,West & South Asia,Q48,Agency,"Estimate how adults in Kyrgyzstan around 2017-2022 survey wave would respond to the survey question below.
Return a probability for every response category. Probabilities must sum to 1. Do not add explanation.

Question: On a scale of 1 to 10, 1 meaning 'None at all' and 10 meaning 'A great deal', how would you rate yourself regarding the idea that you have free choice and control over your life?
Response categories: 10 = A great deal; 9 = 9; 8 = 8; 7 = 7; 6 = 6; 5 = 5; 4 = 4; 3 = 3; 2 = 2; 1 = None at all",ff4231ee4e376b2676bd61cc1426d823b418c0ca9d0807488f414aa816637dd6
417,Kyrgyzstan,West & South Asia,Q57,Trust,"Estimate how adults in Kyrgyzstan around 2017-2022 survey wave would respond to the survey question below.
Return a probability for every response category. Probabilities must sum to 1. Do not add explanation.

Question: On a scale of 1 to 2, 1 meaning 'Most people can be trusted' and 2 meaning 'Need to be very careful', generally speaking, would you say people can be trusted or you need to be careful in dealing with people?
Response categories: 1 = Most people can be trusted; 2 = Need to be very careful",f39ba2596be146a5cfaea6ea590a80f71b212278f38a49f80786da1f7c9378e8
422,Lebanon,African-Islamic,Q106,Distribution,"Estimate how adults in Lebanon around 2017-2022 survey wave would respond to the survey question below.
Return a probability for every response category. Probabilities must sum to 1. Do not add explanation.

Question: On a scale of 1 to 10, 1 meaning 'Incomes should be made more equal' and 10 meaning 'There should be greater incentives for individual effort', where does your opinion fall?
Response categories: 1 = Incomes more equal; 2 = 2; 3 = 3; 4 = 4; 5 = 5; 6 = 6; 7 = 7; 8 = 8; 9 = 9; 10 = Larger income differences",ec0545f2553dde39d3ec1bf2b613cd48c55764076d098628ab5ea0decf88111a
422,Lebanon,African-Islamic,Q108,Market,"Estimate how adults in Lebanon around 2017-2022 survey wave would respond to the survey question below.
Return a probability for every response category. Probabilities must sum to 1. Do not add explanation.

Question: On a scale of 1 to 10, 1 meaning 'The government should take more responsibility to ensure that everyone is provided for' and 10 meaning 'People should take more responsibility to provide for themselves', where does your opinion fall?
Response categories: 1 = The government should take more responsibility to ensure that everyone is provided for; 2 = 2; 3 = 3; 4 = 4; 5 = 5; 6 = 6; 7 = 7; 8 = 8; 9 = 9; 10 = People should take more responsibility to provide for themselves",f77f474f1d5497d222bf0287dae686ba220b8053adc2b685e345358454f97b95
422,Lebanon,African-Islamic,Q121,Inclusion,"Estimate how adults in Lebanon around 2017-2022 survey wave would respond to the survey question below.
Return a probability for every response category. Probabilities must sum to 1. Do not add explanation.

Question: On a scale of 1 to 5, 1 meaning 'Very bad' and 5 meaning 'Very good', how would you evaluate the impact of immigrants on the development of your country?
Response categories: 1 = Rather bad; 2 = Quite bad; 3 = Neither good, nor bad; 4 = Quite good; 5 = Very good",13010a7fa6232408ad6000c8ccaf836cf307560b314b14f3879e169f0a9d2ff6
422,Lebanon,African-Islamic,Q159,Science,"Estimate how adults in Lebanon around 2017-2022 survey wave would respond to the survey question below.
Return a probability for every response category. Probabilities must sum to 1. Do not add explanation.

Question: On a scale of 1 to 10, 1 meaning 'Completely disagree' and 10 meaning 'Completely agree', how much do you agree or disagree with the following statement: Because of science and technology, there will be more opportunities for the next generation?
Response categories: 1 = Completely disagree; 2 = 2; 3 = 3; 4 = 4; 5 = 5; 6 = 6; 7 = 7; 8 = 8; 9 = 9; 10 = Completely agree",ae56b3d6751c732615965cc8db4b83c70922561f1ae137742509049cfedc81bb
422,Lebanon,African-Islamic,Q48,Agency,"Estimate how adults in Lebanon around 2017-2022 survey wave would respond to the survey question below.
Return a probability for every response category. Probabilities must sum to 1. Do not add explanation.

Question: On a scale of 1 to 10, 1 meaning 'None at all' and 10 meaning 'A great deal', how would you rate yourself regarding the idea that you have free choice and control over your life?
Response categories: 10 = A great deal; 9 = 9; 8 = 8; 7 = 7; 6 = 6; 5 = 5; 4 = 4; 3 = 3; 2 = 2; 1 = None at all",0ebc7f87ae0ed2881d71afdade1ba51fabebd088c4e1798537dba1ad5947e497
422,Lebanon,African-Islamic,Q57,Trust,"Estimate how adults in Lebanon around 2017-2022 survey wave would respond to the survey question below.
Return a probability for every response category. Probabilities must sum to 1. Do not add explanation.

Question: On a scale of 1 to 2, 1 meaning 'Most people can be trusted' and 2 meaning 'Need to be very careful', generally speaking, would you say people can be trusted or you need to be careful in dealing with people?
Response categories: 1 = Most people can be trusted; 2 = Need to be very careful",a8436696c4212c6434aed88eac36b44691c1b04e4d2626ee69b02f9f5e58bc3d
434,Libya,African-Islamic,Q106,Distribution,"Estimate how adults in Libya around 2017-2022 survey wave would respond to the survey question below.
Return a probability for every response category. Probabilities must sum to 1. Do not add explanation.

Question: On a scale of 1 to 10, 1 meaning 'Incomes should be made more equal' and 10 meaning 'There should be greater incentives for individual effort', where does your opinion fall?
Response categories: 1 = Incomes more equal; 2 = 2; 3 = 3; 4 = 4; 5 = 5; 6 = 6; 7 = 7; 8 = 8; 9 = 9; 10 = Larger income differences",d40df1827be747e00fc86d775f06dd174617e72457107c1a1e846a32f0ec6d42
434,Libya,African-Islamic,Q108,Market,"Estimate how adults in Libya around 2017-2022 survey wave would respond to the survey question below.
Return a probability for every response category. Probabilities must sum to 1. Do not add explanation.

Question: On a scale of 1 to 10, 1 meaning 'The government should take more responsibility to ensure that everyone is provided for' and 10 meaning 'People should take more responsibility to provide for themselves', where does your opinion fall?
Response categories: 1 = The government should take more responsibility to ensure that everyone is provided for; 2 = 2; 3 = 3; 4 = 4; 5 = 5; 6 = 6; 7 = 7; 8 = 8; 9 = 9; 10 = People should take more responsibility to provide for themselves",137c6d03364b1dcf98f43b3d4f19adbe618a887c7f80bfb1cdf16b228a0b9899
434,Libya,African-Islamic,Q121,Inclusion,"Estimate how adults in Libya around 2017-2022 survey wave would respond to the survey question below.
Return a probability for every response category. Probabilities must sum to 1. Do not add explanation.

Question: On a scale of 1 to 5, 1 meaning 'Very bad' and 5 meaning 'Very good', how would you evaluate the impact of immigrants on the development of your country?
Response categories: 1 = Rather bad; 2 = Quite bad; 3 = Neither good, nor bad; 4 = Quite good; 5 = Very good",5d2552615e26a3d19b1d6f428151945a7a45c63649c6d0bfba3dca77830fbd1b
434,Libya,African-Islamic,Q159,Science,"Estimate how adults in Libya around 2017-2022 survey wave would respond to the survey question below.
Return a probability for every response category. Probabilities must sum to 1. Do not add explanation.

Question: On a scale of 1 to 10, 1 meaning 'Completely disagree' and 10 meaning 'Completely agree', how much do you agree or disagree with the following statement: Because of science and technology, there will be more opportunities for the next generation?
Response categories: 1 = Completely disagree; 2 = 2; 3 = 3; 4 = 4; 5 = 5; 6 = 6; 7 = 7; 8 = 8; 9 = 9; 10 = Completely agree",e03ab6bd947d827f06d37c9535e0165323193fdc66dd91914c75c4f3a714ed88
434,Libya,African-Islamic,Q48,Agency,"Estimate how adults in Libya around 2017-2022 survey wave would respond to the survey question below.
Return a probability for every response category. Probabilities must sum to 1. Do not add explanation.

Question: On a scale of 1 to 10, 1 meaning 'None at all' and 10 meaning 'A great deal', how would you rate yourself regarding the idea that you have free choice and control over your life?
Response categories: 10 = A great deal; 9 = 9; 8 = 8; 7 = 7; 6 = 6; 5 = 5; 4 = 4; 3 = 3; 2 = 2; 1 = None at all",9e573df3397e9fb4a842ed889cafeca4c7e4f824ddb1987ad441c6b13b946b0f
434,Libya,African-Islamic,Q57,Trust,"Estimate how adults in Libya around 2017-2022 survey wave would respond to the survey question below.
Return a probability for every response category. Probabilities must sum to 1. Do not add explanation.

Question: On a scale of 1 to 2, 1 meaning 'Most people can be trusted' and 2 meaning 'Need to be very careful', generally speaking, would you say people can be trusted or you need to be careful in dealing with people?
Response categories: 1 = Most people can be trusted; 2 = Need to be very careful",ca8bcef27c0082b02938e450f822a6cab686fc696be5a7f1546246b8230e4ea2
446,Macau SAR,Confucian,Q106,Distribution,"Estimate how adults in Macau SAR around 2017-2022 survey wave would respond to the survey question below.
Return a probability for every response category. Probabilities must sum to 1. Do not add explanation.

Question: On a scale of 1 to 10, 1 meaning 'Incomes should be made more equal' and 10 meaning 'There should be greater incentives for individual effort', where does your opinion fall?
Response categories: 1 = Incomes more equal; 2 = 2; 3 = 3; 4 = 4; 5 = 5; 6 = 6; 7 = 7; 8 = 8; 9 = 9; 10 = Larger income differences",1123ff7139da78599900134f99a9e92776ff8e4d750723d47014731db497a1cf
446,Macau SAR,Confucian,Q108,Market,"Estimate how adults in Macau SAR around 2017-2022 survey wave would respond to the survey question below.
Return a probability for every response category. Probabilities must sum to 1. Do not add explanation.

Question: On a scale of 1 to 10, 1 meaning 'The government should take more responsibility to ensure that everyone is provided for' and 10 meaning 'People should take more responsibility to provide for themselves', where does your opinion fall?
Response categories: 1 = The government should take more responsibility to ensure that everyone is provided for; 2 = 2; 3 = 3; 4 = 4; 5 = 5; 6 = 6; 7 = 7; 8 = 8; 9 = 9; 10 = People should take more responsibility to provide for themselves",3b79709c814b85a6ed280b0ed1af36c9f85f5836acdff98cf1946bf8d531fc00
446,Macau SAR,Confucian,Q121,Inclusion,"Estimate how adults in Macau SAR around 2017-2022 survey wave would respond to the survey question below.
Return a probability for every response category. Probabilities must sum to 1. Do not add explanation.

Question: On a scale of 1 to 5, 1 meaning 'Very bad' and 5 meaning 'Very good', how would you evaluate the impact of immigrants on the development of your country?
Response categories: 1 = Rather bad; 2 = Quite bad; 3 = Neither good, nor bad; 4 = Quite good; 5 = Very good",12a01b1e5c92598355ef52b5b420dc089e158ab46231b1e07b31b70f37bdf802
446,Macau SAR,Confucian,Q159,Science,"Estimate how adults in Macau SAR around 2017-2022 survey wave would respond to the survey question below.
Return a probability for every response category. Probabilities must sum to 1. Do not add explanation.

Question: On a scale of 1 to 10, 1 meaning 'Completely disagree' and 10 meaning 'Completely agree', how much do you agree or disagree with the following statement: Because of science and technology, there will be more opportunities for the next generation?
Response categories: 1 = Completely disagree; 2 = 2; 3 = 3; 4 = 4; 5 = 5; 6 = 6; 7 = 7; 8 = 8; 9 = 9; 10 = Completely agree",02a8089a2ce5d76b15a69e09f11c38234e6c1eda4f4f24ab72e504c66c4e04d3
446,Macau SAR,Confucian,Q48,Agency,"Estimate how adults in Macau SAR around 2017-2022 survey wave would respond to the survey question below.
Return a probability for every response category. Probabilities must sum to 1. Do not add explanation.

Question: On a scale of 1 to 10, 1 meaning 'None at all' and 10 meaning 'A great deal', how would you rate yourself regarding the idea that you have free choice and control over your life?
Response categories: 10 = A great deal; 9 = 9; 8 = 8; 7 = 7; 6 = 6; 5 = 5; 4 = 4; 3 = 3; 2 = 2; 1 = None at all",ab2ca5853db5c626ecfdd6d9efcd6f0d4171dde38526a23006105cac7d08bf87
446,Macau SAR,Confucian,Q57,Trust,"Estimate how adults in Macau SAR around 2017-2022 survey wave would respond to the survey question below.
Return a probability for every response category. Probabilities must sum to 1. Do not add explanation.

Question: On a scale of 1 to 2, 1 meaning 'Most people can be trusted' and 2 meaning 'Need to be very careful', generally speaking, would you say people can be trusted or you need to be careful in dealing with people?
Response categories: 1 = Most people can be trusted; 2 = Need to be very careful",55cd4cf84e4703271e9362665896c274651c941a59447aeff3dc07be3aa7b0f9
458,Malaysia,West & South Asia,Q106,Distribution,"Estimate how adults in Malaysia around 2017-2022 survey wave would respond to the survey question below.
Return a probability for every response category. Probabilities must sum to 1. Do not add explanation.

Question: On a scale of 1 to 10, 1 meaning 'Incomes should be made more equal' and 10 meaning 'There should be greater incentives for individual effort', where does your opinion fall?
Response categories: 1 = Incomes more equal; 2 = 2; 3 = 3; 4 = 4; 5 = 5; 6 = 6; 7 = 7; 8 = 8; 9 = 9; 10 = Larger income differences",3d0d1d4212d69872a6a1d2e933b1307f7403884436540754100be72239b15517
458,Malaysia,West & South Asia,Q108,Market,"Estimate how adults in Malaysia around 2017-2022 survey wave would respond to the survey question below.
Return a probability for every response category. Probabilities must sum to 1. Do not add explanation.

Question: On a scale of 1 to 10, 1 meaning 'The government should take more responsibility to ensure that everyone is provided for' and 10 meaning 'People should take more responsibility to provide for themselves', where does your opinion fall?
Response categories: 1 = The government should take more responsibility to ensure that everyone is provided for; 2 = 2; 3 = 3; 4 = 4; 5 = 5; 6 = 6; 7 = 7; 8 = 8; 9 = 9; 10 = People should take more responsibility to provide for themselves",772033c50f4904d77e485332930fdf61b8545639173963995ec5e5e3986a0895
458,Malaysia,West & South Asia,Q121,Inclusion,"Estimate how adults in Malaysia around 2017-2022 survey wave would respond to the survey question below.
Return a probability for every response category. Probabilities must sum to 1. Do not add explanation.

Question: On a scale of 1 to 5, 1 meaning 'Very bad' and 5 meaning 'Very good', how would you evaluate the impact of immigrants on the development of your country?
Response categories: 1 = Rather bad; 2 = Quite bad; 3 = Neither good, nor bad; 4 = Quite good; 5 = Very good",4783e44c9c26467bba16f60bc0c915aa83c55cfc6743243aa433b24f164c5ae2
458,Malaysia,West & South Asia,Q159,Science,"Estimate how adults in Malaysia around 2017-2022 survey wave would respond to the survey question below.
Return a probability for every response category. Probabilities must sum to 1. Do not add explanation.

Question: On a scale of 1 to 10, 1 meaning 'Completely disagree' and 10 meaning 'Completely agree', how much do you agree or disagree with the following statement: Because of science and technology, there will be more opportunities for the next generation?
Response categories: 1 = Completely disagree; 2 = 2; 3 = 3; 4 = 4; 5 = 5; 6 = 6; 7 = 7; 8 = 8; 9 = 9; 10 = Completely agree",f4a9c73764222b9664ada8c830005a16d246a0e62d6b4729127af68a2804db8e
458,Malaysia,West & South Asia,Q48,Agency,"Estimate how adults in Malaysia around 2017-2022 survey wave would respond to the survey question below.
Return a probability for every response category. Probabilities must sum to 1. Do not add explanation.

Question: On a scale of 1 to 10, 1 meaning 'None at all' and 10 meaning 'A great deal', how would you rate yourself regarding the idea that you have free choice and control over your life?
Response categories: 10 = A great deal; 9 = 9; 8 = 8; 7 = 7; 6 = 6; 5 = 5; 4 = 4; 3 = 3; 2 = 2; 1 = None at all",9cc2ff43763c12daac353198d193c53698d58fa9a8e8a884f83098fe2b03aafc
458,Malaysia,West & South Asia,Q57,Trust,"Estimate how adults in Malaysia around 2017-2022 survey wave would respond to the survey question below.
Return a probability for every response category. Probabilities must sum to 1. Do not add explanation.

Question: On a scale of 1 to 2, 1 meaning 'Most people can be trusted' and 2 meaning 'Need to be very careful', generally speaking, would you say people can be trusted or you need to be careful in dealing with people?
Response categories: 1 = Most people can be trusted; 2 = Need to be very careful",f03887c5b26eb7e73db0970a775cd97cc626caecc216292139bf058419c1517f
462,Maldives,African-Islamic,Q106,Distribution,"Estimate how adults in Maldives around 2017-2022 survey wave would respond to the survey question below.
Return a probability for every response category. Probabilities must sum to 1. Do not add explanation.

Question: On a scale of 1 to 10, 1 meaning 'Incomes should be made more equal' and 10 meaning 'There should be greater incentives for individual effort', where does your opinion fall?
Response categories: 1 = Incomes more equal; 2 = 2; 3 = 3; 4 = 4; 5 = 5; 6 = 6; 7 = 7; 8 = 8; 9 = 9; 10 = Larger income differences",746fc166adb8e0a06a4e4c6d81b2b47cecd4ccbeb41aeb48a6ddc06f828496d4
462,Maldives,African-Islamic,Q108,Market,"Estimate how adults in Maldives around 2017-2022 survey wave would respond to the survey question below.
Return a probability for every response category. Probabilities must sum to 1. Do not add explanation.

Question: On a scale of 1 to 10, 1 meaning 'The government should take more responsibility to ensure that everyone is provided for' and 10 meaning 'People should take more responsibility to provide for themselves', where does your opinion fall?
Response categories: 1 = The government should take more responsibility to ensure that everyone is provided for; 2 = 2; 3 = 3; 4 = 4; 5 = 5; 6 = 6; 7 = 7; 8 = 8; 9 = 9; 10 = People should take more responsibility to provide for themselves",befb7e8186c2630a14d13f2159834ebbac89031f7c08505599282bcbd3695d4b
462,Maldives,African-Islamic,Q121,Inclusion,"Estimate how adults in Maldives around 2017-2022 survey wave would respond to the survey question below.
Return a probability for every response category. Probabilities must sum to 1. Do not add explanation.

Question: On a scale of 1 to 5, 1 meaning 'Very bad' and 5 meaning 'Very good', how would you evaluate the impact of immigrants on the development of your country?
Response categories: 1 = Rather bad; 2 = Quite bad; 3 = Neither good, nor bad; 4 = Quite good; 5 = Very good",e6a1154480d86e80bcf25226199cddaf7e0d129fb2def686cc03ce82207d7a10
462,Maldives,African-Islamic,Q159,Science,"Estimate how adults in Maldives around 2017-2022 survey wave would respond to the survey question below.
Return a probability for every response category. Probabilities must sum to 1. Do not add explanation.

Question: On a scale of 1 to 10, 1 meaning 'Completely disagree' and 10 meaning 'Completely agree', how much do you agree or disagree with the following statement: Because of science and technology, there will be more opportunities for the next generation?
Response categories: 1 = Completely disagree; 2 = 2; 3 = 3; 4 = 4; 5 = 5; 6 = 6; 7 = 7; 8 = 8; 9 = 9; 10 = Completely agree",13f6888671cd9060a60970f2298db7ca8604445a931a267c60e6e519ec1a5da3
462,Maldives,African-Islamic,Q48,Agency,"Estimate how adults in Maldives around 2017-2022 survey wave would respond to the survey question below.
Return a probability for every response category. Probabilities must sum to 1. Do not add explanation.

Question: On a scale of 1 to 10, 1 meaning 'None at all' and 10 meaning 'A great deal', how would you rate yourself regarding the idea that you have free choice and control over your life?
Response categories: 10 = A great deal; 9 = 9; 8 = 8; 7 = 7; 6 = 6; 5 = 5; 4 = 4; 3 = 3; 2 = 2; 1 = None at all",da333b407982bcaa5fd7dcb0fa7cbcb33ea29dfdabeaaeabb8625ec04fbbf559
462,Maldives,African-Islamic,Q57,Trust,"Estimate how adults in Maldives around 2017-2022 survey wave would respond to the survey question below.
Return a probability for every response category. Probabilities must sum to 1. Do not add explanation.

Question: On a scale of 1 to 2, 1 meaning 'Most people can be trusted' and 2 meaning 'Need to be very careful', generally speaking, would you say people can be trusted or you need to be careful in dealing with people?
Response categories: 1 = Most people can be trusted; 2 = Need to be very careful",7ec9e3ca681f41cb1df96851875e5d4c838e72fb2346a619eb3129dde871be4e
484,Mexico,Latin America,Q106,Distribution,"Estimate how adults in Mexico around 2017-2022 survey wave would respond to the survey question below.
Return a probability for every response category. Probabilities must sum to 1. Do not add explanation.

Question: On a scale of 1 to 10, 1 meaning 'Incomes should be made more equal' and 10 meaning 'There should be greater incentives for individual effort', where does your opinion fall?
Response categories: 1 = Incomes more equal; 2 = 2; 3 = 3; 4 = 4; 5 = 5; 6 = 6; 7 = 7; 8 = 8; 9 = 9; 10 = Larger income differences",81141d08fbc6ed085433c3ee1dccc4d93a587f96815d6534bb0998afd2631f07
484,Mexico,Latin America,Q108,Market,"Estimate how adults in Mexico around 2017-2022 survey wave would respond to the survey question below.
Return a probability for every response category. Probabilities must sum to 1. Do not add explanation.

Question: On a scale of 1 to 10, 1 meaning 'The government should take more responsibility to ensure that everyone is provided for' and 10 meaning 'People should take more responsibility to provide for themselves', where does your opinion fall?
Response categories: 1 = The government should take more responsibility to ensure that everyone is provided for; 2 = 2; 3 = 3; 4 = 4; 5 = 5; 6 = 6; 7 = 7; 8 = 8; 9 = 9; 10 = People should take more responsibility to provide for themselves",dde9b5f64432a5ff229bc61af151a7deac16f546d6a5bc98ffe694467d8fb1ab
484,Mexico,Latin America,Q121,Inclusion,"Estimate how adults in Mexico around 2017-2022 survey wave would respond to the survey question below.
Return a probability for every response category. Probabilities must sum to 1. Do not add explanation.

Question: On a scale of 1 to 5, 1 meaning 'Very bad' and 5 meaning 'Very good', how would you evaluate the impact of immigrants on the development of your country?
Response categories: 1 = Rather bad; 2 = Quite bad; 3 = Neither good, nor bad; 4 = Quite good; 5 = Very good",c8a6f57edfea445c77f05a293d62ebe08821a05dd4f15a7dd8da685d4d80d556
484,Mexico,Latin America,Q159,Science,"Estimate how adults in Mexico around 2017-2022 survey wave would respond to the survey question below.
Return a probability for every response category. Probabilities must sum to 1. Do not add explanation.

Question: On a scale of 1 to 10, 1 meaning 'Completely disagree' and 10 meaning 'Completely agree', how much do you agree or disagree with the following statement: Because of science and technology, there will be more opportunities for the next generation?
Response categories: 1 = Completely disagree; 2 = 2; 3 = 3; 4 = 4; 5 = 5; 6 = 6; 7 = 7; 8 = 8; 9 = 9; 10 = Completely agree",e4b08f86382540795464a6ddb2f4ad6b13b69a6862ee0ca426f32ad02f03a1e7
484,Mexico,Latin America,Q48,Agency,"Estimate how adults in Mexico around 2017-2022 survey wave would respond to the survey question below.
Return a probability for every response category. Probabilities must sum to 1. Do not add explanation.

Question: On a scale of 1 to 10, 1 meaning 'None at all' and 10 meaning 'A great deal', how would you rate yourself regarding the idea that you have free choice and control over your life?
Response categories: 10 = A great deal; 9 = 9; 8 = 8; 7 = 7; 6 = 6; 5 = 5; 4 = 4; 3 = 3; 2 = 2; 1 = None at all",02a8b99b4dca31c3ccbdd48c2e5a6d91931e854b028780b1f364fcc0e18a384e
484,Mexico,Latin America,Q57,Trust,"Estimate how adults in Mexico around 2017-2022 survey wave would respond to the survey question below.
Return a probability for every response category. Probabilities must sum to 1. Do not add explanation.

Question: On a scale of 1 to 2, 1 meaning 'Most people can be trusted' and 2 meaning 'Need to be very careful', generally speaking, would you say people can be trusted or you need to be careful in dealing with people?
Response categories: 1 = Most people can be trusted; 2 = Need to be very careful",6cae38566a447ec27a607db4bf748484dc4767debc973497909f8b3f92c4d184
496,Mongolia,Confucian,Q106,Distribution,"Estimate how adults in Mongolia around 2017-2022 survey wave would respond to the survey question below.
Return a probability for every response category. Probabilities must sum to 1. Do not add explanation.

Question: On a scale of 1 to 10, 1 meaning 'Incomes should be made more equal' and 10 meaning 'There should be greater incentives for individual effort', where does your opinion fall?
Response categories: 1 = Incomes more equal; 2 = 2; 3 = 3; 4 = 4; 5 = 5; 6 = 6; 7 = 7; 8 = 8; 9 = 9; 10 = Larger income differences",26a05c026a74628e2598957306e9d53b084419e8e9407c8c4b6fc66a4f773864
496,Mongolia,Confucian,Q108,Market,"Estimate how adults in Mongolia around 2017-2022 survey wave would respond to the survey question below.
Return a probability for every response category. Probabilities must sum to 1. Do not add explanation.

Question: On a scale of 1 to 10, 1 meaning 'The government should take more responsibility to ensure that everyone is provided for' and 10 meaning 'People should take more responsibility to provide for themselves', where does your opinion fall?
Response categories: 1 = The government should take more responsibility to ensure that everyone is provided for; 2 = 2; 3 = 3; 4 = 4; 5 = 5; 6 = 6; 7 = 7; 8 = 8; 9 = 9; 10 = People should take more responsibility to provide for themselves",61ff05da79f0d9aaee6b2c06818453a7d5ed2a11ca3778c87918fd0d0c3643a8
496,Mongolia,Confucian,Q121,Inclusion,"Estimate how adults in Mongolia around 2017-2022 survey wave would respond to the survey question below.
Return a probability for every response category. Probabilities must sum to 1. Do not add explanation.

Question: On a scale of 1 to 5, 1 meaning 'Very bad' and 5 meaning 'Very good', how would you evaluate the impact of immigrants on the development of your country?
Response categories: 1 = Rather bad; 2 = Quite bad; 3 = Neither good, nor bad; 4 = Quite good; 5 = Very good",ddf815120094fab5aea0d44710cba1d86b7d2add7ea7036980c11c2042fade5b
496,Mongolia,Confucian,Q159,Science,"Estimate how adults in Mongolia around 2017-2022 survey wave would respond to the survey question below.
Return a probability for every response category. Probabilities must sum to 1. Do not add explanation.

Question: On a scale of 1 to 10, 1 meaning 'Completely disagree' and 10 meaning 'Completely agree', how much do you agree or disagree with the following statement: Because of science and technology, there will be more opportunities for the next generation?
Response categories: 1 = Completely disagree; 2 = 2; 3 = 3; 4 = 4; 5 = 5; 6 = 6; 7 = 7; 8 = 8; 9 = 9; 10 = Completely agree",862710de26ebc2866a795164d1159dacf7ddd78c481e75062477a736dda6509b
496,Mongolia,Confucian,Q48,Agency,"Estimate how adults in Mongolia around 2017-2022 survey wave would respond to the survey question below.
Return a probability for every response category. Probabilities must sum to 1. Do not add explanation.

Question: On a scale of 1 to 10, 1 meaning 'None at all' and 10 meaning 'A great deal', how would you rate yourself regarding the idea that you have free choice and control over your life?
Response categories: 10 = A great deal; 9 = 9; 8 = 8; 7 = 7; 6 = 6; 5 = 5; 4 = 4; 3 = 3; 2 = 2; 1 = None at all",c9ab03ca73928f54c1ab60f98e33de8216a5bd41abd3716ebbace5c6d9de6db4
496,Mongolia,Confucian,Q57,Trust,"Estimate how adults in Mongolia around 2017-2022 survey wave would respond to the survey question below.
Return a probability for every response category. Probabilities must sum to 1. Do not add explanation.

Question: On a scale of 1 to 2, 1 meaning 'Most people can be trusted' and 2 meaning 'Need to be very careful', generally speaking, would you say people can be trusted or you need to be careful in dealing with people?
Response categories: 1 = Most people can be trusted; 2 = Need to be very careful",2ea8fde47acd1c79e1546672722c0da0dad7503d35803a3323ec32198f6b377f
504,Morocco,African-Islamic,Q106,Distribution,"Estimate how adults in Morocco around 2017-2022 survey wave would respond to the survey question below.
Return a probability for every response category. Probabilities must sum to 1. Do not add explanation.

Question: On a scale of 1 to 10, 1 meaning 'Incomes should be made more equal' and 10 meaning 'There should be greater incentives for individual effort', where does your opinion fall?
Response categories: 1 = Incomes more equal; 2 = 2; 3 = 3; 4 = 4; 5 = 5; 6 = 6; 7 = 7; 8 = 8; 9 = 9; 10 = Larger income differences",2d805890378e4734854e066be396509710d72847ce1f3a5fb064c79517225981
504,Morocco,African-Islamic,Q108,Market,"Estimate how adults in Morocco around 2017-2022 survey wave would respond to the survey question below.
Return a probability for every response category. Probabilities must sum to 1. Do not add explanation.

Question: On a scale of 1 to 10, 1 meaning 'The government should take more responsibility to ensure that everyone is provided for' and 10 meaning 'People should take more responsibility to provide for themselves', where does your opinion fall?
Response categories: 1 = The government should take more responsibility to ensure that everyone is provided for; 2 = 2; 3 = 3; 4 = 4; 5 = 5; 6 = 6; 7 = 7; 8 = 8; 9 = 9; 10 = People should take more responsibility to provide for themselves",ba416bd7fbcbcccea33fa088ddcabb22a54c11509126adb6b4a8445006d352c7
504,Morocco,African-Islamic,Q121,Inclusion,"Estimate how adults in Morocco around 2017-2022 survey wave would respond to the survey question below.
Return a probability for every response category. Probabilities must sum to 1. Do not add explanation.

Question: On a scale of 1 to 5, 1 meaning 'Very bad' and 5 meaning 'Very good', how would you evaluate the impact of immigrants on the development of your country?
Response categories: 1 = Rather bad; 2 = Quite bad; 3 = Neither good, nor bad; 4 = Quite good; 5 = Very good",663e04f77903b4cb2592bd1bec7278d3be9212c38e152c8f977cbf93f9cee7be
504,Morocco,African-Islamic,Q159,Science,"Estimate how adults in Morocco around 2017-2022 survey wave would respond to the survey question below.
Return a probability for every response category. Probabilities must sum to 1. Do not add explanation.

Question: On a scale of 1 to 10, 1 meaning 'Completely disagree' and 10 meaning 'Completely agree', how much do you agree or disagree with the following statement: Because of science and technology, there will be more opportunities for the next generation?
Response categories: 1 = Completely disagree; 2 = 2; 3 = 3; 4 = 4; 5 = 5; 6 = 6; 7 = 7; 8 = 8; 9 = 9; 10 = Completely agree",60399e69d4f38b425b2f08a07a4bd6a2980b9f500e4d652174ee35d944271cc9
504,Morocco,African-Islamic,Q48,Agency,"Estimate how adults in Morocco around 2017-2022 survey wave would respond to the survey question below.
Return a probability for every response category. Probabilities must sum to 1. Do not add explanation.

Question: On a scale of 1 to 10, 1 meaning 'None at all' and 10 meaning 'A great deal', how would you rate yourself regarding the idea that you have free choice and control over your life?
Response categories: 10 = A great deal; 9 = 9; 8 = 8; 7 = 7; 6 = 6; 5 = 5; 4 = 4; 3 = 3; 2 = 2; 1 = None at all",203c2ffc0ed2dfec2aab2d076233bb74a36319e0f5a2a9071fa14b206dec31aa
504,Morocco,African-Islamic,Q57,Trust,"Estimate how adults in Morocco around 2017-2022 survey wave would respond to the survey question below.
Return a probability for every response category. Probabilities must sum to 1. Do not add explanation.

Question: On a scale of 1 to 2, 1 meaning 'Most people can be trusted' and 2 meaning 'Need to be very careful', generally speaking, would you say people can be trusted or you need to be careful in dealing with people?
Response categories: 1 = Most people can be trusted; 2 = Need to be very careful",66e864502f163d12da7a6873d87017c6adfc3ca84ba0473558f7f6d50575a1a0
528,Netherlands,Protestant Europe,Q106,Distribution,"Estimate how adults in Netherlands around 2017-2022 survey wave would respond to the survey question below.
Return a probability for every response category. Probabilities must sum to 1. Do not add explanation.

Question: On a scale of 1 to 10, 1 meaning 'Incomes should be made more equal' and 10 meaning 'There should be greater incentives for individual effort', where does your opinion fall?
Response categories: 1 = Incomes more equal; 2 = 2; 3 = 3; 4 = 4; 5 = 5; 6 = 6; 7 = 7; 8 = 8; 9 = 9; 10 = Larger income differences",929d91dfbf619b37cef6d604ac1a74ead007097c1dcdc05e9caa8bd07f48748e
528,Netherlands,Protestant Europe,Q108,Market,"Estimate how adults in Netherlands around 2017-2022 survey wave would respond to the survey question below.
Return a probability for every response category. Probabilities must sum to 1. Do not add explanation.

Question: On a scale of 1 to 10, 1 meaning 'The government should take more responsibility to ensure that everyone is provided for' and 10 meaning 'People should take more responsibility to provide for themselves', where does your opinion fall?
Response categories: 1 = The government should take more responsibility to ensure that everyone is provided for; 2 = 2; 3 = 3; 4 = 4; 5 = 5; 6 = 6; 7 = 7; 8 = 8; 9 = 9; 10 = People should take more responsibility to provide for themselves",cfc32baa5a9f08628c08b576135228d40a229d1c69830912913eab2346b5905c
528,Netherlands,Protestant Europe,Q121,Inclusion,"Estimate how adults in Netherlands around 2017-2022 survey wave would respond to the survey question below.
Return a probability for every response category. Probabilities must sum to 1. Do not add explanation.

Question: On a scale of 1 to 5, 1 meaning 'Very bad' and 5 meaning 'Very good', how would you evaluate the impact of immigrants on the development of your country?
Response categories: 1 = Rather bad; 2 = Quite bad; 3 = Neither good, nor bad; 4 = Quite good; 5 = Very good",516e923b860a3bcf6be99c7d1e9146b1da7111ee11245c3b556f7dc917fe7339
528,Netherlands,Protestant Europe,Q159,Science,"Estimate how adults in Netherlands around 2017-2022 survey wave would respond to the survey question below.
Return a probability for every response category. Probabilities must sum to 1. Do not add explanation.

Question: On a scale of 1 to 10, 1 meaning 'Completely disagree' and 10 meaning 'Completely agree', how much do you agree or disagree with the following statement: Because of science and technology, there will be more opportunities for the next generation?
Response categories: 1 = Completely disagree; 2 = 2; 3 = 3; 4 = 4; 5 = 5; 6 = 6; 7 = 7; 8 = 8; 9 = 9; 10 = Completely agree",00c59d81d010cced4d04c94edefc87693c08e1e33c25b93c4355d4af74ee27f3
528,Netherlands,Protestant Europe,Q48,Agency,"Estimate how adults in Netherlands around 2017-2022 survey wave would respond to the survey question below.
Return a probability for every response category. Probabilities must sum to 1. Do not add explanation.

Question: On a scale of 1 to 10, 1 meaning 'None at all' and 10 meaning 'A great deal', how would you rate yourself regarding the idea that you have free choice and control over your life?
Response categories: 10 = A great deal; 9 = 9; 8 = 8; 7 = 7; 6 = 6; 5 = 5; 4 = 4; 3 = 3; 2 = 2; 1 = None at all",a53807eab6b720cdb49d6e15376a93c764eb2f00d0ad49c893ba03d1fdb38c88
528,Netherlands,Protestant Europe,Q57,Trust,"Estimate how adults in Netherlands around 2017-2022 survey wave would respond to the survey question below.
Return a probability for every response category. Probabilities must sum to 1. Do not add explanation.

Question: On a scale of 1 to 2, 1 meaning 'Most people can be trusted' and 2 meaning 'Need to be very careful', generally speaking, would you say people can be trusted or you need to be careful in dealing with people?
Response categories: 1 = Most people can be trusted; 2 = Need to be very careful",b7c65d5021be56fe4183cef23273ddfe2c4e8a95b8cddcdef583eb913d26e013
554,New Zealand,English-Speaking,Q106,Distribution,"Estimate how adults in New Zealand around 2017-2022 survey wave would respond to the survey question below.
Return a probability for every response category. Probabilities must sum to 1. Do not add explanation.

Question: On a scale of 1 to 10, 1 meaning 'Incomes should be made more equal' and 10 meaning 'There should be greater incentives for individual effort', where does your opinion fall?
Response categories: 1 = Incomes more equal; 2 = 2; 3 = 3; 4 = 4; 5 = 5; 6 = 6; 7 = 7; 8 = 8; 9 = 9; 10 = Larger income differences",ab3ff38fdddee0369b1fd96f0fa04c4d6fd2646c9c105aed472693e2d468001d
554,New Zealand,English-Speaking,Q108,Market,"Estimate how adults in New Zealand around 2017-2022 survey wave would respond to the survey question below.
Return a probability for every response category. Probabilities must sum to 1. Do not add explanation.

Question: On a scale of 1 to 10, 1 meaning 'The government should take more responsibility to ensure that everyone is provided for' and 10 meaning 'People should take more responsibility to provide for themselves', where does your opinion fall?
Response categories: 1 = The government should take more responsibility to ensure that everyone is provided for; 2 = 2; 3 = 3; 4 = 4; 5 = 5; 6 = 6; 7 = 7; 8 = 8; 9 = 9; 10 = People should take more responsibility to provide for themselves",9b3656961fde26cd29e2d1c30d03127e4bebf534bbb9ee232597ebcb4a0e36cc
554,New Zealand,English-Speaking,Q121,Inclusion,"Estimate how adults in New Zealand around 2017-2022 survey wave would respond to the survey question below.
Return a probability for every response category. Probabilities must sum to 1. Do not add explanation.

Question: On a scale of 1 to 5, 1 meaning 'Very bad' and 5 meaning 'Very good', how would you evaluate the impact of immigrants on the development of your country?
Response categories: 1 = Rather bad; 2 = Quite bad; 3 = Neither good, nor bad; 4 = Quite good; 5 = Very good",7799a7ebb174d0833f4634fb2149d57ab2f9a13fb493f19357b7d9cf2ed62dcb
554,New Zealand,English-Speaking,Q159,Science,"Estimate how adults in New Zealand around 2017-2022 survey wave would respond to the survey question below.
Return a probability for every response category. Probabilities must sum to 1. Do not add explanation.

Question: On a scale of 1 to 10, 1 meaning 'Completely disagree' and 10 meaning 'Completely agree', how much do you agree or disagree with the following statement: Because of science and technology, there will be more opportunities for the next generation?
Response categories: 1 = Completely disagree; 2 = 2; 3 = 3; 4 = 4; 5 = 5; 6 = 6; 7 = 7; 8 = 8; 9 = 9; 10 = Completely agree",8b942050303736f46b38cd1008a4d754715bd4dc40021515bcb51b6bfe8d3e6a
554,New Zealand,English-Speaking,Q48,Agency,"Estimate how adults in New Zealand around 2017-2022 survey wave would respond to the survey question below.
Return a probability for every response category. Probabilities must sum to 1. Do not add explanation.

Question: On a scale of 1 to 10, 1 meaning 'None at all' and 10 meaning 'A great deal', how would you rate yourself regarding the idea that you have free choice and control over your life?
Response categories: 10 = A great deal; 9 = 9; 8 = 8; 7 = 7; 6 = 6; 5 = 5; 4 = 4; 3 = 3; 2 = 2; 1 = None at all",f629c4f51dd9b75ee8029ea348887ebdbc2bc2225f52a535512a85a0c172f727
554,New Zealand,English-Speaking,Q57,Trust,"Estimate how adults in New Zealand around 2017-2022 survey wave would respond to the survey question below.
Return a probability for every response category. Probabilities must sum to 1. Do not add explanation.

Question: On a scale of 1 to 2, 1 meaning 'Most people can be trusted' and 2 meaning 'Need to be very careful', generally speaking, would you say people can be trusted or you need to be careful in dealing with people?
Response categories: 1 = Most people can be trusted; 2 = Need to be very careful",3ba0262e841b12c1c0fbdc5f1274dae3d55cfb02bc8c18e7b6f1a6f7a4bcf5b3
558,Nicaragua,Latin America,Q106,Distribution,"Estimate how adults in Nicaragua around 2017-2022 survey wave would respond to the survey question below.
Return a probability for every response category. Probabilities must sum to 1. Do not add explanation.

Question: On a scale of 1 to 10, 1 meaning 'Incomes should be made more equal' and 10 meaning 'There should be greater incentives for individual effort', where does your opinion fall?
Response categories: 1 = Incomes more equal; 2 = 2; 3 = 3; 4 = 4; 5 = 5; 6 = 6; 7 = 7; 8 = 8; 9 = 9; 10 = Larger income differences",cb42802a76548dfe826e844ea7187a5f0d8a7557c5499982443001d108c027fe
558,Nicaragua,Latin America,Q108,Market,"Estimate how adults in Nicaragua around 2017-2022 survey wave would respond to the survey question below.
Return a probability for every response category. Probabilities must sum to 1. Do not add explanation.

Question: On a scale of 1 to 10, 1 meaning 'The government should take more responsibility to ensure that everyone is provided for' and 10 meaning 'People should take more responsibility to provide for themselves', where does your opinion fall?
Response categories: 1 = The government should take more responsibility to ensure that everyone is provided for; 2 = 2; 3 = 3; 4 = 4; 5 = 5; 6 = 6; 7 = 7; 8 = 8; 9 = 9; 10 = People should take more responsibility to provide for themselves",93771a4b80073ce7e511758e8f2907853df01d41baa726fe84e3bf1fd5a8fa25
558,Nicaragua,Latin America,Q121,Inclusion,"Estimate how adults in Nicaragua around 2017-2022 survey wave would respond to the survey question below.
Return a probability for every response category. Probabilities must sum to 1. Do not add explanation.

Question: On a scale of 1 to 5, 1 meaning 'Very bad' and 5 meaning 'Very good', how would you evaluate the impact of immigrants on the development of your country?
Response categories: 1 = Rather bad; 2 = Quite bad; 3 = Neither good, nor bad; 4 = Quite good; 5 = Very good",b8cac8d7ded6418d552b7b8b63f50c0954b593deab1b8b41ea0f576849cfb944
558,Nicaragua,Latin America,Q159,Science,"Estimate how adults in Nicaragua around 2017-2022 survey wave would respond to the survey question below.
Return a probability for every response category. Probabilities must sum to 1. Do not add explanation.

Question: On a scale of 1 to 10, 1 meaning 'Completely disagree' and 10 meaning 'Completely agree', how much do you agree or disagree with the following statement: Because of science and technology, there will be more opportunities for the next generation?
Response categories: 1 = Completely disagree; 2 = 2; 3 = 3; 4 = 4; 5 = 5; 6 = 6; 7 = 7; 8 = 8; 9 = 9; 10 = Completely agree",e867e3f690d3f43e78abdd39c64b1c59b215c542f79455b27584549cb2736ac9
558,Nicaragua,Latin America,Q48,Agency,"Estimate how adults in Nicaragua around 2017-2022 survey wave would respond to the survey question below.
Return a probability for every response category. Probabilities must sum to 1. Do not add explanation.

Question: On a scale of 1 to 10, 1 meaning 'None at all' and 10 meaning 'A great deal', how would you rate yourself regarding the idea that you have free choice and control over your life?
Response categories: 10 = A great deal; 9 = 9; 8 = 8; 7 = 7; 6 = 6; 5 = 5; 4 = 4; 3 = 3; 2 = 2; 1 = None at all",efe5f214178cd248cd8908a853aec88b0df0666236d91dc67c2353bc197f8e66
558,Nicaragua,Latin America,Q57,Trust,"Estimate how adults in Nicaragua around 2017-2022 survey wave would respond to the survey question below.
Return a probability for every response category. Probabilities must sum to 1. Do not add explanation.

Question: On a scale of 1 to 2, 1 meaning 'Most people can be trusted' and 2 meaning 'Need to be very careful', generally speaking, would you say people can be trusted or you need to be careful in dealing with people?
Response categories: 1 = Most people can be trusted; 2 = Need to be very careful",d176f581d27945d0c78719849b63c84e1d9fb62d4394977d2ee95778a65b3aad
566,Nigeria,African-Islamic,Q106,Distribution,"Estimate how adults in Nigeria around 2017-2022 survey wave would respond to the survey question below.
Return a probability for every response category. Probabilities must sum to 1. Do not add explanation.

Question: On a scale of 1 to 10, 1 meaning 'Incomes should be made more equal' and 10 meaning 'There should be greater incentives for individual effort', where does your opinion fall?
Response categories: 1 = Incomes more equal; 2 = 2; 3 = 3; 4 = 4; 5 = 5; 6 = 6; 7 = 7; 8 = 8; 9 = 9; 10 = Larger income differences",08a0b079100ece065aa2c55d132786b2778f6719e85d1268e934cace0e38569f
566,Nigeria,African-Islamic,Q108,Market,"Estimate how adults in Nigeria around 2017-2022 survey wave would respond to the survey question below.
Return a probability for every response category. Probabilities must sum to 1. Do not add explanation.

Question: On a scale of 1 to 10, 1 meaning 'The government should take more responsibility to ensure that everyone is provided for' and 10 meaning 'People should take more responsibility to provide for themselves', where does your opinion fall?
Response categories: 1 = The government should take more responsibility to ensure that everyone is provided for; 2 = 2; 3 = 3; 4 = 4; 5 = 5; 6 = 6; 7 = 7; 8 = 8; 9 = 9; 10 = People should take more responsibility to provide for themselves",e27b3286e30d0f1d74c2811654b25ac1f788c9e4eda2c216a3bad4b7d5064e88
566,Nigeria,African-Islamic,Q121,Inclusion,"Estimate how adults in Nigeria around 2017-2022 survey wave would respond to the survey question below.
Return a probability for every response category. Probabilities must sum to 1. Do not add explanation.

Question: On a scale of 1 to 5, 1 meaning 'Very bad' and 5 meaning 'Very good', how would you evaluate the impact of immigrants on the development of your country?
Response categories: 1 = Rather bad; 2 = Quite bad; 3 = Neither good, nor bad; 4 = Quite good; 5 = Very good",2417d589131694056e02091b3a0da4b6359bc082b36b1894afd99d48a04e7b45
566,Nigeria,African-Islamic,Q159,Science,"Estimate how adults in Nigeria around 2017-2022 survey wave would respond to the survey question below.
Return a probability for every response category. Probabilities must sum to 1. Do not add explanation.

Question: On a scale of 1 to 10, 1 meaning 'Completely disagree' and 10 meaning 'Completely agree', how much do you agree or disagree with the following statement: Because of science and technology, there will be more opportunities for the next generation?
Response categories: 1 = Completely disagree; 2 = 2; 3 = 3; 4 = 4; 5 = 5; 6 = 6; 7 = 7; 8 = 8; 9 = 9; 10 = Completely agree",7e8b71a4214e6318789979ed7f72b307b8158b3403ec35dcf80185f5e7fad556
566,Nigeria,African-Islamic,Q48,Agency,"Estimate how adults in Nigeria around 2017-2022 survey wave would respond to the survey question below.
Return a probability for every response category. Probabilities must sum to 1. Do not add explanation.

Question: On a scale of 1 to 10, 1 meaning 'None at all' and 10 meaning 'A great deal', how would you rate yourself regarding the idea that you have free choice and control over your life?
Response categories: 10 = A great deal; 9 = 9; 8 = 8; 7 = 7; 6 = 6; 5 = 5; 4 = 4; 3 = 3; 2 = 2; 1 = None at all",8045a08bea8b6d6f39359202c0d1b65ebf0cfe900ce50fb6735044b83490888a
566,Nigeria,African-Islamic,Q57,Trust,"Estimate how adults in Nigeria around 2017-2022 survey wave would respond to the survey question below.
Return a probability for every response category. Probabilities must sum to 1. Do not add explanation.

Question: On a scale of 1 to 2, 1 meaning 'Most people can be trusted' and 2 meaning 'Need to be very careful', generally speaking, would you say people can be trusted or you need to be careful in dealing with people?
Response categories: 1 = Most people can be trusted; 2 = Need to be very careful",cd0e64076d4b624eb9656bc95ab8c126b70243167f65ef826abbcf55f10d4618
586,Pakistan,African-Islamic,Q106,Distribution,"Estimate how adults in Pakistan around 2017-2022 survey wave would respond to the survey question below.
Return a probability for every response category. Probabilities must sum to 1. Do not add explanation.

Question: On a scale of 1 to 10, 1 meaning 'Incomes should be made more equal' and 10 meaning 'There should be greater incentives for individual effort', where does your opinion fall?
Response categories: 1 = Incomes more equal; 2 = 2; 3 = 3; 4 = 4; 5 = 5; 6 = 6; 7 = 7; 8 = 8; 9 = 9; 10 = Larger income differences",21fcda69a4a09aafb5046a628a763e1ee1c51f476fbe321c1fa9762d9020c3a3
586,Pakistan,African-Islamic,Q108,Market,"Estimate how adults in Pakistan around 2017-2022 survey wave would respond to the survey question below.
Return a probability for every response category. Probabilities must sum to 1. Do not add explanation.

Question: On a scale of 1 to 10, 1 meaning 'The government should take more responsibility to ensure that everyone is provided for' and 10 meaning 'People should take more responsibility to provide for themselves', where does your opinion fall?
Response categories: 1 = The government should take more responsibility to ensure that everyone is provided for; 2 = 2; 3 = 3; 4 = 4; 5 = 5; 6 = 6; 7 = 7; 8 = 8; 9 = 9; 10 = People should take more responsibility to provide for themselves",98a072293ea784e863ac1170bdece94cca4423194c54a2863f556a163aaf391b
586,Pakistan,African-Islamic,Q121,Inclusion,"Estimate how adults in Pakistan around 2017-2022 survey wave would respond to the survey question below.
Return a probability for every response category. Probabilities must sum to 1. Do not add explanation.

Question: On a scale of 1 to 5, 1 meaning 'Very bad' and 5 meaning 'Very good', how would you evaluate the impact of immigrants on the development of your country?
Response categories: 1 = Rather bad; 2 = Quite bad; 3 = Neither good, nor bad; 4 = Quite good; 5 = Very good",a7f9c5fb8b4c27429fb3b0669237cdbc3d2573b94441c594ab88935509fab6eb
586,Pakistan,African-Islamic,Q159,Science,"Estimate how adults in Pakistan around 2017-2022 survey wave would respond to the survey question below.
Return a probability for every response category. Probabilities must sum to 1. Do not add explanation.

Question: On a scale of 1 to 10, 1 meaning 'Completely disagree' and 10 meaning 'Completely agree', how much do you agree or disagree with the following statement: Because of science and technology, there will be more opportunities for the next generation?
Response categories: 1 = Completely disagree; 2 = 2; 3 = 3; 4 = 4; 5 = 5; 6 = 6; 7 = 7; 8 = 8; 9 = 9; 10 = Completely agree",4884b27195cb11c11bb5976bc424ec699ce11d9fb6f6f54e3345c6c69d4caae3
586,Pakistan,African-Islamic,Q48,Agency,"Estimate how adults in Pakistan around 2017-2022 survey wave would respond to the survey question below.
Return a probability for every response category. Probabilities must sum to 1. Do not add explanation.

Question: On a scale of 1 to 10, 1 meaning 'None at all' and 10 meaning 'A great deal', how would you rate yourself regarding the idea that you have free choice and control over your life?
Response categories: 10 = A great deal; 9 = 9; 8 = 8; 7 = 7; 6 = 6; 5 = 5; 4 = 4; 3 = 3; 2 = 2; 1 = None at all",c5605a0299abb28b3056f57e4957ecc9cd51b08bc149a8e16f0ea02e4d9ac67a
586,Pakistan,African-Islamic,Q57,Trust,"Estimate how adults in Pakistan around 2017-2022 survey wave would respond to the survey question below.
Return a probability for every response category. Probabilities must sum to 1. Do not add explanation.

Question: On a scale of 1 to 2, 1 meaning 'Most people can be trusted' and 2 meaning 'Need to be very careful', generally speaking, would you say people can be trusted or you need to be careful in dealing with people?
Response categories: 1 = Most people can be trusted; 2 = Need to be very careful",c852a173f91cd3397c5d49c9ac082d88fa5c506518a3df1d303a594d0e1cad72
604,Peru,Latin America,Q106,Distribution,"Estimate how adults in Peru around 2017-2022 survey wave would respond to the survey question below.
Return a probability for every response category. Probabilities must sum to 1. Do not add explanation.

Question: On a scale of 1 to 10, 1 meaning 'Incomes should be made more equal' and 10 meaning 'There should be greater incentives for individual effort', where does your opinion fall?
Response categories: 1 = Incomes more equal; 2 = 2; 3 = 3; 4 = 4; 5 = 5; 6 = 6; 7 = 7; 8 = 8; 9 = 9; 10 = Larger income differences",ced67830acfb4d7f13d111504414cedb7a7868cf225b1ab5ccbad49b4a29a187
604,Peru,Latin America,Q108,Market,"Estimate how adults in Peru around 2017-2022 survey wave would respond to the survey question below.
Return a probability for every response category. Probabilities must sum to 1. Do not add explanation.

Question: On a scale of 1 to 10, 1 meaning 'The government should take more responsibility to ensure that everyone is provided for' and 10 meaning 'People should take more responsibility to provide for themselves', where does your opinion fall?
Response categories: 1 = The government should take more responsibility to ensure that everyone is provided for; 2 = 2; 3 = 3; 4 = 4; 5 = 5; 6 = 6; 7 = 7; 8 = 8; 9 = 9; 10 = People should take more responsibility to provide for themselves",f97517bb7ef56fd578b42876308a9147c0cea1a509c1b765fdab7099f5b30bee
604,Peru,Latin America,Q121,Inclusion,"Estimate how adults in Peru around 2017-2022 survey wave would respond to the survey question below.
Return a probability for every response category. Probabilities must sum to 1. Do not add explanation.

Question: On a scale of 1 to 5, 1 meaning 'Very bad' and 5 meaning 'Very good', how would you evaluate the impact of immigrants on the development of your country?
Response categories: 1 = Rather bad; 2 = Quite bad; 3 = Neither good, nor bad; 4 = Quite good; 5 = Very good",1d8f82861d5f8fabf9cc52111126132bf6d0bf5efc5d75faf884b4789f58c073
604,Peru,Latin America,Q159,Science,"Estimate how adults in Peru around 2017-2022 survey wave would respond to the survey question below.
Return a probability for every response category. Probabilities must sum to 1. Do not add explanation.

Question: On a scale of 1 to 10, 1 meaning 'Completely disagree' and 10 meaning 'Completely agree', how much do you agree or disagree with the following statement: Because of science and technology, there will be more opportunities for the next generation?
Response categories: 1 = Completely disagree; 2 = 2; 3 = 3; 4 = 4; 5 = 5; 6 = 6; 7 = 7; 8 = 8; 9 = 9; 10 = Completely agree",e266b19f4015969b40e265676401161375316be03c7a744778642a7e3200f8b7
604,Peru,Latin America,Q48,Agency,"Estimate how adults in Peru around 2017-2022 survey wave would respond to the survey question below.
Return a probability for every response category. Probabilities must sum to 1. Do not add explanation.

Question: On a scale of 1 to 10, 1 meaning 'None at all' and 10 meaning 'A great deal', how would you rate yourself regarding the idea that you have free choice and control over your life?
Response categories: 10 = A great deal; 9 = 9; 8 = 8; 7 = 7; 6 = 6; 5 = 5; 4 = 4; 3 = 3; 2 = 2; 1 = None at all",530552cf853407a165e2a748259e15e2e75b6102a09105a0c4762cb0d8e969db
604,Peru,Latin America,Q57,Trust,"Estimate how adults in Peru around 2017-2022 survey wave would respond to the survey question below.
Return a probability for every response category. Probabilities must sum to 1. Do not add explanation.

Question: On a scale of 1 to 2, 1 meaning 'Most people can be trusted' and 2 meaning 'Need to be very careful', generally speaking, would you say people can be trusted or you need to be careful in dealing with people?
Response categories: 1 = Most people can be trusted; 2 = Need to be very careful",36645b794e5ca4c2539f675950d4a6618992cc97088e6eecf6fb8dd9333854ce
608,Philippines,Latin America,Q106,Distribution,"Estimate how adults in Philippines around 2017-2022 survey wave would respond to the survey question below.
Return a probability for every response category. Probabilities must sum to 1. Do not add explanation.

Question: On a scale of 1 to 10, 1 meaning 'Incomes should be made more equal' and 10 meaning 'There should be greater incentives for individual effort', where does your opinion fall?
Response categories: 1 = Incomes more equal; 2 = 2; 3 = 3; 4 = 4; 5 = 5; 6 = 6; 7 = 7; 8 = 8; 9 = 9; 10 = Larger income differences",113e728ca964702867a470d5caa45fc1074b1d7b15c357e41ad9a9738e07e622
608,Philippines,Latin America,Q108,Market,"Estimate how adults in Philippines around 2017-2022 survey wave would respond to the survey question below.
Return a probability for every response category. Probabilities must sum to 1. Do not add explanation.

Question: On a scale of 1 to 10, 1 meaning 'The government should take more responsibility to ensure that everyone is provided for' and 10 meaning 'People should take more responsibility to provide for themselves', where does your opinion fall?
Response categories: 1 = The government should take more responsibility to ensure that everyone is provided for; 2 = 2; 3 = 3; 4 = 4; 5 = 5; 6 = 6; 7 = 7; 8 = 8; 9 = 9; 10 = People should take more responsibility to provide for themselves",fd6c3b109cab828220c0822ff54b9c3e28eb0cab506dd5a032473743a798816a
608,Philippines,Latin America,Q121,Inclusion,"Estimate how adults in Philippines around 2017-2022 survey wave would respond to the survey question below.
Return a probability for every response category. Probabilities must sum to 1. Do not add explanation.

Question: On a scale of 1 to 5, 1 meaning 'Very bad' and 5 meaning 'Very good', how would you evaluate the impact of immigrants on the development of your country?
Response categories: 1 = Rather bad; 2 = Quite bad; 3 = Neither good, nor bad; 4 = Quite good; 5 = Very good",1ae9e54c6ea6dd64ae7b14fe8c86e0788f79c52a55e2658ae45c72e927900f22
608,Philippines,Latin America,Q159,Science,"Estimate how adults in Philippines around 2017-2022 survey wave would respond to the survey question below.
Return a probability for every response category. Probabilities must sum to 1. Do not add explanation.

Question: On a scale of 1 to 10, 1 meaning 'Completely disagree' and 10 meaning 'Completely agree', how much do you agree or disagree with the following statement: Because of science and technology, there will be more opportunities for the next generation?
Response categories: 1 = Completely disagree; 2 = 2; 3 = 3; 4 = 4; 5 = 5; 6 = 6; 7 = 7; 8 = 8; 9 = 9; 10 = Completely agree",54b1a835758534829b5d98931839a8455377530617d99791445fb36f7a3e33e9
608,Philippines,Latin America,Q48,Agency,"Estimate how adults in Philippines around 2017-2022 survey wave would respond to the survey question below.
Return a probability for every response category. Probabilities must sum to 1. Do not add explanation.

Question: On a scale of 1 to 10, 1 meaning 'None at all' and 10 meaning 'A great deal', how would you rate yourself regarding the idea that you have free choice and control over your life?
Response categories: 10 = A great deal; 9 = 9; 8 = 8; 7 = 7; 6 = 6; 5 = 5; 4 = 4; 3 = 3; 2 = 2; 1 = None at all",b14a9ace154ccc479fc5e6a59c7679d10b5e51f2fd8f1b5cf5439afdc40d84a3
608,Philippines,Latin America,Q57,Trust,"Estimate how adults in Philippines around 2017-2022 survey wave would respond to the survey question below.
Return a probability for every response category. Probabilities must sum to 1. Do not add explanation.

Question: On a scale of 1 to 2, 1 meaning 'Most people can be trusted' and 2 meaning 'Need to be very careful', generally speaking, would you say people can be trusted or you need to be careful in dealing with people?
Response categories: 1 = Most people can be trusted; 2 = Need to be very careful",7719443b613c0f1a04389fd43c7b3f0822f8c5c44724aeb593fdb67c27a98e85
630,Puerto Rico,Latin America,Q106,Distribution,"Estimate how adults in Puerto Rico around 2017-2022 survey wave would respond to the survey question below.
Return a probability for every response category. Probabilities must sum to 1. Do not add explanation.

Question: On a scale of 1 to 10, 1 meaning 'Incomes should be made more equal' and 10 meaning 'There should be greater incentives for individual effort', where does your opinion fall?
Response categories: 1 = Incomes more equal; 2 = 2; 3 = 3; 4 = 4; 5 = 5; 6 = 6; 7 = 7; 8 = 8; 9 = 9; 10 = Larger income differences",d01d3d9c6861c0e204a2768a36e7e0054c0804b8de54428724fbee85f45134a5
630,Puerto Rico,Latin America,Q108,Market,"Estimate how adults in Puerto Rico around 2017-2022 survey wave would respond to the survey question below.
Return a probability for every response category. Probabilities must sum to 1. Do not add explanation.

Question: On a scale of 1 to 10, 1 meaning 'The government should take more responsibility to ensure that everyone is provided for' and 10 meaning 'People should take more responsibility to provide for themselves', where does your opinion fall?
Response categories: 1 = The government should take more responsibility to ensure that everyone is provided for; 2 = 2; 3 = 3; 4 = 4; 5 = 5; 6 = 6; 7 = 7; 8 = 8; 9 = 9; 10 = People should take more responsibility to provide for themselves",4a65bbebcf8b4e54f3393ef47e7882f564530604d6deb8c15afe4e937fe2b75f
630,Puerto Rico,Latin America,Q121,Inclusion,"Estimate how adults in Puerto Rico around 2017-2022 survey wave would respond to the survey question below.
Return a probability for every response category. Probabilities must sum to 1. Do not add explanation.

Question: On a scale of 1 to 5, 1 meaning 'Very bad' and 5 meaning 'Very good', how would you evaluate the impact of immigrants on the development of your country?
Response categories: 1 = Rather bad; 2 = Quite bad; 3 = Neither good, nor bad; 4 = Quite good; 5 = Very good",4bb89247b317358bc65515d9d0d493084c096d528b927cfc89aff1ecd2dfe3cf
630,Puerto Rico,Latin America,Q159,Science,"Estimate how adults in Puerto Rico around 2017-2022 survey wave would respond to the survey question below.
Return a probability for every response category. Probabilities must sum to 1. Do not add explanation.

Question: On a scale of 1 to 10, 1 meaning 'Completely disagree' and 10 meaning 'Completely agree', how much do you agree or disagree with the following statement: Because of science and technology, there will be more opportunities for the next generation?
Response categories: 1 = Completely disagree; 2 = 2; 3 = 3; 4 = 4; 5 = 5; 6 = 6; 7 = 7; 8 = 8; 9 = 9; 10 = Completely agree",d7336cd2996e443fd8fd95c6cc677df05ecd80647c80d0073013e7a599218dac
630,Puerto Rico,Latin America,Q48,Agency,"Estimate how adults in Puerto Rico around 2017-2022 survey wave would respond to the survey question below.
Return a probability for every response category. Probabilities must sum to 1. Do not add explanation.

Question: On a scale of 1 to 10, 1 meaning 'None at all' and 10 meaning 'A great deal', how would you rate yourself regarding the idea that you have free choice and control over your life?
Response categories: 10 = A great deal; 9 = 9; 8 = 8; 7 = 7; 6 = 6; 5 = 5; 4 = 4; 3 = 3; 2 = 2; 1 = None at all",ba45c0a571cff92594a15e34086298c73a36e0de0912fb7ae66fdadf1ef7ade4
630,Puerto Rico,Latin America,Q57,Trust,"Estimate how adults in Puerto Rico around 2017-2022 survey wave would respond to the survey question below.
Return a probability for every response category. Probabilities must sum to 1. Do not add explanation.

Question: On a scale of 1 to 2, 1 meaning 'Most people can be trusted' and 2 meaning 'Need to be very careful', generally speaking, would you say people can be trusted or you need to be careful in dealing with people?
Response categories: 1 = Most people can be trusted; 2 = Need to be very careful",010f81c933d54f1db08aab8f565dd706486ab0be83376fe3c6a076fb12969481
642,Romania,Orthodox Europe,Q106,Distribution,"Estimate how adults in Romania around 2017-2022 survey wave would respond to the survey question below.
Return a probability for every response category. Probabilities must sum to 1. Do not add explanation.

Question: On a scale of 1 to 10, 1 meaning 'Incomes should be made more equal' and 10 meaning 'There should be greater incentives for individual effort', where does your opinion fall?
Response categories: 1 = Incomes more equal; 2 = 2; 3 = 3; 4 = 4; 5 = 5; 6 = 6; 7 = 7; 8 = 8; 9 = 9; 10 = Larger income differences",4a290654fa452291a63496615a044be18372fa13ba29f636e6809a8ba02c5c5a
642,Romania,Orthodox Europe,Q108,Market,"Estimate how adults in Romania around 2017-2022 survey wave would respond to the survey question below.
Return a probability for every response category. Probabilities must sum to 1. Do not add explanation.

Question: On a scale of 1 to 10, 1 meaning 'The government should take more responsibility to ensure that everyone is provided for' and 10 meaning 'People should take more responsibility to provide for themselves', where does your opinion fall?
Response categories: 1 = The government should take more responsibility to ensure that everyone is provided for; 2 = 2; 3 = 3; 4 = 4; 5 = 5; 6 = 6; 7 = 7; 8 = 8; 9 = 9; 10 = People should take more responsibility to provide for themselves",7dc1b5e93243a06c4649c2c93d848e4856787b4edc2269154b08f70eb53bdb13
642,Romania,Orthodox Europe,Q121,Inclusion,"Estimate how adults in Romania around 2017-2022 survey wave would respond to the survey question below.
Return a probability for every response category. Probabilities must sum to 1. Do not add explanation.

Question: On a scale of 1 to 5, 1 meaning 'Very bad' and 5 meaning 'Very good', how would you evaluate the impact of immigrants on the development of your country?
Response categories: 1 = Rather bad; 2 = Quite bad; 3 = Neither good, nor bad; 4 = Quite good; 5 = Very good",d45e507835ce49a7879e0a9ca6e9aa5c1dbf0141b9778eb1add8b6a17f1135ed
642,Romania,Orthodox Europe,Q159,Science,"Estimate how adults in Romania around 2017-2022 survey wave would respond to the survey question below.
Return a probability for every response category. Probabilities must sum to 1. Do not add explanation.

Question: On a scale of 1 to 10, 1 meaning 'Completely disagree' and 10 meaning 'Completely agree', how much do you agree or disagree with the following statement: Because of science and technology, there will be more opportunities for the next generation?
Response categories: 1 = Completely disagree; 2 = 2; 3 = 3; 4 = 4; 5 = 5; 6 = 6; 7 = 7; 8 = 8; 9 = 9; 10 = Completely agree",eedaaba02332806750b4662a12e3b70dbc665963ae7cadfe85b4fa18bbbf5738
642,Romania,Orthodox Europe,Q48,Agency,"Estimate how adults in Romania around 2017-2022 survey wave would respond to the survey question below.
Return a probability for every response category. Probabilities must sum to 1. Do not add explanation.

Question: On a scale of 1 to 10, 1 meaning 'None at all' and 10 meaning 'A great deal', how would you rate yourself regarding the idea that you have free choice and control over your life?
Response categories: 10 = A great deal; 9 = 9; 8 = 8; 7 = 7; 6 = 6; 5 = 5; 4 = 4; 3 = 3; 2 = 2; 1 = None at all",c627b20717f71e7b47a9d25aa7251212cb2ab2538080ffee7cd0eea4dfab6ef2
642,Romania,Orthodox Europe,Q57,Trust,"Estimate how adults in Romania around 2017-2022 survey wave would respond to the survey question below.
Return a probability for every response category. Probabilities must sum to 1. Do not add explanation.

Question: On a scale of 1 to 2, 1 meaning 'Most people can be trusted' and 2 meaning 'Need to be very careful', generally speaking, would you say people can be trusted or you need to be careful in dealing with people?
Response categories: 1 = Most people can be trusted; 2 = Need to be very careful",ecf02c528c9778048cc9a820227d63328740587ec0ba861320755f07f2512bda
643,Russia,Orthodox Europe,Q106,Distribution,"Estimate how adults in Russia around 2017-2022 survey wave would respond to the survey question below.
Return a probability for every response category. Probabilities must sum to 1. Do not add explanation.

Question: On a scale of 1 to 10, 1 meaning 'Incomes should be made more equal' and 10 meaning 'There should be greater incentives for individual effort', where does your opinion fall?
Response categories: 1 = Incomes more equal; 2 = 2; 3 = 3; 4 = 4; 5 = 5; 6 = 6; 7 = 7; 8 = 8; 9 = 9; 10 = Larger income differences",4f2c3ad153dd8a4b3c7b81c7199649327eb7f8032f15c1172fa994283aa709d5
643,Russia,Orthodox Europe,Q108,Market,"Estimate how adults in Russia around 2017-2022 survey wave would respond to the survey question below.
Return a probability for every response category. Probabilities must sum to 1. Do not add explanation.

Question: On a scale of 1 to 10, 1 meaning 'The government should take more responsibility to ensure that everyone is provided for' and 10 meaning 'People should take more responsibility to provide for themselves', where does your opinion fall?
Response categories: 1 = The government should take more responsibility to ensure that everyone is provided for; 2 = 2; 3 = 3; 4 = 4; 5 = 5; 6 = 6; 7 = 7; 8 = 8; 9 = 9; 10 = People should take more responsibility to provide for themselves",228c752d281b0d19ce5a531809d117149b5dbddc30ed10dbcf0f9760998cedb1
643,Russia,Orthodox Europe,Q121,Inclusion,"Estimate how adults in Russia around 2017-2022 survey wave would respond to the survey question below.
Return a probability for every response category. Probabilities must sum to 1. Do not add explanation.

Question: On a scale of 1 to 5, 1 meaning 'Very bad' and 5 meaning 'Very good', how would you evaluate the impact of immigrants on the development of your country?
Response categories: 1 = Rather bad; 2 = Quite bad; 3 = Neither good, nor bad; 4 = Quite good; 5 = Very good",60a19461f858ddbfc54e4d6ee8b15839302885ef6b50215c46e7fa127b442da2
643,Russia,Orthodox Europe,Q159,Science,"Estimate how adults in Russia around 2017-2022 survey wave would respond to the survey question below.
Return a probability for every response category. Probabilities must sum to 1. Do not add explanation.

Question: On a scale of 1 to 10, 1 meaning 'Completely disagree' and 10 meaning 'Completely agree', how much do you agree or disagree with the following statement: Because of science and technology, there will be more opportunities for the next generation?
Response categories: 1 = Completely disagree; 2 = 2; 3 = 3; 4 = 4; 5 = 5; 6 = 6; 7 = 7; 8 = 8; 9 = 9; 10 = Completely agree",0100b3c01470963ba4a22657891f6d58a145b409e9f6ef639632f54531081fa5
643,Russia,Orthodox Europe,Q48,Agency,"Estimate how adults in Russia around 2017-2022 survey wave would respond to the survey question below.
Return a probability for every response category. Probabilities must sum to 1. Do not add explanation.

Question: On a scale of 1 to 10, 1 meaning 'None at all' and 10 meaning 'A great deal', how would you rate yourself regarding the idea that you have free choice and control over your life?
Response categories: 10 = A great deal; 9 = 9; 8 = 8; 7 = 7; 6 = 6; 5 = 5; 4 = 4; 3 = 3; 2 = 2; 1 = None at all",1330f32a6f34de6fb61a784e10f635421aa86bd306592885e453a234b6cab358
643,Russia,Orthodox Europe,Q57,Trust,"Estimate how adults in Russia around 2017-2022 survey wave would respond to the survey question below.
Return a probability for every response category. Probabilities must sum to 1. Do not add explanation.

Question: On a scale of 1 to 2, 1 meaning 'Most people can be trusted' and 2 meaning 'Need to be very careful', generally speaking, would you say people can be trusted or you need to be careful in dealing with people?
Response categories: 1 = Most people can be trusted; 2 = Need to be very careful",9ac04ecc7b58c67bf9baaa1bfa4262003109c28865afce380d6761fda29e2d76
688,Serbia,Orthodox Europe,Q106,Distribution,"Estimate how adults in Serbia around 2017-2022 survey wave would respond to the survey question below.
Return a probability for every response category. Probabilities must sum to 1. Do not add explanation.

Question: On a scale of 1 to 10, 1 meaning 'Incomes should be made more equal' and 10 meaning 'There should be greater incentives for individual effort', where does your opinion fall?
Response categories: 1 = Incomes more equal; 2 = 2; 3 = 3; 4 = 4; 5 = 5; 6 = 6; 7 = 7; 8 = 8; 9 = 9; 10 = Larger income differences",13b1d326f1c894068626e2b02696fd05a1b820b8567ae63797b30551387865d2
688,Serbia,Orthodox Europe,Q108,Market,"Estimate how adults in Serbia around 2017-2022 survey wave would respond to the survey question below.
Return a probability for every response category. Probabilities must sum to 1. Do not add explanation.

Question: On a scale of 1 to 10, 1 meaning 'The government should take more responsibility to ensure that everyone is provided for' and 10 meaning 'People should take more responsibility to provide for themselves', where does your opinion fall?
Response categories: 1 = The government should take more responsibility to ensure that everyone is provided for; 2 = 2; 3 = 3; 4 = 4; 5 = 5; 6 = 6; 7 = 7; 8 = 8; 9 = 9; 10 = People should take more responsibility to provide for themselves",6bb32685097338c467749f413b4ee80a0f8005d42c9631aaf25374e35254daa3
688,Serbia,Orthodox Europe,Q121,Inclusion,"Estimate how adults in Serbia around 2017-2022 survey wave would respond to the survey question below.
Return a probability for every response category. Probabilities must sum to 1. Do not add explanation.

Question: On a scale of 1 to 5, 1 meaning 'Very bad' and 5 meaning 'Very good', how would you evaluate the impact of immigrants on the development of your country?
Response categories: 1 = Rather bad; 2 = Quite bad; 3 = Neither good, nor bad; 4 = Quite good; 5 = Very good",8b361bcab854b19620b4074d9478e50eb17bfd066a17b60d4054b5833bd5e5f3
688,Serbia,Orthodox Europe,Q159,Science,"Estimate how adults in Serbia around 2017-2022 survey wave would respond to the survey question below.
Return a probability for every response category. Probabilities must sum to 1. Do not add explanation.

Question: On a scale of 1 to 10, 1 meaning 'Completely disagree' and 10 meaning 'Completely agree', how much do you agree or disagree with the following statement: Because of science and technology, there will be more opportunities for the next generation?
Response categories: 1 = Completely disagree; 2 = 2; 3 = 3; 4 = 4; 5 = 5; 6 = 6; 7 = 7; 8 = 8; 9 = 9; 10 = Completely agree",65a6d84c5946ea1035702831a1137e7e330e817d06d44aaf179968b509e6b5c5
688,Serbia,Orthodox Europe,Q48,Agency,"Estimate how adults in Serbia around 2017-2022 survey wave would respond to the survey question below.
Return a probability for every response category. Probabilities must sum to 1. Do not add explanation.

Question: On a scale of 1 to 10, 1 meaning 'None at all' and 10 meaning 'A great deal', how would you rate yourself regarding the idea that you have free choice and control over your life?
Response categories: 10 = A great deal; 9 = 9; 8 = 8; 7 = 7; 6 = 6; 5 = 5; 4 = 4; 3 = 3; 2 = 2; 1 = None at all",fe737c919fbd4272e9e41dc08beed29cd28b0b80f45247755ae49563b867c974
688,Serbia,Orthodox Europe,Q57,Trust,"Estimate how adults in Serbia around 2017-2022 survey wave would respond to the survey question below.
Return a probability for every response category. Probabilities must sum to 1. Do not add explanation.

Question: On a scale of 1 to 2, 1 meaning 'Most people can be trusted' and 2 meaning 'Need to be very careful', generally speaking, would you say people can be trusted or you need to be careful in dealing with people?
Response categories: 1 = Most people can be trusted; 2 = Need to be very careful",7fb9fe623bebd93631d9a3267b1eb812fc02e7a8727eddda1758d9425375c1c8
702,Singapore,Confucian,Q106,Distribution,"Estimate how adults in Singapore around 2017-2022 survey wave would respond to the survey question below.
Return a probability for every response category. Probabilities must sum to 1. Do not add explanation.

Question: On a scale of 1 to 10, 1 meaning 'Incomes should be made more equal' and 10 meaning 'There should be greater incentives for individual effort', where does your opinion fall?
Response categories: 1 = Incomes more equal; 2 = 2; 3 = 3; 4 = 4; 5 = 5; 6 = 6; 7 = 7; 8 = 8; 9 = 9; 10 = Larger income differences",2150a101c017cf563617c2fe52b6de9dba5d0b1b607d49ad2f7ec938d541707e
702,Singapore,Confucian,Q108,Market,"Estimate how adults in Singapore around 2017-2022 survey wave would respond to the survey question below.
Return a probability for every response category. Probabilities must sum to 1. Do not add explanation.

Question: On a scale of 1 to 10, 1 meaning 'The government should take more responsibility to ensure that everyone is provided for' and 10 meaning 'People should take more responsibility to provide for themselves', where does your opinion fall?
Response categories: 1 = The government should take more responsibility to ensure that everyone is provided for; 2 = 2; 3 = 3; 4 = 4; 5 = 5; 6 = 6; 7 = 7; 8 = 8; 9 = 9; 10 = People should take more responsibility to provide for themselves",35a1061d791009a70c79c6b50e0e653bd1dd0b3b5431c1de6304165d4e61f39f
702,Singapore,Confucian,Q121,Inclusion,"Estimate how adults in Singapore around 2017-2022 survey wave would respond to the survey question below.
Return a probability for every response category. Probabilities must sum to 1. Do not add explanation.

Question: On a scale of 1 to 5, 1 meaning 'Very bad' and 5 meaning 'Very good', how would you evaluate the impact of immigrants on the development of your country?
Response categories: 1 = Rather bad; 2 = Quite bad; 3 = Neither good, nor bad; 4 = Quite good; 5 = Very good",d58af36a1b0cd9b43e1426bbb42f36154d7df5f1331710120ffccc4f22038b53
702,Singapore,Confucian,Q159,Science,"Estimate how adults in Singapore around 2017-2022 survey wave would respond to the survey question below.
Return a probability for every response category. Probabilities must sum to 1. Do not add explanation.

Question: On a scale of 1 to 10, 1 meaning 'Completely disagree' and 10 meaning 'Completely agree', how much do you agree or disagree with the following statement: Because of science and technology, there will be more opportunities for the next generation?
Response categories: 1 = Completely disagree; 2 = 2; 3 = 3; 4 = 4; 5 = 5; 6 = 6; 7 = 7; 8 = 8; 9 = 9; 10 = Completely agree",e3fc34fb305a2521be29eb890d305f9901b1a3c262b687ae5ed6b991342af72d
702,Singapore,Confucian,Q48,Agency,"Estimate how adults in Singapore around 2017-2022 survey wave would respond to the survey question below.
Return a probability for every response category. Probabilities must sum to 1. Do not add explanation.

Question: On a scale of 1 to 10, 1 meaning 'None at all' and 10 meaning 'A great deal', how would you rate yourself regarding the idea that you have free choice and control over your life?
Response categories: 10 = A great deal; 9 = 9; 8 = 8; 7 = 7; 6 = 6; 5 = 5; 4 = 4; 3 = 3; 2 = 2; 1 = None at all",aa84ce3957a2183255b79fa5ad333020999be8a5e906b15fb5b8ba40cd4b8538
702,Singapore,Confucian,Q57,Trust,"Estimate how adults in Singapore around 2017-2022 survey wave would respond to the survey question below.
Return a probability for every response category. Probabilities must sum to 1. Do not add explanation.

Question: On a scale of 1 to 2, 1 meaning 'Most people can be trusted' and 2 meaning 'Need to be very careful', generally speaking, would you say people can be trusted or you need to be careful in dealing with people?
Response categories: 1 = Most people can be trusted; 2 = Need to be very careful",1da0705a8a4cd3f6b68b2fd55b1acfab4539b7f666ab98b04debaef97054e5a3
703,Slovakia,Protestant Europe,Q106,Distribution,"Estimate how adults in Slovakia around 2017-2022 survey wave would respond to the survey question below.
Return a probability for every response category. Probabilities must sum to 1. Do not add explanation.

Question: On a scale of 1 to 10, 1 meaning 'Incomes should be made more equal' and 10 meaning 'There should be greater incentives for individual effort', where does your opinion fall?
Response categories: 1 = Incomes more equal; 2 = 2; 3 = 3; 4 = 4; 5 = 5; 6 = 6; 7 = 7; 8 = 8; 9 = 9; 10 = Larger income differences",f6583456872abe493e6afe8f94ac6f835830f213fe48777cb8e48845bcf65e4a
703,Slovakia,Protestant Europe,Q108,Market,"Estimate how adults in Slovakia around 2017-2022 survey wave would respond to the survey question below.
Return a probability for every response category. Probabilities must sum to 1. Do not add explanation.

Question: On a scale of 1 to 10, 1 meaning 'The government should take more responsibility to ensure that everyone is provided for' and 10 meaning 'People should take more responsibility to provide for themselves', where does your opinion fall?
Response categories: 1 = The government should take more responsibility to ensure that everyone is provided for; 2 = 2; 3 = 3; 4 = 4; 5 = 5; 6 = 6; 7 = 7; 8 = 8; 9 = 9; 10 = People should take more responsibility to provide for themselves",ebaec7971e333598d8e6c0b11bc008ee04ce5ba68d8732dd00e7609290c1251f
703,Slovakia,Protestant Europe,Q121,Inclusion,"Estimate how adults in Slovakia around 2017-2022 survey wave would respond to the survey question below.
Return a probability for every response category. Probabilities must sum to 1. Do not add explanation.

Question: On a scale of 1 to 5, 1 meaning 'Very bad' and 5 meaning 'Very good', how would you evaluate the impact of immigrants on the development of your country?
Response categories: 1 = Rather bad; 2 = Quite bad; 3 = Neither good, nor bad; 4 = Quite good; 5 = Very good",d316150b839618a55a13b7202d131bee0afb03a7e65058d46b7e12e0b6494f76
703,Slovakia,Protestant Europe,Q159,Science,"Estimate how adults in Slovakia around 2017-2022 survey wave would respond to the survey question below.
Return a probability for every response category. Probabilities must sum to 1. Do not add explanation.

Question: On a scale of 1 to 10, 1 meaning 'Completely disagree' and 10 meaning 'Completely agree', how much do you agree or disagree with the following statement: Because of science and technology, there will be more opportunities for the next generation?
Response categories: 1 = Completely disagree; 2 = 2; 3 = 3; 4 = 4; 5 = 5; 6 = 6; 7 = 7; 8 = 8; 9 = 9; 10 = Completely agree",fa3d378661b5bd593bec4336c098f1e9d69f079973528da7bddbee1cca23a59c
703,Slovakia,Protestant Europe,Q48,Agency,"Estimate how adults in Slovakia around 2017-2022 survey wave would respond to the survey question below.
Return a probability for every response category. Probabilities must sum to 1. Do not add explanation.

Question: On a scale of 1 to 10, 1 meaning 'None at all' and 10 meaning 'A great deal', how would you rate yourself regarding the idea that you have free choice and control over your life?
Response categories: 10 = A great deal; 9 = 9; 8 = 8; 7 = 7; 6 = 6; 5 = 5; 4 = 4; 3 = 3; 2 = 2; 1 = None at all",aa7bed3cb9f4b03e7b36adbcf35f26863000b6c76aabc47dda8261989d2fb801
703,Slovakia,Protestant Europe,Q57,Trust,"Estimate how adults in Slovakia around 2017-2022 survey wave would respond to the survey question below.
Return a probability for every response category. Probabilities must sum to 1. Do not add explanation.

Question: On a scale of 1 to 2, 1 meaning 'Most people can be trusted' and 2 meaning 'Need to be very careful', generally speaking, would you say people can be trusted or you need to be careful in dealing with people?
Response categories: 1 = Most people can be trusted; 2 = Need to be very careful",10227f50d4147bf9b2e1a697cea794eecf6ee5e47dfbe66e2f9cd200ab5d5b7c
704,Vietnam,Confucian,Q106,Distribution,"Estimate how adults in Vietnam around 2017-2022 survey wave would respond to the survey question below.
Return a probability for every response category. Probabilities must sum to 1. Do not add explanation.

Question: On a scale of 1 to 10, 1 meaning 'Incomes should be made more equal' and 10 meaning 'There should be greater incentives for individual effort', where does your opinion fall?
Response categories: 1 = Incomes more equal; 2 = 2; 3 = 3; 4 = 4; 5 = 5; 6 = 6; 7 = 7; 8 = 8; 9 = 9; 10 = Larger income differences",a54c160e70f2ef30b67398ff6c7afde82693a3eab54512645955075a35cebe62
704,Vietnam,Confucian,Q108,Market,"Estimate how adults in Vietnam around 2017-2022 survey wave would respond to the survey question below.
Return a probability for every response category. Probabilities must sum to 1. Do not add explanation.

Question: On a scale of 1 to 10, 1 meaning 'The government should take more responsibility to ensure that everyone is provided for' and 10 meaning 'People should take more responsibility to provide for themselves', where does your opinion fall?
Response categories: 1 = The government should take more responsibility to ensure that everyone is provided for; 2 = 2; 3 = 3; 4 = 4; 5 = 5; 6 = 6; 7 = 7; 8 = 8; 9 = 9; 10 = People should take more responsibility to provide for themselves",31d5523baf4b490e5752fd4f1e16d51625c4e673f0473b9f203e094272953fa5
704,Vietnam,Confucian,Q121,Inclusion,"Estimate how adults in Vietnam around 2017-2022 survey wave would respond to the survey question below.
Return a probability for every response category. Probabilities must sum to 1. Do not add explanation.

Question: On a scale of 1 to 5, 1 meaning 'Very bad' and 5 meaning 'Very good', how would you evaluate the impact of immigrants on the development of your country?
Response categories: 1 = Rather bad; 2 = Quite bad; 3 = Neither good, nor bad; 4 = Quite good; 5 = Very good",e6843b2cc24391d8e3a798ed41cdb6a62033be70157e7c6ddb48857216fe8690
704,Vietnam,Confucian,Q159,Science,"Estimate how adults in Vietnam around 2017-2022 survey wave would respond to the survey question below.
Return a probability for every response category. Probabilities must sum to 1. Do not add explanation.

Question: On a scale of 1 to 10, 1 meaning 'Completely disagree' and 10 meaning 'Completely agree', how much do you agree or disagree with the following statement: Because of science and technology, there will be more opportunities for the next generation?
Response categories: 1 = Completely disagree; 2 = 2; 3 = 3; 4 = 4; 5 = 5; 6 = 6; 7 = 7; 8 = 8; 9 = 9; 10 = Completely agree",d418cfb51d9172f773c910624b05fc79d6e0f18e724ecf4c162a8a095cdf300a
704,Vietnam,Confucian,Q48,Agency,"Estimate how adults in Vietnam around 2017-2022 survey wave would respond to the survey question below.
Return a probability for every response category. Probabilities must sum to 1. Do not add explanation.

Question: On a scale of 1 to 10, 1 meaning 'None at all' and 10 meaning 'A great deal', how would you rate yourself regarding the idea that you have free choice and control over your life?
Response categories: 10 = A great deal; 9 = 9; 8 = 8; 7 = 7; 6 = 6; 5 = 5; 4 = 4; 3 = 3; 2 = 2; 1 = None at all",8d0f2ea7d0b1b1a4ba0ea8d497eecd370489f4ec2fb151a67afc10b286708157
704,Vietnam,Confucian,Q57,Trust,"Estimate how adults in Vietnam around 2017-2022 survey wave would respond to the survey question below.
Return a probability for every response category. Probabilities must sum to 1. Do not add explanation.

Question: On a scale of 1 to 2, 1 meaning 'Most people can be trusted' and 2 meaning 'Need to be very careful', generally speaking, would you say people can be trusted or you need to be careful in dealing with people?
Response categories: 1 = Most people can be trusted; 2 = Need to be very careful",7497930183c257141ae6c7204b4dc6638b00b1fc49b6555f833aeab2e96b06d7
716,Zimbabwe,African-Islamic,Q106,Distribution,"Estimate how adults in Zimbabwe around 2017-2022 survey wave would respond to the survey question below.
Return a probability for every response category. Probabilities must sum to 1. Do not add explanation.

Question: On a scale of 1 to 10, 1 meaning 'Incomes should be made more equal' and 10 meaning 'There should be greater incentives for individual effort', where does your opinion fall?
Response categories: 1 = Incomes more equal; 2 = 2; 3 = 3; 4 = 4; 5 = 5; 6 = 6; 7 = 7; 8 = 8; 9 = 9; 10 = Larger income differences",a590d997fd91faace4a67c7e79765b2962927bb975a0aa5b89ab7583cc19cd21
716,Zimbabwe,African-Islamic,Q108,Market,"Estimate how adults in Zimbabwe around 2017-2022 survey wave would respond to the survey question below.
Return a probability for every response category. Probabilities must sum to 1. Do not add explanation.

Question: On a scale of 1 to 10, 1 meaning 'The government should take more responsibility to ensure that everyone is provided for' and 10 meaning 'People should take more responsibility to provide for themselves', where does your opinion fall?
Response categories: 1 = The government should take more responsibility to ensure that everyone is provided for; 2 = 2; 3 = 3; 4 = 4; 5 = 5; 6 = 6; 7 = 7; 8 = 8; 9 = 9; 10 = People should take more responsibility to provide for themselves",69b20a621270cea10eaec34a343443cde4d67e7126ac050ae1fb923bfd03a232
716,Zimbabwe,African-Islamic,Q121,Inclusion,"Estimate how adults in Zimbabwe around 2017-2022 survey wave would respond to the survey question below.
Return a probability for every response category. Probabilities must sum to 1. Do not add explanation.

Question: On a scale of 1 to 5, 1 meaning 'Very bad' and 5 meaning 'Very good', how would you evaluate the impact of immigrants on the development of your country?
Response categories: 1 = Rather bad; 2 = Quite bad; 3 = Neither good, nor bad; 4 = Quite good; 5 = Very good",e19ab3c58f34fa1d41ae74eec588c696c06a62986e49f106d01796273ec320f0
716,Zimbabwe,African-Islamic,Q159,Science,"Estimate how adults in Zimbabwe around 2017-2022 survey wave would respond to the survey question below.
Return a probability for every response category. Probabilities must sum to 1. Do not add explanation.

Question: On a scale of 1 to 10, 1 meaning 'Completely disagree' and 10 meaning 'Completely agree', how much do you agree or disagree with the following statement: Because of science and technology, there will be more opportunities for the next generation?
Response categories: 1 = Completely disagree; 2 = 2; 3 = 3; 4 = 4; 5 = 5; 6 = 6; 7 = 7; 8 = 8; 9 = 9; 10 = Completely agree",3a1347843618fdf947c2481e94e2b8696ed8965ea5d606f4f73fc0629951a6ac
716,Zimbabwe,African-Islamic,Q48,Agency,"Estimate how adults in Zimbabwe around 2017-2022 survey wave would respond to the survey question below.
Return a probability for every response category. Probabilities must sum to 1. Do not add explanation.

Question: On a scale of 1 to 10, 1 meaning 'None at all' and 10 meaning 'A great deal', how would you rate yourself regarding the idea that you have free choice and control over your life?
Response categories: 10 = A great deal; 9 = 9; 8 = 8; 7 = 7; 6 = 6; 5 = 5; 4 = 4; 3 = 3; 2 = 2; 1 = None at all",657fe0069c9c3a021a33349c17fdd6278da324808eb39db2698bfee4ad48adc4
716,Zimbabwe,African-Islamic,Q57,Trust,"Estimate how adults in Zimbabwe around 2017-2022 survey wave would respond to the survey question below.
Return a probability for every response category. Probabilities must sum to 1. Do not add explanation.

Question: On a scale of 1 to 2, 1 meaning 'Most people can be trusted' and 2 meaning 'Need to be very careful', generally speaking, would you say people can be trusted or you need to be careful in dealing with people?
Response categories: 1 = Most people can be trusted; 2 = Need to be very careful",e6fc3951b46a8f7131578cb70faeef8f4d1dd14c12e449ce4f883720e42f54c0
762,Tajikistan,West & South Asia,Q106,Distribution,"Estimate how adults in Tajikistan around 2017-2022 survey wave would respond to the survey question below.
Return a probability for every response category. Probabilities must sum to 1. Do not add explanation.

Question: On a scale of 1 to 10, 1 meaning 'Incomes should be made more equal' and 10 meaning 'There should be greater incentives for individual effort', where does your opinion fall?
Response categories: 1 = Incomes more equal; 2 = 2; 3 = 3; 4 = 4; 5 = 5; 6 = 6; 7 = 7; 8 = 8; 9 = 9; 10 = Larger income differences",359eed0abd48fe43df75a016e895caad09cb9dc4942fdc4ac217ad4881a29be9
762,Tajikistan,West & South Asia,Q108,Market,"Estimate how adults in Tajikistan around 2017-2022 survey wave would respond to the survey question below.
Return a probability for every response category. Probabilities must sum to 1. Do not add explanation.

Question: On a scale of 1 to 10, 1 meaning 'The government should take more responsibility to ensure that everyone is provided for' and 10 meaning 'People should take more responsibility to provide for themselves', where does your opinion fall?
Response categories: 1 = The government should take more responsibility to ensure that everyone is provided for; 2 = 2; 3 = 3; 4 = 4; 5 = 5; 6 = 6; 7 = 7; 8 = 8; 9 = 9; 10 = People should take more responsibility to provide for themselves",e49b4d3c89e4a47065f9f1d3e0466f4c3139c94d31123178bd9e5764e51ae6f9
762,Tajikistan,West & South Asia,Q121,Inclusion,"Estimate how adults in Tajikistan around 2017-2022 survey wave would respond to the survey question below.
Return a probability for every response category. Probabilities must sum to 1. Do not add explanation.

Question: On a scale of 1 to 5, 1 meaning 'Very bad' and 5 meaning 'Very good', how would you evaluate the impact of immigrants on the development of your country?
Response categories: 1 = Rather bad; 2 = Quite bad; 3 = Neither good, nor bad; 4 = Quite good; 5 = Very good",c33135cf9a6dcc1646d16f927d2339a4aa62545d71b6d6f72afbf2ffda5fb240
762,Tajikistan,West & South Asia,Q159,Science,"Estimate how adults in Tajikistan around 2017-2022 survey wave would respond to the survey question below.
Return a probability for every response category. Probabilities must sum to 1. Do not add explanation.

Question: On a scale of 1 to 10, 1 meaning 'Completely disagree' and 10 meaning 'Completely agree', how much do you agree or disagree with the following statement: Because of science and technology, there will be more opportunities for the next generation?
Response categories: 1 = Completely disagree; 2 = 2; 3 = 3; 4 = 4; 5 = 5; 6 = 6; 7 = 7; 8 = 8; 9 = 9; 10 = Completely agree",67a80431bad0aa68d25972e597bab5e05d4b607a475c268f33cc19e4f6fbb600
762,Tajikistan,West & South Asia,Q48,Agency,"Estimate how adults in Tajikistan around 2017-2022 survey wave would respond to the survey question below.
Return a probability for every response category. Probabilities must sum to 1. Do not add explanation.

Question: On a scale of 1 to 10, 1 meaning 'None at all' and 10 meaning 'A great deal', how would you rate yourself regarding the idea that you have free choice and control over your life?
Response categories: 10 = A great deal; 9 = 9; 8 = 8; 7 = 7; 6 = 6; 5 = 5; 4 = 4; 3 = 3; 2 = 2; 1 = None at all",217d28ff2d28f7b87eb92c9b1ff9a012afcea2b5a2ecd12ac52316347fff484a
762,Tajikistan,West & South Asia,Q57,Trust,"Estimate how adults in Tajikistan around 2017-2022 survey wave would respond to the survey question below.
Return a probability for every response category. Probabilities must sum to 1. Do not add explanation.

Question: On a scale of 1 to 2, 1 meaning 'Most people can be trusted' and 2 meaning 'Need to be very careful', generally speaking, would you say people can be trusted or you need to be careful in dealing with people?
Response categories: 1 = Most people can be trusted; 2 = Need to be very careful",cb76f5eee496b4303ad52ac5624a9c14db8f31ca067f6e313200720074260e65
764,Thailand,West & South Asia,Q106,Distribution,"Estimate how adults in Thailand around 2017-2022 survey wave would respond to the survey question below.
Return a probability for every response category. Probabilities must sum to 1. Do not add explanation.

Question: On a scale of 1 to 10, 1 meaning 'Incomes should be made more equal' and 10 meaning 'There should be greater incentives for individual effort', where does your opinion fall?
Response categories: 1 = Incomes more equal; 2 = 2; 3 = 3; 4 = 4; 5 = 5; 6 = 6; 7 = 7; 8 = 8; 9 = 9; 10 = Larger income differences",d7c7cdd0f5fbcf4ca935f1edde6750cfb5895600b0694ca0ef60d4a901d457dc
764,Thailand,West & South Asia,Q108,Market,"Estimate how adults in Thailand around 2017-2022 survey wave would respond to the survey question below.
Return a probability for every response category. Probabilities must sum to 1. Do not add explanation.

Question: On a scale of 1 to 10, 1 meaning 'The government should take more responsibility to ensure that everyone is provided for' and 10 meaning 'People should take more responsibility to provide for themselves', where does your opinion fall?
Response categories: 1 = The government should take more responsibility to ensure that everyone is provided for; 2 = 2; 3 = 3; 4 = 4; 5 = 5; 6 = 6; 7 = 7; 8 = 8; 9 = 9; 10 = People should take more responsibility to provide for themselves",f81b035cf039af33fee3a60098108c5b24f58d6d5bf8d2e104dbb43c8bb4180e
764,Thailand,West & South Asia,Q121,Inclusion,"Estimate how adults in Thailand around 2017-2022 survey wave would respond to the survey question below.
Return a probability for every response category. Probabilities must sum to 1. Do not add explanation.

Question: On a scale of 1 to 5, 1 meaning 'Very bad' and 5 meaning 'Very good', how would you evaluate the impact of immigrants on the development of your country?
Response categories: 1 = Rather bad; 2 = Quite bad; 3 = Neither good, nor bad; 4 = Quite good; 5 = Very good",a2989c8caa2ac5e766cccc4ebd37d18b86a8e35de8632d28f747e2debd3e8f36
764,Thailand,West & South Asia,Q159,Science,"Estimate how adults in Thailand around 2017-2022 survey wave would respond to the survey question below.
Return a probability for every response category. Probabilities must sum to 1. Do not add explanation.

Question: On a scale of 1 to 10, 1 meaning 'Completely disagree' and 10 meaning 'Completely agree', how much do you agree or disagree with the following statement: Because of science and technology, there will be more opportunities for the next generation?
Response categories: 1 = Completely disagree; 2 = 2; 3 = 3; 4 = 4; 5 = 5; 6 = 6; 7 = 7; 8 = 8; 9 = 9; 10 = Completely agree",c3d67121f245aef90b77258015c86d6c2b939de64c36fb1a6638735f0ce5b609
764,Thailand,West & South Asia,Q48,Agency,"Estimate how adults in Thailand around 2017-2022 survey wave would respond to the survey question below.
Return a probability for every response category. Probabilities must sum to 1. Do not add explanation.

Question: On a scale of 1 to 10, 1 meaning 'None at all' and 10 meaning 'A great deal', how would you rate yourself regarding the idea that you have free choice and control over your life?
Response categories: 10 = A great deal; 9 = 9; 8 = 8; 7 = 7; 6 = 6; 5 = 5; 4 = 4; 3 = 3; 2 = 2; 1 = None at all",174e3052f6ebb276bde12140b717b004ee2ea85c07e5d5842f76c4cdb8cc019e
764,Thailand,West & South Asia,Q57,Trust,"Estimate how adults in Thailand around 2017-2022 survey wave would respond to the survey question below.
Return a probability for every response category. Probabilities must sum to 1. Do not add explanation.

Question: On a scale of 1 to 2, 1 meaning 'Most people can be trusted' and 2 meaning 'Need to be very careful', generally speaking, would you say people can be trusted or you need to be careful in dealing with people?
Response categories: 1 = Most people can be trusted; 2 = Need to be very careful",e35904b9e315a54f5fd798e6fed8c6c0413e3f792cc265cc733feec41e789417
788,Tunisia,African-Islamic,Q106,Distribution,"Estimate how adults in Tunisia around 2017-2022 survey wave would respond to the survey question below.
Return a probability for every response category. Probabilities must sum to 1. Do not add explanation.

Question: On a scale of 1 to 10, 1 meaning 'Incomes should be made more equal' and 10 meaning 'There should be greater incentives for individual effort', where does your opinion fall?
Response categories: 1 = Incomes more equal; 2 = 2; 3 = 3; 4 = 4; 5 = 5; 6 = 6; 7 = 7; 8 = 8; 9 = 9; 10 = Larger income differences",de46397b7e1f0cc5e1bc05bbd767606fd2fe59e25344255ead56889b58111ff7
788,Tunisia,African-Islamic,Q108,Market,"Estimate how adults in Tunisia around 2017-2022 survey wave would respond to the survey question below.
Return a probability for every response category. Probabilities must sum to 1. Do not add explanation.

Question: On a scale of 1 to 10, 1 meaning 'The government should take more responsibility to ensure that everyone is provided for' and 10 meaning 'People should take more responsibility to provide for themselves', where does your opinion fall?
Response categories: 1 = The government should take more responsibility to ensure that everyone is provided for; 2 = 2; 3 = 3; 4 = 4; 5 = 5; 6 = 6; 7 = 7; 8 = 8; 9 = 9; 10 = People should take more responsibility to provide for themselves",16ee97378f3fbdac99d45f5211420584b2602c5e40b292b6c8d0cdc861b7b88c
788,Tunisia,African-Islamic,Q121,Inclusion,"Estimate how adults in Tunisia around 2017-2022 survey wave would respond to the survey question below.
Return a probability for every response category. Probabilities must sum to 1. Do not add explanation.

Question: On a scale of 1 to 5, 1 meaning 'Very bad' and 5 meaning 'Very good', how would you evaluate the impact of immigrants on the development of your country?
Response categories: 1 = Rather bad; 2 = Quite bad; 3 = Neither good, nor bad; 4 = Quite good; 5 = Very good",8b12424cfe844aaaf0744dd94c5a90e5cb9530176c96af5a2c6825a1eabe813c
788,Tunisia,African-Islamic,Q159,Science,"Estimate how adults in Tunisia around 2017-2022 survey wave would respond to the survey question below.
Return a probability for every response category. Probabilities must sum to 1. Do not add explanation.

Question: On a scale of 1 to 10, 1 meaning 'Completely disagree' and 10 meaning 'Completely agree', how much do you agree or disagree with the following statement: Because of science and technology, there will be more opportunities for the next generation?
Response categories: 1 = Completely disagree; 2 = 2; 3 = 3; 4 = 4; 5 = 5; 6 = 6; 7 = 7; 8 = 8; 9 = 9; 10 = Completely agree",f511f21a98491d8d1ee39153cbe4a57c5c5973dd841c74b94a3c9f5bf627667b
788,Tunisia,African-Islamic,Q48,Agency,"Estimate how adults in Tunisia around 2017-2022 survey wave would respond to the survey question below.
Return a probability for every response category. Probabilities must sum to 1. Do not add explanation.

Question: On a scale of 1 to 10, 1 meaning 'None at all' and 10 meaning 'A great deal', how would you rate yourself regarding the idea that you have free choice and control over your life?
Response categories: 10 = A great deal; 9 = 9; 8 = 8; 7 = 7; 6 = 6; 5 = 5; 4 = 4; 3 = 3; 2 = 2; 1 = None at all",5b9541052aa08f8d28d95c1491e450feefa1b7ffd2689a295658a0cb10ae3e74
788,Tunisia,African-Islamic,Q57,Trust,"Estimate how adults in Tunisia around 2017-2022 survey wave would respond to the survey question below.
Return a probability for every response category. Probabilities must sum to 1. Do not add explanation.

Question: On a scale of 1 to 2, 1 meaning 'Most people can be trusted' and 2 meaning 'Need to be very careful', generally speaking, would you say people can be trusted or you need to be careful in dealing with people?
Response categories: 1 = Most people can be trusted; 2 = Need to be very careful",6132f9c35cc676e568ffb692bde1bbe7bf69e396b7f33c5c9273594991d884e5
792,Turkey,African-Islamic,Q106,Distribution,"Estimate how adults in Turkey around 2017-2022 survey wave would respond to the survey question below.
Return a probability for every response category. Probabilities must sum to 1. Do not add explanation.

Question: On a scale of 1 to 10, 1 meaning 'Incomes should be made more equal' and 10 meaning 'There should be greater incentives for individual effort', where does your opinion fall?
Response categories: 1 = Incomes more equal; 2 = 2; 3 = 3; 4 = 4; 5 = 5; 6 = 6; 7 = 7; 8 = 8; 9 = 9; 10 = Larger income differences",36003013bbd4cc597c80d929195a5963a95edd917fbd9990b85962094661b797
792,Turkey,African-Islamic,Q108,Market,"Estimate how adults in Turkey around 2017-2022 survey wave would respond to the survey question below.
Return a probability for every response category. Probabilities must sum to 1. Do not add explanation.

Question: On a scale of 1 to 10, 1 meaning 'The government should take more responsibility to ensure that everyone is provided for' and 10 meaning 'People should take more responsibility to provide for themselves', where does your opinion fall?
Response categories: 1 = The government should take more responsibility to ensure that everyone is provided for; 2 = 2; 3 = 3; 4 = 4; 5 = 5; 6 = 6; 7 = 7; 8 = 8; 9 = 9; 10 = People should take more responsibility to provide for themselves",2f321ccf5f111a17c9da20438562a4592955d6659c8b56cfbb5becd37c11ddf6
792,Turkey,African-Islamic,Q121,Inclusion,"Estimate how adults in Turkey around 2017-2022 survey wave would respond to the survey question below.
Return a probability for every response category. Probabilities must sum to 1. Do not add explanation.

Question: On a scale of 1 to 5, 1 meaning 'Very bad' and 5 meaning 'Very good', how would you evaluate the impact of immigrants on the development of your country?
Response categories: 1 = Rather bad; 2 = Quite bad; 3 = Neither good, nor bad; 4 = Quite good; 5 = Very good",b59d93de14210b350fd338b6c3f6df50d6f29e40e12c50bd866b6b286b135b39
792,Turkey,African-Islamic,Q159,Science,"Estimate how adults in Turkey around 2017-2022 survey wave would respond to the survey question below.
Return a probability for every response category. Probabilities must sum to 1. Do not add explanation.

Question: On a scale of 1 to 10, 1 meaning 'Completely disagree' and 10 meaning 'Completely agree', how much do you agree or disagree with the following statement: Because of science and technology, there will be more opportunities for the next generation?
Response categories: 1 = Completely disagree; 2 = 2; 3 = 3; 4 = 4; 5 = 5; 6 = 6; 7 = 7; 8 = 8; 9 = 9; 10 = Completely agree",ebce490df015cd645831278557a8bcaf6707a3e087b39d218da2b1a3ce6b39a9
792,Turkey,African-Islamic,Q48,Agency,"Estimate how adults in Turkey around 2017-2022 survey wave would respond to the survey question below.
Return a probability for every response category. Probabilities must sum to 1. Do not add explanation.

Question: On a scale of 1 to 10, 1 meaning 'None at all' and 10 meaning 'A great deal', how would you rate yourself regarding the idea that you have free choice and control over your life?
Response categories: 10 = A great deal; 9 = 9; 8 = 8; 7 = 7; 6 = 6; 5 = 5; 4 = 4; 3 = 3; 2 = 2; 1 = None at all",de72aeb186c188a6e5132805b6852a1898147a0236d486aef57ba77f22ef40e7
792,Turkey,African-Islamic,Q57,Trust,"Estimate how adults in Turkey around 2017-2022 survey wave would respond to the survey question below.
Return a probability for every response category. Probabilities must sum to 1. Do not add explanation.

Question: On a scale of 1 to 2, 1 meaning 'Most people can be trusted' and 2 meaning 'Need to be very careful', generally speaking, would you say people can be trusted or you need to be careful in dealing with people?
Response categories: 1 = Most people can be trusted; 2 = Need to be very careful",1e9afc39831da6c808b1843129595c22c48f75784c3e52203a9a68e4e1275d5d
804,Ukraine,Orthodox Europe,Q106,Distribution,"Estimate how adults in Ukraine around 2017-2022 survey wave would respond to the survey question below.
Return a probability for every response category. Probabilities must sum to 1. Do not add explanation.

Question: On a scale of 1 to 10, 1 meaning 'Incomes should be made more equal' and 10 meaning 'There should be greater incentives for individual effort', where does your opinion fall?
Response categories: 1 = Incomes more equal; 2 = 2; 3 = 3; 4 = 4; 5 = 5; 6 = 6; 7 = 7; 8 = 8; 9 = 9; 10 = Larger income differences",b113c472b13fcad8f9f9a4f8cb436b2ed725680859b759e92bcaaaa21bb64ee2
804,Ukraine,Orthodox Europe,Q108,Market,"Estimate how adults in Ukraine around 2017-2022 survey wave would respond to the survey question below.
Return a probability for every response category. Probabilities must sum to 1. Do not add explanation.

Question: On a scale of 1 to 10, 1 meaning 'The government should take more responsibility to ensure that everyone is provided for' and 10 meaning 'People should take more responsibility to provide for themselves', where does your opinion fall?
Response categories: 1 = The government should take more responsibility to ensure that everyone is provided for; 2 = 2; 3 = 3; 4 = 4; 5 = 5; 6 = 6; 7 = 7; 8 = 8; 9 = 9; 10 = People should take more responsibility to provide for themselves",e6dff3b54fb3a35ce24944d4d0246b33da7e90c19c07c2b57b0cb4d602a3ebf7
804,Ukraine,Orthodox Europe,Q121,Inclusion,"Estimate how adults in Ukraine around 2017-2022 survey wave would respond to the survey question below.
Return a probability for every response category. Probabilities must sum to 1. Do not add explanation.

Question: On a scale of 1 to 5, 1 meaning 'Very bad' and 5 meaning 'Very good', how would you evaluate the impact of immigrants on the development of your country?
Response categories: 1 = Rather bad; 2 = Quite bad; 3 = Neither good, nor bad; 4 = Quite good; 5 = Very good",5f237dfdbcff49c74c4b4697f22ffe594c3f6cb1ed1f615673eaeaa427930ac1
804,Ukraine,Orthodox Europe,Q159,Science,"Estimate how adults in Ukraine around 2017-2022 survey wave would respond to the survey question below.
Return a probability for every response category. Probabilities must sum to 1. Do not add explanation.

Question: On a scale of 1 to 10, 1 meaning 'Completely disagree' and 10 meaning 'Completely agree', how much do you agree or disagree with the following statement: Because of science and technology, there will be more opportunities for the next generation?
Response categories: 1 = Completely disagree; 2 = 2; 3 = 3; 4 = 4; 5 = 5; 6 = 6; 7 = 7; 8 = 8; 9 = 9; 10 = Completely agree",4e037cf675c8cc6628c55592e8b94b33bcb49d6a703883e431fe658f0e71e122
804,Ukraine,Orthodox Europe,Q48,Agency,"Estimate how adults in Ukraine around 2017-2022 survey wave would respond to the survey question below.
Return a probability for every response category. Probabilities must sum to 1. Do not add explanation.

Question: On a scale of 1 to 10, 1 meaning 'None at all' and 10 meaning 'A great deal', how would you rate yourself regarding the idea that you have free choice and control over your life?
Response categories: 10 = A great deal; 9 = 9; 8 = 8; 7 = 7; 6 = 6; 5 = 5; 4 = 4; 3 = 3; 2 = 2; 1 = None at all",3cb0b6600b6e3d9fc46def3ecaa4b0aae6a3e1a68b7cbaf8a7bca52cf733c292
804,Ukraine,Orthodox Europe,Q57,Trust,"Estimate how adults in Ukraine around 2017-2022 survey wave would respond to the survey question below.
Return a probability for every response category. Probabilities must sum to 1. Do not add explanation.

Question: On a scale of 1 to 2, 1 meaning 'Most people can be trusted' and 2 meaning 'Need to be very careful', generally speaking, would you say people can be trusted or you need to be careful in dealing with people?
Response categories: 1 = Most people can be trusted; 2 = Need to be very careful",2d5eea0deb18627114629fc3e9ae2eef987ad39df3c677a91355f15d968f54ab
818,Egypt,African-Islamic,Q106,Distribution,"Estimate how adults in Egypt around 2017-2022 survey wave would respond to the survey question below.
Return a probability for every response category. Probabilities must sum to 1. Do not add explanation.

Question: On a scale of 1 to 10, 1 meaning 'Incomes should be made more equal' and 10 meaning 'There should be greater incentives for individual effort', where does your opinion fall?
Response categories: 1 = Incomes more equal; 2 = 2; 3 = 3; 4 = 4; 5 = 5; 6 = 6; 7 = 7; 8 = 8; 9 = 9; 10 = Larger income differences",d4242b850e9700cfd6c86abdf1adfb593a273d8a24e2d7cbb75636bc6640069d
818,Egypt,African-Islamic,Q108,Market,"Estimate how adults in Egypt around 2017-2022 survey wave would respond to the survey question below.
Return a probability for every response category. Probabilities must sum to 1. Do not add explanation.

Question: On a scale of 1 to 10, 1 meaning 'The government should take more responsibility to ensure that everyone is provided for' and 10 meaning 'People should take more responsibility to provide for themselves', where does your opinion fall?
Response categories: 1 = The government should take more responsibility to ensure that everyone is provided for; 2 = 2; 3 = 3; 4 = 4; 5 = 5; 6 = 6; 7 = 7; 8 = 8; 9 = 9; 10 = People should take more responsibility to provide for themselves",cda72315043d486e709ace2cf54dba3a5614fb84cdb0e4995a9ad2643fa6dc82
818,Egypt,African-Islamic,Q121,Inclusion,"Estimate how adults in Egypt around 2017-2022 survey wave would respond to the survey question below.
Return a probability for every response category. Probabilities must sum to 1. Do not add explanation.

Question: On a scale of 1 to 5, 1 meaning 'Very bad' and 5 meaning 'Very good', how would you evaluate the impact of immigrants on the development of your country?
Response categories: 1 = Rather bad; 2 = Quite bad; 3 = Neither good, nor bad; 4 = Quite good; 5 = Very good",92160fea92686dc03eed6b5e869b540eb1ba70219610f6dba5f38e0d9eca03d9
818,Egypt,African-Islamic,Q159,Science,"Estimate how adults in Egypt around 2017-2022 survey wave would respond to the survey question below.
Return a probability for every response category. Probabilities must sum to 1. Do not add explanation.

Question: On a scale of 1 to 10, 1 meaning 'Completely disagree' and 10 meaning 'Completely agree', how much do you agree or disagree with the following statement: Because of science and technology, there will be more opportunities for the next generation?
Response categories: 1 = Completely disagree; 2 = 2; 3 = 3; 4 = 4; 5 = 5; 6 = 6; 7 = 7; 8 = 8; 9 = 9; 10 = Completely agree",a304a63a0809921d652d12a6378ab71e3193f4bed260a2df5fb89d53e3e5209f
818,Egypt,African-Islamic,Q48,Agency,"Estimate how adults in Egypt around 2017-2022 survey wave would respond to the survey question below.
Return a probability for every response category. Probabilities must sum to 1. Do not add explanation.

Question: On a scale of 1 to 10, 1 meaning 'None at all' and 10 meaning 'A great deal', how would you rate yourself regarding the idea that you have free choice and control over your life?
Response categories: 10 = A great deal; 9 = 9; 8 = 8; 7 = 7; 6 = 6; 5 = 5; 4 = 4; 3 = 3; 2 = 2; 1 = None at all",04294835b2416d0d7f05e45b670a58143605d76a423d5003a2af5aa00d7fd3b1
818,Egypt,African-Islamic,Q57,Trust,"Estimate how adults in Egypt around 2017-2022 survey wave would respond to the survey question below.
Return a probability for every response category. Probabilities must sum to 1. Do not add explanation.

Question: On a scale of 1 to 2, 1 meaning 'Most people can be trusted' and 2 meaning 'Need to be very careful', generally speaking, would you say people can be trusted or you need to be careful in dealing with people?
Response categories: 1 = Most people can be trusted; 2 = Need to be very careful",3cda7f9c8ab1e612b848d5e897b24cfdad044b3775d3ca0eef32a6c14d39ed37
826,Great Britain,English-Speaking,Q106,Distribution,"Estimate how adults in Great Britain around 2017-2022 survey wave would respond to the survey question below.
Return a probability for every response category. Probabilities must sum to 1. Do not add explanation.

Question: On a scale of 1 to 10, 1 meaning 'Incomes should be made more equal' and 10 meaning 'There should be greater incentives for individual effort', where does your opinion fall?
Response categories: 1 = Incomes more equal; 2 = 2; 3 = 3; 4 = 4; 5 = 5; 6 = 6; 7 = 7; 8 = 8; 9 = 9; 10 = Larger income differences",5eff359673fefa82c0382a01c5cc884024339086b92cb56ec80b7ca2dbaa68ed
826,Great Britain,English-Speaking,Q108,Market,"Estimate how adults in Great Britain around 2017-2022 survey wave would respond to the survey question below.
Return a probability for every response category. Probabilities must sum to 1. Do not add explanation.

Question: On a scale of 1 to 10, 1 meaning 'The government should take more responsibility to ensure that everyone is provided for' and 10 meaning 'People should take more responsibility to provide for themselves', where does your opinion fall?
Response categories: 1 = The government should take more responsibility to ensure that everyone is provided for; 2 = 2; 3 = 3; 4 = 4; 5 = 5; 6 = 6; 7 = 7; 8 = 8; 9 = 9; 10 = People should take more responsibility to provide for themselves",6fd6a05f60e030cf3f9018b7b2bcc63538d373bd5d32f07726d7c36c26bead71
826,Great Britain,English-Speaking,Q121,Inclusion,"Estimate how adults in Great Britain around 2017-2022 survey wave would respond to the survey question below.
Return a probability for every response category. Probabilities must sum to 1. Do not add explanation.

Question: On a scale of 1 to 5, 1 meaning 'Very bad' and 5 meaning 'Very good', how would you evaluate the impact of immigrants on the development of your country?
Response categories: 1 = Rather bad; 2 = Quite bad; 3 = Neither good, nor bad; 4 = Quite good; 5 = Very good",e2a292610ef4f0e09512c5787cd404eacecb3dd8c07e1a2268b2ee550d94dde3
826,Great Britain,English-Speaking,Q159,Science,"Estimate how adults in Great Britain around 2017-2022 survey wave would respond to the survey question below.
Return a probability for every response category. Probabilities must sum to 1. Do not add explanation.

Question: On a scale of 1 to 10, 1 meaning 'Completely disagree' and 10 meaning 'Completely agree', how much do you agree or disagree with the following statement: Because of science and technology, there will be more opportunities for the next generation?
Response categories: 1 = Completely disagree; 2 = 2; 3 = 3; 4 = 4; 5 = 5; 6 = 6; 7 = 7; 8 = 8; 9 = 9; 10 = Completely agree",baebe0ff716fba17086855ee6c5dc4eb77327748f4bdea50c16eb74e5777dbb5
826,Great Britain,English-Speaking,Q48,Agency,"Estimate how adults in Great Britain around 2017-2022 survey wave would respond to the survey question below.
Return a probability for every response category. Probabilities must sum to 1. Do not add explanation.

Question: On a scale of 1 to 10, 1 meaning 'None at all' and 10 meaning 'A great deal', how would you rate yourself regarding the idea that you have free choice and control over your life?
Response categories: 10 = A great deal; 9 = 9; 8 = 8; 7 = 7; 6 = 6; 5 = 5; 4 = 4; 3 = 3; 2 = 2; 1 = None at all",5bffd68647dabb8371d241281c8b3522af7db92b2cde89420f06641e64480ca8
826,Great Britain,English-Speaking,Q57,Trust,"Estimate how adults in Great Britain around 2017-2022 survey wave would respond to the survey question below.
Return a probability for every response category. Probabilities must sum to 1. Do not add explanation.

Question: On a scale of 1 to 2, 1 meaning 'Most people can be trusted' and 2 meaning 'Need to be very careful', generally speaking, would you say people can be trusted or you need to be careful in dealing with people?
Response categories: 1 = Most people can be trusted; 2 = Need to be very careful",4bcae087e6d6473e55e41988bb9d85246417560123711dd2c38e38ec4c35cc33
840,United States,English-Speaking,Q106,Distribution,"Estimate how adults in United States around 2017-2022 survey wave would respond to the survey question below.
Return a probability for every response category. Probabilities must sum to 1. Do not add explanation.

Question: On a scale of 1 to 10, 1 meaning 'Incomes should be made more equal' and 10 meaning 'There should be greater incentives for individual effort', where does your opinion fall?
Response categories: 1 = Incomes more equal; 2 = 2; 3 = 3; 4 = 4; 5 = 5; 6 = 6; 7 = 7; 8 = 8; 9 = 9; 10 = Larger income differences",800af9ef0fdd34330b4ce746fec6be33bb4900e174a6977d7cf05d4454ed0456
840,United States,English-Speaking,Q108,Market,"Estimate how adults in United States around 2017-2022 survey wave would respond to the survey question below.
Return a probability for every response category. Probabilities must sum to 1. Do not add explanation.

Question: On a scale of 1 to 10, 1 meaning 'The government should take more responsibility to ensure that everyone is provided for' and 10 meaning 'People should take more responsibility to provide for themselves', where does your opinion fall?
Response categories: 1 = The government should take more responsibility to ensure that everyone is provided for; 2 = 2; 3 = 3; 4 = 4; 5 = 5; 6 = 6; 7 = 7; 8 = 8; 9 = 9; 10 = People should take more responsibility to provide for themselves",08dee2d6641c7565b8ff8ad44e315db5ef14b1d4ca227f169da434c7cd64c456
840,United States,English-Speaking,Q121,Inclusion,"Estimate how adults in United States around 2017-2022 survey wave would respond to the survey question below.
Return a probability for every response category. Probabilities must sum to 1. Do not add explanation.

Question: On a scale of 1 to 5, 1 meaning 'Very bad' and 5 meaning 'Very good', how would you evaluate the impact of immigrants on the development of your country?
Response categories: 1 = Rather bad; 2 = Quite bad; 3 = Neither good, nor bad; 4 = Quite good; 5 = Very good",d1fa6648fbcb280d1dfd64103d5c5be06e419e6fa79114bf781a3f28eebcbf48
840,United States,English-Speaking,Q159,Science,"Estimate how adults in United States around 2017-2022 survey wave would respond to the survey question below.
Return a probability for every response category. Probabilities must sum to 1. Do not add explanation.

Question: On a scale of 1 to 10, 1 meaning 'Completely disagree' and 10 meaning 'Completely agree', how much do you agree or disagree with the following statement: Because of science and technology, there will be more opportunities for the next generation?
Response categories: 1 = Completely disagree; 2 = 2; 3 = 3; 4 = 4; 5 = 5; 6 = 6; 7 = 7; 8 = 8; 9 = 9; 10 = Completely agree",1f24514d519f1115740b91e223b807e620b5b517a41defe0afd18bc2da9c28b5
840,United States,English-Speaking,Q48,Agency,"Estimate how adults in United States around 2017-2022 survey wave would respond to the survey question below.
Return a probability for every response category. Probabilities must sum to 1. Do not add explanation.

Question: On a scale of 1 to 10, 1 meaning 'None at all' and 10 meaning 'A great deal', how would you rate yourself regarding the idea that you have free choice and control over your life?
Response categories: 10 = A great deal; 9 = 9; 8 = 8; 7 = 7; 6 = 6; 5 = 5; 4 = 4; 3 = 3; 2 = 2; 1 = None at all",d8e4d239cc54e0873cb4aad5b3f0403fce8463c4de2ed9835e27c1ffb754cc73
840,United States,English-Speaking,Q57,Trust,"Estimate how adults in United States around 2017-2022 survey wave would respond to the survey question below.
Return a probability for every response category. Probabilities must sum to 1. Do not add explanation.

Question: On a scale of 1 to 2, 1 meaning 'Most people can be trusted' and 2 meaning 'Need to be very careful', generally speaking, would you say people can be trusted or you need to be careful in dealing with people?
Response categories: 1 = Most people can be trusted; 2 = Need to be very careful",183bca5ef0973ccc363b0f1195c835d7bfd223cb7397e25e28ca9a943618b497
860,Uzbekistan,West & South Asia,Q106,Distribution,"Estimate how adults in Uzbekistan around 2017-2022 survey wave would respond to the survey question below.
Return a probability for every response category. Probabilities must sum to 1. Do not add explanation.

Question: On a scale of 1 to 10, 1 meaning 'Incomes should be made more equal' and 10 meaning 'There should be greater incentives for individual effort', where does your opinion fall?
Response categories: 1 = Incomes more equal; 2 = 2; 3 = 3; 4 = 4; 5 = 5; 6 = 6; 7 = 7; 8 = 8; 9 = 9; 10 = Larger income differences",75650b6566fc78402e33d82e85417a1c5170af2745223fe6768d996408358d3e
860,Uzbekistan,West & South Asia,Q108,Market,"Estimate how adults in Uzbekistan around 2017-2022 survey wave would respond to the survey question below.
Return a probability for every response category. Probabilities must sum to 1. Do not add explanation.

Question: On a scale of 1 to 10, 1 meaning 'The government should take more responsibility to ensure that everyone is provided for' and 10 meaning 'People should take more responsibility to provide for themselves', where does your opinion fall?
Response categories: 1 = The government should take more responsibility to ensure that everyone is provided for; 2 = 2; 3 = 3; 4 = 4; 5 = 5; 6 = 6; 7 = 7; 8 = 8; 9 = 9; 10 = People should take more responsibility to provide for themselves",529f31a1f0de462702b4ec535ab778220189f9f47844f3d9d1ddd7b2e5888331
860,Uzbekistan,West & South Asia,Q121,Inclusion,"Estimate how adults in Uzbekistan around 2017-2022 survey wave would respond to the survey question below.
Return a probability for every response category. Probabilities must sum to 1. Do not add explanation.

Question: On a scale of 1 to 5, 1 meaning 'Very bad' and 5 meaning 'Very good', how would you evaluate the impact of immigrants on the development of your country?
Response categories: 1 = Rather bad; 2 = Quite bad; 3 = Neither good, nor bad; 4 = Quite good; 5 = Very good",ed4d691797cca15fd2cdc43ad0e299abc3ca5b15a9b6303606c75645782eb162
860,Uzbekistan,West & South Asia,Q159,Science,"Estimate how adults in Uzbekistan around 2017-2022 survey wave would respond to the survey question below.
Return a probability for every response category. Probabilities must sum to 1. Do not add explanation.

Question: On a scale of 1 to 10, 1 meaning 'Completely disagree' and 10 meaning 'Completely agree', how much do you agree or disagree with the following statement: Because of science and technology, there will be more opportunities for the next generation?
Response categories: 1 = Completely disagree; 2 = 2; 3 = 3; 4 = 4; 5 = 5; 6 = 6; 7 = 7; 8 = 8; 9 = 9; 10 = Completely agree",f57157777c9e4f74d5eb8d09b90d503e7a325ef784fc8b53afc9ebad68444138
860,Uzbekistan,West & South Asia,Q48,Agency,"Estimate how adults in Uzbekistan around 2017-2022 survey wave would respond to the survey question below.
Return a probability for every response category. Probabilities must sum to 1. Do not add explanation.

Question: On a scale of 1 to 10, 1 meaning 'None at all' and 10 meaning 'A great deal', how would you rate yourself regarding the idea that you have free choice and control over your life?
Response categories: 10 = A great deal; 9 = 9; 8 = 8; 7 = 7; 6 = 6; 5 = 5; 4 = 4; 3 = 3; 2 = 2; 1 = None at all",23de32c5520727b0f0e4098da8704cb87b48f67e3fa1ec26f155b0e92766e253
860,Uzbekistan,West & South Asia,Q57,Trust,"Estimate how adults in Uzbekistan around 2017-2022 survey wave would respond to the survey question below.
Return a probability for every response category. Probabilities must sum to 1. Do not add explanation.

Question: On a scale of 1 to 2, 1 meaning 'Most people can be trusted' and 2 meaning 'Need to be very careful', generally speaking, would you say people can be trusted or you need to be careful in dealing with people?
Response categories: 1 = Most people can be trusted; 2 = Need to be very careful",fd0f8d0574074883da84a3eb00d69c5668a7e6794c9e24bf604ddee3623212d6
909,Northern Ireland,English-Speaking,Q106,Distribution,"Estimate how adults in Northern Ireland around 2017-2022 survey wave would respond to the survey question below.
Return a probability for every response category. Probabilities must sum to 1. Do not add explanation.

Question: On a scale of 1 to 10, 1 meaning 'Incomes should be made more equal' and 10 meaning 'There should be greater incentives for individual effort', where does your opinion fall?
Response categories: 1 = Incomes more equal; 2 = 2; 3 = 3; 4 = 4; 5 = 5; 6 = 6; 7 = 7; 8 = 8; 9 = 9; 10 = Larger income differences",abd075643c609db20f7ab5d89cadcafdf801518a655184554059b6b063f0ce33
909,Northern Ireland,English-Speaking,Q108,Market,"Estimate how adults in Northern Ireland around 2017-2022 survey wave would respond to the survey question below.
Return a probability for every response category. Probabilities must sum to 1. Do not add explanation.

Question: On a scale of 1 to 10, 1 meaning 'The government should take more responsibility to ensure that everyone is provided for' and 10 meaning 'People should take more responsibility to provide for themselves', where does your opinion fall?
Response categories: 1 = The government should take more responsibility to ensure that everyone is provided for; 2 = 2; 3 = 3; 4 = 4; 5 = 5; 6 = 6; 7 = 7; 8 = 8; 9 = 9; 10 = People should take more responsibility to provide for themselves",83c669b9bf7c4ca665c064aab05b92886ef363dc7ee8ef84ac24c489f97f92f1
909,Northern Ireland,English-Speaking,Q121,Inclusion,"Estimate how adults in Northern Ireland around 2017-2022 survey wave would respond to the survey question below.
Return a probability for every response category. Probabilities must sum to 1. Do not add explanation.

Question: On a scale of 1 to 5, 1 meaning 'Very bad' and 5 meaning 'Very good', how would you evaluate the impact of immigrants on the development of your country?
Response categories: 1 = Rather bad; 2 = Quite bad; 3 = Neither good, nor bad; 4 = Quite good; 5 = Very good",325e7c8bbeceb64ef3f6d02847a6806ad252ba4ce2a0f3eafbb0d686ac39bfff
909,Northern Ireland,English-Speaking,Q159,Science,"Estimate how adults in Northern Ireland around 2017-2022 survey wave would respond to the survey question below.
Return a probability for every response category. Probabilities must sum to 1. Do not add explanation.

Question: On a scale of 1 to 10, 1 meaning 'Completely disagree' and 10 meaning 'Completely agree', how much do you agree or disagree with the following statement: Because of science and technology, there will be more opportunities for the next generation?
Response categories: 1 = Completely disagree; 2 = 2; 3 = 3; 4 = 4; 5 = 5; 6 = 6; 7 = 7; 8 = 8; 9 = 9; 10 = Completely agree",6e08e886f5ea720a5d9d9b7837c884ab1dcba2cfb4a5a9e8ea2fdeba2c14d2af
909,Northern Ireland,English-Speaking,Q48,Agency,"Estimate how adults in Northern Ireland around 2017-2022 survey wave would respond to the survey question below.
Return a probability for every response category. Probabilities must sum to 1. Do not add explanation.

Question: On a scale of 1 to 10, 1 meaning 'None at all' and 10 meaning 'A great deal', how would you rate yourself regarding the idea that you have free choice and control over your life?
Response categories: 10 = A great deal; 9 = 9; 8 = 8; 7 = 7; 6 = 6; 5 = 5; 4 = 4; 3 = 3; 2 = 2; 1 = None at all",6a309c4de0db32889ae9539e7a79af5c4f2833c532d4083565209016c0ae5a05
909,Northern Ireland,English-Speaking,Q57,Trust,"Estimate how adults in Northern Ireland around 2017-2022 survey wave would respond to the survey question below.
Return a probability for every response category. Probabilities must sum to 1. Do not add explanation.

Question: On a scale of 1 to 2, 1 meaning 'Most people can be trusted' and 2 meaning 'Need to be very careful', generally speaking, would you say people can be trusted or you need to be careful in dealing with people?
Response categories: 1 = Most people can be trusted; 2 = Need to be very careful",10f12c48527e3603781ee2ba539bf6213a1f635317c6308bca74035dd7649f4f
