a,nu,growth,mean_burden,worst_burden,burden_gap,peak_worst,adoption_final
0.1,0.54,0.05451689062001084,0.44164241160581463,0.5861831480526891,0.28908147289374897,0.6003892329565053,0.8903317012351669
0.1,0.6300000000000001,0.06299468133726006,0.47432621700514754,0.6207103221070205,0.2927682102037458,0.6344757825581904,0.8816743611400784
0.1,0.72,0.071158541499624,0.502072392752998,0.648948242316246,0.29375169912649607,0.6621973321551068,0.8712477211563923
0.1,0.81,0.07887104642891316,0.5255299084051207,0.672056922016255,0.2930540272222686,0.6847435617215429,0.8580820657150487
0.1,0.9,0.08584481128740849,0.5448172258093289,0.6905456432123782,0.2914568348060987,0.7026097407722616,0.8400296391018244
0.1,0.99,0.0911666238895815,0.5585436502720572,0.7034640856816937,0.28984087081927307,0.7148562638087809,0.8096187595972983
0.1,1.08,0.026716290774140065,0.24943710427039884,0.3456912503355088,0.19250829213021994,0.7193407680114424,0.09621503304929163
0.1,1.17,0.02076797930151418,0.21979742568156807,0.3114963499245133,0.18339784848589047,0.7181492141424661,0.09132669374682349
0.1,1.26,0.019188630334420306,0.21293573943126104,0.3040394537631848,0.18220742866384754,0.7144394444924625,0.08695542157084116
0.1,1.35,0.01850203358151845,0.21062376230927637,0.301872455104788,0.18249738559102324,0.7099675585776658,0.08301220842266747
0.1,1.44,0.018163052838816987,0.2100143371868677,0.30165265263350993,0.18327663089328444,0.7055083759955089,0.07942911834602676
0.1,1.53,0.017994113599973067,0.21019080008782098,0.3023093240030995,0.18423704783055705,0.7013528633714815,0.07615307019074415
0.1,1.62,0.017918606117631616,0.2107638207816752,0.30339075283075884,0.1852538640981673,0.6976187700604518,0.0731417906770946
0.1,1.71,0.017897911367707235,0.21154107453774348,0.30467571873881033,0.1862692884021337,0.694300708166522,0.07036104190298205
0.1,1.8,0.017910529151885603,0.21241829889744862,0.30604566019234436,0.18725472258979148,0.6914199710337011,0.06778271274056619
0.1,1.8900000000000001,0.017943644853227168,0.21333549470599417,0.30743340097578664,0.18819581253958495,0.688805486354427,0.06538344004038328
0.1,1.98,0.01798923858823295,0.21425681701602917,0.30879966410217985,0.18908569417230137,0.6865839827545216,0.06314357082246892
0.1,2.07,0.018042109408125947,0.215160415936909,0.3101212351567065,0.18992163843959498,0.6846886827508569,0.06104643779108887
0.1,2.16,0.018098796379381003,0.21603292143563463,0.3113845537121759,0.19070326455308254,0.6828602767806276,0.05907779328473645
0.11666666666666667,0.5299999999999999,0.05361813219068313,0.4248381974979427,0.5637330359119181,0.2777896768279509,0.5770006398727127,0.8922215742887966
0.11666666666666667,0.6183333333333333,0.061993227357737164,0.4576248939033063,0.5989808301550272,0.2827118725034419,0.6119382662965317,0.8840892367547359
0.11666666666666667,0.7066666666666666,0.07008793739018998,0.48564462350068416,0.6280528431010258,0.28481643920068334,0.6406063411986498,0.8744153779482929
0.11666666666666667,0.7949999999999999,0.0777914615461869,0.5095494429458862,0.6520907418516327,0.285082597811493,0.6641815418642916,0.8624363309966325
0.11666666666666667,0.8833333333333331,0.08488957993411854,0.5295746640815123,0.6716934026227983,0.2842374770825719,0.6832638309350529,0.8465992792638175
0.11666666666666667,0.9716666666666665,0.0908265533606383,0.5450877587765143,0.6865669541061185,0.2829583906592084,0.6974956752091678,0.8225661757699
0.11666666666666667,1.0599999999999998,0.041009278609050986,0.31191900783550014,0.41542160986790433,0.2070052040648084,0.7048688045261615,0.09805086336017092
0.11666666666666667,1.148333333333333,0.02214161066824475,0.21677501088418816,0.3037691922070113,0.1739883626456463,0.70603428818525,0.0930506997934328
0.11666666666666667,1.2366666666666664,0.019796457407127297,0.206053230213611,0.29167607056857275,0.17124568070992352,0.7039418689036964,0.08858526898685383
0.11666666666666667,1.3249999999999997,0.018865935513892675,0.20249528169898473,0.287992988386761,0.17099541337555257,0.7005828305245099,0.08456125451968573
0.11666666666666667,1.413333333333333,0.0184129876784762,0.2012831941940706,0.28703041339714025,0.17149443840613932,0.6969023453671063,0.08090776014968516
0.11666666666666667,1.5016666666666663,0.01818003262964364,0.201103263800457,0.2872424522761683,0.17227837695142256,0.6933858760527937,0.07756956873894573
0.11666666666666667,1.5899999999999999,0.018064439800244577,0.2014386701096686,0.28802418907361355,0.17317103792788988,0.690108181461759,0.07450284338547662
0.11666666666666667,1.678333333333333,0.018016799812938668,0.20204473129294356,0.2890912289567259,0.17409299532756467,0.6872016602250556,0.07167219194723803
0.11666666666666667,1.7666666666666662,0.018010396420066296,0.20279200167518607,0.2902944822522798,0.1750049611541874,0.6845768406549837,0.06904855116824835
0.11666666666666667,1.8549999999999998,0.018029608894026546,0.2036069257610399,0.29155025006766305,0.17588664861324635,0.6823468077879723,0.0666078856888437
0.11666666666666667,1.943333333333333,0.018064783059804294,0.20444570941994256,0.29280950691603486,0.1767275949921846,0.68034415137079,0.06432994874220128
0.11666666666666667,2.0316666666666663,0.018109705650191783,0.20528151473924927,0.2940428796284123,0.17752272977832606,0.6785393652673657,0.06219765340132597
0.11666666666666667,2.1199999999999997,0.01816025707149711,0.2060976637785162,0.29523269394365925,0.17827006033028608,0.6770304877642837,0.06019634507466356
0.13333333333333336,0.52,0.05270979388808302,0.40871755808917076,0.5422153402976131,0.2669955644168847,0.5546124574799914,0.8940152441735638
0.13333333333333336,0.6066666666666667,0.060976315897146555,0.4415119186428509,0.5780208053806957,0.2730177734756895,0.5902212505607791,0.8863635045511635
0.13333333333333336,0.6933333333333334,0.06899139754364242,0.4697135307057335,0.6077871912178737,0.27614732102428047,0.6196830569545753,0.8773614590874077
0.13333333333333336,0.78,0.07666466114864176,0.49396502465172476,0.632625179478497,0.2773203096535444,0.6441480841284867,0.8663997266304643
0.13333333333333336,0.8666666666666666,0.08383218822509257,0.5145703176972272,0.65318164213508,0.2772226488757058,0.6642726321084812,0.8523227095095571
0.13333333333333336,0.9533333333333334,0.09012348049262296,0.5312693769245685,0.669485474517711,0.27643219518628487,0.6800476693879857,0.832347626514064
0.13333333333333336,1.04,0.0940036342223721,0.5411083452446583,0.6789992591231003,0.27578182775688387,0.6899961270386623,0.7935868157932977
0.13333333333333336,1.1266666666666667,0.024459593969286816,0.21919032957383214,0.3030589849133334,0.1677373106790025,0.6935834281755109,0.09482870682633614
0.13333333333333336,1.2133333333333332,0.02060688539828663,0.20101967610379773,0.2820504790293255,0.16206160585105556,0.6932246725421796,0.0902647971446517
0.13333333333333336,1.3,0.01931308876520038,0.19566044706172953,0.27618517879626414,0.16104946346906926,0.6910662191038995,0.08615659014065843
0.13333333333333336,1.3866666666666667,0.018707206087249528,0.1936721206577713,0.2742708483090876,0.16119745530263258,0.6882434014320398,0.08242993369906829
0.13333333333333336,1.4733333333333332,0.018392955732229342,0.1930623875544966,0.27394958476085013,0.16177439441270708,0.6853405995466744,0.07902732810660326
0.13333333333333336,1.56,0.01822814957722083,0.19312330979634773,0.2743869102283906,0.1625272008640858,0.682599356702866,0.07590325085652602
0.13333333333333336,1.6466666666666667,0.01814816004984754,0.19353747052707987,0.2752107532576801,0.16334656546120044,0.6800810577800779,0.07302103996443797
0.13333333333333336,1.7333333333333332,0.018119268480379504,0.19414219664294646,0.27623181529959684,0.16417923731330075,0.677819004897762,0.070350685477143
0.13333333333333336,1.82,0.0181222175090912,0.19484671934407014,0.2773454734100199,0.16499750813189956,0.6757978821490966,0.06786737163807513
0.13333333333333336,1.9066666666666667,0.018145290446220756,0.19559745435626955,0.27849073910384187,0.16578656949514464,0.6740076394594027,0.06555028730525184
0.13333333333333336,1.9933333333333332,0.0181810229619538,0.19636157454310604,0.27963087739021886,0.1665386056942256,0.6725013317306622,0.06338184109849988
0.13333333333333336,2.08,0.01822449503328732,0.19711851584759618,0.2807434064286964,0.1672497811622004,0.671129912459988,0.06134699800969712
0.15000000000000002,0.51,0.051792673219860454,0.3932368380339023,0.5215682382672162,0.25666280046662787,0.5331564987994094,0.8957217355138176
0.15000000000000002,0.5950000000000001,0.059945414807822346,0.42595363580190404,0.5577840352865875,0.26366079896936695,0.5692740450497493,0.8885119635169108
0.15000000000000002,0.6799999999999999,0.0678719024554946,0.45425427055339246,0.5881163075384248,0.2677240739700647,0.5993901334663869,0.8801139442042574
0.15000000000000002,0.765,0.07549770771530555,0.4787634323644102,0.6136358810513255,0.2697448973738305,0.6246169541646931,0.8700360472287804
0.15000000000000002,0.85,0.08269484692847935,0.49982375152205105,0.635010984848044,0.27037446665198583,0.6456380126910338,0.8573988313612225
0.15000000000000002,0.9349999999999999,0.08920216441753297,0.517380944285839,0.6524474216365246,0.27013295470137116,0.6626428437684526,0.8403056067847365
0.15000000000000002,1.02,0.09424516817211215,0.5301799972786163,0.6649644588628715,0.2695689231685102,0.6747456178809095,0.8126511564608532
0.15000000000000002,1.105,0.02977718264566441,0.23673837708624695,0.32082092404743956,0.1681650939223852,0.6807475529660013,0.09666684964798088
0.15000000000000002,1.19,0.021762326656390173,0.19835315474857312,0.2756992451381159,0.15469218077908553,0.6822333516937125,0.09199944774326774
0.15000000000000002,1.275,0.019880735458845004,0.19015032527770925,0.2664025645819515,0.15250447860848446,0.6813693620439142,0.08780310300821505
0.15000000000000002,1.3599999999999999,0.01906102995919824,0.1871140421117114,0.2632097331175661,0.15219138201170945,0.679481257180737,0.0840001141207928
0.15000000000000002,1.4449999999999998,0.018640868176612722,0.185969329164436,0.26222845907681125,0.15251825982475048,0.6772711316094187,0.08053045712348496
0.15000000000000002,1.53,0.01841455154675458,0.18570563791441777,0.26226089856147566,0.1531105212941158,0.6750373069890835,0.07734681567507985
0.15000000000000002,1.615,0.018295199382059188,0.18590070128536895,0.2628086765377488,0.1538159505047597,0.6729276685128236,0.07441115609093069
0.15000000000000002,1.7,0.01823943917551428,0.1863467547644862,0.2636279988581011,0.15456248818722984,0.6710191919878493,0.07169246473676474
0.15000000000000002,1.7850000000000001,0.018223201257738266,0.1869306630357851,0.26458711041233157,0.15531289475309293,0.6692472567765755,0.06916508715117249
0.15000000000000002,1.8699999999999999,0.018232121279574128,0.18758654146352394,0.2656100364369514,0.15604698994685498,0.6677691620313143,0.06680758640966619
0.15000000000000002,1.9549999999999998,0.018257166210514743,0.1882742418793098,0.2666510774853858,0.15675367121215197,0.6664043535975861,0.06460185568594488
0.15000000000000002,2.04,0.018292431131769957,0.1889685592362192,0.2676820370167917,0.15742695556114505,0.6652574129942349,0.06253245852664706
0.16666666666666669,0.49999999999999994,0.05086746707444953,0.3783562509830999,0.5017356810131834,0.24675886006016706,0.5125710075106747,0.8973488551922699
0.16666666666666669,0.5833333333333333,0.05890178285043247,0.41091916678513185,0.5382285042457849,0.25461867492130624,0.5490509229379925,0.8905471889377956
0.16666666666666669,0.6666666666666665,0.06673192080109924,0.43924376612843635,0.5690084457933619,0.259529359329851,0.5796928750678796,0.8826957472958831
0.16666666666666669,0.7499999999999999,0.0742960955436632,0.46393105999888257,0.5951003909606413,0.2623386619235174,0.6055644952462134,0.8733942419254224
0.16666666666666669,0.8333333333333331,0.08149277082152434,0.48534306064654154,0.6171761756942477,0.2636662300954123,0.6273549606573204,0.8619613621042699
0.16666666666666669,0.9166666666666665,0.08813066757201518,0.503545993820975,0.6355428493782248,0.26399371111449965,0.6453690758392877,0.8470492000845581
0.16666666666666669,0.9999999999999999,0.09374149556959337,0.5179371264139947,0.6498165339217278,0.2637588150154661,0.6591852057764701,0.8251268362065741
0.16666666666666669,1.083333333333333,0.09509704350005772,0.5215139439605107,0.6534251355880359,0.26382238325505064,0.6674935468900397,0.7663973482056038
0.16666666666666669,1.1666666666666663,0.023598494732548648,0.19947800793010717,0.2742604345390862,0.1495648532179581,0.6709102448150096,0.09379486273639484
0.16666666666666669,1.2499999999999998,0.02063306981154853,0.1861380375674754,0.258786341137814,0.14529660714067721,0.6714349443157689,0.08950583856774465
0.16666666666666669,1.333333333333333,0.01949749207325557,0.18159832726146924,0.25376757048366444,0.1443384864443904,0.6705535700825516,0.08562285316811608
0.16666666666666669,1.4166666666666663,0.018934857824835512,0.1797617119676699,0.251937360504109,0.14435129707287814,0.6690713986777659,0.0820831644364055
0.16666666666666669,1.4999999999999998,0.018629984482092476,0.1791032895599775,0.2514804560261509,0.14475433293234674,0.6673702832946955,0.07883745881431323
0.16666666666666669,1.583333333333333,0.018461974392009358,0.17904272102304175,0.25170816285530956,0.14533088366453564,0.6657101470483306,0.0758462115071613
0.16666666666666669,1.6666666666666663,0.01837371930803914,0.17930901982605763,0.2523003499575,0.14598266026288476,0.664179818312251,0.07307731516348367
0.16666666666666669,1.7499999999999998,0.0183346254342874,0.179759223371793,0.253089135527879,0.14665982431217192,0.6627465492803866,0.07050424967924927
0.16666666666666669,1.833333333333333,0.01832686258808758,0.1803116498205647,0.2539793424216598,0.14733538520219025,0.6615039533996543,0.06810490164206404
0.16666666666666669,1.9166666666666663,0.018339398392257518,0.18091702675502902,0.2549141337050031,0.14799421389994816,0.660392785932466,0.06586062245733543
0.16666666666666669,1.9999999999999998,0.018365098994287586,0.18154450817703968,0.25585839434613267,0.14862777233818597,0.659388992676079,0.0637555226886393
0.18333333333333335,0.49,0.049934788197473275,0.3640394320173717,0.48266668197380513,0.23725449991286682,0.49280004469190297,0.8989034437149899
0.18333333333333335,0.5716666666666667,0.05784650846420057,0.3963800982477178,0.5193158549434815,0.24587151339152746,0.5295100109594976,0.8924799762757845
0.18333333333333335,0.6533333333333333,0.06557352364989368,0.42466055356295107,0.550434639290138,0.25154817145437397,0.5605598973177371,0.8851259127630993
0.18333333333333335,0.735,0.07306419828306879,0.4494543643533865,0.5769979890720849,0.25508724943739686,0.5869666408382229,0.876512781991821
0.18333333333333335,0.8166666666666665,0.08023693034445892,0.47113005926887297,0.5996692307858524,0.2570783430339589,0.6094152530982807,0.8661050709565145
0.18333333333333335,0.8983333333333333,0.08694761365436039,0.4898261845596446,0.6188131764304908,0.25797398374169245,0.6282737668899268,0.8529149012595244
0.18333333333333335,0.98,0.09288692919700797,0.50526176246361,0.6343394762532828,0.25815542757934573,0.6434212020086659,0.8346947557389129
0.18333333333333335,1.0616666666666665,0.0969934896715804,0.5154489072712791,0.6444778002862653,0.2580577860299725,0.6538098429284903,0.802999904968683
0.18333333333333335,1.143333333333333,0.027210750528984022,0.20930041356229362,0.2835462168577105,0.14849160659083374,0.6592080115619342,0.09565695572395408
0.18333333333333335,1.225,0.02169343918170867,0.18407429444948428,0.2538240493528946,0.13949950980682063,0.6612293193579327,0.0912701044500285
0.18333333333333335,1.3066666666666666,0.020053352014462643,0.17719086924195526,0.24596988527291305,0.1375580320619156,0.6614214802804199,0.08730298621860835
0.18333333333333335,1.3883333333333332,0.019290969375781272,0.17441594650112446,0.24299409500061958,0.13715629699899026,0.660727583431722,0.08368984828356016
0.18333333333333335,1.47,0.018883069193135225,0.17326144216325137,0.2419257672234397,0.13732865012037665,0.6596484779789034,0.08037920562362724
0.18333333333333335,1.5516666666666665,0.01865376518492288,0.17289499457500876,0.24177290664373105,0.13775582413744458,0.6584485467610094,0.07732996144824292
0.18333333333333335,1.633333333333333,0.018525646965910667,0.17295347063149907,0.2421041972630277,0.13830145326305726,0.6572824202288672,0.07450877702238011
0.18333333333333335,1.7149999999999999,0.018459020483967404,0.17325292810586645,0.24270217975879654,0.13889850330586018,0.6561764238078305,0.0718882152686369
0.18333333333333335,1.7966666666666666,0.01843141527766912,0.17369089329679588,0.24344644783019548,0.13951110906679923,0.6551689899251946,0.06944540559344804
0.18333333333333335,1.8783333333333332,0.018429202975212586,0.17420647886550766,0.24426602206065828,0.1401190863903012,0.65426676773117,0.06716113721705039
0.18333333333333335,1.96,0.018443691778669485,0.17476185079807005,0.24511724472488425,0.1407107878536284,0.6535286894589478,0.06501905522546761
0.2,0.48,0.04899517843951768,0.35025305508965404,0.46431471573987587,0.22812332130044366,0.4737926652829596,0.9003914739614282
0.2,0.56,0.05678053984249012,0.38231021609322985,0.5010109415674298,0.23740145094839982,0.5106131231296189,0.8943196348836874
0.2,0.6399999999999999,0.06439846793800333,0.41048463962683535,0.532368334565395,0.24376738987711932,0.5419625553585311,0.8874204355251508
0.2,0.72,0.07180556431337577,0.4353201106465861,0.5593095208451293,0.2479788203970864,0.5688046446566747,0.8794225315401255
0.2,0.7999999999999999,0.07893554792514766,0.4571829614117189,0.582480953526621,0.25059598422980417,0.5918095066397382,0.869899920983715
0.2,0.8799999999999999,0.08567747797224608,0.47625490871176374,0.6022784517829377,0.25204708614234794,0.6113796533300828,0.8581112062661534
0.2,0.96,0.0918154322387854,0.4924326478122665,0.6187722734531923,0.2526792512818516,0.6275712670523589,0.8425377959814215
0.2,1.0399999999999998,0.09678055908500598,0.5048069841851404,0.6312169688601309,0.25281996934998097,0.6397200400883116,0.8188851745689365
0.2,1.1199999999999999,0.041525696971995256,0.26840400072944576,0.35196074732458893,0.16711349319028634,0.6470849068892878,0.09759209217637921
0.2,1.2,0.023340968372250383,0.18510577105377304,0.2528482390607973,0.13548493601404848,0.6506871965736264,0.09310153364444847
0.2,1.2799999999999998,0.020792014061743046,0.17408458638646956,0.24000511459979607,0.131841056426653,0.6520372958665012,0.08904556758513218
0.2,1.3599999999999999,0.0197335820930288,0.16995709505320875,0.23538506362007972,0.13085593713374194,0.6521939493388018,0.08535514109112319
0.2,1.44,0.019185958811225316,0.16815388308813983,0.2335213979902105,0.1307350298041413,0.6517750276760281,0.08197635521293763
0.2,1.5199999999999998,0.01887764963716433,0.16741050998243817,0.2329023786249426,0.1309837372850088,0.6510808288913624,0.07886639794598779
0.2,1.5999999999999999,0.018699793210178776,0.16722303575695746,0.2329268874334064,0.1314077033528979,0.6502895701483112,0.0759905825533497
0.2,1.68,0.01859956330657026,0.16734921822491394,0.23330699428618112,0.13191555212253434,0.6495320572873751,0.07332047278854094
0.2,1.7599999999999998,0.018548110873723204,0.16765844529803253,0.23388819485962722,0.13245949912318938,0.6487861994507282,0.07083243439121373
0.2,1.8399999999999999,0.018528364056381995,0.16807469216895957,0.23458111372195875,0.13301284310599837,0.6481199698351293,0.06850659033863829
0.2,1.92,0.018529620254306132,0.16855128725296714,0.23533131764097956,0.13356006077602484,0.6475407638713699,0.06632609272369491
0.2166666666666667,0.47,0.04804911944695172,0.33696650406137607,0.4466372068746682,0.21934140562658416,0.45550236055789756,0.9018182194687014
0.2166666666666667,0.5483333333333333,0.0557047085338215,0.36868527676822727,0.48328145527942784,0.2291923570224012,0.49232518349510856,0.8960742748377412
0.2166666666666667,0.6266666666666666,0.0632082587183008,0.3966973721190414,0.5147850911361614,0.23617543803424013,0.5238744203710238,0.8895928779067845
0.2166666666666667,0.705,0.07052311893246302,0.4215155042591076,0.5420172370688224,0.24100346561942965,0.551058908175619,0.8821486143539761
0.2166666666666667,0.7833333333333332,0.07759497616390607,0.4434978670332105,0.5656017069374892,0.24420767980855757,0.5745276927053402,0.8733992022207504
0.2166666666666667,0.8616666666666666,0.08433695117500205,0.4628508538493208,0.5859480722677843,0.24619443683692716,0.5946969959983334,0.8627776275488118
0.2166666666666667,0.94,0.0905924111890133,0.4795753909132733,0.6032189226937772,0.24728706356100788,0.6117287008101736,0.8492141978068412
0.2166666666666667,1.0183333333333333,0.09601123023222194,0.4932198748781512,0.6171022978017927,0.24776484584728292,0.6252859100688503,0.8301710000929435
0.2166666666666667,1.0966666666666665,0.09921302366934952,0.5010235229684719,0.624991853473793,0.24793666101064232,0.6345167022621652,0.7945879637772376
0.2166666666666667,1.1749999999999998,0.02641465117210929,0.19283680550419274,0.2601445258435976,0.13461544067880968,0.6397643181062922,0.09500622581796304
0.2166666666666667,1.2533333333333332,0.02183524722368849,0.17273002359435788,0.23637944283056586,0.12729883847241596,0.6423682039289536,0.09085610875652222
0.2166666666666667,1.3316666666666666,0.02030206957927767,0.166483058371512,0.2291923004745881,0.1254184842061522,0.6434499995034492,0.08708403661124292
0.2166666666666667,1.41,0.019556517343156922,0.163788690354373,0.2262410667521216,0.12490475279549722,0.6437236847093416,0.08363351112279621
0.2166666666666667,1.4883333333333333,0.019143425666218683,0.16256440795422922,0.2250305172490012,0.12493221858954397,0.6435800669337943,0.08045977009701051
0.2166666666666667,1.5666666666666664,0.018902224710138305,0.16207792454357078,0.22468431617849352,0.12521278326984547,0.6432248271178889,0.077526703873726
0.2166666666666667,1.645,0.018760338998604534,0.16200051604509164,0.22481007020206425,0.12561910831394524,0.6427889438938567,0.07480478033328081
0.2166666666666667,1.7233333333333332,0.01867987368720671,0.16216224043996005,0.22520566372886655,0.126086846577813,0.6423556967864986,0.07226950697900818
0.2166666666666667,1.8016666666666665,0.018639074152906072,0.16246681435005228,0.22575713836776315,0.12658064803542174,0.6419745807001745,0.06990031255051232
0.2166666666666667,1.88,0.01862458854252841,0.16285613152792833,0.2263961474248293,0.12708003179380192,0.6416187681469451,0.06767982767287384
0.23333333333333336,0.45999999999999996,0.047097041403525934,0.32415158814783634,0.42959509224196346,0.21088700818825426,0.4378864772449675,0.9031883735191695
0.23333333333333336,0.5366666666666666,0.054619748229026446,0.35548280924578685,0.46609760726062976,0.22122959602968584,0.4746139154277341,0.8977509928186246
0.23333333333333336,0.6133333333333333,0.06200419641517769,0.3832813229046483,0.4976623323749607,0.22876201894062487,0.5062711959097584,0.8916548785227993
0.23333333333333336,0.69,0.06921930687795944,0.40802825699013634,0.5251046493057289,0.234152784631185,0.533711804534443,0.8847118306004298
0.23333333333333336,0.7666666666666665,0.07622024438999182,0.43006963041512425,0.549021820431454,0.2379043800326594,0.5575567570260417,0.8766445136010729
0.23333333333333336,0.8433333333333333,0.0829380298242668,0.44962437579456693,0.5698256801369155,0.24040260868469704,0.5782324552587953,0.8670126303034127
0.23333333333333336,0.9199999999999999,0.08925576387459631,0.4667564039679706,0.5877324530109969,0.2419520980860525,0.5959510765759104,0.8550390636144843
0.23333333333333336,0.9966666666666665,0.09494077619723178,0.4812475540719554,0.602650124142837,0.2428051401417633,0.6106025622072085,0.839095012644591
0.23333333333333336,1.073333333333333,0.09934653241431277,0.4919611691346795,0.6135580142090412,0.24319369014872338,0.621501536143701,0.814314408185949
0.23333333333333336,1.15,0.03594002904626854,0.2291519419533448,0.3018869863262234,0.14547008874575723,0.6284202356544011,0.09699087274805851
0.23333333333333336,1.2266666666666666,0.023458074398632546,0.17423230346718085,0.2363918837460475,0.12431916055773327,0.6323565948627078,0.09274054974224809
0.23333333333333336,1.303333333333333,0.02106535719424992,0.16422159964115718,0.22466054014723696,0.12087788101215956,0.6344501383709295,0.08888192938313919
0.23333333333333336,1.38,0.020022378481931304,0.16022203065368495,0.22012271267663636,0.11980136404590283,0.6354751636709576,0.08535559950052862
0.23333333333333336,1.4566666666666666,0.01946516787014275,0.1583577328217597,0.2181286933950883,0.11954192114665722,0.6359115341394586,0.08211466343063903
0.23333333333333336,1.533333333333333,0.019141233213871366,0.15749613503194046,0.21731998520356,0.11964770034323906,0.6360185577576072,0.07912143163526301
0.23333333333333336,1.6099999999999999,0.01894673321649187,0.15717344242498288,0.21714114253533137,0.119935400220697,0.6359686661001845,0.07634515925789045
0.23333333333333336,1.6866666666666665,0.018830454125023977,0.15716259848492203,0.21732096573219564,0.12031673449454719,0.6358556794838162,0.07376041334029551
0.23333333333333336,1.763333333333333,0.01876408400162145,0.15733936770148138,0.2177116166655469,0.120744497928131,0.6357270647343993,0.07134592763775004
0.23333333333333336,1.8399999999999999,0.01873069632366561,0.1576304643941503,0.21822630817091446,0.12119168755352831,0.6356143738002605,0.06908369573822787
0.25,0.44999999999999996,0.0461393302498495,0.311782294478654,0.41315244398715534,0.20274029901700263,0.4209060028603234,0.9045060849839685
0.25,0.525,0.05352630985589613,0.3426819426019813,0.4494318582988679,0.21349983139377313,0.4574495134217813,0.8993560383017403
0.25,0.5999999999999999,0.060787413333653555,0.37022018265696643,0.48097913639098633,0.2215179074680398,0.48913033073099005,0.8936164625161972
0.25,0.6749999999999999,0.06789619552453484,0.3948466144520364,0.5085564015793648,0.2274195742546567,0.5167468395303704,0.8871295933103407
0.25,0.7499999999999999,0.07481541503149794,0.4168923881909885,0.5327318064935909,0.23167883660520466,0.5408903171026198,0.8796690887794895
0.25,0.8249999999999998,0.08148968475059733,0.4365808233287465,0.5539116441487292,0.23466164163996533,0.5619812894778636,0.8708887079102478
0.25,0.8999999999999999,0.08782983145520956,0.45401405649097554,0.5723423163288872,0.23665651967582335,0.5802705487007733,0.860210307753736
0.25,0.9749999999999999,0.09367327182010277,0.4691048270695389,0.5880537551907177,0.2378978562423576,0.5957756843599206,0.8465305106014376
0.25,1.0499999999999998,0.09864831246091757,0.4812983168695964,0.6005911495876136,0.23858566543603443,0.6080710857553505,0.8271722320661264
0.25,1.125,0.10115309273744384,0.4873101753772127,0.6067535487846912,0.23888674681495703,0.616620663190634,0.7893022486985832
0.25,1.1999999999999997,0.02648310184529836,0.1820069135403941,0.2441199532888789,0.1242260794969696,0.6219597290665233,0.09470546166865798
0.25,1.2749999999999997,0.022158558323156257,0.1636776786016651,0.22237326264497845,0.11739116808662671,0.6251329040987663,0.09075475442358329
0.25,1.3499999999999999,0.020629173838395,0.15758893352622405,0.21530439161709267,0.11543091618173722,0.6269778278283028,0.0871480443421828
0.25,1.4249999999999998,0.019864015688942756,0.15482642254439463,0.212215366503874,0.1147778879189587,0.6280520897751929,0.08383607252070281
0.25,1.4999999999999998,0.019428539763406163,0.15347624261298665,0.21080718013142444,0.1146618750368756,0.6286674774038834,0.08077938888938332
0.25,1.5749999999999997,0.019166043002705618,0.1528493318114826,0.21025262579399256,0.11480658796501993,0.6290240089656214,0.07794594264988684
0.25,1.6499999999999997,0.019004776086336862,0.15263175111423744,0.21017548797500432,0.11508747372153379,0.6292445158262562,0.07530926561405035
0.25,1.7249999999999996,0.018906917880426526,0.1526592904596826,0.21037952161176768,0.11544046230417017,0.6293704893700909,0.07284729343088069
0.25,1.7999999999999998,0.018850581386645224,0.15283791377137496,0.21075276292222342,0.11582969830169693,0.6295072205908413,0.07054138407011079
0.2666666666666667,0.43999999999999995,0.04517633364403172,0.2998345719966568,0.3972761430819976,0.19488314217068156,0.40452492009568003,0.9057750793047677
0.2666666666666667,0.5133333333333333,0.05242497384144178,0.33026325505128407,0.43325868634865106,0.20599086259473395,0.4408044643440317,0.900894928934811
0.2666666666666667,0.5866666666666666,0.05955890219796443,0.35749866642764555,0.46471605894853124,0.21443478504177138,0.47243097996749367,0.8954863491656642
0.2666666666666667,0.6599999999999999,0.06655555122607841,0.3819593605290851,0.4923581576093098,0.22079759416044936,0.5001485296690242,0.8894166166697617
0.2666666666666667,0.7333333333333332,0.07338382522597639,0.4039598894578823,0.5167224734718151,0.22552516802786554,0.5245171578736201,0.8824998726218548
0.2666666666666667,0.8066666666666665,0.0799988349413791,0.4237224073286382,0.5382044103853086,0.22896400611334095,0.5459467345646599,0.8744609908585168
0.2666666666666667,0.8799999999999999,0.08633137215148173,0.4413716865761347,0.5570656328265976,0.23138789250092578,0.5647055349090695,0.8648615909779191
0.2666666666666667,0.9533333333333331,0.0922636864632542,0.4568978746931366,0.573406654894649,0.2330175604030249,0.5808895789980986,0.8529248625618161
0.2666666666666667,1.0266666666666664,0.09755970514127052,0.4700202348284222,0.587038019853788,0.2340355700507316,0.5942923233768183,0.8370117703707342
0.2666666666666667,1.0999999999999999,0.10155187467420182,0.47951868646284723,0.596814556223526,0.23459173952135742,0.604353149231195,0.8121432644822569
0.2666666666666667,1.1733333333333331,0.03574799253165222,0.21634139745214973,0.2838791334886589,0.13507547207301834,0.6111292413925394,0.09675810887686127
0.2666666666666667,1.2466666666666664,0.023896773980265903,0.1660947422259394,0.22380632813459597,0.11542317181731315,0.615459447382863,0.09270902456143501
0.2666666666666667,1.3199999999999998,0.021459190490123303,0.15617560741372183,0.21211047000219352,0.11186972517694335,0.6182039372233235,0.0890167690195488
0.2666666666666667,1.393333333333333,0.020373545738952583,0.1520606095499666,0.2073784504902154,0.11063568188049755,0.6199515298762888,0.08562943813195519
0.2666666666666667,1.4666666666666663,0.0197813918777907,0.1500439142506093,0.20515591892876994,0.11022400935632125,0.6211164189799758,0.08250565431076992
0.2666666666666667,1.5399999999999998,0.019428469134629218,0.1490265195003639,0.20412146069353382,0.1101898823863398,0.6219038740959664,0.07961188194083908
0.2666666666666667,1.613333333333333,0.01920947320745029,0.1485544172310338,0.20372967324294794,0.11035051202382828,0.6224652343468352,0.07692052731845785
0.2666666666666667,1.6866666666666663,0.019072192794930477,0.14840371313093095,0.20371209436375023,0.11061676246563856,0.6228782851253655,0.07440864580110947
0.2666666666666667,1.7599999999999998,0.01898762429255479,0.1484510167480946,0.20392118042415974,0.11094032735213026,0.6232947159695176,0.07205691033837638
0.2833333333333334,0.42999999999999994,0.044208365963612765,0.2882861418308664,0.3819355951463397,0.1872989066309465,0.3887101102330632,0.9069986961154914
0.2833333333333334,0.5016666666666666,0.05131626014015529,0.31820864116728204,0.4175543854461186,0.19869148855767316,0.4246531663998656,0.9023725890017735
0.2833333333333334,0.5733333333333333,0.058319538781971526,0.34510242884547054,0.4488549821236558,0.20750510655637058,0.4561536517770035,0.8972721806586311
0.2833333333333334,0.6449999999999999,0.06519889686158103,0.36935580832731774,0.4764965020469734,0.21428138743931135,0.4839025974451126,0.8915854822905019
0.2833333333333334,0.7166666666666665,0.07192825573732348,0.3912657070011777,0.5009849809311154,0.21943854785987554,0.5084279131336795,0.8851590829788801
0.2833333333333334,0.7883333333333332,0.07847095117718726,0.41104931365135033,0.5227012791063229,0.2233039309099451,0.5301247383032238,0.8777724217432176
0.2833333333333334,0.8599999999999999,0.08477251751361461,0.42884387289068693,0.5419125163118051,0.22613728684223644,0.5492680116624189,0.8690879848212179
0.2833333333333334,0.9316666666666664,0.09074535368971073,0.44468653285447024,0.5587604210435501,0.2281477763781597,0.5659998134080799,0.8585427269473286
0.2833333333333334,1.003333333333333,0.09622995167361666,0.4584431228065713,0.5731962840309007,0.22950632244865887,0.5802585102949459,0.8450644468078031
0.2833333333333334,1.0749999999999997,0.1008626468065948,0.4695359244812426,0.5847116641475214,0.23035147933255762,0.5916315575426238,0.8260632225701077
0.2833333333333334,1.1466666666666665,0.10309842054398186,0.47480236252113306,0.5901672451806562,0.23072976531904626,0.5998334104282017,0.7893439211005301
0.2833333333333334,1.218333333333333,0.027281997963166372,0.17551258382721815,0.23379953254387598,0.11657389743331564,0.6053872253344782,0.09475203156850918
0.2833333333333334,1.2899999999999998,0.022680855938177067,0.15661361715050523,0.2112846741659755,0.1093421140309405,0.609093034630277,0.0909683783768231
0.2833333333333334,1.3616666666666664,0.021051146994312434,0.15024726906310024,0.20382602772556743,0.10715751732493438,0.6115908544158268,0.08750082462477117
0.2833333333333334,1.433333333333333,0.020226464284907954,0.14726547174062682,0.20042861254479322,0.10632628160833277,0.6133328718341334,0.08430581291379034
0.2833333333333334,1.505,0.01974881102129737,0.1457254890866518,0.198754619120846,0.10605826006838837,0.6145949038702896,0.08134816774250252
0.2833333333333334,1.5766666666666664,0.01945375066188557,0.1449298298915952,0.19796475595796462,0.10606985213273887,0.6155626091237563,0.0785990777101628
0.2833333333333334,1.648333333333333,0.019266108649268532,0.1445606170430368,0.19767692680699117,0.10623261952790874,0.6163205554998437,0.07603459820286586
0.2833333333333334,1.7199999999999998,0.019146251462735252,0.1444512008553515,0.19769119952168468,0.1064799973326663,0.6169532293777582,0.07363464826726783
0.30000000000000004,0.42,0.04323571250218971,0.27711633028683025,0.367102481993261,0.17997230341286155,0.3734309086819248,0.9081799530168108
0.30000000000000004,0.49,0.05020063653721028,0.30650119452372687,0.4022968906360436,0.19159139222463348,0.4089719127943994,0.9037934111519343
0.30000000000000004,0.5599999999999999,0.05707010006770732,0.3330179878837458,0.43337898393740476,0.2007219921073179,0.44028022554514573,0.8989806697842959
0.30000000000000004,0.63,0.06382755600103764,0.35702578319817224,0.46095885382519447,0.2078661412540444,0.46799569508751415,0.8936470276640591
0.30000000000000004,0.7,0.07045105239587338,0.37880337397927666,0.4855108618757453,0.21341497579293733,0.4926135977576434,0.8876652655257806
0.30000000000000004,0.7699999999999999,0.07691044824135637,0.3985603965265511,0.5073988710282582,0.21767694900341417,0.5145116926835405,0.8808572585389806
0.30000000000000004,0.84,0.08316239033615978,0.41643977573017243,0.5268888602031948,0.22089816894604475,0.5339648115442949,0.8729598470007582
0.30000000000000004,0.9099999999999999,0.08914033626238799,0.43250729441238445,0.5441459230724652,0.22327725732016163,0.5511414658861443,0.8635555806524052
0.30000000000000004,0.9799999999999999,0.09473180224789271,0.4467129901905502,0.5592010222070961,0.22497606403309184,0.5660643609362125,0.8519101756552379
0.30000000000000004,1.05,0.09971383151950196,0.45876371119721304,0.5718265361700667,0.22612564994570739,0.578503468194225,0.8364947967724201
0.30000000000000004,1.1199999999999999,0.10347380733584802,0.4675328462962952,0.5809397075205008,0.22681372244841125,0.5880520567652858,0.8128131222821051
0.30000000000000004,1.1899999999999997,0.03959150658580445,0.22144510702146328,0.28778043134721976,0.13267064865151296,0.5948656839736364,0.09689193195374594
0.30000000000000004,1.26,0.02471581926232129,0.16053764542690063,0.21478086551226447,0.1084864401707277,0.5996030401566325,0.09301022456420059
0.30000000000000004,1.3299999999999998,0.02200539016204804,0.14977447960844353,0.20201143964561558,0.10447392007434406,0.602925335734653,0.08945693512939489
0.30000000000000004,1.4,0.020807743100940294,0.1452766066443621,0.1967741585930664,0.10299510389740862,0.6053114379393818,0.08618604970977665
0.30000000000000004,1.47,0.020149541902066245,0.1429993011033755,0.1942011412583235,0.102403680309896,0.6070832145454533,0.08316057980660574
0.30000000000000004,1.5399999999999998,0.019750837349383234,0.14177610213942107,0.1928874781733669,0.10222275206789168,0.6084459673060827,0.08035030920013016
0.30000000000000004,1.6099999999999999,0.019497230542867238,0.14113073910005003,0.19225970321498093,0.10225792822986181,0.6095523395485108,0.07773023303066172
0.30000000000000004,1.68,0.0193323991855876,0.14082953770798648,0.19203677899757024,0.10241448257916752,0.6104510215348496,0.07527942261534727
0.3166666666666667,0.41,0.04225863302855734,0.2663059211883906,0.3527505434559448,0.17288924453510843,0.35865896984018936,0.9093215698951478
0.3166666666666667,0.47833333333333333,0.049078525549745525,0.2951251035902883,0.38746562476622304,0.18468104235186938,0.39373855061675667,0.9051613281368525
0.3166666666666667,0.5466666666666666,0.05581127892345176,0.321232656318245,0.41827222537122655,0.1940791381059631,0.42479372408987875,0.9006177892383632
0.3166666666666667,0.615,0.062442687289412,0.3449596014444165,0.44573339007119706,0.20154757725356115,0.4524151728992032,0.8956106461621931
0.3166666666666667,0.6833333333333332,0.06895421540901077,0.36656647297953304,0.4702920261187132,0.20745110627836033,0.4770655649977461,0.8900340635775501
0.3166666666666667,0.7516666666666666,0.07532095010928336,0.38625362535660956,0.4922934151991154,0.21207957968501162,0.4991036782618256,0.8837432510378079
0.3166666666666667,0.82,0.08150805882876248,0.4041650516627602,0.5119979042780866,0.21566570523065276,0.5187989792076582,0.8765308648464478
0.3166666666666667,0.8883333333333332,0.08746415317464554,0.4203835726725915,0.5295826126113676,0.21839807987755228,0.5363329308560214,0.8680817680546883
0.3166666666666667,0.9566666666666664,0.09310738044629932,0.43490961456976795,0.545124938636659,0.22043064813378216,0.5517813515580401,0.8578758067829501
0.3166666666666667,1.025,0.09829100813931933,0.4475965926257289,0.5585408767271199,0.22188856820278213,0.5650480594836558,0.8449396238703688
0.3166666666666667,1.0933333333333333,0.10269072860958577,0.4579206451326562,0.5693535240236005,0.22286575778188866,0.5757898696497923,0.8270013832657968
0.3166666666666667,1.1616666666666664,0.10508675215968953,0.46343527500195314,0.575109914253961,0.22334927850401565,0.583860905520665,0.794715051462944
0.3166666666666667,1.23,0.029117012906184635,0.1740427325281119,0.22991925510288497,0.11175304514954613,0.5896891245976975,0.09515058496544525
0.3166666666666667,1.2983333333333331,0.023475290807891926,0.15153487110497324,0.20299831196732993,0.10292688172471338,0.593892153174808,0.09150528313254691
0.3166666666666667,1.3666666666666665,0.021604318027886673,0.1443483783537768,0.19450710340331615,0.10031745009907866,0.5969773872452215,0.0881532776633846
0.3166666666666667,1.4349999999999998,0.020666829520847012,0.14095498903634213,0.19057752958769225,0.09924508110270022,0.5993082344636793,0.08505551275827118
0.3166666666666667,1.5033333333333332,0.020120576768874465,0.1391388540204102,0.188540071920276,0.09880243579973157,0.6011284386516542,0.08218020738150136
0.3166666666666667,1.5716666666666665,0.019777795753011296,0.13813149536917038,0.18746849987202305,0.09867400900570535,0.6026183431384461,0.07950117045992741
0.3166666666666667,1.64,0.01955425164458294,0.13758861334717587,0.18694801448296444,0.09871880227157717,0.603858939516089,0.07699652574444878
0.33333333333333337,0.39999999999999997,0.04127736480972491,0.25583702490375515,0.3388553850808049,0.16603672035409958,0.34436799312628547,0.9104260056111152
0.33333333333333337,0.4666666666666667,0.04795031020370786,0.28406555904327224,0.37304136375364433,0.17795160942074423,0.3789324500672231,0.9064798937712432
0.33333333333333337,0.5333333333333332,0.05454369615793379,0.30973447984162833,0.4035198516521427,0.18757074362102877,0.409678284601882,0.9021887971428576
0.33333333333333337,0.6,0.061045311558544355,0.33314804693948585,0.43080897915682,0.19532186443466823,0.43714913664947613,0.8974845564070154
0.33333333333333337,0.6666666666666665,0.0674394663560703,0.3545486939170561,0.45532075296995556,0.20154411810579886,0.4617754946883682,0.8922788229846518
0.33333333333333337,0.7333333333333333,0.07370547494303058,0.37412638147472593,0.47738093156527805,0.20650910018110424,0.48389673706179476,0.886453267926809
0.33333333333333337,0.7999999999999999,0.0798151327342246,0.39202301453523103,0.4972411664526683,0.21043630383487455,0.503772359369194,0.8798430889396265
0.33333333333333337,0.8666666666666666,0.0857282215721639,0.40833088591426625,0.5150831659317257,0.2135045600349188,0.5215905254148057,0.8722068717719161
0.33333333333333337,0.9333333333333331,0.09138373341805611,0.42308110644598856,0.5310113222223767,0.21586043155277623,0.5374561417610183,0.8631664672181828
0.33333333333333337,0.9999999999999999,0.09668034996803947,0.43620923721188365,0.5450211362100951,0.2176237979964229,0.5513578107279252,0.8520695774695566
0.33333333333333337,1.0666666666666664,0.10142333552939402,0.4474508309047386,0.5568952514468297,0.21888884108418233,0.5630849703854378,0.8376030923722232
0.33333333333333337,1.133333333333333,0.10511494226253983,0.4559052719972706,0.5657579433380786,0.21970534268161596,0.5723512519730403,0.8161963419423071
0.33333333333333337,1.2,0.061657528895995975,0.29851158250108156,0.37848915327759386,0.15995514155302454,0.5793058280093405,0.09739879905082138
0.33333333333333337,1.2666666666666666,0.026140806136566632,0.1581152353630445,0.2098920419557229,0.10355361318535675,0.5844521453231144,0.09365434690840771
0.33333333333333337,1.333333333333333,0.022777235832446327,0.1450621028313294,0.1943181024036489,0.09851199914463905,0.5882990053675703,0.09021524393508235
0.33333333333333337,1.4,0.021363549266225582,0.13980070545867793,0.1881242996385843,0.09664718835981272,0.5912442301154901,0.08704011274590852
0.33333333333333337,1.4666666666666666,0.020594391057862194,0.13710849759661878,0.18502078895222127,0.09582458271120498,0.593565968448732,0.08409542747990238
0.33333333333333337,1.533333333333333,0.020126020589682724,0.13560456423011857,0.18334259896574095,0.09547606947124476,0.5954515901097426,0.08135366290703347
0.33333333333333337,1.5999999999999999,0.01982346807411717,0.13474622704407452,0.18243525721780493,0.09537806034746081,0.5970109357519219,0.07879188040890961
0.3500000000000001,0.38999999999999996,0.04029212519120676,0.24569296180308695,0.32539430800692715,0.1594026924076804,0.3305335412342717,0.9114955106238554
0.3500000000000001,0.45499999999999996,0.046816338928519316,0.2733086709093255,0.3590061175001887,0.1713948931817264,0.36453433254128326,0.9077522804661947
0.3500000000000001,0.5199999999999999,0.053267910387094185,0.2985121813109237,0.3891079057788541,0.18119144893586075,0.39491897019456346,0.9036984391178163
0.3500000000000001,0.585,0.05963633349091587,0.3215823469543249,0.4161751215197855,0.18918554913092112,0.42218641904963994,0.8992759874076826
0.3500000000000001,0.6499999999999999,0.06590829937690051,0.3427438710687952,0.440589677912419,0.19569161368724758,0.4467357881906895,0.8944110016116392
0.3500000000000001,0.7149999999999999,0.07206656785969792,0.3621756593996459,0.46265734819980864,0.2009633776003254,0.4688854906965736,0.8890063605803895
0.3500000000000001,0.7799999999999999,0.07808815346666104,0.3800153710608246,0.4826190211491871,0.2052073001767249,0.4888854627302213,0.8829300924840534
0.3500000000000001,0.8449999999999999,0.08394123594176725,0.3963597180136168,0.5006560118030945,0.20859258757895544,0.5069224322014076,0.8759950060802453
0.3500000000000001,0.9099999999999998,0.08957948084725444,0.4112584018171498,0.5168877220728176,0.21125864051133564,0.5231183578615097,0.8679205434031807
0.3500000000000001,0.9749999999999999,0.09493045205070767,0.42469536038139577,0.5313554889408,0.21332025711880842,0.5375127045459832,0.8582529407909837
0.3500000000000001,1.0399999999999998,0.09986809615590561,0.43653706084035593,0.5439720283485584,0.214869935016405,0.5500075164560156,0.8461701087362696
0.3500000000000001,1.1049999999999998,0.1041291077147763,0.4463641076170984,0.5543502697882978,0.21597232434239888,0.5603394211684284,0.8298667602935978
0.3500000000000001,1.17,0.10688504912511608,0.45257043212878767,0.5608732715991013,0.2166056789406272,0.5684156237082754,0.8032257414584797
0.3500000000000001,1.2349999999999999,0.033430414458020564,0.1826324218423383,0.2384677688074509,0.11167069393022519,0.5745557743784347,0.09591372945303138
0.3500000000000001,1.2999999999999998,0.024725772539330015,0.14889344740505064,0.1979772641661888,0.09816763352227632,0.5792256235857112,0.09238070291622515
0.3500000000000001,1.3649999999999998,0.022361501069515288,0.1399632602017242,0.18734747447925496,0.09476842855506151,0.5828319598321279,0.08912245240024448
0.3500000000000001,1.4299999999999997,0.021225706867472775,0.13585723504877414,0.18252829598897438,0.09334212188040047,0.5856968218506419,0.08610347143363711
0.3500000000000001,1.4949999999999997,0.020570459770186254,0.13363081231642934,0.17997024495670272,0.09267886528054674,0.5880328700492463,0.08329469772585163
0.3500000000000001,1.5599999999999998,0.02015733636580597,0.13234240702838898,0.1785373141529335,0.09238981424908906,0.5899592674105941,0.08067205533716652
0.3666666666666667,0.37999999999999995,0.03930311382427664,0.23585815822842682,0.3123461579381407,0.15297599941942777,0.31713288274977386,0.9125321350632578
0.3666666666666667,0.4433333333333333,0.04567692966183768,0.26284139437796056,0.3453430243382407,0.16500325992056034,0.35052614197123433,0.908981434105068
0.3666666666666667,0.5066666666666666,0.05198442630196048,0.28755511016724883,0.3750232520795464,0.1749362838245951,0.38050180035912096,0.9051509470990975
0.3666666666666667,0.57,0.058216559106375604,0.31025414808593005,0.4018218972174146,0.18313549826296918,0.40751641864689686,0.9009913214196942
0.3666666666666667,0.6333333333333332,0.06436202083879045,0.33114600614434775,0.4260917763255862,0.18989154036247696,0.43193888394104807,0.8964405431458424
0.3666666666666667,0.6966666666666665,0.07040639837067911,0.35039820608932837,0.4481185775904537,0.19544074300225073,0.45406676282998987,0.8914186125685092
0.3666666666666667,0.7599999999999999,0.0763308591296697,0.3681427043390598,0.4681310716084977,0.19997673453887582,0.47413810394874645,0.8858191843151453
0.3666666666666667,0.8233333333333331,0.08211000120341044,0.38447720581171707,0.48630680289163336,0.20365919415983263,0.4923346789357577,0.8794956553374671
0.3666666666666667,0.8866666666666664,0.08770810233921991,0.399462286690495,0.502772507259913,0.206620441138836,0.5087882472461144,0.8722364151910474
0.3666666666666667,0.9499999999999998,0.09307199643495055,0.4131111027217217,0.5175962045601222,0.20897020367680114,0.5235659877034416,0.8637167559804607
0.3666666666666667,1.0133333333333332,0.0981158531831757,0.42536237951936307,0.5307615716862889,0.21079838433385173,0.5366465521058149,0.8533935036124279
0.3666666666666667,1.0766666666666664,0.10268236597669063,0.43600508231421703,0.5420920679024926,0.21217397117655123,0.5478602217549818,0.8402278755766918
0.3666666666666667,1.14,0.10640833723266901,0.4444043741577335,0.550968824834211,0.21312890135295498,0.5569976793948983,0.8216868803900078
0.3666666666666667,1.2033333333333331,0.10767350517922276,0.44726665708807967,0.5540023200617076,0.21347132594725576,0.564157970864337,0.7852384730810865
0.3666666666666667,1.2666666666666664,0.028887568563761925,0.1612018052844778,0.21193286334503417,0.10146211612111272,0.5697062370944022,0.09465960691386491
0.3666666666666667,1.3299999999999998,0.023938841249511827,0.14244419769557135,0.18944759187815272,0.09400678836516273,0.5740429188131035,0.09131164324497006
0.3666666666666667,1.393333333333333,0.022114747843524532,0.13572766678943018,0.18146838457883596,0.09148143557881155,0.5775040171270873,0.08821275581906683
0.3666666666666667,1.4566666666666663,0.02115899823100508,0.1323616285875083,0.17752627002357527,0.09032928287213395,0.5803185783866704,0.08533216100024807
0.3666666666666667,1.5199999999999998,0.020582812346182033,0.13045304766317434,0.17533770643418087,0.08976931754201307,0.5826656368292608,0.08264442111752546
0.3833333333333334,0.36999999999999994,0.03831051458473808,0.22631805339355518,0.29969119066452066,0.14674627454193095,0.30414482761778294,0.9135377498767249
0.3833333333333334,0.43166666666666664,0.04453237342290426,0.25265146298904334,0.33203625687986765,0.15876958778164862,0.3368909406087398,0.9101699713709677
0.3833333333333334,0.49333333333333323,0.05069370154967996,0.27685319664642444,0.36125350853743926,0.16880062378202965,0.3664135608499926,0.9065501397383422
0.3833333333333334,0.5549999999999999,0.05678671000913316,0.29915549281435916,0.38773991929662793,0.1771688529645375,0.3931292408303575,0.9026362205175454
0.3833333333333334,0.6166666666666665,0.06280178055752678,0.3197492817011395,0.4118203457988662,0.18414212819545353,0.4173776811746952,0.8983761152759667
0.3833333333333334,0.6783333333333332,0.06872683343049922,0.33879061849638775,0.4337605661998476,0.18993989540691966,0.43943585281441905,0.8937037242569871
0.3833333333333334,0.7399999999999999,0.0745463703985351,0.35640480086403925,0.45377639609300324,0.19474319045792793,0.45952796631271947,0.8885328908120461
0.3833333333333334,0.8016666666666665,0.08023996341106225,0.3726881866448519,0.47203931669009225,0.1987022600904806,0.47783214974591565,0.8827478395753322
0.3833333333333334,0.8633333333333331,0.08577973561167247,0.38770716167449887,0.48867834566894186,0.20194236798888598,0.4944791432099232,0.8761868222354415
0.3833333333333334,0.9249999999999998,0.09112585948046921,0.4014925882021725,0.5037766435168004,0.2045681106292559,0.509555358545458,0.8686122962460459
0.3833333333333334,0.9866666666666665,0.09621772220830094,0.414025250382698,0.5173583803921856,0.2066662600189752,0.5230827204664695,0.8596510919500674
0.3833333333333334,1.0483333333333331,0.10095413049185017,0.4251990797059246,0.5293522882566836,0.20830641710151798,0.5349816488211283,0.8486566765237891
0.3833333333333334,1.1099999999999999,0.10513881606627336,0.43471361530842706,0.5394815240214325,0.2095358174260108,0.5450572114774359,0.8343176364125926
0.3833333333333334,1.1716666666666664,0.10826008579513122,0.4416216148941765,0.5467937958571246,0.21034436192589623,0.5532243737683962,0.8130012894446609
0.3833333333333334,1.233333333333333,0.05492348036565237,0.2553627765433316,0.32445690798501886,0.13818826288337452,0.5596950111003697,0.09706336075376455
0.3833333333333334,1.2949999999999997,0.0269424864232239,0.15032652045748185,0.19813470023118027,0.09561635954739683,0.5648167908787339,0.09361810054148316
0.3833333333333334,1.3566666666666665,0.02347904173032085,0.13748525678406526,0.18275828381442547,0.09054605406072043,0.5689195343319813,0.09043287876046689
0.3833333333333334,1.418333333333333,0.021979703002083795,0.13209207889840385,0.1763602336423381,0.0885363094878685,0.5722760579695477,0.08747493695897011
0.3833333333333334,1.4799999999999998,0.021144770290717638,0.12921820265193495,0.17299867530003638,0.08756094529620284,0.5750806247495442,0.08471733084009941
0.4,0.36,0.03731449723437915,0.21705901584795217,0.28741095196666844,0.14070387223743255,0.29154958947230425,0.914514075220715
0.4,0.42,0.04338293731480376,0.24272732851139955,0.31907093799724545,0.15268721897169177,0.32361286270875805,0.9113202965098361
0.4,0.48,0.04939615254647191,0.2663969101499542,0.3477869865064304,0.1627801527129524,0.3526417929156553,0.9078994701078688
0.4,0.54,0.05534743509407957,0.2882787969997238,0.37392029220461803,0.17128299040978845,0.3790153693194713,0.9042157562422325
0.4,0.6,0.061228596626650734,0.3085480680426467,0.3977689882347698,0.17844184038424624,0.4030454368047969,0.9002253494460861
0.4,0.6599999999999999,0.06702949315097788,0.3273494127191798,0.4195793265401722,0.18445982764198487,0.42498858780638,0.8958734602199915
0.4,0.72,0.07273732437501393,0.34480087728926917,0.43955371469171944,0.18950567480490055,0.4450553238116747,0.8910900259767217
0.4,0.7799999999999999,0.07833556233573027,0.3609958769668588,0.45785603131849967,0.19372030870328172,0.46341554797210166,0.8857829742212303
0.4,0.8399999999999999,0.08380223646821755,0.37600321561301137,0.47461419180452574,0.19722195238302875,0.48020071507875006,0.8798272874097604
0.4,0.8999999999999999,0.08910702478189543,0.3898642445513153,0.48991923990228625,0.20010999070194185,0.4955044293580833,0.8730460925557615
0.4,0.96,0.09420593316721315,0.4025849262131289,0.5038187794394923,0.20246770645272677,0.509374052081377,0.8651753604676657
0.4,1.0199999999999998,0.0990305133233497,0.41411687208515857,0.516298685619924,0.20436362706953076,0.5217914282085004,0.8557906544441686
0.4,1.08,0.10346252532032037,0.4243091421525821,0.5272342053343502,0.20585012636353617,0.5326331936782268,0.8441300767729545
0.4,1.14,0.10725834541336643,0.4327578115412192,0.5362342352149143,0.20695284734739033,0.5417382529163213,0.828547975488155
0.4,1.2,0.10968082764214969,0.43804728166796286,0.541847753403021,0.20760094347011637,0.5491421006211538,0.8037092285045182
0.4,1.26,0.03660906783455701,0.18272098324957206,0.23641862380435766,0.1073952811095712,0.555096500818316,0.0960537749840754
0.4,1.3199999999999998,0.02592081653605052,0.14327555193492336,0.18898029872636743,0.09140949358288815,0.5599093599096546,0.09277481081465706
0.4,1.38,0.023217943643269276,0.13346166166619572,0.1772385040699875,0.08755368480758358,0.5638523170024313,0.08973319423748624
0.4,1.44,0.021924878780621805,0.12890720486242038,0.17183968066373626,0.08586495160263173,0.5671436431786883,0.08690023597775295
0.41666666666666674,0.3499999999999999,0.036315218872386514,0.20806826832573766,0.27548817005210574,0.13483980345273613,0.279328693249547,0.9154626827164698
0.41666666666666674,0.40833333333333327,0.042228867137741884,0.23305810656287007,0.3064330654294037,0.1467499177330672,0.31067695508801446,0.912434618931153
0.41666666666666674,0.46666666666666656,0.048092159410349604,0.2561772213397795,0.33461263681119985,0.15687083094284066,0.33917474054873803,0.9092020506343431
0.41666666666666674,0.5249999999999999,0.05389932027101973,0.2776168284278746,0.3603545745042045,0.16547549215265975,0.3651658420267788,0.9057344703485602
0.41666666666666674,0.5833333333333331,0.05964337544793814,0.297536925492222,0.3839315921601455,0.17278933333584706,0.38893554213727927,0.9019949380795982
0.41666666666666674,0.6416666666666665,0.06531579395358797,0.31607107339468155,0.4055709575864967,0.17899976838363024,0.4107208137536613,0.8979380240613068
0.41666666666666674,0.6999999999999998,0.07090597319295475,0.33332974095012097,0.42546150454548776,0.1842635271907336,0.43071798426306196,0.893506517209638
0.41666666666666674,0.7583333333333331,0.07640047422694335,0.3494023266767151,0.44375850554778584,0.18871235774214146,0.4490882736879022,0.888626741983566
0.41666666666666674,0.8166666666666664,0.08178184100004239,0.36435775407574184,0.46058648883953246,0.19245746952758125,0.4659602635235659,0.883201219989303
0.41666666666666674,0.8749999999999998,0.08702668678653654,0.37824319304531895,0.47603967568285593,0.19559296527507403,0.4814297890626132,0.8770963626313951
0.41666666666666674,0.9333333333333331,0.09210239558278509,0.39107977042659614,0.4901789618565346,0.19819838285987684,0.4955598409126042,0.8701210379870541
0.41666666666666674,0.9916666666666664,0.0969609572572187,0.4028524719879605,0.5030226115560502,0.2003402791361794,0.5083672729136289,0.8619855682742907
0.41666666666666674,1.0499999999999998,0.10152609224031701,0.4134867064810094,0.5145228711463363,0.20207232933065383,0.519797434856304,0.8522140531903124
0.41666666666666674,1.108333333333333,0.10566157395595509,0.4227873118064867,0.524503212428004,0.20343180124303462,0.5297126350171896,0.8399223695087383
0.41666666666666674,1.1666666666666663,0.10906869572379105,0.4302337655963333,0.532444711268676,0.20442189134468536,0.538019988020287,0.8230732006197251
0.41666666666666674,1.2249999999999996,0.11065960477524041,0.43368634899784464,0.5361245948081803,0.2048764916206714,0.5448338343379169,0.7936135181852434
0.41666666666666674,1.283333333333333,0.03225389291304639,0.16315763873168102,0.2122520039111545,0.09818873035894697,0.5503999460006477,0.09525114857851466
0.41666666666666674,1.3416666666666663,0.02535959964702474,0.13816829122817015,0.18220509358745662,0.08807360471857296,0.5549844803381596,0.09211853953498624
0.41666666666666674,1.3999999999999997,0.02309228822591482,0.1300938006734889,0.17254866385561998,0.08490972636426213,0.5588139247918398,0.08920395765625391
0.43333333333333335,0.33999999999999997,0.035312825196385386,0.19933382000025207,0.26390665898835514,0.12914567797620613,0.2674648524859169,0.9163850314746291
0.43333333333333335,0.39666666666666667,0.041070389654255926,0.22363352734236375,0.294109443965862,0.14095183324699656,0.2980691615495383,0.9135149537470734
0.43333333333333335,0.45333333333333325,0.04678207014390925,0.24618556760741916,0.32172000143718427,0.15106886765953023,0.3260012959888072,0.910460751660867
0.43333333333333335,0.51,0.052442896584535714,0.2671626865301364,0.3470347453883795,0.15974411771648608,0.3515722086658289,0.9071964260506342
0.43333333333333335,0.5666666666666665,0.058046927943765175,0.28671060372113916,0.37030231591395285,0.1671834243856274,0.37504196562357395,0.9036908848580761
0.43333333333333335,0.6233333333333333,0.0635869824937947,0.3049520890474451,0.3917316572256835,0.17355913635647677,0.39662880593788097,0.8999063148615015
0.43333333333333335,0.6799999999999999,0.06905425820546301,0.3219899052416699,0.4114980804245736,0.1790163503658073,0.4165141672572423,0.8957958993514257
0.43333333333333335,0.7366666666666666,0.0744377838863433,0.3379087322496926,0.4297476370446374,0.18367780958988963,0.4348510898574392,0.8913004379144019
0.43333333333333335,0.7933333333333331,0.07972359871665269,0.352776049755412,0.44659993010513205,0.18764776069944006,0.45176121845459166,0.886343312798056
0.43333333333333335,0.8499999999999999,0.08489347479062047,0.36664175462102094,0.46214924288518683,0.19101497652833177,0.4673443555196862,0.8808224493972633
0.43333333333333335,0.9066666666666665,0.08992282429358621,0.3795359286426647,0.4764634614732053,0.19385506566108118,0.48166649867389033,0.8745969423430638
0.43333333333333335,0.9633333333333332,0.09477704107789973,0.3914633901592052,0.4895794308284894,0.1962320813385684,0.49476739822303434,0.867463237682987
0.43333333333333335,1.02,0.09940453341804738,0.4023916978456511,0.5014913129841507,0.1981992302769992,0.5066371346696987,0.8591087478388344
0.43333333333333335,1.0766666666666664,0.10372177873656246,0.41222344796395294,0.5121223921612631,0.19979788839462026,0.5171970393797491,0.8490099019812927
0.43333333333333335,1.133333333333333,0.10757498907350331,0.4207220628826653,0.5212479942478032,0.20105186273027587,0.5263209617135802,0.8361630039221887
0.43333333333333335,1.19,0.11060596789536571,0.42724374624445427,0.5282142128087064,0.20194093312850425,0.5339883434164266,0.8181052747956975
0.43333333333333335,1.2466666666666666,0.11115927519433107,0.42847990638111266,0.5295494676817458,0.20213912260126626,0.5403478540316822,0.782193326910503
0.43333333333333335,1.303333333333333,0.03038484461878303,0.15315842269398183,0.19963119228650733,0.09294553918505101,0.5456261009864781,0.09464443314788325
0.43333333333333335,1.3599999999999999,0.025078059600399334,0.1342585882246402,0.17690862977936195,0.08530008310944345,0.550044171841475,0.0916409037177629
0.45000000000000007,0.32999999999999996,0.03430745161640712,0.19084440525628055,0.252651231765453,0.1236136530183449,0.2559418492622854,0.9172824624756072
0.45000000000000007,0.38499999999999995,0.0399077145491883,0.21444389091138483,0.2820876242959162,0.1352874667690628,0.2857762931266772,0.9145631575822722
0.45000000000000007,0.43999999999999995,0.04546620425958847,0.23641382144827572,0.30909916994744024,0.14537069699832902,0.31311093220096287,0.911678156446442
0.45000000000000007,0.49499999999999994,0.05097864701530213,0.2569097833406635,0.3339531745683137,0.15408678245530044,0.33822633202566865,0.9086053333370573
0.45000000000000007,0.5499999999999999,0.0564399829538589,0.27606403875350655,0.35687557144641924,0.16162306538582535,0.3613586997794362,0.9053184953737015
0.45000000000000007,0.6049999999999999,0.061844162643260744,0.29398897742742713,0.3780577293466831,0.16813750383851195,0.38270774262129736,0.9017861386681809
0.45000000000000007,0.6599999999999999,0.06718386661587848,0.31077967413112795,0.3976616522470287,0.17376395623180152,0.4024419898502259,0.8979698810380762
0.45000000000000007,0.7149999999999999,0.07245010975683296,0.32651565768021784,0.41582384196043426,0.1786163685604328,0.42070314918493135,0.8938219414007825
0.45000000000000007,0.7699999999999998,0.07763166689535564,0.3412619069305173,0.43265795911259686,0.18279210436415919,0.4376088951809701,0.8892817403689408
0.45000000000000007,0.825,0.08271420975963047,0.3550689693878623,0.44825626323061635,0.18637458768550808,0.4532554937608756,0.8842705448508082
0.45000000000000007,0.8799999999999999,0.0876789541988796,0.36797190276139635,0.46268958729190174,0.18943536906101077,0.4677126346033296,0.8786829369052419
0.45000000000000007,0.9349999999999998,0.09250042490665665,0.3799873568264153,0.4760051858333048,0.19203565801377898,0.48103108045702964,0.8723725983404582
0.45000000000000007,0.9899999999999999,0.09714250452476975,0.39110724752116094,0.48822087663564323,0.19422725822896458,0.4932287137598553,0.8651264863642251
0.45000000000000007,1.045,0.10155079527805796,0.4012852428782862,0.4993115426752906,0.19605259959400878,0.5042728513831277,0.8566141047606283
0.45000000000000007,1.0999999999999999,0.10563587726533723,0.41040545234282433,0.5091768618513477,0.19754281901704668,0.5140731883957087,0.8462731622644245
0.45000000000000007,1.1549999999999998,0.10922886672588408,0.41819629213446274,0.5175512275975503,0.19870987092617515,0.5225390078242186,0.8329973483292453
0.45000000000000007,1.2099999999999997,0.11191503376497848,0.423898667978832,0.5236538579756088,0.1995103799935536,0.5297000298488416,0.8139185286120039
0.45000000000000007,1.2649999999999997,0.11097928044063858,0.42202127876041895,0.521674027010722,0.19930549650060597,0.535712082788236,0.7666077984461545
0.45000000000000007,1.3199999999999998,0.029527775700441496,0.14707548051294683,0.1917594368132758,0.08936791260065799,0.5407720243134148,0.09422552102359812
0.4666666666666668,0.3199999999999999,0.033299224230159755,0.18258942825980917,0.24170762187329073,0.11823638722696314,0.2447445093912346,0.9181562174654709
0.4666666666666668,0.37333333333333324,0.038741036147890796,0.2054800264921411,0.27035584768888726,0.12975164239349235,0.27378568776660794,0.9155809298972046
0.4666666666666668,0.4266666666666665,0.044144855866139275,0.22685426157539726,0.2967407401964477,0.13977295724210087,0.3004936903333907,0.9128566436979099
0.4666666666666668,0.47999999999999987,0.04950701227825994,0.24685182554289475,0.3211025949636534,0.14850153884151726,0.3251205208683797,0.9099645375153786
0.4666666666666668,0.5333333333333331,0.05482319825545679,0.26559234869772674,0.34364600924611743,0.15610732109678133,0.34788015720242127,0.906882520331033
0.4666666666666668,0.5866666666666664,0.06008831719040787,0.28317830359750157,0.3645455872775104,0.16273456736001768,0.3689547709421986,0.9035843943273063
0.4666666666666668,0.6399999999999998,0.06529627557341947,0.2996972043581509,0.38395036599397575,0.16850632327164972,0.38849984734522286,0.9000385869620604
0.4666666666666668,0.693333333333333,0.07043969685537281,0.31522319354436285,0.40198718231801395,0.1735279775473022,0.40664603618026984,0.8962064184498376
0.4666666666666668,0.7466666666666664,0.07550951691125736,0.3298180482282529,0.4187631086147771,0.17789012077304842,0.4235053083649513,0.8920397700738344
0.4666666666666668,0.7999999999999997,0.08049439534015895,0.34353156328915524,0.43436698340989494,0.1816708402414794,0.43916909482061955,0.8874774062697713
0.4666666666666668,0.853333333333333,0.08537982769463721,0.3564011616382917,0.44886993461402286,0.18493754595146222,0.4537109248089331,0.8824395447312829
0.4666666666666668,0.9066666666666663,0.09014674776677624,0.3684503858426572,0.46232457555095646,0.18774837941659844,0.46718409083659046,0.8768190713226437
0.4666666666666668,0.9599999999999997,0.09476920496008945,0.37968552783321213,0.4747621273600391,0.1901531990536539,0.47962094238946834,0.870466732463738
0.4666666666666668,1.013333333333333,0.09921022832567991,0.3900887341107473,0.4861857471338489,0.19219402604620317,0.49102266460638133,0.8631641846678164
0.4666666666666668,1.0666666666666662,0.10341374968616833,0.39960350809680145,0.4965557886857361,0.19390456117786925,0.5013420859664575,0.8545703079913445
0.4666666666666668,1.1199999999999997,0.10728664064639988,0.40810101054913317,0.5057547690372356,0.1953075169762048,0.5104961219767592,0.844098761230586
0.4666666666666668,1.173333333333333,0.11064989416615881,0.41528561221101,0.5134880738629809,0.19640492330394177,0.518424762826085,0.8305751798967839
0.4666666666666668,1.2266666666666661,0.11304682338327013,0.420313906422942,0.5188805806886105,0.19713334853133707,0.5251875406110713,0.8108321579361739
0.4666666666666668,1.2799999999999996,0.0765024764761804,0.30651954579683244,0.38328514694431653,0.15353120229496822,0.5309338990637135,0.09697466018013907
0.4833333333333334,0.30999999999999994,0.03228826068553762,0.17455891266278742,0.23106241238600603,0.11300699944643723,0.233858437598083,0.9190074494119735
0.4833333333333334,0.36166666666666664,0.03757053491266642,0.19673325537451686,0.2589029958583916,0.12433948096774952,0.26208567189672133,0.9165698533669657
0.4833333333333334,0.4133333333333332,0.04281829636009785,0.2174995463957766,0.2846357826984119,0.1342724726052706,0.2881401040016597,0.9139983930345046
0.4833333333333334,0.4649999999999999,0.04802839573954775,0.23698279768700506,0.30847607799250254,0.14298656061099496,0.3122474642320402,0.9112770605120945
0.4833333333333334,0.5166666666666665,0.05319716975896707,0.2552908285278715,0.33060850420890575,0.15063535136206851,0.33460091424033184,0.9083872734174864
0.4833333333333334,0.5683333333333332,0.05832032548910308,0.27251669267669576,0.35119175467785035,0.15735012400230924,0.3553658823118079,0.9053071974232215
0.4833333333333334,0.6199999999999999,0.06339278684529877,0.2887405519710014,0.3703623333762152,0.16324356281042762,0.37468466031667363,0.9020108244316145
0.4833333333333334,0.6716666666666665,0.06840848712589291,0.3040310735238714,0.3882374579355793,0.16841276882341577,0.39267902668233534,0.8984668419281334
0.4833333333333334,0.7233333333333332,0.07336008290355463,0.3184463862323414,0.40491723611250646,0.1729416997603301,0.40945248611852725,0.8946368017764289
0.4833333333333334,0.7749999999999999,0.07823854923745605,0.33203458718150025,0.42048616176605313,0.17690314916910582,0.4250928715992648,0.8904728011260364
0.4833333333333334,0.8266666666666664,0.08303258998970368,0.34483372521976474,0.4350138972185094,0.1803603439974894,0.43967145703806615,0.8859138621480611
0.4833333333333334,0.8783333333333331,0.08772774740784796,0.3568710874351536,0.44855519290160406,0.18336821093290084,0.4532467087131985,0.8808804527031021
0.4833333333333334,0.9299999999999998,0.0923049976954838,0.36816142326042006,0.4611485871400195,0.18597432775919887,0.46585297451956004,0.8752656873676343
0.4833333333333334,0.9816666666666665,0.09673841191373996,0.37870334205338363,0.47281310319224906,0.1882195222777308,0.4775121557938987,0.8689204007718194
0.4833333333333334,1.033333333333333,0.1009909780479364,0.388472190680779,0.48354117554277004,0.19013796972398206,0.4882147529241912,0.8616260562678283
0.4833333333333334,1.0849999999999997,0.10500640922739803,0.39740525351698297,0.49328342677694986,0.19175634651993378,0.497910082158994,0.8530403395666526
0.4833333333333334,1.1366666666666665,0.10869081803335508,0.4053673972521991,0.5019127270631645,0.19309065962193073,0.5065192284179982,0.8425725758750601
0.4833333333333334,1.188333333333333,0.1118624387319208,0.4120541984095979,0.5091219200201682,0.19413544322114068,0.5140144970460698,0.8290315615016428
0.4833333333333334,1.2399999999999998,0.11405015281503057,0.4165940743301568,0.5140011311033271,0.19481411354634054,0.5204674220803305,0.8091525546433632
0.5000000000000001,0.29999999999999993,0.03127467094634119,0.16674345588563533,0.22070297170691638,0.10791903164256211,0.22327030298055356,0.9198372208290643
0.5000000000000001,0.3499999999999999,0.03639637876908142,0.18819535701385381,0.24771854537655885,0.11904637672541007,0.2506650558872231,0.9175313833396027
0.5000000000000001,0.3999999999999999,0.041486776758750545,0.2083426896562591,0.27277580826968545,0.1288662372268527,0.27604125132390783,0.9151054135815762
0.5000000000000001,0.4499999999999999,0.046543167610665216,0.22729694651749355,0.29606701115186945,0.13754012926875184,0.29960014931332946,0.912545692292992
0.5000000000000001,0.49999999999999983,0.05156243926794786,0.24515494421304002,0.31775814236521943,0.14520639630435883,0.3215156453927944,0.9098366252830354
0.5000000000000001,0.5499999999999998,0.05654097792864666,0.262000838680814,0.3379928647462982,0.15198405213096844,0.3419375749865419,0.9069599956010382
0.5000000000000001,0.5999999999999999,0.06147455440226658,0.27790770744278637,0.35689565347497965,0.1579758920643865,0.3609955117284936,0.9038944220929428
0.5000000000000001,0.6499999999999998,0.06635817356937349,0.29293876110111594,0.37457427380111746,0.163271025400003,0.3788014786556319,0.9006144232618657
0.5000000000000001,0.6999999999999997,0.07118587124673975,0.30714821884562915,0.3911216915388564,0.16794694538645452,0.3954518148063265,0.8970892419192866
0.5000000000000001,0.7499999999999998,0.07595043424319574,0.3205818532657254,0.406617465475952,0.17207122442045317,0.4110289413962358,0.8932812060132713
0.5000000000000001,0.7999999999999998,0.08064300482587441,0.33327717281641994,0.4211286224521749,0.17570289927150995,0.425602075204969,0.8891433337383392
0.5000000000000001,0.8499999999999998,0.08525250494450191,0.345263155418014,0.4347099509675969,0.17889359109916586,0.4392280013770384,0.8846158901859781
0.5000000000000001,0.8999999999999998,0.08976476783104664,0.3565593516223152,0.4474035434533065,0.18168838366198264,0.4519487499694855,0.8796209995135617
0.5000000000000001,0.9499999999999997,0.09416116992608742,0.36717399541751494,0.4592372229248082,0.1841264550145864,0.46379331608929114,0.8740541264826986
0.5000000000000001,0.9999999999999997,0.09841635587440481,0.3771003791104859,0.4702210829643661,0.18624140770776038,0.47476999219449834,0.86776960897828
0.5000000000000001,1.0499999999999998,0.10249418339229419,0.3863098596973694,0.4803404258976592,0.18806113240057953,0.4848636865557016,0.8605543950164043
0.5000000000000001,1.0999999999999996,0.10633979445729562,0.3947375158899147,0.48954089001908146,0.18960674825833362,0.49402096982470595,0.8520756122356153
0.5000000000000001,1.1499999999999997,0.10986195206241674,0.4022491520126025,0.4976937656709857,0.19088922731676644,0.5021783167404578,0.8417609470503743
0.5000000000000001,1.1999999999999997,0.11288491756876783,0.408549133428168,0.5044983571454464,0.19189844743455686,0.5093271699281593,0.8284630641740492
0.5166666666666667,0.29,0.030258557967340515,0.15913418749141728,0.21061739523856093,0.10296641549428732,0.21296744323433697,0.9206465321636014
0.5166666666666667,0.3383333333333333,0.03521872426736318,0.1798585380235225,0.2367925261764831,0.1138679763059212,0.23951324887372608,0.9184668786030814
0.5166666666666667,0.3866666666666666,0.04015052974716394,0.19937703802137752,0.2611527385379467,0.12355140103313833,0.26418832498666306,0.9161795236028366
0.5166666666666667,0.43499999999999994,0.04505166859116567,0.2177887662537005,0.28386907750590024,0.13216062250439947,0.2871719367385944,0.9137729571137057
0.5166666666666667,0.4833333333333333,0.04991950101161317,0.23518032658227236,0.30509020859889613,0.13981976403324753,0.3086195583703404,0.9112340674711936
0.5166666666666667,0.5316666666666666,0.05475098789581552,0.2516275104721589,0.3249456583021931,0.1466362956600683,0.32866634159269303,0.908547687766838
0.5166666666666667,0.58,0.05954260677963046,0.26719662198071764,0.34354842811978087,0.15270361227812648,0.347430019193794,0.9056962178999072
0.5166666666666667,0.6283333333333333,0.06429024254903522,0.2819455147978695,0.3609970899541866,0.15810315031263422,0.3650129895581087,0.9026588968838296
0.5166666666666667,0.6766666666666665,0.06898904288739453,0.29592437221626183,0.3773774385852697,0.16290613273801566,0.38150442020571945,0.8994110786508026
0.5166666666666667,0.725,0.07363322381129585,0.3091762412770956,0.39276374679760756,0.16717501104102397,0.3969808726117826,0.8959230127435482
0.5166666666666667,0.7733333333333332,0.07821580231740956,0.3217373105199791,0.40721963865899874,0.17096465627803925,0.41150841552871276,0.892158275719285
0.5166666666666667,0.8216666666666665,0.08272821961883901,0.33363688999062824,0.42079855852164894,0.17432333706204145,0.42514206665300314,0.8880715802484215
0.5166666666666667,0.8699999999999999,0.08715979455957458,0.3448970033964606,0.4335437575676942,0.17729350834246715,0.4379260996757183,0.8836053963703605
0.5166666666666667,0.9183333333333332,0.09149690213209073,0.3555314178584297,0.44548762739948483,0.1799124190821103,0.44989440524636626,0.8786849809422793
0.5166666666666667,0.9666666666666666,0.09572168530925178,0.3655437717436917,0.45665003289609474,0.18221252230480606,0.46106494385472596,0.8732103471304493
0.5166666666666667,1.015,0.09980992514557503,0.37492411604004766,0.4670349287616224,0.18422162544314946,0.4714429685235586,0.8670427322774962
0.5166666666666667,1.0633333333333332,0.10372727239322432,0.383642386796428,0.4766236952740352,0.18596261695521443,0.4810062812053407,0.8599803369188617
0.5166666666666667,1.1116666666666666,0.10742195409868781,0.391635243318039,0.4853614107618559,0.18745233488763374,0.4897064827220401,0.8517103166199091
0.5166666666666667,1.16,0.11080876581177955,0.39877633702635873,0.4931254839928011,0.18869829393288473,0.4974928081231466,0.8417009671399307
0.5333333333333334,0.2799999999999999,0.029240018303269534,0.1517227312060346,0.2007944523138823,0.09814344221569536,0.2029379361601153,0.9214363014822692
0.5333333333333334,0.3266666666666666,0.03403771762023659,0.17171540373162833,0.2261154836538118,0.1088001598443669,0.22862025884395792,0.919377579176362
0.5333333333333334,0.3733333333333332,0.03880977144428841,0.1905962504562267,0.24975887907171404,0.11832525723097467,0.25257345305368195,0.9172224518904397
0.5333333333333334,0.4199999999999999,0.04355421298519634,0.20845298489717878,0.2718762370289619,0.12684650426356622,0.27495640749972283,0.9149611992116805
0.5333333333333334,0.4666666666666665,0.048268807190689135,0.22536276505851602,0.29260017525283516,0.13447482038863828,0.2959077715649739,0.9125828045208885
0.5333333333333334,0.5133333333333332,0.05295100176532013,0.24139355550304015,0.3120469810624894,0.14130685111889854,0.31554892227963605,0.9100746755272225
0.5333333333333334,0.5599999999999998,0.05759786516778387,0.25660522775736977,0.3303187733130392,0.14742709111133892,0.33398620333109896,0.9074222959208753
0.5333333333333334,0.6066666666666665,0.06220600723980692,0.2710504379357672,0.34750525896295736,0.15290964205438023,0.3513128773088776,0.9046088047980656
0.5333333333333334,0.6533333333333331,0.06677147629502768,0.2847753072065984,0.363685144154035,0.15781967389487325,0.3676106152857885,0.9016143671648355
0.5333333333333334,0.6999999999999997,0.07128962355061168,0.29781991832762233,0.37892723971597664,0.16221464277670866,0.38295162028717195,0.8984154210038797
0.5333333333333334,0.7466666666666664,0.07575492137655597,0.3102186275023897,0.3932912809032759,0.16614530680177245,0.39739503674013027,0.8949836012059871
0.5333333333333334,0.793333333333333,0.08016071445853999,0.3220001735264881,0.40682845886069235,0.16965657066840859,0.41099628915361797,0.8912843152118025
0.5333333333333334,0.8399999999999997,0.08449887088064005,0.3331875403184352,0.4195816306955674,0.17278818075426441,0.4237986700408792,0.8872745960871914
0.5333333333333334,0.8866666666666664,0.08875927849338262,0.3437974881909337,0.4315851295947521,0.1755752828076368,0.43583748501429714,0.8829001758821039
0.5333333333333334,0.933333333333333,0.09292909318278239,0.3538395943196256,0.44286401484313964,0.17804884104702812,0.44713807075350376,0.8780908066293549
0.5333333333333334,0.9799999999999998,0.09699156930764737,0.36331450245768093,0.4534324513066968,0.18023589769803178,0.4577140178582142,0.8727530436703075
0.5333333333333334,1.0266666666666664,0.10092414520430222,0.3722107865252705,0.46329059247166954,0.18215961189279806,0.46756542850383137,0.8667581803384754
0.5333333333333334,1.073333333333333,0.10469509976310867,0.3804991626571102,0.47241862673835566,0.18383892816249092,0.4766700726731864,0.8599208080521432
0.5333333333333334,1.1199999999999997,0.10825719439578313,0.38812107519154865,0.48076482228366096,0.18528749418422463,0.4849843554327529,0.8519572212306857
0.55,0.26999999999999996,0.02821914264408002,0.14450117022734055,0.1912235378507246,0.09344473524676812,0.19317052376974064,0.922207399640511
0.55,0.315,0.032853495610286026,0.1637589320911037,0.21567844404247627,0.10383902390274515,0.2179765565369644,0.9202646593259346
0.55,0.35999999999999993,0.03746470299300121,0.18199427914065236,0.23858689471620306,0.11318523115110138,0.24118882742955552,0.91823576981794
0.55,0.4049999999999999,0.04205109143856691,0.19928455137998635,0.26008270945431294,0.12159631614865318,0.2629474937156773,0.9161125462258091
0.55,0.4499999999999999,0.04661077275068596,0.21569820130917983,0.2802836914673802,0.12917098031640073,0.2833757527373225,0.9138857351432977
0.55,0.4949999999999999,0.05114160728380332,0.23129590195612565,0.29929378045907423,0.1359957570058972,0.3025820555451766,0.9115449111143084
0.55,0.5399999999999999,0.055641158304906665,0.24613145326309516,0.3172048273862912,0.1421467482463921,0.32066214336831816,0.9090781272900291
0.55,0.5849999999999999,0.06010663444746348,0.26025251682717593,0.33409805418048705,0.14769107470662224,0.337700315576839,0.9064716479448118
0.55,0.6299999999999998,0.06453481639860152,0.273701199718262,0.35004524510078544,0.15268809076504686,0.3537712650029871,0.9037095257570422
0.55,0.6749999999999999,0.06892196224303794,0.2865144998492267,0.3651097026561025,0.1571904056137515,0.36894056572143125,0.9007730563523565
0.55,0.7199999999999999,0.07326368338286186,0.2987246166772961,0.37934698792658644,0.1612447424985807,0.3832656318504246,0.8976400668862807
0.55,0.7649999999999998,0.07755477902888722,0.3103591207735116,0.3928054512356424,0.16489266092426166,0.39679642986667607,0.8942839642476087
0.55,0.8099999999999998,0.08178901096300753,0.3214409619272108,0.40552654203529204,0.16817116021616252,0.40957572768622325,0.8906724093632685
0.55,0.8549999999999999,0.08595878975067701,0.3319882747294388,0.41754486304583055,0.17111317663278353,0.42163945270312475,0.8867654756891568
0.55,0.8999999999999998,0.09005472551263231,0.34201390610337523,0.4288878955729213,0.17374797893909216,0.4330147769763102,0.8825129397306397
0.55,0.9449999999999998,0.0940649635073232,0.35152452869946116,0.4395752574719792,0.1761014575450361,0.4437223491619531,0.8778502628961374
0.55,0.9899999999999998,0.09797416234222465,0.3605190879372282,0.4496172305490332,0.17819628522361003,0.45377173713285895,0.8726922437237977
0.55,1.0349999999999997,0.10176184492003532,0.3689860957759584,0.4590120437106606,0.18005189586940434,0.4631614409146523,0.8669227690404068
0.55,1.0799999999999998,0.10539957118187938,0.3768987572390933,0.4677408342285077,0.18168415397882887,0.47186944546804555,0.8603767262389418
0.5666666666666668,0.25999999999999995,0.027196016301988975,0.13746201546942804,0.18189462820911284,0.08886522547936956,0.18365460544674655,0.9229606330338718
0.5666666666666668,0.3033333333333333,0.03166618641172146,0.15598244966266872,0.20547288266185187,0.09898086599836631,0.2075731678624235,0.9211292026273988
0.5666666666666668,0.34666666666666657,0.03611551193594744,0.17356535187562103,0.227629787029789,0.10812887030833594,0.23002703092977494,0.9192209495446186
0.5666666666666668,0.3899999999999999,0.040542573304395854,0.190278623590053,0.24848295858125724,0.11640866998240851,0.2511393451459461,0.9172289561677645
0.5666666666666668,0.43333333333333324,0.04494577945569088,0.20618272302827362,0.26813657335288893,0.12390770064923065,0.27101903959539636,0.9151455354178853
0.5666666666666668,0.47666666666666657,0.049323340636795665,0.22133155971417023,0.2866831022206918,0.1307030850130432,0.2897626359859066,0.9129619975727779
0.5666666666666668,0.5199999999999999,0.05367323485301782,0.23577323492938257,0.30420475671031355,0.136863043561862,0.30745575584370133,0.9106685778860372
0.5666666666666668,0.5633333333333332,0.057993166281582284,0.24955065045754482,0.32077469137354075,0.14244808183199187,0.32417453793438944,0.9082540793979357
0.5666666666666668,0.6066666666666665,0.06228051306869276,0.2627020022485203,0.336457998900284,0.1475119933035274,0.33998638242326684,0.9057056799362426
0.5666666666666668,0.6499999999999999,0.06653226121133676,0.275261169592597,0.351312524021186,0.15210270885717805,0.3549514908086362,0.9030084920931534
0.5666666666666668,0.6933333333333331,0.07074491960172516,0.2872580052844065,0.3653895140947566,0.15626301762070025,0.3691229556418737,0.9001451537150977
0.5666666666666668,0.7366666666666665,0.07491440939504995,0.29871852567458707,0.37873411497049375,0.1600311785918134,0.382547230932682,0.8970951347345009
0.5666666666666668,0.7799999999999998,0.07903591738645149,0.30966499221642,0.3913857112988052,0.16344143816477028,0.3952648819271489,0.8938339188448554
0.5666666666666668,0.8233333333333331,0.08310369799988217,0.3201158650472711,0.4033780972385817,0.16652446438262122,0.40731111258461666,0.8903318403347351
0.5666666666666668,0.8666666666666665,0.08711079982439701,0.33008559290761513,0.41473944518548744,0.16930770455574465,0.41871430746149507,0.8865525026046166
0.5666666666666668,0.9099999999999998,0.09104867814018229,0.3395841762310642,0.42549200994254566,0.17181566742296295,0.4294982155039133,0.8824504264080678
0.5666666666666668,0.9533333333333331,0.09490662873636092,0.3486163931682995,0.4356514550231009,0.17407012370960268,0.43967692191796204,0.8779676656134854
0.5666666666666668,0.9966666666666664,0.09867092996910354,0.3571804885941085,0.44522559128459993,0.17609020538098286,0.44925959999483944,0.8730285022155506
0.5666666666666668,1.0399999999999998,0.10232348316032526,0.3652659504346141,0.4542121303973216,0.17789235992541502,0.4582427194762816,0.8675310668836302
0.5833333333333335,0.2499999999999999,0.02617071964291082,0.1305981764644985,0.1727982408381651,0.08440012874733323,0.17438014676004207,0.9236967661087282
0.5833333333333335,0.2916666666666666,0.0304759103145432,0.14837960951183282,0.19549069479401565,0.09422217056436565,0.19740150995719866,0.9219722315052895
0.5833333333333335,0.33333333333333315,0.03476237345197418,0.16530395577194915,0.2168808735120661,0.10315383548023395,0.2190809973762158,0.9201793289955931
0.5833333333333335,0.37499999999999983,0.03902890871761547,0.18143055717322445,0.23707167784220148,0.11128224133795406,0.2395263590565826,0.9183122530187643
0.5833333333333335,0.41666666666666646,0.04327417944020432,0.19681255778465684,0.25615479478040687,0.11868447399150009,0.2588334450670999,0.9163646124952768
0.5833333333333335,0.4583333333333331,0.04749669247639666,0.21149762038561293,0.27421208675693126,0.12542893274263667,0.2770876627376227,0.9143292215336318
0.5833333333333335,0.4999999999999998,0.051694773679767235,0.22552852606814972,0.29131675980071675,0.13157646746513407,0.2943653018962583,0.9121980462985237
0.5833333333333335,0.5416666666666664,0.05586653788518613,0.2389436736224005,0.30753434526915097,0.13718134329350098,0.3107345427527046,0.909962018005429
0.5833333333333335,0.583333333333333,0.06000985185320415,0.25177749136891486,0.32292352226368487,0.14229206178954001,0.326256220245859,0.9076108118618581
0.5833333333333335,0.6249999999999998,0.06412228807529456,0.264060770346696,0.33753680129191016,0.1469520618904283,0.3409853724645232,0.9051326046225573
0.5833333333333335,0.6666666666666663,0.06820106657896598,0.27582092413292414,0.3514210838348095,0.1512003194037708,0.35496915462298706,0.9025137423285305
0.5833333333333335,0.7083333333333329,0.07224298068934457,0.28708217688227927,0.36461810695487895,0.15507186014519933,0.36825223803512397,0.8997383356440043
0.5833333333333335,0.7499999999999997,0.0762443010187035,0.2978656766848669,0.3771647759956541,0.15859819862157443,0.38087298367582895,0.8967877022834623
0.5833333333333335,0.7916666666666663,0.08020064930183696,0.30818952567681224,0.3890933813709911,0.16180771138835764,0.3928619295165945,0.8936396314970592
0.5833333333333335,0.8333333333333329,0.08410682952518793,0.3180687103400151,0.40043168612671926,0.1647259515734083,0.40425056978139695,0.8902674732582901
0.5833333333333335,0.8749999999999996,0.08795659734267561,0.32751490227663455,0.4112028561294173,0.16737590770556554,0.4150616347798667,0.8866386755264977
0.5833333333333335,0.9166666666666662,0.09174233721228187,0.33653608050071504,0.4214251839321871,0.16977820686294415,0.4253138743938562,0.8827129687635273
0.5833333333333335,0.9583333333333328,0.09545459770050045,0.3451358896920639,0.43111151755890204,0.1719512557336763,0.4350202009628342,0.8784395366165716
0.5833333333333335,0.9999999999999996,0.09908139960559639,0.35331258547161437,0.44026823753322863,0.17391130412322853,0.44418713205434696,0.8737528063920408
0.6000000000000001,0.23999999999999994,0.025143328480617014,0.12390293464874444,0.1639253973133603,0.08004492532923174,0.1653376616020716,0.924416498294719
0.6000000000000001,0.2799999999999999,0.029282780380528502,0.14094437081049113,0.18572416889320767,0.08955959616543309,0.18745344778969764,0.9227946880167739
0.6000000000000001,0.3199999999999999,0.03340545143333833,0.15720482217117934,0.2063337685239291,0.09825789270549952,0.20834402989231282,0.9211121877117563
0.6000000000000001,0.3599999999999999,0.03751033042304062,0.1727358950479841,0.22584377698858532,0.10621576388120249,0.22810324857824682,0.9193641403563633
0.6000000000000001,0.39999999999999986,0.04159629825227152,0.18758406711882303,0.24433447891442248,0.11350082359119887,0.24681485692050611,0.9175452138136814
0.6000000000000001,0.4399999999999999,0.045662113084997354,0.201791256648067,0.2618779654775521,0.12017341765897022,0.26455429999381774,0.9156495405001652
0.6000000000000001,0.47999999999999987,0.04970639253328989,0.21539530358243678,0.27853907002939715,0.12628753289392075,0.28138884175470585,0.9136704930274181
0.6000000000000001,0.5199999999999998,0.05372759204327868,0.22843037511389402,0.294376162334367,0.1318915744409459,0.2973794600856947,0.9116007594002666
0.6000000000000001,0.5599999999999998,0.05772397869362295,0.2409273049348981,0.30944182115107727,0.1370290324323583,0.3125806669094478,0.9094320202672779
0.6000000000000001,0.5999999999999999,0.0616935989660429,0.2529138735207051,0.3237834012088083,0.14173905537620632,0.32704179842858466,0.9071548728562268
0.6000000000000001,0.6399999999999998,0.06563423886886832,0.26441503397865895,0.33744350611733115,0.14605694427734442,0.3408064633256933,0.9047586098177963
0.6000000000000001,0.6799999999999997,0.06954337408338819,0.2754530857978695,0.3504603752675012,0.1500145789392634,0.35391471539722463,0.902230873714978
0.6000000000000001,0.7199999999999998,0.07341810679968734,0.2860477964967012,0.3628681894083854,0.15364078582336843,0.36640173354943184,0.8995573834993352
0.6000000000000001,0.7599999999999998,0.077255084771608,0.29621646760839593,0.37469729494693954,0.15696165467708725,0.3782989690765207,0.8967214422928068
0.6000000000000001,0.7999999999999997,0.08105039596741194,0.3059739375993977,0.385974342365201,0.16000080953160653,0.3896335226568536,0.8937033147388006
0.6000000000000001,0.8399999999999997,0.0847994290797774,0.31533250845290045,0.39672232741331565,0.16277963792083036,0.4004293562672288,0.8904794910926774
0.6000000000000001,0.8799999999999998,0.08849668544527536,0.32430177294249285,0.4069605128227888,0.16531747976059183,0.4107060727809583,0.8870214930798308
0.6000000000000001,0.9199999999999997,0.09213551947351623,0.33288830615134124,0.4167041938055771,0.1676317753084718,0.42047937952745384,0.8832944368575084
0.6000000000000001,0.9599999999999997,0.09570777136166685,0.34109515895392317,0.4259642424342066,0.16973816696056693,0.42976023690996046,0.8792548213268487
0.6166666666666667,0.22999999999999998,0.024113914426107712,0.11736991881580172,0.155267589443888,0.07579534125617254,0.15651816773987492,0.9251204867551722
0.6166666666666667,0.2683333333333333,0.02808690302429751,0.1336709800113695,0.17616596193353443,0.08498996384432983,0.1777212471328875,0.9235974634252372
0.6166666666666667,0.30666666666666664,0.03204489947016582,0.14926291261291397,0.19598236563554922,0.09343890604527053,0.19780968347462843,0.9220206825735725
0.6166666666666667,0.345,0.035987055400711496,0.16419035757373573,0.21479436977441696,0.10120802440136244,0.21686470291458018,0.9203861437521663
0.6166666666666667,0.38333333333333325,0.03991243753357855,0.17849374078397473,0.232671890271111,0.10835629897427251,0.2349593438586843,0.9186894224619785
0.6166666666666667,0.42166666666666663,0.04382001678489735,0.19220972115434226,0.24967805720163508,0.11493667209458566,0.25215948494544127,0.9169256755576934
0.6166666666666667,0.45999999999999996,0.047708655360465174,0.20537157304486228,0.26586995741067565,0.12099676873162674,0.26852459925707856,0.9150895338653391
0.6166666666666667,0.49833333333333324,0.05157709133143741,0.2180095120603272,0.28129927065622273,0.12657951719179103,0.2841084391397953,0.9131750427632235
0.6166666666666667,0.5366666666666665,0.05542392011484127,0.2301509712577355,0.2960128139961683,0.13172368547686558,0.2989597556435363,0.9111755677360442
0.6166666666666667,0.575,0.05924757210246791,0.24182083312943362,0.31005300608911424,0.13646434591936124,0.3131224624508345,0.9090836236280934
0.6166666666666667,0.6133333333333333,0.06304628536654894,0.2530416213488307,0.32345826063495675,0.14083327857225209,0.32663621028081524,0.90689078835881
0.6166666666666667,0.6516666666666665,0.06681807215227747,0.26383365456795804,0.33626331550723154,0.14485932187854703,0.33953726440132775,0.904587478336115
0.6166666666666667,0.69,0.07056067727305902,0.27421516324266104,0.34849950210695263,0.14856867772858315,0.3518578641605559,0.9021627393362993
0.6166666666666667,0.7283333333333333,0.07427152592933292,0.2842023685585887,0.3601949568610598,0.15198517660494218,0.3636271233193234,0.8996039494644971
0.6166666666666667,0.7666666666666665,0.0779476574490683,0.2938095204090862,0.37137477408629904,0.15513050735442566,0.3748709826347331,0.8968964414072335
0.6166666666666667,0.8049999999999999,0.08158563998285046,0.3030488885035482,0.38206109601198396,0.15802441501687145,0.3856121398971075,0.8940230350055864
0.6166666666666667,0.8433333333333333,0.08518145902798778,0.3119306963309458,0.3922731307530823,0.16068486884427305,0.39587000525842225,0.8909633607925926
0.6166666666666667,0.8816666666666665,0.0887303690600502,0.32046298191557815,0.4020270826953586,0.16312820155956084,0.4056618381588571,0.8876930751403215
0.6166666666666667,0.9199999999999999,0.09222669228041572,0.328651358604572,0.41133596790385557,0.16536921859856715,0.41500047292891373,0.8841826235486951
0.6333333333333334,0.21999999999999995,0.02308254520330828,0.11099308252694842,0.14681674814498008,0.07164733123606333,0.14791314791782056,0.9258093734406599
0.6333333333333334,0.2566666666666666,0.0268883785440165,0.1265539534258422,0.16680907665706338,0.08051024646244234,0.1681975056878229,0.9243813719435489
0.6333333333333334,0.2933333333333332,0.030680861703944327,0.1414734058427385,0.18582082137208875,0.08869483105870049,0.18747181028400334,0.9229059341379164
0.6333333333333334,0.3299999999999999,0.034459286269154246,0.15578983340610086,0.20391876264244366,0.09625785847268557,0.2058059335336697,0.9213797341488933
0.6333333333333334,0.36666666666666653,0.03822287736923101,0.1695381911965011,0.22116342731466287,0.10325047223632355,0.22326319013109,0.9197991225501102
0.6333333333333334,0.4033333333333332,0.04197078576458678,0.18275034504467327,0.23760976458903163,0.10971883908871671,0.2399007195183078,0.9181601388019153
0.6333333333333334,0.4399999999999999,0.04570207856641476,0.19545537241259042,0.2533077295793977,0.11570471433361448,0.2557709184351884,0.9164584165258519
0.6333333333333334,0.4766666666666665,0.04941572826576168,0.20767982132226903,0.26830278766067417,0.1212459326768103,0.27092054625506506,0.9146891737820212
0.6333333333333334,0.5133333333333331,0.05311059975478124,0.21944793238715823,0.2826363501159296,0.1263768354575427,0.2853930860168421,0.9128470736829458
0.6333333333333334,0.5499999999999998,0.056785434814150416,0.23078182809430506,0.2963461498208261,0.13112864345304204,0.29922758165589514,0.9109261988300505
0.6333333333333334,0.5866666666666664,0.060438833514200055,0.24170167230351192,0.30946656370786807,0.13552978280871233,0.3124596909554031,0.9089199318189707
0.6333333333333334,0.6233333333333331,0.06406923172258597,0.2522258021296638,0.32202888735596835,0.13960617045260917,0.3251217678934912,0.9068208338775097
0.6333333333333334,0.6599999999999998,0.06767487369311348,0.26237083338748257,0.33406156551994964,0.14338146426493417,0.33724326709189295,0.9046204877215418
0.6333333333333334,0.6966666666666664,0.07125377833652871,0.2721517398303493,0.345590381024865,0.14687728238903142,0.3488508290452434,0.9023093436530683
0.6333333333333334,0.7333333333333331,0.07480369736201382,0.2815819050806957,0.35663860267109354,0.15011339518079564,0.3599686144831322,0.8998764378574843
0.6333333333333334,0.7699999999999998,0.07832206266236427,0.2906731449458195,0.36722709129791065,0.15310789270418232,0.3706178433318557,0.8973091299695762
0.6333333333333334,0.8066666666666664,0.0818059194128215,0.299435695621904,0.3773743605406992,0.15587732983759056,0.38081757795779714,0.8945927368501632
0.6333333333333334,0.843333333333333,0.0852518398092731,0.30787816058068934,0.38709658574739575,0.15843685033341282,0.390584721230248,0.8917100422063529
0.6333333333333334,0.8799999999999998,0.08865581011803265,0.3160074046917896,0.3964075497869218,0.16080029019026434,0.399933183312645,0.8886405965614822
0.6500000000000001,0.2099999999999999,0.022049284942945946,0.10476668327971675,0.13856521478889336,0.06759706301835322,0.1395145382495948,0.9264837409402271
0.6500000000000001,0.2449999999999999,0.025687301588937103,0.11958806110971909,0.15764684058287173,0.07611755894630527,0.1588752272020597,0.9251472047899135
0.6500000000000001,0.27999999999999986,0.029313473616329567,0.13383168568768603,0.17584354011823364,0.08402370886109521,0.177324510618638,0.9237689626157743
0.6500000000000001,0.31499999999999984,0.03292721257068448,0.1475303708604097,0.19321244415487224,0.09136414658892504,0.19492217500562267,0.9223462395072014
0.6500000000000001,0.3499999999999998,0.036527878328727975,0.16071414815642085,0.2098056156152795,0.09818293491771729,0.21172257825139676,0.9208760726039552
0.6500000000000001,0.38499999999999984,0.040114773406155435,0.1734105361877587,0.2256705706488074,0.10452006892209745,0.22777533949442455,0.9193552252594758
0.6500000000000001,0.4199999999999998,0.043687136332861434,0.18564477479554076,0.2408507323137329,0.11041191503638434,0.24312557977670843,0.9177801429681467
0.6500000000000001,0.4549999999999998,0.047244133892783396,0.1974400284824217,0.2553858260378686,0.11589159511089372,0.2578147727695086,0.9161470186691564
0.6500000000000001,0.4899999999999997,0.05078485210121316,0.20881756263379925,0.2693122241704102,0.12098932307322188,0.2718806203212617,0.9144515632894975
0.6500000000000001,0.5249999999999998,0.05430828549787644,0.21979689573462324,0.28266324614466953,0.12573270082009258,0.28535777362862835,0.9126891006096145
0.6500000000000001,0.5599999999999997,0.05781332451227446,0.23039592970891418,0.29546941905498414,0.13014697869213993,0.2982779018025451,0.91085448287245
0.6500000000000001,0.5949999999999996,0.06129874045260578,0.24063106008704235,0.3077587026465677,0.13425528511905066,0.3106702988590609,0.9089419041252309
0.6500000000000001,0.6299999999999997,0.06476316743079981,0.25051726737479246,0.31955668209024163,0.13807882943089836,0.322560374435299,0.9069449171059463
0.6500000000000001,0.6649999999999997,0.06820508058866508,0.26006818994956726,0.33088673042711997,0.1416370809551054,0.3339733544983119,0.9048562653279894
0.6500000000000001,0.6999999999999996,0.07162276956107104,0.26929617853756876,0.3417701421297944,0.14494792718445124,0.34493088193332694,0.9026677440174407
0.6500000000000001,0.7349999999999997,0.07501430586364609,0.2782123314015339,0.3522262380154621,0.14802781322785644,0.35545288395560803,0.9003700286436879
0.6500000000000001,0.7699999999999997,0.07837750241853025,0.2868265084201453,0.36227244057297353,0.1508918643056565,0.36555744495460385,0.8979524476933728
0.6500000000000001,0.8049999999999996,0.0817098627661684,0.29514732096012675,0.3719243172576634,0.15355399259507335,0.37526114343334926,0.8954026800309077
0.6500000000000001,0.8399999999999996,0.08500851648871025,0.30318209284289876,0.3811955875193714,0.15602698935294523,0.384576184142441,0.8927064356905445
0.6666666666666667,0.19999999999999996,0.02101419444067515,0.09868526330126132,0.13050571483721052,0.0636409030718984,0.13131466864369828,0.9271441429386132
0.6666666666666667,0.2333333333333333,0.024483761591817935,0.11276831190958658,0.14867288657377603,0.07180914932837891,0.14974770681068625,0.9258957116366306
0.6666666666666667,0.2666666666666666,0.027942862720455708,0.1263333297976828,0.16604516016555781,0.07942366073575005,0.16736217588389338,0.9246107291213074
0.6666666666666667,0.29999999999999993,0.031391011882567245,0.13940816987347193,0.18267107525941878,0.0865258107718937,0.18420884798255133,0.923286942996592
0.6666666666666667,0.3333333333333332,0.03482768328003358,0.1520184537651355,0.198595101430453,0.09315329533063502,0.2003341444088712,0.9219219090714023
0.6666666666666667,0.3666666666666666,0.03825230717939653,0.16418777725948885,0.21385803538442508,0.09934051624987246,0.21578063469203015,0.9205130240355636
0.6666666666666667,0.3999999999999999,0.041664265233074746,0.17593789034497304,0.22849734954725695,0.10511891840456782,0.23058736262643423,0.9190574342035219
0.6666666666666667,0.4333333333333332,0.04506288505497503,0.18728885503474976,0.2425474983965674,0.11051728672363526,0.24479018938316804,0.9175520580658676
0.6666666666666667,0.4666666666666665,0.04844743394774198,0.19825918348500077,0.2560401877061614,0.11556200844232126,0.25842203846588563,0.9159935368418055
0.6666666666666667,0.4999999999999999,0.051817111613100625,0.2088659585283123,0.2690046110942545,0.12027730513188437,0.2715132826114932,0.9143781607855689
0.6666666666666667,0.5333333333333332,0.055171041606466,0.21912493838278913,0.281467657578931,0.12468543839228374,0.28409173449423003,0.912701885656421
0.6666666666666667,0.5666666666666664,0.05850826132118992,0.22905064679494214,0.29345409301944153,0.12880689244899882,0.2961831370420393,0.9109602634201737
0.6666666666666667,0.5999999999999999,0.06182771017961534,0.23865644957820245,0.30498671779694164,0.13266053643747838,0.30781167880430305,0.9091483179469857
0.6666666666666667,0.6333333333333332,0.06512821555402817,0.2479546183133437,0.31608650272701705,0.13626376882734673,0.3189972079701253,0.9072605417666842
0.6666666666666667,0.6666666666666664,0.06840847594439138,0.25695638136088567,0.3267727043287482,0.13963264593572508,0.3297614309651373,0.9052908147649459
0.6666666666666667,0.6999999999999998,0.07166704075626903,0.26567196194675996,0.33706296002818503,0.14278199616285012,0.3401219915472803,0.9032321991178948
0.6666666666666667,0.7333333333333332,0.07490228563813814,0.27411060302570983,0.34697336379501653,0.1457255215386134,0.35009551165575814,0.9010769175571246
0.6666666666666667,0.7666666666666664,0.07811238234164945,0.2822805772999747,0.356518521034549,0.14847588746914867,0.35969708629015856,0.8988161164643821
0.6666666666666667,0.7999999999999998,0.08129526135397856,0.29018918071268096,0.3657115815730937,0.1510448017208255,0.3689403661600405,0.8964397057202348
0.6833333333333335,0.18999999999999992,0.019977331395344817,0.09274363179740511,0.12263133351404439,0.05977540343327857,0.12330627399437148,0.9277911028559827
0.6833333333333335,0.2216666666666666,0.02327784316193731,0.10608993958046753,0.13988113483442335,0.06758239050791165,0.14080854855626287,0.9266275623405573
0.6833333333333335,0.2533333333333332,0.026569149189881857,0.11897409913754761,0.15642054074303344,0.07489288321097166,0.15757938142329062,0.9254321330577613
0.6833333333333335,0.28499999999999986,0.02985085084000243,0.13141957440904736,0.17229048017392226,0.08174181152974981,0.1736615525121843,0.9242029946354574
0.6833333333333335,0.3166666666666665,0.0331225189932757,0.14344805757360354,0.18752864571640576,0.08816117628560445,0.1890944296686433,0.9229381517496286
0.6833333333333335,0.34833333333333316,0.03638369115909186,0.15507962372841447,0.20216979259868817,0.09418033774054742,0.20391424778371708,0.9216355076926935
0.6833333333333335,0.37999999999999984,0.039633868196832504,0.16633286756103852,0.21624600313815817,0.09982627115423931,0.21815445877930398,0.9202927958721744
0.6833333333333335,0.41166666666666646,0.04287251056583272,0.1772250241504216,0.22978692093626113,0.10512379357167907,0.23184589294548255,0.9189075406424617
0.6833333333333335,0.4433333333333331,0.04609903400966156,0.1877720756900636,0.24281995843665413,0.11009576549318109,0.24501704636120236,0.917477089130317
0.6833333333333335,0.4749999999999998,0.04931280460808493,0.19798884555741708,0.2553704808141041,0.11476327051337396,0.2576943574518419,0.9159985607887954
0.6833333333333335,0.5066666666666664,0.052513133071063714,0.20788908095629127,0.2674619687608912,0.11914577560919984,0.26990190539287356,0.9144687804396268
0.6833333333333335,0.538333333333333,0.05569926809958522,0.2174855251709653,0.2791161623723372,0.12326127440274384,0.2816625213787271,0.9128842939564027
0.6833333333333335,0.5699999999999997,0.058870388657634255,0.22678998016569918,0.29035318784461944,0.12712641535784053,0.2929969615463868,0.9112413512174824
0.6833333333333335,0.6016666666666663,0.06202559497131902,0.23581335998770275,0.301191668262008,0.13075661654861048,0.3039244603035764,0.9095357584475449
0.6833333333333335,0.633333333333333,0.06516389787582207,0.24456573553215538,0.31164881982202225,0.1341661685797337,0.3144632302942476,0.9077628958827111
0.6833333333333335,0.6649999999999997,0.06828420621831026,0.25305637066091385,0.3217405340737904,0.1373683268257531,0.32462852500430783,0.9059176694370589
0.6833333333333335,0.6966666666666663,0.07138531188703261,0.2612937494828461,0.3314814464853651,0.14037539400503796,0.33443663072977814,0.9039943577104045
0.6833333333333335,0.7283333333333329,0.07446587178098879,0.2692855945990155,0.34088499164677977,0.14319879409552846,0.343900948444594,0.9019865794492645
0.6833333333333335,0.7599999999999997,0.07752438604374719,0.27703887532755156,0.349963444419042,0.14584913818298087,0.35303415587583026,0.8998871453842229
0.7000000000000001,0.17999999999999997,0.01893875062531907,0.08693684853836757,0.1149354933473714,0.05599728961800766,0.11548243600976664,0.9284251195316247
0.7000000000000001,0.20999999999999996,0.022069626430576507,0.09954838990794801,0.13126577624550567,0.06343477267511534,0.132051723186552,0.9273434040864246
0.7000000000000001,0.23999999999999994,0.025192446423020248,0.11174992819008397,0.1469647499719452,0.07042964356372243,0.14797095232872573,0.9262340313330806
0.7000000000000001,0.26999999999999996,0.02830688602628483,0.12356106537455885,0.16206663795997836,0.07701114517083901,0.1632760982099595,0.9250954820056637
0.7000000000000001,0.29999999999999993,0.03141259756356139,0.1350000119546502,0.17660311853171975,0.0832062131541391,0.1780001602545275,0.9239262083355911
0.7000000000000001,0.3299999999999999,0.034509208263657845,0.14608370171989354,0.1906035467699503,0.08903969010011353,0.19217377452933948,0.922724483313182
0.7000000000000001,0.35999999999999993,0.037596317968533154,0.156827894072439,0.2040951523726567,0.09453451660043542,0.20582523491543173,0.9214885185326531
0.7000000000000001,0.3899999999999999,0.04067349656984745,0.16724726515036376,0.21710321614700653,0.09971190199328553,0.218980950511481,0.9202163692801337
0.7000000000000001,0.4199999999999999,0.04374028108223536,0.17735548902820636,0.22965122765268117,0.10459147724894963,0.23166528333071457,0.9189059463038058
0.7000000000000001,0.4499999999999999,0.04679617232534909,0.18716530995064873,0.2417610259835033,0.10919143206570917,0.2439009293962245,0.9175549654820928
0.7000000000000001,0.47999999999999987,0.04984063110681512,0.1966886065218552,0.2534529255411547,0.11352863803859903,0.2557091662964713,0.9161610146708737
0.7000000000000001,0.5099999999999999,0.05287307389001615,0.2059364484341516,0.2647458281382922,0.11761875940828126,0.2671090413115476,0.9147214565259502
0.7000000000000001,0.5399999999999999,0.055892867815512365,0.2149191463590628,0.27565732275283505,0.12147635278754448,0.2781192911550484,0.9132333458315945
0.7000000000000001,0.5699999999999998,0.058899324870329686,0.223646295621857,0.28620377419949355,0.12511495715527313,0.2887567311042487,0.9116935986927874
0.7000000000000001,0.5999999999999999,0.06189169526645756,0.23212681356217624,0.29640040101596427,0.12854717490757608,0.2990371244243735,0.9100987303746447
0.7000000000000001,0.6299999999999999,0.0648691595994343,0.2403689712692254,0.30626134383847,0.13178474513848917,0.3089749205258418,0.9084449596994525
0.7000000000000001,0.6599999999999998,0.06783081972686258,0.2483804194208057,0.31579972428451986,0.13483860972742837,0.31858391013012727,0.9067281232680425
0.7000000000000001,0.6899999999999998,0.07077568803474048,0.2561682082207305,0.3250276946878145,0.13771897293416796,0.3278762908366432,0.9049435645402037
0.7000000000000001,0.7199999999999999,0.0737026746300755,0.2637388014102652,0.33395647900368947,0.14043535518684858,0.3368640115461635,0.9030861925262393
0.7166666666666668,0.16999999999999993,0.01789850426788412,0.0812602086550177,0.1074119333997961,0.05230344948955682,0.10783657978386497,0.9290466485590811
0.7166666666666668,0.19833333333333325,0.020859187371048634,0.09313930871639961,0.12282125687362638,0.059363896314453546,0.12347121580946915,0.9280438731128932
0.7166666666666668,0.22666666666666657,0.023812861559376376,0.10465691579301381,0.137673053638185,0.06603227569034235,0.13853195871322488,0.9270172083550797
0.7166666666666668,0.2549999999999999,0.02675926477862804,0.11582925395418506,0.1519956746527434,0.07233284139711671,0.15304840696472058,0.9259654674696847
0.7166666666666668,0.2833333333333332,0.029698117676485183,0.12667146769545853,0.1658154938049297,0.0782880522189423,0.16704815301332968,0.9248873827911738
0.7166666666666668,0.31166666666666654,0.032629122212679953,0.1371977058756454,0.17915707010616164,0.08391872846103249,0.18055678970096317,0.923781621902677
0.7166666666666668,0.33999999999999986,0.03555196011206692,0.14742119704866014,0.19204329333411282,0.08924419257090539,0.1935981390923074,0.9226467338680786
0.7166666666666668,0.3683333333333332,0.03846629110942965,0.15735431714935816,0.20449551500748755,0.09428239571625878,0.20619442905468485,0.9214812138808567
0.7166666666666668,0.39666666666666645,0.041371751000409664,0.16700865024232772,0.21653366617387368,0.0990500318630919,0.2183663990957626,0.9202834249599183
0.7166666666666668,0.4249999999999998,0.0442679494297054,0.17639504306760828,0.22817636345477424,0.10356264077433194,0.23013339210764705,0.9190516132083442
0.7166666666666668,0.45333333333333314,0.04715446739578926,0.1855236539305635,0.23944100449138006,0.10783470112163313,0.2415134266228826,0.9177839018721258
0.7166666666666668,0.4816666666666664,0.05003085442857087,0.19440399641865336,0.2503438538018141,0.1118797147663215,0.25252341678513857,0.9164782688066165
0.7166666666666668,0.5099999999999998,0.0528966253869486,0.20304497834576052,0.260900119911848,0.11571028313217502,0.2631791437148274,0.9151325128046879
0.7166666666666668,0.5383333333333331,0.05575125679059951,0.2114549363046664,0.27112402456020035,0.11933817651106787,0.2734952244244981,0.9137442799377331
0.7166666666666668,0.5666666666666664,0.05859418265277608,0.21964166599283488,0.28102886447116987,0.12277439695666997,0.2834855192883912,0.9123109911649941
0.7166666666666668,0.5949999999999998,0.06142478966618717,0.2276124486127022,0.29062706633975327,0.1260292354541022,0.2931628638503834,0.9108298581973692
0.7166666666666668,0.6233333333333331,0.0642424116789725,0.2353740733629466,0.29993023528887947,0.12911232385186572,0.3025392691983129,0.9092978151521711
0.7166666666666668,0.6516666666666664,0.06704632326670328,0.2429328561671492,0.30894919721130765,0.1320326820883169,0.3116258178745673,0.9077115224808997
0.7166666666666668,0.6799999999999997,0.06983573227303205,0.2502946545039171,0.3176940350376213,0.13479876106740846,0.32043291109591465,0.9060673031843091
0.7333333333333334,0.15999999999999995,0.016856641956504877,0.07570922855403583,0.10005469005510309,0.048690923002134505,0.10036245938890101,0.9296561427522799
0.7333333333333334,0.18666666666666662,0.019646598097483522,0.08685853069479138,0.11454226356199151,0.055367465734400274,0.11506159780207373,0.9287295281491713
0.7333333333333334,0.21333333333333326,0.02243049593812766,0.09769131658869326,0.12854090475003485,0.061699176322683166,0.1292575806019563,0.9277824217971204
0.7333333333333334,0.23999999999999994,0.025208125931368078,0.1082208753107926,0.14207385587438226,0.06770596112717933,0.14297457793654156,0.9268138829015128
0.7333333333333334,0.26666666666666655,0.027979265732914815,0.11845966980896637,0.15516284444482048,0.07340634927170822,0.15623538462182715,0.9258229193319398
0.7333333333333334,0.2933333333333332,0.03074367926380022,0.12841939719197037,0.16782819971955373,0.07881760505516669,0.16906108362838695,0.924808457142467
0.7333333333333334,0.3199999999999999,0.03350111565603197,0.13811104327420848,0.18008895811566986,0.08395582968292276,0.18147159754697653,0.9237693996010582
0.7333333333333334,0.3466666666666665,0.036251308101179824,0.14754493189993856,0.1919629586191663,0.08883605343845546,0.19348545011154766,0.9227045394751
0.7333333333333334,0.3733333333333332,0.038993972543706734,0.15673076962028654,0.20346692929533658,0.09347231935010007,0.20512004217291463,0.9216126259261133
0.7333333333333334,0.39999999999999986,0.0417288062415807,0.16567768608700265,0.21461656568547352,0.09787775919694174,0.21639168499507394,0.9204923161600022
0.7333333333333334,0.4266666666666665,0.04445548615277046,0.17439427058125936,0.22542660191493533,0.10206466266735191,0.2273156738850597,0.9193421589344902
0.7333333333333334,0.45333333333333314,0.04717366711410286,0.1828886050134958,0.23591087519499182,0.10604454036299205,0.2379063536654923,0.9181606318167981
0.7333333333333334,0.47999999999999987,0.04988297981782364,0.19116829361755316,0.2460823842332809,0.10982818123145552,0.24817722071827386,0.9169460810806799
0.7333333333333334,0.5066666666666665,0.05258302851572547,0.1992404896323157,0.255953342132408,0.11342570500018462,0.25814092120065085,0.9156967327533165
0.7333333333333334,0.5333333333333331,0.05527338843094801,0.2071119191318268,0.2655352241686262,0.11684661007359878,0.267809297349087,0.914410679111977
0.7333333333333334,0.5599999999999998,0.05795360282424108,0.21478890217007154,0.2748388108309665,0.12009981732178993,0.2771935402359973,0.9130858662363254
0.7333333333333334,0.5866666666666664,0.06062317966089439,0.22227737133851155,0.2838742264018027,0.12319371012658228,0.2863041102364846,0.9117200717421092
0.7333333333333334,0.6133333333333331,0.06328158780944579,0.22958288782701963,0.2926509733390773,0.12613617102411537,0.29515080950049455,0.9103108757039161
0.7333333333333334,0.6399999999999998,0.06592825268009246,0.23671065502044977,0.30117796263722396,0.12893461523354838,0.3037428313708235,0.9088556477525932
0.7500000000000001,0.14999999999999994,0.01581321098950127,0.07027963283899163,0.09285807920335822,0.045156892728733175,0.09305410514895682,0.9302540152730934
0.7500000000000001,0.17499999999999993,0.01843192712410739,0.08070206900104761,0.10642371054703442,0.051443283091973636,0.1068175705663647,0.9294009186766599
0.7500000000000001,0.1999999999999999,0.021045445522923343,0.09084953300866738,0.11956393377680628,0.0574288015362778,0.12014327923341367,0.9285303753222519
0.7500000000000001,0.22499999999999992,0.023653600457984376,0.10073278271059413,0.13229757999425684,0.06312959456732542,0.13305083753020178,0.9276416413921433
0.7500000000000001,0.2499999999999999,0.02625621687001454,0.11036195352183566,0.14464233772304141,0.06856076840241151,0.14555878790793292,0.9267339439730564
0.7500000000000001,0.27499999999999986,0.028853109743821444,0.119746600890728,0.1566148349643409,0.0737364681472258,0.15768447726001467,0.925806453305124
0.7500000000000001,0.2999999999999999,0.03144408341268752,0.1288957389980692,0.1682307139726057,0.07866994994907299,0.1694441660867414,0.9248583141392772
0.7500000000000001,0.32499999999999984,0.03402893080104892,0.1378178760169417,0.17950469942727046,0.08337364682065751,0.18085310797518195,0.9238886020936666
0.7500000000000001,0.3499999999999998,0.03660743257880408,0.14652104627636592,0.19045066066544783,0.08785922877816381,0.19192582067738348,0.9228963475919281
0.7500000000000001,0.37499999999999983,0.039179356228456384,0.15501283958280884,0.20108166850185188,0.0921376578380861,0.2026758559828316,0.9218805370756551
0.7500000000000001,0.3999999999999998,0.04174445502018663,0.1633004279319103,0.21141004711443737,0.09621923836505415,0.21311602651228884,0.9208400735691037
0.7500000000000001,0.42499999999999977,0.044302466862538886,0.1713905898531058,0.22144742146582622,0.10011366322544084,0.2232584312023446,0.9197738009229302
0.7500000000000001,0.44999999999999984,0.04685311303471519,0.17928973253371588,0.23120476059465458,0.10383005612187743,0.2331142807965961,0.9186804781876842
0.7500000000000001,0.4749999999999998,0.0493960967609308,0.1870039119225611,0.24069241716296946,0.10737701048081671,0.242694463744296,0.9175588092008067
0.7500000000000001,0.4999999999999998,0.05193110164196863,0.19453885087978537,0.24992016346324378,0.11076262516691682,0.25200906086485997,0.9164073792110093
0.7500000000000001,0.5249999999999998,0.054457789876415995,0.2018999555663956,0.2588972242406846,0.11399453734857806,0.2610676078690149,0.9152246809866833
0.7500000000000001,0.5499999999999997,0.056975800271781556,0.20909233011833891,0.267632306488459,0.11707995274024013,0.2698790937173621,0.9140091075154522
0.7500000000000001,0.5749999999999997,0.059484746015226575,0.2161207896577087,0.27613362637227484,0.12002567342913228,0.2784520220691504,0.9127589155870997
0.7500000000000001,0.5999999999999998,0.061984212132796306,0.22298987176827645,0.2844089335350008,0.12283812353344872,0.2867944206874145,0.911472258122619
0.7666666666666667,0.13999999999999996,0.014768256479270754,0.0649673421688482,0.08581667972408508,0.04169867511047377,0.0859057721237255,0.9308406716227786
0.7666666666666667,0.1633333333333333,0.017215239611091,0.07466610555040697,0.09846072697373083,0.04758924284664773,0.09873391723145518,0.9300585634101436
0.7666666666666667,0.1866666666666666,0.019657801283616824,0.08412810777220016,0.11073793953806883,0.053219663531737356,0.11118456734649083,0.9292617311501864
0.7666666666666667,0.20999999999999994,0.022095812071676595,0.09336194195729357,0.12266337168305873,0.05860285945153032,0.12327351866349215,0.928449591112537
0.7666666666666667,0.23333333333333325,0.024529135858837727,0.10237574049274054,0.13425123098620018,0.0637509809869193,0.13501558509710224,0.9276215442482333
0.7666666666666667,0.2566666666666666,0.026957629428814526,0.11117720428417582,0.14551493486193529,0.06867546115551891,0.14642475695993387,0.9267769599779836
0.7666666666666667,0.2799999999999999,0.0293811420176509,0.11977362960091283,0.15646716242911562,0.0733870656564056,0.15751427725710346,0.9259151743620706
0.7666666666666667,0.30333333333333323,0.0317995148237176,0.1281719327187021,0.16711990213657177,0.07789593883573935,0.16829652023177527,0.9250354877110002
0.7666666666666667,0.32666666666666655,0.03421258046891236,0.13637867255292643,0.17748449552922316,0.08221164595259343,0.17878336076081036,0.924137175507891
0.7666666666666667,0.34999999999999987,0.03662016241625683,0.14440007143354522,0.1875716774707871,0.08634321207448378,0.18898590761115566,0.9232194482767133
0.7666666666666667,0.3733333333333332,0.0390220743147327,0.15224203420870527,0.19739161317155496,0.09029915792569938,0.19891477221987156,0.9222815057342231
0.7666666666666667,0.3966666666666665,0.04141811929777542,0.1599101657515338,0.2069539322154122,0.09408753292775678,0.2085799093087363,0.9213224833431632
0.7666666666666667,0.4199999999999999,0.04380808919969737,0.16740978703628878,0.2162677598885264,0.09771594570447524,0.2179908077990107,0.9203414645799588
0.7666666666666667,0.4433333333333332,0.046191763693666024,0.17474594986313802,0.22534174599215617,0.10119159225803631,0.22715656892670555,0.9193374796674011
0.7666666666666667,0.4666666666666665,0.04856890933537961,0.18192345033239607,0.23418409134266235,0.10452128202053257,0.23608523363483452,0.918309518705287
0.7666666666666667,0.4899999999999999,0.05093927852077099,0.1889468411060406,0.24280257207348893,0.10771146193489667,0.2447853206837019,0.917256481079297
0.7666666666666667,0.5133333333333332,0.05330260831030044,0.19582044258800213,0.25120456197093627,0.11076823876586828,0.2532643768353911,0.916177202508667
0.7666666666666667,0.5366666666666665,0.05565861912981029,0.2025483530276027,0.2593970529049221,0.1136973997546388,0.2615293633385316,0.9150704482310592
0.7666666666666667,0.5599999999999998,0.058007013329026025,0.20913445758962898,0.2673866734638047,0.1165044317483514,0.26958742026616206,0.9139348869315164
0.7833333333333334,0.12999999999999992,0.01372182149367342,0.059768461963342664,0.0789253181417816,0.03831371235687786,0.08,0.9314164836288671
0.7833333333333334,0.1516666666666666,0.015996597586980646,0.0687469819494694,0.09064864525702103,0.043803326615103236,0.09080577424038028,0.9307029562976331
0.7833333333333334,0.17333333333333323,0.018267649544687545,0.07752371685370843,0.10205888068334783,0.0490703276592788,0.1023773293339607,0.929977119585769
0.7833333333333334,0.1949999999999999,0.020534877761807898,0.08610542616267172,0.11316787589128484,0.05412489945722623,0.11363914322207763,0.9292385292678836
0.7833333333333334,0.2166666666666665,0.022798177927911754,0.09449853518514165,0.12398686758835566,0.05897666480642802,0.12460295987873678,0.9284867258465211
0.7833333333333334,0.23833333333333317,0.025057440766843356,0.10270915469581846,0.13452651567538518,0.06363472195913344,0.13527990805741893,0.9277212237615357
0.7833333333333334,0.25999999999999984,0.027312551750668466,0.11074309909081799,0.14479693831980636,0.06810767845797674,0.14568051821462139,0.9269415335896609
0.7833333333333334,0.28166666666666645,0.02956339079629273,0.11860590315767,0.1548077443638989,0.07240368241245783,0.15581479121331557,0.9261471223552711
0.7833333333333334,0.3033333333333331,0.031809831928018305,0.1263028375959974,0.16456806332151178,0.07653045145102877,0.16569220062992132,0.9253374411376974
0.7833333333333334,0.3249999999999998,0.03405174291139071,0.13383892337196213,0.1740865731404003,0.08049529953687634,0.17532178897261655,0.9245119365667986
0.7833333333333334,0.34666666666666646,0.03628898486817564,0.14121894497168433,0.18337152587756128,0.08430516181175392,0.184712122090901,0.9236699824509148
0.7833333333333334,0.36833333333333307,0.03852141183522476,0.148447462697608,0.19243077153225505,0.08796661766929408,0.1938713472807856,0.9228109464300686
0.7833333333333334,0.3899999999999998,0.04074887029595834,0.1555288240100543,0.20127178009015892,0.09148591216020927,0.20280723017790478,0.9219341730452777
0.7833333333333334,0.4116666666666664,0.04297119867284619,0.16246717400359745,0.209901661944744,0.0948689758822931,0.21152709521221105,0.9210389522909078
0.7833333333333334,0.433333333333333,0.04518822676109753,0.16926646508968712,0.21832718682953803,0.09812144347970178,0.22003799706473343,0.9201245439472236
0.7833333333333334,0.45499999999999974,0.047399775114207135,0.17593046591427053,0.2265548013405615,0.10124867085258196,0.22834663999081495,0.9191901708545501
0.7833333333333334,0.47666666666666635,0.04960565437554932,0.1824627695454189,0.23459064512976877,0.1042557511686997,0.23645926660359762,0.9182349913008759
0.7833333333333334,0.498333333333333,0.05180566452340728,0.1888668010215399,0.24244056592137259,0.10714752979966533,0.24438206488755457,0.9172581491846756
0.7833333333333334,0.5199999999999997,0.053999594071326276,0.1951458241953099,0.2501101332989648,0.10992861820730984,0.2521206982255327,0.9162587050890882
0.8,0.11999999999999997,0.012673947182761958,0.0546792718939756,0.07217905436578433,0.03499956494361744,0.08,0.9319818053610947
0.8,0.13999999999999996,0.014776060153420818,0.06294119102168022,0.08298299021664568,0.040083598389930905,0.08302849969391027,0.9313345628210904
0.8,0.15999999999999995,0.016875072304352947,0.07103316288168186,0.09352286771236731,0.044979409661370894,0.0937174231336182,0.9306771376091844
0.8,0.17999999999999994,0.018970908282022365,0.07896041081395488,0.10380785219697478,0.04969488276603978,0.10414429253730124,0.9300092068066401
0.8,0.19999999999999993,0.021063489498852447,0.08672792143257735,0.11384667308563182,0.05423750330610895,0.11431822543526339,0.9293304213329758
0.8,0.21999999999999995,0.02315273396975071,0.09434045743437208,0.1236476486128361,0.05861438235692802,0.12424789527760524,0.9286404273285018
0.8,0.23999999999999994,0.02523855613997599,0.10180256950729359,0.1332187088411822,0.06283227866777721,0.13394156695615977,0.9279388420621704
0.8,0.2599999999999999,0.027320866692950797,0.10911860742226143,0.14256741708649406,0.06689761932846526,0.14340711310544024,0.9272252929903229
0.8,0.2799999999999999,0.029399572353014145,0.11629273034520082,0.15170098984938127,0.07081651900836088,0.1526520155858888,0.9264993683860034
0.8,0.29999999999999993,0.03147457566281141,0.1233289164539258,0.16062631540215638,0.07459479789646119,0.16168346885537413,0.9257606523432667
0.8,0.3199999999999999,0.03354577475021523,0.13023097188346588,0.16934997109681343,0.0782379984266951,0.17050827139088684,0.9250087016804557
0.8,0.33999999999999986,0.03561306307275291,0.1370025390642916,0.1778782395108601,0.08175140089313696,0.17913298432526292,0.924243052232351
0.8,0.3599999999999999,0.03767632913596496,0.14364710449464704,0.18621712351325545,0.0851400380372168,0.18756379351762567,0.9234632508053944
0.8,0.3799999999999999,0.03973545621282305,0.15016800593738142,0.19437236026683152,0.08840870865890023,0.19580667394619786,0.9226687550601088
0.8,0.39999999999999986,0.04179032199711342,0.15656843918309862,0.20234943437442018,0.09156199038264311,0.2038673333917518,0.9218590626589125
0.8,0.4199999999999999,0.043840798271172196,0.16285146427135083,0.2101535900533774,0.09460425156405308,0.2117511367297836,0.921033610193925
0.8,0.4399999999999999,0.04588675051576901,0.1690200113091557,0.2177898425391218,0.09753966245993216,0.21946339087362884,0.9201918202512824
0.8,0.45999999999999985,0.047928037499227166,0.17507688584990544,0.22526298869053155,0.1003722056812522,0.22700888103414613,0.9193330830621886
0.8,0.47999999999999987,0.049964510830090285,0.1810247738665879,0.23257761685924097,0.10310568598530612,0.23439250963555708,0.9184567412089955
