initial_z,initial_u,high_basin
-1.65,0.0,0
-1.6292452830188677,0.0,0
-1.6084905660377358,0.0,0
-1.5877358490566036,0.0,0
-1.5669811320754716,0.0,0
-1.5462264150943394,0.0,0
-1.5254716981132075,0.0,0
-1.5047169811320753,0.0,0
-1.4839622641509433,0.0,0
-1.4632075471698112,0.0,0
-1.4424528301886792,0.0,0
-1.421698113207547,0.0,0
-1.400943396226415,0.0,0
-1.3801886792452829,0.0,0
-1.359433962264151,0.0,0
-1.3386792452830187,0.0,0
-1.3179245283018868,0.0,0
-1.2971698113207546,0.0,0
-1.2764150943396226,0.0,0
-1.2556603773584905,0.0,0
-1.2349056603773585,0.0,0
-1.2141509433962263,0.0,0
-1.1933962264150944,0.0,0
-1.1726415094339622,0.0,0
-1.1518867924528302,0.0,0
-1.131132075471698,0.0,0
-1.1103773584905658,0.0,0
-1.0896226415094339,0.0,0
-1.068867924528302,0.0,0
-1.0481132075471697,0.0,0
-1.0273584905660376,0.0,0
-1.0066037735849056,0.0,0
-0.9858490566037735,0.0,0
-0.9650943396226415,0.0,0
-0.9443396226415094,0.0,0
-0.9235849056603773,0.0,0
-0.9028301886792452,0.0,0
-0.8820754716981132,0.0,0
-0.8613207547169811,0.0,0
-0.840566037735849,0.0,0
-0.819811320754717,0.0,0
-0.7990566037735849,0.0,0
-0.7783018867924528,0.0,0
-0.7575471698113208,0.0,0
-0.7367924528301887,0.0,0
-0.7160377358490566,0.0,0
-0.6952830188679245,0.0,0
-0.6745283018867925,0.0,0
-0.6537735849056603,0.0,0
-0.6330188679245283,0.0,0
-0.6122641509433961,0.0,0
-0.5915094339622642,0.0,0
-0.570754716981132,0.0,0
-0.55,0.0,0
-0.5292452830188679,0.0,0
-0.5084905660377359,0.0,0
-0.4877358490566037,0.0,0
-0.46698113207547176,0.0,0
-0.4462264150943396,0.0,0
-0.4254716981132076,0.0,0
-0.40471698113207544,0.0,0
-0.3839622641509435,0.0,0
-0.3632075471698113,0.0,0
-0.34245283018867934,0.0,0
-0.32169811320754715,0.0,0
-0.30094339622641497,0.0,0
-0.280188679245283,0.0,0
-0.25943396226415083,0.0,0
-0.23867924528301887,0.0,0
-0.2179245283018867,0.0,0
-0.19716981132075473,0.0,0
-0.17641509433962255,0.0,0
-0.1556603773584906,0.0,0
-0.1349056603773584,0.0,0
-0.11415094339622645,0.0,0
-0.09339622641509426,0.0,0
-0.0726415094339623,0.0,0
-0.05188679245283012,0.0,0
-0.031132075471698162,0.0,0
-0.01037735849056598,0.0,0
0.01037735849056598,0.0,0
0.031132075471698162,0.0,0
0.05188679245283012,0.0,0
0.0726415094339623,0.0,0
0.09339622641509426,0.0,0
0.11415094339622645,0.0,0
0.1349056603773584,0.0,0
0.1556603773584906,0.0,0
0.17641509433962255,0.0,0
0.19716981132075473,0.0,0
0.2179245283018867,0.0,0
0.23867924528301887,0.0,0
0.25943396226415083,0.0,1
0.280188679245283,0.0,1
0.30094339622641497,0.0,1
0.32169811320754715,0.0,1
0.34245283018867934,0.0,1
0.3632075471698113,0.0,1
0.38396226415094326,0.0,1
0.40471698113207566,0.0,1
0.4254716981132076,0.0,1
0.4462264150943396,0.0,1
0.46698113207547154,0.0,1
0.48773584905660394,0.0,1
0.5084905660377359,0.0,1
0.5292452830188679,0.0,1
0.5499999999999998,0.0,1
0.5707547169811322,0.0,1
0.5915094339622642,0.0,1
0.6122641509433961,0.0,1
0.6330188679245281,0.0,1
0.6537735849056605,0.0,1
0.6745283018867925,0.0,1
0.6952830188679244,0.0,1
0.7160377358490564,0.0,1
0.7367924528301888,0.0,1
0.7575471698113208,0.0,1
0.7783018867924527,0.0,1
0.7990566037735847,0.0,1
0.8198113207547171,0.0,1
0.840566037735849,0.0,1
0.861320754716981,0.0,1
0.882075471698113,0.0,1
0.9028301886792454,0.0,1
0.9235849056603773,0.0,1
0.9443396226415093,0.0,1
0.9650943396226412,0.0,1
0.9858490566037736,0.0,1
1.0066037735849056,0.0,1
1.0273584905660376,0.0,1
1.04811320754717,0.0,1
1.068867924528302,0.0,1
1.0896226415094339,0.0,1
1.1103773584905658,0.0,1
1.1311320754716983,0.0,1
1.1518867924528302,0.0,1
1.1726415094339622,0.0,1
1.1933962264150941,0.0,1
1.2141509433962265,0.0,1
1.2349056603773585,0.0,1
1.2556603773584905,0.0,1
1.2764150943396224,0.0,1
1.2971698113207548,0.0,1
1.3179245283018868,0.0,1
1.3386792452830187,0.0,1
1.3594339622641507,0.0,1
1.380188679245283,0.0,1
1.400943396226415,0.0,1
1.421698113207547,0.0,1
1.442452830188679,0.0,1
1.4632075471698114,0.0,1
1.4839622641509433,0.0,1
1.5047169811320753,0.0,1
1.5254716981132073,0.0,1
1.5462264150943397,0.0,1
1.5669811320754716,0.0,1
1.5877358490566036,0.0,1
1.6084905660377355,0.0,1
1.629245283018868,0.0,1
1.65,0.0,1
-1.65,0.009174311926605505,0
-1.6292452830188677,0.009174311926605505,0
-1.6084905660377358,0.009174311926605505,0
-1.5877358490566036,0.009174311926605505,0
-1.5669811320754716,0.009174311926605505,0
-1.5462264150943394,0.009174311926605505,0
-1.5254716981132075,0.009174311926605505,0
-1.5047169811320753,0.009174311926605505,0
-1.4839622641509433,0.009174311926605505,0
-1.4632075471698112,0.009174311926605505,0
-1.4424528301886792,0.009174311926605505,0
-1.421698113207547,0.009174311926605505,0
-1.400943396226415,0.009174311926605505,0
-1.3801886792452829,0.009174311926605505,0
-1.359433962264151,0.009174311926605505,0
-1.3386792452830187,0.009174311926605505,0
-1.3179245283018868,0.009174311926605505,0
-1.2971698113207546,0.009174311926605505,0
-1.2764150943396226,0.009174311926605505,0
-1.2556603773584905,0.009174311926605505,0
-1.2349056603773585,0.009174311926605505,0
-1.2141509433962263,0.009174311926605505,0
-1.1933962264150944,0.009174311926605505,0
-1.1726415094339622,0.009174311926605505,0
-1.1518867924528302,0.009174311926605505,0
-1.131132075471698,0.009174311926605505,0
-1.1103773584905658,0.009174311926605505,0
-1.0896226415094339,0.009174311926605505,0
-1.068867924528302,0.009174311926605505,0
-1.0481132075471697,0.009174311926605505,0
-1.0273584905660376,0.009174311926605505,0
-1.0066037735849056,0.009174311926605505,0
-0.9858490566037735,0.009174311926605505,0
-0.9650943396226415,0.009174311926605505,0
-0.9443396226415094,0.009174311926605505,0
-0.9235849056603773,0.009174311926605505,0
-0.9028301886792452,0.009174311926605505,0
-0.8820754716981132,0.009174311926605505,0
-0.8613207547169811,0.009174311926605505,0
-0.840566037735849,0.009174311926605505,0
-0.819811320754717,0.009174311926605505,0
-0.7990566037735849,0.009174311926605505,0
-0.7783018867924528,0.009174311926605505,0
-0.7575471698113208,0.009174311926605505,0
-0.7367924528301887,0.009174311926605505,0
-0.7160377358490566,0.009174311926605505,0
-0.6952830188679245,0.009174311926605505,0
-0.6745283018867925,0.009174311926605505,0
-0.6537735849056603,0.009174311926605505,0
-0.6330188679245283,0.009174311926605505,0
-0.6122641509433961,0.009174311926605505,0
-0.5915094339622642,0.009174311926605505,0
-0.570754716981132,0.009174311926605505,0
-0.55,0.009174311926605505,0
-0.5292452830188679,0.009174311926605505,0
-0.5084905660377359,0.009174311926605505,0
-0.4877358490566037,0.009174311926605505,0
-0.46698113207547176,0.009174311926605505,0
-0.4462264150943396,0.009174311926605505,0
-0.4254716981132076,0.009174311926605505,0
-0.40471698113207544,0.009174311926605505,0
-0.3839622641509435,0.009174311926605505,0
-0.3632075471698113,0.009174311926605505,0
-0.34245283018867934,0.009174311926605505,0
-0.32169811320754715,0.009174311926605505,0
-0.30094339622641497,0.009174311926605505,0
-0.280188679245283,0.009174311926605505,0
-0.25943396226415083,0.009174311926605505,0
-0.23867924528301887,0.009174311926605505,0
-0.2179245283018867,0.009174311926605505,0
-0.19716981132075473,0.009174311926605505,0
-0.17641509433962255,0.009174311926605505,0
-0.1556603773584906,0.009174311926605505,0
-0.1349056603773584,0.009174311926605505,0
-0.11415094339622645,0.009174311926605505,0
-0.09339622641509426,0.009174311926605505,0
-0.0726415094339623,0.009174311926605505,0
-0.05188679245283012,0.009174311926605505,0
-0.031132075471698162,0.009174311926605505,0
-0.01037735849056598,0.009174311926605505,0
0.01037735849056598,0.009174311926605505,0
0.031132075471698162,0.009174311926605505,0
0.05188679245283012,0.009174311926605505,0
0.0726415094339623,0.009174311926605505,0
0.09339622641509426,0.009174311926605505,0
0.11415094339622645,0.009174311926605505,0
0.1349056603773584,0.009174311926605505,0
0.1556603773584906,0.009174311926605505,0
0.17641509433962255,0.009174311926605505,0
0.19716981132075473,0.009174311926605505,0
0.2179245283018867,0.009174311926605505,0
0.23867924528301887,0.009174311926605505,0
0.25943396226415083,0.009174311926605505,1
0.280188679245283,0.009174311926605505,1
0.30094339622641497,0.009174311926605505,1
0.32169811320754715,0.009174311926605505,1
0.34245283018867934,0.009174311926605505,1
0.3632075471698113,0.009174311926605505,1
0.38396226415094326,0.009174311926605505,1
0.40471698113207566,0.009174311926605505,1
0.4254716981132076,0.009174311926605505,1
0.4462264150943396,0.009174311926605505,1
0.46698113207547154,0.009174311926605505,1
0.48773584905660394,0.009174311926605505,1
0.5084905660377359,0.009174311926605505,1
0.5292452830188679,0.009174311926605505,1
0.5499999999999998,0.009174311926605505,1
0.5707547169811322,0.009174311926605505,1
0.5915094339622642,0.009174311926605505,1
0.6122641509433961,0.009174311926605505,1
0.6330188679245281,0.009174311926605505,1
0.6537735849056605,0.009174311926605505,1
0.6745283018867925,0.009174311926605505,1
0.6952830188679244,0.009174311926605505,1
0.7160377358490564,0.009174311926605505,1
0.7367924528301888,0.009174311926605505,1
0.7575471698113208,0.009174311926605505,1
0.7783018867924527,0.009174311926605505,1
0.7990566037735847,0.009174311926605505,1
0.8198113207547171,0.009174311926605505,1
0.840566037735849,0.009174311926605505,1
0.861320754716981,0.009174311926605505,1
0.882075471698113,0.009174311926605505,1
0.9028301886792454,0.009174311926605505,1
0.9235849056603773,0.009174311926605505,1
0.9443396226415093,0.009174311926605505,1
0.9650943396226412,0.009174311926605505,1
0.9858490566037736,0.009174311926605505,1
1.0066037735849056,0.009174311926605505,1
1.0273584905660376,0.009174311926605505,1
1.04811320754717,0.009174311926605505,1
1.068867924528302,0.009174311926605505,1
1.0896226415094339,0.009174311926605505,1
1.1103773584905658,0.009174311926605505,1
1.1311320754716983,0.009174311926605505,1
1.1518867924528302,0.009174311926605505,1
1.1726415094339622,0.009174311926605505,1
1.1933962264150941,0.009174311926605505,1
1.2141509433962265,0.009174311926605505,1
1.2349056603773585,0.009174311926605505,1
1.2556603773584905,0.009174311926605505,1
1.2764150943396224,0.009174311926605505,1
1.2971698113207548,0.009174311926605505,1
1.3179245283018868,0.009174311926605505,1
1.3386792452830187,0.009174311926605505,1
1.3594339622641507,0.009174311926605505,1
1.380188679245283,0.009174311926605505,1
1.400943396226415,0.009174311926605505,1
1.421698113207547,0.009174311926605505,1
1.442452830188679,0.009174311926605505,1
1.4632075471698114,0.009174311926605505,1
1.4839622641509433,0.009174311926605505,1
1.5047169811320753,0.009174311926605505,1
1.5254716981132073,0.009174311926605505,1
1.5462264150943397,0.009174311926605505,1
1.5669811320754716,0.009174311926605505,1
1.5877358490566036,0.009174311926605505,1
1.6084905660377355,0.009174311926605505,1
1.629245283018868,0.009174311926605505,1
1.65,0.009174311926605505,1
-1.65,0.01834862385321101,0
-1.6292452830188677,0.01834862385321101,0
-1.6084905660377358,0.01834862385321101,0
-1.5877358490566036,0.01834862385321101,0
-1.5669811320754716,0.01834862385321101,0
-1.5462264150943394,0.01834862385321101,0
-1.5254716981132075,0.01834862385321101,0
-1.5047169811320753,0.01834862385321101,0
-1.4839622641509433,0.01834862385321101,0
-1.4632075471698112,0.01834862385321101,0
-1.4424528301886792,0.01834862385321101,0
-1.421698113207547,0.01834862385321101,0
-1.400943396226415,0.01834862385321101,0
-1.3801886792452829,0.01834862385321101,0
-1.359433962264151,0.01834862385321101,0
-1.3386792452830187,0.01834862385321101,0
-1.3179245283018868,0.01834862385321101,0
-1.2971698113207546,0.01834862385321101,0
-1.2764150943396226,0.01834862385321101,0
-1.2556603773584905,0.01834862385321101,0
-1.2349056603773585,0.01834862385321101,0
-1.2141509433962263,0.01834862385321101,0
-1.1933962264150944,0.01834862385321101,0
-1.1726415094339622,0.01834862385321101,0
-1.1518867924528302,0.01834862385321101,0
-1.131132075471698,0.01834862385321101,0
-1.1103773584905658,0.01834862385321101,0
-1.0896226415094339,0.01834862385321101,0
-1.068867924528302,0.01834862385321101,0
-1.0481132075471697,0.01834862385321101,0
-1.0273584905660376,0.01834862385321101,0
-1.0066037735849056,0.01834862385321101,0
-0.9858490566037735,0.01834862385321101,0
-0.9650943396226415,0.01834862385321101,0
-0.9443396226415094,0.01834862385321101,0
-0.9235849056603773,0.01834862385321101,0
-0.9028301886792452,0.01834862385321101,0
-0.8820754716981132,0.01834862385321101,0
-0.8613207547169811,0.01834862385321101,0
-0.840566037735849,0.01834862385321101,0
-0.819811320754717,0.01834862385321101,0
-0.7990566037735849,0.01834862385321101,0
-0.7783018867924528,0.01834862385321101,0
-0.7575471698113208,0.01834862385321101,0
-0.7367924528301887,0.01834862385321101,0
-0.7160377358490566,0.01834862385321101,0
-0.6952830188679245,0.01834862385321101,0
-0.6745283018867925,0.01834862385321101,0
-0.6537735849056603,0.01834862385321101,0
-0.6330188679245283,0.01834862385321101,0
-0.6122641509433961,0.01834862385321101,0
-0.5915094339622642,0.01834862385321101,0
-0.570754716981132,0.01834862385321101,0
-0.55,0.01834862385321101,0
-0.5292452830188679,0.01834862385321101,0
-0.5084905660377359,0.01834862385321101,0
-0.4877358490566037,0.01834862385321101,0
-0.46698113207547176,0.01834862385321101,0
-0.4462264150943396,0.01834862385321101,0
-0.4254716981132076,0.01834862385321101,0
-0.40471698113207544,0.01834862385321101,0
-0.3839622641509435,0.01834862385321101,0
-0.3632075471698113,0.01834862385321101,0
-0.34245283018867934,0.01834862385321101,0
-0.32169811320754715,0.01834862385321101,0
-0.30094339622641497,0.01834862385321101,0
-0.280188679245283,0.01834862385321101,0
-0.25943396226415083,0.01834862385321101,0
-0.23867924528301887,0.01834862385321101,0
-0.2179245283018867,0.01834862385321101,0
-0.19716981132075473,0.01834862385321101,0
-0.17641509433962255,0.01834862385321101,0
-0.1556603773584906,0.01834862385321101,0
-0.1349056603773584,0.01834862385321101,0
-0.11415094339622645,0.01834862385321101,0
-0.09339622641509426,0.01834862385321101,0
-0.0726415094339623,0.01834862385321101,0
-0.05188679245283012,0.01834862385321101,0
-0.031132075471698162,0.01834862385321101,0
-0.01037735849056598,0.01834862385321101,0
0.01037735849056598,0.01834862385321101,0
0.031132075471698162,0.01834862385321101,0
0.05188679245283012,0.01834862385321101,0
0.0726415094339623,0.01834862385321101,0
0.09339622641509426,0.01834862385321101,0
0.11415094339622645,0.01834862385321101,0
0.1349056603773584,0.01834862385321101,0
0.1556603773584906,0.01834862385321101,0
0.17641509433962255,0.01834862385321101,0
0.19716981132075473,0.01834862385321101,0
0.2179245283018867,0.01834862385321101,0
0.23867924528301887,0.01834862385321101,0
0.25943396226415083,0.01834862385321101,1
0.280188679245283,0.01834862385321101,1
0.30094339622641497,0.01834862385321101,1
0.32169811320754715,0.01834862385321101,1
0.34245283018867934,0.01834862385321101,1
0.3632075471698113,0.01834862385321101,1
0.38396226415094326,0.01834862385321101,1
0.40471698113207566,0.01834862385321101,1
0.4254716981132076,0.01834862385321101,1
0.4462264150943396,0.01834862385321101,1
0.46698113207547154,0.01834862385321101,1
0.48773584905660394,0.01834862385321101,1
0.5084905660377359,0.01834862385321101,1
0.5292452830188679,0.01834862385321101,1
0.5499999999999998,0.01834862385321101,1
0.5707547169811322,0.01834862385321101,1
0.5915094339622642,0.01834862385321101,1
0.6122641509433961,0.01834862385321101,1
0.6330188679245281,0.01834862385321101,1
0.6537735849056605,0.01834862385321101,1
0.6745283018867925,0.01834862385321101,1
0.6952830188679244,0.01834862385321101,1
0.7160377358490564,0.01834862385321101,1
0.7367924528301888,0.01834862385321101,1
0.7575471698113208,0.01834862385321101,1
0.7783018867924527,0.01834862385321101,1
0.7990566037735847,0.01834862385321101,1
0.8198113207547171,0.01834862385321101,1
0.840566037735849,0.01834862385321101,1
0.861320754716981,0.01834862385321101,1
0.882075471698113,0.01834862385321101,1
0.9028301886792454,0.01834862385321101,1
0.9235849056603773,0.01834862385321101,1
0.9443396226415093,0.01834862385321101,1
0.9650943396226412,0.01834862385321101,1
0.9858490566037736,0.01834862385321101,1
1.0066037735849056,0.01834862385321101,1
1.0273584905660376,0.01834862385321101,1
1.04811320754717,0.01834862385321101,1
1.068867924528302,0.01834862385321101,1
1.0896226415094339,0.01834862385321101,1
1.1103773584905658,0.01834862385321101,1
1.1311320754716983,0.01834862385321101,1
1.1518867924528302,0.01834862385321101,1
1.1726415094339622,0.01834862385321101,1
1.1933962264150941,0.01834862385321101,1
1.2141509433962265,0.01834862385321101,1
1.2349056603773585,0.01834862385321101,1
1.2556603773584905,0.01834862385321101,1
1.2764150943396224,0.01834862385321101,1
1.2971698113207548,0.01834862385321101,1
1.3179245283018868,0.01834862385321101,1
1.3386792452830187,0.01834862385321101,1
1.3594339622641507,0.01834862385321101,1
1.380188679245283,0.01834862385321101,1
1.400943396226415,0.01834862385321101,1
1.421698113207547,0.01834862385321101,1
1.442452830188679,0.01834862385321101,1
1.4632075471698114,0.01834862385321101,1
1.4839622641509433,0.01834862385321101,1
1.5047169811320753,0.01834862385321101,1
1.5254716981132073,0.01834862385321101,1
1.5462264150943397,0.01834862385321101,1
1.5669811320754716,0.01834862385321101,1
1.5877358490566036,0.01834862385321101,1
1.6084905660377355,0.01834862385321101,1
1.629245283018868,0.01834862385321101,1
1.65,0.01834862385321101,1
-1.65,0.027522935779816515,0
-1.6292452830188677,0.027522935779816515,0
-1.6084905660377358,0.027522935779816515,0
-1.5877358490566036,0.027522935779816515,0
-1.5669811320754716,0.027522935779816515,0
-1.5462264150943394,0.027522935779816515,0
-1.5254716981132075,0.027522935779816515,0
-1.5047169811320753,0.027522935779816515,0
-1.4839622641509433,0.027522935779816515,0
-1.4632075471698112,0.027522935779816515,0
-1.4424528301886792,0.027522935779816515,0
-1.421698113207547,0.027522935779816515,0
-1.400943396226415,0.027522935779816515,0
-1.3801886792452829,0.027522935779816515,0
-1.359433962264151,0.027522935779816515,0
-1.3386792452830187,0.027522935779816515,0
-1.3179245283018868,0.027522935779816515,0
-1.2971698113207546,0.027522935779816515,0
-1.2764150943396226,0.027522935779816515,0
-1.2556603773584905,0.027522935779816515,0
-1.2349056603773585,0.027522935779816515,0
-1.2141509433962263,0.027522935779816515,0
-1.1933962264150944,0.027522935779816515,0
-1.1726415094339622,0.027522935779816515,0
-1.1518867924528302,0.027522935779816515,0
-1.131132075471698,0.027522935779816515,0
-1.1103773584905658,0.027522935779816515,0
-1.0896226415094339,0.027522935779816515,0
-1.068867924528302,0.027522935779816515,0
-1.0481132075471697,0.027522935779816515,0
-1.0273584905660376,0.027522935779816515,0
-1.0066037735849056,0.027522935779816515,0
-0.9858490566037735,0.027522935779816515,0
-0.9650943396226415,0.027522935779816515,0
-0.9443396226415094,0.027522935779816515,0
-0.9235849056603773,0.027522935779816515,0
-0.9028301886792452,0.027522935779816515,0
-0.8820754716981132,0.027522935779816515,0
-0.8613207547169811,0.027522935779816515,0
-0.840566037735849,0.027522935779816515,0
-0.819811320754717,0.027522935779816515,0
-0.7990566037735849,0.027522935779816515,0
-0.7783018867924528,0.027522935779816515,0
-0.7575471698113208,0.027522935779816515,0
-0.7367924528301887,0.027522935779816515,0
-0.7160377358490566,0.027522935779816515,0
-0.6952830188679245,0.027522935779816515,0
-0.6745283018867925,0.027522935779816515,0
-0.6537735849056603,0.027522935779816515,0
-0.6330188679245283,0.027522935779816515,0
-0.6122641509433961,0.027522935779816515,0
-0.5915094339622642,0.027522935779816515,0
-0.570754716981132,0.027522935779816515,0
-0.55,0.027522935779816515,0
-0.5292452830188679,0.027522935779816515,0
-0.5084905660377359,0.027522935779816515,0
-0.4877358490566037,0.027522935779816515,0
-0.46698113207547176,0.027522935779816515,0
-0.4462264150943396,0.027522935779816515,0
-0.4254716981132076,0.027522935779816515,0
-0.40471698113207544,0.027522935779816515,0
-0.3839622641509435,0.027522935779816515,0
-0.3632075471698113,0.027522935779816515,0
-0.34245283018867934,0.027522935779816515,0
-0.32169811320754715,0.027522935779816515,0
-0.30094339622641497,0.027522935779816515,0
-0.280188679245283,0.027522935779816515,0
-0.25943396226415083,0.027522935779816515,0
-0.23867924528301887,0.027522935779816515,0
-0.2179245283018867,0.027522935779816515,0
-0.19716981132075473,0.027522935779816515,0
-0.17641509433962255,0.027522935779816515,0
-0.1556603773584906,0.027522935779816515,0
-0.1349056603773584,0.027522935779816515,0
-0.11415094339622645,0.027522935779816515,0
-0.09339622641509426,0.027522935779816515,0
-0.0726415094339623,0.027522935779816515,0
-0.05188679245283012,0.027522935779816515,0
-0.031132075471698162,0.027522935779816515,0
-0.01037735849056598,0.027522935779816515,0
0.01037735849056598,0.027522935779816515,0
0.031132075471698162,0.027522935779816515,0
0.05188679245283012,0.027522935779816515,0
0.0726415094339623,0.027522935779816515,0
0.09339622641509426,0.027522935779816515,0
0.11415094339622645,0.027522935779816515,0
0.1349056603773584,0.027522935779816515,0
0.1556603773584906,0.027522935779816515,0
0.17641509433962255,0.027522935779816515,0
0.19716981132075473,0.027522935779816515,0
0.2179245283018867,0.027522935779816515,0
0.23867924528301887,0.027522935779816515,0
0.25943396226415083,0.027522935779816515,0
0.280188679245283,0.027522935779816515,1
0.30094339622641497,0.027522935779816515,1
0.32169811320754715,0.027522935779816515,1
0.34245283018867934,0.027522935779816515,1
0.3632075471698113,0.027522935779816515,1
0.38396226415094326,0.027522935779816515,1
0.40471698113207566,0.027522935779816515,1
0.4254716981132076,0.027522935779816515,1
0.4462264150943396,0.027522935779816515,1
0.46698113207547154,0.027522935779816515,1
0.48773584905660394,0.027522935779816515,1
0.5084905660377359,0.027522935779816515,1
0.5292452830188679,0.027522935779816515,1
0.5499999999999998,0.027522935779816515,1
0.5707547169811322,0.027522935779816515,1
0.5915094339622642,0.027522935779816515,1
0.6122641509433961,0.027522935779816515,1
0.6330188679245281,0.027522935779816515,1
0.6537735849056605,0.027522935779816515,1
0.6745283018867925,0.027522935779816515,1
0.6952830188679244,0.027522935779816515,1
0.7160377358490564,0.027522935779816515,1
0.7367924528301888,0.027522935779816515,1
0.7575471698113208,0.027522935779816515,1
0.7783018867924527,0.027522935779816515,1
0.7990566037735847,0.027522935779816515,1
0.8198113207547171,0.027522935779816515,1
0.840566037735849,0.027522935779816515,1
0.861320754716981,0.027522935779816515,1
0.882075471698113,0.027522935779816515,1
0.9028301886792454,0.027522935779816515,1
0.9235849056603773,0.027522935779816515,1
0.9443396226415093,0.027522935779816515,1
0.9650943396226412,0.027522935779816515,1
0.9858490566037736,0.027522935779816515,1
1.0066037735849056,0.027522935779816515,1
1.0273584905660376,0.027522935779816515,1
1.04811320754717,0.027522935779816515,1
1.068867924528302,0.027522935779816515,1
1.0896226415094339,0.027522935779816515,1
1.1103773584905658,0.027522935779816515,1
1.1311320754716983,0.027522935779816515,1
1.1518867924528302,0.027522935779816515,1
1.1726415094339622,0.027522935779816515,1
1.1933962264150941,0.027522935779816515,1
1.2141509433962265,0.027522935779816515,1
1.2349056603773585,0.027522935779816515,1
1.2556603773584905,0.027522935779816515,1
1.2764150943396224,0.027522935779816515,1
1.2971698113207548,0.027522935779816515,1
1.3179245283018868,0.027522935779816515,1
1.3386792452830187,0.027522935779816515,1
1.3594339622641507,0.027522935779816515,1
1.380188679245283,0.027522935779816515,1
1.400943396226415,0.027522935779816515,1
1.421698113207547,0.027522935779816515,1
1.442452830188679,0.027522935779816515,1
1.4632075471698114,0.027522935779816515,1
1.4839622641509433,0.027522935779816515,1
1.5047169811320753,0.027522935779816515,1
1.5254716981132073,0.027522935779816515,1
1.5462264150943397,0.027522935779816515,1
1.5669811320754716,0.027522935779816515,1
1.5877358490566036,0.027522935779816515,1
1.6084905660377355,0.027522935779816515,1
1.629245283018868,0.027522935779816515,1
1.65,0.027522935779816515,1
-1.65,0.03669724770642202,0
-1.6292452830188677,0.03669724770642202,0
-1.6084905660377358,0.03669724770642202,0
-1.5877358490566036,0.03669724770642202,0
-1.5669811320754716,0.03669724770642202,0
-1.5462264150943394,0.03669724770642202,0
-1.5254716981132075,0.03669724770642202,0
-1.5047169811320753,0.03669724770642202,0
-1.4839622641509433,0.03669724770642202,0
-1.4632075471698112,0.03669724770642202,0
-1.4424528301886792,0.03669724770642202,0
-1.421698113207547,0.03669724770642202,0
-1.400943396226415,0.03669724770642202,0
-1.3801886792452829,0.03669724770642202,0
-1.359433962264151,0.03669724770642202,0
-1.3386792452830187,0.03669724770642202,0
-1.3179245283018868,0.03669724770642202,0
-1.2971698113207546,0.03669724770642202,0
-1.2764150943396226,0.03669724770642202,0
-1.2556603773584905,0.03669724770642202,0
-1.2349056603773585,0.03669724770642202,0
-1.2141509433962263,0.03669724770642202,0
-1.1933962264150944,0.03669724770642202,0
-1.1726415094339622,0.03669724770642202,0
-1.1518867924528302,0.03669724770642202,0
-1.131132075471698,0.03669724770642202,0
-1.1103773584905658,0.03669724770642202,0
-1.0896226415094339,0.03669724770642202,0
-1.068867924528302,0.03669724770642202,0
-1.0481132075471697,0.03669724770642202,0
-1.0273584905660376,0.03669724770642202,0
-1.0066037735849056,0.03669724770642202,0
-0.9858490566037735,0.03669724770642202,0
-0.9650943396226415,0.03669724770642202,0
-0.9443396226415094,0.03669724770642202,0
-0.9235849056603773,0.03669724770642202,0
-0.9028301886792452,0.03669724770642202,0
-0.8820754716981132,0.03669724770642202,0
-0.8613207547169811,0.03669724770642202,0
-0.840566037735849,0.03669724770642202,0
-0.819811320754717,0.03669724770642202,0
-0.7990566037735849,0.03669724770642202,0
-0.7783018867924528,0.03669724770642202,0
-0.7575471698113208,0.03669724770642202,0
-0.7367924528301887,0.03669724770642202,0
-0.7160377358490566,0.03669724770642202,0
-0.6952830188679245,0.03669724770642202,0
-0.6745283018867925,0.03669724770642202,0
-0.6537735849056603,0.03669724770642202,0
-0.6330188679245283,0.03669724770642202,0
-0.6122641509433961,0.03669724770642202,0
-0.5915094339622642,0.03669724770642202,0
-0.570754716981132,0.03669724770642202,0
-0.55,0.03669724770642202,0
-0.5292452830188679,0.03669724770642202,0
-0.5084905660377359,0.03669724770642202,0
-0.4877358490566037,0.03669724770642202,0
-0.46698113207547176,0.03669724770642202,0
-0.4462264150943396,0.03669724770642202,0
-0.4254716981132076,0.03669724770642202,0
-0.40471698113207544,0.03669724770642202,0
-0.3839622641509435,0.03669724770642202,0
-0.3632075471698113,0.03669724770642202,0
-0.34245283018867934,0.03669724770642202,0
-0.32169811320754715,0.03669724770642202,0
-0.30094339622641497,0.03669724770642202,0
-0.280188679245283,0.03669724770642202,0
-0.25943396226415083,0.03669724770642202,0
-0.23867924528301887,0.03669724770642202,0
-0.2179245283018867,0.03669724770642202,0
-0.19716981132075473,0.03669724770642202,0
-0.17641509433962255,0.03669724770642202,0
-0.1556603773584906,0.03669724770642202,0
-0.1349056603773584,0.03669724770642202,0
-0.11415094339622645,0.03669724770642202,0
-0.09339622641509426,0.03669724770642202,0
-0.0726415094339623,0.03669724770642202,0
-0.05188679245283012,0.03669724770642202,0
-0.031132075471698162,0.03669724770642202,0
-0.01037735849056598,0.03669724770642202,0
0.01037735849056598,0.03669724770642202,0
0.031132075471698162,0.03669724770642202,0
0.05188679245283012,0.03669724770642202,0
0.0726415094339623,0.03669724770642202,0
0.09339622641509426,0.03669724770642202,0
0.11415094339622645,0.03669724770642202,0
0.1349056603773584,0.03669724770642202,0
0.1556603773584906,0.03669724770642202,0
0.17641509433962255,0.03669724770642202,0
0.19716981132075473,0.03669724770642202,0
0.2179245283018867,0.03669724770642202,0
0.23867924528301887,0.03669724770642202,0
0.25943396226415083,0.03669724770642202,0
0.280188679245283,0.03669724770642202,1
0.30094339622641497,0.03669724770642202,1
0.32169811320754715,0.03669724770642202,1
0.34245283018867934,0.03669724770642202,1
0.3632075471698113,0.03669724770642202,1
0.38396226415094326,0.03669724770642202,1
0.40471698113207566,0.03669724770642202,1
0.4254716981132076,0.03669724770642202,1
0.4462264150943396,0.03669724770642202,1
0.46698113207547154,0.03669724770642202,1
0.48773584905660394,0.03669724770642202,1
0.5084905660377359,0.03669724770642202,1
0.5292452830188679,0.03669724770642202,1
0.5499999999999998,0.03669724770642202,1
0.5707547169811322,0.03669724770642202,1
0.5915094339622642,0.03669724770642202,1
0.6122641509433961,0.03669724770642202,1
0.6330188679245281,0.03669724770642202,1
0.6537735849056605,0.03669724770642202,1
0.6745283018867925,0.03669724770642202,1
0.6952830188679244,0.03669724770642202,1
0.7160377358490564,0.03669724770642202,1
0.7367924528301888,0.03669724770642202,1
0.7575471698113208,0.03669724770642202,1
0.7783018867924527,0.03669724770642202,1
0.7990566037735847,0.03669724770642202,1
0.8198113207547171,0.03669724770642202,1
0.840566037735849,0.03669724770642202,1
0.861320754716981,0.03669724770642202,1
0.882075471698113,0.03669724770642202,1
0.9028301886792454,0.03669724770642202,1
0.9235849056603773,0.03669724770642202,1
0.9443396226415093,0.03669724770642202,1
0.9650943396226412,0.03669724770642202,1
0.9858490566037736,0.03669724770642202,1
1.0066037735849056,0.03669724770642202,1
1.0273584905660376,0.03669724770642202,1
1.04811320754717,0.03669724770642202,1
1.068867924528302,0.03669724770642202,1
1.0896226415094339,0.03669724770642202,1
1.1103773584905658,0.03669724770642202,1
1.1311320754716983,0.03669724770642202,1
1.1518867924528302,0.03669724770642202,1
1.1726415094339622,0.03669724770642202,1
1.1933962264150941,0.03669724770642202,1
1.2141509433962265,0.03669724770642202,1
1.2349056603773585,0.03669724770642202,1
1.2556603773584905,0.03669724770642202,1
1.2764150943396224,0.03669724770642202,1
1.2971698113207548,0.03669724770642202,1
1.3179245283018868,0.03669724770642202,1
1.3386792452830187,0.03669724770642202,1
1.3594339622641507,0.03669724770642202,1
1.380188679245283,0.03669724770642202,1
1.400943396226415,0.03669724770642202,1
1.421698113207547,0.03669724770642202,1
1.442452830188679,0.03669724770642202,1
1.4632075471698114,0.03669724770642202,1
1.4839622641509433,0.03669724770642202,1
1.5047169811320753,0.03669724770642202,1
1.5254716981132073,0.03669724770642202,1
1.5462264150943397,0.03669724770642202,1
1.5669811320754716,0.03669724770642202,1
1.5877358490566036,0.03669724770642202,1
1.6084905660377355,0.03669724770642202,1
1.629245283018868,0.03669724770642202,1
1.65,0.03669724770642202,1
-1.65,0.045871559633027525,0
-1.6292452830188677,0.045871559633027525,0
-1.6084905660377358,0.045871559633027525,0
-1.5877358490566036,0.045871559633027525,0
-1.5669811320754716,0.045871559633027525,0
-1.5462264150943394,0.045871559633027525,0
-1.5254716981132075,0.045871559633027525,0
-1.5047169811320753,0.045871559633027525,0
-1.4839622641509433,0.045871559633027525,0
-1.4632075471698112,0.045871559633027525,0
-1.4424528301886792,0.045871559633027525,0
-1.421698113207547,0.045871559633027525,0
-1.400943396226415,0.045871559633027525,0
-1.3801886792452829,0.045871559633027525,0
-1.359433962264151,0.045871559633027525,0
-1.3386792452830187,0.045871559633027525,0
-1.3179245283018868,0.045871559633027525,0
-1.2971698113207546,0.045871559633027525,0
-1.2764150943396226,0.045871559633027525,0
-1.2556603773584905,0.045871559633027525,0
-1.2349056603773585,0.045871559633027525,0
-1.2141509433962263,0.045871559633027525,0
-1.1933962264150944,0.045871559633027525,0
-1.1726415094339622,0.045871559633027525,0
-1.1518867924528302,0.045871559633027525,0
-1.131132075471698,0.045871559633027525,0
-1.1103773584905658,0.045871559633027525,0
-1.0896226415094339,0.045871559633027525,0
-1.068867924528302,0.045871559633027525,0
-1.0481132075471697,0.045871559633027525,0
-1.0273584905660376,0.045871559633027525,0
-1.0066037735849056,0.045871559633027525,0
-0.9858490566037735,0.045871559633027525,0
-0.9650943396226415,0.045871559633027525,0
-0.9443396226415094,0.045871559633027525,0
-0.9235849056603773,0.045871559633027525,0
-0.9028301886792452,0.045871559633027525,0
-0.8820754716981132,0.045871559633027525,0
-0.8613207547169811,0.045871559633027525,0
-0.840566037735849,0.045871559633027525,0
-0.819811320754717,0.045871559633027525,0
-0.7990566037735849,0.045871559633027525,0
-0.7783018867924528,0.045871559633027525,0
-0.7575471698113208,0.045871559633027525,0
-0.7367924528301887,0.045871559633027525,0
-0.7160377358490566,0.045871559633027525,0
-0.6952830188679245,0.045871559633027525,0
-0.6745283018867925,0.045871559633027525,0
-0.6537735849056603,0.045871559633027525,0
-0.6330188679245283,0.045871559633027525,0
-0.6122641509433961,0.045871559633027525,0
-0.5915094339622642,0.045871559633027525,0
-0.570754716981132,0.045871559633027525,0
-0.55,0.045871559633027525,0
-0.5292452830188679,0.045871559633027525,0
-0.5084905660377359,0.045871559633027525,0
-0.4877358490566037,0.045871559633027525,0
-0.46698113207547176,0.045871559633027525,0
-0.4462264150943396,0.045871559633027525,0
-0.4254716981132076,0.045871559633027525,0
-0.40471698113207544,0.045871559633027525,0
-0.3839622641509435,0.045871559633027525,0
-0.3632075471698113,0.045871559633027525,0
-0.34245283018867934,0.045871559633027525,0
-0.32169811320754715,0.045871559633027525,0
-0.30094339622641497,0.045871559633027525,0
-0.280188679245283,0.045871559633027525,0
-0.25943396226415083,0.045871559633027525,0
-0.23867924528301887,0.045871559633027525,0
-0.2179245283018867,0.045871559633027525,0
-0.19716981132075473,0.045871559633027525,0
-0.17641509433962255,0.045871559633027525,0
-0.1556603773584906,0.045871559633027525,0
-0.1349056603773584,0.045871559633027525,0
-0.11415094339622645,0.045871559633027525,0
-0.09339622641509426,0.045871559633027525,0
-0.0726415094339623,0.045871559633027525,0
-0.05188679245283012,0.045871559633027525,0
-0.031132075471698162,0.045871559633027525,0
-0.01037735849056598,0.045871559633027525,0
0.01037735849056598,0.045871559633027525,0
0.031132075471698162,0.045871559633027525,0
0.05188679245283012,0.045871559633027525,0
0.0726415094339623,0.045871559633027525,0
0.09339622641509426,0.045871559633027525,0
0.11415094339622645,0.045871559633027525,0
0.1349056603773584,0.045871559633027525,0
0.1556603773584906,0.045871559633027525,0
0.17641509433962255,0.045871559633027525,0
0.19716981132075473,0.045871559633027525,0
0.2179245283018867,0.045871559633027525,0
0.23867924528301887,0.045871559633027525,0
0.25943396226415083,0.045871559633027525,0
0.280188679245283,0.045871559633027525,1
0.30094339622641497,0.045871559633027525,1
0.32169811320754715,0.045871559633027525,1
0.34245283018867934,0.045871559633027525,1
0.3632075471698113,0.045871559633027525,1
0.38396226415094326,0.045871559633027525,1
0.40471698113207566,0.045871559633027525,1
0.4254716981132076,0.045871559633027525,1
0.4462264150943396,0.045871559633027525,1
0.46698113207547154,0.045871559633027525,1
0.48773584905660394,0.045871559633027525,1
0.5084905660377359,0.045871559633027525,1
0.5292452830188679,0.045871559633027525,1
0.5499999999999998,0.045871559633027525,1
0.5707547169811322,0.045871559633027525,1
0.5915094339622642,0.045871559633027525,1
0.6122641509433961,0.045871559633027525,1
0.6330188679245281,0.045871559633027525,1
0.6537735849056605,0.045871559633027525,1
0.6745283018867925,0.045871559633027525,1
0.6952830188679244,0.045871559633027525,1
0.7160377358490564,0.045871559633027525,1
0.7367924528301888,0.045871559633027525,1
0.7575471698113208,0.045871559633027525,1
0.7783018867924527,0.045871559633027525,1
0.7990566037735847,0.045871559633027525,1
0.8198113207547171,0.045871559633027525,1
0.840566037735849,0.045871559633027525,1
0.861320754716981,0.045871559633027525,1
0.882075471698113,0.045871559633027525,1
0.9028301886792454,0.045871559633027525,1
0.9235849056603773,0.045871559633027525,1
0.9443396226415093,0.045871559633027525,1
0.9650943396226412,0.045871559633027525,1
0.9858490566037736,0.045871559633027525,1
1.0066037735849056,0.045871559633027525,1
1.0273584905660376,0.045871559633027525,1
1.04811320754717,0.045871559633027525,1
1.068867924528302,0.045871559633027525,1
1.0896226415094339,0.045871559633027525,1
1.1103773584905658,0.045871559633027525,1
1.1311320754716983,0.045871559633027525,1
1.1518867924528302,0.045871559633027525,1
1.1726415094339622,0.045871559633027525,1
1.1933962264150941,0.045871559633027525,1
1.2141509433962265,0.045871559633027525,1
1.2349056603773585,0.045871559633027525,1
1.2556603773584905,0.045871559633027525,1
1.2764150943396224,0.045871559633027525,1
1.2971698113207548,0.045871559633027525,1
1.3179245283018868,0.045871559633027525,1
1.3386792452830187,0.045871559633027525,1
1.3594339622641507,0.045871559633027525,1
1.380188679245283,0.045871559633027525,1
1.400943396226415,0.045871559633027525,1
1.421698113207547,0.045871559633027525,1
1.442452830188679,0.045871559633027525,1
1.4632075471698114,0.045871559633027525,1
1.4839622641509433,0.045871559633027525,1
1.5047169811320753,0.045871559633027525,1
1.5254716981132073,0.045871559633027525,1
1.5462264150943397,0.045871559633027525,1
1.5669811320754716,0.045871559633027525,1
1.5877358490566036,0.045871559633027525,1
1.6084905660377355,0.045871559633027525,1
1.629245283018868,0.045871559633027525,1
1.65,0.045871559633027525,1
-1.65,0.05504587155963303,0
-1.6292452830188677,0.05504587155963303,0
-1.6084905660377358,0.05504587155963303,0
-1.5877358490566036,0.05504587155963303,0
-1.5669811320754716,0.05504587155963303,0
-1.5462264150943394,0.05504587155963303,0
-1.5254716981132075,0.05504587155963303,0
-1.5047169811320753,0.05504587155963303,0
-1.4839622641509433,0.05504587155963303,0
-1.4632075471698112,0.05504587155963303,0
-1.4424528301886792,0.05504587155963303,0
-1.421698113207547,0.05504587155963303,0
-1.400943396226415,0.05504587155963303,0
-1.3801886792452829,0.05504587155963303,0
-1.359433962264151,0.05504587155963303,0
-1.3386792452830187,0.05504587155963303,0
-1.3179245283018868,0.05504587155963303,0
-1.2971698113207546,0.05504587155963303,0
-1.2764150943396226,0.05504587155963303,0
-1.2556603773584905,0.05504587155963303,0
-1.2349056603773585,0.05504587155963303,0
-1.2141509433962263,0.05504587155963303,0
-1.1933962264150944,0.05504587155963303,0
-1.1726415094339622,0.05504587155963303,0
-1.1518867924528302,0.05504587155963303,0
-1.131132075471698,0.05504587155963303,0
-1.1103773584905658,0.05504587155963303,0
-1.0896226415094339,0.05504587155963303,0
-1.068867924528302,0.05504587155963303,0
-1.0481132075471697,0.05504587155963303,0
-1.0273584905660376,0.05504587155963303,0
-1.0066037735849056,0.05504587155963303,0
-0.9858490566037735,0.05504587155963303,0
-0.9650943396226415,0.05504587155963303,0
-0.9443396226415094,0.05504587155963303,0
-0.9235849056603773,0.05504587155963303,0
-0.9028301886792452,0.05504587155963303,0
-0.8820754716981132,0.05504587155963303,0
-0.8613207547169811,0.05504587155963303,0
-0.840566037735849,0.05504587155963303,0
-0.819811320754717,0.05504587155963303,0
-0.7990566037735849,0.05504587155963303,0
-0.7783018867924528,0.05504587155963303,0
-0.7575471698113208,0.05504587155963303,0
-0.7367924528301887,0.05504587155963303,0
-0.7160377358490566,0.05504587155963303,0
-0.6952830188679245,0.05504587155963303,0
-0.6745283018867925,0.05504587155963303,0
-0.6537735849056603,0.05504587155963303,0
-0.6330188679245283,0.05504587155963303,0
-0.6122641509433961,0.05504587155963303,0
-0.5915094339622642,0.05504587155963303,0
-0.570754716981132,0.05504587155963303,0
-0.55,0.05504587155963303,0
-0.5292452830188679,0.05504587155963303,0
-0.5084905660377359,0.05504587155963303,0
-0.4877358490566037,0.05504587155963303,0
-0.46698113207547176,0.05504587155963303,0
-0.4462264150943396,0.05504587155963303,0
-0.4254716981132076,0.05504587155963303,0
-0.40471698113207544,0.05504587155963303,0
-0.3839622641509435,0.05504587155963303,0
-0.3632075471698113,0.05504587155963303,0
-0.34245283018867934,0.05504587155963303,0
-0.32169811320754715,0.05504587155963303,0
-0.30094339622641497,0.05504587155963303,0
-0.280188679245283,0.05504587155963303,0
-0.25943396226415083,0.05504587155963303,0
-0.23867924528301887,0.05504587155963303,0
-0.2179245283018867,0.05504587155963303,0
-0.19716981132075473,0.05504587155963303,0
-0.17641509433962255,0.05504587155963303,0
-0.1556603773584906,0.05504587155963303,0
-0.1349056603773584,0.05504587155963303,0
-0.11415094339622645,0.05504587155963303,0
-0.09339622641509426,0.05504587155963303,0
-0.0726415094339623,0.05504587155963303,0
-0.05188679245283012,0.05504587155963303,0
-0.031132075471698162,0.05504587155963303,0
-0.01037735849056598,0.05504587155963303,0
0.01037735849056598,0.05504587155963303,0
0.031132075471698162,0.05504587155963303,0
0.05188679245283012,0.05504587155963303,0
0.0726415094339623,0.05504587155963303,0
0.09339622641509426,0.05504587155963303,0
0.11415094339622645,0.05504587155963303,0
0.1349056603773584,0.05504587155963303,0
0.1556603773584906,0.05504587155963303,0
0.17641509433962255,0.05504587155963303,0
0.19716981132075473,0.05504587155963303,0
0.2179245283018867,0.05504587155963303,0
0.23867924528301887,0.05504587155963303,0
0.25943396226415083,0.05504587155963303,0
0.280188679245283,0.05504587155963303,1
0.30094339622641497,0.05504587155963303,1
0.32169811320754715,0.05504587155963303,1
0.34245283018867934,0.05504587155963303,1
0.3632075471698113,0.05504587155963303,1
0.38396226415094326,0.05504587155963303,1
0.40471698113207566,0.05504587155963303,1
0.4254716981132076,0.05504587155963303,1
0.4462264150943396,0.05504587155963303,1
0.46698113207547154,0.05504587155963303,1
0.48773584905660394,0.05504587155963303,1
0.5084905660377359,0.05504587155963303,1
0.5292452830188679,0.05504587155963303,1
0.5499999999999998,0.05504587155963303,1
0.5707547169811322,0.05504587155963303,1
0.5915094339622642,0.05504587155963303,1
0.6122641509433961,0.05504587155963303,1
0.6330188679245281,0.05504587155963303,1
0.6537735849056605,0.05504587155963303,1
0.6745283018867925,0.05504587155963303,1
0.6952830188679244,0.05504587155963303,1
0.7160377358490564,0.05504587155963303,1
0.7367924528301888,0.05504587155963303,1
0.7575471698113208,0.05504587155963303,1
0.7783018867924527,0.05504587155963303,1
0.7990566037735847,0.05504587155963303,1
0.8198113207547171,0.05504587155963303,1
0.840566037735849,0.05504587155963303,1
0.861320754716981,0.05504587155963303,1
0.882075471698113,0.05504587155963303,1
0.9028301886792454,0.05504587155963303,1
0.9235849056603773,0.05504587155963303,1
0.9443396226415093,0.05504587155963303,1
0.9650943396226412,0.05504587155963303,1
0.9858490566037736,0.05504587155963303,1
1.0066037735849056,0.05504587155963303,1
1.0273584905660376,0.05504587155963303,1
1.04811320754717,0.05504587155963303,1
1.068867924528302,0.05504587155963303,1
1.0896226415094339,0.05504587155963303,1
1.1103773584905658,0.05504587155963303,1
1.1311320754716983,0.05504587155963303,1
1.1518867924528302,0.05504587155963303,1
1.1726415094339622,0.05504587155963303,1
1.1933962264150941,0.05504587155963303,1
1.2141509433962265,0.05504587155963303,1
1.2349056603773585,0.05504587155963303,1
1.2556603773584905,0.05504587155963303,1
1.2764150943396224,0.05504587155963303,1
1.2971698113207548,0.05504587155963303,1
1.3179245283018868,0.05504587155963303,1
1.3386792452830187,0.05504587155963303,1
1.3594339622641507,0.05504587155963303,1
1.380188679245283,0.05504587155963303,1
1.400943396226415,0.05504587155963303,1
1.421698113207547,0.05504587155963303,1
1.442452830188679,0.05504587155963303,1
1.4632075471698114,0.05504587155963303,1
1.4839622641509433,0.05504587155963303,1
1.5047169811320753,0.05504587155963303,1
1.5254716981132073,0.05504587155963303,1
1.5462264150943397,0.05504587155963303,1
1.5669811320754716,0.05504587155963303,1
1.5877358490566036,0.05504587155963303,1
1.6084905660377355,0.05504587155963303,1
1.629245283018868,0.05504587155963303,1
1.65,0.05504587155963303,1
-1.65,0.06422018348623854,0
-1.6292452830188677,0.06422018348623854,0
-1.6084905660377358,0.06422018348623854,0
-1.5877358490566036,0.06422018348623854,0
-1.5669811320754716,0.06422018348623854,0
-1.5462264150943394,0.06422018348623854,0
-1.5254716981132075,0.06422018348623854,0
-1.5047169811320753,0.06422018348623854,0
-1.4839622641509433,0.06422018348623854,0
-1.4632075471698112,0.06422018348623854,0
-1.4424528301886792,0.06422018348623854,0
-1.421698113207547,0.06422018348623854,0
-1.400943396226415,0.06422018348623854,0
-1.3801886792452829,0.06422018348623854,0
-1.359433962264151,0.06422018348623854,0
-1.3386792452830187,0.06422018348623854,0
-1.3179245283018868,0.06422018348623854,0
-1.2971698113207546,0.06422018348623854,0
-1.2764150943396226,0.06422018348623854,0
-1.2556603773584905,0.06422018348623854,0
-1.2349056603773585,0.06422018348623854,0
-1.2141509433962263,0.06422018348623854,0
-1.1933962264150944,0.06422018348623854,0
-1.1726415094339622,0.06422018348623854,0
-1.1518867924528302,0.06422018348623854,0
-1.131132075471698,0.06422018348623854,0
-1.1103773584905658,0.06422018348623854,0
-1.0896226415094339,0.06422018348623854,0
-1.068867924528302,0.06422018348623854,0
-1.0481132075471697,0.06422018348623854,0
-1.0273584905660376,0.06422018348623854,0
-1.0066037735849056,0.06422018348623854,0
-0.9858490566037735,0.06422018348623854,0
-0.9650943396226415,0.06422018348623854,0
-0.9443396226415094,0.06422018348623854,0
-0.9235849056603773,0.06422018348623854,0
-0.9028301886792452,0.06422018348623854,0
-0.8820754716981132,0.06422018348623854,0
-0.8613207547169811,0.06422018348623854,0
-0.840566037735849,0.06422018348623854,0
-0.819811320754717,0.06422018348623854,0
-0.7990566037735849,0.06422018348623854,0
-0.7783018867924528,0.06422018348623854,0
-0.7575471698113208,0.06422018348623854,0
-0.7367924528301887,0.06422018348623854,0
-0.7160377358490566,0.06422018348623854,0
-0.6952830188679245,0.06422018348623854,0
-0.6745283018867925,0.06422018348623854,0
-0.6537735849056603,0.06422018348623854,0
-0.6330188679245283,0.06422018348623854,0
-0.6122641509433961,0.06422018348623854,0
-0.5915094339622642,0.06422018348623854,0
-0.570754716981132,0.06422018348623854,0
-0.55,0.06422018348623854,0
-0.5292452830188679,0.06422018348623854,0
-0.5084905660377359,0.06422018348623854,0
-0.4877358490566037,0.06422018348623854,0
-0.46698113207547176,0.06422018348623854,0
-0.4462264150943396,0.06422018348623854,0
-0.4254716981132076,0.06422018348623854,0
-0.40471698113207544,0.06422018348623854,0
-0.3839622641509435,0.06422018348623854,0
-0.3632075471698113,0.06422018348623854,0
-0.34245283018867934,0.06422018348623854,0
-0.32169811320754715,0.06422018348623854,0
-0.30094339622641497,0.06422018348623854,0
-0.280188679245283,0.06422018348623854,0
-0.25943396226415083,0.06422018348623854,0
-0.23867924528301887,0.06422018348623854,0
-0.2179245283018867,0.06422018348623854,0
-0.19716981132075473,0.06422018348623854,0
-0.17641509433962255,0.06422018348623854,0
-0.1556603773584906,0.06422018348623854,0
-0.1349056603773584,0.06422018348623854,0
-0.11415094339622645,0.06422018348623854,0
-0.09339622641509426,0.06422018348623854,0
-0.0726415094339623,0.06422018348623854,0
-0.05188679245283012,0.06422018348623854,0
-0.031132075471698162,0.06422018348623854,0
-0.01037735849056598,0.06422018348623854,0
0.01037735849056598,0.06422018348623854,0
0.031132075471698162,0.06422018348623854,0
0.05188679245283012,0.06422018348623854,0
0.0726415094339623,0.06422018348623854,0
0.09339622641509426,0.06422018348623854,0
0.11415094339622645,0.06422018348623854,0
0.1349056603773584,0.06422018348623854,0
0.1556603773584906,0.06422018348623854,0
0.17641509433962255,0.06422018348623854,0
0.19716981132075473,0.06422018348623854,0
0.2179245283018867,0.06422018348623854,0
0.23867924528301887,0.06422018348623854,0
0.25943396226415083,0.06422018348623854,0
0.280188679245283,0.06422018348623854,1
0.30094339622641497,0.06422018348623854,1
0.32169811320754715,0.06422018348623854,1
0.34245283018867934,0.06422018348623854,1
0.3632075471698113,0.06422018348623854,1
0.38396226415094326,0.06422018348623854,1
0.40471698113207566,0.06422018348623854,1
0.4254716981132076,0.06422018348623854,1
0.4462264150943396,0.06422018348623854,1
0.46698113207547154,0.06422018348623854,1
0.48773584905660394,0.06422018348623854,1
0.5084905660377359,0.06422018348623854,1
0.5292452830188679,0.06422018348623854,1
0.5499999999999998,0.06422018348623854,1
0.5707547169811322,0.06422018348623854,1
0.5915094339622642,0.06422018348623854,1
0.6122641509433961,0.06422018348623854,1
0.6330188679245281,0.06422018348623854,1
0.6537735849056605,0.06422018348623854,1
0.6745283018867925,0.06422018348623854,1
0.6952830188679244,0.06422018348623854,1
0.7160377358490564,0.06422018348623854,1
0.7367924528301888,0.06422018348623854,1
0.7575471698113208,0.06422018348623854,1
0.7783018867924527,0.06422018348623854,1
0.7990566037735847,0.06422018348623854,1
0.8198113207547171,0.06422018348623854,1
0.840566037735849,0.06422018348623854,1
0.861320754716981,0.06422018348623854,1
0.882075471698113,0.06422018348623854,1
0.9028301886792454,0.06422018348623854,1
0.9235849056603773,0.06422018348623854,1
0.9443396226415093,0.06422018348623854,1
0.9650943396226412,0.06422018348623854,1
0.9858490566037736,0.06422018348623854,1
1.0066037735849056,0.06422018348623854,1
1.0273584905660376,0.06422018348623854,1
1.04811320754717,0.06422018348623854,1
1.068867924528302,0.06422018348623854,1
1.0896226415094339,0.06422018348623854,1
1.1103773584905658,0.06422018348623854,1
1.1311320754716983,0.06422018348623854,1
1.1518867924528302,0.06422018348623854,1
1.1726415094339622,0.06422018348623854,1
1.1933962264150941,0.06422018348623854,1
1.2141509433962265,0.06422018348623854,1
1.2349056603773585,0.06422018348623854,1
1.2556603773584905,0.06422018348623854,1
1.2764150943396224,0.06422018348623854,1
1.2971698113207548,0.06422018348623854,1
1.3179245283018868,0.06422018348623854,1
1.3386792452830187,0.06422018348623854,1
1.3594339622641507,0.06422018348623854,1
1.380188679245283,0.06422018348623854,1
1.400943396226415,0.06422018348623854,1
1.421698113207547,0.06422018348623854,1
1.442452830188679,0.06422018348623854,1
1.4632075471698114,0.06422018348623854,1
1.4839622641509433,0.06422018348623854,1
1.5047169811320753,0.06422018348623854,1
1.5254716981132073,0.06422018348623854,1
1.5462264150943397,0.06422018348623854,1
1.5669811320754716,0.06422018348623854,1
1.5877358490566036,0.06422018348623854,1
1.6084905660377355,0.06422018348623854,1
1.629245283018868,0.06422018348623854,1
1.65,0.06422018348623854,1
-1.65,0.07339449541284404,0
-1.6292452830188677,0.07339449541284404,0
-1.6084905660377358,0.07339449541284404,0
-1.5877358490566036,0.07339449541284404,0
-1.5669811320754716,0.07339449541284404,0
-1.5462264150943394,0.07339449541284404,0
-1.5254716981132075,0.07339449541284404,0
-1.5047169811320753,0.07339449541284404,0
-1.4839622641509433,0.07339449541284404,0
-1.4632075471698112,0.07339449541284404,0
-1.4424528301886792,0.07339449541284404,0
-1.421698113207547,0.07339449541284404,0
-1.400943396226415,0.07339449541284404,0
-1.3801886792452829,0.07339449541284404,0
-1.359433962264151,0.07339449541284404,0
-1.3386792452830187,0.07339449541284404,0
-1.3179245283018868,0.07339449541284404,0
-1.2971698113207546,0.07339449541284404,0
-1.2764150943396226,0.07339449541284404,0
-1.2556603773584905,0.07339449541284404,0
-1.2349056603773585,0.07339449541284404,0
-1.2141509433962263,0.07339449541284404,0
-1.1933962264150944,0.07339449541284404,0
-1.1726415094339622,0.07339449541284404,0
-1.1518867924528302,0.07339449541284404,0
-1.131132075471698,0.07339449541284404,0
-1.1103773584905658,0.07339449541284404,0
-1.0896226415094339,0.07339449541284404,0
-1.068867924528302,0.07339449541284404,0
-1.0481132075471697,0.07339449541284404,0
-1.0273584905660376,0.07339449541284404,0
-1.0066037735849056,0.07339449541284404,0
-0.9858490566037735,0.07339449541284404,0
-0.9650943396226415,0.07339449541284404,0
-0.9443396226415094,0.07339449541284404,0
-0.9235849056603773,0.07339449541284404,0
-0.9028301886792452,0.07339449541284404,0
-0.8820754716981132,0.07339449541284404,0
-0.8613207547169811,0.07339449541284404,0
-0.840566037735849,0.07339449541284404,0
-0.819811320754717,0.07339449541284404,0
-0.7990566037735849,0.07339449541284404,0
-0.7783018867924528,0.07339449541284404,0
-0.7575471698113208,0.07339449541284404,0
-0.7367924528301887,0.07339449541284404,0
-0.7160377358490566,0.07339449541284404,0
-0.6952830188679245,0.07339449541284404,0
-0.6745283018867925,0.07339449541284404,0
-0.6537735849056603,0.07339449541284404,0
-0.6330188679245283,0.07339449541284404,0
-0.6122641509433961,0.07339449541284404,0
-0.5915094339622642,0.07339449541284404,0
-0.570754716981132,0.07339449541284404,0
-0.55,0.07339449541284404,0
-0.5292452830188679,0.07339449541284404,0
-0.5084905660377359,0.07339449541284404,0
-0.4877358490566037,0.07339449541284404,0
-0.46698113207547176,0.07339449541284404,0
-0.4462264150943396,0.07339449541284404,0
-0.4254716981132076,0.07339449541284404,0
-0.40471698113207544,0.07339449541284404,0
-0.3839622641509435,0.07339449541284404,0
-0.3632075471698113,0.07339449541284404,0
-0.34245283018867934,0.07339449541284404,0
-0.32169811320754715,0.07339449541284404,0
-0.30094339622641497,0.07339449541284404,0
-0.280188679245283,0.07339449541284404,0
-0.25943396226415083,0.07339449541284404,0
-0.23867924528301887,0.07339449541284404,0
-0.2179245283018867,0.07339449541284404,0
-0.19716981132075473,0.07339449541284404,0
-0.17641509433962255,0.07339449541284404,0
-0.1556603773584906,0.07339449541284404,0
-0.1349056603773584,0.07339449541284404,0
-0.11415094339622645,0.07339449541284404,0
-0.09339622641509426,0.07339449541284404,0
-0.0726415094339623,0.07339449541284404,0
-0.05188679245283012,0.07339449541284404,0
-0.031132075471698162,0.07339449541284404,0
-0.01037735849056598,0.07339449541284404,0
0.01037735849056598,0.07339449541284404,0
0.031132075471698162,0.07339449541284404,0
0.05188679245283012,0.07339449541284404,0
0.0726415094339623,0.07339449541284404,0
0.09339622641509426,0.07339449541284404,0
0.11415094339622645,0.07339449541284404,0
0.1349056603773584,0.07339449541284404,0
0.1556603773584906,0.07339449541284404,0
0.17641509433962255,0.07339449541284404,0
0.19716981132075473,0.07339449541284404,0
0.2179245283018867,0.07339449541284404,0
0.23867924528301887,0.07339449541284404,0
0.25943396226415083,0.07339449541284404,0
0.280188679245283,0.07339449541284404,1
0.30094339622641497,0.07339449541284404,1
0.32169811320754715,0.07339449541284404,1
0.34245283018867934,0.07339449541284404,1
0.3632075471698113,0.07339449541284404,1
0.38396226415094326,0.07339449541284404,1
0.40471698113207566,0.07339449541284404,1
0.4254716981132076,0.07339449541284404,1
0.4462264150943396,0.07339449541284404,1
0.46698113207547154,0.07339449541284404,1
0.48773584905660394,0.07339449541284404,1
0.5084905660377359,0.07339449541284404,1
0.5292452830188679,0.07339449541284404,1
0.5499999999999998,0.07339449541284404,1
0.5707547169811322,0.07339449541284404,1
0.5915094339622642,0.07339449541284404,1
0.6122641509433961,0.07339449541284404,1
0.6330188679245281,0.07339449541284404,1
0.6537735849056605,0.07339449541284404,1
0.6745283018867925,0.07339449541284404,1
0.6952830188679244,0.07339449541284404,1
0.7160377358490564,0.07339449541284404,1
0.7367924528301888,0.07339449541284404,1
0.7575471698113208,0.07339449541284404,1
0.7783018867924527,0.07339449541284404,1
0.7990566037735847,0.07339449541284404,1
0.8198113207547171,0.07339449541284404,1
0.840566037735849,0.07339449541284404,1
0.861320754716981,0.07339449541284404,1
0.882075471698113,0.07339449541284404,1
0.9028301886792454,0.07339449541284404,1
0.9235849056603773,0.07339449541284404,1
0.9443396226415093,0.07339449541284404,1
0.9650943396226412,0.07339449541284404,1
0.9858490566037736,0.07339449541284404,1
1.0066037735849056,0.07339449541284404,1
1.0273584905660376,0.07339449541284404,1
1.04811320754717,0.07339449541284404,1
1.068867924528302,0.07339449541284404,1
1.0896226415094339,0.07339449541284404,1
1.1103773584905658,0.07339449541284404,1
1.1311320754716983,0.07339449541284404,1
1.1518867924528302,0.07339449541284404,1
1.1726415094339622,0.07339449541284404,1
1.1933962264150941,0.07339449541284404,1
1.2141509433962265,0.07339449541284404,1
1.2349056603773585,0.07339449541284404,1
1.2556603773584905,0.07339449541284404,1
1.2764150943396224,0.07339449541284404,1
1.2971698113207548,0.07339449541284404,1
1.3179245283018868,0.07339449541284404,1
1.3386792452830187,0.07339449541284404,1
1.3594339622641507,0.07339449541284404,1
1.380188679245283,0.07339449541284404,1
1.400943396226415,0.07339449541284404,1
1.421698113207547,0.07339449541284404,1
1.442452830188679,0.07339449541284404,1
1.4632075471698114,0.07339449541284404,1
1.4839622641509433,0.07339449541284404,1
1.5047169811320753,0.07339449541284404,1
1.5254716981132073,0.07339449541284404,1
1.5462264150943397,0.07339449541284404,1
1.5669811320754716,0.07339449541284404,1
1.5877358490566036,0.07339449541284404,1
1.6084905660377355,0.07339449541284404,1
1.629245283018868,0.07339449541284404,1
1.65,0.07339449541284404,1
-1.65,0.08256880733944955,0
-1.6292452830188677,0.08256880733944955,0
-1.6084905660377358,0.08256880733944955,0
-1.5877358490566036,0.08256880733944955,0
-1.5669811320754716,0.08256880733944955,0
-1.5462264150943394,0.08256880733944955,0
-1.5254716981132075,0.08256880733944955,0
-1.5047169811320753,0.08256880733944955,0
-1.4839622641509433,0.08256880733944955,0
-1.4632075471698112,0.08256880733944955,0
-1.4424528301886792,0.08256880733944955,0
-1.421698113207547,0.08256880733944955,0
-1.400943396226415,0.08256880733944955,0
-1.3801886792452829,0.08256880733944955,0
-1.359433962264151,0.08256880733944955,0
-1.3386792452830187,0.08256880733944955,0
-1.3179245283018868,0.08256880733944955,0
-1.2971698113207546,0.08256880733944955,0
-1.2764150943396226,0.08256880733944955,0
-1.2556603773584905,0.08256880733944955,0
-1.2349056603773585,0.08256880733944955,0
-1.2141509433962263,0.08256880733944955,0
-1.1933962264150944,0.08256880733944955,0
-1.1726415094339622,0.08256880733944955,0
-1.1518867924528302,0.08256880733944955,0
-1.131132075471698,0.08256880733944955,0
-1.1103773584905658,0.08256880733944955,0
-1.0896226415094339,0.08256880733944955,0
-1.068867924528302,0.08256880733944955,0
-1.0481132075471697,0.08256880733944955,0
-1.0273584905660376,0.08256880733944955,0
-1.0066037735849056,0.08256880733944955,0
-0.9858490566037735,0.08256880733944955,0
-0.9650943396226415,0.08256880733944955,0
-0.9443396226415094,0.08256880733944955,0
-0.9235849056603773,0.08256880733944955,0
-0.9028301886792452,0.08256880733944955,0
-0.8820754716981132,0.08256880733944955,0
-0.8613207547169811,0.08256880733944955,0
-0.840566037735849,0.08256880733944955,0
-0.819811320754717,0.08256880733944955,0
-0.7990566037735849,0.08256880733944955,0
-0.7783018867924528,0.08256880733944955,0
-0.7575471698113208,0.08256880733944955,0
-0.7367924528301887,0.08256880733944955,0
-0.7160377358490566,0.08256880733944955,0
-0.6952830188679245,0.08256880733944955,0
-0.6745283018867925,0.08256880733944955,0
-0.6537735849056603,0.08256880733944955,0
-0.6330188679245283,0.08256880733944955,0
-0.6122641509433961,0.08256880733944955,0
-0.5915094339622642,0.08256880733944955,0
-0.570754716981132,0.08256880733944955,0
-0.55,0.08256880733944955,0
-0.5292452830188679,0.08256880733944955,0
-0.5084905660377359,0.08256880733944955,0
-0.4877358490566037,0.08256880733944955,0
-0.46698113207547176,0.08256880733944955,0
-0.4462264150943396,0.08256880733944955,0
-0.4254716981132076,0.08256880733944955,0
-0.40471698113207544,0.08256880733944955,0
-0.3839622641509435,0.08256880733944955,0
-0.3632075471698113,0.08256880733944955,0
-0.34245283018867934,0.08256880733944955,0
-0.32169811320754715,0.08256880733944955,0
-0.30094339622641497,0.08256880733944955,0
-0.280188679245283,0.08256880733944955,0
-0.25943396226415083,0.08256880733944955,0
-0.23867924528301887,0.08256880733944955,0
-0.2179245283018867,0.08256880733944955,0
-0.19716981132075473,0.08256880733944955,0
-0.17641509433962255,0.08256880733944955,0
-0.1556603773584906,0.08256880733944955,0
-0.1349056603773584,0.08256880733944955,0
-0.11415094339622645,0.08256880733944955,0
-0.09339622641509426,0.08256880733944955,0
-0.0726415094339623,0.08256880733944955,0
-0.05188679245283012,0.08256880733944955,0
-0.031132075471698162,0.08256880733944955,0
-0.01037735849056598,0.08256880733944955,0
0.01037735849056598,0.08256880733944955,0
0.031132075471698162,0.08256880733944955,0
0.05188679245283012,0.08256880733944955,0
0.0726415094339623,0.08256880733944955,0
0.09339622641509426,0.08256880733944955,0
0.11415094339622645,0.08256880733944955,0
0.1349056603773584,0.08256880733944955,0
0.1556603773584906,0.08256880733944955,0
0.17641509433962255,0.08256880733944955,0
0.19716981132075473,0.08256880733944955,0
0.2179245283018867,0.08256880733944955,0
0.23867924528301887,0.08256880733944955,0
0.25943396226415083,0.08256880733944955,0
0.280188679245283,0.08256880733944955,1
0.30094339622641497,0.08256880733944955,1
0.32169811320754715,0.08256880733944955,1
0.34245283018867934,0.08256880733944955,1
0.3632075471698113,0.08256880733944955,1
0.38396226415094326,0.08256880733944955,1
0.40471698113207566,0.08256880733944955,1
0.4254716981132076,0.08256880733944955,1
0.4462264150943396,0.08256880733944955,1
0.46698113207547154,0.08256880733944955,1
0.48773584905660394,0.08256880733944955,1
0.5084905660377359,0.08256880733944955,1
0.5292452830188679,0.08256880733944955,1
0.5499999999999998,0.08256880733944955,1
0.5707547169811322,0.08256880733944955,1
0.5915094339622642,0.08256880733944955,1
0.6122641509433961,0.08256880733944955,1
0.6330188679245281,0.08256880733944955,1
0.6537735849056605,0.08256880733944955,1
0.6745283018867925,0.08256880733944955,1
0.6952830188679244,0.08256880733944955,1
0.7160377358490564,0.08256880733944955,1
0.7367924528301888,0.08256880733944955,1
0.7575471698113208,0.08256880733944955,1
0.7783018867924527,0.08256880733944955,1
0.7990566037735847,0.08256880733944955,1
0.8198113207547171,0.08256880733944955,1
0.840566037735849,0.08256880733944955,1
0.861320754716981,0.08256880733944955,1
0.882075471698113,0.08256880733944955,1
0.9028301886792454,0.08256880733944955,1
0.9235849056603773,0.08256880733944955,1
0.9443396226415093,0.08256880733944955,1
0.9650943396226412,0.08256880733944955,1
0.9858490566037736,0.08256880733944955,1
1.0066037735849056,0.08256880733944955,1
1.0273584905660376,0.08256880733944955,1
1.04811320754717,0.08256880733944955,1
1.068867924528302,0.08256880733944955,1
1.0896226415094339,0.08256880733944955,1
1.1103773584905658,0.08256880733944955,1
1.1311320754716983,0.08256880733944955,1
1.1518867924528302,0.08256880733944955,1
1.1726415094339622,0.08256880733944955,1
1.1933962264150941,0.08256880733944955,1
1.2141509433962265,0.08256880733944955,1
1.2349056603773585,0.08256880733944955,1
1.2556603773584905,0.08256880733944955,1
1.2764150943396224,0.08256880733944955,1
1.2971698113207548,0.08256880733944955,1
1.3179245283018868,0.08256880733944955,1
1.3386792452830187,0.08256880733944955,1
1.3594339622641507,0.08256880733944955,1
1.380188679245283,0.08256880733944955,1
1.400943396226415,0.08256880733944955,1
1.421698113207547,0.08256880733944955,1
1.442452830188679,0.08256880733944955,1
1.4632075471698114,0.08256880733944955,1
1.4839622641509433,0.08256880733944955,1
1.5047169811320753,0.08256880733944955,1
1.5254716981132073,0.08256880733944955,1
1.5462264150943397,0.08256880733944955,1
1.5669811320754716,0.08256880733944955,1
1.5877358490566036,0.08256880733944955,1
1.6084905660377355,0.08256880733944955,1
1.629245283018868,0.08256880733944955,1
1.65,0.08256880733944955,1
-1.65,0.09174311926605505,0
-1.6292452830188677,0.09174311926605505,0
-1.6084905660377358,0.09174311926605505,0
-1.5877358490566036,0.09174311926605505,0
-1.5669811320754716,0.09174311926605505,0
-1.5462264150943394,0.09174311926605505,0
-1.5254716981132075,0.09174311926605505,0
-1.5047169811320753,0.09174311926605505,0
-1.4839622641509433,0.09174311926605505,0
-1.4632075471698112,0.09174311926605505,0
-1.4424528301886792,0.09174311926605505,0
-1.421698113207547,0.09174311926605505,0
-1.400943396226415,0.09174311926605505,0
-1.3801886792452829,0.09174311926605505,0
-1.359433962264151,0.09174311926605505,0
-1.3386792452830187,0.09174311926605505,0
-1.3179245283018868,0.09174311926605505,0
-1.2971698113207546,0.09174311926605505,0
-1.2764150943396226,0.09174311926605505,0
-1.2556603773584905,0.09174311926605505,0
-1.2349056603773585,0.09174311926605505,0
-1.2141509433962263,0.09174311926605505,0
-1.1933962264150944,0.09174311926605505,0
-1.1726415094339622,0.09174311926605505,0
-1.1518867924528302,0.09174311926605505,0
-1.131132075471698,0.09174311926605505,0
-1.1103773584905658,0.09174311926605505,0
-1.0896226415094339,0.09174311926605505,0
-1.068867924528302,0.09174311926605505,0
-1.0481132075471697,0.09174311926605505,0
-1.0273584905660376,0.09174311926605505,0
-1.0066037735849056,0.09174311926605505,0
-0.9858490566037735,0.09174311926605505,0
-0.9650943396226415,0.09174311926605505,0
-0.9443396226415094,0.09174311926605505,0
-0.9235849056603773,0.09174311926605505,0
-0.9028301886792452,0.09174311926605505,0
-0.8820754716981132,0.09174311926605505,0
-0.8613207547169811,0.09174311926605505,0
-0.840566037735849,0.09174311926605505,0
-0.819811320754717,0.09174311926605505,0
-0.7990566037735849,0.09174311926605505,0
-0.7783018867924528,0.09174311926605505,0
-0.7575471698113208,0.09174311926605505,0
-0.7367924528301887,0.09174311926605505,0
-0.7160377358490566,0.09174311926605505,0
-0.6952830188679245,0.09174311926605505,0
-0.6745283018867925,0.09174311926605505,0
-0.6537735849056603,0.09174311926605505,0
-0.6330188679245283,0.09174311926605505,0
-0.6122641509433961,0.09174311926605505,0
-0.5915094339622642,0.09174311926605505,0
-0.570754716981132,0.09174311926605505,0
-0.55,0.09174311926605505,0
-0.5292452830188679,0.09174311926605505,0
-0.5084905660377359,0.09174311926605505,0
-0.4877358490566037,0.09174311926605505,0
-0.46698113207547176,0.09174311926605505,0
-0.4462264150943396,0.09174311926605505,0
-0.4254716981132076,0.09174311926605505,0
-0.40471698113207544,0.09174311926605505,0
-0.3839622641509435,0.09174311926605505,0
-0.3632075471698113,0.09174311926605505,0
-0.34245283018867934,0.09174311926605505,0
-0.32169811320754715,0.09174311926605505,0
-0.30094339622641497,0.09174311926605505,0
-0.280188679245283,0.09174311926605505,0
-0.25943396226415083,0.09174311926605505,0
-0.23867924528301887,0.09174311926605505,0
-0.2179245283018867,0.09174311926605505,0
-0.19716981132075473,0.09174311926605505,0
-0.17641509433962255,0.09174311926605505,0
-0.1556603773584906,0.09174311926605505,0
-0.1349056603773584,0.09174311926605505,0
-0.11415094339622645,0.09174311926605505,0
-0.09339622641509426,0.09174311926605505,0
-0.0726415094339623,0.09174311926605505,0
-0.05188679245283012,0.09174311926605505,0
-0.031132075471698162,0.09174311926605505,0
-0.01037735849056598,0.09174311926605505,0
0.01037735849056598,0.09174311926605505,0
0.031132075471698162,0.09174311926605505,0
0.05188679245283012,0.09174311926605505,0
0.0726415094339623,0.09174311926605505,0
0.09339622641509426,0.09174311926605505,0
0.11415094339622645,0.09174311926605505,0
0.1349056603773584,0.09174311926605505,0
0.1556603773584906,0.09174311926605505,0
0.17641509433962255,0.09174311926605505,0
0.19716981132075473,0.09174311926605505,0
0.2179245283018867,0.09174311926605505,0
0.23867924528301887,0.09174311926605505,0
0.25943396226415083,0.09174311926605505,0
0.280188679245283,0.09174311926605505,1
0.30094339622641497,0.09174311926605505,1
0.32169811320754715,0.09174311926605505,1
0.34245283018867934,0.09174311926605505,1
0.3632075471698113,0.09174311926605505,1
0.38396226415094326,0.09174311926605505,1
0.40471698113207566,0.09174311926605505,1
0.4254716981132076,0.09174311926605505,1
0.4462264150943396,0.09174311926605505,1
0.46698113207547154,0.09174311926605505,1
0.48773584905660394,0.09174311926605505,1
0.5084905660377359,0.09174311926605505,1
0.5292452830188679,0.09174311926605505,1
0.5499999999999998,0.09174311926605505,1
0.5707547169811322,0.09174311926605505,1
0.5915094339622642,0.09174311926605505,1
0.6122641509433961,0.09174311926605505,1
0.6330188679245281,0.09174311926605505,1
0.6537735849056605,0.09174311926605505,1
0.6745283018867925,0.09174311926605505,1
0.6952830188679244,0.09174311926605505,1
0.7160377358490564,0.09174311926605505,1
0.7367924528301888,0.09174311926605505,1
0.7575471698113208,0.09174311926605505,1
0.7783018867924527,0.09174311926605505,1
0.7990566037735847,0.09174311926605505,1
0.8198113207547171,0.09174311926605505,1
0.840566037735849,0.09174311926605505,1
0.861320754716981,0.09174311926605505,1
0.882075471698113,0.09174311926605505,1
0.9028301886792454,0.09174311926605505,1
0.9235849056603773,0.09174311926605505,1
0.9443396226415093,0.09174311926605505,1
0.9650943396226412,0.09174311926605505,1
0.9858490566037736,0.09174311926605505,1
1.0066037735849056,0.09174311926605505,1
1.0273584905660376,0.09174311926605505,1
1.04811320754717,0.09174311926605505,1
1.068867924528302,0.09174311926605505,1
1.0896226415094339,0.09174311926605505,1
1.1103773584905658,0.09174311926605505,1
1.1311320754716983,0.09174311926605505,1
1.1518867924528302,0.09174311926605505,1
1.1726415094339622,0.09174311926605505,1
1.1933962264150941,0.09174311926605505,1
1.2141509433962265,0.09174311926605505,1
1.2349056603773585,0.09174311926605505,1
1.2556603773584905,0.09174311926605505,1
1.2764150943396224,0.09174311926605505,1
1.2971698113207548,0.09174311926605505,1
1.3179245283018868,0.09174311926605505,1
1.3386792452830187,0.09174311926605505,1
1.3594339622641507,0.09174311926605505,1
1.380188679245283,0.09174311926605505,1
1.400943396226415,0.09174311926605505,1
1.421698113207547,0.09174311926605505,1
1.442452830188679,0.09174311926605505,1
1.4632075471698114,0.09174311926605505,1
1.4839622641509433,0.09174311926605505,1
1.5047169811320753,0.09174311926605505,1
1.5254716981132073,0.09174311926605505,1
1.5462264150943397,0.09174311926605505,1
1.5669811320754716,0.09174311926605505,1
1.5877358490566036,0.09174311926605505,1
1.6084905660377355,0.09174311926605505,1
1.629245283018868,0.09174311926605505,1
1.65,0.09174311926605505,1
-1.65,0.10091743119266056,0
-1.6292452830188677,0.10091743119266056,0
-1.6084905660377358,0.10091743119266056,0
-1.5877358490566036,0.10091743119266056,0
-1.5669811320754716,0.10091743119266056,0
-1.5462264150943394,0.10091743119266056,0
-1.5254716981132075,0.10091743119266056,0
-1.5047169811320753,0.10091743119266056,0
-1.4839622641509433,0.10091743119266056,0
-1.4632075471698112,0.10091743119266056,0
-1.4424528301886792,0.10091743119266056,0
-1.421698113207547,0.10091743119266056,0
-1.400943396226415,0.10091743119266056,0
-1.3801886792452829,0.10091743119266056,0
-1.359433962264151,0.10091743119266056,0
-1.3386792452830187,0.10091743119266056,0
-1.3179245283018868,0.10091743119266056,0
-1.2971698113207546,0.10091743119266056,0
-1.2764150943396226,0.10091743119266056,0
-1.2556603773584905,0.10091743119266056,0
-1.2349056603773585,0.10091743119266056,0
-1.2141509433962263,0.10091743119266056,0
-1.1933962264150944,0.10091743119266056,0
-1.1726415094339622,0.10091743119266056,0
-1.1518867924528302,0.10091743119266056,0
-1.131132075471698,0.10091743119266056,0
-1.1103773584905658,0.10091743119266056,0
-1.0896226415094339,0.10091743119266056,0
-1.068867924528302,0.10091743119266056,0
-1.0481132075471697,0.10091743119266056,0
-1.0273584905660376,0.10091743119266056,0
-1.0066037735849056,0.10091743119266056,0
-0.9858490566037735,0.10091743119266056,0
-0.9650943396226415,0.10091743119266056,0
-0.9443396226415094,0.10091743119266056,0
-0.9235849056603773,0.10091743119266056,0
-0.9028301886792452,0.10091743119266056,0
-0.8820754716981132,0.10091743119266056,0
-0.8613207547169811,0.10091743119266056,0
-0.840566037735849,0.10091743119266056,0
-0.819811320754717,0.10091743119266056,0
-0.7990566037735849,0.10091743119266056,0
-0.7783018867924528,0.10091743119266056,0
-0.7575471698113208,0.10091743119266056,0
-0.7367924528301887,0.10091743119266056,0
-0.7160377358490566,0.10091743119266056,0
-0.6952830188679245,0.10091743119266056,0
-0.6745283018867925,0.10091743119266056,0
-0.6537735849056603,0.10091743119266056,0
-0.6330188679245283,0.10091743119266056,0
-0.6122641509433961,0.10091743119266056,0
-0.5915094339622642,0.10091743119266056,0
-0.570754716981132,0.10091743119266056,0
-0.55,0.10091743119266056,0
-0.5292452830188679,0.10091743119266056,0
-0.5084905660377359,0.10091743119266056,0
-0.4877358490566037,0.10091743119266056,0
-0.46698113207547176,0.10091743119266056,0
-0.4462264150943396,0.10091743119266056,0
-0.4254716981132076,0.10091743119266056,0
-0.40471698113207544,0.10091743119266056,0
-0.3839622641509435,0.10091743119266056,0
-0.3632075471698113,0.10091743119266056,0
-0.34245283018867934,0.10091743119266056,0
-0.32169811320754715,0.10091743119266056,0
-0.30094339622641497,0.10091743119266056,0
-0.280188679245283,0.10091743119266056,0
-0.25943396226415083,0.10091743119266056,0
-0.23867924528301887,0.10091743119266056,0
-0.2179245283018867,0.10091743119266056,0
-0.19716981132075473,0.10091743119266056,0
-0.17641509433962255,0.10091743119266056,0
-0.1556603773584906,0.10091743119266056,0
-0.1349056603773584,0.10091743119266056,0
-0.11415094339622645,0.10091743119266056,0
-0.09339622641509426,0.10091743119266056,0
-0.0726415094339623,0.10091743119266056,0
-0.05188679245283012,0.10091743119266056,0
-0.031132075471698162,0.10091743119266056,0
-0.01037735849056598,0.10091743119266056,0
0.01037735849056598,0.10091743119266056,0
0.031132075471698162,0.10091743119266056,0
0.05188679245283012,0.10091743119266056,0
0.0726415094339623,0.10091743119266056,0
0.09339622641509426,0.10091743119266056,0
0.11415094339622645,0.10091743119266056,0
0.1349056603773584,0.10091743119266056,0
0.1556603773584906,0.10091743119266056,0
0.17641509433962255,0.10091743119266056,0
0.19716981132075473,0.10091743119266056,0
0.2179245283018867,0.10091743119266056,0
0.23867924528301887,0.10091743119266056,0
0.25943396226415083,0.10091743119266056,0
0.280188679245283,0.10091743119266056,1
0.30094339622641497,0.10091743119266056,1
0.32169811320754715,0.10091743119266056,1
0.34245283018867934,0.10091743119266056,1
0.3632075471698113,0.10091743119266056,1
0.38396226415094326,0.10091743119266056,1
0.40471698113207566,0.10091743119266056,1
0.4254716981132076,0.10091743119266056,1
0.4462264150943396,0.10091743119266056,1
0.46698113207547154,0.10091743119266056,1
0.48773584905660394,0.10091743119266056,1
0.5084905660377359,0.10091743119266056,1
0.5292452830188679,0.10091743119266056,1
0.5499999999999998,0.10091743119266056,1
0.5707547169811322,0.10091743119266056,1
0.5915094339622642,0.10091743119266056,1
0.6122641509433961,0.10091743119266056,1
0.6330188679245281,0.10091743119266056,1
0.6537735849056605,0.10091743119266056,1
0.6745283018867925,0.10091743119266056,1
0.6952830188679244,0.10091743119266056,1
0.7160377358490564,0.10091743119266056,1
0.7367924528301888,0.10091743119266056,1
0.7575471698113208,0.10091743119266056,1
0.7783018867924527,0.10091743119266056,1
0.7990566037735847,0.10091743119266056,1
0.8198113207547171,0.10091743119266056,1
0.840566037735849,0.10091743119266056,1
0.861320754716981,0.10091743119266056,1
0.882075471698113,0.10091743119266056,1
0.9028301886792454,0.10091743119266056,1
0.9235849056603773,0.10091743119266056,1
0.9443396226415093,0.10091743119266056,1
0.9650943396226412,0.10091743119266056,1
0.9858490566037736,0.10091743119266056,1
1.0066037735849056,0.10091743119266056,1
1.0273584905660376,0.10091743119266056,1
1.04811320754717,0.10091743119266056,1
1.068867924528302,0.10091743119266056,1
1.0896226415094339,0.10091743119266056,1
1.1103773584905658,0.10091743119266056,1
1.1311320754716983,0.10091743119266056,1
1.1518867924528302,0.10091743119266056,1
1.1726415094339622,0.10091743119266056,1
1.1933962264150941,0.10091743119266056,1
1.2141509433962265,0.10091743119266056,1
1.2349056603773585,0.10091743119266056,1
1.2556603773584905,0.10091743119266056,1
1.2764150943396224,0.10091743119266056,1
1.2971698113207548,0.10091743119266056,1
1.3179245283018868,0.10091743119266056,1
1.3386792452830187,0.10091743119266056,1
1.3594339622641507,0.10091743119266056,1
1.380188679245283,0.10091743119266056,1
1.400943396226415,0.10091743119266056,1
1.421698113207547,0.10091743119266056,1
1.442452830188679,0.10091743119266056,1
1.4632075471698114,0.10091743119266056,1
1.4839622641509433,0.10091743119266056,1
1.5047169811320753,0.10091743119266056,1
1.5254716981132073,0.10091743119266056,1
1.5462264150943397,0.10091743119266056,1
1.5669811320754716,0.10091743119266056,1
1.5877358490566036,0.10091743119266056,1
1.6084905660377355,0.10091743119266056,1
1.629245283018868,0.10091743119266056,1
1.65,0.10091743119266056,1
-1.65,0.11009174311926606,0
-1.6292452830188677,0.11009174311926606,0
-1.6084905660377358,0.11009174311926606,0
-1.5877358490566036,0.11009174311926606,0
-1.5669811320754716,0.11009174311926606,0
-1.5462264150943394,0.11009174311926606,0
-1.5254716981132075,0.11009174311926606,0
-1.5047169811320753,0.11009174311926606,0
-1.4839622641509433,0.11009174311926606,0
-1.4632075471698112,0.11009174311926606,0
-1.4424528301886792,0.11009174311926606,0
-1.421698113207547,0.11009174311926606,0
-1.400943396226415,0.11009174311926606,0
-1.3801886792452829,0.11009174311926606,0
-1.359433962264151,0.11009174311926606,0
-1.3386792452830187,0.11009174311926606,0
-1.3179245283018868,0.11009174311926606,0
-1.2971698113207546,0.11009174311926606,0
-1.2764150943396226,0.11009174311926606,0
-1.2556603773584905,0.11009174311926606,0
-1.2349056603773585,0.11009174311926606,0
-1.2141509433962263,0.11009174311926606,0
-1.1933962264150944,0.11009174311926606,0
-1.1726415094339622,0.11009174311926606,0
-1.1518867924528302,0.11009174311926606,0
-1.131132075471698,0.11009174311926606,0
-1.1103773584905658,0.11009174311926606,0
-1.0896226415094339,0.11009174311926606,0
-1.068867924528302,0.11009174311926606,0
-1.0481132075471697,0.11009174311926606,0
-1.0273584905660376,0.11009174311926606,0
-1.0066037735849056,0.11009174311926606,0
-0.9858490566037735,0.11009174311926606,0
-0.9650943396226415,0.11009174311926606,0
-0.9443396226415094,0.11009174311926606,0
-0.9235849056603773,0.11009174311926606,0
-0.9028301886792452,0.11009174311926606,0
-0.8820754716981132,0.11009174311926606,0
-0.8613207547169811,0.11009174311926606,0
-0.840566037735849,0.11009174311926606,0
-0.819811320754717,0.11009174311926606,0
-0.7990566037735849,0.11009174311926606,0
-0.7783018867924528,0.11009174311926606,0
-0.7575471698113208,0.11009174311926606,0
-0.7367924528301887,0.11009174311926606,0
-0.7160377358490566,0.11009174311926606,0
-0.6952830188679245,0.11009174311926606,0
-0.6745283018867925,0.11009174311926606,0
-0.6537735849056603,0.11009174311926606,0
-0.6330188679245283,0.11009174311926606,0
-0.6122641509433961,0.11009174311926606,0
-0.5915094339622642,0.11009174311926606,0
-0.570754716981132,0.11009174311926606,0
-0.55,0.11009174311926606,0
-0.5292452830188679,0.11009174311926606,0
-0.5084905660377359,0.11009174311926606,0
-0.4877358490566037,0.11009174311926606,0
-0.46698113207547176,0.11009174311926606,0
-0.4462264150943396,0.11009174311926606,0
-0.4254716981132076,0.11009174311926606,0
-0.40471698113207544,0.11009174311926606,0
-0.3839622641509435,0.11009174311926606,0
-0.3632075471698113,0.11009174311926606,0
-0.34245283018867934,0.11009174311926606,0
-0.32169811320754715,0.11009174311926606,0
-0.30094339622641497,0.11009174311926606,0
-0.280188679245283,0.11009174311926606,0
-0.25943396226415083,0.11009174311926606,0
-0.23867924528301887,0.11009174311926606,0
-0.2179245283018867,0.11009174311926606,0
-0.19716981132075473,0.11009174311926606,0
-0.17641509433962255,0.11009174311926606,0
-0.1556603773584906,0.11009174311926606,0
-0.1349056603773584,0.11009174311926606,0
-0.11415094339622645,0.11009174311926606,0
-0.09339622641509426,0.11009174311926606,0
-0.0726415094339623,0.11009174311926606,0
-0.05188679245283012,0.11009174311926606,0
-0.031132075471698162,0.11009174311926606,0
-0.01037735849056598,0.11009174311926606,0
0.01037735849056598,0.11009174311926606,0
0.031132075471698162,0.11009174311926606,0
0.05188679245283012,0.11009174311926606,0
0.0726415094339623,0.11009174311926606,0
0.09339622641509426,0.11009174311926606,0
0.11415094339622645,0.11009174311926606,0
0.1349056603773584,0.11009174311926606,0
0.1556603773584906,0.11009174311926606,0
0.17641509433962255,0.11009174311926606,0
0.19716981132075473,0.11009174311926606,0
0.2179245283018867,0.11009174311926606,0
0.23867924528301887,0.11009174311926606,0
0.25943396226415083,0.11009174311926606,0
0.280188679245283,0.11009174311926606,1
0.30094339622641497,0.11009174311926606,1
0.32169811320754715,0.11009174311926606,1
0.34245283018867934,0.11009174311926606,1
0.3632075471698113,0.11009174311926606,1
0.38396226415094326,0.11009174311926606,1
0.40471698113207566,0.11009174311926606,1
0.4254716981132076,0.11009174311926606,1
0.4462264150943396,0.11009174311926606,1
0.46698113207547154,0.11009174311926606,1
0.48773584905660394,0.11009174311926606,1
0.5084905660377359,0.11009174311926606,1
0.5292452830188679,0.11009174311926606,1
0.5499999999999998,0.11009174311926606,1
0.5707547169811322,0.11009174311926606,1
0.5915094339622642,0.11009174311926606,1
0.6122641509433961,0.11009174311926606,1
0.6330188679245281,0.11009174311926606,1
0.6537735849056605,0.11009174311926606,1
0.6745283018867925,0.11009174311926606,1
0.6952830188679244,0.11009174311926606,1
0.7160377358490564,0.11009174311926606,1
0.7367924528301888,0.11009174311926606,1
0.7575471698113208,0.11009174311926606,1
0.7783018867924527,0.11009174311926606,1
0.7990566037735847,0.11009174311926606,1
0.8198113207547171,0.11009174311926606,1
0.840566037735849,0.11009174311926606,1
0.861320754716981,0.11009174311926606,1
0.882075471698113,0.11009174311926606,1
0.9028301886792454,0.11009174311926606,1
0.9235849056603773,0.11009174311926606,1
0.9443396226415093,0.11009174311926606,1
0.9650943396226412,0.11009174311926606,1
0.9858490566037736,0.11009174311926606,1
1.0066037735849056,0.11009174311926606,1
1.0273584905660376,0.11009174311926606,1
1.04811320754717,0.11009174311926606,1
1.068867924528302,0.11009174311926606,1
1.0896226415094339,0.11009174311926606,1
1.1103773584905658,0.11009174311926606,1
1.1311320754716983,0.11009174311926606,1
1.1518867924528302,0.11009174311926606,1
1.1726415094339622,0.11009174311926606,1
1.1933962264150941,0.11009174311926606,1
1.2141509433962265,0.11009174311926606,1
1.2349056603773585,0.11009174311926606,1
1.2556603773584905,0.11009174311926606,1
1.2764150943396224,0.11009174311926606,1
1.2971698113207548,0.11009174311926606,1
1.3179245283018868,0.11009174311926606,1
1.3386792452830187,0.11009174311926606,1
1.3594339622641507,0.11009174311926606,1
1.380188679245283,0.11009174311926606,1
1.400943396226415,0.11009174311926606,1
1.421698113207547,0.11009174311926606,1
1.442452830188679,0.11009174311926606,1
1.4632075471698114,0.11009174311926606,1
1.4839622641509433,0.11009174311926606,1
1.5047169811320753,0.11009174311926606,1
1.5254716981132073,0.11009174311926606,1
1.5462264150943397,0.11009174311926606,1
1.5669811320754716,0.11009174311926606,1
1.5877358490566036,0.11009174311926606,1
1.6084905660377355,0.11009174311926606,1
1.629245283018868,0.11009174311926606,1
1.65,0.11009174311926606,1
-1.65,0.11926605504587157,0
-1.6292452830188677,0.11926605504587157,0
-1.6084905660377358,0.11926605504587157,0
-1.5877358490566036,0.11926605504587157,0
-1.5669811320754716,0.11926605504587157,0
-1.5462264150943394,0.11926605504587157,0
-1.5254716981132075,0.11926605504587157,0
-1.5047169811320753,0.11926605504587157,0
-1.4839622641509433,0.11926605504587157,0
-1.4632075471698112,0.11926605504587157,0
-1.4424528301886792,0.11926605504587157,0
-1.421698113207547,0.11926605504587157,0
-1.400943396226415,0.11926605504587157,0
-1.3801886792452829,0.11926605504587157,0
-1.359433962264151,0.11926605504587157,0
-1.3386792452830187,0.11926605504587157,0
-1.3179245283018868,0.11926605504587157,0
-1.2971698113207546,0.11926605504587157,0
-1.2764150943396226,0.11926605504587157,0
-1.2556603773584905,0.11926605504587157,0
-1.2349056603773585,0.11926605504587157,0
-1.2141509433962263,0.11926605504587157,0
-1.1933962264150944,0.11926605504587157,0
-1.1726415094339622,0.11926605504587157,0
-1.1518867924528302,0.11926605504587157,0
-1.131132075471698,0.11926605504587157,0
-1.1103773584905658,0.11926605504587157,0
-1.0896226415094339,0.11926605504587157,0
-1.068867924528302,0.11926605504587157,0
-1.0481132075471697,0.11926605504587157,0
-1.0273584905660376,0.11926605504587157,0
-1.0066037735849056,0.11926605504587157,0
-0.9858490566037735,0.11926605504587157,0
-0.9650943396226415,0.11926605504587157,0
-0.9443396226415094,0.11926605504587157,0
-0.9235849056603773,0.11926605504587157,0
-0.9028301886792452,0.11926605504587157,0
-0.8820754716981132,0.11926605504587157,0
-0.8613207547169811,0.11926605504587157,0
-0.840566037735849,0.11926605504587157,0
-0.819811320754717,0.11926605504587157,0
-0.7990566037735849,0.11926605504587157,0
-0.7783018867924528,0.11926605504587157,0
-0.7575471698113208,0.11926605504587157,0
-0.7367924528301887,0.11926605504587157,0
-0.7160377358490566,0.11926605504587157,0
-0.6952830188679245,0.11926605504587157,0
-0.6745283018867925,0.11926605504587157,0
-0.6537735849056603,0.11926605504587157,0
-0.6330188679245283,0.11926605504587157,0
-0.6122641509433961,0.11926605504587157,0
-0.5915094339622642,0.11926605504587157,0
-0.570754716981132,0.11926605504587157,0
-0.55,0.11926605504587157,0
-0.5292452830188679,0.11926605504587157,0
-0.5084905660377359,0.11926605504587157,0
-0.4877358490566037,0.11926605504587157,0
-0.46698113207547176,0.11926605504587157,0
-0.4462264150943396,0.11926605504587157,0
-0.4254716981132076,0.11926605504587157,0
-0.40471698113207544,0.11926605504587157,0
-0.3839622641509435,0.11926605504587157,0
-0.3632075471698113,0.11926605504587157,0
-0.34245283018867934,0.11926605504587157,0
-0.32169811320754715,0.11926605504587157,0
-0.30094339622641497,0.11926605504587157,0
-0.280188679245283,0.11926605504587157,0
-0.25943396226415083,0.11926605504587157,0
-0.23867924528301887,0.11926605504587157,0
-0.2179245283018867,0.11926605504587157,0
-0.19716981132075473,0.11926605504587157,0
-0.17641509433962255,0.11926605504587157,0
-0.1556603773584906,0.11926605504587157,0
-0.1349056603773584,0.11926605504587157,0
-0.11415094339622645,0.11926605504587157,0
-0.09339622641509426,0.11926605504587157,0
-0.0726415094339623,0.11926605504587157,0
-0.05188679245283012,0.11926605504587157,0
-0.031132075471698162,0.11926605504587157,0
-0.01037735849056598,0.11926605504587157,0
0.01037735849056598,0.11926605504587157,0
0.031132075471698162,0.11926605504587157,0
0.05188679245283012,0.11926605504587157,0
0.0726415094339623,0.11926605504587157,0
0.09339622641509426,0.11926605504587157,0
0.11415094339622645,0.11926605504587157,0
0.1349056603773584,0.11926605504587157,0
0.1556603773584906,0.11926605504587157,0
0.17641509433962255,0.11926605504587157,0
0.19716981132075473,0.11926605504587157,0
0.2179245283018867,0.11926605504587157,0
0.23867924528301887,0.11926605504587157,0
0.25943396226415083,0.11926605504587157,0
0.280188679245283,0.11926605504587157,1
0.30094339622641497,0.11926605504587157,1
0.32169811320754715,0.11926605504587157,1
0.34245283018867934,0.11926605504587157,1
0.3632075471698113,0.11926605504587157,1
0.38396226415094326,0.11926605504587157,1
0.40471698113207566,0.11926605504587157,1
0.4254716981132076,0.11926605504587157,1
0.4462264150943396,0.11926605504587157,1
0.46698113207547154,0.11926605504587157,1
0.48773584905660394,0.11926605504587157,1
0.5084905660377359,0.11926605504587157,1
0.5292452830188679,0.11926605504587157,1
0.5499999999999998,0.11926605504587157,1
0.5707547169811322,0.11926605504587157,1
0.5915094339622642,0.11926605504587157,1
0.6122641509433961,0.11926605504587157,1
0.6330188679245281,0.11926605504587157,1
0.6537735849056605,0.11926605504587157,1
0.6745283018867925,0.11926605504587157,1
0.6952830188679244,0.11926605504587157,1
0.7160377358490564,0.11926605504587157,1
0.7367924528301888,0.11926605504587157,1
0.7575471698113208,0.11926605504587157,1
0.7783018867924527,0.11926605504587157,1
0.7990566037735847,0.11926605504587157,1
0.8198113207547171,0.11926605504587157,1
0.840566037735849,0.11926605504587157,1
0.861320754716981,0.11926605504587157,1
0.882075471698113,0.11926605504587157,1
0.9028301886792454,0.11926605504587157,1
0.9235849056603773,0.11926605504587157,1
0.9443396226415093,0.11926605504587157,1
0.9650943396226412,0.11926605504587157,1
0.9858490566037736,0.11926605504587157,1
1.0066037735849056,0.11926605504587157,1
1.0273584905660376,0.11926605504587157,1
1.04811320754717,0.11926605504587157,1
1.068867924528302,0.11926605504587157,1
1.0896226415094339,0.11926605504587157,1
1.1103773584905658,0.11926605504587157,1
1.1311320754716983,0.11926605504587157,1
1.1518867924528302,0.11926605504587157,1
1.1726415094339622,0.11926605504587157,1
1.1933962264150941,0.11926605504587157,1
1.2141509433962265,0.11926605504587157,1
1.2349056603773585,0.11926605504587157,1
1.2556603773584905,0.11926605504587157,1
1.2764150943396224,0.11926605504587157,1
1.2971698113207548,0.11926605504587157,1
1.3179245283018868,0.11926605504587157,1
1.3386792452830187,0.11926605504587157,1
1.3594339622641507,0.11926605504587157,1
1.380188679245283,0.11926605504587157,1
1.400943396226415,0.11926605504587157,1
1.421698113207547,0.11926605504587157,1
1.442452830188679,0.11926605504587157,1
1.4632075471698114,0.11926605504587157,1
1.4839622641509433,0.11926605504587157,1
1.5047169811320753,0.11926605504587157,1
1.5254716981132073,0.11926605504587157,1
1.5462264150943397,0.11926605504587157,1
1.5669811320754716,0.11926605504587157,1
1.5877358490566036,0.11926605504587157,1
1.6084905660377355,0.11926605504587157,1
1.629245283018868,0.11926605504587157,1
1.65,0.11926605504587157,1
-1.65,0.12844036697247707,0
-1.6292452830188677,0.12844036697247707,0
-1.6084905660377358,0.12844036697247707,0
-1.5877358490566036,0.12844036697247707,0
-1.5669811320754716,0.12844036697247707,0
-1.5462264150943394,0.12844036697247707,0
-1.5254716981132075,0.12844036697247707,0
-1.5047169811320753,0.12844036697247707,0
-1.4839622641509433,0.12844036697247707,0
-1.4632075471698112,0.12844036697247707,0
-1.4424528301886792,0.12844036697247707,0
-1.421698113207547,0.12844036697247707,0
-1.400943396226415,0.12844036697247707,0
-1.3801886792452829,0.12844036697247707,0
-1.359433962264151,0.12844036697247707,0
-1.3386792452830187,0.12844036697247707,0
-1.3179245283018868,0.12844036697247707,0
-1.2971698113207546,0.12844036697247707,0
-1.2764150943396226,0.12844036697247707,0
-1.2556603773584905,0.12844036697247707,0
-1.2349056603773585,0.12844036697247707,0
-1.2141509433962263,0.12844036697247707,0
-1.1933962264150944,0.12844036697247707,0
-1.1726415094339622,0.12844036697247707,0
-1.1518867924528302,0.12844036697247707,0
-1.131132075471698,0.12844036697247707,0
-1.1103773584905658,0.12844036697247707,0
-1.0896226415094339,0.12844036697247707,0
-1.068867924528302,0.12844036697247707,0
-1.0481132075471697,0.12844036697247707,0
-1.0273584905660376,0.12844036697247707,0
-1.0066037735849056,0.12844036697247707,0
-0.9858490566037735,0.12844036697247707,0
-0.9650943396226415,0.12844036697247707,0
-0.9443396226415094,0.12844036697247707,0
-0.9235849056603773,0.12844036697247707,0
-0.9028301886792452,0.12844036697247707,0
-0.8820754716981132,0.12844036697247707,0
-0.8613207547169811,0.12844036697247707,0
-0.840566037735849,0.12844036697247707,0
-0.819811320754717,0.12844036697247707,0
-0.7990566037735849,0.12844036697247707,0
-0.7783018867924528,0.12844036697247707,0
-0.7575471698113208,0.12844036697247707,0
-0.7367924528301887,0.12844036697247707,0
-0.7160377358490566,0.12844036697247707,0
-0.6952830188679245,0.12844036697247707,0
-0.6745283018867925,0.12844036697247707,0
-0.6537735849056603,0.12844036697247707,0
-0.6330188679245283,0.12844036697247707,0
-0.6122641509433961,0.12844036697247707,0
-0.5915094339622642,0.12844036697247707,0
-0.570754716981132,0.12844036697247707,0
-0.55,0.12844036697247707,0
-0.5292452830188679,0.12844036697247707,0
-0.5084905660377359,0.12844036697247707,0
-0.4877358490566037,0.12844036697247707,0
-0.46698113207547176,0.12844036697247707,0
-0.4462264150943396,0.12844036697247707,0
-0.4254716981132076,0.12844036697247707,0
-0.40471698113207544,0.12844036697247707,0
-0.3839622641509435,0.12844036697247707,0
-0.3632075471698113,0.12844036697247707,0
-0.34245283018867934,0.12844036697247707,0
-0.32169811320754715,0.12844036697247707,0
-0.30094339622641497,0.12844036697247707,0
-0.280188679245283,0.12844036697247707,0
-0.25943396226415083,0.12844036697247707,0
-0.23867924528301887,0.12844036697247707,0
-0.2179245283018867,0.12844036697247707,0
-0.19716981132075473,0.12844036697247707,0
-0.17641509433962255,0.12844036697247707,0
-0.1556603773584906,0.12844036697247707,0
-0.1349056603773584,0.12844036697247707,0
-0.11415094339622645,0.12844036697247707,0
-0.09339622641509426,0.12844036697247707,0
-0.0726415094339623,0.12844036697247707,0
-0.05188679245283012,0.12844036697247707,0
-0.031132075471698162,0.12844036697247707,0
-0.01037735849056598,0.12844036697247707,0
0.01037735849056598,0.12844036697247707,0
0.031132075471698162,0.12844036697247707,0
0.05188679245283012,0.12844036697247707,0
0.0726415094339623,0.12844036697247707,0
0.09339622641509426,0.12844036697247707,0
0.11415094339622645,0.12844036697247707,0
0.1349056603773584,0.12844036697247707,0
0.1556603773584906,0.12844036697247707,0
0.17641509433962255,0.12844036697247707,0
0.19716981132075473,0.12844036697247707,0
0.2179245283018867,0.12844036697247707,0
0.23867924528301887,0.12844036697247707,0
0.25943396226415083,0.12844036697247707,0
0.280188679245283,0.12844036697247707,0
0.30094339622641497,0.12844036697247707,1
0.32169811320754715,0.12844036697247707,1
0.34245283018867934,0.12844036697247707,1
0.3632075471698113,0.12844036697247707,1
0.38396226415094326,0.12844036697247707,1
0.40471698113207566,0.12844036697247707,1
0.4254716981132076,0.12844036697247707,1
0.4462264150943396,0.12844036697247707,1
0.46698113207547154,0.12844036697247707,1
0.48773584905660394,0.12844036697247707,1
0.5084905660377359,0.12844036697247707,1
0.5292452830188679,0.12844036697247707,1
0.5499999999999998,0.12844036697247707,1
0.5707547169811322,0.12844036697247707,1
0.5915094339622642,0.12844036697247707,1
0.6122641509433961,0.12844036697247707,1
0.6330188679245281,0.12844036697247707,1
0.6537735849056605,0.12844036697247707,1
0.6745283018867925,0.12844036697247707,1
0.6952830188679244,0.12844036697247707,1
0.7160377358490564,0.12844036697247707,1
0.7367924528301888,0.12844036697247707,1
0.7575471698113208,0.12844036697247707,1
0.7783018867924527,0.12844036697247707,1
0.7990566037735847,0.12844036697247707,1
0.8198113207547171,0.12844036697247707,1
0.840566037735849,0.12844036697247707,1
0.861320754716981,0.12844036697247707,1
0.882075471698113,0.12844036697247707,1
0.9028301886792454,0.12844036697247707,1
0.9235849056603773,0.12844036697247707,1
0.9443396226415093,0.12844036697247707,1
0.9650943396226412,0.12844036697247707,1
0.9858490566037736,0.12844036697247707,1
1.0066037735849056,0.12844036697247707,1
1.0273584905660376,0.12844036697247707,1
1.04811320754717,0.12844036697247707,1
1.068867924528302,0.12844036697247707,1
1.0896226415094339,0.12844036697247707,1
1.1103773584905658,0.12844036697247707,1
1.1311320754716983,0.12844036697247707,1
1.1518867924528302,0.12844036697247707,1
1.1726415094339622,0.12844036697247707,1
1.1933962264150941,0.12844036697247707,1
1.2141509433962265,0.12844036697247707,1
1.2349056603773585,0.12844036697247707,1
1.2556603773584905,0.12844036697247707,1
1.2764150943396224,0.12844036697247707,1
1.2971698113207548,0.12844036697247707,1
1.3179245283018868,0.12844036697247707,1
1.3386792452830187,0.12844036697247707,1
1.3594339622641507,0.12844036697247707,1
1.380188679245283,0.12844036697247707,1
1.400943396226415,0.12844036697247707,1
1.421698113207547,0.12844036697247707,1
1.442452830188679,0.12844036697247707,1
1.4632075471698114,0.12844036697247707,1
1.4839622641509433,0.12844036697247707,1
1.5047169811320753,0.12844036697247707,1
1.5254716981132073,0.12844036697247707,1
1.5462264150943397,0.12844036697247707,1
1.5669811320754716,0.12844036697247707,1
1.5877358490566036,0.12844036697247707,1
1.6084905660377355,0.12844036697247707,1
1.629245283018868,0.12844036697247707,1
1.65,0.12844036697247707,1
-1.65,0.13761467889908258,0
-1.6292452830188677,0.13761467889908258,0
-1.6084905660377358,0.13761467889908258,0
-1.5877358490566036,0.13761467889908258,0
-1.5669811320754716,0.13761467889908258,0
-1.5462264150943394,0.13761467889908258,0
-1.5254716981132075,0.13761467889908258,0
-1.5047169811320753,0.13761467889908258,0
-1.4839622641509433,0.13761467889908258,0
-1.4632075471698112,0.13761467889908258,0
-1.4424528301886792,0.13761467889908258,0
-1.421698113207547,0.13761467889908258,0
-1.400943396226415,0.13761467889908258,0
-1.3801886792452829,0.13761467889908258,0
-1.359433962264151,0.13761467889908258,0
-1.3386792452830187,0.13761467889908258,0
-1.3179245283018868,0.13761467889908258,0
-1.2971698113207546,0.13761467889908258,0
-1.2764150943396226,0.13761467889908258,0
-1.2556603773584905,0.13761467889908258,0
-1.2349056603773585,0.13761467889908258,0
-1.2141509433962263,0.13761467889908258,0
-1.1933962264150944,0.13761467889908258,0
-1.1726415094339622,0.13761467889908258,0
-1.1518867924528302,0.13761467889908258,0
-1.131132075471698,0.13761467889908258,0
-1.1103773584905658,0.13761467889908258,0
-1.0896226415094339,0.13761467889908258,0
-1.068867924528302,0.13761467889908258,0
-1.0481132075471697,0.13761467889908258,0
-1.0273584905660376,0.13761467889908258,0
-1.0066037735849056,0.13761467889908258,0
-0.9858490566037735,0.13761467889908258,0
-0.9650943396226415,0.13761467889908258,0
-0.9443396226415094,0.13761467889908258,0
-0.9235849056603773,0.13761467889908258,0
-0.9028301886792452,0.13761467889908258,0
-0.8820754716981132,0.13761467889908258,0
-0.8613207547169811,0.13761467889908258,0
-0.840566037735849,0.13761467889908258,0
-0.819811320754717,0.13761467889908258,0
-0.7990566037735849,0.13761467889908258,0
-0.7783018867924528,0.13761467889908258,0
-0.7575471698113208,0.13761467889908258,0
-0.7367924528301887,0.13761467889908258,0
-0.7160377358490566,0.13761467889908258,0
-0.6952830188679245,0.13761467889908258,0
-0.6745283018867925,0.13761467889908258,0
-0.6537735849056603,0.13761467889908258,0
-0.6330188679245283,0.13761467889908258,0
-0.6122641509433961,0.13761467889908258,0
-0.5915094339622642,0.13761467889908258,0
-0.570754716981132,0.13761467889908258,0
-0.55,0.13761467889908258,0
-0.5292452830188679,0.13761467889908258,0
-0.5084905660377359,0.13761467889908258,0
-0.4877358490566037,0.13761467889908258,0
-0.46698113207547176,0.13761467889908258,0
-0.4462264150943396,0.13761467889908258,0
-0.4254716981132076,0.13761467889908258,0
-0.40471698113207544,0.13761467889908258,0
-0.3839622641509435,0.13761467889908258,0
-0.3632075471698113,0.13761467889908258,0
-0.34245283018867934,0.13761467889908258,0
-0.32169811320754715,0.13761467889908258,0
-0.30094339622641497,0.13761467889908258,0
-0.280188679245283,0.13761467889908258,0
-0.25943396226415083,0.13761467889908258,0
-0.23867924528301887,0.13761467889908258,0
-0.2179245283018867,0.13761467889908258,0
-0.19716981132075473,0.13761467889908258,0
-0.17641509433962255,0.13761467889908258,0
-0.1556603773584906,0.13761467889908258,0
-0.1349056603773584,0.13761467889908258,0
-0.11415094339622645,0.13761467889908258,0
-0.09339622641509426,0.13761467889908258,0
-0.0726415094339623,0.13761467889908258,0
-0.05188679245283012,0.13761467889908258,0
-0.031132075471698162,0.13761467889908258,0
-0.01037735849056598,0.13761467889908258,0
0.01037735849056598,0.13761467889908258,0
0.031132075471698162,0.13761467889908258,0
0.05188679245283012,0.13761467889908258,0
0.0726415094339623,0.13761467889908258,0
0.09339622641509426,0.13761467889908258,0
0.11415094339622645,0.13761467889908258,0
0.1349056603773584,0.13761467889908258,0
0.1556603773584906,0.13761467889908258,0
0.17641509433962255,0.13761467889908258,0
0.19716981132075473,0.13761467889908258,0
0.2179245283018867,0.13761467889908258,0
0.23867924528301887,0.13761467889908258,0
0.25943396226415083,0.13761467889908258,0
0.280188679245283,0.13761467889908258,0
0.30094339622641497,0.13761467889908258,1
0.32169811320754715,0.13761467889908258,1
0.34245283018867934,0.13761467889908258,1
0.3632075471698113,0.13761467889908258,1
0.38396226415094326,0.13761467889908258,1
0.40471698113207566,0.13761467889908258,1
0.4254716981132076,0.13761467889908258,1
0.4462264150943396,0.13761467889908258,1
0.46698113207547154,0.13761467889908258,1
0.48773584905660394,0.13761467889908258,1
0.5084905660377359,0.13761467889908258,1
0.5292452830188679,0.13761467889908258,1
0.5499999999999998,0.13761467889908258,1
0.5707547169811322,0.13761467889908258,1
0.5915094339622642,0.13761467889908258,1
0.6122641509433961,0.13761467889908258,1
0.6330188679245281,0.13761467889908258,1
0.6537735849056605,0.13761467889908258,1
0.6745283018867925,0.13761467889908258,1
0.6952830188679244,0.13761467889908258,1
0.7160377358490564,0.13761467889908258,1
0.7367924528301888,0.13761467889908258,1
0.7575471698113208,0.13761467889908258,1
0.7783018867924527,0.13761467889908258,1
0.7990566037735847,0.13761467889908258,1
0.8198113207547171,0.13761467889908258,1
0.840566037735849,0.13761467889908258,1
0.861320754716981,0.13761467889908258,1
0.882075471698113,0.13761467889908258,1
0.9028301886792454,0.13761467889908258,1
0.9235849056603773,0.13761467889908258,1
0.9443396226415093,0.13761467889908258,1
0.9650943396226412,0.13761467889908258,1
0.9858490566037736,0.13761467889908258,1
1.0066037735849056,0.13761467889908258,1
1.0273584905660376,0.13761467889908258,1
1.04811320754717,0.13761467889908258,1
1.068867924528302,0.13761467889908258,1
1.0896226415094339,0.13761467889908258,1
1.1103773584905658,0.13761467889908258,1
1.1311320754716983,0.13761467889908258,1
1.1518867924528302,0.13761467889908258,1
1.1726415094339622,0.13761467889908258,1
1.1933962264150941,0.13761467889908258,1
1.2141509433962265,0.13761467889908258,1
1.2349056603773585,0.13761467889908258,1
1.2556603773584905,0.13761467889908258,1
1.2764150943396224,0.13761467889908258,1
1.2971698113207548,0.13761467889908258,1
1.3179245283018868,0.13761467889908258,1
1.3386792452830187,0.13761467889908258,1
1.3594339622641507,0.13761467889908258,1
1.380188679245283,0.13761467889908258,1
1.400943396226415,0.13761467889908258,1
1.421698113207547,0.13761467889908258,1
1.442452830188679,0.13761467889908258,1
1.4632075471698114,0.13761467889908258,1
1.4839622641509433,0.13761467889908258,1
1.5047169811320753,0.13761467889908258,1
1.5254716981132073,0.13761467889908258,1
1.5462264150943397,0.13761467889908258,1
1.5669811320754716,0.13761467889908258,1
1.5877358490566036,0.13761467889908258,1
1.6084905660377355,0.13761467889908258,1
1.629245283018868,0.13761467889908258,1
1.65,0.13761467889908258,1
-1.65,0.14678899082568808,0
-1.6292452830188677,0.14678899082568808,0
-1.6084905660377358,0.14678899082568808,0
-1.5877358490566036,0.14678899082568808,0
-1.5669811320754716,0.14678899082568808,0
-1.5462264150943394,0.14678899082568808,0
-1.5254716981132075,0.14678899082568808,0
-1.5047169811320753,0.14678899082568808,0
-1.4839622641509433,0.14678899082568808,0
-1.4632075471698112,0.14678899082568808,0
-1.4424528301886792,0.14678899082568808,0
-1.421698113207547,0.14678899082568808,0
-1.400943396226415,0.14678899082568808,0
-1.3801886792452829,0.14678899082568808,0
-1.359433962264151,0.14678899082568808,0
-1.3386792452830187,0.14678899082568808,0
-1.3179245283018868,0.14678899082568808,0
-1.2971698113207546,0.14678899082568808,0
-1.2764150943396226,0.14678899082568808,0
-1.2556603773584905,0.14678899082568808,0
-1.2349056603773585,0.14678899082568808,0
-1.2141509433962263,0.14678899082568808,0
-1.1933962264150944,0.14678899082568808,0
-1.1726415094339622,0.14678899082568808,0
-1.1518867924528302,0.14678899082568808,0
-1.131132075471698,0.14678899082568808,0
-1.1103773584905658,0.14678899082568808,0
-1.0896226415094339,0.14678899082568808,0
-1.068867924528302,0.14678899082568808,0
-1.0481132075471697,0.14678899082568808,0
-1.0273584905660376,0.14678899082568808,0
-1.0066037735849056,0.14678899082568808,0
-0.9858490566037735,0.14678899082568808,0
-0.9650943396226415,0.14678899082568808,0
-0.9443396226415094,0.14678899082568808,0
-0.9235849056603773,0.14678899082568808,0
-0.9028301886792452,0.14678899082568808,0
-0.8820754716981132,0.14678899082568808,0
-0.8613207547169811,0.14678899082568808,0
-0.840566037735849,0.14678899082568808,0
-0.819811320754717,0.14678899082568808,0
-0.7990566037735849,0.14678899082568808,0
-0.7783018867924528,0.14678899082568808,0
-0.7575471698113208,0.14678899082568808,0
-0.7367924528301887,0.14678899082568808,0
-0.7160377358490566,0.14678899082568808,0
-0.6952830188679245,0.14678899082568808,0
-0.6745283018867925,0.14678899082568808,0
-0.6537735849056603,0.14678899082568808,0
-0.6330188679245283,0.14678899082568808,0
-0.6122641509433961,0.14678899082568808,0
-0.5915094339622642,0.14678899082568808,0
-0.570754716981132,0.14678899082568808,0
-0.55,0.14678899082568808,0
-0.5292452830188679,0.14678899082568808,0
-0.5084905660377359,0.14678899082568808,0
-0.4877358490566037,0.14678899082568808,0
-0.46698113207547176,0.14678899082568808,0
-0.4462264150943396,0.14678899082568808,0
-0.4254716981132076,0.14678899082568808,0
-0.40471698113207544,0.14678899082568808,0
-0.3839622641509435,0.14678899082568808,0
-0.3632075471698113,0.14678899082568808,0
-0.34245283018867934,0.14678899082568808,0
-0.32169811320754715,0.14678899082568808,0
-0.30094339622641497,0.14678899082568808,0
-0.280188679245283,0.14678899082568808,0
-0.25943396226415083,0.14678899082568808,0
-0.23867924528301887,0.14678899082568808,0
-0.2179245283018867,0.14678899082568808,0
-0.19716981132075473,0.14678899082568808,0
-0.17641509433962255,0.14678899082568808,0
-0.1556603773584906,0.14678899082568808,0
-0.1349056603773584,0.14678899082568808,0
-0.11415094339622645,0.14678899082568808,0
-0.09339622641509426,0.14678899082568808,0
-0.0726415094339623,0.14678899082568808,0
-0.05188679245283012,0.14678899082568808,0
-0.031132075471698162,0.14678899082568808,0
-0.01037735849056598,0.14678899082568808,0
0.01037735849056598,0.14678899082568808,0
0.031132075471698162,0.14678899082568808,0
0.05188679245283012,0.14678899082568808,0
0.0726415094339623,0.14678899082568808,0
0.09339622641509426,0.14678899082568808,0
0.11415094339622645,0.14678899082568808,0
0.1349056603773584,0.14678899082568808,0
0.1556603773584906,0.14678899082568808,0
0.17641509433962255,0.14678899082568808,0
0.19716981132075473,0.14678899082568808,0
0.2179245283018867,0.14678899082568808,0
0.23867924528301887,0.14678899082568808,0
0.25943396226415083,0.14678899082568808,0
0.280188679245283,0.14678899082568808,0
0.30094339622641497,0.14678899082568808,1
0.32169811320754715,0.14678899082568808,1
0.34245283018867934,0.14678899082568808,1
0.3632075471698113,0.14678899082568808,1
0.38396226415094326,0.14678899082568808,1
0.40471698113207566,0.14678899082568808,1
0.4254716981132076,0.14678899082568808,1
0.4462264150943396,0.14678899082568808,1
0.46698113207547154,0.14678899082568808,1
0.48773584905660394,0.14678899082568808,1
0.5084905660377359,0.14678899082568808,1
0.5292452830188679,0.14678899082568808,1
0.5499999999999998,0.14678899082568808,1
0.5707547169811322,0.14678899082568808,1
0.5915094339622642,0.14678899082568808,1
0.6122641509433961,0.14678899082568808,1
0.6330188679245281,0.14678899082568808,1
0.6537735849056605,0.14678899082568808,1
0.6745283018867925,0.14678899082568808,1
0.6952830188679244,0.14678899082568808,1
0.7160377358490564,0.14678899082568808,1
0.7367924528301888,0.14678899082568808,1
0.7575471698113208,0.14678899082568808,1
0.7783018867924527,0.14678899082568808,1
0.7990566037735847,0.14678899082568808,1
0.8198113207547171,0.14678899082568808,1
0.840566037735849,0.14678899082568808,1
0.861320754716981,0.14678899082568808,1
0.882075471698113,0.14678899082568808,1
0.9028301886792454,0.14678899082568808,1
0.9235849056603773,0.14678899082568808,1
0.9443396226415093,0.14678899082568808,1
0.9650943396226412,0.14678899082568808,1
0.9858490566037736,0.14678899082568808,1
1.0066037735849056,0.14678899082568808,1
1.0273584905660376,0.14678899082568808,1
1.04811320754717,0.14678899082568808,1
1.068867924528302,0.14678899082568808,1
1.0896226415094339,0.14678899082568808,1
1.1103773584905658,0.14678899082568808,1
1.1311320754716983,0.14678899082568808,1
1.1518867924528302,0.14678899082568808,1
1.1726415094339622,0.14678899082568808,1
1.1933962264150941,0.14678899082568808,1
1.2141509433962265,0.14678899082568808,1
1.2349056603773585,0.14678899082568808,1
1.2556603773584905,0.14678899082568808,1
1.2764150943396224,0.14678899082568808,1
1.2971698113207548,0.14678899082568808,1
1.3179245283018868,0.14678899082568808,1
1.3386792452830187,0.14678899082568808,1
1.3594339622641507,0.14678899082568808,1
1.380188679245283,0.14678899082568808,1
1.400943396226415,0.14678899082568808,1
1.421698113207547,0.14678899082568808,1
1.442452830188679,0.14678899082568808,1
1.4632075471698114,0.14678899082568808,1
1.4839622641509433,0.14678899082568808,1
1.5047169811320753,0.14678899082568808,1
1.5254716981132073,0.14678899082568808,1
1.5462264150943397,0.14678899082568808,1
1.5669811320754716,0.14678899082568808,1
1.5877358490566036,0.14678899082568808,1
1.6084905660377355,0.14678899082568808,1
1.629245283018868,0.14678899082568808,1
1.65,0.14678899082568808,1
-1.65,0.1559633027522936,0
-1.6292452830188677,0.1559633027522936,0
-1.6084905660377358,0.1559633027522936,0
-1.5877358490566036,0.1559633027522936,0
-1.5669811320754716,0.1559633027522936,0
-1.5462264150943394,0.1559633027522936,0
-1.5254716981132075,0.1559633027522936,0
-1.5047169811320753,0.1559633027522936,0
-1.4839622641509433,0.1559633027522936,0
-1.4632075471698112,0.1559633027522936,0
-1.4424528301886792,0.1559633027522936,0
-1.421698113207547,0.1559633027522936,0
-1.400943396226415,0.1559633027522936,0
-1.3801886792452829,0.1559633027522936,0
-1.359433962264151,0.1559633027522936,0
-1.3386792452830187,0.1559633027522936,0
-1.3179245283018868,0.1559633027522936,0
-1.2971698113207546,0.1559633027522936,0
-1.2764150943396226,0.1559633027522936,0
-1.2556603773584905,0.1559633027522936,0
-1.2349056603773585,0.1559633027522936,0
-1.2141509433962263,0.1559633027522936,0
-1.1933962264150944,0.1559633027522936,0
-1.1726415094339622,0.1559633027522936,0
-1.1518867924528302,0.1559633027522936,0
-1.131132075471698,0.1559633027522936,0
-1.1103773584905658,0.1559633027522936,0
-1.0896226415094339,0.1559633027522936,0
-1.068867924528302,0.1559633027522936,0
-1.0481132075471697,0.1559633027522936,0
-1.0273584905660376,0.1559633027522936,0
-1.0066037735849056,0.1559633027522936,0
-0.9858490566037735,0.1559633027522936,0
-0.9650943396226415,0.1559633027522936,0
-0.9443396226415094,0.1559633027522936,0
-0.9235849056603773,0.1559633027522936,0
-0.9028301886792452,0.1559633027522936,0
-0.8820754716981132,0.1559633027522936,0
-0.8613207547169811,0.1559633027522936,0
-0.840566037735849,0.1559633027522936,0
-0.819811320754717,0.1559633027522936,0
-0.7990566037735849,0.1559633027522936,0
-0.7783018867924528,0.1559633027522936,0
-0.7575471698113208,0.1559633027522936,0
-0.7367924528301887,0.1559633027522936,0
-0.7160377358490566,0.1559633027522936,0
-0.6952830188679245,0.1559633027522936,0
-0.6745283018867925,0.1559633027522936,0
-0.6537735849056603,0.1559633027522936,0
-0.6330188679245283,0.1559633027522936,0
-0.6122641509433961,0.1559633027522936,0
-0.5915094339622642,0.1559633027522936,0
-0.570754716981132,0.1559633027522936,0
-0.55,0.1559633027522936,0
-0.5292452830188679,0.1559633027522936,0
-0.5084905660377359,0.1559633027522936,0
-0.4877358490566037,0.1559633027522936,0
-0.46698113207547176,0.1559633027522936,0
-0.4462264150943396,0.1559633027522936,0
-0.4254716981132076,0.1559633027522936,0
-0.40471698113207544,0.1559633027522936,0
-0.3839622641509435,0.1559633027522936,0
-0.3632075471698113,0.1559633027522936,0
-0.34245283018867934,0.1559633027522936,0
-0.32169811320754715,0.1559633027522936,0
-0.30094339622641497,0.1559633027522936,0
-0.280188679245283,0.1559633027522936,0
-0.25943396226415083,0.1559633027522936,0
-0.23867924528301887,0.1559633027522936,0
-0.2179245283018867,0.1559633027522936,0
-0.19716981132075473,0.1559633027522936,0
-0.17641509433962255,0.1559633027522936,0
-0.1556603773584906,0.1559633027522936,0
-0.1349056603773584,0.1559633027522936,0
-0.11415094339622645,0.1559633027522936,0
-0.09339622641509426,0.1559633027522936,0
-0.0726415094339623,0.1559633027522936,0
-0.05188679245283012,0.1559633027522936,0
-0.031132075471698162,0.1559633027522936,0
-0.01037735849056598,0.1559633027522936,0
0.01037735849056598,0.1559633027522936,0
0.031132075471698162,0.1559633027522936,0
0.05188679245283012,0.1559633027522936,0
0.0726415094339623,0.1559633027522936,0
0.09339622641509426,0.1559633027522936,0
0.11415094339622645,0.1559633027522936,0
0.1349056603773584,0.1559633027522936,0
0.1556603773584906,0.1559633027522936,0
0.17641509433962255,0.1559633027522936,0
0.19716981132075473,0.1559633027522936,0
0.2179245283018867,0.1559633027522936,0
0.23867924528301887,0.1559633027522936,0
0.25943396226415083,0.1559633027522936,0
0.280188679245283,0.1559633027522936,0
0.30094339622641497,0.1559633027522936,1
0.32169811320754715,0.1559633027522936,1
0.34245283018867934,0.1559633027522936,1
0.3632075471698113,0.1559633027522936,1
0.38396226415094326,0.1559633027522936,1
0.40471698113207566,0.1559633027522936,1
0.4254716981132076,0.1559633027522936,1
0.4462264150943396,0.1559633027522936,1
0.46698113207547154,0.1559633027522936,1
0.48773584905660394,0.1559633027522936,1
0.5084905660377359,0.1559633027522936,1
0.5292452830188679,0.1559633027522936,1
0.5499999999999998,0.1559633027522936,1
0.5707547169811322,0.1559633027522936,1
0.5915094339622642,0.1559633027522936,1
0.6122641509433961,0.1559633027522936,1
0.6330188679245281,0.1559633027522936,1
0.6537735849056605,0.1559633027522936,1
0.6745283018867925,0.1559633027522936,1
0.6952830188679244,0.1559633027522936,1
0.7160377358490564,0.1559633027522936,1
0.7367924528301888,0.1559633027522936,1
0.7575471698113208,0.1559633027522936,1
0.7783018867924527,0.1559633027522936,1
0.7990566037735847,0.1559633027522936,1
0.8198113207547171,0.1559633027522936,1
0.840566037735849,0.1559633027522936,1
0.861320754716981,0.1559633027522936,1
0.882075471698113,0.1559633027522936,1
0.9028301886792454,0.1559633027522936,1
0.9235849056603773,0.1559633027522936,1
0.9443396226415093,0.1559633027522936,1
0.9650943396226412,0.1559633027522936,1
0.9858490566037736,0.1559633027522936,1
1.0066037735849056,0.1559633027522936,1
1.0273584905660376,0.1559633027522936,1
1.04811320754717,0.1559633027522936,1
1.068867924528302,0.1559633027522936,1
1.0896226415094339,0.1559633027522936,1
1.1103773584905658,0.1559633027522936,1
1.1311320754716983,0.1559633027522936,1
1.1518867924528302,0.1559633027522936,1
1.1726415094339622,0.1559633027522936,1
1.1933962264150941,0.1559633027522936,1
1.2141509433962265,0.1559633027522936,1
1.2349056603773585,0.1559633027522936,1
1.2556603773584905,0.1559633027522936,1
1.2764150943396224,0.1559633027522936,1
1.2971698113207548,0.1559633027522936,1
1.3179245283018868,0.1559633027522936,1
1.3386792452830187,0.1559633027522936,1
1.3594339622641507,0.1559633027522936,1
1.380188679245283,0.1559633027522936,1
1.400943396226415,0.1559633027522936,1
1.421698113207547,0.1559633027522936,1
1.442452830188679,0.1559633027522936,1
1.4632075471698114,0.1559633027522936,1
1.4839622641509433,0.1559633027522936,1
1.5047169811320753,0.1559633027522936,1
1.5254716981132073,0.1559633027522936,1
1.5462264150943397,0.1559633027522936,1
1.5669811320754716,0.1559633027522936,1
1.5877358490566036,0.1559633027522936,1
1.6084905660377355,0.1559633027522936,1
1.629245283018868,0.1559633027522936,1
1.65,0.1559633027522936,1
-1.65,0.1651376146788991,0
-1.6292452830188677,0.1651376146788991,0
-1.6084905660377358,0.1651376146788991,0
-1.5877358490566036,0.1651376146788991,0
-1.5669811320754716,0.1651376146788991,0
-1.5462264150943394,0.1651376146788991,0
-1.5254716981132075,0.1651376146788991,0
-1.5047169811320753,0.1651376146788991,0
-1.4839622641509433,0.1651376146788991,0
-1.4632075471698112,0.1651376146788991,0
-1.4424528301886792,0.1651376146788991,0
-1.421698113207547,0.1651376146788991,0
-1.400943396226415,0.1651376146788991,0
-1.3801886792452829,0.1651376146788991,0
-1.359433962264151,0.1651376146788991,0
-1.3386792452830187,0.1651376146788991,0
-1.3179245283018868,0.1651376146788991,0
-1.2971698113207546,0.1651376146788991,0
-1.2764150943396226,0.1651376146788991,0
-1.2556603773584905,0.1651376146788991,0
-1.2349056603773585,0.1651376146788991,0
-1.2141509433962263,0.1651376146788991,0
-1.1933962264150944,0.1651376146788991,0
-1.1726415094339622,0.1651376146788991,0
-1.1518867924528302,0.1651376146788991,0
-1.131132075471698,0.1651376146788991,0
-1.1103773584905658,0.1651376146788991,0
-1.0896226415094339,0.1651376146788991,0
-1.068867924528302,0.1651376146788991,0
-1.0481132075471697,0.1651376146788991,0
-1.0273584905660376,0.1651376146788991,0
-1.0066037735849056,0.1651376146788991,0
-0.9858490566037735,0.1651376146788991,0
-0.9650943396226415,0.1651376146788991,0
-0.9443396226415094,0.1651376146788991,0
-0.9235849056603773,0.1651376146788991,0
-0.9028301886792452,0.1651376146788991,0
-0.8820754716981132,0.1651376146788991,0
-0.8613207547169811,0.1651376146788991,0
-0.840566037735849,0.1651376146788991,0
-0.819811320754717,0.1651376146788991,0
-0.7990566037735849,0.1651376146788991,0
-0.7783018867924528,0.1651376146788991,0
-0.7575471698113208,0.1651376146788991,0
-0.7367924528301887,0.1651376146788991,0
-0.7160377358490566,0.1651376146788991,0
-0.6952830188679245,0.1651376146788991,0
-0.6745283018867925,0.1651376146788991,0
-0.6537735849056603,0.1651376146788991,0
-0.6330188679245283,0.1651376146788991,0
-0.6122641509433961,0.1651376146788991,0
-0.5915094339622642,0.1651376146788991,0
-0.570754716981132,0.1651376146788991,0
-0.55,0.1651376146788991,0
-0.5292452830188679,0.1651376146788991,0
-0.5084905660377359,0.1651376146788991,0
-0.4877358490566037,0.1651376146788991,0
-0.46698113207547176,0.1651376146788991,0
-0.4462264150943396,0.1651376146788991,0
-0.4254716981132076,0.1651376146788991,0
-0.40471698113207544,0.1651376146788991,0
-0.3839622641509435,0.1651376146788991,0
-0.3632075471698113,0.1651376146788991,0
-0.34245283018867934,0.1651376146788991,0
-0.32169811320754715,0.1651376146788991,0
-0.30094339622641497,0.1651376146788991,0
-0.280188679245283,0.1651376146788991,0
-0.25943396226415083,0.1651376146788991,0
-0.23867924528301887,0.1651376146788991,0
-0.2179245283018867,0.1651376146788991,0
-0.19716981132075473,0.1651376146788991,0
-0.17641509433962255,0.1651376146788991,0
-0.1556603773584906,0.1651376146788991,0
-0.1349056603773584,0.1651376146788991,0
-0.11415094339622645,0.1651376146788991,0
-0.09339622641509426,0.1651376146788991,0
-0.0726415094339623,0.1651376146788991,0
-0.05188679245283012,0.1651376146788991,0
-0.031132075471698162,0.1651376146788991,0
-0.01037735849056598,0.1651376146788991,0
0.01037735849056598,0.1651376146788991,0
0.031132075471698162,0.1651376146788991,0
0.05188679245283012,0.1651376146788991,0
0.0726415094339623,0.1651376146788991,0
0.09339622641509426,0.1651376146788991,0
0.11415094339622645,0.1651376146788991,0
0.1349056603773584,0.1651376146788991,0
0.1556603773584906,0.1651376146788991,0
0.17641509433962255,0.1651376146788991,0
0.19716981132075473,0.1651376146788991,0
0.2179245283018867,0.1651376146788991,0
0.23867924528301887,0.1651376146788991,0
0.25943396226415083,0.1651376146788991,0
0.280188679245283,0.1651376146788991,0
0.30094339622641497,0.1651376146788991,1
0.32169811320754715,0.1651376146788991,1
0.34245283018867934,0.1651376146788991,1
0.3632075471698113,0.1651376146788991,1
0.38396226415094326,0.1651376146788991,1
0.40471698113207566,0.1651376146788991,1
0.4254716981132076,0.1651376146788991,1
0.4462264150943396,0.1651376146788991,1
0.46698113207547154,0.1651376146788991,1
0.48773584905660394,0.1651376146788991,1
0.5084905660377359,0.1651376146788991,1
0.5292452830188679,0.1651376146788991,1
0.5499999999999998,0.1651376146788991,1
0.5707547169811322,0.1651376146788991,1
0.5915094339622642,0.1651376146788991,1
0.6122641509433961,0.1651376146788991,1
0.6330188679245281,0.1651376146788991,1
0.6537735849056605,0.1651376146788991,1
0.6745283018867925,0.1651376146788991,1
0.6952830188679244,0.1651376146788991,1
0.7160377358490564,0.1651376146788991,1
0.7367924528301888,0.1651376146788991,1
0.7575471698113208,0.1651376146788991,1
0.7783018867924527,0.1651376146788991,1
0.7990566037735847,0.1651376146788991,1
0.8198113207547171,0.1651376146788991,1
0.840566037735849,0.1651376146788991,1
0.861320754716981,0.1651376146788991,1
0.882075471698113,0.1651376146788991,1
0.9028301886792454,0.1651376146788991,1
0.9235849056603773,0.1651376146788991,1
0.9443396226415093,0.1651376146788991,1
0.9650943396226412,0.1651376146788991,1
0.9858490566037736,0.1651376146788991,1
1.0066037735849056,0.1651376146788991,1
1.0273584905660376,0.1651376146788991,1
1.04811320754717,0.1651376146788991,1
1.068867924528302,0.1651376146788991,1
1.0896226415094339,0.1651376146788991,1
1.1103773584905658,0.1651376146788991,1
1.1311320754716983,0.1651376146788991,1
1.1518867924528302,0.1651376146788991,1
1.1726415094339622,0.1651376146788991,1
1.1933962264150941,0.1651376146788991,1
1.2141509433962265,0.1651376146788991,1
1.2349056603773585,0.1651376146788991,1
1.2556603773584905,0.1651376146788991,1
1.2764150943396224,0.1651376146788991,1
1.2971698113207548,0.1651376146788991,1
1.3179245283018868,0.1651376146788991,1
1.3386792452830187,0.1651376146788991,1
1.3594339622641507,0.1651376146788991,1
1.380188679245283,0.1651376146788991,1
1.400943396226415,0.1651376146788991,1
1.421698113207547,0.1651376146788991,1
1.442452830188679,0.1651376146788991,1
1.4632075471698114,0.1651376146788991,1
1.4839622641509433,0.1651376146788991,1
1.5047169811320753,0.1651376146788991,1
1.5254716981132073,0.1651376146788991,1
1.5462264150943397,0.1651376146788991,1
1.5669811320754716,0.1651376146788991,1
1.5877358490566036,0.1651376146788991,1
1.6084905660377355,0.1651376146788991,1
1.629245283018868,0.1651376146788991,1
1.65,0.1651376146788991,1
-1.65,0.1743119266055046,0
-1.6292452830188677,0.1743119266055046,0
-1.6084905660377358,0.1743119266055046,0
-1.5877358490566036,0.1743119266055046,0
-1.5669811320754716,0.1743119266055046,0
-1.5462264150943394,0.1743119266055046,0
-1.5254716981132075,0.1743119266055046,0
-1.5047169811320753,0.1743119266055046,0
-1.4839622641509433,0.1743119266055046,0
-1.4632075471698112,0.1743119266055046,0
-1.4424528301886792,0.1743119266055046,0
-1.421698113207547,0.1743119266055046,0
-1.400943396226415,0.1743119266055046,0
-1.3801886792452829,0.1743119266055046,0
-1.359433962264151,0.1743119266055046,0
-1.3386792452830187,0.1743119266055046,0
-1.3179245283018868,0.1743119266055046,0
-1.2971698113207546,0.1743119266055046,0
-1.2764150943396226,0.1743119266055046,0
-1.2556603773584905,0.1743119266055046,0
-1.2349056603773585,0.1743119266055046,0
-1.2141509433962263,0.1743119266055046,0
-1.1933962264150944,0.1743119266055046,0
-1.1726415094339622,0.1743119266055046,0
-1.1518867924528302,0.1743119266055046,0
-1.131132075471698,0.1743119266055046,0
-1.1103773584905658,0.1743119266055046,0
-1.0896226415094339,0.1743119266055046,0
-1.068867924528302,0.1743119266055046,0
-1.0481132075471697,0.1743119266055046,0
-1.0273584905660376,0.1743119266055046,0
-1.0066037735849056,0.1743119266055046,0
-0.9858490566037735,0.1743119266055046,0
-0.9650943396226415,0.1743119266055046,0
-0.9443396226415094,0.1743119266055046,0
-0.9235849056603773,0.1743119266055046,0
-0.9028301886792452,0.1743119266055046,0
-0.8820754716981132,0.1743119266055046,0
-0.8613207547169811,0.1743119266055046,0
-0.840566037735849,0.1743119266055046,0
-0.819811320754717,0.1743119266055046,0
-0.7990566037735849,0.1743119266055046,0
-0.7783018867924528,0.1743119266055046,0
-0.7575471698113208,0.1743119266055046,0
-0.7367924528301887,0.1743119266055046,0
-0.7160377358490566,0.1743119266055046,0
-0.6952830188679245,0.1743119266055046,0
-0.6745283018867925,0.1743119266055046,0
-0.6537735849056603,0.1743119266055046,0
-0.6330188679245283,0.1743119266055046,0
-0.6122641509433961,0.1743119266055046,0
-0.5915094339622642,0.1743119266055046,0
-0.570754716981132,0.1743119266055046,0
-0.55,0.1743119266055046,0
-0.5292452830188679,0.1743119266055046,0
-0.5084905660377359,0.1743119266055046,0
-0.4877358490566037,0.1743119266055046,0
-0.46698113207547176,0.1743119266055046,0
-0.4462264150943396,0.1743119266055046,0
-0.4254716981132076,0.1743119266055046,0
-0.40471698113207544,0.1743119266055046,0
-0.3839622641509435,0.1743119266055046,0
-0.3632075471698113,0.1743119266055046,0
-0.34245283018867934,0.1743119266055046,0
-0.32169811320754715,0.1743119266055046,0
-0.30094339622641497,0.1743119266055046,0
-0.280188679245283,0.1743119266055046,0
-0.25943396226415083,0.1743119266055046,0
-0.23867924528301887,0.1743119266055046,0
-0.2179245283018867,0.1743119266055046,0
-0.19716981132075473,0.1743119266055046,0
-0.17641509433962255,0.1743119266055046,0
-0.1556603773584906,0.1743119266055046,0
-0.1349056603773584,0.1743119266055046,0
-0.11415094339622645,0.1743119266055046,0
-0.09339622641509426,0.1743119266055046,0
-0.0726415094339623,0.1743119266055046,0
-0.05188679245283012,0.1743119266055046,0
-0.031132075471698162,0.1743119266055046,0
-0.01037735849056598,0.1743119266055046,0
0.01037735849056598,0.1743119266055046,0
0.031132075471698162,0.1743119266055046,0
0.05188679245283012,0.1743119266055046,0
0.0726415094339623,0.1743119266055046,0
0.09339622641509426,0.1743119266055046,0
0.11415094339622645,0.1743119266055046,0
0.1349056603773584,0.1743119266055046,0
0.1556603773584906,0.1743119266055046,0
0.17641509433962255,0.1743119266055046,0
0.19716981132075473,0.1743119266055046,0
0.2179245283018867,0.1743119266055046,0
0.23867924528301887,0.1743119266055046,0
0.25943396226415083,0.1743119266055046,0
0.280188679245283,0.1743119266055046,0
0.30094339622641497,0.1743119266055046,1
0.32169811320754715,0.1743119266055046,1
0.34245283018867934,0.1743119266055046,1
0.3632075471698113,0.1743119266055046,1
0.38396226415094326,0.1743119266055046,1
0.40471698113207566,0.1743119266055046,1
0.4254716981132076,0.1743119266055046,1
0.4462264150943396,0.1743119266055046,1
0.46698113207547154,0.1743119266055046,1
0.48773584905660394,0.1743119266055046,1
0.5084905660377359,0.1743119266055046,1
0.5292452830188679,0.1743119266055046,1
0.5499999999999998,0.1743119266055046,1
0.5707547169811322,0.1743119266055046,1
0.5915094339622642,0.1743119266055046,1
0.6122641509433961,0.1743119266055046,1
0.6330188679245281,0.1743119266055046,1
0.6537735849056605,0.1743119266055046,1
0.6745283018867925,0.1743119266055046,1
0.6952830188679244,0.1743119266055046,1
0.7160377358490564,0.1743119266055046,1
0.7367924528301888,0.1743119266055046,1
0.7575471698113208,0.1743119266055046,1
0.7783018867924527,0.1743119266055046,1
0.7990566037735847,0.1743119266055046,1
0.8198113207547171,0.1743119266055046,1
0.840566037735849,0.1743119266055046,1
0.861320754716981,0.1743119266055046,1
0.882075471698113,0.1743119266055046,1
0.9028301886792454,0.1743119266055046,1
0.9235849056603773,0.1743119266055046,1
0.9443396226415093,0.1743119266055046,1
0.9650943396226412,0.1743119266055046,1
0.9858490566037736,0.1743119266055046,1
1.0066037735849056,0.1743119266055046,1
1.0273584905660376,0.1743119266055046,1
1.04811320754717,0.1743119266055046,1
1.068867924528302,0.1743119266055046,1
1.0896226415094339,0.1743119266055046,1
1.1103773584905658,0.1743119266055046,1
1.1311320754716983,0.1743119266055046,1
1.1518867924528302,0.1743119266055046,1
1.1726415094339622,0.1743119266055046,1
1.1933962264150941,0.1743119266055046,1
1.2141509433962265,0.1743119266055046,1
1.2349056603773585,0.1743119266055046,1
1.2556603773584905,0.1743119266055046,1
1.2764150943396224,0.1743119266055046,1
1.2971698113207548,0.1743119266055046,1
1.3179245283018868,0.1743119266055046,1
1.3386792452830187,0.1743119266055046,1
1.3594339622641507,0.1743119266055046,1
1.380188679245283,0.1743119266055046,1
1.400943396226415,0.1743119266055046,1
1.421698113207547,0.1743119266055046,1
1.442452830188679,0.1743119266055046,1
1.4632075471698114,0.1743119266055046,1
1.4839622641509433,0.1743119266055046,1
1.5047169811320753,0.1743119266055046,1
1.5254716981132073,0.1743119266055046,1
1.5462264150943397,0.1743119266055046,1
1.5669811320754716,0.1743119266055046,1
1.5877358490566036,0.1743119266055046,1
1.6084905660377355,0.1743119266055046,1
1.629245283018868,0.1743119266055046,1
1.65,0.1743119266055046,1
-1.65,0.1834862385321101,0
-1.6292452830188677,0.1834862385321101,0
-1.6084905660377358,0.1834862385321101,0
-1.5877358490566036,0.1834862385321101,0
-1.5669811320754716,0.1834862385321101,0
-1.5462264150943394,0.1834862385321101,0
-1.5254716981132075,0.1834862385321101,0
-1.5047169811320753,0.1834862385321101,0
-1.4839622641509433,0.1834862385321101,0
-1.4632075471698112,0.1834862385321101,0
-1.4424528301886792,0.1834862385321101,0
-1.421698113207547,0.1834862385321101,0
-1.400943396226415,0.1834862385321101,0
-1.3801886792452829,0.1834862385321101,0
-1.359433962264151,0.1834862385321101,0
-1.3386792452830187,0.1834862385321101,0
-1.3179245283018868,0.1834862385321101,0
-1.2971698113207546,0.1834862385321101,0
-1.2764150943396226,0.1834862385321101,0
-1.2556603773584905,0.1834862385321101,0
-1.2349056603773585,0.1834862385321101,0
-1.2141509433962263,0.1834862385321101,0
-1.1933962264150944,0.1834862385321101,0
-1.1726415094339622,0.1834862385321101,0
-1.1518867924528302,0.1834862385321101,0
-1.131132075471698,0.1834862385321101,0
-1.1103773584905658,0.1834862385321101,0
-1.0896226415094339,0.1834862385321101,0
-1.068867924528302,0.1834862385321101,0
-1.0481132075471697,0.1834862385321101,0
-1.0273584905660376,0.1834862385321101,0
-1.0066037735849056,0.1834862385321101,0
-0.9858490566037735,0.1834862385321101,0
-0.9650943396226415,0.1834862385321101,0
-0.9443396226415094,0.1834862385321101,0
-0.9235849056603773,0.1834862385321101,0
-0.9028301886792452,0.1834862385321101,0
-0.8820754716981132,0.1834862385321101,0
-0.8613207547169811,0.1834862385321101,0
-0.840566037735849,0.1834862385321101,0
-0.819811320754717,0.1834862385321101,0
-0.7990566037735849,0.1834862385321101,0
-0.7783018867924528,0.1834862385321101,0
-0.7575471698113208,0.1834862385321101,0
-0.7367924528301887,0.1834862385321101,0
-0.7160377358490566,0.1834862385321101,0
-0.6952830188679245,0.1834862385321101,0
-0.6745283018867925,0.1834862385321101,0
-0.6537735849056603,0.1834862385321101,0
-0.6330188679245283,0.1834862385321101,0
-0.6122641509433961,0.1834862385321101,0
-0.5915094339622642,0.1834862385321101,0
-0.570754716981132,0.1834862385321101,0
-0.55,0.1834862385321101,0
-0.5292452830188679,0.1834862385321101,0
-0.5084905660377359,0.1834862385321101,0
-0.4877358490566037,0.1834862385321101,0
-0.46698113207547176,0.1834862385321101,0
-0.4462264150943396,0.1834862385321101,0
-0.4254716981132076,0.1834862385321101,0
-0.40471698113207544,0.1834862385321101,0
-0.3839622641509435,0.1834862385321101,0
-0.3632075471698113,0.1834862385321101,0
-0.34245283018867934,0.1834862385321101,0
-0.32169811320754715,0.1834862385321101,0
-0.30094339622641497,0.1834862385321101,0
-0.280188679245283,0.1834862385321101,0
-0.25943396226415083,0.1834862385321101,0
-0.23867924528301887,0.1834862385321101,0
-0.2179245283018867,0.1834862385321101,0
-0.19716981132075473,0.1834862385321101,0
-0.17641509433962255,0.1834862385321101,0
-0.1556603773584906,0.1834862385321101,0
-0.1349056603773584,0.1834862385321101,0
-0.11415094339622645,0.1834862385321101,0
-0.09339622641509426,0.1834862385321101,0
-0.0726415094339623,0.1834862385321101,0
-0.05188679245283012,0.1834862385321101,0
-0.031132075471698162,0.1834862385321101,0
-0.01037735849056598,0.1834862385321101,0
0.01037735849056598,0.1834862385321101,0
0.031132075471698162,0.1834862385321101,0
0.05188679245283012,0.1834862385321101,0
0.0726415094339623,0.1834862385321101,0
0.09339622641509426,0.1834862385321101,0
0.11415094339622645,0.1834862385321101,0
0.1349056603773584,0.1834862385321101,0
0.1556603773584906,0.1834862385321101,0
0.17641509433962255,0.1834862385321101,0
0.19716981132075473,0.1834862385321101,0
0.2179245283018867,0.1834862385321101,0
0.23867924528301887,0.1834862385321101,0
0.25943396226415083,0.1834862385321101,0
0.280188679245283,0.1834862385321101,0
0.30094339622641497,0.1834862385321101,1
0.32169811320754715,0.1834862385321101,1
0.34245283018867934,0.1834862385321101,1
0.3632075471698113,0.1834862385321101,1
0.38396226415094326,0.1834862385321101,1
0.40471698113207566,0.1834862385321101,1
0.4254716981132076,0.1834862385321101,1
0.4462264150943396,0.1834862385321101,1
0.46698113207547154,0.1834862385321101,1
0.48773584905660394,0.1834862385321101,1
0.5084905660377359,0.1834862385321101,1
0.5292452830188679,0.1834862385321101,1
0.5499999999999998,0.1834862385321101,1
0.5707547169811322,0.1834862385321101,1
0.5915094339622642,0.1834862385321101,1
0.6122641509433961,0.1834862385321101,1
0.6330188679245281,0.1834862385321101,1
0.6537735849056605,0.1834862385321101,1
0.6745283018867925,0.1834862385321101,1
0.6952830188679244,0.1834862385321101,1
0.7160377358490564,0.1834862385321101,1
0.7367924528301888,0.1834862385321101,1
0.7575471698113208,0.1834862385321101,1
0.7783018867924527,0.1834862385321101,1
0.7990566037735847,0.1834862385321101,1
0.8198113207547171,0.1834862385321101,1
0.840566037735849,0.1834862385321101,1
0.861320754716981,0.1834862385321101,1
0.882075471698113,0.1834862385321101,1
0.9028301886792454,0.1834862385321101,1
0.9235849056603773,0.1834862385321101,1
0.9443396226415093,0.1834862385321101,1
0.9650943396226412,0.1834862385321101,1
0.9858490566037736,0.1834862385321101,1
1.0066037735849056,0.1834862385321101,1
1.0273584905660376,0.1834862385321101,1
1.04811320754717,0.1834862385321101,1
1.068867924528302,0.1834862385321101,1
1.0896226415094339,0.1834862385321101,1
1.1103773584905658,0.1834862385321101,1
1.1311320754716983,0.1834862385321101,1
1.1518867924528302,0.1834862385321101,1
1.1726415094339622,0.1834862385321101,1
1.1933962264150941,0.1834862385321101,1
1.2141509433962265,0.1834862385321101,1
1.2349056603773585,0.1834862385321101,1
1.2556603773584905,0.1834862385321101,1
1.2764150943396224,0.1834862385321101,1
1.2971698113207548,0.1834862385321101,1
1.3179245283018868,0.1834862385321101,1
1.3386792452830187,0.1834862385321101,1
1.3594339622641507,0.1834862385321101,1
1.380188679245283,0.1834862385321101,1
1.400943396226415,0.1834862385321101,1
1.421698113207547,0.1834862385321101,1
1.442452830188679,0.1834862385321101,1
1.4632075471698114,0.1834862385321101,1
1.4839622641509433,0.1834862385321101,1
1.5047169811320753,0.1834862385321101,1
1.5254716981132073,0.1834862385321101,1
1.5462264150943397,0.1834862385321101,1
1.5669811320754716,0.1834862385321101,1
1.5877358490566036,0.1834862385321101,1
1.6084905660377355,0.1834862385321101,1
1.629245283018868,0.1834862385321101,1
1.65,0.1834862385321101,1
-1.65,0.1926605504587156,0
-1.6292452830188677,0.1926605504587156,0
-1.6084905660377358,0.1926605504587156,0
-1.5877358490566036,0.1926605504587156,0
-1.5669811320754716,0.1926605504587156,0
-1.5462264150943394,0.1926605504587156,0
-1.5254716981132075,0.1926605504587156,0
-1.5047169811320753,0.1926605504587156,0
-1.4839622641509433,0.1926605504587156,0
-1.4632075471698112,0.1926605504587156,0
-1.4424528301886792,0.1926605504587156,0
-1.421698113207547,0.1926605504587156,0
-1.400943396226415,0.1926605504587156,0
-1.3801886792452829,0.1926605504587156,0
-1.359433962264151,0.1926605504587156,0
-1.3386792452830187,0.1926605504587156,0
-1.3179245283018868,0.1926605504587156,0
-1.2971698113207546,0.1926605504587156,0
-1.2764150943396226,0.1926605504587156,0
-1.2556603773584905,0.1926605504587156,0
-1.2349056603773585,0.1926605504587156,0
-1.2141509433962263,0.1926605504587156,0
-1.1933962264150944,0.1926605504587156,0
-1.1726415094339622,0.1926605504587156,0
-1.1518867924528302,0.1926605504587156,0
-1.131132075471698,0.1926605504587156,0
-1.1103773584905658,0.1926605504587156,0
-1.0896226415094339,0.1926605504587156,0
-1.068867924528302,0.1926605504587156,0
-1.0481132075471697,0.1926605504587156,0
-1.0273584905660376,0.1926605504587156,0
-1.0066037735849056,0.1926605504587156,0
-0.9858490566037735,0.1926605504587156,0
-0.9650943396226415,0.1926605504587156,0
-0.9443396226415094,0.1926605504587156,0
-0.9235849056603773,0.1926605504587156,0
-0.9028301886792452,0.1926605504587156,0
-0.8820754716981132,0.1926605504587156,0
-0.8613207547169811,0.1926605504587156,0
-0.840566037735849,0.1926605504587156,0
-0.819811320754717,0.1926605504587156,0
-0.7990566037735849,0.1926605504587156,0
-0.7783018867924528,0.1926605504587156,0
-0.7575471698113208,0.1926605504587156,0
-0.7367924528301887,0.1926605504587156,0
-0.7160377358490566,0.1926605504587156,0
-0.6952830188679245,0.1926605504587156,0
-0.6745283018867925,0.1926605504587156,0
-0.6537735849056603,0.1926605504587156,0
-0.6330188679245283,0.1926605504587156,0
-0.6122641509433961,0.1926605504587156,0
-0.5915094339622642,0.1926605504587156,0
-0.570754716981132,0.1926605504587156,0
-0.55,0.1926605504587156,0
-0.5292452830188679,0.1926605504587156,0
-0.5084905660377359,0.1926605504587156,0
-0.4877358490566037,0.1926605504587156,0
-0.46698113207547176,0.1926605504587156,0
-0.4462264150943396,0.1926605504587156,0
-0.4254716981132076,0.1926605504587156,0
-0.40471698113207544,0.1926605504587156,0
-0.3839622641509435,0.1926605504587156,0
-0.3632075471698113,0.1926605504587156,0
-0.34245283018867934,0.1926605504587156,0
-0.32169811320754715,0.1926605504587156,0
-0.30094339622641497,0.1926605504587156,0
-0.280188679245283,0.1926605504587156,0
-0.25943396226415083,0.1926605504587156,0
-0.23867924528301887,0.1926605504587156,0
-0.2179245283018867,0.1926605504587156,0
-0.19716981132075473,0.1926605504587156,0
-0.17641509433962255,0.1926605504587156,0
-0.1556603773584906,0.1926605504587156,0
-0.1349056603773584,0.1926605504587156,0
-0.11415094339622645,0.1926605504587156,0
-0.09339622641509426,0.1926605504587156,0
-0.0726415094339623,0.1926605504587156,0
-0.05188679245283012,0.1926605504587156,0
-0.031132075471698162,0.1926605504587156,0
-0.01037735849056598,0.1926605504587156,0
0.01037735849056598,0.1926605504587156,0
0.031132075471698162,0.1926605504587156,0
0.05188679245283012,0.1926605504587156,0
0.0726415094339623,0.1926605504587156,0
0.09339622641509426,0.1926605504587156,0
0.11415094339622645,0.1926605504587156,0
0.1349056603773584,0.1926605504587156,0
0.1556603773584906,0.1926605504587156,0
0.17641509433962255,0.1926605504587156,0
0.19716981132075473,0.1926605504587156,0
0.2179245283018867,0.1926605504587156,0
0.23867924528301887,0.1926605504587156,0
0.25943396226415083,0.1926605504587156,0
0.280188679245283,0.1926605504587156,0
0.30094339622641497,0.1926605504587156,1
0.32169811320754715,0.1926605504587156,1
0.34245283018867934,0.1926605504587156,1
0.3632075471698113,0.1926605504587156,1
0.38396226415094326,0.1926605504587156,1
0.40471698113207566,0.1926605504587156,1
0.4254716981132076,0.1926605504587156,1
0.4462264150943396,0.1926605504587156,1
0.46698113207547154,0.1926605504587156,1
0.48773584905660394,0.1926605504587156,1
0.5084905660377359,0.1926605504587156,1
0.5292452830188679,0.1926605504587156,1
0.5499999999999998,0.1926605504587156,1
0.5707547169811322,0.1926605504587156,1
0.5915094339622642,0.1926605504587156,1
0.6122641509433961,0.1926605504587156,1
0.6330188679245281,0.1926605504587156,1
0.6537735849056605,0.1926605504587156,1
0.6745283018867925,0.1926605504587156,1
0.6952830188679244,0.1926605504587156,1
0.7160377358490564,0.1926605504587156,1
0.7367924528301888,0.1926605504587156,1
0.7575471698113208,0.1926605504587156,1
0.7783018867924527,0.1926605504587156,1
0.7990566037735847,0.1926605504587156,1
0.8198113207547171,0.1926605504587156,1
0.840566037735849,0.1926605504587156,1
0.861320754716981,0.1926605504587156,1
0.882075471698113,0.1926605504587156,1
0.9028301886792454,0.1926605504587156,1
0.9235849056603773,0.1926605504587156,1
0.9443396226415093,0.1926605504587156,1
0.9650943396226412,0.1926605504587156,1
0.9858490566037736,0.1926605504587156,1
1.0066037735849056,0.1926605504587156,1
1.0273584905660376,0.1926605504587156,1
1.04811320754717,0.1926605504587156,1
1.068867924528302,0.1926605504587156,1
1.0896226415094339,0.1926605504587156,1
1.1103773584905658,0.1926605504587156,1
1.1311320754716983,0.1926605504587156,1
1.1518867924528302,0.1926605504587156,1
1.1726415094339622,0.1926605504587156,1
1.1933962264150941,0.1926605504587156,1
1.2141509433962265,0.1926605504587156,1
1.2349056603773585,0.1926605504587156,1
1.2556603773584905,0.1926605504587156,1
1.2764150943396224,0.1926605504587156,1
1.2971698113207548,0.1926605504587156,1
1.3179245283018868,0.1926605504587156,1
1.3386792452830187,0.1926605504587156,1
1.3594339622641507,0.1926605504587156,1
1.380188679245283,0.1926605504587156,1
1.400943396226415,0.1926605504587156,1
1.421698113207547,0.1926605504587156,1
1.442452830188679,0.1926605504587156,1
1.4632075471698114,0.1926605504587156,1
1.4839622641509433,0.1926605504587156,1
1.5047169811320753,0.1926605504587156,1
1.5254716981132073,0.1926605504587156,1
1.5462264150943397,0.1926605504587156,1
1.5669811320754716,0.1926605504587156,1
1.5877358490566036,0.1926605504587156,1
1.6084905660377355,0.1926605504587156,1
1.629245283018868,0.1926605504587156,1
1.65,0.1926605504587156,1
-1.65,0.2018348623853211,0
-1.6292452830188677,0.2018348623853211,0
-1.6084905660377358,0.2018348623853211,0
-1.5877358490566036,0.2018348623853211,0
-1.5669811320754716,0.2018348623853211,0
-1.5462264150943394,0.2018348623853211,0
-1.5254716981132075,0.2018348623853211,0
-1.5047169811320753,0.2018348623853211,0
-1.4839622641509433,0.2018348623853211,0
-1.4632075471698112,0.2018348623853211,0
-1.4424528301886792,0.2018348623853211,0
-1.421698113207547,0.2018348623853211,0
-1.400943396226415,0.2018348623853211,0
-1.3801886792452829,0.2018348623853211,0
-1.359433962264151,0.2018348623853211,0
-1.3386792452830187,0.2018348623853211,0
-1.3179245283018868,0.2018348623853211,0
-1.2971698113207546,0.2018348623853211,0
-1.2764150943396226,0.2018348623853211,0
-1.2556603773584905,0.2018348623853211,0
-1.2349056603773585,0.2018348623853211,0
-1.2141509433962263,0.2018348623853211,0
-1.1933962264150944,0.2018348623853211,0
-1.1726415094339622,0.2018348623853211,0
-1.1518867924528302,0.2018348623853211,0
-1.131132075471698,0.2018348623853211,0
-1.1103773584905658,0.2018348623853211,0
-1.0896226415094339,0.2018348623853211,0
-1.068867924528302,0.2018348623853211,0
-1.0481132075471697,0.2018348623853211,0
-1.0273584905660376,0.2018348623853211,0
-1.0066037735849056,0.2018348623853211,0
-0.9858490566037735,0.2018348623853211,0
-0.9650943396226415,0.2018348623853211,0
-0.9443396226415094,0.2018348623853211,0
-0.9235849056603773,0.2018348623853211,0
-0.9028301886792452,0.2018348623853211,0
-0.8820754716981132,0.2018348623853211,0
-0.8613207547169811,0.2018348623853211,0
-0.840566037735849,0.2018348623853211,0
-0.819811320754717,0.2018348623853211,0
-0.7990566037735849,0.2018348623853211,0
-0.7783018867924528,0.2018348623853211,0
-0.7575471698113208,0.2018348623853211,0
-0.7367924528301887,0.2018348623853211,0
-0.7160377358490566,0.2018348623853211,0
-0.6952830188679245,0.2018348623853211,0
-0.6745283018867925,0.2018348623853211,0
-0.6537735849056603,0.2018348623853211,0
-0.6330188679245283,0.2018348623853211,0
-0.6122641509433961,0.2018348623853211,0
-0.5915094339622642,0.2018348623853211,0
-0.570754716981132,0.2018348623853211,0
-0.55,0.2018348623853211,0
-0.5292452830188679,0.2018348623853211,0
-0.5084905660377359,0.2018348623853211,0
-0.4877358490566037,0.2018348623853211,0
-0.46698113207547176,0.2018348623853211,0
-0.4462264150943396,0.2018348623853211,0
-0.4254716981132076,0.2018348623853211,0
-0.40471698113207544,0.2018348623853211,0
-0.3839622641509435,0.2018348623853211,0
-0.3632075471698113,0.2018348623853211,0
-0.34245283018867934,0.2018348623853211,0
-0.32169811320754715,0.2018348623853211,0
-0.30094339622641497,0.2018348623853211,0
-0.280188679245283,0.2018348623853211,0
-0.25943396226415083,0.2018348623853211,0
-0.23867924528301887,0.2018348623853211,0
-0.2179245283018867,0.2018348623853211,0
-0.19716981132075473,0.2018348623853211,0
-0.17641509433962255,0.2018348623853211,0
-0.1556603773584906,0.2018348623853211,0
-0.1349056603773584,0.2018348623853211,0
-0.11415094339622645,0.2018348623853211,0
-0.09339622641509426,0.2018348623853211,0
-0.0726415094339623,0.2018348623853211,0
-0.05188679245283012,0.2018348623853211,0
-0.031132075471698162,0.2018348623853211,0
-0.01037735849056598,0.2018348623853211,0
0.01037735849056598,0.2018348623853211,0
0.031132075471698162,0.2018348623853211,0
0.05188679245283012,0.2018348623853211,0
0.0726415094339623,0.2018348623853211,0
0.09339622641509426,0.2018348623853211,0
0.11415094339622645,0.2018348623853211,0
0.1349056603773584,0.2018348623853211,0
0.1556603773584906,0.2018348623853211,0
0.17641509433962255,0.2018348623853211,0
0.19716981132075473,0.2018348623853211,0
0.2179245283018867,0.2018348623853211,0
0.23867924528301887,0.2018348623853211,0
0.25943396226415083,0.2018348623853211,0
0.280188679245283,0.2018348623853211,0
0.30094339622641497,0.2018348623853211,1
0.32169811320754715,0.2018348623853211,1
0.34245283018867934,0.2018348623853211,1
0.3632075471698113,0.2018348623853211,1
0.38396226415094326,0.2018348623853211,1
0.40471698113207566,0.2018348623853211,1
0.4254716981132076,0.2018348623853211,1
0.4462264150943396,0.2018348623853211,1
0.46698113207547154,0.2018348623853211,1
0.48773584905660394,0.2018348623853211,1
0.5084905660377359,0.2018348623853211,1
0.5292452830188679,0.2018348623853211,1
0.5499999999999998,0.2018348623853211,1
0.5707547169811322,0.2018348623853211,1
0.5915094339622642,0.2018348623853211,1
0.6122641509433961,0.2018348623853211,1
0.6330188679245281,0.2018348623853211,1
0.6537735849056605,0.2018348623853211,1
0.6745283018867925,0.2018348623853211,1
0.6952830188679244,0.2018348623853211,1
0.7160377358490564,0.2018348623853211,1
0.7367924528301888,0.2018348623853211,1
0.7575471698113208,0.2018348623853211,1
0.7783018867924527,0.2018348623853211,1
0.7990566037735847,0.2018348623853211,1
0.8198113207547171,0.2018348623853211,1
0.840566037735849,0.2018348623853211,1
0.861320754716981,0.2018348623853211,1
0.882075471698113,0.2018348623853211,1
0.9028301886792454,0.2018348623853211,1
0.9235849056603773,0.2018348623853211,1
0.9443396226415093,0.2018348623853211,1
0.9650943396226412,0.2018348623853211,1
0.9858490566037736,0.2018348623853211,1
1.0066037735849056,0.2018348623853211,1
1.0273584905660376,0.2018348623853211,1
1.04811320754717,0.2018348623853211,1
1.068867924528302,0.2018348623853211,1
1.0896226415094339,0.2018348623853211,1
1.1103773584905658,0.2018348623853211,1
1.1311320754716983,0.2018348623853211,1
1.1518867924528302,0.2018348623853211,1
1.1726415094339622,0.2018348623853211,1
1.1933962264150941,0.2018348623853211,1
1.2141509433962265,0.2018348623853211,1
1.2349056603773585,0.2018348623853211,1
1.2556603773584905,0.2018348623853211,1
1.2764150943396224,0.2018348623853211,1
1.2971698113207548,0.2018348623853211,1
1.3179245283018868,0.2018348623853211,1
1.3386792452830187,0.2018348623853211,1
1.3594339622641507,0.2018348623853211,1
1.380188679245283,0.2018348623853211,1
1.400943396226415,0.2018348623853211,1
1.421698113207547,0.2018348623853211,1
1.442452830188679,0.2018348623853211,1
1.4632075471698114,0.2018348623853211,1
1.4839622641509433,0.2018348623853211,1
1.5047169811320753,0.2018348623853211,1
1.5254716981132073,0.2018348623853211,1
1.5462264150943397,0.2018348623853211,1
1.5669811320754716,0.2018348623853211,1
1.5877358490566036,0.2018348623853211,1
1.6084905660377355,0.2018348623853211,1
1.629245283018868,0.2018348623853211,1
1.65,0.2018348623853211,1
-1.65,0.21100917431192662,0
-1.6292452830188677,0.21100917431192662,0
-1.6084905660377358,0.21100917431192662,0
-1.5877358490566036,0.21100917431192662,0
-1.5669811320754716,0.21100917431192662,0
-1.5462264150943394,0.21100917431192662,0
-1.5254716981132075,0.21100917431192662,0
-1.5047169811320753,0.21100917431192662,0
-1.4839622641509433,0.21100917431192662,0
-1.4632075471698112,0.21100917431192662,0
-1.4424528301886792,0.21100917431192662,0
-1.421698113207547,0.21100917431192662,0
-1.400943396226415,0.21100917431192662,0
-1.3801886792452829,0.21100917431192662,0
-1.359433962264151,0.21100917431192662,0
-1.3386792452830187,0.21100917431192662,0
-1.3179245283018868,0.21100917431192662,0
-1.2971698113207546,0.21100917431192662,0
-1.2764150943396226,0.21100917431192662,0
-1.2556603773584905,0.21100917431192662,0
-1.2349056603773585,0.21100917431192662,0
-1.2141509433962263,0.21100917431192662,0
-1.1933962264150944,0.21100917431192662,0
-1.1726415094339622,0.21100917431192662,0
-1.1518867924528302,0.21100917431192662,0
-1.131132075471698,0.21100917431192662,0
-1.1103773584905658,0.21100917431192662,0
-1.0896226415094339,0.21100917431192662,0
-1.068867924528302,0.21100917431192662,0
-1.0481132075471697,0.21100917431192662,0
-1.0273584905660376,0.21100917431192662,0
-1.0066037735849056,0.21100917431192662,0
-0.9858490566037735,0.21100917431192662,0
-0.9650943396226415,0.21100917431192662,0
-0.9443396226415094,0.21100917431192662,0
-0.9235849056603773,0.21100917431192662,0
-0.9028301886792452,0.21100917431192662,0
-0.8820754716981132,0.21100917431192662,0
-0.8613207547169811,0.21100917431192662,0
-0.840566037735849,0.21100917431192662,0
-0.819811320754717,0.21100917431192662,0
-0.7990566037735849,0.21100917431192662,0
-0.7783018867924528,0.21100917431192662,0
-0.7575471698113208,0.21100917431192662,0
-0.7367924528301887,0.21100917431192662,0
-0.7160377358490566,0.21100917431192662,0
-0.6952830188679245,0.21100917431192662,0
-0.6745283018867925,0.21100917431192662,0
-0.6537735849056603,0.21100917431192662,0
-0.6330188679245283,0.21100917431192662,0
-0.6122641509433961,0.21100917431192662,0
-0.5915094339622642,0.21100917431192662,0
-0.570754716981132,0.21100917431192662,0
-0.55,0.21100917431192662,0
-0.5292452830188679,0.21100917431192662,0
-0.5084905660377359,0.21100917431192662,0
-0.4877358490566037,0.21100917431192662,0
-0.46698113207547176,0.21100917431192662,0
-0.4462264150943396,0.21100917431192662,0
-0.4254716981132076,0.21100917431192662,0
-0.40471698113207544,0.21100917431192662,0
-0.3839622641509435,0.21100917431192662,0
-0.3632075471698113,0.21100917431192662,0
-0.34245283018867934,0.21100917431192662,0
-0.32169811320754715,0.21100917431192662,0
-0.30094339622641497,0.21100917431192662,0
-0.280188679245283,0.21100917431192662,0
-0.25943396226415083,0.21100917431192662,0
-0.23867924528301887,0.21100917431192662,0
-0.2179245283018867,0.21100917431192662,0
-0.19716981132075473,0.21100917431192662,0
-0.17641509433962255,0.21100917431192662,0
-0.1556603773584906,0.21100917431192662,0
-0.1349056603773584,0.21100917431192662,0
-0.11415094339622645,0.21100917431192662,0
-0.09339622641509426,0.21100917431192662,0
-0.0726415094339623,0.21100917431192662,0
-0.05188679245283012,0.21100917431192662,0
-0.031132075471698162,0.21100917431192662,0
-0.01037735849056598,0.21100917431192662,0
0.01037735849056598,0.21100917431192662,0
0.031132075471698162,0.21100917431192662,0
0.05188679245283012,0.21100917431192662,0
0.0726415094339623,0.21100917431192662,0
0.09339622641509426,0.21100917431192662,0
0.11415094339622645,0.21100917431192662,0
0.1349056603773584,0.21100917431192662,0
0.1556603773584906,0.21100917431192662,0
0.17641509433962255,0.21100917431192662,0
0.19716981132075473,0.21100917431192662,0
0.2179245283018867,0.21100917431192662,0
0.23867924528301887,0.21100917431192662,0
0.25943396226415083,0.21100917431192662,0
0.280188679245283,0.21100917431192662,0
0.30094339622641497,0.21100917431192662,1
0.32169811320754715,0.21100917431192662,1
0.34245283018867934,0.21100917431192662,1
0.3632075471698113,0.21100917431192662,1
0.38396226415094326,0.21100917431192662,1
0.40471698113207566,0.21100917431192662,1
0.4254716981132076,0.21100917431192662,1
0.4462264150943396,0.21100917431192662,1
0.46698113207547154,0.21100917431192662,1
0.48773584905660394,0.21100917431192662,1
0.5084905660377359,0.21100917431192662,1
0.5292452830188679,0.21100917431192662,1
0.5499999999999998,0.21100917431192662,1
0.5707547169811322,0.21100917431192662,1
0.5915094339622642,0.21100917431192662,1
0.6122641509433961,0.21100917431192662,1
0.6330188679245281,0.21100917431192662,1
0.6537735849056605,0.21100917431192662,1
0.6745283018867925,0.21100917431192662,1
0.6952830188679244,0.21100917431192662,1
0.7160377358490564,0.21100917431192662,1
0.7367924528301888,0.21100917431192662,1
0.7575471698113208,0.21100917431192662,1
0.7783018867924527,0.21100917431192662,1
0.7990566037735847,0.21100917431192662,1
0.8198113207547171,0.21100917431192662,1
0.840566037735849,0.21100917431192662,1
0.861320754716981,0.21100917431192662,1
0.882075471698113,0.21100917431192662,1
0.9028301886792454,0.21100917431192662,1
0.9235849056603773,0.21100917431192662,1
0.9443396226415093,0.21100917431192662,1
0.9650943396226412,0.21100917431192662,1
0.9858490566037736,0.21100917431192662,1
1.0066037735849056,0.21100917431192662,1
1.0273584905660376,0.21100917431192662,1
1.04811320754717,0.21100917431192662,1
1.068867924528302,0.21100917431192662,1
1.0896226415094339,0.21100917431192662,1
1.1103773584905658,0.21100917431192662,1
1.1311320754716983,0.21100917431192662,1
1.1518867924528302,0.21100917431192662,1
1.1726415094339622,0.21100917431192662,1
1.1933962264150941,0.21100917431192662,1
1.2141509433962265,0.21100917431192662,1
1.2349056603773585,0.21100917431192662,1
1.2556603773584905,0.21100917431192662,1
1.2764150943396224,0.21100917431192662,1
1.2971698113207548,0.21100917431192662,1
1.3179245283018868,0.21100917431192662,1
1.3386792452830187,0.21100917431192662,1
1.3594339622641507,0.21100917431192662,1
1.380188679245283,0.21100917431192662,1
1.400943396226415,0.21100917431192662,1
1.421698113207547,0.21100917431192662,1
1.442452830188679,0.21100917431192662,1
1.4632075471698114,0.21100917431192662,1
1.4839622641509433,0.21100917431192662,1
1.5047169811320753,0.21100917431192662,1
1.5254716981132073,0.21100917431192662,1
1.5462264150943397,0.21100917431192662,1
1.5669811320754716,0.21100917431192662,1
1.5877358490566036,0.21100917431192662,1
1.6084905660377355,0.21100917431192662,1
1.629245283018868,0.21100917431192662,1
1.65,0.21100917431192662,1
-1.65,0.22018348623853212,0
-1.6292452830188677,0.22018348623853212,0
-1.6084905660377358,0.22018348623853212,0
-1.5877358490566036,0.22018348623853212,0
-1.5669811320754716,0.22018348623853212,0
-1.5462264150943394,0.22018348623853212,0
-1.5254716981132075,0.22018348623853212,0
-1.5047169811320753,0.22018348623853212,0
-1.4839622641509433,0.22018348623853212,0
-1.4632075471698112,0.22018348623853212,0
-1.4424528301886792,0.22018348623853212,0
-1.421698113207547,0.22018348623853212,0
-1.400943396226415,0.22018348623853212,0
-1.3801886792452829,0.22018348623853212,0
-1.359433962264151,0.22018348623853212,0
-1.3386792452830187,0.22018348623853212,0
-1.3179245283018868,0.22018348623853212,0
-1.2971698113207546,0.22018348623853212,0
-1.2764150943396226,0.22018348623853212,0
-1.2556603773584905,0.22018348623853212,0
-1.2349056603773585,0.22018348623853212,0
-1.2141509433962263,0.22018348623853212,0
-1.1933962264150944,0.22018348623853212,0
-1.1726415094339622,0.22018348623853212,0
-1.1518867924528302,0.22018348623853212,0
-1.131132075471698,0.22018348623853212,0
-1.1103773584905658,0.22018348623853212,0
-1.0896226415094339,0.22018348623853212,0
-1.068867924528302,0.22018348623853212,0
-1.0481132075471697,0.22018348623853212,0
-1.0273584905660376,0.22018348623853212,0
-1.0066037735849056,0.22018348623853212,0
-0.9858490566037735,0.22018348623853212,0
-0.9650943396226415,0.22018348623853212,0
-0.9443396226415094,0.22018348623853212,0
-0.9235849056603773,0.22018348623853212,0
-0.9028301886792452,0.22018348623853212,0
-0.8820754716981132,0.22018348623853212,0
-0.8613207547169811,0.22018348623853212,0
-0.840566037735849,0.22018348623853212,0
-0.819811320754717,0.22018348623853212,0
-0.7990566037735849,0.22018348623853212,0
-0.7783018867924528,0.22018348623853212,0
-0.7575471698113208,0.22018348623853212,0
-0.7367924528301887,0.22018348623853212,0
-0.7160377358490566,0.22018348623853212,0
-0.6952830188679245,0.22018348623853212,0
-0.6745283018867925,0.22018348623853212,0
-0.6537735849056603,0.22018348623853212,0
-0.6330188679245283,0.22018348623853212,0
-0.6122641509433961,0.22018348623853212,0
-0.5915094339622642,0.22018348623853212,0
-0.570754716981132,0.22018348623853212,0
-0.55,0.22018348623853212,0
-0.5292452830188679,0.22018348623853212,0
-0.5084905660377359,0.22018348623853212,0
-0.4877358490566037,0.22018348623853212,0
-0.46698113207547176,0.22018348623853212,0
-0.4462264150943396,0.22018348623853212,0
-0.4254716981132076,0.22018348623853212,0
-0.40471698113207544,0.22018348623853212,0
-0.3839622641509435,0.22018348623853212,0
-0.3632075471698113,0.22018348623853212,0
-0.34245283018867934,0.22018348623853212,0
-0.32169811320754715,0.22018348623853212,0
-0.30094339622641497,0.22018348623853212,0
-0.280188679245283,0.22018348623853212,0
-0.25943396226415083,0.22018348623853212,0
-0.23867924528301887,0.22018348623853212,0
-0.2179245283018867,0.22018348623853212,0
-0.19716981132075473,0.22018348623853212,0
-0.17641509433962255,0.22018348623853212,0
-0.1556603773584906,0.22018348623853212,0
-0.1349056603773584,0.22018348623853212,0
-0.11415094339622645,0.22018348623853212,0
-0.09339622641509426,0.22018348623853212,0
-0.0726415094339623,0.22018348623853212,0
-0.05188679245283012,0.22018348623853212,0
-0.031132075471698162,0.22018348623853212,0
-0.01037735849056598,0.22018348623853212,0
0.01037735849056598,0.22018348623853212,0
0.031132075471698162,0.22018348623853212,0
0.05188679245283012,0.22018348623853212,0
0.0726415094339623,0.22018348623853212,0
0.09339622641509426,0.22018348623853212,0
0.11415094339622645,0.22018348623853212,0
0.1349056603773584,0.22018348623853212,0
0.1556603773584906,0.22018348623853212,0
0.17641509433962255,0.22018348623853212,0
0.19716981132075473,0.22018348623853212,0
0.2179245283018867,0.22018348623853212,0
0.23867924528301887,0.22018348623853212,0
0.25943396226415083,0.22018348623853212,0
0.280188679245283,0.22018348623853212,0
0.30094339622641497,0.22018348623853212,0
0.32169811320754715,0.22018348623853212,1
0.34245283018867934,0.22018348623853212,1
0.3632075471698113,0.22018348623853212,1
0.38396226415094326,0.22018348623853212,1
0.40471698113207566,0.22018348623853212,1
0.4254716981132076,0.22018348623853212,1
0.4462264150943396,0.22018348623853212,1
0.46698113207547154,0.22018348623853212,1
0.48773584905660394,0.22018348623853212,1
0.5084905660377359,0.22018348623853212,1
0.5292452830188679,0.22018348623853212,1
0.5499999999999998,0.22018348623853212,1
0.5707547169811322,0.22018348623853212,1
0.5915094339622642,0.22018348623853212,1
0.6122641509433961,0.22018348623853212,1
0.6330188679245281,0.22018348623853212,1
0.6537735849056605,0.22018348623853212,1
0.6745283018867925,0.22018348623853212,1
0.6952830188679244,0.22018348623853212,1
0.7160377358490564,0.22018348623853212,1
0.7367924528301888,0.22018348623853212,1
0.7575471698113208,0.22018348623853212,1
0.7783018867924527,0.22018348623853212,1
0.7990566037735847,0.22018348623853212,1
0.8198113207547171,0.22018348623853212,1
0.840566037735849,0.22018348623853212,1
0.861320754716981,0.22018348623853212,1
0.882075471698113,0.22018348623853212,1
0.9028301886792454,0.22018348623853212,1
0.9235849056603773,0.22018348623853212,1
0.9443396226415093,0.22018348623853212,1
0.9650943396226412,0.22018348623853212,1
0.9858490566037736,0.22018348623853212,1
1.0066037735849056,0.22018348623853212,1
1.0273584905660376,0.22018348623853212,1
1.04811320754717,0.22018348623853212,1
1.068867924528302,0.22018348623853212,1
1.0896226415094339,0.22018348623853212,1
1.1103773584905658,0.22018348623853212,1
1.1311320754716983,0.22018348623853212,1
1.1518867924528302,0.22018348623853212,1
1.1726415094339622,0.22018348623853212,1
1.1933962264150941,0.22018348623853212,1
1.2141509433962265,0.22018348623853212,1
1.2349056603773585,0.22018348623853212,1
1.2556603773584905,0.22018348623853212,1
1.2764150943396224,0.22018348623853212,1
1.2971698113207548,0.22018348623853212,1
1.3179245283018868,0.22018348623853212,1
1.3386792452830187,0.22018348623853212,1
1.3594339622641507,0.22018348623853212,1
1.380188679245283,0.22018348623853212,1
1.400943396226415,0.22018348623853212,1
1.421698113207547,0.22018348623853212,1
1.442452830188679,0.22018348623853212,1
1.4632075471698114,0.22018348623853212,1
1.4839622641509433,0.22018348623853212,1
1.5047169811320753,0.22018348623853212,1
1.5254716981132073,0.22018348623853212,1
1.5462264150943397,0.22018348623853212,1
1.5669811320754716,0.22018348623853212,1
1.5877358490566036,0.22018348623853212,1
1.6084905660377355,0.22018348623853212,1
1.629245283018868,0.22018348623853212,1
1.65,0.22018348623853212,1
-1.65,0.22935779816513763,0
-1.6292452830188677,0.22935779816513763,0
-1.6084905660377358,0.22935779816513763,0
-1.5877358490566036,0.22935779816513763,0
-1.5669811320754716,0.22935779816513763,0
-1.5462264150943394,0.22935779816513763,0
-1.5254716981132075,0.22935779816513763,0
-1.5047169811320753,0.22935779816513763,0
-1.4839622641509433,0.22935779816513763,0
-1.4632075471698112,0.22935779816513763,0
-1.4424528301886792,0.22935779816513763,0
-1.421698113207547,0.22935779816513763,0
-1.400943396226415,0.22935779816513763,0
-1.3801886792452829,0.22935779816513763,0
-1.359433962264151,0.22935779816513763,0
-1.3386792452830187,0.22935779816513763,0
-1.3179245283018868,0.22935779816513763,0
-1.2971698113207546,0.22935779816513763,0
-1.2764150943396226,0.22935779816513763,0
-1.2556603773584905,0.22935779816513763,0
-1.2349056603773585,0.22935779816513763,0
-1.2141509433962263,0.22935779816513763,0
-1.1933962264150944,0.22935779816513763,0
-1.1726415094339622,0.22935779816513763,0
-1.1518867924528302,0.22935779816513763,0
-1.131132075471698,0.22935779816513763,0
-1.1103773584905658,0.22935779816513763,0
-1.0896226415094339,0.22935779816513763,0
-1.068867924528302,0.22935779816513763,0
-1.0481132075471697,0.22935779816513763,0
-1.0273584905660376,0.22935779816513763,0
-1.0066037735849056,0.22935779816513763,0
-0.9858490566037735,0.22935779816513763,0
-0.9650943396226415,0.22935779816513763,0
-0.9443396226415094,0.22935779816513763,0
-0.9235849056603773,0.22935779816513763,0
-0.9028301886792452,0.22935779816513763,0
-0.8820754716981132,0.22935779816513763,0
-0.8613207547169811,0.22935779816513763,0
-0.840566037735849,0.22935779816513763,0
-0.819811320754717,0.22935779816513763,0
-0.7990566037735849,0.22935779816513763,0
-0.7783018867924528,0.22935779816513763,0
-0.7575471698113208,0.22935779816513763,0
-0.7367924528301887,0.22935779816513763,0
-0.7160377358490566,0.22935779816513763,0
-0.6952830188679245,0.22935779816513763,0
-0.6745283018867925,0.22935779816513763,0
-0.6537735849056603,0.22935779816513763,0
-0.6330188679245283,0.22935779816513763,0
-0.6122641509433961,0.22935779816513763,0
-0.5915094339622642,0.22935779816513763,0
-0.570754716981132,0.22935779816513763,0
-0.55,0.22935779816513763,0
-0.5292452830188679,0.22935779816513763,0
-0.5084905660377359,0.22935779816513763,0
-0.4877358490566037,0.22935779816513763,0
-0.46698113207547176,0.22935779816513763,0
-0.4462264150943396,0.22935779816513763,0
-0.4254716981132076,0.22935779816513763,0
-0.40471698113207544,0.22935779816513763,0
-0.3839622641509435,0.22935779816513763,0
-0.3632075471698113,0.22935779816513763,0
-0.34245283018867934,0.22935779816513763,0
-0.32169811320754715,0.22935779816513763,0
-0.30094339622641497,0.22935779816513763,0
-0.280188679245283,0.22935779816513763,0
-0.25943396226415083,0.22935779816513763,0
-0.23867924528301887,0.22935779816513763,0
-0.2179245283018867,0.22935779816513763,0
-0.19716981132075473,0.22935779816513763,0
-0.17641509433962255,0.22935779816513763,0
-0.1556603773584906,0.22935779816513763,0
-0.1349056603773584,0.22935779816513763,0
-0.11415094339622645,0.22935779816513763,0
-0.09339622641509426,0.22935779816513763,0
-0.0726415094339623,0.22935779816513763,0
-0.05188679245283012,0.22935779816513763,0
-0.031132075471698162,0.22935779816513763,0
-0.01037735849056598,0.22935779816513763,0
0.01037735849056598,0.22935779816513763,0
0.031132075471698162,0.22935779816513763,0
0.05188679245283012,0.22935779816513763,0
0.0726415094339623,0.22935779816513763,0
0.09339622641509426,0.22935779816513763,0
0.11415094339622645,0.22935779816513763,0
0.1349056603773584,0.22935779816513763,0
0.1556603773584906,0.22935779816513763,0
0.17641509433962255,0.22935779816513763,0
0.19716981132075473,0.22935779816513763,0
0.2179245283018867,0.22935779816513763,0
0.23867924528301887,0.22935779816513763,0
0.25943396226415083,0.22935779816513763,0
0.280188679245283,0.22935779816513763,0
0.30094339622641497,0.22935779816513763,0
0.32169811320754715,0.22935779816513763,1
0.34245283018867934,0.22935779816513763,1
0.3632075471698113,0.22935779816513763,1
0.38396226415094326,0.22935779816513763,1
0.40471698113207566,0.22935779816513763,1
0.4254716981132076,0.22935779816513763,1
0.4462264150943396,0.22935779816513763,1
0.46698113207547154,0.22935779816513763,1
0.48773584905660394,0.22935779816513763,1
0.5084905660377359,0.22935779816513763,1
0.5292452830188679,0.22935779816513763,1
0.5499999999999998,0.22935779816513763,1
0.5707547169811322,0.22935779816513763,1
0.5915094339622642,0.22935779816513763,1
0.6122641509433961,0.22935779816513763,1
0.6330188679245281,0.22935779816513763,1
0.6537735849056605,0.22935779816513763,1
0.6745283018867925,0.22935779816513763,1
0.6952830188679244,0.22935779816513763,1
0.7160377358490564,0.22935779816513763,1
0.7367924528301888,0.22935779816513763,1
0.7575471698113208,0.22935779816513763,1
0.7783018867924527,0.22935779816513763,1
0.7990566037735847,0.22935779816513763,1
0.8198113207547171,0.22935779816513763,1
0.840566037735849,0.22935779816513763,1
0.861320754716981,0.22935779816513763,1
0.882075471698113,0.22935779816513763,1
0.9028301886792454,0.22935779816513763,1
0.9235849056603773,0.22935779816513763,1
0.9443396226415093,0.22935779816513763,1
0.9650943396226412,0.22935779816513763,1
0.9858490566037736,0.22935779816513763,1
1.0066037735849056,0.22935779816513763,1
1.0273584905660376,0.22935779816513763,1
1.04811320754717,0.22935779816513763,1
1.068867924528302,0.22935779816513763,1
1.0896226415094339,0.22935779816513763,1
1.1103773584905658,0.22935779816513763,1
1.1311320754716983,0.22935779816513763,1
1.1518867924528302,0.22935779816513763,1
1.1726415094339622,0.22935779816513763,1
1.1933962264150941,0.22935779816513763,1
1.2141509433962265,0.22935779816513763,1
1.2349056603773585,0.22935779816513763,1
1.2556603773584905,0.22935779816513763,1
1.2764150943396224,0.22935779816513763,1
1.2971698113207548,0.22935779816513763,1
1.3179245283018868,0.22935779816513763,1
1.3386792452830187,0.22935779816513763,1
1.3594339622641507,0.22935779816513763,1
1.380188679245283,0.22935779816513763,1
1.400943396226415,0.22935779816513763,1
1.421698113207547,0.22935779816513763,1
1.442452830188679,0.22935779816513763,1
1.4632075471698114,0.22935779816513763,1
1.4839622641509433,0.22935779816513763,1
1.5047169811320753,0.22935779816513763,1
1.5254716981132073,0.22935779816513763,1
1.5462264150943397,0.22935779816513763,1
1.5669811320754716,0.22935779816513763,1
1.5877358490566036,0.22935779816513763,1
1.6084905660377355,0.22935779816513763,1
1.629245283018868,0.22935779816513763,1
1.65,0.22935779816513763,1
-1.65,0.23853211009174313,0
-1.6292452830188677,0.23853211009174313,0
-1.6084905660377358,0.23853211009174313,0
-1.5877358490566036,0.23853211009174313,0
-1.5669811320754716,0.23853211009174313,0
-1.5462264150943394,0.23853211009174313,0
-1.5254716981132075,0.23853211009174313,0
-1.5047169811320753,0.23853211009174313,0
-1.4839622641509433,0.23853211009174313,0
-1.4632075471698112,0.23853211009174313,0
-1.4424528301886792,0.23853211009174313,0
-1.421698113207547,0.23853211009174313,0
-1.400943396226415,0.23853211009174313,0
-1.3801886792452829,0.23853211009174313,0
-1.359433962264151,0.23853211009174313,0
-1.3386792452830187,0.23853211009174313,0
-1.3179245283018868,0.23853211009174313,0
-1.2971698113207546,0.23853211009174313,0
-1.2764150943396226,0.23853211009174313,0
-1.2556603773584905,0.23853211009174313,0
-1.2349056603773585,0.23853211009174313,0
-1.2141509433962263,0.23853211009174313,0
-1.1933962264150944,0.23853211009174313,0
-1.1726415094339622,0.23853211009174313,0
-1.1518867924528302,0.23853211009174313,0
-1.131132075471698,0.23853211009174313,0
-1.1103773584905658,0.23853211009174313,0
-1.0896226415094339,0.23853211009174313,0
-1.068867924528302,0.23853211009174313,0
-1.0481132075471697,0.23853211009174313,0
-1.0273584905660376,0.23853211009174313,0
-1.0066037735849056,0.23853211009174313,0
-0.9858490566037735,0.23853211009174313,0
-0.9650943396226415,0.23853211009174313,0
-0.9443396226415094,0.23853211009174313,0
-0.9235849056603773,0.23853211009174313,0
-0.9028301886792452,0.23853211009174313,0
-0.8820754716981132,0.23853211009174313,0
-0.8613207547169811,0.23853211009174313,0
-0.840566037735849,0.23853211009174313,0
-0.819811320754717,0.23853211009174313,0
-0.7990566037735849,0.23853211009174313,0
-0.7783018867924528,0.23853211009174313,0
-0.7575471698113208,0.23853211009174313,0
-0.7367924528301887,0.23853211009174313,0
-0.7160377358490566,0.23853211009174313,0
-0.6952830188679245,0.23853211009174313,0
-0.6745283018867925,0.23853211009174313,0
-0.6537735849056603,0.23853211009174313,0
-0.6330188679245283,0.23853211009174313,0
-0.6122641509433961,0.23853211009174313,0
-0.5915094339622642,0.23853211009174313,0
-0.570754716981132,0.23853211009174313,0
-0.55,0.23853211009174313,0
-0.5292452830188679,0.23853211009174313,0
-0.5084905660377359,0.23853211009174313,0
-0.4877358490566037,0.23853211009174313,0
-0.46698113207547176,0.23853211009174313,0
-0.4462264150943396,0.23853211009174313,0
-0.4254716981132076,0.23853211009174313,0
-0.40471698113207544,0.23853211009174313,0
-0.3839622641509435,0.23853211009174313,0
-0.3632075471698113,0.23853211009174313,0
-0.34245283018867934,0.23853211009174313,0
-0.32169811320754715,0.23853211009174313,0
-0.30094339622641497,0.23853211009174313,0
-0.280188679245283,0.23853211009174313,0
-0.25943396226415083,0.23853211009174313,0
-0.23867924528301887,0.23853211009174313,0
-0.2179245283018867,0.23853211009174313,0
-0.19716981132075473,0.23853211009174313,0
-0.17641509433962255,0.23853211009174313,0
-0.1556603773584906,0.23853211009174313,0
-0.1349056603773584,0.23853211009174313,0
-0.11415094339622645,0.23853211009174313,0
-0.09339622641509426,0.23853211009174313,0
-0.0726415094339623,0.23853211009174313,0
-0.05188679245283012,0.23853211009174313,0
-0.031132075471698162,0.23853211009174313,0
-0.01037735849056598,0.23853211009174313,0
0.01037735849056598,0.23853211009174313,0
0.031132075471698162,0.23853211009174313,0
0.05188679245283012,0.23853211009174313,0
0.0726415094339623,0.23853211009174313,0
0.09339622641509426,0.23853211009174313,0
0.11415094339622645,0.23853211009174313,0
0.1349056603773584,0.23853211009174313,0
0.1556603773584906,0.23853211009174313,0
0.17641509433962255,0.23853211009174313,0
0.19716981132075473,0.23853211009174313,0
0.2179245283018867,0.23853211009174313,0
0.23867924528301887,0.23853211009174313,0
0.25943396226415083,0.23853211009174313,0
0.280188679245283,0.23853211009174313,0
0.30094339622641497,0.23853211009174313,0
0.32169811320754715,0.23853211009174313,1
0.34245283018867934,0.23853211009174313,1
0.3632075471698113,0.23853211009174313,1
0.38396226415094326,0.23853211009174313,1
0.40471698113207566,0.23853211009174313,1
0.4254716981132076,0.23853211009174313,1
0.4462264150943396,0.23853211009174313,1
0.46698113207547154,0.23853211009174313,1
0.48773584905660394,0.23853211009174313,1
0.5084905660377359,0.23853211009174313,1
0.5292452830188679,0.23853211009174313,1
0.5499999999999998,0.23853211009174313,1
0.5707547169811322,0.23853211009174313,1
0.5915094339622642,0.23853211009174313,1
0.6122641509433961,0.23853211009174313,1
0.6330188679245281,0.23853211009174313,1
0.6537735849056605,0.23853211009174313,1
0.6745283018867925,0.23853211009174313,1
0.6952830188679244,0.23853211009174313,1
0.7160377358490564,0.23853211009174313,1
0.7367924528301888,0.23853211009174313,1
0.7575471698113208,0.23853211009174313,1
0.7783018867924527,0.23853211009174313,1
0.7990566037735847,0.23853211009174313,1
0.8198113207547171,0.23853211009174313,1
0.840566037735849,0.23853211009174313,1
0.861320754716981,0.23853211009174313,1
0.882075471698113,0.23853211009174313,1
0.9028301886792454,0.23853211009174313,1
0.9235849056603773,0.23853211009174313,1
0.9443396226415093,0.23853211009174313,1
0.9650943396226412,0.23853211009174313,1
0.9858490566037736,0.23853211009174313,1
1.0066037735849056,0.23853211009174313,1
1.0273584905660376,0.23853211009174313,1
1.04811320754717,0.23853211009174313,1
1.068867924528302,0.23853211009174313,1
1.0896226415094339,0.23853211009174313,1
1.1103773584905658,0.23853211009174313,1
1.1311320754716983,0.23853211009174313,1
1.1518867924528302,0.23853211009174313,1
1.1726415094339622,0.23853211009174313,1
1.1933962264150941,0.23853211009174313,1
1.2141509433962265,0.23853211009174313,1
1.2349056603773585,0.23853211009174313,1
1.2556603773584905,0.23853211009174313,1
1.2764150943396224,0.23853211009174313,1
1.2971698113207548,0.23853211009174313,1
1.3179245283018868,0.23853211009174313,1
1.3386792452830187,0.23853211009174313,1
1.3594339622641507,0.23853211009174313,1
1.380188679245283,0.23853211009174313,1
1.400943396226415,0.23853211009174313,1
1.421698113207547,0.23853211009174313,1
1.442452830188679,0.23853211009174313,1
1.4632075471698114,0.23853211009174313,1
1.4839622641509433,0.23853211009174313,1
1.5047169811320753,0.23853211009174313,1
1.5254716981132073,0.23853211009174313,1
1.5462264150943397,0.23853211009174313,1
1.5669811320754716,0.23853211009174313,1
1.5877358490566036,0.23853211009174313,1
1.6084905660377355,0.23853211009174313,1
1.629245283018868,0.23853211009174313,1
1.65,0.23853211009174313,1
-1.65,0.24770642201834864,0
-1.6292452830188677,0.24770642201834864,0
-1.6084905660377358,0.24770642201834864,0
-1.5877358490566036,0.24770642201834864,0
-1.5669811320754716,0.24770642201834864,0
-1.5462264150943394,0.24770642201834864,0
-1.5254716981132075,0.24770642201834864,0
-1.5047169811320753,0.24770642201834864,0
-1.4839622641509433,0.24770642201834864,0
-1.4632075471698112,0.24770642201834864,0
-1.4424528301886792,0.24770642201834864,0
-1.421698113207547,0.24770642201834864,0
-1.400943396226415,0.24770642201834864,0
-1.3801886792452829,0.24770642201834864,0
-1.359433962264151,0.24770642201834864,0
-1.3386792452830187,0.24770642201834864,0
-1.3179245283018868,0.24770642201834864,0
-1.2971698113207546,0.24770642201834864,0
-1.2764150943396226,0.24770642201834864,0
-1.2556603773584905,0.24770642201834864,0
-1.2349056603773585,0.24770642201834864,0
-1.2141509433962263,0.24770642201834864,0
-1.1933962264150944,0.24770642201834864,0
-1.1726415094339622,0.24770642201834864,0
-1.1518867924528302,0.24770642201834864,0
-1.131132075471698,0.24770642201834864,0
-1.1103773584905658,0.24770642201834864,0
-1.0896226415094339,0.24770642201834864,0
-1.068867924528302,0.24770642201834864,0
-1.0481132075471697,0.24770642201834864,0
-1.0273584905660376,0.24770642201834864,0
-1.0066037735849056,0.24770642201834864,0
-0.9858490566037735,0.24770642201834864,0
-0.9650943396226415,0.24770642201834864,0
-0.9443396226415094,0.24770642201834864,0
-0.9235849056603773,0.24770642201834864,0
-0.9028301886792452,0.24770642201834864,0
-0.8820754716981132,0.24770642201834864,0
-0.8613207547169811,0.24770642201834864,0
-0.840566037735849,0.24770642201834864,0
-0.819811320754717,0.24770642201834864,0
-0.7990566037735849,0.24770642201834864,0
-0.7783018867924528,0.24770642201834864,0
-0.7575471698113208,0.24770642201834864,0
-0.7367924528301887,0.24770642201834864,0
-0.7160377358490566,0.24770642201834864,0
-0.6952830188679245,0.24770642201834864,0
-0.6745283018867925,0.24770642201834864,0
-0.6537735849056603,0.24770642201834864,0
-0.6330188679245283,0.24770642201834864,0
-0.6122641509433961,0.24770642201834864,0
-0.5915094339622642,0.24770642201834864,0
-0.570754716981132,0.24770642201834864,0
-0.55,0.24770642201834864,0
-0.5292452830188679,0.24770642201834864,0
-0.5084905660377359,0.24770642201834864,0
-0.4877358490566037,0.24770642201834864,0
-0.46698113207547176,0.24770642201834864,0
-0.4462264150943396,0.24770642201834864,0
-0.4254716981132076,0.24770642201834864,0
-0.40471698113207544,0.24770642201834864,0
-0.3839622641509435,0.24770642201834864,0
-0.3632075471698113,0.24770642201834864,0
-0.34245283018867934,0.24770642201834864,0
-0.32169811320754715,0.24770642201834864,0
-0.30094339622641497,0.24770642201834864,0
-0.280188679245283,0.24770642201834864,0
-0.25943396226415083,0.24770642201834864,0
-0.23867924528301887,0.24770642201834864,0
-0.2179245283018867,0.24770642201834864,0
-0.19716981132075473,0.24770642201834864,0
-0.17641509433962255,0.24770642201834864,0
-0.1556603773584906,0.24770642201834864,0
-0.1349056603773584,0.24770642201834864,0
-0.11415094339622645,0.24770642201834864,0
-0.09339622641509426,0.24770642201834864,0
-0.0726415094339623,0.24770642201834864,0
-0.05188679245283012,0.24770642201834864,0
-0.031132075471698162,0.24770642201834864,0
-0.01037735849056598,0.24770642201834864,0
0.01037735849056598,0.24770642201834864,0
0.031132075471698162,0.24770642201834864,0
0.05188679245283012,0.24770642201834864,0
0.0726415094339623,0.24770642201834864,0
0.09339622641509426,0.24770642201834864,0
0.11415094339622645,0.24770642201834864,0
0.1349056603773584,0.24770642201834864,0
0.1556603773584906,0.24770642201834864,0
0.17641509433962255,0.24770642201834864,0
0.19716981132075473,0.24770642201834864,0
0.2179245283018867,0.24770642201834864,0
0.23867924528301887,0.24770642201834864,0
0.25943396226415083,0.24770642201834864,0
0.280188679245283,0.24770642201834864,0
0.30094339622641497,0.24770642201834864,0
0.32169811320754715,0.24770642201834864,1
0.34245283018867934,0.24770642201834864,1
0.3632075471698113,0.24770642201834864,1
0.38396226415094326,0.24770642201834864,1
0.40471698113207566,0.24770642201834864,1
0.4254716981132076,0.24770642201834864,1
0.4462264150943396,0.24770642201834864,1
0.46698113207547154,0.24770642201834864,1
0.48773584905660394,0.24770642201834864,1
0.5084905660377359,0.24770642201834864,1
0.5292452830188679,0.24770642201834864,1
0.5499999999999998,0.24770642201834864,1
0.5707547169811322,0.24770642201834864,1
0.5915094339622642,0.24770642201834864,1
0.6122641509433961,0.24770642201834864,1
0.6330188679245281,0.24770642201834864,1
0.6537735849056605,0.24770642201834864,1
0.6745283018867925,0.24770642201834864,1
0.6952830188679244,0.24770642201834864,1
0.7160377358490564,0.24770642201834864,1
0.7367924528301888,0.24770642201834864,1
0.7575471698113208,0.24770642201834864,1
0.7783018867924527,0.24770642201834864,1
0.7990566037735847,0.24770642201834864,1
0.8198113207547171,0.24770642201834864,1
0.840566037735849,0.24770642201834864,1
0.861320754716981,0.24770642201834864,1
0.882075471698113,0.24770642201834864,1
0.9028301886792454,0.24770642201834864,1
0.9235849056603773,0.24770642201834864,1
0.9443396226415093,0.24770642201834864,1
0.9650943396226412,0.24770642201834864,1
0.9858490566037736,0.24770642201834864,1
1.0066037735849056,0.24770642201834864,1
1.0273584905660376,0.24770642201834864,1
1.04811320754717,0.24770642201834864,1
1.068867924528302,0.24770642201834864,1
1.0896226415094339,0.24770642201834864,1
1.1103773584905658,0.24770642201834864,1
1.1311320754716983,0.24770642201834864,1
1.1518867924528302,0.24770642201834864,1
1.1726415094339622,0.24770642201834864,1
1.1933962264150941,0.24770642201834864,1
1.2141509433962265,0.24770642201834864,1
1.2349056603773585,0.24770642201834864,1
1.2556603773584905,0.24770642201834864,1
1.2764150943396224,0.24770642201834864,1
1.2971698113207548,0.24770642201834864,1
1.3179245283018868,0.24770642201834864,1
1.3386792452830187,0.24770642201834864,1
1.3594339622641507,0.24770642201834864,1
1.380188679245283,0.24770642201834864,1
1.400943396226415,0.24770642201834864,1
1.421698113207547,0.24770642201834864,1
1.442452830188679,0.24770642201834864,1
1.4632075471698114,0.24770642201834864,1
1.4839622641509433,0.24770642201834864,1
1.5047169811320753,0.24770642201834864,1
1.5254716981132073,0.24770642201834864,1
1.5462264150943397,0.24770642201834864,1
1.5669811320754716,0.24770642201834864,1
1.5877358490566036,0.24770642201834864,1
1.6084905660377355,0.24770642201834864,1
1.629245283018868,0.24770642201834864,1
1.65,0.24770642201834864,1
-1.65,0.25688073394495414,0
-1.6292452830188677,0.25688073394495414,0
-1.6084905660377358,0.25688073394495414,0
-1.5877358490566036,0.25688073394495414,0
-1.5669811320754716,0.25688073394495414,0
-1.5462264150943394,0.25688073394495414,0
-1.5254716981132075,0.25688073394495414,0
-1.5047169811320753,0.25688073394495414,0
-1.4839622641509433,0.25688073394495414,0
-1.4632075471698112,0.25688073394495414,0
-1.4424528301886792,0.25688073394495414,0
-1.421698113207547,0.25688073394495414,0
-1.400943396226415,0.25688073394495414,0
-1.3801886792452829,0.25688073394495414,0
-1.359433962264151,0.25688073394495414,0
-1.3386792452830187,0.25688073394495414,0
-1.3179245283018868,0.25688073394495414,0
-1.2971698113207546,0.25688073394495414,0
-1.2764150943396226,0.25688073394495414,0
-1.2556603773584905,0.25688073394495414,0
-1.2349056603773585,0.25688073394495414,0
-1.2141509433962263,0.25688073394495414,0
-1.1933962264150944,0.25688073394495414,0
-1.1726415094339622,0.25688073394495414,0
-1.1518867924528302,0.25688073394495414,0
-1.131132075471698,0.25688073394495414,0
-1.1103773584905658,0.25688073394495414,0
-1.0896226415094339,0.25688073394495414,0
-1.068867924528302,0.25688073394495414,0
-1.0481132075471697,0.25688073394495414,0
-1.0273584905660376,0.25688073394495414,0
-1.0066037735849056,0.25688073394495414,0
-0.9858490566037735,0.25688073394495414,0
-0.9650943396226415,0.25688073394495414,0
-0.9443396226415094,0.25688073394495414,0
-0.9235849056603773,0.25688073394495414,0
-0.9028301886792452,0.25688073394495414,0
-0.8820754716981132,0.25688073394495414,0
-0.8613207547169811,0.25688073394495414,0
-0.840566037735849,0.25688073394495414,0
-0.819811320754717,0.25688073394495414,0
-0.7990566037735849,0.25688073394495414,0
-0.7783018867924528,0.25688073394495414,0
-0.7575471698113208,0.25688073394495414,0
-0.7367924528301887,0.25688073394495414,0
-0.7160377358490566,0.25688073394495414,0
-0.6952830188679245,0.25688073394495414,0
-0.6745283018867925,0.25688073394495414,0
-0.6537735849056603,0.25688073394495414,0
-0.6330188679245283,0.25688073394495414,0
-0.6122641509433961,0.25688073394495414,0
-0.5915094339622642,0.25688073394495414,0
-0.570754716981132,0.25688073394495414,0
-0.55,0.25688073394495414,0
-0.5292452830188679,0.25688073394495414,0
-0.5084905660377359,0.25688073394495414,0
-0.4877358490566037,0.25688073394495414,0
-0.46698113207547176,0.25688073394495414,0
-0.4462264150943396,0.25688073394495414,0
-0.4254716981132076,0.25688073394495414,0
-0.40471698113207544,0.25688073394495414,0
-0.3839622641509435,0.25688073394495414,0
-0.3632075471698113,0.25688073394495414,0
-0.34245283018867934,0.25688073394495414,0
-0.32169811320754715,0.25688073394495414,0
-0.30094339622641497,0.25688073394495414,0
-0.280188679245283,0.25688073394495414,0
-0.25943396226415083,0.25688073394495414,0
-0.23867924528301887,0.25688073394495414,0
-0.2179245283018867,0.25688073394495414,0
-0.19716981132075473,0.25688073394495414,0
-0.17641509433962255,0.25688073394495414,0
-0.1556603773584906,0.25688073394495414,0
-0.1349056603773584,0.25688073394495414,0
-0.11415094339622645,0.25688073394495414,0
-0.09339622641509426,0.25688073394495414,0
-0.0726415094339623,0.25688073394495414,0
-0.05188679245283012,0.25688073394495414,0
-0.031132075471698162,0.25688073394495414,0
-0.01037735849056598,0.25688073394495414,0
0.01037735849056598,0.25688073394495414,0
0.031132075471698162,0.25688073394495414,0
0.05188679245283012,0.25688073394495414,0
0.0726415094339623,0.25688073394495414,0
0.09339622641509426,0.25688073394495414,0
0.11415094339622645,0.25688073394495414,0
0.1349056603773584,0.25688073394495414,0
0.1556603773584906,0.25688073394495414,0
0.17641509433962255,0.25688073394495414,0
0.19716981132075473,0.25688073394495414,0
0.2179245283018867,0.25688073394495414,0
0.23867924528301887,0.25688073394495414,0
0.25943396226415083,0.25688073394495414,0
0.280188679245283,0.25688073394495414,0
0.30094339622641497,0.25688073394495414,0
0.32169811320754715,0.25688073394495414,1
0.34245283018867934,0.25688073394495414,1
0.3632075471698113,0.25688073394495414,1
0.38396226415094326,0.25688073394495414,1
0.40471698113207566,0.25688073394495414,1
0.4254716981132076,0.25688073394495414,1
0.4462264150943396,0.25688073394495414,1
0.46698113207547154,0.25688073394495414,1
0.48773584905660394,0.25688073394495414,1
0.5084905660377359,0.25688073394495414,1
0.5292452830188679,0.25688073394495414,1
0.5499999999999998,0.25688073394495414,1
0.5707547169811322,0.25688073394495414,1
0.5915094339622642,0.25688073394495414,1
0.6122641509433961,0.25688073394495414,1
0.6330188679245281,0.25688073394495414,1
0.6537735849056605,0.25688073394495414,1
0.6745283018867925,0.25688073394495414,1
0.6952830188679244,0.25688073394495414,1
0.7160377358490564,0.25688073394495414,1
0.7367924528301888,0.25688073394495414,1
0.7575471698113208,0.25688073394495414,1
0.7783018867924527,0.25688073394495414,1
0.7990566037735847,0.25688073394495414,1
0.8198113207547171,0.25688073394495414,1
0.840566037735849,0.25688073394495414,1
0.861320754716981,0.25688073394495414,1
0.882075471698113,0.25688073394495414,1
0.9028301886792454,0.25688073394495414,1
0.9235849056603773,0.25688073394495414,1
0.9443396226415093,0.25688073394495414,1
0.9650943396226412,0.25688073394495414,1
0.9858490566037736,0.25688073394495414,1
1.0066037735849056,0.25688073394495414,1
1.0273584905660376,0.25688073394495414,1
1.04811320754717,0.25688073394495414,1
1.068867924528302,0.25688073394495414,1
1.0896226415094339,0.25688073394495414,1
1.1103773584905658,0.25688073394495414,1
1.1311320754716983,0.25688073394495414,1
1.1518867924528302,0.25688073394495414,1
1.1726415094339622,0.25688073394495414,1
1.1933962264150941,0.25688073394495414,1
1.2141509433962265,0.25688073394495414,1
1.2349056603773585,0.25688073394495414,1
1.2556603773584905,0.25688073394495414,1
1.2764150943396224,0.25688073394495414,1
1.2971698113207548,0.25688073394495414,1
1.3179245283018868,0.25688073394495414,1
1.3386792452830187,0.25688073394495414,1
1.3594339622641507,0.25688073394495414,1
1.380188679245283,0.25688073394495414,1
1.400943396226415,0.25688073394495414,1
1.421698113207547,0.25688073394495414,1
1.442452830188679,0.25688073394495414,1
1.4632075471698114,0.25688073394495414,1
1.4839622641509433,0.25688073394495414,1
1.5047169811320753,0.25688073394495414,1
1.5254716981132073,0.25688073394495414,1
1.5462264150943397,0.25688073394495414,1
1.5669811320754716,0.25688073394495414,1
1.5877358490566036,0.25688073394495414,1
1.6084905660377355,0.25688073394495414,1
1.629245283018868,0.25688073394495414,1
1.65,0.25688073394495414,1
-1.65,0.26605504587155965,0
-1.6292452830188677,0.26605504587155965,0
-1.6084905660377358,0.26605504587155965,0
-1.5877358490566036,0.26605504587155965,0
-1.5669811320754716,0.26605504587155965,0
-1.5462264150943394,0.26605504587155965,0
-1.5254716981132075,0.26605504587155965,0
-1.5047169811320753,0.26605504587155965,0
-1.4839622641509433,0.26605504587155965,0
-1.4632075471698112,0.26605504587155965,0
-1.4424528301886792,0.26605504587155965,0
-1.421698113207547,0.26605504587155965,0
-1.400943396226415,0.26605504587155965,0
-1.3801886792452829,0.26605504587155965,0
-1.359433962264151,0.26605504587155965,0
-1.3386792452830187,0.26605504587155965,0
-1.3179245283018868,0.26605504587155965,0
-1.2971698113207546,0.26605504587155965,0
-1.2764150943396226,0.26605504587155965,0
-1.2556603773584905,0.26605504587155965,0
-1.2349056603773585,0.26605504587155965,0
-1.2141509433962263,0.26605504587155965,0
-1.1933962264150944,0.26605504587155965,0
-1.1726415094339622,0.26605504587155965,0
-1.1518867924528302,0.26605504587155965,0
-1.131132075471698,0.26605504587155965,0
-1.1103773584905658,0.26605504587155965,0
-1.0896226415094339,0.26605504587155965,0
-1.068867924528302,0.26605504587155965,0
-1.0481132075471697,0.26605504587155965,0
-1.0273584905660376,0.26605504587155965,0
-1.0066037735849056,0.26605504587155965,0
-0.9858490566037735,0.26605504587155965,0
-0.9650943396226415,0.26605504587155965,0
-0.9443396226415094,0.26605504587155965,0
-0.9235849056603773,0.26605504587155965,0
-0.9028301886792452,0.26605504587155965,0
-0.8820754716981132,0.26605504587155965,0
-0.8613207547169811,0.26605504587155965,0
-0.840566037735849,0.26605504587155965,0
-0.819811320754717,0.26605504587155965,0
-0.7990566037735849,0.26605504587155965,0
-0.7783018867924528,0.26605504587155965,0
-0.7575471698113208,0.26605504587155965,0
-0.7367924528301887,0.26605504587155965,0
-0.7160377358490566,0.26605504587155965,0
-0.6952830188679245,0.26605504587155965,0
-0.6745283018867925,0.26605504587155965,0
-0.6537735849056603,0.26605504587155965,0
-0.6330188679245283,0.26605504587155965,0
-0.6122641509433961,0.26605504587155965,0
-0.5915094339622642,0.26605504587155965,0
-0.570754716981132,0.26605504587155965,0
-0.55,0.26605504587155965,0
-0.5292452830188679,0.26605504587155965,0
-0.5084905660377359,0.26605504587155965,0
-0.4877358490566037,0.26605504587155965,0
-0.46698113207547176,0.26605504587155965,0
-0.4462264150943396,0.26605504587155965,0
-0.4254716981132076,0.26605504587155965,0
-0.40471698113207544,0.26605504587155965,0
-0.3839622641509435,0.26605504587155965,0
-0.3632075471698113,0.26605504587155965,0
-0.34245283018867934,0.26605504587155965,0
-0.32169811320754715,0.26605504587155965,0
-0.30094339622641497,0.26605504587155965,0
-0.280188679245283,0.26605504587155965,0
-0.25943396226415083,0.26605504587155965,0
-0.23867924528301887,0.26605504587155965,0
-0.2179245283018867,0.26605504587155965,0
-0.19716981132075473,0.26605504587155965,0
-0.17641509433962255,0.26605504587155965,0
-0.1556603773584906,0.26605504587155965,0
-0.1349056603773584,0.26605504587155965,0
-0.11415094339622645,0.26605504587155965,0
-0.09339622641509426,0.26605504587155965,0
-0.0726415094339623,0.26605504587155965,0
-0.05188679245283012,0.26605504587155965,0
-0.031132075471698162,0.26605504587155965,0
-0.01037735849056598,0.26605504587155965,0
0.01037735849056598,0.26605504587155965,0
0.031132075471698162,0.26605504587155965,0
0.05188679245283012,0.26605504587155965,0
0.0726415094339623,0.26605504587155965,0
0.09339622641509426,0.26605504587155965,0
0.11415094339622645,0.26605504587155965,0
0.1349056603773584,0.26605504587155965,0
0.1556603773584906,0.26605504587155965,0
0.17641509433962255,0.26605504587155965,0
0.19716981132075473,0.26605504587155965,0
0.2179245283018867,0.26605504587155965,0
0.23867924528301887,0.26605504587155965,0
0.25943396226415083,0.26605504587155965,0
0.280188679245283,0.26605504587155965,0
0.30094339622641497,0.26605504587155965,0
0.32169811320754715,0.26605504587155965,1
0.34245283018867934,0.26605504587155965,1
0.3632075471698113,0.26605504587155965,1
0.38396226415094326,0.26605504587155965,1
0.40471698113207566,0.26605504587155965,1
0.4254716981132076,0.26605504587155965,1
0.4462264150943396,0.26605504587155965,1
0.46698113207547154,0.26605504587155965,1
0.48773584905660394,0.26605504587155965,1
0.5084905660377359,0.26605504587155965,1
0.5292452830188679,0.26605504587155965,1
0.5499999999999998,0.26605504587155965,1
0.5707547169811322,0.26605504587155965,1
0.5915094339622642,0.26605504587155965,1
0.6122641509433961,0.26605504587155965,1
0.6330188679245281,0.26605504587155965,1
0.6537735849056605,0.26605504587155965,1
0.6745283018867925,0.26605504587155965,1
0.6952830188679244,0.26605504587155965,1
0.7160377358490564,0.26605504587155965,1
0.7367924528301888,0.26605504587155965,1
0.7575471698113208,0.26605504587155965,1
0.7783018867924527,0.26605504587155965,1
0.7990566037735847,0.26605504587155965,1
0.8198113207547171,0.26605504587155965,1
0.840566037735849,0.26605504587155965,1
0.861320754716981,0.26605504587155965,1
0.882075471698113,0.26605504587155965,1
0.9028301886792454,0.26605504587155965,1
0.9235849056603773,0.26605504587155965,1
0.9443396226415093,0.26605504587155965,1
0.9650943396226412,0.26605504587155965,1
0.9858490566037736,0.26605504587155965,1
1.0066037735849056,0.26605504587155965,1
1.0273584905660376,0.26605504587155965,1
1.04811320754717,0.26605504587155965,1
1.068867924528302,0.26605504587155965,1
1.0896226415094339,0.26605504587155965,1
1.1103773584905658,0.26605504587155965,1
1.1311320754716983,0.26605504587155965,1
1.1518867924528302,0.26605504587155965,1
1.1726415094339622,0.26605504587155965,1
1.1933962264150941,0.26605504587155965,1
1.2141509433962265,0.26605504587155965,1
1.2349056603773585,0.26605504587155965,1
1.2556603773584905,0.26605504587155965,1
1.2764150943396224,0.26605504587155965,1
1.2971698113207548,0.26605504587155965,1
1.3179245283018868,0.26605504587155965,1
1.3386792452830187,0.26605504587155965,1
1.3594339622641507,0.26605504587155965,1
1.380188679245283,0.26605504587155965,1
1.400943396226415,0.26605504587155965,1
1.421698113207547,0.26605504587155965,1
1.442452830188679,0.26605504587155965,1
1.4632075471698114,0.26605504587155965,1
1.4839622641509433,0.26605504587155965,1
1.5047169811320753,0.26605504587155965,1
1.5254716981132073,0.26605504587155965,1
1.5462264150943397,0.26605504587155965,1
1.5669811320754716,0.26605504587155965,1
1.5877358490566036,0.26605504587155965,1
1.6084905660377355,0.26605504587155965,1
1.629245283018868,0.26605504587155965,1
1.65,0.26605504587155965,1
-1.65,0.27522935779816515,0
-1.6292452830188677,0.27522935779816515,0
-1.6084905660377358,0.27522935779816515,0
-1.5877358490566036,0.27522935779816515,0
-1.5669811320754716,0.27522935779816515,0
-1.5462264150943394,0.27522935779816515,0
-1.5254716981132075,0.27522935779816515,0
-1.5047169811320753,0.27522935779816515,0
-1.4839622641509433,0.27522935779816515,0
-1.4632075471698112,0.27522935779816515,0
-1.4424528301886792,0.27522935779816515,0
-1.421698113207547,0.27522935779816515,0
-1.400943396226415,0.27522935779816515,0
-1.3801886792452829,0.27522935779816515,0
-1.359433962264151,0.27522935779816515,0
-1.3386792452830187,0.27522935779816515,0
-1.3179245283018868,0.27522935779816515,0
-1.2971698113207546,0.27522935779816515,0
-1.2764150943396226,0.27522935779816515,0
-1.2556603773584905,0.27522935779816515,0
-1.2349056603773585,0.27522935779816515,0
-1.2141509433962263,0.27522935779816515,0
-1.1933962264150944,0.27522935779816515,0
-1.1726415094339622,0.27522935779816515,0
-1.1518867924528302,0.27522935779816515,0
-1.131132075471698,0.27522935779816515,0
-1.1103773584905658,0.27522935779816515,0
-1.0896226415094339,0.27522935779816515,0
-1.068867924528302,0.27522935779816515,0
-1.0481132075471697,0.27522935779816515,0
-1.0273584905660376,0.27522935779816515,0
-1.0066037735849056,0.27522935779816515,0
-0.9858490566037735,0.27522935779816515,0
-0.9650943396226415,0.27522935779816515,0
-0.9443396226415094,0.27522935779816515,0
-0.9235849056603773,0.27522935779816515,0
-0.9028301886792452,0.27522935779816515,0
-0.8820754716981132,0.27522935779816515,0
-0.8613207547169811,0.27522935779816515,0
-0.840566037735849,0.27522935779816515,0
-0.819811320754717,0.27522935779816515,0
-0.7990566037735849,0.27522935779816515,0
-0.7783018867924528,0.27522935779816515,0
-0.7575471698113208,0.27522935779816515,0
-0.7367924528301887,0.27522935779816515,0
-0.7160377358490566,0.27522935779816515,0
-0.6952830188679245,0.27522935779816515,0
-0.6745283018867925,0.27522935779816515,0
-0.6537735849056603,0.27522935779816515,0
-0.6330188679245283,0.27522935779816515,0
-0.6122641509433961,0.27522935779816515,0
-0.5915094339622642,0.27522935779816515,0
-0.570754716981132,0.27522935779816515,0
-0.55,0.27522935779816515,0
-0.5292452830188679,0.27522935779816515,0
-0.5084905660377359,0.27522935779816515,0
-0.4877358490566037,0.27522935779816515,0
-0.46698113207547176,0.27522935779816515,0
-0.4462264150943396,0.27522935779816515,0
-0.4254716981132076,0.27522935779816515,0
-0.40471698113207544,0.27522935779816515,0
-0.3839622641509435,0.27522935779816515,0
-0.3632075471698113,0.27522935779816515,0
-0.34245283018867934,0.27522935779816515,0
-0.32169811320754715,0.27522935779816515,0
-0.30094339622641497,0.27522935779816515,0
-0.280188679245283,0.27522935779816515,0
-0.25943396226415083,0.27522935779816515,0
-0.23867924528301887,0.27522935779816515,0
-0.2179245283018867,0.27522935779816515,0
-0.19716981132075473,0.27522935779816515,0
-0.17641509433962255,0.27522935779816515,0
-0.1556603773584906,0.27522935779816515,0
-0.1349056603773584,0.27522935779816515,0
-0.11415094339622645,0.27522935779816515,0
-0.09339622641509426,0.27522935779816515,0
-0.0726415094339623,0.27522935779816515,0
-0.05188679245283012,0.27522935779816515,0
-0.031132075471698162,0.27522935779816515,0
-0.01037735849056598,0.27522935779816515,0
0.01037735849056598,0.27522935779816515,0
0.031132075471698162,0.27522935779816515,0
0.05188679245283012,0.27522935779816515,0
0.0726415094339623,0.27522935779816515,0
0.09339622641509426,0.27522935779816515,0
0.11415094339622645,0.27522935779816515,0
0.1349056603773584,0.27522935779816515,0
0.1556603773584906,0.27522935779816515,0
0.17641509433962255,0.27522935779816515,0
0.19716981132075473,0.27522935779816515,0
0.2179245283018867,0.27522935779816515,0
0.23867924528301887,0.27522935779816515,0
0.25943396226415083,0.27522935779816515,0
0.280188679245283,0.27522935779816515,0
0.30094339622641497,0.27522935779816515,0
0.32169811320754715,0.27522935779816515,1
0.34245283018867934,0.27522935779816515,1
0.3632075471698113,0.27522935779816515,1
0.38396226415094326,0.27522935779816515,1
0.40471698113207566,0.27522935779816515,1
0.4254716981132076,0.27522935779816515,1
0.4462264150943396,0.27522935779816515,1
0.46698113207547154,0.27522935779816515,1
0.48773584905660394,0.27522935779816515,1
0.5084905660377359,0.27522935779816515,1
0.5292452830188679,0.27522935779816515,1
0.5499999999999998,0.27522935779816515,1
0.5707547169811322,0.27522935779816515,1
0.5915094339622642,0.27522935779816515,1
0.6122641509433961,0.27522935779816515,1
0.6330188679245281,0.27522935779816515,1
0.6537735849056605,0.27522935779816515,1
0.6745283018867925,0.27522935779816515,1
0.6952830188679244,0.27522935779816515,1
0.7160377358490564,0.27522935779816515,1
0.7367924528301888,0.27522935779816515,1
0.7575471698113208,0.27522935779816515,1
0.7783018867924527,0.27522935779816515,1
0.7990566037735847,0.27522935779816515,1
0.8198113207547171,0.27522935779816515,1
0.840566037735849,0.27522935779816515,1
0.861320754716981,0.27522935779816515,1
0.882075471698113,0.27522935779816515,1
0.9028301886792454,0.27522935779816515,1
0.9235849056603773,0.27522935779816515,1
0.9443396226415093,0.27522935779816515,1
0.9650943396226412,0.27522935779816515,1
0.9858490566037736,0.27522935779816515,1
1.0066037735849056,0.27522935779816515,1
1.0273584905660376,0.27522935779816515,1
1.04811320754717,0.27522935779816515,1
1.068867924528302,0.27522935779816515,1
1.0896226415094339,0.27522935779816515,1
1.1103773584905658,0.27522935779816515,1
1.1311320754716983,0.27522935779816515,1
1.1518867924528302,0.27522935779816515,1
1.1726415094339622,0.27522935779816515,1
1.1933962264150941,0.27522935779816515,1
1.2141509433962265,0.27522935779816515,1
1.2349056603773585,0.27522935779816515,1
1.2556603773584905,0.27522935779816515,1
1.2764150943396224,0.27522935779816515,1
1.2971698113207548,0.27522935779816515,1
1.3179245283018868,0.27522935779816515,1
1.3386792452830187,0.27522935779816515,1
1.3594339622641507,0.27522935779816515,1
1.380188679245283,0.27522935779816515,1
1.400943396226415,0.27522935779816515,1
1.421698113207547,0.27522935779816515,1
1.442452830188679,0.27522935779816515,1
1.4632075471698114,0.27522935779816515,1
1.4839622641509433,0.27522935779816515,1
1.5047169811320753,0.27522935779816515,1
1.5254716981132073,0.27522935779816515,1
1.5462264150943397,0.27522935779816515,1
1.5669811320754716,0.27522935779816515,1
1.5877358490566036,0.27522935779816515,1
1.6084905660377355,0.27522935779816515,1
1.629245283018868,0.27522935779816515,1
1.65,0.27522935779816515,1
-1.65,0.28440366972477066,0
-1.6292452830188677,0.28440366972477066,0
-1.6084905660377358,0.28440366972477066,0
-1.5877358490566036,0.28440366972477066,0
-1.5669811320754716,0.28440366972477066,0
-1.5462264150943394,0.28440366972477066,0
-1.5254716981132075,0.28440366972477066,0
-1.5047169811320753,0.28440366972477066,0
-1.4839622641509433,0.28440366972477066,0
-1.4632075471698112,0.28440366972477066,0
-1.4424528301886792,0.28440366972477066,0
-1.421698113207547,0.28440366972477066,0
-1.400943396226415,0.28440366972477066,0
-1.3801886792452829,0.28440366972477066,0
-1.359433962264151,0.28440366972477066,0
-1.3386792452830187,0.28440366972477066,0
-1.3179245283018868,0.28440366972477066,0
-1.2971698113207546,0.28440366972477066,0
-1.2764150943396226,0.28440366972477066,0
-1.2556603773584905,0.28440366972477066,0
-1.2349056603773585,0.28440366972477066,0
-1.2141509433962263,0.28440366972477066,0
-1.1933962264150944,0.28440366972477066,0
-1.1726415094339622,0.28440366972477066,0
-1.1518867924528302,0.28440366972477066,0
-1.131132075471698,0.28440366972477066,0
-1.1103773584905658,0.28440366972477066,0
-1.0896226415094339,0.28440366972477066,0
-1.068867924528302,0.28440366972477066,0
-1.0481132075471697,0.28440366972477066,0
-1.0273584905660376,0.28440366972477066,0
-1.0066037735849056,0.28440366972477066,0
-0.9858490566037735,0.28440366972477066,0
-0.9650943396226415,0.28440366972477066,0
-0.9443396226415094,0.28440366972477066,0
-0.9235849056603773,0.28440366972477066,0
-0.9028301886792452,0.28440366972477066,0
-0.8820754716981132,0.28440366972477066,0
-0.8613207547169811,0.28440366972477066,0
-0.840566037735849,0.28440366972477066,0
-0.819811320754717,0.28440366972477066,0
-0.7990566037735849,0.28440366972477066,0
-0.7783018867924528,0.28440366972477066,0
-0.7575471698113208,0.28440366972477066,0
-0.7367924528301887,0.28440366972477066,0
-0.7160377358490566,0.28440366972477066,0
-0.6952830188679245,0.28440366972477066,0
-0.6745283018867925,0.28440366972477066,0
-0.6537735849056603,0.28440366972477066,0
-0.6330188679245283,0.28440366972477066,0
-0.6122641509433961,0.28440366972477066,0
-0.5915094339622642,0.28440366972477066,0
-0.570754716981132,0.28440366972477066,0
-0.55,0.28440366972477066,0
-0.5292452830188679,0.28440366972477066,0
-0.5084905660377359,0.28440366972477066,0
-0.4877358490566037,0.28440366972477066,0
-0.46698113207547176,0.28440366972477066,0
-0.4462264150943396,0.28440366972477066,0
-0.4254716981132076,0.28440366972477066,0
-0.40471698113207544,0.28440366972477066,0
-0.3839622641509435,0.28440366972477066,0
-0.3632075471698113,0.28440366972477066,0
-0.34245283018867934,0.28440366972477066,0
-0.32169811320754715,0.28440366972477066,0
-0.30094339622641497,0.28440366972477066,0
-0.280188679245283,0.28440366972477066,0
-0.25943396226415083,0.28440366972477066,0
-0.23867924528301887,0.28440366972477066,0
-0.2179245283018867,0.28440366972477066,0
-0.19716981132075473,0.28440366972477066,0
-0.17641509433962255,0.28440366972477066,0
-0.1556603773584906,0.28440366972477066,0
-0.1349056603773584,0.28440366972477066,0
-0.11415094339622645,0.28440366972477066,0
-0.09339622641509426,0.28440366972477066,0
-0.0726415094339623,0.28440366972477066,0
-0.05188679245283012,0.28440366972477066,0
-0.031132075471698162,0.28440366972477066,0
-0.01037735849056598,0.28440366972477066,0
0.01037735849056598,0.28440366972477066,0
0.031132075471698162,0.28440366972477066,0
0.05188679245283012,0.28440366972477066,0
0.0726415094339623,0.28440366972477066,0
0.09339622641509426,0.28440366972477066,0
0.11415094339622645,0.28440366972477066,0
0.1349056603773584,0.28440366972477066,0
0.1556603773584906,0.28440366972477066,0
0.17641509433962255,0.28440366972477066,0
0.19716981132075473,0.28440366972477066,0
0.2179245283018867,0.28440366972477066,0
0.23867924528301887,0.28440366972477066,0
0.25943396226415083,0.28440366972477066,0
0.280188679245283,0.28440366972477066,0
0.30094339622641497,0.28440366972477066,0
0.32169811320754715,0.28440366972477066,1
0.34245283018867934,0.28440366972477066,1
0.3632075471698113,0.28440366972477066,1
0.38396226415094326,0.28440366972477066,1
0.40471698113207566,0.28440366972477066,1
0.4254716981132076,0.28440366972477066,1
0.4462264150943396,0.28440366972477066,1
0.46698113207547154,0.28440366972477066,1
0.48773584905660394,0.28440366972477066,1
0.5084905660377359,0.28440366972477066,1
0.5292452830188679,0.28440366972477066,1
0.5499999999999998,0.28440366972477066,1
0.5707547169811322,0.28440366972477066,1
0.5915094339622642,0.28440366972477066,1
0.6122641509433961,0.28440366972477066,1
0.6330188679245281,0.28440366972477066,1
0.6537735849056605,0.28440366972477066,1
0.6745283018867925,0.28440366972477066,1
0.6952830188679244,0.28440366972477066,1
0.7160377358490564,0.28440366972477066,1
0.7367924528301888,0.28440366972477066,1
0.7575471698113208,0.28440366972477066,1
0.7783018867924527,0.28440366972477066,1
0.7990566037735847,0.28440366972477066,1
0.8198113207547171,0.28440366972477066,1
0.840566037735849,0.28440366972477066,1
0.861320754716981,0.28440366972477066,1
0.882075471698113,0.28440366972477066,1
0.9028301886792454,0.28440366972477066,1
0.9235849056603773,0.28440366972477066,1
0.9443396226415093,0.28440366972477066,1
0.9650943396226412,0.28440366972477066,1
0.9858490566037736,0.28440366972477066,1
1.0066037735849056,0.28440366972477066,1
1.0273584905660376,0.28440366972477066,1
1.04811320754717,0.28440366972477066,1
1.068867924528302,0.28440366972477066,1
1.0896226415094339,0.28440366972477066,1
1.1103773584905658,0.28440366972477066,1
1.1311320754716983,0.28440366972477066,1
1.1518867924528302,0.28440366972477066,1
1.1726415094339622,0.28440366972477066,1
1.1933962264150941,0.28440366972477066,1
1.2141509433962265,0.28440366972477066,1
1.2349056603773585,0.28440366972477066,1
1.2556603773584905,0.28440366972477066,1
1.2764150943396224,0.28440366972477066,1
1.2971698113207548,0.28440366972477066,1
1.3179245283018868,0.28440366972477066,1
1.3386792452830187,0.28440366972477066,1
1.3594339622641507,0.28440366972477066,1
1.380188679245283,0.28440366972477066,1
1.400943396226415,0.28440366972477066,1
1.421698113207547,0.28440366972477066,1
1.442452830188679,0.28440366972477066,1
1.4632075471698114,0.28440366972477066,1
1.4839622641509433,0.28440366972477066,1
1.5047169811320753,0.28440366972477066,1
1.5254716981132073,0.28440366972477066,1
1.5462264150943397,0.28440366972477066,1
1.5669811320754716,0.28440366972477066,1
1.5877358490566036,0.28440366972477066,1
1.6084905660377355,0.28440366972477066,1
1.629245283018868,0.28440366972477066,1
1.65,0.28440366972477066,1
-1.65,0.29357798165137616,0
-1.6292452830188677,0.29357798165137616,0
-1.6084905660377358,0.29357798165137616,0
-1.5877358490566036,0.29357798165137616,0
-1.5669811320754716,0.29357798165137616,0
-1.5462264150943394,0.29357798165137616,0
-1.5254716981132075,0.29357798165137616,0
-1.5047169811320753,0.29357798165137616,0
-1.4839622641509433,0.29357798165137616,0
-1.4632075471698112,0.29357798165137616,0
-1.4424528301886792,0.29357798165137616,0
-1.421698113207547,0.29357798165137616,0
-1.400943396226415,0.29357798165137616,0
-1.3801886792452829,0.29357798165137616,0
-1.359433962264151,0.29357798165137616,0
-1.3386792452830187,0.29357798165137616,0
-1.3179245283018868,0.29357798165137616,0
-1.2971698113207546,0.29357798165137616,0
-1.2764150943396226,0.29357798165137616,0
-1.2556603773584905,0.29357798165137616,0
-1.2349056603773585,0.29357798165137616,0
-1.2141509433962263,0.29357798165137616,0
-1.1933962264150944,0.29357798165137616,0
-1.1726415094339622,0.29357798165137616,0
-1.1518867924528302,0.29357798165137616,0
-1.131132075471698,0.29357798165137616,0
-1.1103773584905658,0.29357798165137616,0
-1.0896226415094339,0.29357798165137616,0
-1.068867924528302,0.29357798165137616,0
-1.0481132075471697,0.29357798165137616,0
-1.0273584905660376,0.29357798165137616,0
-1.0066037735849056,0.29357798165137616,0
-0.9858490566037735,0.29357798165137616,0
-0.9650943396226415,0.29357798165137616,0
-0.9443396226415094,0.29357798165137616,0
-0.9235849056603773,0.29357798165137616,0
-0.9028301886792452,0.29357798165137616,0
-0.8820754716981132,0.29357798165137616,0
-0.8613207547169811,0.29357798165137616,0
-0.840566037735849,0.29357798165137616,0
-0.819811320754717,0.29357798165137616,0
-0.7990566037735849,0.29357798165137616,0
-0.7783018867924528,0.29357798165137616,0
-0.7575471698113208,0.29357798165137616,0
-0.7367924528301887,0.29357798165137616,0
-0.7160377358490566,0.29357798165137616,0
-0.6952830188679245,0.29357798165137616,0
-0.6745283018867925,0.29357798165137616,0
-0.6537735849056603,0.29357798165137616,0
-0.6330188679245283,0.29357798165137616,0
-0.6122641509433961,0.29357798165137616,0
-0.5915094339622642,0.29357798165137616,0
-0.570754716981132,0.29357798165137616,0
-0.55,0.29357798165137616,0
-0.5292452830188679,0.29357798165137616,0
-0.5084905660377359,0.29357798165137616,0
-0.4877358490566037,0.29357798165137616,0
-0.46698113207547176,0.29357798165137616,0
-0.4462264150943396,0.29357798165137616,0
-0.4254716981132076,0.29357798165137616,0
-0.40471698113207544,0.29357798165137616,0
-0.3839622641509435,0.29357798165137616,0
-0.3632075471698113,0.29357798165137616,0
-0.34245283018867934,0.29357798165137616,0
-0.32169811320754715,0.29357798165137616,0
-0.30094339622641497,0.29357798165137616,0
-0.280188679245283,0.29357798165137616,0
-0.25943396226415083,0.29357798165137616,0
-0.23867924528301887,0.29357798165137616,0
-0.2179245283018867,0.29357798165137616,0
-0.19716981132075473,0.29357798165137616,0
-0.17641509433962255,0.29357798165137616,0
-0.1556603773584906,0.29357798165137616,0
-0.1349056603773584,0.29357798165137616,0
-0.11415094339622645,0.29357798165137616,0
-0.09339622641509426,0.29357798165137616,0
-0.0726415094339623,0.29357798165137616,0
-0.05188679245283012,0.29357798165137616,0
-0.031132075471698162,0.29357798165137616,0
-0.01037735849056598,0.29357798165137616,0
0.01037735849056598,0.29357798165137616,0
0.031132075471698162,0.29357798165137616,0
0.05188679245283012,0.29357798165137616,0
0.0726415094339623,0.29357798165137616,0
0.09339622641509426,0.29357798165137616,0
0.11415094339622645,0.29357798165137616,0
0.1349056603773584,0.29357798165137616,0
0.1556603773584906,0.29357798165137616,0
0.17641509433962255,0.29357798165137616,0
0.19716981132075473,0.29357798165137616,0
0.2179245283018867,0.29357798165137616,0
0.23867924528301887,0.29357798165137616,0
0.25943396226415083,0.29357798165137616,0
0.280188679245283,0.29357798165137616,0
0.30094339622641497,0.29357798165137616,0
0.32169811320754715,0.29357798165137616,1
0.34245283018867934,0.29357798165137616,1
0.3632075471698113,0.29357798165137616,1
0.38396226415094326,0.29357798165137616,1
0.40471698113207566,0.29357798165137616,1
0.4254716981132076,0.29357798165137616,1
0.4462264150943396,0.29357798165137616,1
0.46698113207547154,0.29357798165137616,1
0.48773584905660394,0.29357798165137616,1
0.5084905660377359,0.29357798165137616,1
0.5292452830188679,0.29357798165137616,1
0.5499999999999998,0.29357798165137616,1
0.5707547169811322,0.29357798165137616,1
0.5915094339622642,0.29357798165137616,1
0.6122641509433961,0.29357798165137616,1
0.6330188679245281,0.29357798165137616,1
0.6537735849056605,0.29357798165137616,1
0.6745283018867925,0.29357798165137616,1
0.6952830188679244,0.29357798165137616,1
0.7160377358490564,0.29357798165137616,1
0.7367924528301888,0.29357798165137616,1
0.7575471698113208,0.29357798165137616,1
0.7783018867924527,0.29357798165137616,1
0.7990566037735847,0.29357798165137616,1
0.8198113207547171,0.29357798165137616,1
0.840566037735849,0.29357798165137616,1
0.861320754716981,0.29357798165137616,1
0.882075471698113,0.29357798165137616,1
0.9028301886792454,0.29357798165137616,1
0.9235849056603773,0.29357798165137616,1
0.9443396226415093,0.29357798165137616,1
0.9650943396226412,0.29357798165137616,1
0.9858490566037736,0.29357798165137616,1
1.0066037735849056,0.29357798165137616,1
1.0273584905660376,0.29357798165137616,1
1.04811320754717,0.29357798165137616,1
1.068867924528302,0.29357798165137616,1
1.0896226415094339,0.29357798165137616,1
1.1103773584905658,0.29357798165137616,1
1.1311320754716983,0.29357798165137616,1
1.1518867924528302,0.29357798165137616,1
1.1726415094339622,0.29357798165137616,1
1.1933962264150941,0.29357798165137616,1
1.2141509433962265,0.29357798165137616,1
1.2349056603773585,0.29357798165137616,1
1.2556603773584905,0.29357798165137616,1
1.2764150943396224,0.29357798165137616,1
1.2971698113207548,0.29357798165137616,1
1.3179245283018868,0.29357798165137616,1
1.3386792452830187,0.29357798165137616,1
1.3594339622641507,0.29357798165137616,1
1.380188679245283,0.29357798165137616,1
1.400943396226415,0.29357798165137616,1
1.421698113207547,0.29357798165137616,1
1.442452830188679,0.29357798165137616,1
1.4632075471698114,0.29357798165137616,1
1.4839622641509433,0.29357798165137616,1
1.5047169811320753,0.29357798165137616,1
1.5254716981132073,0.29357798165137616,1
1.5462264150943397,0.29357798165137616,1
1.5669811320754716,0.29357798165137616,1
1.5877358490566036,0.29357798165137616,1
1.6084905660377355,0.29357798165137616,1
1.629245283018868,0.29357798165137616,1
1.65,0.29357798165137616,1
-1.65,0.30275229357798167,0
-1.6292452830188677,0.30275229357798167,0
-1.6084905660377358,0.30275229357798167,0
-1.5877358490566036,0.30275229357798167,0
-1.5669811320754716,0.30275229357798167,0
-1.5462264150943394,0.30275229357798167,0
-1.5254716981132075,0.30275229357798167,0
-1.5047169811320753,0.30275229357798167,0
-1.4839622641509433,0.30275229357798167,0
-1.4632075471698112,0.30275229357798167,0
-1.4424528301886792,0.30275229357798167,0
-1.421698113207547,0.30275229357798167,0
-1.400943396226415,0.30275229357798167,0
-1.3801886792452829,0.30275229357798167,0
-1.359433962264151,0.30275229357798167,0
-1.3386792452830187,0.30275229357798167,0
-1.3179245283018868,0.30275229357798167,0
-1.2971698113207546,0.30275229357798167,0
-1.2764150943396226,0.30275229357798167,0
-1.2556603773584905,0.30275229357798167,0
-1.2349056603773585,0.30275229357798167,0
-1.2141509433962263,0.30275229357798167,0
-1.1933962264150944,0.30275229357798167,0
-1.1726415094339622,0.30275229357798167,0
-1.1518867924528302,0.30275229357798167,0
-1.131132075471698,0.30275229357798167,0
-1.1103773584905658,0.30275229357798167,0
-1.0896226415094339,0.30275229357798167,0
-1.068867924528302,0.30275229357798167,0
-1.0481132075471697,0.30275229357798167,0
-1.0273584905660376,0.30275229357798167,0
-1.0066037735849056,0.30275229357798167,0
-0.9858490566037735,0.30275229357798167,0
-0.9650943396226415,0.30275229357798167,0
-0.9443396226415094,0.30275229357798167,0
-0.9235849056603773,0.30275229357798167,0
-0.9028301886792452,0.30275229357798167,0
-0.8820754716981132,0.30275229357798167,0
-0.8613207547169811,0.30275229357798167,0
-0.840566037735849,0.30275229357798167,0
-0.819811320754717,0.30275229357798167,0
-0.7990566037735849,0.30275229357798167,0
-0.7783018867924528,0.30275229357798167,0
-0.7575471698113208,0.30275229357798167,0
-0.7367924528301887,0.30275229357798167,0
-0.7160377358490566,0.30275229357798167,0
-0.6952830188679245,0.30275229357798167,0
-0.6745283018867925,0.30275229357798167,0
-0.6537735849056603,0.30275229357798167,0
-0.6330188679245283,0.30275229357798167,0
-0.6122641509433961,0.30275229357798167,0
-0.5915094339622642,0.30275229357798167,0
-0.570754716981132,0.30275229357798167,0
-0.55,0.30275229357798167,0
-0.5292452830188679,0.30275229357798167,0
-0.5084905660377359,0.30275229357798167,0
-0.4877358490566037,0.30275229357798167,0
-0.46698113207547176,0.30275229357798167,0
-0.4462264150943396,0.30275229357798167,0
-0.4254716981132076,0.30275229357798167,0
-0.40471698113207544,0.30275229357798167,0
-0.3839622641509435,0.30275229357798167,0
-0.3632075471698113,0.30275229357798167,0
-0.34245283018867934,0.30275229357798167,0
-0.32169811320754715,0.30275229357798167,0
-0.30094339622641497,0.30275229357798167,0
-0.280188679245283,0.30275229357798167,0
-0.25943396226415083,0.30275229357798167,0
-0.23867924528301887,0.30275229357798167,0
-0.2179245283018867,0.30275229357798167,0
-0.19716981132075473,0.30275229357798167,0
-0.17641509433962255,0.30275229357798167,0
-0.1556603773584906,0.30275229357798167,0
-0.1349056603773584,0.30275229357798167,0
-0.11415094339622645,0.30275229357798167,0
-0.09339622641509426,0.30275229357798167,0
-0.0726415094339623,0.30275229357798167,0
-0.05188679245283012,0.30275229357798167,0
-0.031132075471698162,0.30275229357798167,0
-0.01037735849056598,0.30275229357798167,0
0.01037735849056598,0.30275229357798167,0
0.031132075471698162,0.30275229357798167,0
0.05188679245283012,0.30275229357798167,0
0.0726415094339623,0.30275229357798167,0
0.09339622641509426,0.30275229357798167,0
0.11415094339622645,0.30275229357798167,0
0.1349056603773584,0.30275229357798167,0
0.1556603773584906,0.30275229357798167,0
0.17641509433962255,0.30275229357798167,0
0.19716981132075473,0.30275229357798167,0
0.2179245283018867,0.30275229357798167,0
0.23867924528301887,0.30275229357798167,0
0.25943396226415083,0.30275229357798167,0
0.280188679245283,0.30275229357798167,0
0.30094339622641497,0.30275229357798167,0
0.32169811320754715,0.30275229357798167,1
0.34245283018867934,0.30275229357798167,1
0.3632075471698113,0.30275229357798167,1
0.38396226415094326,0.30275229357798167,1
0.40471698113207566,0.30275229357798167,1
0.4254716981132076,0.30275229357798167,1
0.4462264150943396,0.30275229357798167,1
0.46698113207547154,0.30275229357798167,1
0.48773584905660394,0.30275229357798167,1
0.5084905660377359,0.30275229357798167,1
0.5292452830188679,0.30275229357798167,1
0.5499999999999998,0.30275229357798167,1
0.5707547169811322,0.30275229357798167,1
0.5915094339622642,0.30275229357798167,1
0.6122641509433961,0.30275229357798167,1
0.6330188679245281,0.30275229357798167,1
0.6537735849056605,0.30275229357798167,1
0.6745283018867925,0.30275229357798167,1
0.6952830188679244,0.30275229357798167,1
0.7160377358490564,0.30275229357798167,1
0.7367924528301888,0.30275229357798167,1
0.7575471698113208,0.30275229357798167,1
0.7783018867924527,0.30275229357798167,1
0.7990566037735847,0.30275229357798167,1
0.8198113207547171,0.30275229357798167,1
0.840566037735849,0.30275229357798167,1
0.861320754716981,0.30275229357798167,1
0.882075471698113,0.30275229357798167,1
0.9028301886792454,0.30275229357798167,1
0.9235849056603773,0.30275229357798167,1
0.9443396226415093,0.30275229357798167,1
0.9650943396226412,0.30275229357798167,1
0.9858490566037736,0.30275229357798167,1
1.0066037735849056,0.30275229357798167,1
1.0273584905660376,0.30275229357798167,1
1.04811320754717,0.30275229357798167,1
1.068867924528302,0.30275229357798167,1
1.0896226415094339,0.30275229357798167,1
1.1103773584905658,0.30275229357798167,1
1.1311320754716983,0.30275229357798167,1
1.1518867924528302,0.30275229357798167,1
1.1726415094339622,0.30275229357798167,1
1.1933962264150941,0.30275229357798167,1
1.2141509433962265,0.30275229357798167,1
1.2349056603773585,0.30275229357798167,1
1.2556603773584905,0.30275229357798167,1
1.2764150943396224,0.30275229357798167,1
1.2971698113207548,0.30275229357798167,1
1.3179245283018868,0.30275229357798167,1
1.3386792452830187,0.30275229357798167,1
1.3594339622641507,0.30275229357798167,1
1.380188679245283,0.30275229357798167,1
1.400943396226415,0.30275229357798167,1
1.421698113207547,0.30275229357798167,1
1.442452830188679,0.30275229357798167,1
1.4632075471698114,0.30275229357798167,1
1.4839622641509433,0.30275229357798167,1
1.5047169811320753,0.30275229357798167,1
1.5254716981132073,0.30275229357798167,1
1.5462264150943397,0.30275229357798167,1
1.5669811320754716,0.30275229357798167,1
1.5877358490566036,0.30275229357798167,1
1.6084905660377355,0.30275229357798167,1
1.629245283018868,0.30275229357798167,1
1.65,0.30275229357798167,1
-1.65,0.3119266055045872,0
-1.6292452830188677,0.3119266055045872,0
-1.6084905660377358,0.3119266055045872,0
-1.5877358490566036,0.3119266055045872,0
-1.5669811320754716,0.3119266055045872,0
-1.5462264150943394,0.3119266055045872,0
-1.5254716981132075,0.3119266055045872,0
-1.5047169811320753,0.3119266055045872,0
-1.4839622641509433,0.3119266055045872,0
-1.4632075471698112,0.3119266055045872,0
-1.4424528301886792,0.3119266055045872,0
-1.421698113207547,0.3119266055045872,0
-1.400943396226415,0.3119266055045872,0
-1.3801886792452829,0.3119266055045872,0
-1.359433962264151,0.3119266055045872,0
-1.3386792452830187,0.3119266055045872,0
-1.3179245283018868,0.3119266055045872,0
-1.2971698113207546,0.3119266055045872,0
-1.2764150943396226,0.3119266055045872,0
-1.2556603773584905,0.3119266055045872,0
-1.2349056603773585,0.3119266055045872,0
-1.2141509433962263,0.3119266055045872,0
-1.1933962264150944,0.3119266055045872,0
-1.1726415094339622,0.3119266055045872,0
-1.1518867924528302,0.3119266055045872,0
-1.131132075471698,0.3119266055045872,0
-1.1103773584905658,0.3119266055045872,0
-1.0896226415094339,0.3119266055045872,0
-1.068867924528302,0.3119266055045872,0
-1.0481132075471697,0.3119266055045872,0
-1.0273584905660376,0.3119266055045872,0
-1.0066037735849056,0.3119266055045872,0
-0.9858490566037735,0.3119266055045872,0
-0.9650943396226415,0.3119266055045872,0
-0.9443396226415094,0.3119266055045872,0
-0.9235849056603773,0.3119266055045872,0
-0.9028301886792452,0.3119266055045872,0
-0.8820754716981132,0.3119266055045872,0
-0.8613207547169811,0.3119266055045872,0
-0.840566037735849,0.3119266055045872,0
-0.819811320754717,0.3119266055045872,0
-0.7990566037735849,0.3119266055045872,0
-0.7783018867924528,0.3119266055045872,0
-0.7575471698113208,0.3119266055045872,0
-0.7367924528301887,0.3119266055045872,0
-0.7160377358490566,0.3119266055045872,0
-0.6952830188679245,0.3119266055045872,0
-0.6745283018867925,0.3119266055045872,0
-0.6537735849056603,0.3119266055045872,0
-0.6330188679245283,0.3119266055045872,0
-0.6122641509433961,0.3119266055045872,0
-0.5915094339622642,0.3119266055045872,0
-0.570754716981132,0.3119266055045872,0
-0.55,0.3119266055045872,0
-0.5292452830188679,0.3119266055045872,0
-0.5084905660377359,0.3119266055045872,0
-0.4877358490566037,0.3119266055045872,0
-0.46698113207547176,0.3119266055045872,0
-0.4462264150943396,0.3119266055045872,0
-0.4254716981132076,0.3119266055045872,0
-0.40471698113207544,0.3119266055045872,0
-0.3839622641509435,0.3119266055045872,0
-0.3632075471698113,0.3119266055045872,0
-0.34245283018867934,0.3119266055045872,0
-0.32169811320754715,0.3119266055045872,0
-0.30094339622641497,0.3119266055045872,0
-0.280188679245283,0.3119266055045872,0
-0.25943396226415083,0.3119266055045872,0
-0.23867924528301887,0.3119266055045872,0
-0.2179245283018867,0.3119266055045872,0
-0.19716981132075473,0.3119266055045872,0
-0.17641509433962255,0.3119266055045872,0
-0.1556603773584906,0.3119266055045872,0
-0.1349056603773584,0.3119266055045872,0
-0.11415094339622645,0.3119266055045872,0
-0.09339622641509426,0.3119266055045872,0
-0.0726415094339623,0.3119266055045872,0
-0.05188679245283012,0.3119266055045872,0
-0.031132075471698162,0.3119266055045872,0
-0.01037735849056598,0.3119266055045872,0
0.01037735849056598,0.3119266055045872,0
0.031132075471698162,0.3119266055045872,0
0.05188679245283012,0.3119266055045872,0
0.0726415094339623,0.3119266055045872,0
0.09339622641509426,0.3119266055045872,0
0.11415094339622645,0.3119266055045872,0
0.1349056603773584,0.3119266055045872,0
0.1556603773584906,0.3119266055045872,0
0.17641509433962255,0.3119266055045872,0
0.19716981132075473,0.3119266055045872,0
0.2179245283018867,0.3119266055045872,0
0.23867924528301887,0.3119266055045872,0
0.25943396226415083,0.3119266055045872,0
0.280188679245283,0.3119266055045872,0
0.30094339622641497,0.3119266055045872,0
0.32169811320754715,0.3119266055045872,1
0.34245283018867934,0.3119266055045872,1
0.3632075471698113,0.3119266055045872,1
0.38396226415094326,0.3119266055045872,1
0.40471698113207566,0.3119266055045872,1
0.4254716981132076,0.3119266055045872,1
0.4462264150943396,0.3119266055045872,1
0.46698113207547154,0.3119266055045872,1
0.48773584905660394,0.3119266055045872,1
0.5084905660377359,0.3119266055045872,1
0.5292452830188679,0.3119266055045872,1
0.5499999999999998,0.3119266055045872,1
0.5707547169811322,0.3119266055045872,1
0.5915094339622642,0.3119266055045872,1
0.6122641509433961,0.3119266055045872,1
0.6330188679245281,0.3119266055045872,1
0.6537735849056605,0.3119266055045872,1
0.6745283018867925,0.3119266055045872,1
0.6952830188679244,0.3119266055045872,1
0.7160377358490564,0.3119266055045872,1
0.7367924528301888,0.3119266055045872,1
0.7575471698113208,0.3119266055045872,1
0.7783018867924527,0.3119266055045872,1
0.7990566037735847,0.3119266055045872,1
0.8198113207547171,0.3119266055045872,1
0.840566037735849,0.3119266055045872,1
0.861320754716981,0.3119266055045872,1
0.882075471698113,0.3119266055045872,1
0.9028301886792454,0.3119266055045872,1
0.9235849056603773,0.3119266055045872,1
0.9443396226415093,0.3119266055045872,1
0.9650943396226412,0.3119266055045872,1
0.9858490566037736,0.3119266055045872,1
1.0066037735849056,0.3119266055045872,1
1.0273584905660376,0.3119266055045872,1
1.04811320754717,0.3119266055045872,1
1.068867924528302,0.3119266055045872,1
1.0896226415094339,0.3119266055045872,1
1.1103773584905658,0.3119266055045872,1
1.1311320754716983,0.3119266055045872,1
1.1518867924528302,0.3119266055045872,1
1.1726415094339622,0.3119266055045872,1
1.1933962264150941,0.3119266055045872,1
1.2141509433962265,0.3119266055045872,1
1.2349056603773585,0.3119266055045872,1
1.2556603773584905,0.3119266055045872,1
1.2764150943396224,0.3119266055045872,1
1.2971698113207548,0.3119266055045872,1
1.3179245283018868,0.3119266055045872,1
1.3386792452830187,0.3119266055045872,1
1.3594339622641507,0.3119266055045872,1
1.380188679245283,0.3119266055045872,1
1.400943396226415,0.3119266055045872,1
1.421698113207547,0.3119266055045872,1
1.442452830188679,0.3119266055045872,1
1.4632075471698114,0.3119266055045872,1
1.4839622641509433,0.3119266055045872,1
1.5047169811320753,0.3119266055045872,1
1.5254716981132073,0.3119266055045872,1
1.5462264150943397,0.3119266055045872,1
1.5669811320754716,0.3119266055045872,1
1.5877358490566036,0.3119266055045872,1
1.6084905660377355,0.3119266055045872,1
1.629245283018868,0.3119266055045872,1
1.65,0.3119266055045872,1
-1.65,0.3211009174311927,0
-1.6292452830188677,0.3211009174311927,0
-1.6084905660377358,0.3211009174311927,0
-1.5877358490566036,0.3211009174311927,0
-1.5669811320754716,0.3211009174311927,0
-1.5462264150943394,0.3211009174311927,0
-1.5254716981132075,0.3211009174311927,0
-1.5047169811320753,0.3211009174311927,0
-1.4839622641509433,0.3211009174311927,0
-1.4632075471698112,0.3211009174311927,0
-1.4424528301886792,0.3211009174311927,0
-1.421698113207547,0.3211009174311927,0
-1.400943396226415,0.3211009174311927,0
-1.3801886792452829,0.3211009174311927,0
-1.359433962264151,0.3211009174311927,0
-1.3386792452830187,0.3211009174311927,0
-1.3179245283018868,0.3211009174311927,0
-1.2971698113207546,0.3211009174311927,0
-1.2764150943396226,0.3211009174311927,0
-1.2556603773584905,0.3211009174311927,0
-1.2349056603773585,0.3211009174311927,0
-1.2141509433962263,0.3211009174311927,0
-1.1933962264150944,0.3211009174311927,0
-1.1726415094339622,0.3211009174311927,0
-1.1518867924528302,0.3211009174311927,0
-1.131132075471698,0.3211009174311927,0
-1.1103773584905658,0.3211009174311927,0
-1.0896226415094339,0.3211009174311927,0
-1.068867924528302,0.3211009174311927,0
-1.0481132075471697,0.3211009174311927,0
-1.0273584905660376,0.3211009174311927,0
-1.0066037735849056,0.3211009174311927,0
-0.9858490566037735,0.3211009174311927,0
-0.9650943396226415,0.3211009174311927,0
-0.9443396226415094,0.3211009174311927,0
-0.9235849056603773,0.3211009174311927,0
-0.9028301886792452,0.3211009174311927,0
-0.8820754716981132,0.3211009174311927,0
-0.8613207547169811,0.3211009174311927,0
-0.840566037735849,0.3211009174311927,0
-0.819811320754717,0.3211009174311927,0
-0.7990566037735849,0.3211009174311927,0
-0.7783018867924528,0.3211009174311927,0
-0.7575471698113208,0.3211009174311927,0
-0.7367924528301887,0.3211009174311927,0
-0.7160377358490566,0.3211009174311927,0
-0.6952830188679245,0.3211009174311927,0
-0.6745283018867925,0.3211009174311927,0
-0.6537735849056603,0.3211009174311927,0
-0.6330188679245283,0.3211009174311927,0
-0.6122641509433961,0.3211009174311927,0
-0.5915094339622642,0.3211009174311927,0
-0.570754716981132,0.3211009174311927,0
-0.55,0.3211009174311927,0
-0.5292452830188679,0.3211009174311927,0
-0.5084905660377359,0.3211009174311927,0
-0.4877358490566037,0.3211009174311927,0
-0.46698113207547176,0.3211009174311927,0
-0.4462264150943396,0.3211009174311927,0
-0.4254716981132076,0.3211009174311927,0
-0.40471698113207544,0.3211009174311927,0
-0.3839622641509435,0.3211009174311927,0
-0.3632075471698113,0.3211009174311927,0
-0.34245283018867934,0.3211009174311927,0
-0.32169811320754715,0.3211009174311927,0
-0.30094339622641497,0.3211009174311927,0
-0.280188679245283,0.3211009174311927,0
-0.25943396226415083,0.3211009174311927,0
-0.23867924528301887,0.3211009174311927,0
-0.2179245283018867,0.3211009174311927,0
-0.19716981132075473,0.3211009174311927,0
-0.17641509433962255,0.3211009174311927,0
-0.1556603773584906,0.3211009174311927,0
-0.1349056603773584,0.3211009174311927,0
-0.11415094339622645,0.3211009174311927,0
-0.09339622641509426,0.3211009174311927,0
-0.0726415094339623,0.3211009174311927,0
-0.05188679245283012,0.3211009174311927,0
-0.031132075471698162,0.3211009174311927,0
-0.01037735849056598,0.3211009174311927,0
0.01037735849056598,0.3211009174311927,0
0.031132075471698162,0.3211009174311927,0
0.05188679245283012,0.3211009174311927,0
0.0726415094339623,0.3211009174311927,0
0.09339622641509426,0.3211009174311927,0
0.11415094339622645,0.3211009174311927,0
0.1349056603773584,0.3211009174311927,0
0.1556603773584906,0.3211009174311927,0
0.17641509433962255,0.3211009174311927,0
0.19716981132075473,0.3211009174311927,0
0.2179245283018867,0.3211009174311927,0
0.23867924528301887,0.3211009174311927,0
0.25943396226415083,0.3211009174311927,0
0.280188679245283,0.3211009174311927,0
0.30094339622641497,0.3211009174311927,0
0.32169811320754715,0.3211009174311927,0
0.34245283018867934,0.3211009174311927,1
0.3632075471698113,0.3211009174311927,1
0.38396226415094326,0.3211009174311927,1
0.40471698113207566,0.3211009174311927,1
0.4254716981132076,0.3211009174311927,1
0.4462264150943396,0.3211009174311927,1
0.46698113207547154,0.3211009174311927,1
0.48773584905660394,0.3211009174311927,1
0.5084905660377359,0.3211009174311927,1
0.5292452830188679,0.3211009174311927,1
0.5499999999999998,0.3211009174311927,1
0.5707547169811322,0.3211009174311927,1
0.5915094339622642,0.3211009174311927,1
0.6122641509433961,0.3211009174311927,1
0.6330188679245281,0.3211009174311927,1
0.6537735849056605,0.3211009174311927,1
0.6745283018867925,0.3211009174311927,1
0.6952830188679244,0.3211009174311927,1
0.7160377358490564,0.3211009174311927,1
0.7367924528301888,0.3211009174311927,1
0.7575471698113208,0.3211009174311927,1
0.7783018867924527,0.3211009174311927,1
0.7990566037735847,0.3211009174311927,1
0.8198113207547171,0.3211009174311927,1
0.840566037735849,0.3211009174311927,1
0.861320754716981,0.3211009174311927,1
0.882075471698113,0.3211009174311927,1
0.9028301886792454,0.3211009174311927,1
0.9235849056603773,0.3211009174311927,1
0.9443396226415093,0.3211009174311927,1
0.9650943396226412,0.3211009174311927,1
0.9858490566037736,0.3211009174311927,1
1.0066037735849056,0.3211009174311927,1
1.0273584905660376,0.3211009174311927,1
1.04811320754717,0.3211009174311927,1
1.068867924528302,0.3211009174311927,1
1.0896226415094339,0.3211009174311927,1
1.1103773584905658,0.3211009174311927,1
1.1311320754716983,0.3211009174311927,1
1.1518867924528302,0.3211009174311927,1
1.1726415094339622,0.3211009174311927,1
1.1933962264150941,0.3211009174311927,1
1.2141509433962265,0.3211009174311927,1
1.2349056603773585,0.3211009174311927,1
1.2556603773584905,0.3211009174311927,1
1.2764150943396224,0.3211009174311927,1
1.2971698113207548,0.3211009174311927,1
1.3179245283018868,0.3211009174311927,1
1.3386792452830187,0.3211009174311927,1
1.3594339622641507,0.3211009174311927,1
1.380188679245283,0.3211009174311927,1
1.400943396226415,0.3211009174311927,1
1.421698113207547,0.3211009174311927,1
1.442452830188679,0.3211009174311927,1
1.4632075471698114,0.3211009174311927,1
1.4839622641509433,0.3211009174311927,1
1.5047169811320753,0.3211009174311927,1
1.5254716981132073,0.3211009174311927,1
1.5462264150943397,0.3211009174311927,1
1.5669811320754716,0.3211009174311927,1
1.5877358490566036,0.3211009174311927,1
1.6084905660377355,0.3211009174311927,1
1.629245283018868,0.3211009174311927,1
1.65,0.3211009174311927,1
-1.65,0.3302752293577982,0
-1.6292452830188677,0.3302752293577982,0
-1.6084905660377358,0.3302752293577982,0
-1.5877358490566036,0.3302752293577982,0
-1.5669811320754716,0.3302752293577982,0
-1.5462264150943394,0.3302752293577982,0
-1.5254716981132075,0.3302752293577982,0
-1.5047169811320753,0.3302752293577982,0
-1.4839622641509433,0.3302752293577982,0
-1.4632075471698112,0.3302752293577982,0
-1.4424528301886792,0.3302752293577982,0
-1.421698113207547,0.3302752293577982,0
-1.400943396226415,0.3302752293577982,0
-1.3801886792452829,0.3302752293577982,0
-1.359433962264151,0.3302752293577982,0
-1.3386792452830187,0.3302752293577982,0
-1.3179245283018868,0.3302752293577982,0
-1.2971698113207546,0.3302752293577982,0
-1.2764150943396226,0.3302752293577982,0
-1.2556603773584905,0.3302752293577982,0
-1.2349056603773585,0.3302752293577982,0
-1.2141509433962263,0.3302752293577982,0
-1.1933962264150944,0.3302752293577982,0
-1.1726415094339622,0.3302752293577982,0
-1.1518867924528302,0.3302752293577982,0
-1.131132075471698,0.3302752293577982,0
-1.1103773584905658,0.3302752293577982,0
-1.0896226415094339,0.3302752293577982,0
-1.068867924528302,0.3302752293577982,0
-1.0481132075471697,0.3302752293577982,0
-1.0273584905660376,0.3302752293577982,0
-1.0066037735849056,0.3302752293577982,0
-0.9858490566037735,0.3302752293577982,0
-0.9650943396226415,0.3302752293577982,0
-0.9443396226415094,0.3302752293577982,0
-0.9235849056603773,0.3302752293577982,0
-0.9028301886792452,0.3302752293577982,0
-0.8820754716981132,0.3302752293577982,0
-0.8613207547169811,0.3302752293577982,0
-0.840566037735849,0.3302752293577982,0
-0.819811320754717,0.3302752293577982,0
-0.7990566037735849,0.3302752293577982,0
-0.7783018867924528,0.3302752293577982,0
-0.7575471698113208,0.3302752293577982,0
-0.7367924528301887,0.3302752293577982,0
-0.7160377358490566,0.3302752293577982,0
-0.6952830188679245,0.3302752293577982,0
-0.6745283018867925,0.3302752293577982,0
-0.6537735849056603,0.3302752293577982,0
-0.6330188679245283,0.3302752293577982,0
-0.6122641509433961,0.3302752293577982,0
-0.5915094339622642,0.3302752293577982,0
-0.570754716981132,0.3302752293577982,0
-0.55,0.3302752293577982,0
-0.5292452830188679,0.3302752293577982,0
-0.5084905660377359,0.3302752293577982,0
-0.4877358490566037,0.3302752293577982,0
-0.46698113207547176,0.3302752293577982,0
-0.4462264150943396,0.3302752293577982,0
-0.4254716981132076,0.3302752293577982,0
-0.40471698113207544,0.3302752293577982,0
-0.3839622641509435,0.3302752293577982,0
-0.3632075471698113,0.3302752293577982,0
-0.34245283018867934,0.3302752293577982,0
-0.32169811320754715,0.3302752293577982,0
-0.30094339622641497,0.3302752293577982,0
-0.280188679245283,0.3302752293577982,0
-0.25943396226415083,0.3302752293577982,0
-0.23867924528301887,0.3302752293577982,0
-0.2179245283018867,0.3302752293577982,0
-0.19716981132075473,0.3302752293577982,0
-0.17641509433962255,0.3302752293577982,0
-0.1556603773584906,0.3302752293577982,0
-0.1349056603773584,0.3302752293577982,0
-0.11415094339622645,0.3302752293577982,0
-0.09339622641509426,0.3302752293577982,0
-0.0726415094339623,0.3302752293577982,0
-0.05188679245283012,0.3302752293577982,0
-0.031132075471698162,0.3302752293577982,0
-0.01037735849056598,0.3302752293577982,0
0.01037735849056598,0.3302752293577982,0
0.031132075471698162,0.3302752293577982,0
0.05188679245283012,0.3302752293577982,0
0.0726415094339623,0.3302752293577982,0
0.09339622641509426,0.3302752293577982,0
0.11415094339622645,0.3302752293577982,0
0.1349056603773584,0.3302752293577982,0
0.1556603773584906,0.3302752293577982,0
0.17641509433962255,0.3302752293577982,0
0.19716981132075473,0.3302752293577982,0
0.2179245283018867,0.3302752293577982,0
0.23867924528301887,0.3302752293577982,0
0.25943396226415083,0.3302752293577982,0
0.280188679245283,0.3302752293577982,0
0.30094339622641497,0.3302752293577982,0
0.32169811320754715,0.3302752293577982,0
0.34245283018867934,0.3302752293577982,1
0.3632075471698113,0.3302752293577982,1
0.38396226415094326,0.3302752293577982,1
0.40471698113207566,0.3302752293577982,1
0.4254716981132076,0.3302752293577982,1
0.4462264150943396,0.3302752293577982,1
0.46698113207547154,0.3302752293577982,1
0.48773584905660394,0.3302752293577982,1
0.5084905660377359,0.3302752293577982,1
0.5292452830188679,0.3302752293577982,1
0.5499999999999998,0.3302752293577982,1
0.5707547169811322,0.3302752293577982,1
0.5915094339622642,0.3302752293577982,1
0.6122641509433961,0.3302752293577982,1
0.6330188679245281,0.3302752293577982,1
0.6537735849056605,0.3302752293577982,1
0.6745283018867925,0.3302752293577982,1
0.6952830188679244,0.3302752293577982,1
0.7160377358490564,0.3302752293577982,1
0.7367924528301888,0.3302752293577982,1
0.7575471698113208,0.3302752293577982,1
0.7783018867924527,0.3302752293577982,1
0.7990566037735847,0.3302752293577982,1
0.8198113207547171,0.3302752293577982,1
0.840566037735849,0.3302752293577982,1
0.861320754716981,0.3302752293577982,1
0.882075471698113,0.3302752293577982,1
0.9028301886792454,0.3302752293577982,1
0.9235849056603773,0.3302752293577982,1
0.9443396226415093,0.3302752293577982,1
0.9650943396226412,0.3302752293577982,1
0.9858490566037736,0.3302752293577982,1
1.0066037735849056,0.3302752293577982,1
1.0273584905660376,0.3302752293577982,1
1.04811320754717,0.3302752293577982,1
1.068867924528302,0.3302752293577982,1
1.0896226415094339,0.3302752293577982,1
1.1103773584905658,0.3302752293577982,1
1.1311320754716983,0.3302752293577982,1
1.1518867924528302,0.3302752293577982,1
1.1726415094339622,0.3302752293577982,1
1.1933962264150941,0.3302752293577982,1
1.2141509433962265,0.3302752293577982,1
1.2349056603773585,0.3302752293577982,1
1.2556603773584905,0.3302752293577982,1
1.2764150943396224,0.3302752293577982,1
1.2971698113207548,0.3302752293577982,1
1.3179245283018868,0.3302752293577982,1
1.3386792452830187,0.3302752293577982,1
1.3594339622641507,0.3302752293577982,1
1.380188679245283,0.3302752293577982,1
1.400943396226415,0.3302752293577982,1
1.421698113207547,0.3302752293577982,1
1.442452830188679,0.3302752293577982,1
1.4632075471698114,0.3302752293577982,1
1.4839622641509433,0.3302752293577982,1
1.5047169811320753,0.3302752293577982,1
1.5254716981132073,0.3302752293577982,1
1.5462264150943397,0.3302752293577982,1
1.5669811320754716,0.3302752293577982,1
1.5877358490566036,0.3302752293577982,1
1.6084905660377355,0.3302752293577982,1
1.629245283018868,0.3302752293577982,1
1.65,0.3302752293577982,1
-1.65,0.3394495412844037,0
-1.6292452830188677,0.3394495412844037,0
-1.6084905660377358,0.3394495412844037,0
-1.5877358490566036,0.3394495412844037,0
-1.5669811320754716,0.3394495412844037,0
-1.5462264150943394,0.3394495412844037,0
-1.5254716981132075,0.3394495412844037,0
-1.5047169811320753,0.3394495412844037,0
-1.4839622641509433,0.3394495412844037,0
-1.4632075471698112,0.3394495412844037,0
-1.4424528301886792,0.3394495412844037,0
-1.421698113207547,0.3394495412844037,0
-1.400943396226415,0.3394495412844037,0
-1.3801886792452829,0.3394495412844037,0
-1.359433962264151,0.3394495412844037,0
-1.3386792452830187,0.3394495412844037,0
-1.3179245283018868,0.3394495412844037,0
-1.2971698113207546,0.3394495412844037,0
-1.2764150943396226,0.3394495412844037,0
-1.2556603773584905,0.3394495412844037,0
-1.2349056603773585,0.3394495412844037,0
-1.2141509433962263,0.3394495412844037,0
-1.1933962264150944,0.3394495412844037,0
-1.1726415094339622,0.3394495412844037,0
-1.1518867924528302,0.3394495412844037,0
-1.131132075471698,0.3394495412844037,0
-1.1103773584905658,0.3394495412844037,0
-1.0896226415094339,0.3394495412844037,0
-1.068867924528302,0.3394495412844037,0
-1.0481132075471697,0.3394495412844037,0
-1.0273584905660376,0.3394495412844037,0
-1.0066037735849056,0.3394495412844037,0
-0.9858490566037735,0.3394495412844037,0
-0.9650943396226415,0.3394495412844037,0
-0.9443396226415094,0.3394495412844037,0
-0.9235849056603773,0.3394495412844037,0
-0.9028301886792452,0.3394495412844037,0
-0.8820754716981132,0.3394495412844037,0
-0.8613207547169811,0.3394495412844037,0
-0.840566037735849,0.3394495412844037,0
-0.819811320754717,0.3394495412844037,0
-0.7990566037735849,0.3394495412844037,0
-0.7783018867924528,0.3394495412844037,0
-0.7575471698113208,0.3394495412844037,0
-0.7367924528301887,0.3394495412844037,0
-0.7160377358490566,0.3394495412844037,0
-0.6952830188679245,0.3394495412844037,0
-0.6745283018867925,0.3394495412844037,0
-0.6537735849056603,0.3394495412844037,0
-0.6330188679245283,0.3394495412844037,0
-0.6122641509433961,0.3394495412844037,0
-0.5915094339622642,0.3394495412844037,0
-0.570754716981132,0.3394495412844037,0
-0.55,0.3394495412844037,0
-0.5292452830188679,0.3394495412844037,0
-0.5084905660377359,0.3394495412844037,0
-0.4877358490566037,0.3394495412844037,0
-0.46698113207547176,0.3394495412844037,0
-0.4462264150943396,0.3394495412844037,0
-0.4254716981132076,0.3394495412844037,0
-0.40471698113207544,0.3394495412844037,0
-0.3839622641509435,0.3394495412844037,0
-0.3632075471698113,0.3394495412844037,0
-0.34245283018867934,0.3394495412844037,0
-0.32169811320754715,0.3394495412844037,0
-0.30094339622641497,0.3394495412844037,0
-0.280188679245283,0.3394495412844037,0
-0.25943396226415083,0.3394495412844037,0
-0.23867924528301887,0.3394495412844037,0
-0.2179245283018867,0.3394495412844037,0
-0.19716981132075473,0.3394495412844037,0
-0.17641509433962255,0.3394495412844037,0
-0.1556603773584906,0.3394495412844037,0
-0.1349056603773584,0.3394495412844037,0
-0.11415094339622645,0.3394495412844037,0
-0.09339622641509426,0.3394495412844037,0
-0.0726415094339623,0.3394495412844037,0
-0.05188679245283012,0.3394495412844037,0
-0.031132075471698162,0.3394495412844037,0
-0.01037735849056598,0.3394495412844037,0
0.01037735849056598,0.3394495412844037,0
0.031132075471698162,0.3394495412844037,0
0.05188679245283012,0.3394495412844037,0
0.0726415094339623,0.3394495412844037,0
0.09339622641509426,0.3394495412844037,0
0.11415094339622645,0.3394495412844037,0
0.1349056603773584,0.3394495412844037,0
0.1556603773584906,0.3394495412844037,0
0.17641509433962255,0.3394495412844037,0
0.19716981132075473,0.3394495412844037,0
0.2179245283018867,0.3394495412844037,0
0.23867924528301887,0.3394495412844037,0
0.25943396226415083,0.3394495412844037,0
0.280188679245283,0.3394495412844037,0
0.30094339622641497,0.3394495412844037,0
0.32169811320754715,0.3394495412844037,0
0.34245283018867934,0.3394495412844037,1
0.3632075471698113,0.3394495412844037,1
0.38396226415094326,0.3394495412844037,1
0.40471698113207566,0.3394495412844037,1
0.4254716981132076,0.3394495412844037,1
0.4462264150943396,0.3394495412844037,1
0.46698113207547154,0.3394495412844037,1
0.48773584905660394,0.3394495412844037,1
0.5084905660377359,0.3394495412844037,1
0.5292452830188679,0.3394495412844037,1
0.5499999999999998,0.3394495412844037,1
0.5707547169811322,0.3394495412844037,1
0.5915094339622642,0.3394495412844037,1
0.6122641509433961,0.3394495412844037,1
0.6330188679245281,0.3394495412844037,1
0.6537735849056605,0.3394495412844037,1
0.6745283018867925,0.3394495412844037,1
0.6952830188679244,0.3394495412844037,1
0.7160377358490564,0.3394495412844037,1
0.7367924528301888,0.3394495412844037,1
0.7575471698113208,0.3394495412844037,1
0.7783018867924527,0.3394495412844037,1
0.7990566037735847,0.3394495412844037,1
0.8198113207547171,0.3394495412844037,1
0.840566037735849,0.3394495412844037,1
0.861320754716981,0.3394495412844037,1
0.882075471698113,0.3394495412844037,1
0.9028301886792454,0.3394495412844037,1
0.9235849056603773,0.3394495412844037,1
0.9443396226415093,0.3394495412844037,1
0.9650943396226412,0.3394495412844037,1
0.9858490566037736,0.3394495412844037,1
1.0066037735849056,0.3394495412844037,1
1.0273584905660376,0.3394495412844037,1
1.04811320754717,0.3394495412844037,1
1.068867924528302,0.3394495412844037,1
1.0896226415094339,0.3394495412844037,1
1.1103773584905658,0.3394495412844037,1
1.1311320754716983,0.3394495412844037,1
1.1518867924528302,0.3394495412844037,1
1.1726415094339622,0.3394495412844037,1
1.1933962264150941,0.3394495412844037,1
1.2141509433962265,0.3394495412844037,1
1.2349056603773585,0.3394495412844037,1
1.2556603773584905,0.3394495412844037,1
1.2764150943396224,0.3394495412844037,1
1.2971698113207548,0.3394495412844037,1
1.3179245283018868,0.3394495412844037,1
1.3386792452830187,0.3394495412844037,1
1.3594339622641507,0.3394495412844037,1
1.380188679245283,0.3394495412844037,1
1.400943396226415,0.3394495412844037,1
1.421698113207547,0.3394495412844037,1
1.442452830188679,0.3394495412844037,1
1.4632075471698114,0.3394495412844037,1
1.4839622641509433,0.3394495412844037,1
1.5047169811320753,0.3394495412844037,1
1.5254716981132073,0.3394495412844037,1
1.5462264150943397,0.3394495412844037,1
1.5669811320754716,0.3394495412844037,1
1.5877358490566036,0.3394495412844037,1
1.6084905660377355,0.3394495412844037,1
1.629245283018868,0.3394495412844037,1
1.65,0.3394495412844037,1
-1.65,0.3486238532110092,0
-1.6292452830188677,0.3486238532110092,0
-1.6084905660377358,0.3486238532110092,0
-1.5877358490566036,0.3486238532110092,0
-1.5669811320754716,0.3486238532110092,0
-1.5462264150943394,0.3486238532110092,0
-1.5254716981132075,0.3486238532110092,0
-1.5047169811320753,0.3486238532110092,0
-1.4839622641509433,0.3486238532110092,0
-1.4632075471698112,0.3486238532110092,0
-1.4424528301886792,0.3486238532110092,0
-1.421698113207547,0.3486238532110092,0
-1.400943396226415,0.3486238532110092,0
-1.3801886792452829,0.3486238532110092,0
-1.359433962264151,0.3486238532110092,0
-1.3386792452830187,0.3486238532110092,0
-1.3179245283018868,0.3486238532110092,0
-1.2971698113207546,0.3486238532110092,0
-1.2764150943396226,0.3486238532110092,0
-1.2556603773584905,0.3486238532110092,0
-1.2349056603773585,0.3486238532110092,0
-1.2141509433962263,0.3486238532110092,0
-1.1933962264150944,0.3486238532110092,0
-1.1726415094339622,0.3486238532110092,0
-1.1518867924528302,0.3486238532110092,0
-1.131132075471698,0.3486238532110092,0
-1.1103773584905658,0.3486238532110092,0
-1.0896226415094339,0.3486238532110092,0
-1.068867924528302,0.3486238532110092,0
-1.0481132075471697,0.3486238532110092,0
-1.0273584905660376,0.3486238532110092,0
-1.0066037735849056,0.3486238532110092,0
-0.9858490566037735,0.3486238532110092,0
-0.9650943396226415,0.3486238532110092,0
-0.9443396226415094,0.3486238532110092,0
-0.9235849056603773,0.3486238532110092,0
-0.9028301886792452,0.3486238532110092,0
-0.8820754716981132,0.3486238532110092,0
-0.8613207547169811,0.3486238532110092,0
-0.840566037735849,0.3486238532110092,0
-0.819811320754717,0.3486238532110092,0
-0.7990566037735849,0.3486238532110092,0
-0.7783018867924528,0.3486238532110092,0
-0.7575471698113208,0.3486238532110092,0
-0.7367924528301887,0.3486238532110092,0
-0.7160377358490566,0.3486238532110092,0
-0.6952830188679245,0.3486238532110092,0
-0.6745283018867925,0.3486238532110092,0
-0.6537735849056603,0.3486238532110092,0
-0.6330188679245283,0.3486238532110092,0
-0.6122641509433961,0.3486238532110092,0
-0.5915094339622642,0.3486238532110092,0
-0.570754716981132,0.3486238532110092,0
-0.55,0.3486238532110092,0
-0.5292452830188679,0.3486238532110092,0
-0.5084905660377359,0.3486238532110092,0
-0.4877358490566037,0.3486238532110092,0
-0.46698113207547176,0.3486238532110092,0
-0.4462264150943396,0.3486238532110092,0
-0.4254716981132076,0.3486238532110092,0
-0.40471698113207544,0.3486238532110092,0
-0.3839622641509435,0.3486238532110092,0
-0.3632075471698113,0.3486238532110092,0
-0.34245283018867934,0.3486238532110092,0
-0.32169811320754715,0.3486238532110092,0
-0.30094339622641497,0.3486238532110092,0
-0.280188679245283,0.3486238532110092,0
-0.25943396226415083,0.3486238532110092,0
-0.23867924528301887,0.3486238532110092,0
-0.2179245283018867,0.3486238532110092,0
-0.19716981132075473,0.3486238532110092,0
-0.17641509433962255,0.3486238532110092,0
-0.1556603773584906,0.3486238532110092,0
-0.1349056603773584,0.3486238532110092,0
-0.11415094339622645,0.3486238532110092,0
-0.09339622641509426,0.3486238532110092,0
-0.0726415094339623,0.3486238532110092,0
-0.05188679245283012,0.3486238532110092,0
-0.031132075471698162,0.3486238532110092,0
-0.01037735849056598,0.3486238532110092,0
0.01037735849056598,0.3486238532110092,0
0.031132075471698162,0.3486238532110092,0
0.05188679245283012,0.3486238532110092,0
0.0726415094339623,0.3486238532110092,0
0.09339622641509426,0.3486238532110092,0
0.11415094339622645,0.3486238532110092,0
0.1349056603773584,0.3486238532110092,0
0.1556603773584906,0.3486238532110092,0
0.17641509433962255,0.3486238532110092,0
0.19716981132075473,0.3486238532110092,0
0.2179245283018867,0.3486238532110092,0
0.23867924528301887,0.3486238532110092,0
0.25943396226415083,0.3486238532110092,0
0.280188679245283,0.3486238532110092,0
0.30094339622641497,0.3486238532110092,0
0.32169811320754715,0.3486238532110092,0
0.34245283018867934,0.3486238532110092,1
0.3632075471698113,0.3486238532110092,1
0.38396226415094326,0.3486238532110092,1
0.40471698113207566,0.3486238532110092,1
0.4254716981132076,0.3486238532110092,1
0.4462264150943396,0.3486238532110092,1
0.46698113207547154,0.3486238532110092,1
0.48773584905660394,0.3486238532110092,1
0.5084905660377359,0.3486238532110092,1
0.5292452830188679,0.3486238532110092,1
0.5499999999999998,0.3486238532110092,1
0.5707547169811322,0.3486238532110092,1
0.5915094339622642,0.3486238532110092,1
0.6122641509433961,0.3486238532110092,1
0.6330188679245281,0.3486238532110092,1
0.6537735849056605,0.3486238532110092,1
0.6745283018867925,0.3486238532110092,1
0.6952830188679244,0.3486238532110092,1
0.7160377358490564,0.3486238532110092,1
0.7367924528301888,0.3486238532110092,1
0.7575471698113208,0.3486238532110092,1
0.7783018867924527,0.3486238532110092,1
0.7990566037735847,0.3486238532110092,1
0.8198113207547171,0.3486238532110092,1
0.840566037735849,0.3486238532110092,1
0.861320754716981,0.3486238532110092,1
0.882075471698113,0.3486238532110092,1
0.9028301886792454,0.3486238532110092,1
0.9235849056603773,0.3486238532110092,1
0.9443396226415093,0.3486238532110092,1
0.9650943396226412,0.3486238532110092,1
0.9858490566037736,0.3486238532110092,1
1.0066037735849056,0.3486238532110092,1
1.0273584905660376,0.3486238532110092,1
1.04811320754717,0.3486238532110092,1
1.068867924528302,0.3486238532110092,1
1.0896226415094339,0.3486238532110092,1
1.1103773584905658,0.3486238532110092,1
1.1311320754716983,0.3486238532110092,1
1.1518867924528302,0.3486238532110092,1
1.1726415094339622,0.3486238532110092,1
1.1933962264150941,0.3486238532110092,1
1.2141509433962265,0.3486238532110092,1
1.2349056603773585,0.3486238532110092,1
1.2556603773584905,0.3486238532110092,1
1.2764150943396224,0.3486238532110092,1
1.2971698113207548,0.3486238532110092,1
1.3179245283018868,0.3486238532110092,1
1.3386792452830187,0.3486238532110092,1
1.3594339622641507,0.3486238532110092,1
1.380188679245283,0.3486238532110092,1
1.400943396226415,0.3486238532110092,1
1.421698113207547,0.3486238532110092,1
1.442452830188679,0.3486238532110092,1
1.4632075471698114,0.3486238532110092,1
1.4839622641509433,0.3486238532110092,1
1.5047169811320753,0.3486238532110092,1
1.5254716981132073,0.3486238532110092,1
1.5462264150943397,0.3486238532110092,1
1.5669811320754716,0.3486238532110092,1
1.5877358490566036,0.3486238532110092,1
1.6084905660377355,0.3486238532110092,1
1.629245283018868,0.3486238532110092,1
1.65,0.3486238532110092,1
-1.65,0.3577981651376147,0
-1.6292452830188677,0.3577981651376147,0
-1.6084905660377358,0.3577981651376147,0
-1.5877358490566036,0.3577981651376147,0
-1.5669811320754716,0.3577981651376147,0
-1.5462264150943394,0.3577981651376147,0
-1.5254716981132075,0.3577981651376147,0
-1.5047169811320753,0.3577981651376147,0
-1.4839622641509433,0.3577981651376147,0
-1.4632075471698112,0.3577981651376147,0
-1.4424528301886792,0.3577981651376147,0
-1.421698113207547,0.3577981651376147,0
-1.400943396226415,0.3577981651376147,0
-1.3801886792452829,0.3577981651376147,0
-1.359433962264151,0.3577981651376147,0
-1.3386792452830187,0.3577981651376147,0
-1.3179245283018868,0.3577981651376147,0
-1.2971698113207546,0.3577981651376147,0
-1.2764150943396226,0.3577981651376147,0
-1.2556603773584905,0.3577981651376147,0
-1.2349056603773585,0.3577981651376147,0
-1.2141509433962263,0.3577981651376147,0
-1.1933962264150944,0.3577981651376147,0
-1.1726415094339622,0.3577981651376147,0
-1.1518867924528302,0.3577981651376147,0
-1.131132075471698,0.3577981651376147,0
-1.1103773584905658,0.3577981651376147,0
-1.0896226415094339,0.3577981651376147,0
-1.068867924528302,0.3577981651376147,0
-1.0481132075471697,0.3577981651376147,0
-1.0273584905660376,0.3577981651376147,0
-1.0066037735849056,0.3577981651376147,0
-0.9858490566037735,0.3577981651376147,0
-0.9650943396226415,0.3577981651376147,0
-0.9443396226415094,0.3577981651376147,0
-0.9235849056603773,0.3577981651376147,0
-0.9028301886792452,0.3577981651376147,0
-0.8820754716981132,0.3577981651376147,0
-0.8613207547169811,0.3577981651376147,0
-0.840566037735849,0.3577981651376147,0
-0.819811320754717,0.3577981651376147,0
-0.7990566037735849,0.3577981651376147,0
-0.7783018867924528,0.3577981651376147,0
-0.7575471698113208,0.3577981651376147,0
-0.7367924528301887,0.3577981651376147,0
-0.7160377358490566,0.3577981651376147,0
-0.6952830188679245,0.3577981651376147,0
-0.6745283018867925,0.3577981651376147,0
-0.6537735849056603,0.3577981651376147,0
-0.6330188679245283,0.3577981651376147,0
-0.6122641509433961,0.3577981651376147,0
-0.5915094339622642,0.3577981651376147,0
-0.570754716981132,0.3577981651376147,0
-0.55,0.3577981651376147,0
-0.5292452830188679,0.3577981651376147,0
-0.5084905660377359,0.3577981651376147,0
-0.4877358490566037,0.3577981651376147,0
-0.46698113207547176,0.3577981651376147,0
-0.4462264150943396,0.3577981651376147,0
-0.4254716981132076,0.3577981651376147,0
-0.40471698113207544,0.3577981651376147,0
-0.3839622641509435,0.3577981651376147,0
-0.3632075471698113,0.3577981651376147,0
-0.34245283018867934,0.3577981651376147,0
-0.32169811320754715,0.3577981651376147,0
-0.30094339622641497,0.3577981651376147,0
-0.280188679245283,0.3577981651376147,0
-0.25943396226415083,0.3577981651376147,0
-0.23867924528301887,0.3577981651376147,0
-0.2179245283018867,0.3577981651376147,0
-0.19716981132075473,0.3577981651376147,0
-0.17641509433962255,0.3577981651376147,0
-0.1556603773584906,0.3577981651376147,0
-0.1349056603773584,0.3577981651376147,0
-0.11415094339622645,0.3577981651376147,0
-0.09339622641509426,0.3577981651376147,0
-0.0726415094339623,0.3577981651376147,0
-0.05188679245283012,0.3577981651376147,0
-0.031132075471698162,0.3577981651376147,0
-0.01037735849056598,0.3577981651376147,0
0.01037735849056598,0.3577981651376147,0
0.031132075471698162,0.3577981651376147,0
0.05188679245283012,0.3577981651376147,0
0.0726415094339623,0.3577981651376147,0
0.09339622641509426,0.3577981651376147,0
0.11415094339622645,0.3577981651376147,0
0.1349056603773584,0.3577981651376147,0
0.1556603773584906,0.3577981651376147,0
0.17641509433962255,0.3577981651376147,0
0.19716981132075473,0.3577981651376147,0
0.2179245283018867,0.3577981651376147,0
0.23867924528301887,0.3577981651376147,0
0.25943396226415083,0.3577981651376147,0
0.280188679245283,0.3577981651376147,0
0.30094339622641497,0.3577981651376147,0
0.32169811320754715,0.3577981651376147,0
0.34245283018867934,0.3577981651376147,1
0.3632075471698113,0.3577981651376147,1
0.38396226415094326,0.3577981651376147,1
0.40471698113207566,0.3577981651376147,1
0.4254716981132076,0.3577981651376147,1
0.4462264150943396,0.3577981651376147,1
0.46698113207547154,0.3577981651376147,1
0.48773584905660394,0.3577981651376147,1
0.5084905660377359,0.3577981651376147,1
0.5292452830188679,0.3577981651376147,1
0.5499999999999998,0.3577981651376147,1
0.5707547169811322,0.3577981651376147,1
0.5915094339622642,0.3577981651376147,1
0.6122641509433961,0.3577981651376147,1
0.6330188679245281,0.3577981651376147,1
0.6537735849056605,0.3577981651376147,1
0.6745283018867925,0.3577981651376147,1
0.6952830188679244,0.3577981651376147,1
0.7160377358490564,0.3577981651376147,1
0.7367924528301888,0.3577981651376147,1
0.7575471698113208,0.3577981651376147,1
0.7783018867924527,0.3577981651376147,1
0.7990566037735847,0.3577981651376147,1
0.8198113207547171,0.3577981651376147,1
0.840566037735849,0.3577981651376147,1
0.861320754716981,0.3577981651376147,1
0.882075471698113,0.3577981651376147,1
0.9028301886792454,0.3577981651376147,1
0.9235849056603773,0.3577981651376147,1
0.9443396226415093,0.3577981651376147,1
0.9650943396226412,0.3577981651376147,1
0.9858490566037736,0.3577981651376147,1
1.0066037735849056,0.3577981651376147,1
1.0273584905660376,0.3577981651376147,1
1.04811320754717,0.3577981651376147,1
1.068867924528302,0.3577981651376147,1
1.0896226415094339,0.3577981651376147,1
1.1103773584905658,0.3577981651376147,1
1.1311320754716983,0.3577981651376147,1
1.1518867924528302,0.3577981651376147,1
1.1726415094339622,0.3577981651376147,1
1.1933962264150941,0.3577981651376147,1
1.2141509433962265,0.3577981651376147,1
1.2349056603773585,0.3577981651376147,1
1.2556603773584905,0.3577981651376147,1
1.2764150943396224,0.3577981651376147,1
1.2971698113207548,0.3577981651376147,1
1.3179245283018868,0.3577981651376147,1
1.3386792452830187,0.3577981651376147,1
1.3594339622641507,0.3577981651376147,1
1.380188679245283,0.3577981651376147,1
1.400943396226415,0.3577981651376147,1
1.421698113207547,0.3577981651376147,1
1.442452830188679,0.3577981651376147,1
1.4632075471698114,0.3577981651376147,1
1.4839622641509433,0.3577981651376147,1
1.5047169811320753,0.3577981651376147,1
1.5254716981132073,0.3577981651376147,1
1.5462264150943397,0.3577981651376147,1
1.5669811320754716,0.3577981651376147,1
1.5877358490566036,0.3577981651376147,1
1.6084905660377355,0.3577981651376147,1
1.629245283018868,0.3577981651376147,1
1.65,0.3577981651376147,1
-1.65,0.3669724770642202,0
-1.6292452830188677,0.3669724770642202,0
-1.6084905660377358,0.3669724770642202,0
-1.5877358490566036,0.3669724770642202,0
-1.5669811320754716,0.3669724770642202,0
-1.5462264150943394,0.3669724770642202,0
-1.5254716981132075,0.3669724770642202,0
-1.5047169811320753,0.3669724770642202,0
-1.4839622641509433,0.3669724770642202,0
-1.4632075471698112,0.3669724770642202,0
-1.4424528301886792,0.3669724770642202,0
-1.421698113207547,0.3669724770642202,0
-1.400943396226415,0.3669724770642202,0
-1.3801886792452829,0.3669724770642202,0
-1.359433962264151,0.3669724770642202,0
-1.3386792452830187,0.3669724770642202,0
-1.3179245283018868,0.3669724770642202,0
-1.2971698113207546,0.3669724770642202,0
-1.2764150943396226,0.3669724770642202,0
-1.2556603773584905,0.3669724770642202,0
-1.2349056603773585,0.3669724770642202,0
-1.2141509433962263,0.3669724770642202,0
-1.1933962264150944,0.3669724770642202,0
-1.1726415094339622,0.3669724770642202,0
-1.1518867924528302,0.3669724770642202,0
-1.131132075471698,0.3669724770642202,0
-1.1103773584905658,0.3669724770642202,0
-1.0896226415094339,0.3669724770642202,0
-1.068867924528302,0.3669724770642202,0
-1.0481132075471697,0.3669724770642202,0
-1.0273584905660376,0.3669724770642202,0
-1.0066037735849056,0.3669724770642202,0
-0.9858490566037735,0.3669724770642202,0
-0.9650943396226415,0.3669724770642202,0
-0.9443396226415094,0.3669724770642202,0
-0.9235849056603773,0.3669724770642202,0
-0.9028301886792452,0.3669724770642202,0
-0.8820754716981132,0.3669724770642202,0
-0.8613207547169811,0.3669724770642202,0
-0.840566037735849,0.3669724770642202,0
-0.819811320754717,0.3669724770642202,0
-0.7990566037735849,0.3669724770642202,0
-0.7783018867924528,0.3669724770642202,0
-0.7575471698113208,0.3669724770642202,0
-0.7367924528301887,0.3669724770642202,0
-0.7160377358490566,0.3669724770642202,0
-0.6952830188679245,0.3669724770642202,0
-0.6745283018867925,0.3669724770642202,0
-0.6537735849056603,0.3669724770642202,0
-0.6330188679245283,0.3669724770642202,0
-0.6122641509433961,0.3669724770642202,0
-0.5915094339622642,0.3669724770642202,0
-0.570754716981132,0.3669724770642202,0
-0.55,0.3669724770642202,0
-0.5292452830188679,0.3669724770642202,0
-0.5084905660377359,0.3669724770642202,0
-0.4877358490566037,0.3669724770642202,0
-0.46698113207547176,0.3669724770642202,0
-0.4462264150943396,0.3669724770642202,0
-0.4254716981132076,0.3669724770642202,0
-0.40471698113207544,0.3669724770642202,0
-0.3839622641509435,0.3669724770642202,0
-0.3632075471698113,0.3669724770642202,0
-0.34245283018867934,0.3669724770642202,0
-0.32169811320754715,0.3669724770642202,0
-0.30094339622641497,0.3669724770642202,0
-0.280188679245283,0.3669724770642202,0
-0.25943396226415083,0.3669724770642202,0
-0.23867924528301887,0.3669724770642202,0
-0.2179245283018867,0.3669724770642202,0
-0.19716981132075473,0.3669724770642202,0
-0.17641509433962255,0.3669724770642202,0
-0.1556603773584906,0.3669724770642202,0
-0.1349056603773584,0.3669724770642202,0
-0.11415094339622645,0.3669724770642202,0
-0.09339622641509426,0.3669724770642202,0
-0.0726415094339623,0.3669724770642202,0
-0.05188679245283012,0.3669724770642202,0
-0.031132075471698162,0.3669724770642202,0
-0.01037735849056598,0.3669724770642202,0
0.01037735849056598,0.3669724770642202,0
0.031132075471698162,0.3669724770642202,0
0.05188679245283012,0.3669724770642202,0
0.0726415094339623,0.3669724770642202,0
0.09339622641509426,0.3669724770642202,0
0.11415094339622645,0.3669724770642202,0
0.1349056603773584,0.3669724770642202,0
0.1556603773584906,0.3669724770642202,0
0.17641509433962255,0.3669724770642202,0
0.19716981132075473,0.3669724770642202,0
0.2179245283018867,0.3669724770642202,0
0.23867924528301887,0.3669724770642202,0
0.25943396226415083,0.3669724770642202,0
0.280188679245283,0.3669724770642202,0
0.30094339622641497,0.3669724770642202,0
0.32169811320754715,0.3669724770642202,0
0.34245283018867934,0.3669724770642202,1
0.3632075471698113,0.3669724770642202,1
0.38396226415094326,0.3669724770642202,1
0.40471698113207566,0.3669724770642202,1
0.4254716981132076,0.3669724770642202,1
0.4462264150943396,0.3669724770642202,1
0.46698113207547154,0.3669724770642202,1
0.48773584905660394,0.3669724770642202,1
0.5084905660377359,0.3669724770642202,1
0.5292452830188679,0.3669724770642202,1
0.5499999999999998,0.3669724770642202,1
0.5707547169811322,0.3669724770642202,1
0.5915094339622642,0.3669724770642202,1
0.6122641509433961,0.3669724770642202,1
0.6330188679245281,0.3669724770642202,1
0.6537735849056605,0.3669724770642202,1
0.6745283018867925,0.3669724770642202,1
0.6952830188679244,0.3669724770642202,1
0.7160377358490564,0.3669724770642202,1
0.7367924528301888,0.3669724770642202,1
0.7575471698113208,0.3669724770642202,1
0.7783018867924527,0.3669724770642202,1
0.7990566037735847,0.3669724770642202,1
0.8198113207547171,0.3669724770642202,1
0.840566037735849,0.3669724770642202,1
0.861320754716981,0.3669724770642202,1
0.882075471698113,0.3669724770642202,1
0.9028301886792454,0.3669724770642202,1
0.9235849056603773,0.3669724770642202,1
0.9443396226415093,0.3669724770642202,1
0.9650943396226412,0.3669724770642202,1
0.9858490566037736,0.3669724770642202,1
1.0066037735849056,0.3669724770642202,1
1.0273584905660376,0.3669724770642202,1
1.04811320754717,0.3669724770642202,1
1.068867924528302,0.3669724770642202,1
1.0896226415094339,0.3669724770642202,1
1.1103773584905658,0.3669724770642202,1
1.1311320754716983,0.3669724770642202,1
1.1518867924528302,0.3669724770642202,1
1.1726415094339622,0.3669724770642202,1
1.1933962264150941,0.3669724770642202,1
1.2141509433962265,0.3669724770642202,1
1.2349056603773585,0.3669724770642202,1
1.2556603773584905,0.3669724770642202,1
1.2764150943396224,0.3669724770642202,1
1.2971698113207548,0.3669724770642202,1
1.3179245283018868,0.3669724770642202,1
1.3386792452830187,0.3669724770642202,1
1.3594339622641507,0.3669724770642202,1
1.380188679245283,0.3669724770642202,1
1.400943396226415,0.3669724770642202,1
1.421698113207547,0.3669724770642202,1
1.442452830188679,0.3669724770642202,1
1.4632075471698114,0.3669724770642202,1
1.4839622641509433,0.3669724770642202,1
1.5047169811320753,0.3669724770642202,1
1.5254716981132073,0.3669724770642202,1
1.5462264150943397,0.3669724770642202,1
1.5669811320754716,0.3669724770642202,1
1.5877358490566036,0.3669724770642202,1
1.6084905660377355,0.3669724770642202,1
1.629245283018868,0.3669724770642202,1
1.65,0.3669724770642202,1
-1.65,0.3761467889908257,0
-1.6292452830188677,0.3761467889908257,0
-1.6084905660377358,0.3761467889908257,0
-1.5877358490566036,0.3761467889908257,0
-1.5669811320754716,0.3761467889908257,0
-1.5462264150943394,0.3761467889908257,0
-1.5254716981132075,0.3761467889908257,0
-1.5047169811320753,0.3761467889908257,0
-1.4839622641509433,0.3761467889908257,0
-1.4632075471698112,0.3761467889908257,0
-1.4424528301886792,0.3761467889908257,0
-1.421698113207547,0.3761467889908257,0
-1.400943396226415,0.3761467889908257,0
-1.3801886792452829,0.3761467889908257,0
-1.359433962264151,0.3761467889908257,0
-1.3386792452830187,0.3761467889908257,0
-1.3179245283018868,0.3761467889908257,0
-1.2971698113207546,0.3761467889908257,0
-1.2764150943396226,0.3761467889908257,0
-1.2556603773584905,0.3761467889908257,0
-1.2349056603773585,0.3761467889908257,0
-1.2141509433962263,0.3761467889908257,0
-1.1933962264150944,0.3761467889908257,0
-1.1726415094339622,0.3761467889908257,0
-1.1518867924528302,0.3761467889908257,0
-1.131132075471698,0.3761467889908257,0
-1.1103773584905658,0.3761467889908257,0
-1.0896226415094339,0.3761467889908257,0
-1.068867924528302,0.3761467889908257,0
-1.0481132075471697,0.3761467889908257,0
-1.0273584905660376,0.3761467889908257,0
-1.0066037735849056,0.3761467889908257,0
-0.9858490566037735,0.3761467889908257,0
-0.9650943396226415,0.3761467889908257,0
-0.9443396226415094,0.3761467889908257,0
-0.9235849056603773,0.3761467889908257,0
-0.9028301886792452,0.3761467889908257,0
-0.8820754716981132,0.3761467889908257,0
-0.8613207547169811,0.3761467889908257,0
-0.840566037735849,0.3761467889908257,0
-0.819811320754717,0.3761467889908257,0
-0.7990566037735849,0.3761467889908257,0
-0.7783018867924528,0.3761467889908257,0
-0.7575471698113208,0.3761467889908257,0
-0.7367924528301887,0.3761467889908257,0
-0.7160377358490566,0.3761467889908257,0
-0.6952830188679245,0.3761467889908257,0
-0.6745283018867925,0.3761467889908257,0
-0.6537735849056603,0.3761467889908257,0
-0.6330188679245283,0.3761467889908257,0
-0.6122641509433961,0.3761467889908257,0
-0.5915094339622642,0.3761467889908257,0
-0.570754716981132,0.3761467889908257,0
-0.55,0.3761467889908257,0
-0.5292452830188679,0.3761467889908257,0
-0.5084905660377359,0.3761467889908257,0
-0.4877358490566037,0.3761467889908257,0
-0.46698113207547176,0.3761467889908257,0
-0.4462264150943396,0.3761467889908257,0
-0.4254716981132076,0.3761467889908257,0
-0.40471698113207544,0.3761467889908257,0
-0.3839622641509435,0.3761467889908257,0
-0.3632075471698113,0.3761467889908257,0
-0.34245283018867934,0.3761467889908257,0
-0.32169811320754715,0.3761467889908257,0
-0.30094339622641497,0.3761467889908257,0
-0.280188679245283,0.3761467889908257,0
-0.25943396226415083,0.3761467889908257,0
-0.23867924528301887,0.3761467889908257,0
-0.2179245283018867,0.3761467889908257,0
-0.19716981132075473,0.3761467889908257,0
-0.17641509433962255,0.3761467889908257,0
-0.1556603773584906,0.3761467889908257,0
-0.1349056603773584,0.3761467889908257,0
-0.11415094339622645,0.3761467889908257,0
-0.09339622641509426,0.3761467889908257,0
-0.0726415094339623,0.3761467889908257,0
-0.05188679245283012,0.3761467889908257,0
-0.031132075471698162,0.3761467889908257,0
-0.01037735849056598,0.3761467889908257,0
0.01037735849056598,0.3761467889908257,0
0.031132075471698162,0.3761467889908257,0
0.05188679245283012,0.3761467889908257,0
0.0726415094339623,0.3761467889908257,0
0.09339622641509426,0.3761467889908257,0
0.11415094339622645,0.3761467889908257,0
0.1349056603773584,0.3761467889908257,0
0.1556603773584906,0.3761467889908257,0
0.17641509433962255,0.3761467889908257,0
0.19716981132075473,0.3761467889908257,0
0.2179245283018867,0.3761467889908257,0
0.23867924528301887,0.3761467889908257,0
0.25943396226415083,0.3761467889908257,0
0.280188679245283,0.3761467889908257,0
0.30094339622641497,0.3761467889908257,0
0.32169811320754715,0.3761467889908257,0
0.34245283018867934,0.3761467889908257,1
0.3632075471698113,0.3761467889908257,1
0.38396226415094326,0.3761467889908257,1
0.40471698113207566,0.3761467889908257,1
0.4254716981132076,0.3761467889908257,1
0.4462264150943396,0.3761467889908257,1
0.46698113207547154,0.3761467889908257,1
0.48773584905660394,0.3761467889908257,1
0.5084905660377359,0.3761467889908257,1
0.5292452830188679,0.3761467889908257,1
0.5499999999999998,0.3761467889908257,1
0.5707547169811322,0.3761467889908257,1
0.5915094339622642,0.3761467889908257,1
0.6122641509433961,0.3761467889908257,1
0.6330188679245281,0.3761467889908257,1
0.6537735849056605,0.3761467889908257,1
0.6745283018867925,0.3761467889908257,1
0.6952830188679244,0.3761467889908257,1
0.7160377358490564,0.3761467889908257,1
0.7367924528301888,0.3761467889908257,1
0.7575471698113208,0.3761467889908257,1
0.7783018867924527,0.3761467889908257,1
0.7990566037735847,0.3761467889908257,1
0.8198113207547171,0.3761467889908257,1
0.840566037735849,0.3761467889908257,1
0.861320754716981,0.3761467889908257,1
0.882075471698113,0.3761467889908257,1
0.9028301886792454,0.3761467889908257,1
0.9235849056603773,0.3761467889908257,1
0.9443396226415093,0.3761467889908257,1
0.9650943396226412,0.3761467889908257,1
0.9858490566037736,0.3761467889908257,1
1.0066037735849056,0.3761467889908257,1
1.0273584905660376,0.3761467889908257,1
1.04811320754717,0.3761467889908257,1
1.068867924528302,0.3761467889908257,1
1.0896226415094339,0.3761467889908257,1
1.1103773584905658,0.3761467889908257,1
1.1311320754716983,0.3761467889908257,1
1.1518867924528302,0.3761467889908257,1
1.1726415094339622,0.3761467889908257,1
1.1933962264150941,0.3761467889908257,1
1.2141509433962265,0.3761467889908257,1
1.2349056603773585,0.3761467889908257,1
1.2556603773584905,0.3761467889908257,1
1.2764150943396224,0.3761467889908257,1
1.2971698113207548,0.3761467889908257,1
1.3179245283018868,0.3761467889908257,1
1.3386792452830187,0.3761467889908257,1
1.3594339622641507,0.3761467889908257,1
1.380188679245283,0.3761467889908257,1
1.400943396226415,0.3761467889908257,1
1.421698113207547,0.3761467889908257,1
1.442452830188679,0.3761467889908257,1
1.4632075471698114,0.3761467889908257,1
1.4839622641509433,0.3761467889908257,1
1.5047169811320753,0.3761467889908257,1
1.5254716981132073,0.3761467889908257,1
1.5462264150943397,0.3761467889908257,1
1.5669811320754716,0.3761467889908257,1
1.5877358490566036,0.3761467889908257,1
1.6084905660377355,0.3761467889908257,1
1.629245283018868,0.3761467889908257,1
1.65,0.3761467889908257,1
-1.65,0.3853211009174312,0
-1.6292452830188677,0.3853211009174312,0
-1.6084905660377358,0.3853211009174312,0
-1.5877358490566036,0.3853211009174312,0
-1.5669811320754716,0.3853211009174312,0
-1.5462264150943394,0.3853211009174312,0
-1.5254716981132075,0.3853211009174312,0
-1.5047169811320753,0.3853211009174312,0
-1.4839622641509433,0.3853211009174312,0
-1.4632075471698112,0.3853211009174312,0
-1.4424528301886792,0.3853211009174312,0
-1.421698113207547,0.3853211009174312,0
-1.400943396226415,0.3853211009174312,0
-1.3801886792452829,0.3853211009174312,0
-1.359433962264151,0.3853211009174312,0
-1.3386792452830187,0.3853211009174312,0
-1.3179245283018868,0.3853211009174312,0
-1.2971698113207546,0.3853211009174312,0
-1.2764150943396226,0.3853211009174312,0
-1.2556603773584905,0.3853211009174312,0
-1.2349056603773585,0.3853211009174312,0
-1.2141509433962263,0.3853211009174312,0
-1.1933962264150944,0.3853211009174312,0
-1.1726415094339622,0.3853211009174312,0
-1.1518867924528302,0.3853211009174312,0
-1.131132075471698,0.3853211009174312,0
-1.1103773584905658,0.3853211009174312,0
-1.0896226415094339,0.3853211009174312,0
-1.068867924528302,0.3853211009174312,0
-1.0481132075471697,0.3853211009174312,0
-1.0273584905660376,0.3853211009174312,0
-1.0066037735849056,0.3853211009174312,0
-0.9858490566037735,0.3853211009174312,0
-0.9650943396226415,0.3853211009174312,0
-0.9443396226415094,0.3853211009174312,0
-0.9235849056603773,0.3853211009174312,0
-0.9028301886792452,0.3853211009174312,0
-0.8820754716981132,0.3853211009174312,0
-0.8613207547169811,0.3853211009174312,0
-0.840566037735849,0.3853211009174312,0
-0.819811320754717,0.3853211009174312,0
-0.7990566037735849,0.3853211009174312,0
-0.7783018867924528,0.3853211009174312,0
-0.7575471698113208,0.3853211009174312,0
-0.7367924528301887,0.3853211009174312,0
-0.7160377358490566,0.3853211009174312,0
-0.6952830188679245,0.3853211009174312,0
-0.6745283018867925,0.3853211009174312,0
-0.6537735849056603,0.3853211009174312,0
-0.6330188679245283,0.3853211009174312,0
-0.6122641509433961,0.3853211009174312,0
-0.5915094339622642,0.3853211009174312,0
-0.570754716981132,0.3853211009174312,0
-0.55,0.3853211009174312,0
-0.5292452830188679,0.3853211009174312,0
-0.5084905660377359,0.3853211009174312,0
-0.4877358490566037,0.3853211009174312,0
-0.46698113207547176,0.3853211009174312,0
-0.4462264150943396,0.3853211009174312,0
-0.4254716981132076,0.3853211009174312,0
-0.40471698113207544,0.3853211009174312,0
-0.3839622641509435,0.3853211009174312,0
-0.3632075471698113,0.3853211009174312,0
-0.34245283018867934,0.3853211009174312,0
-0.32169811320754715,0.3853211009174312,0
-0.30094339622641497,0.3853211009174312,0
-0.280188679245283,0.3853211009174312,0
-0.25943396226415083,0.3853211009174312,0
-0.23867924528301887,0.3853211009174312,0
-0.2179245283018867,0.3853211009174312,0
-0.19716981132075473,0.3853211009174312,0
-0.17641509433962255,0.3853211009174312,0
-0.1556603773584906,0.3853211009174312,0
-0.1349056603773584,0.3853211009174312,0
-0.11415094339622645,0.3853211009174312,0
-0.09339622641509426,0.3853211009174312,0
-0.0726415094339623,0.3853211009174312,0
-0.05188679245283012,0.3853211009174312,0
-0.031132075471698162,0.3853211009174312,0
-0.01037735849056598,0.3853211009174312,0
0.01037735849056598,0.3853211009174312,0
0.031132075471698162,0.3853211009174312,0
0.05188679245283012,0.3853211009174312,0
0.0726415094339623,0.3853211009174312,0
0.09339622641509426,0.3853211009174312,0
0.11415094339622645,0.3853211009174312,0
0.1349056603773584,0.3853211009174312,0
0.1556603773584906,0.3853211009174312,0
0.17641509433962255,0.3853211009174312,0
0.19716981132075473,0.3853211009174312,0
0.2179245283018867,0.3853211009174312,0
0.23867924528301887,0.3853211009174312,0
0.25943396226415083,0.3853211009174312,0
0.280188679245283,0.3853211009174312,0
0.30094339622641497,0.3853211009174312,0
0.32169811320754715,0.3853211009174312,0
0.34245283018867934,0.3853211009174312,1
0.3632075471698113,0.3853211009174312,1
0.38396226415094326,0.3853211009174312,1
0.40471698113207566,0.3853211009174312,1
0.4254716981132076,0.3853211009174312,1
0.4462264150943396,0.3853211009174312,1
0.46698113207547154,0.3853211009174312,1
0.48773584905660394,0.3853211009174312,1
0.5084905660377359,0.3853211009174312,1
0.5292452830188679,0.3853211009174312,1
0.5499999999999998,0.3853211009174312,1
0.5707547169811322,0.3853211009174312,1
0.5915094339622642,0.3853211009174312,1
0.6122641509433961,0.3853211009174312,1
0.6330188679245281,0.3853211009174312,1
0.6537735849056605,0.3853211009174312,1
0.6745283018867925,0.3853211009174312,1
0.6952830188679244,0.3853211009174312,1
0.7160377358490564,0.3853211009174312,1
0.7367924528301888,0.3853211009174312,1
0.7575471698113208,0.3853211009174312,1
0.7783018867924527,0.3853211009174312,1
0.7990566037735847,0.3853211009174312,1
0.8198113207547171,0.3853211009174312,1
0.840566037735849,0.3853211009174312,1
0.861320754716981,0.3853211009174312,1
0.882075471698113,0.3853211009174312,1
0.9028301886792454,0.3853211009174312,1
0.9235849056603773,0.3853211009174312,1
0.9443396226415093,0.3853211009174312,1
0.9650943396226412,0.3853211009174312,1
0.9858490566037736,0.3853211009174312,1
1.0066037735849056,0.3853211009174312,1
1.0273584905660376,0.3853211009174312,1
1.04811320754717,0.3853211009174312,1
1.068867924528302,0.3853211009174312,1
1.0896226415094339,0.3853211009174312,1
1.1103773584905658,0.3853211009174312,1
1.1311320754716983,0.3853211009174312,1
1.1518867924528302,0.3853211009174312,1
1.1726415094339622,0.3853211009174312,1
1.1933962264150941,0.3853211009174312,1
1.2141509433962265,0.3853211009174312,1
1.2349056603773585,0.3853211009174312,1
1.2556603773584905,0.3853211009174312,1
1.2764150943396224,0.3853211009174312,1
1.2971698113207548,0.3853211009174312,1
1.3179245283018868,0.3853211009174312,1
1.3386792452830187,0.3853211009174312,1
1.3594339622641507,0.3853211009174312,1
1.380188679245283,0.3853211009174312,1
1.400943396226415,0.3853211009174312,1
1.421698113207547,0.3853211009174312,1
1.442452830188679,0.3853211009174312,1
1.4632075471698114,0.3853211009174312,1
1.4839622641509433,0.3853211009174312,1
1.5047169811320753,0.3853211009174312,1
1.5254716981132073,0.3853211009174312,1
1.5462264150943397,0.3853211009174312,1
1.5669811320754716,0.3853211009174312,1
1.5877358490566036,0.3853211009174312,1
1.6084905660377355,0.3853211009174312,1
1.629245283018868,0.3853211009174312,1
1.65,0.3853211009174312,1
-1.65,0.3944954128440367,0
-1.6292452830188677,0.3944954128440367,0
-1.6084905660377358,0.3944954128440367,0
-1.5877358490566036,0.3944954128440367,0
-1.5669811320754716,0.3944954128440367,0
-1.5462264150943394,0.3944954128440367,0
-1.5254716981132075,0.3944954128440367,0
-1.5047169811320753,0.3944954128440367,0
-1.4839622641509433,0.3944954128440367,0
-1.4632075471698112,0.3944954128440367,0
-1.4424528301886792,0.3944954128440367,0
-1.421698113207547,0.3944954128440367,0
-1.400943396226415,0.3944954128440367,0
-1.3801886792452829,0.3944954128440367,0
-1.359433962264151,0.3944954128440367,0
-1.3386792452830187,0.3944954128440367,0
-1.3179245283018868,0.3944954128440367,0
-1.2971698113207546,0.3944954128440367,0
-1.2764150943396226,0.3944954128440367,0
-1.2556603773584905,0.3944954128440367,0
-1.2349056603773585,0.3944954128440367,0
-1.2141509433962263,0.3944954128440367,0
-1.1933962264150944,0.3944954128440367,0
-1.1726415094339622,0.3944954128440367,0
-1.1518867924528302,0.3944954128440367,0
-1.131132075471698,0.3944954128440367,0
-1.1103773584905658,0.3944954128440367,0
-1.0896226415094339,0.3944954128440367,0
-1.068867924528302,0.3944954128440367,0
-1.0481132075471697,0.3944954128440367,0
-1.0273584905660376,0.3944954128440367,0
-1.0066037735849056,0.3944954128440367,0
-0.9858490566037735,0.3944954128440367,0
-0.9650943396226415,0.3944954128440367,0
-0.9443396226415094,0.3944954128440367,0
-0.9235849056603773,0.3944954128440367,0
-0.9028301886792452,0.3944954128440367,0
-0.8820754716981132,0.3944954128440367,0
-0.8613207547169811,0.3944954128440367,0
-0.840566037735849,0.3944954128440367,0
-0.819811320754717,0.3944954128440367,0
-0.7990566037735849,0.3944954128440367,0
-0.7783018867924528,0.3944954128440367,0
-0.7575471698113208,0.3944954128440367,0
-0.7367924528301887,0.3944954128440367,0
-0.7160377358490566,0.3944954128440367,0
-0.6952830188679245,0.3944954128440367,0
-0.6745283018867925,0.3944954128440367,0
-0.6537735849056603,0.3944954128440367,0
-0.6330188679245283,0.3944954128440367,0
-0.6122641509433961,0.3944954128440367,0
-0.5915094339622642,0.3944954128440367,0
-0.570754716981132,0.3944954128440367,0
-0.55,0.3944954128440367,0
-0.5292452830188679,0.3944954128440367,0
-0.5084905660377359,0.3944954128440367,0
-0.4877358490566037,0.3944954128440367,0
-0.46698113207547176,0.3944954128440367,0
-0.4462264150943396,0.3944954128440367,0
-0.4254716981132076,0.3944954128440367,0
-0.40471698113207544,0.3944954128440367,0
-0.3839622641509435,0.3944954128440367,0
-0.3632075471698113,0.3944954128440367,0
-0.34245283018867934,0.3944954128440367,0
-0.32169811320754715,0.3944954128440367,0
-0.30094339622641497,0.3944954128440367,0
-0.280188679245283,0.3944954128440367,0
-0.25943396226415083,0.3944954128440367,0
-0.23867924528301887,0.3944954128440367,0
-0.2179245283018867,0.3944954128440367,0
-0.19716981132075473,0.3944954128440367,0
-0.17641509433962255,0.3944954128440367,0
-0.1556603773584906,0.3944954128440367,0
-0.1349056603773584,0.3944954128440367,0
-0.11415094339622645,0.3944954128440367,0
-0.09339622641509426,0.3944954128440367,0
-0.0726415094339623,0.3944954128440367,0
-0.05188679245283012,0.3944954128440367,0
-0.031132075471698162,0.3944954128440367,0
-0.01037735849056598,0.3944954128440367,0
0.01037735849056598,0.3944954128440367,0
0.031132075471698162,0.3944954128440367,0
0.05188679245283012,0.3944954128440367,0
0.0726415094339623,0.3944954128440367,0
0.09339622641509426,0.3944954128440367,0
0.11415094339622645,0.3944954128440367,0
0.1349056603773584,0.3944954128440367,0
0.1556603773584906,0.3944954128440367,0
0.17641509433962255,0.3944954128440367,0
0.19716981132075473,0.3944954128440367,0
0.2179245283018867,0.3944954128440367,0
0.23867924528301887,0.3944954128440367,0
0.25943396226415083,0.3944954128440367,0
0.280188679245283,0.3944954128440367,0
0.30094339622641497,0.3944954128440367,0
0.32169811320754715,0.3944954128440367,0
0.34245283018867934,0.3944954128440367,1
0.3632075471698113,0.3944954128440367,1
0.38396226415094326,0.3944954128440367,1
0.40471698113207566,0.3944954128440367,1
0.4254716981132076,0.3944954128440367,1
0.4462264150943396,0.3944954128440367,1
0.46698113207547154,0.3944954128440367,1
0.48773584905660394,0.3944954128440367,1
0.5084905660377359,0.3944954128440367,1
0.5292452830188679,0.3944954128440367,1
0.5499999999999998,0.3944954128440367,1
0.5707547169811322,0.3944954128440367,1
0.5915094339622642,0.3944954128440367,1
0.6122641509433961,0.3944954128440367,1
0.6330188679245281,0.3944954128440367,1
0.6537735849056605,0.3944954128440367,1
0.6745283018867925,0.3944954128440367,1
0.6952830188679244,0.3944954128440367,1
0.7160377358490564,0.3944954128440367,1
0.7367924528301888,0.3944954128440367,1
0.7575471698113208,0.3944954128440367,1
0.7783018867924527,0.3944954128440367,1
0.7990566037735847,0.3944954128440367,1
0.8198113207547171,0.3944954128440367,1
0.840566037735849,0.3944954128440367,1
0.861320754716981,0.3944954128440367,1
0.882075471698113,0.3944954128440367,1
0.9028301886792454,0.3944954128440367,1
0.9235849056603773,0.3944954128440367,1
0.9443396226415093,0.3944954128440367,1
0.9650943396226412,0.3944954128440367,1
0.9858490566037736,0.3944954128440367,1
1.0066037735849056,0.3944954128440367,1
1.0273584905660376,0.3944954128440367,1
1.04811320754717,0.3944954128440367,1
1.068867924528302,0.3944954128440367,1
1.0896226415094339,0.3944954128440367,1
1.1103773584905658,0.3944954128440367,1
1.1311320754716983,0.3944954128440367,1
1.1518867924528302,0.3944954128440367,1
1.1726415094339622,0.3944954128440367,1
1.1933962264150941,0.3944954128440367,1
1.2141509433962265,0.3944954128440367,1
1.2349056603773585,0.3944954128440367,1
1.2556603773584905,0.3944954128440367,1
1.2764150943396224,0.3944954128440367,1
1.2971698113207548,0.3944954128440367,1
1.3179245283018868,0.3944954128440367,1
1.3386792452830187,0.3944954128440367,1
1.3594339622641507,0.3944954128440367,1
1.380188679245283,0.3944954128440367,1
1.400943396226415,0.3944954128440367,1
1.421698113207547,0.3944954128440367,1
1.442452830188679,0.3944954128440367,1
1.4632075471698114,0.3944954128440367,1
1.4839622641509433,0.3944954128440367,1
1.5047169811320753,0.3944954128440367,1
1.5254716981132073,0.3944954128440367,1
1.5462264150943397,0.3944954128440367,1
1.5669811320754716,0.3944954128440367,1
1.5877358490566036,0.3944954128440367,1
1.6084905660377355,0.3944954128440367,1
1.629245283018868,0.3944954128440367,1
1.65,0.3944954128440367,1
-1.65,0.4036697247706422,0
-1.6292452830188677,0.4036697247706422,0
-1.6084905660377358,0.4036697247706422,0
-1.5877358490566036,0.4036697247706422,0
-1.5669811320754716,0.4036697247706422,0
-1.5462264150943394,0.4036697247706422,0
-1.5254716981132075,0.4036697247706422,0
-1.5047169811320753,0.4036697247706422,0
-1.4839622641509433,0.4036697247706422,0
-1.4632075471698112,0.4036697247706422,0
-1.4424528301886792,0.4036697247706422,0
-1.421698113207547,0.4036697247706422,0
-1.400943396226415,0.4036697247706422,0
-1.3801886792452829,0.4036697247706422,0
-1.359433962264151,0.4036697247706422,0
-1.3386792452830187,0.4036697247706422,0
-1.3179245283018868,0.4036697247706422,0
-1.2971698113207546,0.4036697247706422,0
-1.2764150943396226,0.4036697247706422,0
-1.2556603773584905,0.4036697247706422,0
-1.2349056603773585,0.4036697247706422,0
-1.2141509433962263,0.4036697247706422,0
-1.1933962264150944,0.4036697247706422,0
-1.1726415094339622,0.4036697247706422,0
-1.1518867924528302,0.4036697247706422,0
-1.131132075471698,0.4036697247706422,0
-1.1103773584905658,0.4036697247706422,0
-1.0896226415094339,0.4036697247706422,0
-1.068867924528302,0.4036697247706422,0
-1.0481132075471697,0.4036697247706422,0
-1.0273584905660376,0.4036697247706422,0
-1.0066037735849056,0.4036697247706422,0
-0.9858490566037735,0.4036697247706422,0
-0.9650943396226415,0.4036697247706422,0
-0.9443396226415094,0.4036697247706422,0
-0.9235849056603773,0.4036697247706422,0
-0.9028301886792452,0.4036697247706422,0
-0.8820754716981132,0.4036697247706422,0
-0.8613207547169811,0.4036697247706422,0
-0.840566037735849,0.4036697247706422,0
-0.819811320754717,0.4036697247706422,0
-0.7990566037735849,0.4036697247706422,0
-0.7783018867924528,0.4036697247706422,0
-0.7575471698113208,0.4036697247706422,0
-0.7367924528301887,0.4036697247706422,0
-0.7160377358490566,0.4036697247706422,0
-0.6952830188679245,0.4036697247706422,0
-0.6745283018867925,0.4036697247706422,0
-0.6537735849056603,0.4036697247706422,0
-0.6330188679245283,0.4036697247706422,0
-0.6122641509433961,0.4036697247706422,0
-0.5915094339622642,0.4036697247706422,0
-0.570754716981132,0.4036697247706422,0
-0.55,0.4036697247706422,0
-0.5292452830188679,0.4036697247706422,0
-0.5084905660377359,0.4036697247706422,0
-0.4877358490566037,0.4036697247706422,0
-0.46698113207547176,0.4036697247706422,0
-0.4462264150943396,0.4036697247706422,0
-0.4254716981132076,0.4036697247706422,0
-0.40471698113207544,0.4036697247706422,0
-0.3839622641509435,0.4036697247706422,0
-0.3632075471698113,0.4036697247706422,0
-0.34245283018867934,0.4036697247706422,0
-0.32169811320754715,0.4036697247706422,0
-0.30094339622641497,0.4036697247706422,0
-0.280188679245283,0.4036697247706422,0
-0.25943396226415083,0.4036697247706422,0
-0.23867924528301887,0.4036697247706422,0
-0.2179245283018867,0.4036697247706422,0
-0.19716981132075473,0.4036697247706422,0
-0.17641509433962255,0.4036697247706422,0
-0.1556603773584906,0.4036697247706422,0
-0.1349056603773584,0.4036697247706422,0
-0.11415094339622645,0.4036697247706422,0
-0.09339622641509426,0.4036697247706422,0
-0.0726415094339623,0.4036697247706422,0
-0.05188679245283012,0.4036697247706422,0
-0.031132075471698162,0.4036697247706422,0
-0.01037735849056598,0.4036697247706422,0
0.01037735849056598,0.4036697247706422,0
0.031132075471698162,0.4036697247706422,0
0.05188679245283012,0.4036697247706422,0
0.0726415094339623,0.4036697247706422,0
0.09339622641509426,0.4036697247706422,0
0.11415094339622645,0.4036697247706422,0
0.1349056603773584,0.4036697247706422,0
0.1556603773584906,0.4036697247706422,0
0.17641509433962255,0.4036697247706422,0
0.19716981132075473,0.4036697247706422,0
0.2179245283018867,0.4036697247706422,0
0.23867924528301887,0.4036697247706422,0
0.25943396226415083,0.4036697247706422,0
0.280188679245283,0.4036697247706422,0
0.30094339622641497,0.4036697247706422,0
0.32169811320754715,0.4036697247706422,0
0.34245283018867934,0.4036697247706422,1
0.3632075471698113,0.4036697247706422,1
0.38396226415094326,0.4036697247706422,1
0.40471698113207566,0.4036697247706422,1
0.4254716981132076,0.4036697247706422,1
0.4462264150943396,0.4036697247706422,1
0.46698113207547154,0.4036697247706422,1
0.48773584905660394,0.4036697247706422,1
0.5084905660377359,0.4036697247706422,1
0.5292452830188679,0.4036697247706422,1
0.5499999999999998,0.4036697247706422,1
0.5707547169811322,0.4036697247706422,1
0.5915094339622642,0.4036697247706422,1
0.6122641509433961,0.4036697247706422,1
0.6330188679245281,0.4036697247706422,1
0.6537735849056605,0.4036697247706422,1
0.6745283018867925,0.4036697247706422,1
0.6952830188679244,0.4036697247706422,1
0.7160377358490564,0.4036697247706422,1
0.7367924528301888,0.4036697247706422,1
0.7575471698113208,0.4036697247706422,1
0.7783018867924527,0.4036697247706422,1
0.7990566037735847,0.4036697247706422,1
0.8198113207547171,0.4036697247706422,1
0.840566037735849,0.4036697247706422,1
0.861320754716981,0.4036697247706422,1
0.882075471698113,0.4036697247706422,1
0.9028301886792454,0.4036697247706422,1
0.9235849056603773,0.4036697247706422,1
0.9443396226415093,0.4036697247706422,1
0.9650943396226412,0.4036697247706422,1
0.9858490566037736,0.4036697247706422,1
1.0066037735849056,0.4036697247706422,1
1.0273584905660376,0.4036697247706422,1
1.04811320754717,0.4036697247706422,1
1.068867924528302,0.4036697247706422,1
1.0896226415094339,0.4036697247706422,1
1.1103773584905658,0.4036697247706422,1
1.1311320754716983,0.4036697247706422,1
1.1518867924528302,0.4036697247706422,1
1.1726415094339622,0.4036697247706422,1
1.1933962264150941,0.4036697247706422,1
1.2141509433962265,0.4036697247706422,1
1.2349056603773585,0.4036697247706422,1
1.2556603773584905,0.4036697247706422,1
1.2764150943396224,0.4036697247706422,1
1.2971698113207548,0.4036697247706422,1
1.3179245283018868,0.4036697247706422,1
1.3386792452830187,0.4036697247706422,1
1.3594339622641507,0.4036697247706422,1
1.380188679245283,0.4036697247706422,1
1.400943396226415,0.4036697247706422,1
1.421698113207547,0.4036697247706422,1
1.442452830188679,0.4036697247706422,1
1.4632075471698114,0.4036697247706422,1
1.4839622641509433,0.4036697247706422,1
1.5047169811320753,0.4036697247706422,1
1.5254716981132073,0.4036697247706422,1
1.5462264150943397,0.4036697247706422,1
1.5669811320754716,0.4036697247706422,1
1.5877358490566036,0.4036697247706422,1
1.6084905660377355,0.4036697247706422,1
1.629245283018868,0.4036697247706422,1
1.65,0.4036697247706422,1
-1.65,0.41284403669724773,0
-1.6292452830188677,0.41284403669724773,0
-1.6084905660377358,0.41284403669724773,0
-1.5877358490566036,0.41284403669724773,0
-1.5669811320754716,0.41284403669724773,0
-1.5462264150943394,0.41284403669724773,0
-1.5254716981132075,0.41284403669724773,0
-1.5047169811320753,0.41284403669724773,0
-1.4839622641509433,0.41284403669724773,0
-1.4632075471698112,0.41284403669724773,0
-1.4424528301886792,0.41284403669724773,0
-1.421698113207547,0.41284403669724773,0
-1.400943396226415,0.41284403669724773,0
-1.3801886792452829,0.41284403669724773,0
-1.359433962264151,0.41284403669724773,0
-1.3386792452830187,0.41284403669724773,0
-1.3179245283018868,0.41284403669724773,0
-1.2971698113207546,0.41284403669724773,0
-1.2764150943396226,0.41284403669724773,0
-1.2556603773584905,0.41284403669724773,0
-1.2349056603773585,0.41284403669724773,0
-1.2141509433962263,0.41284403669724773,0
-1.1933962264150944,0.41284403669724773,0
-1.1726415094339622,0.41284403669724773,0
-1.1518867924528302,0.41284403669724773,0
-1.131132075471698,0.41284403669724773,0
-1.1103773584905658,0.41284403669724773,0
-1.0896226415094339,0.41284403669724773,0
-1.068867924528302,0.41284403669724773,0
-1.0481132075471697,0.41284403669724773,0
-1.0273584905660376,0.41284403669724773,0
-1.0066037735849056,0.41284403669724773,0
-0.9858490566037735,0.41284403669724773,0
-0.9650943396226415,0.41284403669724773,0
-0.9443396226415094,0.41284403669724773,0
-0.9235849056603773,0.41284403669724773,0
-0.9028301886792452,0.41284403669724773,0
-0.8820754716981132,0.41284403669724773,0
-0.8613207547169811,0.41284403669724773,0
-0.840566037735849,0.41284403669724773,0
-0.819811320754717,0.41284403669724773,0
-0.7990566037735849,0.41284403669724773,0
-0.7783018867924528,0.41284403669724773,0
-0.7575471698113208,0.41284403669724773,0
-0.7367924528301887,0.41284403669724773,0
-0.7160377358490566,0.41284403669724773,0
-0.6952830188679245,0.41284403669724773,0
-0.6745283018867925,0.41284403669724773,0
-0.6537735849056603,0.41284403669724773,0
-0.6330188679245283,0.41284403669724773,0
-0.6122641509433961,0.41284403669724773,0
-0.5915094339622642,0.41284403669724773,0
-0.570754716981132,0.41284403669724773,0
-0.55,0.41284403669724773,0
-0.5292452830188679,0.41284403669724773,0
-0.5084905660377359,0.41284403669724773,0
-0.4877358490566037,0.41284403669724773,0
-0.46698113207547176,0.41284403669724773,0
-0.4462264150943396,0.41284403669724773,0
-0.4254716981132076,0.41284403669724773,0
-0.40471698113207544,0.41284403669724773,0
-0.3839622641509435,0.41284403669724773,0
-0.3632075471698113,0.41284403669724773,0
-0.34245283018867934,0.41284403669724773,0
-0.32169811320754715,0.41284403669724773,0
-0.30094339622641497,0.41284403669724773,0
-0.280188679245283,0.41284403669724773,0
-0.25943396226415083,0.41284403669724773,0
-0.23867924528301887,0.41284403669724773,0
-0.2179245283018867,0.41284403669724773,0
-0.19716981132075473,0.41284403669724773,0
-0.17641509433962255,0.41284403669724773,0
-0.1556603773584906,0.41284403669724773,0
-0.1349056603773584,0.41284403669724773,0
-0.11415094339622645,0.41284403669724773,0
-0.09339622641509426,0.41284403669724773,0
-0.0726415094339623,0.41284403669724773,0
-0.05188679245283012,0.41284403669724773,0
-0.031132075471698162,0.41284403669724773,0
-0.01037735849056598,0.41284403669724773,0
0.01037735849056598,0.41284403669724773,0
0.031132075471698162,0.41284403669724773,0
0.05188679245283012,0.41284403669724773,0
0.0726415094339623,0.41284403669724773,0
0.09339622641509426,0.41284403669724773,0
0.11415094339622645,0.41284403669724773,0
0.1349056603773584,0.41284403669724773,0
0.1556603773584906,0.41284403669724773,0
0.17641509433962255,0.41284403669724773,0
0.19716981132075473,0.41284403669724773,0
0.2179245283018867,0.41284403669724773,0
0.23867924528301887,0.41284403669724773,0
0.25943396226415083,0.41284403669724773,0
0.280188679245283,0.41284403669724773,0
0.30094339622641497,0.41284403669724773,0
0.32169811320754715,0.41284403669724773,0
0.34245283018867934,0.41284403669724773,0
0.3632075471698113,0.41284403669724773,1
0.38396226415094326,0.41284403669724773,1
0.40471698113207566,0.41284403669724773,1
0.4254716981132076,0.41284403669724773,1
0.4462264150943396,0.41284403669724773,1
0.46698113207547154,0.41284403669724773,1
0.48773584905660394,0.41284403669724773,1
0.5084905660377359,0.41284403669724773,1
0.5292452830188679,0.41284403669724773,1
0.5499999999999998,0.41284403669724773,1
0.5707547169811322,0.41284403669724773,1
0.5915094339622642,0.41284403669724773,1
0.6122641509433961,0.41284403669724773,1
0.6330188679245281,0.41284403669724773,1
0.6537735849056605,0.41284403669724773,1
0.6745283018867925,0.41284403669724773,1
0.6952830188679244,0.41284403669724773,1
0.7160377358490564,0.41284403669724773,1
0.7367924528301888,0.41284403669724773,1
0.7575471698113208,0.41284403669724773,1
0.7783018867924527,0.41284403669724773,1
0.7990566037735847,0.41284403669724773,1
0.8198113207547171,0.41284403669724773,1
0.840566037735849,0.41284403669724773,1
0.861320754716981,0.41284403669724773,1
0.882075471698113,0.41284403669724773,1
0.9028301886792454,0.41284403669724773,1
0.9235849056603773,0.41284403669724773,1
0.9443396226415093,0.41284403669724773,1
0.9650943396226412,0.41284403669724773,1
0.9858490566037736,0.41284403669724773,1
1.0066037735849056,0.41284403669724773,1
1.0273584905660376,0.41284403669724773,1
1.04811320754717,0.41284403669724773,1
1.068867924528302,0.41284403669724773,1
1.0896226415094339,0.41284403669724773,1
1.1103773584905658,0.41284403669724773,1
1.1311320754716983,0.41284403669724773,1
1.1518867924528302,0.41284403669724773,1
1.1726415094339622,0.41284403669724773,1
1.1933962264150941,0.41284403669724773,1
1.2141509433962265,0.41284403669724773,1
1.2349056603773585,0.41284403669724773,1
1.2556603773584905,0.41284403669724773,1
1.2764150943396224,0.41284403669724773,1
1.2971698113207548,0.41284403669724773,1
1.3179245283018868,0.41284403669724773,1
1.3386792452830187,0.41284403669724773,1
1.3594339622641507,0.41284403669724773,1
1.380188679245283,0.41284403669724773,1
1.400943396226415,0.41284403669724773,1
1.421698113207547,0.41284403669724773,1
1.442452830188679,0.41284403669724773,1
1.4632075471698114,0.41284403669724773,1
1.4839622641509433,0.41284403669724773,1
1.5047169811320753,0.41284403669724773,1
1.5254716981132073,0.41284403669724773,1
1.5462264150943397,0.41284403669724773,1
1.5669811320754716,0.41284403669724773,1
1.5877358490566036,0.41284403669724773,1
1.6084905660377355,0.41284403669724773,1
1.629245283018868,0.41284403669724773,1
1.65,0.41284403669724773,1
-1.65,0.42201834862385323,0
-1.6292452830188677,0.42201834862385323,0
-1.6084905660377358,0.42201834862385323,0
-1.5877358490566036,0.42201834862385323,0
-1.5669811320754716,0.42201834862385323,0
-1.5462264150943394,0.42201834862385323,0
-1.5254716981132075,0.42201834862385323,0
-1.5047169811320753,0.42201834862385323,0
-1.4839622641509433,0.42201834862385323,0
-1.4632075471698112,0.42201834862385323,0
-1.4424528301886792,0.42201834862385323,0
-1.421698113207547,0.42201834862385323,0
-1.400943396226415,0.42201834862385323,0
-1.3801886792452829,0.42201834862385323,0
-1.359433962264151,0.42201834862385323,0
-1.3386792452830187,0.42201834862385323,0
-1.3179245283018868,0.42201834862385323,0
-1.2971698113207546,0.42201834862385323,0
-1.2764150943396226,0.42201834862385323,0
-1.2556603773584905,0.42201834862385323,0
-1.2349056603773585,0.42201834862385323,0
-1.2141509433962263,0.42201834862385323,0
-1.1933962264150944,0.42201834862385323,0
-1.1726415094339622,0.42201834862385323,0
-1.1518867924528302,0.42201834862385323,0
-1.131132075471698,0.42201834862385323,0
-1.1103773584905658,0.42201834862385323,0
-1.0896226415094339,0.42201834862385323,0
-1.068867924528302,0.42201834862385323,0
-1.0481132075471697,0.42201834862385323,0
-1.0273584905660376,0.42201834862385323,0
-1.0066037735849056,0.42201834862385323,0
-0.9858490566037735,0.42201834862385323,0
-0.9650943396226415,0.42201834862385323,0
-0.9443396226415094,0.42201834862385323,0
-0.9235849056603773,0.42201834862385323,0
-0.9028301886792452,0.42201834862385323,0
-0.8820754716981132,0.42201834862385323,0
-0.8613207547169811,0.42201834862385323,0
-0.840566037735849,0.42201834862385323,0
-0.819811320754717,0.42201834862385323,0
-0.7990566037735849,0.42201834862385323,0
-0.7783018867924528,0.42201834862385323,0
-0.7575471698113208,0.42201834862385323,0
-0.7367924528301887,0.42201834862385323,0
-0.7160377358490566,0.42201834862385323,0
-0.6952830188679245,0.42201834862385323,0
-0.6745283018867925,0.42201834862385323,0
-0.6537735849056603,0.42201834862385323,0
-0.6330188679245283,0.42201834862385323,0
-0.6122641509433961,0.42201834862385323,0
-0.5915094339622642,0.42201834862385323,0
-0.570754716981132,0.42201834862385323,0
-0.55,0.42201834862385323,0
-0.5292452830188679,0.42201834862385323,0
-0.5084905660377359,0.42201834862385323,0
-0.4877358490566037,0.42201834862385323,0
-0.46698113207547176,0.42201834862385323,0
-0.4462264150943396,0.42201834862385323,0
-0.4254716981132076,0.42201834862385323,0
-0.40471698113207544,0.42201834862385323,0
-0.3839622641509435,0.42201834862385323,0
-0.3632075471698113,0.42201834862385323,0
-0.34245283018867934,0.42201834862385323,0
-0.32169811320754715,0.42201834862385323,0
-0.30094339622641497,0.42201834862385323,0
-0.280188679245283,0.42201834862385323,0
-0.25943396226415083,0.42201834862385323,0
-0.23867924528301887,0.42201834862385323,0
-0.2179245283018867,0.42201834862385323,0
-0.19716981132075473,0.42201834862385323,0
-0.17641509433962255,0.42201834862385323,0
-0.1556603773584906,0.42201834862385323,0
-0.1349056603773584,0.42201834862385323,0
-0.11415094339622645,0.42201834862385323,0
-0.09339622641509426,0.42201834862385323,0
-0.0726415094339623,0.42201834862385323,0
-0.05188679245283012,0.42201834862385323,0
-0.031132075471698162,0.42201834862385323,0
-0.01037735849056598,0.42201834862385323,0
0.01037735849056598,0.42201834862385323,0
0.031132075471698162,0.42201834862385323,0
0.05188679245283012,0.42201834862385323,0
0.0726415094339623,0.42201834862385323,0
0.09339622641509426,0.42201834862385323,0
0.11415094339622645,0.42201834862385323,0
0.1349056603773584,0.42201834862385323,0
0.1556603773584906,0.42201834862385323,0
0.17641509433962255,0.42201834862385323,0
0.19716981132075473,0.42201834862385323,0
0.2179245283018867,0.42201834862385323,0
0.23867924528301887,0.42201834862385323,0
0.25943396226415083,0.42201834862385323,0
0.280188679245283,0.42201834862385323,0
0.30094339622641497,0.42201834862385323,0
0.32169811320754715,0.42201834862385323,0
0.34245283018867934,0.42201834862385323,0
0.3632075471698113,0.42201834862385323,1
0.38396226415094326,0.42201834862385323,1
0.40471698113207566,0.42201834862385323,1
0.4254716981132076,0.42201834862385323,1
0.4462264150943396,0.42201834862385323,1
0.46698113207547154,0.42201834862385323,1
0.48773584905660394,0.42201834862385323,1
0.5084905660377359,0.42201834862385323,1
0.5292452830188679,0.42201834862385323,1
0.5499999999999998,0.42201834862385323,1
0.5707547169811322,0.42201834862385323,1
0.5915094339622642,0.42201834862385323,1
0.6122641509433961,0.42201834862385323,1
0.6330188679245281,0.42201834862385323,1
0.6537735849056605,0.42201834862385323,1
0.6745283018867925,0.42201834862385323,1
0.6952830188679244,0.42201834862385323,1
0.7160377358490564,0.42201834862385323,1
0.7367924528301888,0.42201834862385323,1
0.7575471698113208,0.42201834862385323,1
0.7783018867924527,0.42201834862385323,1
0.7990566037735847,0.42201834862385323,1
0.8198113207547171,0.42201834862385323,1
0.840566037735849,0.42201834862385323,1
0.861320754716981,0.42201834862385323,1
0.882075471698113,0.42201834862385323,1
0.9028301886792454,0.42201834862385323,1
0.9235849056603773,0.42201834862385323,1
0.9443396226415093,0.42201834862385323,1
0.9650943396226412,0.42201834862385323,1
0.9858490566037736,0.42201834862385323,1
1.0066037735849056,0.42201834862385323,1
1.0273584905660376,0.42201834862385323,1
1.04811320754717,0.42201834862385323,1
1.068867924528302,0.42201834862385323,1
1.0896226415094339,0.42201834862385323,1
1.1103773584905658,0.42201834862385323,1
1.1311320754716983,0.42201834862385323,1
1.1518867924528302,0.42201834862385323,1
1.1726415094339622,0.42201834862385323,1
1.1933962264150941,0.42201834862385323,1
1.2141509433962265,0.42201834862385323,1
1.2349056603773585,0.42201834862385323,1
1.2556603773584905,0.42201834862385323,1
1.2764150943396224,0.42201834862385323,1
1.2971698113207548,0.42201834862385323,1
1.3179245283018868,0.42201834862385323,1
1.3386792452830187,0.42201834862385323,1
1.3594339622641507,0.42201834862385323,1
1.380188679245283,0.42201834862385323,1
1.400943396226415,0.42201834862385323,1
1.421698113207547,0.42201834862385323,1
1.442452830188679,0.42201834862385323,1
1.4632075471698114,0.42201834862385323,1
1.4839622641509433,0.42201834862385323,1
1.5047169811320753,0.42201834862385323,1
1.5254716981132073,0.42201834862385323,1
1.5462264150943397,0.42201834862385323,1
1.5669811320754716,0.42201834862385323,1
1.5877358490566036,0.42201834862385323,1
1.6084905660377355,0.42201834862385323,1
1.629245283018868,0.42201834862385323,1
1.65,0.42201834862385323,1
-1.65,0.43119266055045874,0
-1.6292452830188677,0.43119266055045874,0
-1.6084905660377358,0.43119266055045874,0
-1.5877358490566036,0.43119266055045874,0
-1.5669811320754716,0.43119266055045874,0
-1.5462264150943394,0.43119266055045874,0
-1.5254716981132075,0.43119266055045874,0
-1.5047169811320753,0.43119266055045874,0
-1.4839622641509433,0.43119266055045874,0
-1.4632075471698112,0.43119266055045874,0
-1.4424528301886792,0.43119266055045874,0
-1.421698113207547,0.43119266055045874,0
-1.400943396226415,0.43119266055045874,0
-1.3801886792452829,0.43119266055045874,0
-1.359433962264151,0.43119266055045874,0
-1.3386792452830187,0.43119266055045874,0
-1.3179245283018868,0.43119266055045874,0
-1.2971698113207546,0.43119266055045874,0
-1.2764150943396226,0.43119266055045874,0
-1.2556603773584905,0.43119266055045874,0
-1.2349056603773585,0.43119266055045874,0
-1.2141509433962263,0.43119266055045874,0
-1.1933962264150944,0.43119266055045874,0
-1.1726415094339622,0.43119266055045874,0
-1.1518867924528302,0.43119266055045874,0
-1.131132075471698,0.43119266055045874,0
-1.1103773584905658,0.43119266055045874,0
-1.0896226415094339,0.43119266055045874,0
-1.068867924528302,0.43119266055045874,0
-1.0481132075471697,0.43119266055045874,0
-1.0273584905660376,0.43119266055045874,0
-1.0066037735849056,0.43119266055045874,0
-0.9858490566037735,0.43119266055045874,0
-0.9650943396226415,0.43119266055045874,0
-0.9443396226415094,0.43119266055045874,0
-0.9235849056603773,0.43119266055045874,0
-0.9028301886792452,0.43119266055045874,0
-0.8820754716981132,0.43119266055045874,0
-0.8613207547169811,0.43119266055045874,0
-0.840566037735849,0.43119266055045874,0
-0.819811320754717,0.43119266055045874,0
-0.7990566037735849,0.43119266055045874,0
-0.7783018867924528,0.43119266055045874,0
-0.7575471698113208,0.43119266055045874,0
-0.7367924528301887,0.43119266055045874,0
-0.7160377358490566,0.43119266055045874,0
-0.6952830188679245,0.43119266055045874,0
-0.6745283018867925,0.43119266055045874,0
-0.6537735849056603,0.43119266055045874,0
-0.6330188679245283,0.43119266055045874,0
-0.6122641509433961,0.43119266055045874,0
-0.5915094339622642,0.43119266055045874,0
-0.570754716981132,0.43119266055045874,0
-0.55,0.43119266055045874,0
-0.5292452830188679,0.43119266055045874,0
-0.5084905660377359,0.43119266055045874,0
-0.4877358490566037,0.43119266055045874,0
-0.46698113207547176,0.43119266055045874,0
-0.4462264150943396,0.43119266055045874,0
-0.4254716981132076,0.43119266055045874,0
-0.40471698113207544,0.43119266055045874,0
-0.3839622641509435,0.43119266055045874,0
-0.3632075471698113,0.43119266055045874,0
-0.34245283018867934,0.43119266055045874,0
-0.32169811320754715,0.43119266055045874,0
-0.30094339622641497,0.43119266055045874,0
-0.280188679245283,0.43119266055045874,0
-0.25943396226415083,0.43119266055045874,0
-0.23867924528301887,0.43119266055045874,0
-0.2179245283018867,0.43119266055045874,0
-0.19716981132075473,0.43119266055045874,0
-0.17641509433962255,0.43119266055045874,0
-0.1556603773584906,0.43119266055045874,0
-0.1349056603773584,0.43119266055045874,0
-0.11415094339622645,0.43119266055045874,0
-0.09339622641509426,0.43119266055045874,0
-0.0726415094339623,0.43119266055045874,0
-0.05188679245283012,0.43119266055045874,0
-0.031132075471698162,0.43119266055045874,0
-0.01037735849056598,0.43119266055045874,0
0.01037735849056598,0.43119266055045874,0
0.031132075471698162,0.43119266055045874,0
0.05188679245283012,0.43119266055045874,0
0.0726415094339623,0.43119266055045874,0
0.09339622641509426,0.43119266055045874,0
0.11415094339622645,0.43119266055045874,0
0.1349056603773584,0.43119266055045874,0
0.1556603773584906,0.43119266055045874,0
0.17641509433962255,0.43119266055045874,0
0.19716981132075473,0.43119266055045874,0
0.2179245283018867,0.43119266055045874,0
0.23867924528301887,0.43119266055045874,0
0.25943396226415083,0.43119266055045874,0
0.280188679245283,0.43119266055045874,0
0.30094339622641497,0.43119266055045874,0
0.32169811320754715,0.43119266055045874,0
0.34245283018867934,0.43119266055045874,0
0.3632075471698113,0.43119266055045874,1
0.38396226415094326,0.43119266055045874,1
0.40471698113207566,0.43119266055045874,1
0.4254716981132076,0.43119266055045874,1
0.4462264150943396,0.43119266055045874,1
0.46698113207547154,0.43119266055045874,1
0.48773584905660394,0.43119266055045874,1
0.5084905660377359,0.43119266055045874,1
0.5292452830188679,0.43119266055045874,1
0.5499999999999998,0.43119266055045874,1
0.5707547169811322,0.43119266055045874,1
0.5915094339622642,0.43119266055045874,1
0.6122641509433961,0.43119266055045874,1
0.6330188679245281,0.43119266055045874,1
0.6537735849056605,0.43119266055045874,1
0.6745283018867925,0.43119266055045874,1
0.6952830188679244,0.43119266055045874,1
0.7160377358490564,0.43119266055045874,1
0.7367924528301888,0.43119266055045874,1
0.7575471698113208,0.43119266055045874,1
0.7783018867924527,0.43119266055045874,1
0.7990566037735847,0.43119266055045874,1
0.8198113207547171,0.43119266055045874,1
0.840566037735849,0.43119266055045874,1
0.861320754716981,0.43119266055045874,1
0.882075471698113,0.43119266055045874,1
0.9028301886792454,0.43119266055045874,1
0.9235849056603773,0.43119266055045874,1
0.9443396226415093,0.43119266055045874,1
0.9650943396226412,0.43119266055045874,1
0.9858490566037736,0.43119266055045874,1
1.0066037735849056,0.43119266055045874,1
1.0273584905660376,0.43119266055045874,1
1.04811320754717,0.43119266055045874,1
1.068867924528302,0.43119266055045874,1
1.0896226415094339,0.43119266055045874,1
1.1103773584905658,0.43119266055045874,1
1.1311320754716983,0.43119266055045874,1
1.1518867924528302,0.43119266055045874,1
1.1726415094339622,0.43119266055045874,1
1.1933962264150941,0.43119266055045874,1
1.2141509433962265,0.43119266055045874,1
1.2349056603773585,0.43119266055045874,1
1.2556603773584905,0.43119266055045874,1
1.2764150943396224,0.43119266055045874,1
1.2971698113207548,0.43119266055045874,1
1.3179245283018868,0.43119266055045874,1
1.3386792452830187,0.43119266055045874,1
1.3594339622641507,0.43119266055045874,1
1.380188679245283,0.43119266055045874,1
1.400943396226415,0.43119266055045874,1
1.421698113207547,0.43119266055045874,1
1.442452830188679,0.43119266055045874,1
1.4632075471698114,0.43119266055045874,1
1.4839622641509433,0.43119266055045874,1
1.5047169811320753,0.43119266055045874,1
1.5254716981132073,0.43119266055045874,1
1.5462264150943397,0.43119266055045874,1
1.5669811320754716,0.43119266055045874,1
1.5877358490566036,0.43119266055045874,1
1.6084905660377355,0.43119266055045874,1
1.629245283018868,0.43119266055045874,1
1.65,0.43119266055045874,1
-1.65,0.44036697247706424,0
-1.6292452830188677,0.44036697247706424,0
-1.6084905660377358,0.44036697247706424,0
-1.5877358490566036,0.44036697247706424,0
-1.5669811320754716,0.44036697247706424,0
-1.5462264150943394,0.44036697247706424,0
-1.5254716981132075,0.44036697247706424,0
-1.5047169811320753,0.44036697247706424,0
-1.4839622641509433,0.44036697247706424,0
-1.4632075471698112,0.44036697247706424,0
-1.4424528301886792,0.44036697247706424,0
-1.421698113207547,0.44036697247706424,0
-1.400943396226415,0.44036697247706424,0
-1.3801886792452829,0.44036697247706424,0
-1.359433962264151,0.44036697247706424,0
-1.3386792452830187,0.44036697247706424,0
-1.3179245283018868,0.44036697247706424,0
-1.2971698113207546,0.44036697247706424,0
-1.2764150943396226,0.44036697247706424,0
-1.2556603773584905,0.44036697247706424,0
-1.2349056603773585,0.44036697247706424,0
-1.2141509433962263,0.44036697247706424,0
-1.1933962264150944,0.44036697247706424,0
-1.1726415094339622,0.44036697247706424,0
-1.1518867924528302,0.44036697247706424,0
-1.131132075471698,0.44036697247706424,0
-1.1103773584905658,0.44036697247706424,0
-1.0896226415094339,0.44036697247706424,0
-1.068867924528302,0.44036697247706424,0
-1.0481132075471697,0.44036697247706424,0
-1.0273584905660376,0.44036697247706424,0
-1.0066037735849056,0.44036697247706424,0
-0.9858490566037735,0.44036697247706424,0
-0.9650943396226415,0.44036697247706424,0
-0.9443396226415094,0.44036697247706424,0
-0.9235849056603773,0.44036697247706424,0
-0.9028301886792452,0.44036697247706424,0
-0.8820754716981132,0.44036697247706424,0
-0.8613207547169811,0.44036697247706424,0
-0.840566037735849,0.44036697247706424,0
-0.819811320754717,0.44036697247706424,0
-0.7990566037735849,0.44036697247706424,0
-0.7783018867924528,0.44036697247706424,0
-0.7575471698113208,0.44036697247706424,0
-0.7367924528301887,0.44036697247706424,0
-0.7160377358490566,0.44036697247706424,0
-0.6952830188679245,0.44036697247706424,0
-0.6745283018867925,0.44036697247706424,0
-0.6537735849056603,0.44036697247706424,0
-0.6330188679245283,0.44036697247706424,0
-0.6122641509433961,0.44036697247706424,0
-0.5915094339622642,0.44036697247706424,0
-0.570754716981132,0.44036697247706424,0
-0.55,0.44036697247706424,0
-0.5292452830188679,0.44036697247706424,0
-0.5084905660377359,0.44036697247706424,0
-0.4877358490566037,0.44036697247706424,0
-0.46698113207547176,0.44036697247706424,0
-0.4462264150943396,0.44036697247706424,0
-0.4254716981132076,0.44036697247706424,0
-0.40471698113207544,0.44036697247706424,0
-0.3839622641509435,0.44036697247706424,0
-0.3632075471698113,0.44036697247706424,0
-0.34245283018867934,0.44036697247706424,0
-0.32169811320754715,0.44036697247706424,0
-0.30094339622641497,0.44036697247706424,0
-0.280188679245283,0.44036697247706424,0
-0.25943396226415083,0.44036697247706424,0
-0.23867924528301887,0.44036697247706424,0
-0.2179245283018867,0.44036697247706424,0
-0.19716981132075473,0.44036697247706424,0
-0.17641509433962255,0.44036697247706424,0
-0.1556603773584906,0.44036697247706424,0
-0.1349056603773584,0.44036697247706424,0
-0.11415094339622645,0.44036697247706424,0
-0.09339622641509426,0.44036697247706424,0
-0.0726415094339623,0.44036697247706424,0
-0.05188679245283012,0.44036697247706424,0
-0.031132075471698162,0.44036697247706424,0
-0.01037735849056598,0.44036697247706424,0
0.01037735849056598,0.44036697247706424,0
0.031132075471698162,0.44036697247706424,0
0.05188679245283012,0.44036697247706424,0
0.0726415094339623,0.44036697247706424,0
0.09339622641509426,0.44036697247706424,0
0.11415094339622645,0.44036697247706424,0
0.1349056603773584,0.44036697247706424,0
0.1556603773584906,0.44036697247706424,0
0.17641509433962255,0.44036697247706424,0
0.19716981132075473,0.44036697247706424,0
0.2179245283018867,0.44036697247706424,0
0.23867924528301887,0.44036697247706424,0
0.25943396226415083,0.44036697247706424,0
0.280188679245283,0.44036697247706424,0
0.30094339622641497,0.44036697247706424,0
0.32169811320754715,0.44036697247706424,0
0.34245283018867934,0.44036697247706424,0
0.3632075471698113,0.44036697247706424,1
0.38396226415094326,0.44036697247706424,1
0.40471698113207566,0.44036697247706424,1
0.4254716981132076,0.44036697247706424,1
0.4462264150943396,0.44036697247706424,1
0.46698113207547154,0.44036697247706424,1
0.48773584905660394,0.44036697247706424,1
0.5084905660377359,0.44036697247706424,1
0.5292452830188679,0.44036697247706424,1
0.5499999999999998,0.44036697247706424,1
0.5707547169811322,0.44036697247706424,1
0.5915094339622642,0.44036697247706424,1
0.6122641509433961,0.44036697247706424,1
0.6330188679245281,0.44036697247706424,1
0.6537735849056605,0.44036697247706424,1
0.6745283018867925,0.44036697247706424,1
0.6952830188679244,0.44036697247706424,1
0.7160377358490564,0.44036697247706424,1
0.7367924528301888,0.44036697247706424,1
0.7575471698113208,0.44036697247706424,1
0.7783018867924527,0.44036697247706424,1
0.7990566037735847,0.44036697247706424,1
0.8198113207547171,0.44036697247706424,1
0.840566037735849,0.44036697247706424,1
0.861320754716981,0.44036697247706424,1
0.882075471698113,0.44036697247706424,1
0.9028301886792454,0.44036697247706424,1
0.9235849056603773,0.44036697247706424,1
0.9443396226415093,0.44036697247706424,1
0.9650943396226412,0.44036697247706424,1
0.9858490566037736,0.44036697247706424,1
1.0066037735849056,0.44036697247706424,1
1.0273584905660376,0.44036697247706424,1
1.04811320754717,0.44036697247706424,1
1.068867924528302,0.44036697247706424,1
1.0896226415094339,0.44036697247706424,1
1.1103773584905658,0.44036697247706424,1
1.1311320754716983,0.44036697247706424,1
1.1518867924528302,0.44036697247706424,1
1.1726415094339622,0.44036697247706424,1
1.1933962264150941,0.44036697247706424,1
1.2141509433962265,0.44036697247706424,1
1.2349056603773585,0.44036697247706424,1
1.2556603773584905,0.44036697247706424,1
1.2764150943396224,0.44036697247706424,1
1.2971698113207548,0.44036697247706424,1
1.3179245283018868,0.44036697247706424,1
1.3386792452830187,0.44036697247706424,1
1.3594339622641507,0.44036697247706424,1
1.380188679245283,0.44036697247706424,1
1.400943396226415,0.44036697247706424,1
1.421698113207547,0.44036697247706424,1
1.442452830188679,0.44036697247706424,1
1.4632075471698114,0.44036697247706424,1
1.4839622641509433,0.44036697247706424,1
1.5047169811320753,0.44036697247706424,1
1.5254716981132073,0.44036697247706424,1
1.5462264150943397,0.44036697247706424,1
1.5669811320754716,0.44036697247706424,1
1.5877358490566036,0.44036697247706424,1
1.6084905660377355,0.44036697247706424,1
1.629245283018868,0.44036697247706424,1
1.65,0.44036697247706424,1
-1.65,0.44954128440366975,0
-1.6292452830188677,0.44954128440366975,0
-1.6084905660377358,0.44954128440366975,0
-1.5877358490566036,0.44954128440366975,0
-1.5669811320754716,0.44954128440366975,0
-1.5462264150943394,0.44954128440366975,0
-1.5254716981132075,0.44954128440366975,0
-1.5047169811320753,0.44954128440366975,0
-1.4839622641509433,0.44954128440366975,0
-1.4632075471698112,0.44954128440366975,0
-1.4424528301886792,0.44954128440366975,0
-1.421698113207547,0.44954128440366975,0
-1.400943396226415,0.44954128440366975,0
-1.3801886792452829,0.44954128440366975,0
-1.359433962264151,0.44954128440366975,0
-1.3386792452830187,0.44954128440366975,0
-1.3179245283018868,0.44954128440366975,0
-1.2971698113207546,0.44954128440366975,0
-1.2764150943396226,0.44954128440366975,0
-1.2556603773584905,0.44954128440366975,0
-1.2349056603773585,0.44954128440366975,0
-1.2141509433962263,0.44954128440366975,0
-1.1933962264150944,0.44954128440366975,0
-1.1726415094339622,0.44954128440366975,0
-1.1518867924528302,0.44954128440366975,0
-1.131132075471698,0.44954128440366975,0
-1.1103773584905658,0.44954128440366975,0
-1.0896226415094339,0.44954128440366975,0
-1.068867924528302,0.44954128440366975,0
-1.0481132075471697,0.44954128440366975,0
-1.0273584905660376,0.44954128440366975,0
-1.0066037735849056,0.44954128440366975,0
-0.9858490566037735,0.44954128440366975,0
-0.9650943396226415,0.44954128440366975,0
-0.9443396226415094,0.44954128440366975,0
-0.9235849056603773,0.44954128440366975,0
-0.9028301886792452,0.44954128440366975,0
-0.8820754716981132,0.44954128440366975,0
-0.8613207547169811,0.44954128440366975,0
-0.840566037735849,0.44954128440366975,0
-0.819811320754717,0.44954128440366975,0
-0.7990566037735849,0.44954128440366975,0
-0.7783018867924528,0.44954128440366975,0
-0.7575471698113208,0.44954128440366975,0
-0.7367924528301887,0.44954128440366975,0
-0.7160377358490566,0.44954128440366975,0
-0.6952830188679245,0.44954128440366975,0
-0.6745283018867925,0.44954128440366975,0
-0.6537735849056603,0.44954128440366975,0
-0.6330188679245283,0.44954128440366975,0
-0.6122641509433961,0.44954128440366975,0
-0.5915094339622642,0.44954128440366975,0
-0.570754716981132,0.44954128440366975,0
-0.55,0.44954128440366975,0
-0.5292452830188679,0.44954128440366975,0
-0.5084905660377359,0.44954128440366975,0
-0.4877358490566037,0.44954128440366975,0
-0.46698113207547176,0.44954128440366975,0
-0.4462264150943396,0.44954128440366975,0
-0.4254716981132076,0.44954128440366975,0
-0.40471698113207544,0.44954128440366975,0
-0.3839622641509435,0.44954128440366975,0
-0.3632075471698113,0.44954128440366975,0
-0.34245283018867934,0.44954128440366975,0
-0.32169811320754715,0.44954128440366975,0
-0.30094339622641497,0.44954128440366975,0
-0.280188679245283,0.44954128440366975,0
-0.25943396226415083,0.44954128440366975,0
-0.23867924528301887,0.44954128440366975,0
-0.2179245283018867,0.44954128440366975,0
-0.19716981132075473,0.44954128440366975,0
-0.17641509433962255,0.44954128440366975,0
-0.1556603773584906,0.44954128440366975,0
-0.1349056603773584,0.44954128440366975,0
-0.11415094339622645,0.44954128440366975,0
-0.09339622641509426,0.44954128440366975,0
-0.0726415094339623,0.44954128440366975,0
-0.05188679245283012,0.44954128440366975,0
-0.031132075471698162,0.44954128440366975,0
-0.01037735849056598,0.44954128440366975,0
0.01037735849056598,0.44954128440366975,0
0.031132075471698162,0.44954128440366975,0
0.05188679245283012,0.44954128440366975,0
0.0726415094339623,0.44954128440366975,0
0.09339622641509426,0.44954128440366975,0
0.11415094339622645,0.44954128440366975,0
0.1349056603773584,0.44954128440366975,0
0.1556603773584906,0.44954128440366975,0
0.17641509433962255,0.44954128440366975,0
0.19716981132075473,0.44954128440366975,0
0.2179245283018867,0.44954128440366975,0
0.23867924528301887,0.44954128440366975,0
0.25943396226415083,0.44954128440366975,0
0.280188679245283,0.44954128440366975,0
0.30094339622641497,0.44954128440366975,0
0.32169811320754715,0.44954128440366975,0
0.34245283018867934,0.44954128440366975,0
0.3632075471698113,0.44954128440366975,1
0.38396226415094326,0.44954128440366975,1
0.40471698113207566,0.44954128440366975,1
0.4254716981132076,0.44954128440366975,1
0.4462264150943396,0.44954128440366975,1
0.46698113207547154,0.44954128440366975,1
0.48773584905660394,0.44954128440366975,1
0.5084905660377359,0.44954128440366975,1
0.5292452830188679,0.44954128440366975,1
0.5499999999999998,0.44954128440366975,1
0.5707547169811322,0.44954128440366975,1
0.5915094339622642,0.44954128440366975,1
0.6122641509433961,0.44954128440366975,1
0.6330188679245281,0.44954128440366975,1
0.6537735849056605,0.44954128440366975,1
0.6745283018867925,0.44954128440366975,1
0.6952830188679244,0.44954128440366975,1
0.7160377358490564,0.44954128440366975,1
0.7367924528301888,0.44954128440366975,1
0.7575471698113208,0.44954128440366975,1
0.7783018867924527,0.44954128440366975,1
0.7990566037735847,0.44954128440366975,1
0.8198113207547171,0.44954128440366975,1
0.840566037735849,0.44954128440366975,1
0.861320754716981,0.44954128440366975,1
0.882075471698113,0.44954128440366975,1
0.9028301886792454,0.44954128440366975,1
0.9235849056603773,0.44954128440366975,1
0.9443396226415093,0.44954128440366975,1
0.9650943396226412,0.44954128440366975,1
0.9858490566037736,0.44954128440366975,1
1.0066037735849056,0.44954128440366975,1
1.0273584905660376,0.44954128440366975,1
1.04811320754717,0.44954128440366975,1
1.068867924528302,0.44954128440366975,1
1.0896226415094339,0.44954128440366975,1
1.1103773584905658,0.44954128440366975,1
1.1311320754716983,0.44954128440366975,1
1.1518867924528302,0.44954128440366975,1
1.1726415094339622,0.44954128440366975,1
1.1933962264150941,0.44954128440366975,1
1.2141509433962265,0.44954128440366975,1
1.2349056603773585,0.44954128440366975,1
1.2556603773584905,0.44954128440366975,1
1.2764150943396224,0.44954128440366975,1
1.2971698113207548,0.44954128440366975,1
1.3179245283018868,0.44954128440366975,1
1.3386792452830187,0.44954128440366975,1
1.3594339622641507,0.44954128440366975,1
1.380188679245283,0.44954128440366975,1
1.400943396226415,0.44954128440366975,1
1.421698113207547,0.44954128440366975,1
1.442452830188679,0.44954128440366975,1
1.4632075471698114,0.44954128440366975,1
1.4839622641509433,0.44954128440366975,1
1.5047169811320753,0.44954128440366975,1
1.5254716981132073,0.44954128440366975,1
1.5462264150943397,0.44954128440366975,1
1.5669811320754716,0.44954128440366975,1
1.5877358490566036,0.44954128440366975,1
1.6084905660377355,0.44954128440366975,1
1.629245283018868,0.44954128440366975,1
1.65,0.44954128440366975,1
-1.65,0.45871559633027525,0
-1.6292452830188677,0.45871559633027525,0
-1.6084905660377358,0.45871559633027525,0
-1.5877358490566036,0.45871559633027525,0
-1.5669811320754716,0.45871559633027525,0
-1.5462264150943394,0.45871559633027525,0
-1.5254716981132075,0.45871559633027525,0
-1.5047169811320753,0.45871559633027525,0
-1.4839622641509433,0.45871559633027525,0
-1.4632075471698112,0.45871559633027525,0
-1.4424528301886792,0.45871559633027525,0
-1.421698113207547,0.45871559633027525,0
-1.400943396226415,0.45871559633027525,0
-1.3801886792452829,0.45871559633027525,0
-1.359433962264151,0.45871559633027525,0
-1.3386792452830187,0.45871559633027525,0
-1.3179245283018868,0.45871559633027525,0
-1.2971698113207546,0.45871559633027525,0
-1.2764150943396226,0.45871559633027525,0
-1.2556603773584905,0.45871559633027525,0
-1.2349056603773585,0.45871559633027525,0
-1.2141509433962263,0.45871559633027525,0
-1.1933962264150944,0.45871559633027525,0
-1.1726415094339622,0.45871559633027525,0
-1.1518867924528302,0.45871559633027525,0
-1.131132075471698,0.45871559633027525,0
-1.1103773584905658,0.45871559633027525,0
-1.0896226415094339,0.45871559633027525,0
-1.068867924528302,0.45871559633027525,0
-1.0481132075471697,0.45871559633027525,0
-1.0273584905660376,0.45871559633027525,0
-1.0066037735849056,0.45871559633027525,0
-0.9858490566037735,0.45871559633027525,0
-0.9650943396226415,0.45871559633027525,0
-0.9443396226415094,0.45871559633027525,0
-0.9235849056603773,0.45871559633027525,0
-0.9028301886792452,0.45871559633027525,0
-0.8820754716981132,0.45871559633027525,0
-0.8613207547169811,0.45871559633027525,0
-0.840566037735849,0.45871559633027525,0
-0.819811320754717,0.45871559633027525,0
-0.7990566037735849,0.45871559633027525,0
-0.7783018867924528,0.45871559633027525,0
-0.7575471698113208,0.45871559633027525,0
-0.7367924528301887,0.45871559633027525,0
-0.7160377358490566,0.45871559633027525,0
-0.6952830188679245,0.45871559633027525,0
-0.6745283018867925,0.45871559633027525,0
-0.6537735849056603,0.45871559633027525,0
-0.6330188679245283,0.45871559633027525,0
-0.6122641509433961,0.45871559633027525,0
-0.5915094339622642,0.45871559633027525,0
-0.570754716981132,0.45871559633027525,0
-0.55,0.45871559633027525,0
-0.5292452830188679,0.45871559633027525,0
-0.5084905660377359,0.45871559633027525,0
-0.4877358490566037,0.45871559633027525,0
-0.46698113207547176,0.45871559633027525,0
-0.4462264150943396,0.45871559633027525,0
-0.4254716981132076,0.45871559633027525,0
-0.40471698113207544,0.45871559633027525,0
-0.3839622641509435,0.45871559633027525,0
-0.3632075471698113,0.45871559633027525,0
-0.34245283018867934,0.45871559633027525,0
-0.32169811320754715,0.45871559633027525,0
-0.30094339622641497,0.45871559633027525,0
-0.280188679245283,0.45871559633027525,0
-0.25943396226415083,0.45871559633027525,0
-0.23867924528301887,0.45871559633027525,0
-0.2179245283018867,0.45871559633027525,0
-0.19716981132075473,0.45871559633027525,0
-0.17641509433962255,0.45871559633027525,0
-0.1556603773584906,0.45871559633027525,0
-0.1349056603773584,0.45871559633027525,0
-0.11415094339622645,0.45871559633027525,0
-0.09339622641509426,0.45871559633027525,0
-0.0726415094339623,0.45871559633027525,0
-0.05188679245283012,0.45871559633027525,0
-0.031132075471698162,0.45871559633027525,0
-0.01037735849056598,0.45871559633027525,0
0.01037735849056598,0.45871559633027525,0
0.031132075471698162,0.45871559633027525,0
0.05188679245283012,0.45871559633027525,0
0.0726415094339623,0.45871559633027525,0
0.09339622641509426,0.45871559633027525,0
0.11415094339622645,0.45871559633027525,0
0.1349056603773584,0.45871559633027525,0
0.1556603773584906,0.45871559633027525,0
0.17641509433962255,0.45871559633027525,0
0.19716981132075473,0.45871559633027525,0
0.2179245283018867,0.45871559633027525,0
0.23867924528301887,0.45871559633027525,0
0.25943396226415083,0.45871559633027525,0
0.280188679245283,0.45871559633027525,0
0.30094339622641497,0.45871559633027525,0
0.32169811320754715,0.45871559633027525,0
0.34245283018867934,0.45871559633027525,0
0.3632075471698113,0.45871559633027525,1
0.38396226415094326,0.45871559633027525,1
0.40471698113207566,0.45871559633027525,1
0.4254716981132076,0.45871559633027525,1
0.4462264150943396,0.45871559633027525,1
0.46698113207547154,0.45871559633027525,1
0.48773584905660394,0.45871559633027525,1
0.5084905660377359,0.45871559633027525,1
0.5292452830188679,0.45871559633027525,1
0.5499999999999998,0.45871559633027525,1
0.5707547169811322,0.45871559633027525,1
0.5915094339622642,0.45871559633027525,1
0.6122641509433961,0.45871559633027525,1
0.6330188679245281,0.45871559633027525,1
0.6537735849056605,0.45871559633027525,1
0.6745283018867925,0.45871559633027525,1
0.6952830188679244,0.45871559633027525,1
0.7160377358490564,0.45871559633027525,1
0.7367924528301888,0.45871559633027525,1
0.7575471698113208,0.45871559633027525,1
0.7783018867924527,0.45871559633027525,1
0.7990566037735847,0.45871559633027525,1
0.8198113207547171,0.45871559633027525,1
0.840566037735849,0.45871559633027525,1
0.861320754716981,0.45871559633027525,1
0.882075471698113,0.45871559633027525,1
0.9028301886792454,0.45871559633027525,1
0.9235849056603773,0.45871559633027525,1
0.9443396226415093,0.45871559633027525,1
0.9650943396226412,0.45871559633027525,1
0.9858490566037736,0.45871559633027525,1
1.0066037735849056,0.45871559633027525,1
1.0273584905660376,0.45871559633027525,1
1.04811320754717,0.45871559633027525,1
1.068867924528302,0.45871559633027525,1
1.0896226415094339,0.45871559633027525,1
1.1103773584905658,0.45871559633027525,1
1.1311320754716983,0.45871559633027525,1
1.1518867924528302,0.45871559633027525,1
1.1726415094339622,0.45871559633027525,1
1.1933962264150941,0.45871559633027525,1
1.2141509433962265,0.45871559633027525,1
1.2349056603773585,0.45871559633027525,1
1.2556603773584905,0.45871559633027525,1
1.2764150943396224,0.45871559633027525,1
1.2971698113207548,0.45871559633027525,1
1.3179245283018868,0.45871559633027525,1
1.3386792452830187,0.45871559633027525,1
1.3594339622641507,0.45871559633027525,1
1.380188679245283,0.45871559633027525,1
1.400943396226415,0.45871559633027525,1
1.421698113207547,0.45871559633027525,1
1.442452830188679,0.45871559633027525,1
1.4632075471698114,0.45871559633027525,1
1.4839622641509433,0.45871559633027525,1
1.5047169811320753,0.45871559633027525,1
1.5254716981132073,0.45871559633027525,1
1.5462264150943397,0.45871559633027525,1
1.5669811320754716,0.45871559633027525,1
1.5877358490566036,0.45871559633027525,1
1.6084905660377355,0.45871559633027525,1
1.629245283018868,0.45871559633027525,1
1.65,0.45871559633027525,1
-1.65,0.46788990825688076,0
-1.6292452830188677,0.46788990825688076,0
-1.6084905660377358,0.46788990825688076,0
-1.5877358490566036,0.46788990825688076,0
-1.5669811320754716,0.46788990825688076,0
-1.5462264150943394,0.46788990825688076,0
-1.5254716981132075,0.46788990825688076,0
-1.5047169811320753,0.46788990825688076,0
-1.4839622641509433,0.46788990825688076,0
-1.4632075471698112,0.46788990825688076,0
-1.4424528301886792,0.46788990825688076,0
-1.421698113207547,0.46788990825688076,0
-1.400943396226415,0.46788990825688076,0
-1.3801886792452829,0.46788990825688076,0
-1.359433962264151,0.46788990825688076,0
-1.3386792452830187,0.46788990825688076,0
-1.3179245283018868,0.46788990825688076,0
-1.2971698113207546,0.46788990825688076,0
-1.2764150943396226,0.46788990825688076,0
-1.2556603773584905,0.46788990825688076,0
-1.2349056603773585,0.46788990825688076,0
-1.2141509433962263,0.46788990825688076,0
-1.1933962264150944,0.46788990825688076,0
-1.1726415094339622,0.46788990825688076,0
-1.1518867924528302,0.46788990825688076,0
-1.131132075471698,0.46788990825688076,0
-1.1103773584905658,0.46788990825688076,0
-1.0896226415094339,0.46788990825688076,0
-1.068867924528302,0.46788990825688076,0
-1.0481132075471697,0.46788990825688076,0
-1.0273584905660376,0.46788990825688076,0
-1.0066037735849056,0.46788990825688076,0
-0.9858490566037735,0.46788990825688076,0
-0.9650943396226415,0.46788990825688076,0
-0.9443396226415094,0.46788990825688076,0
-0.9235849056603773,0.46788990825688076,0
-0.9028301886792452,0.46788990825688076,0
-0.8820754716981132,0.46788990825688076,0
-0.8613207547169811,0.46788990825688076,0
-0.840566037735849,0.46788990825688076,0
-0.819811320754717,0.46788990825688076,0
-0.7990566037735849,0.46788990825688076,0
-0.7783018867924528,0.46788990825688076,0
-0.7575471698113208,0.46788990825688076,0
-0.7367924528301887,0.46788990825688076,0
-0.7160377358490566,0.46788990825688076,0
-0.6952830188679245,0.46788990825688076,0
-0.6745283018867925,0.46788990825688076,0
-0.6537735849056603,0.46788990825688076,0
-0.6330188679245283,0.46788990825688076,0
-0.6122641509433961,0.46788990825688076,0
-0.5915094339622642,0.46788990825688076,0
-0.570754716981132,0.46788990825688076,0
-0.55,0.46788990825688076,0
-0.5292452830188679,0.46788990825688076,0
-0.5084905660377359,0.46788990825688076,0
-0.4877358490566037,0.46788990825688076,0
-0.46698113207547176,0.46788990825688076,0
-0.4462264150943396,0.46788990825688076,0
-0.4254716981132076,0.46788990825688076,0
-0.40471698113207544,0.46788990825688076,0
-0.3839622641509435,0.46788990825688076,0
-0.3632075471698113,0.46788990825688076,0
-0.34245283018867934,0.46788990825688076,0
-0.32169811320754715,0.46788990825688076,0
-0.30094339622641497,0.46788990825688076,0
-0.280188679245283,0.46788990825688076,0
-0.25943396226415083,0.46788990825688076,0
-0.23867924528301887,0.46788990825688076,0
-0.2179245283018867,0.46788990825688076,0
-0.19716981132075473,0.46788990825688076,0
-0.17641509433962255,0.46788990825688076,0
-0.1556603773584906,0.46788990825688076,0
-0.1349056603773584,0.46788990825688076,0
-0.11415094339622645,0.46788990825688076,0
-0.09339622641509426,0.46788990825688076,0
-0.0726415094339623,0.46788990825688076,0
-0.05188679245283012,0.46788990825688076,0
-0.031132075471698162,0.46788990825688076,0
-0.01037735849056598,0.46788990825688076,0
0.01037735849056598,0.46788990825688076,0
0.031132075471698162,0.46788990825688076,0
0.05188679245283012,0.46788990825688076,0
0.0726415094339623,0.46788990825688076,0
0.09339622641509426,0.46788990825688076,0
0.11415094339622645,0.46788990825688076,0
0.1349056603773584,0.46788990825688076,0
0.1556603773584906,0.46788990825688076,0
0.17641509433962255,0.46788990825688076,0
0.19716981132075473,0.46788990825688076,0
0.2179245283018867,0.46788990825688076,0
0.23867924528301887,0.46788990825688076,0
0.25943396226415083,0.46788990825688076,0
0.280188679245283,0.46788990825688076,0
0.30094339622641497,0.46788990825688076,0
0.32169811320754715,0.46788990825688076,0
0.34245283018867934,0.46788990825688076,0
0.3632075471698113,0.46788990825688076,1
0.38396226415094326,0.46788990825688076,1
0.40471698113207566,0.46788990825688076,1
0.4254716981132076,0.46788990825688076,1
0.4462264150943396,0.46788990825688076,1
0.46698113207547154,0.46788990825688076,1
0.48773584905660394,0.46788990825688076,1
0.5084905660377359,0.46788990825688076,1
0.5292452830188679,0.46788990825688076,1
0.5499999999999998,0.46788990825688076,1
0.5707547169811322,0.46788990825688076,1
0.5915094339622642,0.46788990825688076,1
0.6122641509433961,0.46788990825688076,1
0.6330188679245281,0.46788990825688076,1
0.6537735849056605,0.46788990825688076,1
0.6745283018867925,0.46788990825688076,1
0.6952830188679244,0.46788990825688076,1
0.7160377358490564,0.46788990825688076,1
0.7367924528301888,0.46788990825688076,1
0.7575471698113208,0.46788990825688076,1
0.7783018867924527,0.46788990825688076,1
0.7990566037735847,0.46788990825688076,1
0.8198113207547171,0.46788990825688076,1
0.840566037735849,0.46788990825688076,1
0.861320754716981,0.46788990825688076,1
0.882075471698113,0.46788990825688076,1
0.9028301886792454,0.46788990825688076,1
0.9235849056603773,0.46788990825688076,1
0.9443396226415093,0.46788990825688076,1
0.9650943396226412,0.46788990825688076,1
0.9858490566037736,0.46788990825688076,1
1.0066037735849056,0.46788990825688076,1
1.0273584905660376,0.46788990825688076,1
1.04811320754717,0.46788990825688076,1
1.068867924528302,0.46788990825688076,1
1.0896226415094339,0.46788990825688076,1
1.1103773584905658,0.46788990825688076,1
1.1311320754716983,0.46788990825688076,1
1.1518867924528302,0.46788990825688076,1
1.1726415094339622,0.46788990825688076,1
1.1933962264150941,0.46788990825688076,1
1.2141509433962265,0.46788990825688076,1
1.2349056603773585,0.46788990825688076,1
1.2556603773584905,0.46788990825688076,1
1.2764150943396224,0.46788990825688076,1
1.2971698113207548,0.46788990825688076,1
1.3179245283018868,0.46788990825688076,1
1.3386792452830187,0.46788990825688076,1
1.3594339622641507,0.46788990825688076,1
1.380188679245283,0.46788990825688076,1
1.400943396226415,0.46788990825688076,1
1.421698113207547,0.46788990825688076,1
1.442452830188679,0.46788990825688076,1
1.4632075471698114,0.46788990825688076,1
1.4839622641509433,0.46788990825688076,1
1.5047169811320753,0.46788990825688076,1
1.5254716981132073,0.46788990825688076,1
1.5462264150943397,0.46788990825688076,1
1.5669811320754716,0.46788990825688076,1
1.5877358490566036,0.46788990825688076,1
1.6084905660377355,0.46788990825688076,1
1.629245283018868,0.46788990825688076,1
1.65,0.46788990825688076,1
-1.65,0.47706422018348627,0
-1.6292452830188677,0.47706422018348627,0
-1.6084905660377358,0.47706422018348627,0
-1.5877358490566036,0.47706422018348627,0
-1.5669811320754716,0.47706422018348627,0
-1.5462264150943394,0.47706422018348627,0
-1.5254716981132075,0.47706422018348627,0
-1.5047169811320753,0.47706422018348627,0
-1.4839622641509433,0.47706422018348627,0
-1.4632075471698112,0.47706422018348627,0
-1.4424528301886792,0.47706422018348627,0
-1.421698113207547,0.47706422018348627,0
-1.400943396226415,0.47706422018348627,0
-1.3801886792452829,0.47706422018348627,0
-1.359433962264151,0.47706422018348627,0
-1.3386792452830187,0.47706422018348627,0
-1.3179245283018868,0.47706422018348627,0
-1.2971698113207546,0.47706422018348627,0
-1.2764150943396226,0.47706422018348627,0
-1.2556603773584905,0.47706422018348627,0
-1.2349056603773585,0.47706422018348627,0
-1.2141509433962263,0.47706422018348627,0
-1.1933962264150944,0.47706422018348627,0
-1.1726415094339622,0.47706422018348627,0
-1.1518867924528302,0.47706422018348627,0
-1.131132075471698,0.47706422018348627,0
-1.1103773584905658,0.47706422018348627,0
-1.0896226415094339,0.47706422018348627,0
-1.068867924528302,0.47706422018348627,0
-1.0481132075471697,0.47706422018348627,0
-1.0273584905660376,0.47706422018348627,0
-1.0066037735849056,0.47706422018348627,0
-0.9858490566037735,0.47706422018348627,0
-0.9650943396226415,0.47706422018348627,0
-0.9443396226415094,0.47706422018348627,0
-0.9235849056603773,0.47706422018348627,0
-0.9028301886792452,0.47706422018348627,0
-0.8820754716981132,0.47706422018348627,0
-0.8613207547169811,0.47706422018348627,0
-0.840566037735849,0.47706422018348627,0
-0.819811320754717,0.47706422018348627,0
-0.7990566037735849,0.47706422018348627,0
-0.7783018867924528,0.47706422018348627,0
-0.7575471698113208,0.47706422018348627,0
-0.7367924528301887,0.47706422018348627,0
-0.7160377358490566,0.47706422018348627,0
-0.6952830188679245,0.47706422018348627,0
-0.6745283018867925,0.47706422018348627,0
-0.6537735849056603,0.47706422018348627,0
-0.6330188679245283,0.47706422018348627,0
-0.6122641509433961,0.47706422018348627,0
-0.5915094339622642,0.47706422018348627,0
-0.570754716981132,0.47706422018348627,0
-0.55,0.47706422018348627,0
-0.5292452830188679,0.47706422018348627,0
-0.5084905660377359,0.47706422018348627,0
-0.4877358490566037,0.47706422018348627,0
-0.46698113207547176,0.47706422018348627,0
-0.4462264150943396,0.47706422018348627,0
-0.4254716981132076,0.47706422018348627,0
-0.40471698113207544,0.47706422018348627,0
-0.3839622641509435,0.47706422018348627,0
-0.3632075471698113,0.47706422018348627,0
-0.34245283018867934,0.47706422018348627,0
-0.32169811320754715,0.47706422018348627,0
-0.30094339622641497,0.47706422018348627,0
-0.280188679245283,0.47706422018348627,0
-0.25943396226415083,0.47706422018348627,0
-0.23867924528301887,0.47706422018348627,0
-0.2179245283018867,0.47706422018348627,0
-0.19716981132075473,0.47706422018348627,0
-0.17641509433962255,0.47706422018348627,0
-0.1556603773584906,0.47706422018348627,0
-0.1349056603773584,0.47706422018348627,0
-0.11415094339622645,0.47706422018348627,0
-0.09339622641509426,0.47706422018348627,0
-0.0726415094339623,0.47706422018348627,0
-0.05188679245283012,0.47706422018348627,0
-0.031132075471698162,0.47706422018348627,0
-0.01037735849056598,0.47706422018348627,0
0.01037735849056598,0.47706422018348627,0
0.031132075471698162,0.47706422018348627,0
0.05188679245283012,0.47706422018348627,0
0.0726415094339623,0.47706422018348627,0
0.09339622641509426,0.47706422018348627,0
0.11415094339622645,0.47706422018348627,0
0.1349056603773584,0.47706422018348627,0
0.1556603773584906,0.47706422018348627,0
0.17641509433962255,0.47706422018348627,0
0.19716981132075473,0.47706422018348627,0
0.2179245283018867,0.47706422018348627,0
0.23867924528301887,0.47706422018348627,0
0.25943396226415083,0.47706422018348627,0
0.280188679245283,0.47706422018348627,0
0.30094339622641497,0.47706422018348627,0
0.32169811320754715,0.47706422018348627,0
0.34245283018867934,0.47706422018348627,0
0.3632075471698113,0.47706422018348627,1
0.38396226415094326,0.47706422018348627,1
0.40471698113207566,0.47706422018348627,1
0.4254716981132076,0.47706422018348627,1
0.4462264150943396,0.47706422018348627,1
0.46698113207547154,0.47706422018348627,1
0.48773584905660394,0.47706422018348627,1
0.5084905660377359,0.47706422018348627,1
0.5292452830188679,0.47706422018348627,1
0.5499999999999998,0.47706422018348627,1
0.5707547169811322,0.47706422018348627,1
0.5915094339622642,0.47706422018348627,1
0.6122641509433961,0.47706422018348627,1
0.6330188679245281,0.47706422018348627,1
0.6537735849056605,0.47706422018348627,1
0.6745283018867925,0.47706422018348627,1
0.6952830188679244,0.47706422018348627,1
0.7160377358490564,0.47706422018348627,1
0.7367924528301888,0.47706422018348627,1
0.7575471698113208,0.47706422018348627,1
0.7783018867924527,0.47706422018348627,1
0.7990566037735847,0.47706422018348627,1
0.8198113207547171,0.47706422018348627,1
0.840566037735849,0.47706422018348627,1
0.861320754716981,0.47706422018348627,1
0.882075471698113,0.47706422018348627,1
0.9028301886792454,0.47706422018348627,1
0.9235849056603773,0.47706422018348627,1
0.9443396226415093,0.47706422018348627,1
0.9650943396226412,0.47706422018348627,1
0.9858490566037736,0.47706422018348627,1
1.0066037735849056,0.47706422018348627,1
1.0273584905660376,0.47706422018348627,1
1.04811320754717,0.47706422018348627,1
1.068867924528302,0.47706422018348627,1
1.0896226415094339,0.47706422018348627,1
1.1103773584905658,0.47706422018348627,1
1.1311320754716983,0.47706422018348627,1
1.1518867924528302,0.47706422018348627,1
1.1726415094339622,0.47706422018348627,1
1.1933962264150941,0.47706422018348627,1
1.2141509433962265,0.47706422018348627,1
1.2349056603773585,0.47706422018348627,1
1.2556603773584905,0.47706422018348627,1
1.2764150943396224,0.47706422018348627,1
1.2971698113207548,0.47706422018348627,1
1.3179245283018868,0.47706422018348627,1
1.3386792452830187,0.47706422018348627,1
1.3594339622641507,0.47706422018348627,1
1.380188679245283,0.47706422018348627,1
1.400943396226415,0.47706422018348627,1
1.421698113207547,0.47706422018348627,1
1.442452830188679,0.47706422018348627,1
1.4632075471698114,0.47706422018348627,1
1.4839622641509433,0.47706422018348627,1
1.5047169811320753,0.47706422018348627,1
1.5254716981132073,0.47706422018348627,1
1.5462264150943397,0.47706422018348627,1
1.5669811320754716,0.47706422018348627,1
1.5877358490566036,0.47706422018348627,1
1.6084905660377355,0.47706422018348627,1
1.629245283018868,0.47706422018348627,1
1.65,0.47706422018348627,1
-1.65,0.48623853211009177,0
-1.6292452830188677,0.48623853211009177,0
-1.6084905660377358,0.48623853211009177,0
-1.5877358490566036,0.48623853211009177,0
-1.5669811320754716,0.48623853211009177,0
-1.5462264150943394,0.48623853211009177,0
-1.5254716981132075,0.48623853211009177,0
-1.5047169811320753,0.48623853211009177,0
-1.4839622641509433,0.48623853211009177,0
-1.4632075471698112,0.48623853211009177,0
-1.4424528301886792,0.48623853211009177,0
-1.421698113207547,0.48623853211009177,0
-1.400943396226415,0.48623853211009177,0
-1.3801886792452829,0.48623853211009177,0
-1.359433962264151,0.48623853211009177,0
-1.3386792452830187,0.48623853211009177,0
-1.3179245283018868,0.48623853211009177,0
-1.2971698113207546,0.48623853211009177,0
-1.2764150943396226,0.48623853211009177,0
-1.2556603773584905,0.48623853211009177,0
-1.2349056603773585,0.48623853211009177,0
-1.2141509433962263,0.48623853211009177,0
-1.1933962264150944,0.48623853211009177,0
-1.1726415094339622,0.48623853211009177,0
-1.1518867924528302,0.48623853211009177,0
-1.131132075471698,0.48623853211009177,0
-1.1103773584905658,0.48623853211009177,0
-1.0896226415094339,0.48623853211009177,0
-1.068867924528302,0.48623853211009177,0
-1.0481132075471697,0.48623853211009177,0
-1.0273584905660376,0.48623853211009177,0
-1.0066037735849056,0.48623853211009177,0
-0.9858490566037735,0.48623853211009177,0
-0.9650943396226415,0.48623853211009177,0
-0.9443396226415094,0.48623853211009177,0
-0.9235849056603773,0.48623853211009177,0
-0.9028301886792452,0.48623853211009177,0
-0.8820754716981132,0.48623853211009177,0
-0.8613207547169811,0.48623853211009177,0
-0.840566037735849,0.48623853211009177,0
-0.819811320754717,0.48623853211009177,0
-0.7990566037735849,0.48623853211009177,0
-0.7783018867924528,0.48623853211009177,0
-0.7575471698113208,0.48623853211009177,0
-0.7367924528301887,0.48623853211009177,0
-0.7160377358490566,0.48623853211009177,0
-0.6952830188679245,0.48623853211009177,0
-0.6745283018867925,0.48623853211009177,0
-0.6537735849056603,0.48623853211009177,0
-0.6330188679245283,0.48623853211009177,0
-0.6122641509433961,0.48623853211009177,0
-0.5915094339622642,0.48623853211009177,0
-0.570754716981132,0.48623853211009177,0
-0.55,0.48623853211009177,0
-0.5292452830188679,0.48623853211009177,0
-0.5084905660377359,0.48623853211009177,0
-0.4877358490566037,0.48623853211009177,0
-0.46698113207547176,0.48623853211009177,0
-0.4462264150943396,0.48623853211009177,0
-0.4254716981132076,0.48623853211009177,0
-0.40471698113207544,0.48623853211009177,0
-0.3839622641509435,0.48623853211009177,0
-0.3632075471698113,0.48623853211009177,0
-0.34245283018867934,0.48623853211009177,0
-0.32169811320754715,0.48623853211009177,0
-0.30094339622641497,0.48623853211009177,0
-0.280188679245283,0.48623853211009177,0
-0.25943396226415083,0.48623853211009177,0
-0.23867924528301887,0.48623853211009177,0
-0.2179245283018867,0.48623853211009177,0
-0.19716981132075473,0.48623853211009177,0
-0.17641509433962255,0.48623853211009177,0
-0.1556603773584906,0.48623853211009177,0
-0.1349056603773584,0.48623853211009177,0
-0.11415094339622645,0.48623853211009177,0
-0.09339622641509426,0.48623853211009177,0
-0.0726415094339623,0.48623853211009177,0
-0.05188679245283012,0.48623853211009177,0
-0.031132075471698162,0.48623853211009177,0
-0.01037735849056598,0.48623853211009177,0
0.01037735849056598,0.48623853211009177,0
0.031132075471698162,0.48623853211009177,0
0.05188679245283012,0.48623853211009177,0
0.0726415094339623,0.48623853211009177,0
0.09339622641509426,0.48623853211009177,0
0.11415094339622645,0.48623853211009177,0
0.1349056603773584,0.48623853211009177,0
0.1556603773584906,0.48623853211009177,0
0.17641509433962255,0.48623853211009177,0
0.19716981132075473,0.48623853211009177,0
0.2179245283018867,0.48623853211009177,0
0.23867924528301887,0.48623853211009177,0
0.25943396226415083,0.48623853211009177,0
0.280188679245283,0.48623853211009177,0
0.30094339622641497,0.48623853211009177,0
0.32169811320754715,0.48623853211009177,0
0.34245283018867934,0.48623853211009177,0
0.3632075471698113,0.48623853211009177,1
0.38396226415094326,0.48623853211009177,1
0.40471698113207566,0.48623853211009177,1
0.4254716981132076,0.48623853211009177,1
0.4462264150943396,0.48623853211009177,1
0.46698113207547154,0.48623853211009177,1
0.48773584905660394,0.48623853211009177,1
0.5084905660377359,0.48623853211009177,1
0.5292452830188679,0.48623853211009177,1
0.5499999999999998,0.48623853211009177,1
0.5707547169811322,0.48623853211009177,1
0.5915094339622642,0.48623853211009177,1
0.6122641509433961,0.48623853211009177,1
0.6330188679245281,0.48623853211009177,1
0.6537735849056605,0.48623853211009177,1
0.6745283018867925,0.48623853211009177,1
0.6952830188679244,0.48623853211009177,1
0.7160377358490564,0.48623853211009177,1
0.7367924528301888,0.48623853211009177,1
0.7575471698113208,0.48623853211009177,1
0.7783018867924527,0.48623853211009177,1
0.7990566037735847,0.48623853211009177,1
0.8198113207547171,0.48623853211009177,1
0.840566037735849,0.48623853211009177,1
0.861320754716981,0.48623853211009177,1
0.882075471698113,0.48623853211009177,1
0.9028301886792454,0.48623853211009177,1
0.9235849056603773,0.48623853211009177,1
0.9443396226415093,0.48623853211009177,1
0.9650943396226412,0.48623853211009177,1
0.9858490566037736,0.48623853211009177,1
1.0066037735849056,0.48623853211009177,1
1.0273584905660376,0.48623853211009177,1
1.04811320754717,0.48623853211009177,1
1.068867924528302,0.48623853211009177,1
1.0896226415094339,0.48623853211009177,1
1.1103773584905658,0.48623853211009177,1
1.1311320754716983,0.48623853211009177,1
1.1518867924528302,0.48623853211009177,1
1.1726415094339622,0.48623853211009177,1
1.1933962264150941,0.48623853211009177,1
1.2141509433962265,0.48623853211009177,1
1.2349056603773585,0.48623853211009177,1
1.2556603773584905,0.48623853211009177,1
1.2764150943396224,0.48623853211009177,1
1.2971698113207548,0.48623853211009177,1
1.3179245283018868,0.48623853211009177,1
1.3386792452830187,0.48623853211009177,1
1.3594339622641507,0.48623853211009177,1
1.380188679245283,0.48623853211009177,1
1.400943396226415,0.48623853211009177,1
1.421698113207547,0.48623853211009177,1
1.442452830188679,0.48623853211009177,1
1.4632075471698114,0.48623853211009177,1
1.4839622641509433,0.48623853211009177,1
1.5047169811320753,0.48623853211009177,1
1.5254716981132073,0.48623853211009177,1
1.5462264150943397,0.48623853211009177,1
1.5669811320754716,0.48623853211009177,1
1.5877358490566036,0.48623853211009177,1
1.6084905660377355,0.48623853211009177,1
1.629245283018868,0.48623853211009177,1
1.65,0.48623853211009177,1
-1.65,0.4954128440366973,0
-1.6292452830188677,0.4954128440366973,0
-1.6084905660377358,0.4954128440366973,0
-1.5877358490566036,0.4954128440366973,0
-1.5669811320754716,0.4954128440366973,0
-1.5462264150943394,0.4954128440366973,0
-1.5254716981132075,0.4954128440366973,0
-1.5047169811320753,0.4954128440366973,0
-1.4839622641509433,0.4954128440366973,0
-1.4632075471698112,0.4954128440366973,0
-1.4424528301886792,0.4954128440366973,0
-1.421698113207547,0.4954128440366973,0
-1.400943396226415,0.4954128440366973,0
-1.3801886792452829,0.4954128440366973,0
-1.359433962264151,0.4954128440366973,0
-1.3386792452830187,0.4954128440366973,0
-1.3179245283018868,0.4954128440366973,0
-1.2971698113207546,0.4954128440366973,0
-1.2764150943396226,0.4954128440366973,0
-1.2556603773584905,0.4954128440366973,0
-1.2349056603773585,0.4954128440366973,0
-1.2141509433962263,0.4954128440366973,0
-1.1933962264150944,0.4954128440366973,0
-1.1726415094339622,0.4954128440366973,0
-1.1518867924528302,0.4954128440366973,0
-1.131132075471698,0.4954128440366973,0
-1.1103773584905658,0.4954128440366973,0
-1.0896226415094339,0.4954128440366973,0
-1.068867924528302,0.4954128440366973,0
-1.0481132075471697,0.4954128440366973,0
-1.0273584905660376,0.4954128440366973,0
-1.0066037735849056,0.4954128440366973,0
-0.9858490566037735,0.4954128440366973,0
-0.9650943396226415,0.4954128440366973,0
-0.9443396226415094,0.4954128440366973,0
-0.9235849056603773,0.4954128440366973,0
-0.9028301886792452,0.4954128440366973,0
-0.8820754716981132,0.4954128440366973,0
-0.8613207547169811,0.4954128440366973,0
-0.840566037735849,0.4954128440366973,0
-0.819811320754717,0.4954128440366973,0
-0.7990566037735849,0.4954128440366973,0
-0.7783018867924528,0.4954128440366973,0
-0.7575471698113208,0.4954128440366973,0
-0.7367924528301887,0.4954128440366973,0
-0.7160377358490566,0.4954128440366973,0
-0.6952830188679245,0.4954128440366973,0
-0.6745283018867925,0.4954128440366973,0
-0.6537735849056603,0.4954128440366973,0
-0.6330188679245283,0.4954128440366973,0
-0.6122641509433961,0.4954128440366973,0
-0.5915094339622642,0.4954128440366973,0
-0.570754716981132,0.4954128440366973,0
-0.55,0.4954128440366973,0
-0.5292452830188679,0.4954128440366973,0
-0.5084905660377359,0.4954128440366973,0
-0.4877358490566037,0.4954128440366973,0
-0.46698113207547176,0.4954128440366973,0
-0.4462264150943396,0.4954128440366973,0
-0.4254716981132076,0.4954128440366973,0
-0.40471698113207544,0.4954128440366973,0
-0.3839622641509435,0.4954128440366973,0
-0.3632075471698113,0.4954128440366973,0
-0.34245283018867934,0.4954128440366973,0
-0.32169811320754715,0.4954128440366973,0
-0.30094339622641497,0.4954128440366973,0
-0.280188679245283,0.4954128440366973,0
-0.25943396226415083,0.4954128440366973,0
-0.23867924528301887,0.4954128440366973,0
-0.2179245283018867,0.4954128440366973,0
-0.19716981132075473,0.4954128440366973,0
-0.17641509433962255,0.4954128440366973,0
-0.1556603773584906,0.4954128440366973,0
-0.1349056603773584,0.4954128440366973,0
-0.11415094339622645,0.4954128440366973,0
-0.09339622641509426,0.4954128440366973,0
-0.0726415094339623,0.4954128440366973,0
-0.05188679245283012,0.4954128440366973,0
-0.031132075471698162,0.4954128440366973,0
-0.01037735849056598,0.4954128440366973,0
0.01037735849056598,0.4954128440366973,0
0.031132075471698162,0.4954128440366973,0
0.05188679245283012,0.4954128440366973,0
0.0726415094339623,0.4954128440366973,0
0.09339622641509426,0.4954128440366973,0
0.11415094339622645,0.4954128440366973,0
0.1349056603773584,0.4954128440366973,0
0.1556603773584906,0.4954128440366973,0
0.17641509433962255,0.4954128440366973,0
0.19716981132075473,0.4954128440366973,0
0.2179245283018867,0.4954128440366973,0
0.23867924528301887,0.4954128440366973,0
0.25943396226415083,0.4954128440366973,0
0.280188679245283,0.4954128440366973,0
0.30094339622641497,0.4954128440366973,0
0.32169811320754715,0.4954128440366973,0
0.34245283018867934,0.4954128440366973,0
0.3632075471698113,0.4954128440366973,1
0.38396226415094326,0.4954128440366973,1
0.40471698113207566,0.4954128440366973,1
0.4254716981132076,0.4954128440366973,1
0.4462264150943396,0.4954128440366973,1
0.46698113207547154,0.4954128440366973,1
0.48773584905660394,0.4954128440366973,1
0.5084905660377359,0.4954128440366973,1
0.5292452830188679,0.4954128440366973,1
0.5499999999999998,0.4954128440366973,1
0.5707547169811322,0.4954128440366973,1
0.5915094339622642,0.4954128440366973,1
0.6122641509433961,0.4954128440366973,1
0.6330188679245281,0.4954128440366973,1
0.6537735849056605,0.4954128440366973,1
0.6745283018867925,0.4954128440366973,1
0.6952830188679244,0.4954128440366973,1
0.7160377358490564,0.4954128440366973,1
0.7367924528301888,0.4954128440366973,1
0.7575471698113208,0.4954128440366973,1
0.7783018867924527,0.4954128440366973,1
0.7990566037735847,0.4954128440366973,1
0.8198113207547171,0.4954128440366973,1
0.840566037735849,0.4954128440366973,1
0.861320754716981,0.4954128440366973,1
0.882075471698113,0.4954128440366973,1
0.9028301886792454,0.4954128440366973,1
0.9235849056603773,0.4954128440366973,1
0.9443396226415093,0.4954128440366973,1
0.9650943396226412,0.4954128440366973,1
0.9858490566037736,0.4954128440366973,1
1.0066037735849056,0.4954128440366973,1
1.0273584905660376,0.4954128440366973,1
1.04811320754717,0.4954128440366973,1
1.068867924528302,0.4954128440366973,1
1.0896226415094339,0.4954128440366973,1
1.1103773584905658,0.4954128440366973,1
1.1311320754716983,0.4954128440366973,1
1.1518867924528302,0.4954128440366973,1
1.1726415094339622,0.4954128440366973,1
1.1933962264150941,0.4954128440366973,1
1.2141509433962265,0.4954128440366973,1
1.2349056603773585,0.4954128440366973,1
1.2556603773584905,0.4954128440366973,1
1.2764150943396224,0.4954128440366973,1
1.2971698113207548,0.4954128440366973,1
1.3179245283018868,0.4954128440366973,1
1.3386792452830187,0.4954128440366973,1
1.3594339622641507,0.4954128440366973,1
1.380188679245283,0.4954128440366973,1
1.400943396226415,0.4954128440366973,1
1.421698113207547,0.4954128440366973,1
1.442452830188679,0.4954128440366973,1
1.4632075471698114,0.4954128440366973,1
1.4839622641509433,0.4954128440366973,1
1.5047169811320753,0.4954128440366973,1
1.5254716981132073,0.4954128440366973,1
1.5462264150943397,0.4954128440366973,1
1.5669811320754716,0.4954128440366973,1
1.5877358490566036,0.4954128440366973,1
1.6084905660377355,0.4954128440366973,1
1.629245283018868,0.4954128440366973,1
1.65,0.4954128440366973,1
-1.65,0.5045871559633028,0
-1.6292452830188677,0.5045871559633028,0
-1.6084905660377358,0.5045871559633028,0
-1.5877358490566036,0.5045871559633028,0
-1.5669811320754716,0.5045871559633028,0
-1.5462264150943394,0.5045871559633028,0
-1.5254716981132075,0.5045871559633028,0
-1.5047169811320753,0.5045871559633028,0
-1.4839622641509433,0.5045871559633028,0
-1.4632075471698112,0.5045871559633028,0
-1.4424528301886792,0.5045871559633028,0
-1.421698113207547,0.5045871559633028,0
-1.400943396226415,0.5045871559633028,0
-1.3801886792452829,0.5045871559633028,0
-1.359433962264151,0.5045871559633028,0
-1.3386792452830187,0.5045871559633028,0
-1.3179245283018868,0.5045871559633028,0
-1.2971698113207546,0.5045871559633028,0
-1.2764150943396226,0.5045871559633028,0
-1.2556603773584905,0.5045871559633028,0
-1.2349056603773585,0.5045871559633028,0
-1.2141509433962263,0.5045871559633028,0
-1.1933962264150944,0.5045871559633028,0
-1.1726415094339622,0.5045871559633028,0
-1.1518867924528302,0.5045871559633028,0
-1.131132075471698,0.5045871559633028,0
-1.1103773584905658,0.5045871559633028,0
-1.0896226415094339,0.5045871559633028,0
-1.068867924528302,0.5045871559633028,0
-1.0481132075471697,0.5045871559633028,0
-1.0273584905660376,0.5045871559633028,0
-1.0066037735849056,0.5045871559633028,0
-0.9858490566037735,0.5045871559633028,0
-0.9650943396226415,0.5045871559633028,0
-0.9443396226415094,0.5045871559633028,0
-0.9235849056603773,0.5045871559633028,0
-0.9028301886792452,0.5045871559633028,0
-0.8820754716981132,0.5045871559633028,0
-0.8613207547169811,0.5045871559633028,0
-0.840566037735849,0.5045871559633028,0
-0.819811320754717,0.5045871559633028,0
-0.7990566037735849,0.5045871559633028,0
-0.7783018867924528,0.5045871559633028,0
-0.7575471698113208,0.5045871559633028,0
-0.7367924528301887,0.5045871559633028,0
-0.7160377358490566,0.5045871559633028,0
-0.6952830188679245,0.5045871559633028,0
-0.6745283018867925,0.5045871559633028,0
-0.6537735849056603,0.5045871559633028,0
-0.6330188679245283,0.5045871559633028,0
-0.6122641509433961,0.5045871559633028,0
-0.5915094339622642,0.5045871559633028,0
-0.570754716981132,0.5045871559633028,0
-0.55,0.5045871559633028,0
-0.5292452830188679,0.5045871559633028,0
-0.5084905660377359,0.5045871559633028,0
-0.4877358490566037,0.5045871559633028,0
-0.46698113207547176,0.5045871559633028,0
-0.4462264150943396,0.5045871559633028,0
-0.4254716981132076,0.5045871559633028,0
-0.40471698113207544,0.5045871559633028,0
-0.3839622641509435,0.5045871559633028,0
-0.3632075471698113,0.5045871559633028,0
-0.34245283018867934,0.5045871559633028,0
-0.32169811320754715,0.5045871559633028,0
-0.30094339622641497,0.5045871559633028,0
-0.280188679245283,0.5045871559633028,0
-0.25943396226415083,0.5045871559633028,0
-0.23867924528301887,0.5045871559633028,0
-0.2179245283018867,0.5045871559633028,0
-0.19716981132075473,0.5045871559633028,0
-0.17641509433962255,0.5045871559633028,0
-0.1556603773584906,0.5045871559633028,0
-0.1349056603773584,0.5045871559633028,0
-0.11415094339622645,0.5045871559633028,0
-0.09339622641509426,0.5045871559633028,0
-0.0726415094339623,0.5045871559633028,0
-0.05188679245283012,0.5045871559633028,0
-0.031132075471698162,0.5045871559633028,0
-0.01037735849056598,0.5045871559633028,0
0.01037735849056598,0.5045871559633028,0
0.031132075471698162,0.5045871559633028,0
0.05188679245283012,0.5045871559633028,0
0.0726415094339623,0.5045871559633028,0
0.09339622641509426,0.5045871559633028,0
0.11415094339622645,0.5045871559633028,0
0.1349056603773584,0.5045871559633028,0
0.1556603773584906,0.5045871559633028,0
0.17641509433962255,0.5045871559633028,0
0.19716981132075473,0.5045871559633028,0
0.2179245283018867,0.5045871559633028,0
0.23867924528301887,0.5045871559633028,0
0.25943396226415083,0.5045871559633028,0
0.280188679245283,0.5045871559633028,0
0.30094339622641497,0.5045871559633028,0
0.32169811320754715,0.5045871559633028,0
0.34245283018867934,0.5045871559633028,0
0.3632075471698113,0.5045871559633028,0
0.38396226415094326,0.5045871559633028,1
0.40471698113207566,0.5045871559633028,1
0.4254716981132076,0.5045871559633028,1
0.4462264150943396,0.5045871559633028,1
0.46698113207547154,0.5045871559633028,1
0.48773584905660394,0.5045871559633028,1
0.5084905660377359,0.5045871559633028,1
0.5292452830188679,0.5045871559633028,1
0.5499999999999998,0.5045871559633028,1
0.5707547169811322,0.5045871559633028,1
0.5915094339622642,0.5045871559633028,1
0.6122641509433961,0.5045871559633028,1
0.6330188679245281,0.5045871559633028,1
0.6537735849056605,0.5045871559633028,1
0.6745283018867925,0.5045871559633028,1
0.6952830188679244,0.5045871559633028,1
0.7160377358490564,0.5045871559633028,1
0.7367924528301888,0.5045871559633028,1
0.7575471698113208,0.5045871559633028,1
0.7783018867924527,0.5045871559633028,1
0.7990566037735847,0.5045871559633028,1
0.8198113207547171,0.5045871559633028,1
0.840566037735849,0.5045871559633028,1
0.861320754716981,0.5045871559633028,1
0.882075471698113,0.5045871559633028,1
0.9028301886792454,0.5045871559633028,1
0.9235849056603773,0.5045871559633028,1
0.9443396226415093,0.5045871559633028,1
0.9650943396226412,0.5045871559633028,1
0.9858490566037736,0.5045871559633028,1
1.0066037735849056,0.5045871559633028,1
1.0273584905660376,0.5045871559633028,1
1.04811320754717,0.5045871559633028,1
1.068867924528302,0.5045871559633028,1
1.0896226415094339,0.5045871559633028,1
1.1103773584905658,0.5045871559633028,1
1.1311320754716983,0.5045871559633028,1
1.1518867924528302,0.5045871559633028,1
1.1726415094339622,0.5045871559633028,1
1.1933962264150941,0.5045871559633028,1
1.2141509433962265,0.5045871559633028,1
1.2349056603773585,0.5045871559633028,1
1.2556603773584905,0.5045871559633028,1
1.2764150943396224,0.5045871559633028,1
1.2971698113207548,0.5045871559633028,1
1.3179245283018868,0.5045871559633028,1
1.3386792452830187,0.5045871559633028,1
1.3594339622641507,0.5045871559633028,1
1.380188679245283,0.5045871559633028,1
1.400943396226415,0.5045871559633028,1
1.421698113207547,0.5045871559633028,1
1.442452830188679,0.5045871559633028,1
1.4632075471698114,0.5045871559633028,1
1.4839622641509433,0.5045871559633028,1
1.5047169811320753,0.5045871559633028,1
1.5254716981132073,0.5045871559633028,1
1.5462264150943397,0.5045871559633028,1
1.5669811320754716,0.5045871559633028,1
1.5877358490566036,0.5045871559633028,1
1.6084905660377355,0.5045871559633028,1
1.629245283018868,0.5045871559633028,1
1.65,0.5045871559633028,1
-1.65,0.5137614678899083,0
-1.6292452830188677,0.5137614678899083,0
-1.6084905660377358,0.5137614678899083,0
-1.5877358490566036,0.5137614678899083,0
-1.5669811320754716,0.5137614678899083,0
-1.5462264150943394,0.5137614678899083,0
-1.5254716981132075,0.5137614678899083,0
-1.5047169811320753,0.5137614678899083,0
-1.4839622641509433,0.5137614678899083,0
-1.4632075471698112,0.5137614678899083,0
-1.4424528301886792,0.5137614678899083,0
-1.421698113207547,0.5137614678899083,0
-1.400943396226415,0.5137614678899083,0
-1.3801886792452829,0.5137614678899083,0
-1.359433962264151,0.5137614678899083,0
-1.3386792452830187,0.5137614678899083,0
-1.3179245283018868,0.5137614678899083,0
-1.2971698113207546,0.5137614678899083,0
-1.2764150943396226,0.5137614678899083,0
-1.2556603773584905,0.5137614678899083,0
-1.2349056603773585,0.5137614678899083,0
-1.2141509433962263,0.5137614678899083,0
-1.1933962264150944,0.5137614678899083,0
-1.1726415094339622,0.5137614678899083,0
-1.1518867924528302,0.5137614678899083,0
-1.131132075471698,0.5137614678899083,0
-1.1103773584905658,0.5137614678899083,0
-1.0896226415094339,0.5137614678899083,0
-1.068867924528302,0.5137614678899083,0
-1.0481132075471697,0.5137614678899083,0
-1.0273584905660376,0.5137614678899083,0
-1.0066037735849056,0.5137614678899083,0
-0.9858490566037735,0.5137614678899083,0
-0.9650943396226415,0.5137614678899083,0
-0.9443396226415094,0.5137614678899083,0
-0.9235849056603773,0.5137614678899083,0
-0.9028301886792452,0.5137614678899083,0
-0.8820754716981132,0.5137614678899083,0
-0.8613207547169811,0.5137614678899083,0
-0.840566037735849,0.5137614678899083,0
-0.819811320754717,0.5137614678899083,0
-0.7990566037735849,0.5137614678899083,0
-0.7783018867924528,0.5137614678899083,0
-0.7575471698113208,0.5137614678899083,0
-0.7367924528301887,0.5137614678899083,0
-0.7160377358490566,0.5137614678899083,0
-0.6952830188679245,0.5137614678899083,0
-0.6745283018867925,0.5137614678899083,0
-0.6537735849056603,0.5137614678899083,0
-0.6330188679245283,0.5137614678899083,0
-0.6122641509433961,0.5137614678899083,0
-0.5915094339622642,0.5137614678899083,0
-0.570754716981132,0.5137614678899083,0
-0.55,0.5137614678899083,0
-0.5292452830188679,0.5137614678899083,0
-0.5084905660377359,0.5137614678899083,0
-0.4877358490566037,0.5137614678899083,0
-0.46698113207547176,0.5137614678899083,0
-0.4462264150943396,0.5137614678899083,0
-0.4254716981132076,0.5137614678899083,0
-0.40471698113207544,0.5137614678899083,0
-0.3839622641509435,0.5137614678899083,0
-0.3632075471698113,0.5137614678899083,0
-0.34245283018867934,0.5137614678899083,0
-0.32169811320754715,0.5137614678899083,0
-0.30094339622641497,0.5137614678899083,0
-0.280188679245283,0.5137614678899083,0
-0.25943396226415083,0.5137614678899083,0
-0.23867924528301887,0.5137614678899083,0
-0.2179245283018867,0.5137614678899083,0
-0.19716981132075473,0.5137614678899083,0
-0.17641509433962255,0.5137614678899083,0
-0.1556603773584906,0.5137614678899083,0
-0.1349056603773584,0.5137614678899083,0
-0.11415094339622645,0.5137614678899083,0
-0.09339622641509426,0.5137614678899083,0
-0.0726415094339623,0.5137614678899083,0
-0.05188679245283012,0.5137614678899083,0
-0.031132075471698162,0.5137614678899083,0
-0.01037735849056598,0.5137614678899083,0
0.01037735849056598,0.5137614678899083,0
0.031132075471698162,0.5137614678899083,0
0.05188679245283012,0.5137614678899083,0
0.0726415094339623,0.5137614678899083,0
0.09339622641509426,0.5137614678899083,0
0.11415094339622645,0.5137614678899083,0
0.1349056603773584,0.5137614678899083,0
0.1556603773584906,0.5137614678899083,0
0.17641509433962255,0.5137614678899083,0
0.19716981132075473,0.5137614678899083,0
0.2179245283018867,0.5137614678899083,0
0.23867924528301887,0.5137614678899083,0
0.25943396226415083,0.5137614678899083,0
0.280188679245283,0.5137614678899083,0
0.30094339622641497,0.5137614678899083,0
0.32169811320754715,0.5137614678899083,0
0.34245283018867934,0.5137614678899083,0
0.3632075471698113,0.5137614678899083,0
0.38396226415094326,0.5137614678899083,1
0.40471698113207566,0.5137614678899083,1
0.4254716981132076,0.5137614678899083,1
0.4462264150943396,0.5137614678899083,1
0.46698113207547154,0.5137614678899083,1
0.48773584905660394,0.5137614678899083,1
0.5084905660377359,0.5137614678899083,1
0.5292452830188679,0.5137614678899083,1
0.5499999999999998,0.5137614678899083,1
0.5707547169811322,0.5137614678899083,1
0.5915094339622642,0.5137614678899083,1
0.6122641509433961,0.5137614678899083,1
0.6330188679245281,0.5137614678899083,1
0.6537735849056605,0.5137614678899083,1
0.6745283018867925,0.5137614678899083,1
0.6952830188679244,0.5137614678899083,1
0.7160377358490564,0.5137614678899083,1
0.7367924528301888,0.5137614678899083,1
0.7575471698113208,0.5137614678899083,1
0.7783018867924527,0.5137614678899083,1
0.7990566037735847,0.5137614678899083,1
0.8198113207547171,0.5137614678899083,1
0.840566037735849,0.5137614678899083,1
0.861320754716981,0.5137614678899083,1
0.882075471698113,0.5137614678899083,1
0.9028301886792454,0.5137614678899083,1
0.9235849056603773,0.5137614678899083,1
0.9443396226415093,0.5137614678899083,1
0.9650943396226412,0.5137614678899083,1
0.9858490566037736,0.5137614678899083,1
1.0066037735849056,0.5137614678899083,1
1.0273584905660376,0.5137614678899083,1
1.04811320754717,0.5137614678899083,1
1.068867924528302,0.5137614678899083,1
1.0896226415094339,0.5137614678899083,1
1.1103773584905658,0.5137614678899083,1
1.1311320754716983,0.5137614678899083,1
1.1518867924528302,0.5137614678899083,1
1.1726415094339622,0.5137614678899083,1
1.1933962264150941,0.5137614678899083,1
1.2141509433962265,0.5137614678899083,1
1.2349056603773585,0.5137614678899083,1
1.2556603773584905,0.5137614678899083,1
1.2764150943396224,0.5137614678899083,1
1.2971698113207548,0.5137614678899083,1
1.3179245283018868,0.5137614678899083,1
1.3386792452830187,0.5137614678899083,1
1.3594339622641507,0.5137614678899083,1
1.380188679245283,0.5137614678899083,1
1.400943396226415,0.5137614678899083,1
1.421698113207547,0.5137614678899083,1
1.442452830188679,0.5137614678899083,1
1.4632075471698114,0.5137614678899083,1
1.4839622641509433,0.5137614678899083,1
1.5047169811320753,0.5137614678899083,1
1.5254716981132073,0.5137614678899083,1
1.5462264150943397,0.5137614678899083,1
1.5669811320754716,0.5137614678899083,1
1.5877358490566036,0.5137614678899083,1
1.6084905660377355,0.5137614678899083,1
1.629245283018868,0.5137614678899083,1
1.65,0.5137614678899083,1
-1.65,0.5229357798165137,0
-1.6292452830188677,0.5229357798165137,0
-1.6084905660377358,0.5229357798165137,0
-1.5877358490566036,0.5229357798165137,0
-1.5669811320754716,0.5229357798165137,0
-1.5462264150943394,0.5229357798165137,0
-1.5254716981132075,0.5229357798165137,0
-1.5047169811320753,0.5229357798165137,0
-1.4839622641509433,0.5229357798165137,0
-1.4632075471698112,0.5229357798165137,0
-1.4424528301886792,0.5229357798165137,0
-1.421698113207547,0.5229357798165137,0
-1.400943396226415,0.5229357798165137,0
-1.3801886792452829,0.5229357798165137,0
-1.359433962264151,0.5229357798165137,0
-1.3386792452830187,0.5229357798165137,0
-1.3179245283018868,0.5229357798165137,0
-1.2971698113207546,0.5229357798165137,0
-1.2764150943396226,0.5229357798165137,0
-1.2556603773584905,0.5229357798165137,0
-1.2349056603773585,0.5229357798165137,0
-1.2141509433962263,0.5229357798165137,0
-1.1933962264150944,0.5229357798165137,0
-1.1726415094339622,0.5229357798165137,0
-1.1518867924528302,0.5229357798165137,0
-1.131132075471698,0.5229357798165137,0
-1.1103773584905658,0.5229357798165137,0
-1.0896226415094339,0.5229357798165137,0
-1.068867924528302,0.5229357798165137,0
-1.0481132075471697,0.5229357798165137,0
-1.0273584905660376,0.5229357798165137,0
-1.0066037735849056,0.5229357798165137,0
-0.9858490566037735,0.5229357798165137,0
-0.9650943396226415,0.5229357798165137,0
-0.9443396226415094,0.5229357798165137,0
-0.9235849056603773,0.5229357798165137,0
-0.9028301886792452,0.5229357798165137,0
-0.8820754716981132,0.5229357798165137,0
-0.8613207547169811,0.5229357798165137,0
-0.840566037735849,0.5229357798165137,0
-0.819811320754717,0.5229357798165137,0
-0.7990566037735849,0.5229357798165137,0
-0.7783018867924528,0.5229357798165137,0
-0.7575471698113208,0.5229357798165137,0
-0.7367924528301887,0.5229357798165137,0
-0.7160377358490566,0.5229357798165137,0
-0.6952830188679245,0.5229357798165137,0
-0.6745283018867925,0.5229357798165137,0
-0.6537735849056603,0.5229357798165137,0
-0.6330188679245283,0.5229357798165137,0
-0.6122641509433961,0.5229357798165137,0
-0.5915094339622642,0.5229357798165137,0
-0.570754716981132,0.5229357798165137,0
-0.55,0.5229357798165137,0
-0.5292452830188679,0.5229357798165137,0
-0.5084905660377359,0.5229357798165137,0
-0.4877358490566037,0.5229357798165137,0
-0.46698113207547176,0.5229357798165137,0
-0.4462264150943396,0.5229357798165137,0
-0.4254716981132076,0.5229357798165137,0
-0.40471698113207544,0.5229357798165137,0
-0.3839622641509435,0.5229357798165137,0
-0.3632075471698113,0.5229357798165137,0
-0.34245283018867934,0.5229357798165137,0
-0.32169811320754715,0.5229357798165137,0
-0.30094339622641497,0.5229357798165137,0
-0.280188679245283,0.5229357798165137,0
-0.25943396226415083,0.5229357798165137,0
-0.23867924528301887,0.5229357798165137,0
-0.2179245283018867,0.5229357798165137,0
-0.19716981132075473,0.5229357798165137,0
-0.17641509433962255,0.5229357798165137,0
-0.1556603773584906,0.5229357798165137,0
-0.1349056603773584,0.5229357798165137,0
-0.11415094339622645,0.5229357798165137,0
-0.09339622641509426,0.5229357798165137,0
-0.0726415094339623,0.5229357798165137,0
-0.05188679245283012,0.5229357798165137,0
-0.031132075471698162,0.5229357798165137,0
-0.01037735849056598,0.5229357798165137,0
0.01037735849056598,0.5229357798165137,0
0.031132075471698162,0.5229357798165137,0
0.05188679245283012,0.5229357798165137,0
0.0726415094339623,0.5229357798165137,0
0.09339622641509426,0.5229357798165137,0
0.11415094339622645,0.5229357798165137,0
0.1349056603773584,0.5229357798165137,0
0.1556603773584906,0.5229357798165137,0
0.17641509433962255,0.5229357798165137,0
0.19716981132075473,0.5229357798165137,0
0.2179245283018867,0.5229357798165137,0
0.23867924528301887,0.5229357798165137,0
0.25943396226415083,0.5229357798165137,0
0.280188679245283,0.5229357798165137,0
0.30094339622641497,0.5229357798165137,0
0.32169811320754715,0.5229357798165137,0
0.34245283018867934,0.5229357798165137,0
0.3632075471698113,0.5229357798165137,0
0.38396226415094326,0.5229357798165137,1
0.40471698113207566,0.5229357798165137,1
0.4254716981132076,0.5229357798165137,1
0.4462264150943396,0.5229357798165137,1
0.46698113207547154,0.5229357798165137,1
0.48773584905660394,0.5229357798165137,1
0.5084905660377359,0.5229357798165137,1
0.5292452830188679,0.5229357798165137,1
0.5499999999999998,0.5229357798165137,1
0.5707547169811322,0.5229357798165137,1
0.5915094339622642,0.5229357798165137,1
0.6122641509433961,0.5229357798165137,1
0.6330188679245281,0.5229357798165137,1
0.6537735849056605,0.5229357798165137,1
0.6745283018867925,0.5229357798165137,1
0.6952830188679244,0.5229357798165137,1
0.7160377358490564,0.5229357798165137,1
0.7367924528301888,0.5229357798165137,1
0.7575471698113208,0.5229357798165137,1
0.7783018867924527,0.5229357798165137,1
0.7990566037735847,0.5229357798165137,1
0.8198113207547171,0.5229357798165137,1
0.840566037735849,0.5229357798165137,1
0.861320754716981,0.5229357798165137,1
0.882075471698113,0.5229357798165137,1
0.9028301886792454,0.5229357798165137,1
0.9235849056603773,0.5229357798165137,1
0.9443396226415093,0.5229357798165137,1
0.9650943396226412,0.5229357798165137,1
0.9858490566037736,0.5229357798165137,1
1.0066037735849056,0.5229357798165137,1
1.0273584905660376,0.5229357798165137,1
1.04811320754717,0.5229357798165137,1
1.068867924528302,0.5229357798165137,1
1.0896226415094339,0.5229357798165137,1
1.1103773584905658,0.5229357798165137,1
1.1311320754716983,0.5229357798165137,1
1.1518867924528302,0.5229357798165137,1
1.1726415094339622,0.5229357798165137,1
1.1933962264150941,0.5229357798165137,1
1.2141509433962265,0.5229357798165137,1
1.2349056603773585,0.5229357798165137,1
1.2556603773584905,0.5229357798165137,1
1.2764150943396224,0.5229357798165137,1
1.2971698113207548,0.5229357798165137,1
1.3179245283018868,0.5229357798165137,1
1.3386792452830187,0.5229357798165137,1
1.3594339622641507,0.5229357798165137,1
1.380188679245283,0.5229357798165137,1
1.400943396226415,0.5229357798165137,1
1.421698113207547,0.5229357798165137,1
1.442452830188679,0.5229357798165137,1
1.4632075471698114,0.5229357798165137,1
1.4839622641509433,0.5229357798165137,1
1.5047169811320753,0.5229357798165137,1
1.5254716981132073,0.5229357798165137,1
1.5462264150943397,0.5229357798165137,1
1.5669811320754716,0.5229357798165137,1
1.5877358490566036,0.5229357798165137,1
1.6084905660377355,0.5229357798165137,1
1.629245283018868,0.5229357798165137,1
1.65,0.5229357798165137,1
-1.65,0.5321100917431193,0
-1.6292452830188677,0.5321100917431193,0
-1.6084905660377358,0.5321100917431193,0
-1.5877358490566036,0.5321100917431193,0
-1.5669811320754716,0.5321100917431193,0
-1.5462264150943394,0.5321100917431193,0
-1.5254716981132075,0.5321100917431193,0
-1.5047169811320753,0.5321100917431193,0
-1.4839622641509433,0.5321100917431193,0
-1.4632075471698112,0.5321100917431193,0
-1.4424528301886792,0.5321100917431193,0
-1.421698113207547,0.5321100917431193,0
-1.400943396226415,0.5321100917431193,0
-1.3801886792452829,0.5321100917431193,0
-1.359433962264151,0.5321100917431193,0
-1.3386792452830187,0.5321100917431193,0
-1.3179245283018868,0.5321100917431193,0
-1.2971698113207546,0.5321100917431193,0
-1.2764150943396226,0.5321100917431193,0
-1.2556603773584905,0.5321100917431193,0
-1.2349056603773585,0.5321100917431193,0
-1.2141509433962263,0.5321100917431193,0
-1.1933962264150944,0.5321100917431193,0
-1.1726415094339622,0.5321100917431193,0
-1.1518867924528302,0.5321100917431193,0
-1.131132075471698,0.5321100917431193,0
-1.1103773584905658,0.5321100917431193,0
-1.0896226415094339,0.5321100917431193,0
-1.068867924528302,0.5321100917431193,0
-1.0481132075471697,0.5321100917431193,0
-1.0273584905660376,0.5321100917431193,0
-1.0066037735849056,0.5321100917431193,0
-0.9858490566037735,0.5321100917431193,0
-0.9650943396226415,0.5321100917431193,0
-0.9443396226415094,0.5321100917431193,0
-0.9235849056603773,0.5321100917431193,0
-0.9028301886792452,0.5321100917431193,0
-0.8820754716981132,0.5321100917431193,0
-0.8613207547169811,0.5321100917431193,0
-0.840566037735849,0.5321100917431193,0
-0.819811320754717,0.5321100917431193,0
-0.7990566037735849,0.5321100917431193,0
-0.7783018867924528,0.5321100917431193,0
-0.7575471698113208,0.5321100917431193,0
-0.7367924528301887,0.5321100917431193,0
-0.7160377358490566,0.5321100917431193,0
-0.6952830188679245,0.5321100917431193,0
-0.6745283018867925,0.5321100917431193,0
-0.6537735849056603,0.5321100917431193,0
-0.6330188679245283,0.5321100917431193,0
-0.6122641509433961,0.5321100917431193,0
-0.5915094339622642,0.5321100917431193,0
-0.570754716981132,0.5321100917431193,0
-0.55,0.5321100917431193,0
-0.5292452830188679,0.5321100917431193,0
-0.5084905660377359,0.5321100917431193,0
-0.4877358490566037,0.5321100917431193,0
-0.46698113207547176,0.5321100917431193,0
-0.4462264150943396,0.5321100917431193,0
-0.4254716981132076,0.5321100917431193,0
-0.40471698113207544,0.5321100917431193,0
-0.3839622641509435,0.5321100917431193,0
-0.3632075471698113,0.5321100917431193,0
-0.34245283018867934,0.5321100917431193,0
-0.32169811320754715,0.5321100917431193,0
-0.30094339622641497,0.5321100917431193,0
-0.280188679245283,0.5321100917431193,0
-0.25943396226415083,0.5321100917431193,0
-0.23867924528301887,0.5321100917431193,0
-0.2179245283018867,0.5321100917431193,0
-0.19716981132075473,0.5321100917431193,0
-0.17641509433962255,0.5321100917431193,0
-0.1556603773584906,0.5321100917431193,0
-0.1349056603773584,0.5321100917431193,0
-0.11415094339622645,0.5321100917431193,0
-0.09339622641509426,0.5321100917431193,0
-0.0726415094339623,0.5321100917431193,0
-0.05188679245283012,0.5321100917431193,0
-0.031132075471698162,0.5321100917431193,0
-0.01037735849056598,0.5321100917431193,0
0.01037735849056598,0.5321100917431193,0
0.031132075471698162,0.5321100917431193,0
0.05188679245283012,0.5321100917431193,0
0.0726415094339623,0.5321100917431193,0
0.09339622641509426,0.5321100917431193,0
0.11415094339622645,0.5321100917431193,0
0.1349056603773584,0.5321100917431193,0
0.1556603773584906,0.5321100917431193,0
0.17641509433962255,0.5321100917431193,0
0.19716981132075473,0.5321100917431193,0
0.2179245283018867,0.5321100917431193,0
0.23867924528301887,0.5321100917431193,0
0.25943396226415083,0.5321100917431193,0
0.280188679245283,0.5321100917431193,0
0.30094339622641497,0.5321100917431193,0
0.32169811320754715,0.5321100917431193,0
0.34245283018867934,0.5321100917431193,0
0.3632075471698113,0.5321100917431193,0
0.38396226415094326,0.5321100917431193,1
0.40471698113207566,0.5321100917431193,1
0.4254716981132076,0.5321100917431193,1
0.4462264150943396,0.5321100917431193,1
0.46698113207547154,0.5321100917431193,1
0.48773584905660394,0.5321100917431193,1
0.5084905660377359,0.5321100917431193,1
0.5292452830188679,0.5321100917431193,1
0.5499999999999998,0.5321100917431193,1
0.5707547169811322,0.5321100917431193,1
0.5915094339622642,0.5321100917431193,1
0.6122641509433961,0.5321100917431193,1
0.6330188679245281,0.5321100917431193,1
0.6537735849056605,0.5321100917431193,1
0.6745283018867925,0.5321100917431193,1
0.6952830188679244,0.5321100917431193,1
0.7160377358490564,0.5321100917431193,1
0.7367924528301888,0.5321100917431193,1
0.7575471698113208,0.5321100917431193,1
0.7783018867924527,0.5321100917431193,1
0.7990566037735847,0.5321100917431193,1
0.8198113207547171,0.5321100917431193,1
0.840566037735849,0.5321100917431193,1
0.861320754716981,0.5321100917431193,1
0.882075471698113,0.5321100917431193,1
0.9028301886792454,0.5321100917431193,1
0.9235849056603773,0.5321100917431193,1
0.9443396226415093,0.5321100917431193,1
0.9650943396226412,0.5321100917431193,1
0.9858490566037736,0.5321100917431193,1
1.0066037735849056,0.5321100917431193,1
1.0273584905660376,0.5321100917431193,1
1.04811320754717,0.5321100917431193,1
1.068867924528302,0.5321100917431193,1
1.0896226415094339,0.5321100917431193,1
1.1103773584905658,0.5321100917431193,1
1.1311320754716983,0.5321100917431193,1
1.1518867924528302,0.5321100917431193,1
1.1726415094339622,0.5321100917431193,1
1.1933962264150941,0.5321100917431193,1
1.2141509433962265,0.5321100917431193,1
1.2349056603773585,0.5321100917431193,1
1.2556603773584905,0.5321100917431193,1
1.2764150943396224,0.5321100917431193,1
1.2971698113207548,0.5321100917431193,1
1.3179245283018868,0.5321100917431193,1
1.3386792452830187,0.5321100917431193,1
1.3594339622641507,0.5321100917431193,1
1.380188679245283,0.5321100917431193,1
1.400943396226415,0.5321100917431193,1
1.421698113207547,0.5321100917431193,1
1.442452830188679,0.5321100917431193,1
1.4632075471698114,0.5321100917431193,1
1.4839622641509433,0.5321100917431193,1
1.5047169811320753,0.5321100917431193,1
1.5254716981132073,0.5321100917431193,1
1.5462264150943397,0.5321100917431193,1
1.5669811320754716,0.5321100917431193,1
1.5877358490566036,0.5321100917431193,1
1.6084905660377355,0.5321100917431193,1
1.629245283018868,0.5321100917431193,1
1.65,0.5321100917431193,1
-1.65,0.5412844036697249,0
-1.6292452830188677,0.5412844036697249,0
-1.6084905660377358,0.5412844036697249,0
-1.5877358490566036,0.5412844036697249,0
-1.5669811320754716,0.5412844036697249,0
-1.5462264150943394,0.5412844036697249,0
-1.5254716981132075,0.5412844036697249,0
-1.5047169811320753,0.5412844036697249,0
-1.4839622641509433,0.5412844036697249,0
-1.4632075471698112,0.5412844036697249,0
-1.4424528301886792,0.5412844036697249,0
-1.421698113207547,0.5412844036697249,0
-1.400943396226415,0.5412844036697249,0
-1.3801886792452829,0.5412844036697249,0
-1.359433962264151,0.5412844036697249,0
-1.3386792452830187,0.5412844036697249,0
-1.3179245283018868,0.5412844036697249,0
-1.2971698113207546,0.5412844036697249,0
-1.2764150943396226,0.5412844036697249,0
-1.2556603773584905,0.5412844036697249,0
-1.2349056603773585,0.5412844036697249,0
-1.2141509433962263,0.5412844036697249,0
-1.1933962264150944,0.5412844036697249,0
-1.1726415094339622,0.5412844036697249,0
-1.1518867924528302,0.5412844036697249,0
-1.131132075471698,0.5412844036697249,0
-1.1103773584905658,0.5412844036697249,0
-1.0896226415094339,0.5412844036697249,0
-1.068867924528302,0.5412844036697249,0
-1.0481132075471697,0.5412844036697249,0
-1.0273584905660376,0.5412844036697249,0
-1.0066037735849056,0.5412844036697249,0
-0.9858490566037735,0.5412844036697249,0
-0.9650943396226415,0.5412844036697249,0
-0.9443396226415094,0.5412844036697249,0
-0.9235849056603773,0.5412844036697249,0
-0.9028301886792452,0.5412844036697249,0
-0.8820754716981132,0.5412844036697249,0
-0.8613207547169811,0.5412844036697249,0
-0.840566037735849,0.5412844036697249,0
-0.819811320754717,0.5412844036697249,0
-0.7990566037735849,0.5412844036697249,0
-0.7783018867924528,0.5412844036697249,0
-0.7575471698113208,0.5412844036697249,0
-0.7367924528301887,0.5412844036697249,0
-0.7160377358490566,0.5412844036697249,0
-0.6952830188679245,0.5412844036697249,0
-0.6745283018867925,0.5412844036697249,0
-0.6537735849056603,0.5412844036697249,0
-0.6330188679245283,0.5412844036697249,0
-0.6122641509433961,0.5412844036697249,0
-0.5915094339622642,0.5412844036697249,0
-0.570754716981132,0.5412844036697249,0
-0.55,0.5412844036697249,0
-0.5292452830188679,0.5412844036697249,0
-0.5084905660377359,0.5412844036697249,0
-0.4877358490566037,0.5412844036697249,0
-0.46698113207547176,0.5412844036697249,0
-0.4462264150943396,0.5412844036697249,0
-0.4254716981132076,0.5412844036697249,0
-0.40471698113207544,0.5412844036697249,0
-0.3839622641509435,0.5412844036697249,0
-0.3632075471698113,0.5412844036697249,0
-0.34245283018867934,0.5412844036697249,0
-0.32169811320754715,0.5412844036697249,0
-0.30094339622641497,0.5412844036697249,0
-0.280188679245283,0.5412844036697249,0
-0.25943396226415083,0.5412844036697249,0
-0.23867924528301887,0.5412844036697249,0
-0.2179245283018867,0.5412844036697249,0
-0.19716981132075473,0.5412844036697249,0
-0.17641509433962255,0.5412844036697249,0
-0.1556603773584906,0.5412844036697249,0
-0.1349056603773584,0.5412844036697249,0
-0.11415094339622645,0.5412844036697249,0
-0.09339622641509426,0.5412844036697249,0
-0.0726415094339623,0.5412844036697249,0
-0.05188679245283012,0.5412844036697249,0
-0.031132075471698162,0.5412844036697249,0
-0.01037735849056598,0.5412844036697249,0
0.01037735849056598,0.5412844036697249,0
0.031132075471698162,0.5412844036697249,0
0.05188679245283012,0.5412844036697249,0
0.0726415094339623,0.5412844036697249,0
0.09339622641509426,0.5412844036697249,0
0.11415094339622645,0.5412844036697249,0
0.1349056603773584,0.5412844036697249,0
0.1556603773584906,0.5412844036697249,0
0.17641509433962255,0.5412844036697249,0
0.19716981132075473,0.5412844036697249,0
0.2179245283018867,0.5412844036697249,0
0.23867924528301887,0.5412844036697249,0
0.25943396226415083,0.5412844036697249,0
0.280188679245283,0.5412844036697249,0
0.30094339622641497,0.5412844036697249,0
0.32169811320754715,0.5412844036697249,0
0.34245283018867934,0.5412844036697249,0
0.3632075471698113,0.5412844036697249,0
0.38396226415094326,0.5412844036697249,1
0.40471698113207566,0.5412844036697249,1
0.4254716981132076,0.5412844036697249,1
0.4462264150943396,0.5412844036697249,1
0.46698113207547154,0.5412844036697249,1
0.48773584905660394,0.5412844036697249,1
0.5084905660377359,0.5412844036697249,1
0.5292452830188679,0.5412844036697249,1
0.5499999999999998,0.5412844036697249,1
0.5707547169811322,0.5412844036697249,1
0.5915094339622642,0.5412844036697249,1
0.6122641509433961,0.5412844036697249,1
0.6330188679245281,0.5412844036697249,1
0.6537735849056605,0.5412844036697249,1
0.6745283018867925,0.5412844036697249,1
0.6952830188679244,0.5412844036697249,1
0.7160377358490564,0.5412844036697249,1
0.7367924528301888,0.5412844036697249,1
0.7575471698113208,0.5412844036697249,1
0.7783018867924527,0.5412844036697249,1
0.7990566037735847,0.5412844036697249,1
0.8198113207547171,0.5412844036697249,1
0.840566037735849,0.5412844036697249,1
0.861320754716981,0.5412844036697249,1
0.882075471698113,0.5412844036697249,1
0.9028301886792454,0.5412844036697249,1
0.9235849056603773,0.5412844036697249,1
0.9443396226415093,0.5412844036697249,1
0.9650943396226412,0.5412844036697249,1
0.9858490566037736,0.5412844036697249,1
1.0066037735849056,0.5412844036697249,1
1.0273584905660376,0.5412844036697249,1
1.04811320754717,0.5412844036697249,1
1.068867924528302,0.5412844036697249,1
1.0896226415094339,0.5412844036697249,1
1.1103773584905658,0.5412844036697249,1
1.1311320754716983,0.5412844036697249,1
1.1518867924528302,0.5412844036697249,1
1.1726415094339622,0.5412844036697249,1
1.1933962264150941,0.5412844036697249,1
1.2141509433962265,0.5412844036697249,1
1.2349056603773585,0.5412844036697249,1
1.2556603773584905,0.5412844036697249,1
1.2764150943396224,0.5412844036697249,1
1.2971698113207548,0.5412844036697249,1
1.3179245283018868,0.5412844036697249,1
1.3386792452830187,0.5412844036697249,1
1.3594339622641507,0.5412844036697249,1
1.380188679245283,0.5412844036697249,1
1.400943396226415,0.5412844036697249,1
1.421698113207547,0.5412844036697249,1
1.442452830188679,0.5412844036697249,1
1.4632075471698114,0.5412844036697249,1
1.4839622641509433,0.5412844036697249,1
1.5047169811320753,0.5412844036697249,1
1.5254716981132073,0.5412844036697249,1
1.5462264150943397,0.5412844036697249,1
1.5669811320754716,0.5412844036697249,1
1.5877358490566036,0.5412844036697249,1
1.6084905660377355,0.5412844036697249,1
1.629245283018868,0.5412844036697249,1
1.65,0.5412844036697249,1
-1.65,0.5504587155963303,0
-1.6292452830188677,0.5504587155963303,0
-1.6084905660377358,0.5504587155963303,0
-1.5877358490566036,0.5504587155963303,0
-1.5669811320754716,0.5504587155963303,0
-1.5462264150943394,0.5504587155963303,0
-1.5254716981132075,0.5504587155963303,0
-1.5047169811320753,0.5504587155963303,0
-1.4839622641509433,0.5504587155963303,0
-1.4632075471698112,0.5504587155963303,0
-1.4424528301886792,0.5504587155963303,0
-1.421698113207547,0.5504587155963303,0
-1.400943396226415,0.5504587155963303,0
-1.3801886792452829,0.5504587155963303,0
-1.359433962264151,0.5504587155963303,0
-1.3386792452830187,0.5504587155963303,0
-1.3179245283018868,0.5504587155963303,0
-1.2971698113207546,0.5504587155963303,0
-1.2764150943396226,0.5504587155963303,0
-1.2556603773584905,0.5504587155963303,0
-1.2349056603773585,0.5504587155963303,0
-1.2141509433962263,0.5504587155963303,0
-1.1933962264150944,0.5504587155963303,0
-1.1726415094339622,0.5504587155963303,0
-1.1518867924528302,0.5504587155963303,0
-1.131132075471698,0.5504587155963303,0
-1.1103773584905658,0.5504587155963303,0
-1.0896226415094339,0.5504587155963303,0
-1.068867924528302,0.5504587155963303,0
-1.0481132075471697,0.5504587155963303,0
-1.0273584905660376,0.5504587155963303,0
-1.0066037735849056,0.5504587155963303,0
-0.9858490566037735,0.5504587155963303,0
-0.9650943396226415,0.5504587155963303,0
-0.9443396226415094,0.5504587155963303,0
-0.9235849056603773,0.5504587155963303,0
-0.9028301886792452,0.5504587155963303,0
-0.8820754716981132,0.5504587155963303,0
-0.8613207547169811,0.5504587155963303,0
-0.840566037735849,0.5504587155963303,0
-0.819811320754717,0.5504587155963303,0
-0.7990566037735849,0.5504587155963303,0
-0.7783018867924528,0.5504587155963303,0
-0.7575471698113208,0.5504587155963303,0
-0.7367924528301887,0.5504587155963303,0
-0.7160377358490566,0.5504587155963303,0
-0.6952830188679245,0.5504587155963303,0
-0.6745283018867925,0.5504587155963303,0
-0.6537735849056603,0.5504587155963303,0
-0.6330188679245283,0.5504587155963303,0
-0.6122641509433961,0.5504587155963303,0
-0.5915094339622642,0.5504587155963303,0
-0.570754716981132,0.5504587155963303,0
-0.55,0.5504587155963303,0
-0.5292452830188679,0.5504587155963303,0
-0.5084905660377359,0.5504587155963303,0
-0.4877358490566037,0.5504587155963303,0
-0.46698113207547176,0.5504587155963303,0
-0.4462264150943396,0.5504587155963303,0
-0.4254716981132076,0.5504587155963303,0
-0.40471698113207544,0.5504587155963303,0
-0.3839622641509435,0.5504587155963303,0
-0.3632075471698113,0.5504587155963303,0
-0.34245283018867934,0.5504587155963303,0
-0.32169811320754715,0.5504587155963303,0
-0.30094339622641497,0.5504587155963303,0
-0.280188679245283,0.5504587155963303,0
-0.25943396226415083,0.5504587155963303,0
-0.23867924528301887,0.5504587155963303,0
-0.2179245283018867,0.5504587155963303,0
-0.19716981132075473,0.5504587155963303,0
-0.17641509433962255,0.5504587155963303,0
-0.1556603773584906,0.5504587155963303,0
-0.1349056603773584,0.5504587155963303,0
-0.11415094339622645,0.5504587155963303,0
-0.09339622641509426,0.5504587155963303,0
-0.0726415094339623,0.5504587155963303,0
-0.05188679245283012,0.5504587155963303,0
-0.031132075471698162,0.5504587155963303,0
-0.01037735849056598,0.5504587155963303,0
0.01037735849056598,0.5504587155963303,0
0.031132075471698162,0.5504587155963303,0
0.05188679245283012,0.5504587155963303,0
0.0726415094339623,0.5504587155963303,0
0.09339622641509426,0.5504587155963303,0
0.11415094339622645,0.5504587155963303,0
0.1349056603773584,0.5504587155963303,0
0.1556603773584906,0.5504587155963303,0
0.17641509433962255,0.5504587155963303,0
0.19716981132075473,0.5504587155963303,0
0.2179245283018867,0.5504587155963303,0
0.23867924528301887,0.5504587155963303,0
0.25943396226415083,0.5504587155963303,0
0.280188679245283,0.5504587155963303,0
0.30094339622641497,0.5504587155963303,0
0.32169811320754715,0.5504587155963303,0
0.34245283018867934,0.5504587155963303,0
0.3632075471698113,0.5504587155963303,0
0.38396226415094326,0.5504587155963303,1
0.40471698113207566,0.5504587155963303,1
0.4254716981132076,0.5504587155963303,1
0.4462264150943396,0.5504587155963303,1
0.46698113207547154,0.5504587155963303,1
0.48773584905660394,0.5504587155963303,1
0.5084905660377359,0.5504587155963303,1
0.5292452830188679,0.5504587155963303,1
0.5499999999999998,0.5504587155963303,1
0.5707547169811322,0.5504587155963303,1
0.5915094339622642,0.5504587155963303,1
0.6122641509433961,0.5504587155963303,1
0.6330188679245281,0.5504587155963303,1
0.6537735849056605,0.5504587155963303,1
0.6745283018867925,0.5504587155963303,1
0.6952830188679244,0.5504587155963303,1
0.7160377358490564,0.5504587155963303,1
0.7367924528301888,0.5504587155963303,1
0.7575471698113208,0.5504587155963303,1
0.7783018867924527,0.5504587155963303,1
0.7990566037735847,0.5504587155963303,1
0.8198113207547171,0.5504587155963303,1
0.840566037735849,0.5504587155963303,1
0.861320754716981,0.5504587155963303,1
0.882075471698113,0.5504587155963303,1
0.9028301886792454,0.5504587155963303,1
0.9235849056603773,0.5504587155963303,1
0.9443396226415093,0.5504587155963303,1
0.9650943396226412,0.5504587155963303,1
0.9858490566037736,0.5504587155963303,1
1.0066037735849056,0.5504587155963303,1
1.0273584905660376,0.5504587155963303,1
1.04811320754717,0.5504587155963303,1
1.068867924528302,0.5504587155963303,1
1.0896226415094339,0.5504587155963303,1
1.1103773584905658,0.5504587155963303,1
1.1311320754716983,0.5504587155963303,1
1.1518867924528302,0.5504587155963303,1
1.1726415094339622,0.5504587155963303,1
1.1933962264150941,0.5504587155963303,1
1.2141509433962265,0.5504587155963303,1
1.2349056603773585,0.5504587155963303,1
1.2556603773584905,0.5504587155963303,1
1.2764150943396224,0.5504587155963303,1
1.2971698113207548,0.5504587155963303,1
1.3179245283018868,0.5504587155963303,1
1.3386792452830187,0.5504587155963303,1
1.3594339622641507,0.5504587155963303,1
1.380188679245283,0.5504587155963303,1
1.400943396226415,0.5504587155963303,1
1.421698113207547,0.5504587155963303,1
1.442452830188679,0.5504587155963303,1
1.4632075471698114,0.5504587155963303,1
1.4839622641509433,0.5504587155963303,1
1.5047169811320753,0.5504587155963303,1
1.5254716981132073,0.5504587155963303,1
1.5462264150943397,0.5504587155963303,1
1.5669811320754716,0.5504587155963303,1
1.5877358490566036,0.5504587155963303,1
1.6084905660377355,0.5504587155963303,1
1.629245283018868,0.5504587155963303,1
1.65,0.5504587155963303,1
-1.65,0.5596330275229358,0
-1.6292452830188677,0.5596330275229358,0
-1.6084905660377358,0.5596330275229358,0
-1.5877358490566036,0.5596330275229358,0
-1.5669811320754716,0.5596330275229358,0
-1.5462264150943394,0.5596330275229358,0
-1.5254716981132075,0.5596330275229358,0
-1.5047169811320753,0.5596330275229358,0
-1.4839622641509433,0.5596330275229358,0
-1.4632075471698112,0.5596330275229358,0
-1.4424528301886792,0.5596330275229358,0
-1.421698113207547,0.5596330275229358,0
-1.400943396226415,0.5596330275229358,0
-1.3801886792452829,0.5596330275229358,0
-1.359433962264151,0.5596330275229358,0
-1.3386792452830187,0.5596330275229358,0
-1.3179245283018868,0.5596330275229358,0
-1.2971698113207546,0.5596330275229358,0
-1.2764150943396226,0.5596330275229358,0
-1.2556603773584905,0.5596330275229358,0
-1.2349056603773585,0.5596330275229358,0
-1.2141509433962263,0.5596330275229358,0
-1.1933962264150944,0.5596330275229358,0
-1.1726415094339622,0.5596330275229358,0
-1.1518867924528302,0.5596330275229358,0
-1.131132075471698,0.5596330275229358,0
-1.1103773584905658,0.5596330275229358,0
-1.0896226415094339,0.5596330275229358,0
-1.068867924528302,0.5596330275229358,0
-1.0481132075471697,0.5596330275229358,0
-1.0273584905660376,0.5596330275229358,0
-1.0066037735849056,0.5596330275229358,0
-0.9858490566037735,0.5596330275229358,0
-0.9650943396226415,0.5596330275229358,0
-0.9443396226415094,0.5596330275229358,0
-0.9235849056603773,0.5596330275229358,0
-0.9028301886792452,0.5596330275229358,0
-0.8820754716981132,0.5596330275229358,0
-0.8613207547169811,0.5596330275229358,0
-0.840566037735849,0.5596330275229358,0
-0.819811320754717,0.5596330275229358,0
-0.7990566037735849,0.5596330275229358,0
-0.7783018867924528,0.5596330275229358,0
-0.7575471698113208,0.5596330275229358,0
-0.7367924528301887,0.5596330275229358,0
-0.7160377358490566,0.5596330275229358,0
-0.6952830188679245,0.5596330275229358,0
-0.6745283018867925,0.5596330275229358,0
-0.6537735849056603,0.5596330275229358,0
-0.6330188679245283,0.5596330275229358,0
-0.6122641509433961,0.5596330275229358,0
-0.5915094339622642,0.5596330275229358,0
-0.570754716981132,0.5596330275229358,0
-0.55,0.5596330275229358,0
-0.5292452830188679,0.5596330275229358,0
-0.5084905660377359,0.5596330275229358,0
-0.4877358490566037,0.5596330275229358,0
-0.46698113207547176,0.5596330275229358,0
-0.4462264150943396,0.5596330275229358,0
-0.4254716981132076,0.5596330275229358,0
-0.40471698113207544,0.5596330275229358,0
-0.3839622641509435,0.5596330275229358,0
-0.3632075471698113,0.5596330275229358,0
-0.34245283018867934,0.5596330275229358,0
-0.32169811320754715,0.5596330275229358,0
-0.30094339622641497,0.5596330275229358,0
-0.280188679245283,0.5596330275229358,0
-0.25943396226415083,0.5596330275229358,0
-0.23867924528301887,0.5596330275229358,0
-0.2179245283018867,0.5596330275229358,0
-0.19716981132075473,0.5596330275229358,0
-0.17641509433962255,0.5596330275229358,0
-0.1556603773584906,0.5596330275229358,0
-0.1349056603773584,0.5596330275229358,0
-0.11415094339622645,0.5596330275229358,0
-0.09339622641509426,0.5596330275229358,0
-0.0726415094339623,0.5596330275229358,0
-0.05188679245283012,0.5596330275229358,0
-0.031132075471698162,0.5596330275229358,0
-0.01037735849056598,0.5596330275229358,0
0.01037735849056598,0.5596330275229358,0
0.031132075471698162,0.5596330275229358,0
0.05188679245283012,0.5596330275229358,0
0.0726415094339623,0.5596330275229358,0
0.09339622641509426,0.5596330275229358,0
0.11415094339622645,0.5596330275229358,0
0.1349056603773584,0.5596330275229358,0
0.1556603773584906,0.5596330275229358,0
0.17641509433962255,0.5596330275229358,0
0.19716981132075473,0.5596330275229358,0
0.2179245283018867,0.5596330275229358,0
0.23867924528301887,0.5596330275229358,0
0.25943396226415083,0.5596330275229358,0
0.280188679245283,0.5596330275229358,0
0.30094339622641497,0.5596330275229358,0
0.32169811320754715,0.5596330275229358,0
0.34245283018867934,0.5596330275229358,0
0.3632075471698113,0.5596330275229358,0
0.38396226415094326,0.5596330275229358,1
0.40471698113207566,0.5596330275229358,1
0.4254716981132076,0.5596330275229358,1
0.4462264150943396,0.5596330275229358,1
0.46698113207547154,0.5596330275229358,1
0.48773584905660394,0.5596330275229358,1
0.5084905660377359,0.5596330275229358,1
0.5292452830188679,0.5596330275229358,1
0.5499999999999998,0.5596330275229358,1
0.5707547169811322,0.5596330275229358,1
0.5915094339622642,0.5596330275229358,1
0.6122641509433961,0.5596330275229358,1
0.6330188679245281,0.5596330275229358,1
0.6537735849056605,0.5596330275229358,1
0.6745283018867925,0.5596330275229358,1
0.6952830188679244,0.5596330275229358,1
0.7160377358490564,0.5596330275229358,1
0.7367924528301888,0.5596330275229358,1
0.7575471698113208,0.5596330275229358,1
0.7783018867924527,0.5596330275229358,1
0.7990566037735847,0.5596330275229358,1
0.8198113207547171,0.5596330275229358,1
0.840566037735849,0.5596330275229358,1
0.861320754716981,0.5596330275229358,1
0.882075471698113,0.5596330275229358,1
0.9028301886792454,0.5596330275229358,1
0.9235849056603773,0.5596330275229358,1
0.9443396226415093,0.5596330275229358,1
0.9650943396226412,0.5596330275229358,1
0.9858490566037736,0.5596330275229358,1
1.0066037735849056,0.5596330275229358,1
1.0273584905660376,0.5596330275229358,1
1.04811320754717,0.5596330275229358,1
1.068867924528302,0.5596330275229358,1
1.0896226415094339,0.5596330275229358,1
1.1103773584905658,0.5596330275229358,1
1.1311320754716983,0.5596330275229358,1
1.1518867924528302,0.5596330275229358,1
1.1726415094339622,0.5596330275229358,1
1.1933962264150941,0.5596330275229358,1
1.2141509433962265,0.5596330275229358,1
1.2349056603773585,0.5596330275229358,1
1.2556603773584905,0.5596330275229358,1
1.2764150943396224,0.5596330275229358,1
1.2971698113207548,0.5596330275229358,1
1.3179245283018868,0.5596330275229358,1
1.3386792452830187,0.5596330275229358,1
1.3594339622641507,0.5596330275229358,1
1.380188679245283,0.5596330275229358,1
1.400943396226415,0.5596330275229358,1
1.421698113207547,0.5596330275229358,1
1.442452830188679,0.5596330275229358,1
1.4632075471698114,0.5596330275229358,1
1.4839622641509433,0.5596330275229358,1
1.5047169811320753,0.5596330275229358,1
1.5254716981132073,0.5596330275229358,1
1.5462264150943397,0.5596330275229358,1
1.5669811320754716,0.5596330275229358,1
1.5877358490566036,0.5596330275229358,1
1.6084905660377355,0.5596330275229358,1
1.629245283018868,0.5596330275229358,1
1.65,0.5596330275229358,1
-1.65,0.5688073394495413,0
-1.6292452830188677,0.5688073394495413,0
-1.6084905660377358,0.5688073394495413,0
-1.5877358490566036,0.5688073394495413,0
-1.5669811320754716,0.5688073394495413,0
-1.5462264150943394,0.5688073394495413,0
-1.5254716981132075,0.5688073394495413,0
-1.5047169811320753,0.5688073394495413,0
-1.4839622641509433,0.5688073394495413,0
-1.4632075471698112,0.5688073394495413,0
-1.4424528301886792,0.5688073394495413,0
-1.421698113207547,0.5688073394495413,0
-1.400943396226415,0.5688073394495413,0
-1.3801886792452829,0.5688073394495413,0
-1.359433962264151,0.5688073394495413,0
-1.3386792452830187,0.5688073394495413,0
-1.3179245283018868,0.5688073394495413,0
-1.2971698113207546,0.5688073394495413,0
-1.2764150943396226,0.5688073394495413,0
-1.2556603773584905,0.5688073394495413,0
-1.2349056603773585,0.5688073394495413,0
-1.2141509433962263,0.5688073394495413,0
-1.1933962264150944,0.5688073394495413,0
-1.1726415094339622,0.5688073394495413,0
-1.1518867924528302,0.5688073394495413,0
-1.131132075471698,0.5688073394495413,0
-1.1103773584905658,0.5688073394495413,0
-1.0896226415094339,0.5688073394495413,0
-1.068867924528302,0.5688073394495413,0
-1.0481132075471697,0.5688073394495413,0
-1.0273584905660376,0.5688073394495413,0
-1.0066037735849056,0.5688073394495413,0
-0.9858490566037735,0.5688073394495413,0
-0.9650943396226415,0.5688073394495413,0
-0.9443396226415094,0.5688073394495413,0
-0.9235849056603773,0.5688073394495413,0
-0.9028301886792452,0.5688073394495413,0
-0.8820754716981132,0.5688073394495413,0
-0.8613207547169811,0.5688073394495413,0
-0.840566037735849,0.5688073394495413,0
-0.819811320754717,0.5688073394495413,0
-0.7990566037735849,0.5688073394495413,0
-0.7783018867924528,0.5688073394495413,0
-0.7575471698113208,0.5688073394495413,0
-0.7367924528301887,0.5688073394495413,0
-0.7160377358490566,0.5688073394495413,0
-0.6952830188679245,0.5688073394495413,0
-0.6745283018867925,0.5688073394495413,0
-0.6537735849056603,0.5688073394495413,0
-0.6330188679245283,0.5688073394495413,0
-0.6122641509433961,0.5688073394495413,0
-0.5915094339622642,0.5688073394495413,0
-0.570754716981132,0.5688073394495413,0
-0.55,0.5688073394495413,0
-0.5292452830188679,0.5688073394495413,0
-0.5084905660377359,0.5688073394495413,0
-0.4877358490566037,0.5688073394495413,0
-0.46698113207547176,0.5688073394495413,0
-0.4462264150943396,0.5688073394495413,0
-0.4254716981132076,0.5688073394495413,0
-0.40471698113207544,0.5688073394495413,0
-0.3839622641509435,0.5688073394495413,0
-0.3632075471698113,0.5688073394495413,0
-0.34245283018867934,0.5688073394495413,0
-0.32169811320754715,0.5688073394495413,0
-0.30094339622641497,0.5688073394495413,0
-0.280188679245283,0.5688073394495413,0
-0.25943396226415083,0.5688073394495413,0
-0.23867924528301887,0.5688073394495413,0
-0.2179245283018867,0.5688073394495413,0
-0.19716981132075473,0.5688073394495413,0
-0.17641509433962255,0.5688073394495413,0
-0.1556603773584906,0.5688073394495413,0
-0.1349056603773584,0.5688073394495413,0
-0.11415094339622645,0.5688073394495413,0
-0.09339622641509426,0.5688073394495413,0
-0.0726415094339623,0.5688073394495413,0
-0.05188679245283012,0.5688073394495413,0
-0.031132075471698162,0.5688073394495413,0
-0.01037735849056598,0.5688073394495413,0
0.01037735849056598,0.5688073394495413,0
0.031132075471698162,0.5688073394495413,0
0.05188679245283012,0.5688073394495413,0
0.0726415094339623,0.5688073394495413,0
0.09339622641509426,0.5688073394495413,0
0.11415094339622645,0.5688073394495413,0
0.1349056603773584,0.5688073394495413,0
0.1556603773584906,0.5688073394495413,0
0.17641509433962255,0.5688073394495413,0
0.19716981132075473,0.5688073394495413,0
0.2179245283018867,0.5688073394495413,0
0.23867924528301887,0.5688073394495413,0
0.25943396226415083,0.5688073394495413,0
0.280188679245283,0.5688073394495413,0
0.30094339622641497,0.5688073394495413,0
0.32169811320754715,0.5688073394495413,0
0.34245283018867934,0.5688073394495413,0
0.3632075471698113,0.5688073394495413,0
0.38396226415094326,0.5688073394495413,1
0.40471698113207566,0.5688073394495413,1
0.4254716981132076,0.5688073394495413,1
0.4462264150943396,0.5688073394495413,1
0.46698113207547154,0.5688073394495413,1
0.48773584905660394,0.5688073394495413,1
0.5084905660377359,0.5688073394495413,1
0.5292452830188679,0.5688073394495413,1
0.5499999999999998,0.5688073394495413,1
0.5707547169811322,0.5688073394495413,1
0.5915094339622642,0.5688073394495413,1
0.6122641509433961,0.5688073394495413,1
0.6330188679245281,0.5688073394495413,1
0.6537735849056605,0.5688073394495413,1
0.6745283018867925,0.5688073394495413,1
0.6952830188679244,0.5688073394495413,1
0.7160377358490564,0.5688073394495413,1
0.7367924528301888,0.5688073394495413,1
0.7575471698113208,0.5688073394495413,1
0.7783018867924527,0.5688073394495413,1
0.7990566037735847,0.5688073394495413,1
0.8198113207547171,0.5688073394495413,1
0.840566037735849,0.5688073394495413,1
0.861320754716981,0.5688073394495413,1
0.882075471698113,0.5688073394495413,1
0.9028301886792454,0.5688073394495413,1
0.9235849056603773,0.5688073394495413,1
0.9443396226415093,0.5688073394495413,1
0.9650943396226412,0.5688073394495413,1
0.9858490566037736,0.5688073394495413,1
1.0066037735849056,0.5688073394495413,1
1.0273584905660376,0.5688073394495413,1
1.04811320754717,0.5688073394495413,1
1.068867924528302,0.5688073394495413,1
1.0896226415094339,0.5688073394495413,1
1.1103773584905658,0.5688073394495413,1
1.1311320754716983,0.5688073394495413,1
1.1518867924528302,0.5688073394495413,1
1.1726415094339622,0.5688073394495413,1
1.1933962264150941,0.5688073394495413,1
1.2141509433962265,0.5688073394495413,1
1.2349056603773585,0.5688073394495413,1
1.2556603773584905,0.5688073394495413,1
1.2764150943396224,0.5688073394495413,1
1.2971698113207548,0.5688073394495413,1
1.3179245283018868,0.5688073394495413,1
1.3386792452830187,0.5688073394495413,1
1.3594339622641507,0.5688073394495413,1
1.380188679245283,0.5688073394495413,1
1.400943396226415,0.5688073394495413,1
1.421698113207547,0.5688073394495413,1
1.442452830188679,0.5688073394495413,1
1.4632075471698114,0.5688073394495413,1
1.4839622641509433,0.5688073394495413,1
1.5047169811320753,0.5688073394495413,1
1.5254716981132073,0.5688073394495413,1
1.5462264150943397,0.5688073394495413,1
1.5669811320754716,0.5688073394495413,1
1.5877358490566036,0.5688073394495413,1
1.6084905660377355,0.5688073394495413,1
1.629245283018868,0.5688073394495413,1
1.65,0.5688073394495413,1
-1.65,0.5779816513761469,0
-1.6292452830188677,0.5779816513761469,0
-1.6084905660377358,0.5779816513761469,0
-1.5877358490566036,0.5779816513761469,0
-1.5669811320754716,0.5779816513761469,0
-1.5462264150943394,0.5779816513761469,0
-1.5254716981132075,0.5779816513761469,0
-1.5047169811320753,0.5779816513761469,0
-1.4839622641509433,0.5779816513761469,0
-1.4632075471698112,0.5779816513761469,0
-1.4424528301886792,0.5779816513761469,0
-1.421698113207547,0.5779816513761469,0
-1.400943396226415,0.5779816513761469,0
-1.3801886792452829,0.5779816513761469,0
-1.359433962264151,0.5779816513761469,0
-1.3386792452830187,0.5779816513761469,0
-1.3179245283018868,0.5779816513761469,0
-1.2971698113207546,0.5779816513761469,0
-1.2764150943396226,0.5779816513761469,0
-1.2556603773584905,0.5779816513761469,0
-1.2349056603773585,0.5779816513761469,0
-1.2141509433962263,0.5779816513761469,0
-1.1933962264150944,0.5779816513761469,0
-1.1726415094339622,0.5779816513761469,0
-1.1518867924528302,0.5779816513761469,0
-1.131132075471698,0.5779816513761469,0
-1.1103773584905658,0.5779816513761469,0
-1.0896226415094339,0.5779816513761469,0
-1.068867924528302,0.5779816513761469,0
-1.0481132075471697,0.5779816513761469,0
-1.0273584905660376,0.5779816513761469,0
-1.0066037735849056,0.5779816513761469,0
-0.9858490566037735,0.5779816513761469,0
-0.9650943396226415,0.5779816513761469,0
-0.9443396226415094,0.5779816513761469,0
-0.9235849056603773,0.5779816513761469,0
-0.9028301886792452,0.5779816513761469,0
-0.8820754716981132,0.5779816513761469,0
-0.8613207547169811,0.5779816513761469,0
-0.840566037735849,0.5779816513761469,0
-0.819811320754717,0.5779816513761469,0
-0.7990566037735849,0.5779816513761469,0
-0.7783018867924528,0.5779816513761469,0
-0.7575471698113208,0.5779816513761469,0
-0.7367924528301887,0.5779816513761469,0
-0.7160377358490566,0.5779816513761469,0
-0.6952830188679245,0.5779816513761469,0
-0.6745283018867925,0.5779816513761469,0
-0.6537735849056603,0.5779816513761469,0
-0.6330188679245283,0.5779816513761469,0
-0.6122641509433961,0.5779816513761469,0
-0.5915094339622642,0.5779816513761469,0
-0.570754716981132,0.5779816513761469,0
-0.55,0.5779816513761469,0
-0.5292452830188679,0.5779816513761469,0
-0.5084905660377359,0.5779816513761469,0
-0.4877358490566037,0.5779816513761469,0
-0.46698113207547176,0.5779816513761469,0
-0.4462264150943396,0.5779816513761469,0
-0.4254716981132076,0.5779816513761469,0
-0.40471698113207544,0.5779816513761469,0
-0.3839622641509435,0.5779816513761469,0
-0.3632075471698113,0.5779816513761469,0
-0.34245283018867934,0.5779816513761469,0
-0.32169811320754715,0.5779816513761469,0
-0.30094339622641497,0.5779816513761469,0
-0.280188679245283,0.5779816513761469,0
-0.25943396226415083,0.5779816513761469,0
-0.23867924528301887,0.5779816513761469,0
-0.2179245283018867,0.5779816513761469,0
-0.19716981132075473,0.5779816513761469,0
-0.17641509433962255,0.5779816513761469,0
-0.1556603773584906,0.5779816513761469,0
-0.1349056603773584,0.5779816513761469,0
-0.11415094339622645,0.5779816513761469,0
-0.09339622641509426,0.5779816513761469,0
-0.0726415094339623,0.5779816513761469,0
-0.05188679245283012,0.5779816513761469,0
-0.031132075471698162,0.5779816513761469,0
-0.01037735849056598,0.5779816513761469,0
0.01037735849056598,0.5779816513761469,0
0.031132075471698162,0.5779816513761469,0
0.05188679245283012,0.5779816513761469,0
0.0726415094339623,0.5779816513761469,0
0.09339622641509426,0.5779816513761469,0
0.11415094339622645,0.5779816513761469,0
0.1349056603773584,0.5779816513761469,0
0.1556603773584906,0.5779816513761469,0
0.17641509433962255,0.5779816513761469,0
0.19716981132075473,0.5779816513761469,0
0.2179245283018867,0.5779816513761469,0
0.23867924528301887,0.5779816513761469,0
0.25943396226415083,0.5779816513761469,0
0.280188679245283,0.5779816513761469,0
0.30094339622641497,0.5779816513761469,0
0.32169811320754715,0.5779816513761469,0
0.34245283018867934,0.5779816513761469,0
0.3632075471698113,0.5779816513761469,0
0.38396226415094326,0.5779816513761469,1
0.40471698113207566,0.5779816513761469,1
0.4254716981132076,0.5779816513761469,1
0.4462264150943396,0.5779816513761469,1
0.46698113207547154,0.5779816513761469,1
0.48773584905660394,0.5779816513761469,1
0.5084905660377359,0.5779816513761469,1
0.5292452830188679,0.5779816513761469,1
0.5499999999999998,0.5779816513761469,1
0.5707547169811322,0.5779816513761469,1
0.5915094339622642,0.5779816513761469,1
0.6122641509433961,0.5779816513761469,1
0.6330188679245281,0.5779816513761469,1
0.6537735849056605,0.5779816513761469,1
0.6745283018867925,0.5779816513761469,1
0.6952830188679244,0.5779816513761469,1
0.7160377358490564,0.5779816513761469,1
0.7367924528301888,0.5779816513761469,1
0.7575471698113208,0.5779816513761469,1
0.7783018867924527,0.5779816513761469,1
0.7990566037735847,0.5779816513761469,1
0.8198113207547171,0.5779816513761469,1
0.840566037735849,0.5779816513761469,1
0.861320754716981,0.5779816513761469,1
0.882075471698113,0.5779816513761469,1
0.9028301886792454,0.5779816513761469,1
0.9235849056603773,0.5779816513761469,1
0.9443396226415093,0.5779816513761469,1
0.9650943396226412,0.5779816513761469,1
0.9858490566037736,0.5779816513761469,1
1.0066037735849056,0.5779816513761469,1
1.0273584905660376,0.5779816513761469,1
1.04811320754717,0.5779816513761469,1
1.068867924528302,0.5779816513761469,1
1.0896226415094339,0.5779816513761469,1
1.1103773584905658,0.5779816513761469,1
1.1311320754716983,0.5779816513761469,1
1.1518867924528302,0.5779816513761469,1
1.1726415094339622,0.5779816513761469,1
1.1933962264150941,0.5779816513761469,1
1.2141509433962265,0.5779816513761469,1
1.2349056603773585,0.5779816513761469,1
1.2556603773584905,0.5779816513761469,1
1.2764150943396224,0.5779816513761469,1
1.2971698113207548,0.5779816513761469,1
1.3179245283018868,0.5779816513761469,1
1.3386792452830187,0.5779816513761469,1
1.3594339622641507,0.5779816513761469,1
1.380188679245283,0.5779816513761469,1
1.400943396226415,0.5779816513761469,1
1.421698113207547,0.5779816513761469,1
1.442452830188679,0.5779816513761469,1
1.4632075471698114,0.5779816513761469,1
1.4839622641509433,0.5779816513761469,1
1.5047169811320753,0.5779816513761469,1
1.5254716981132073,0.5779816513761469,1
1.5462264150943397,0.5779816513761469,1
1.5669811320754716,0.5779816513761469,1
1.5877358490566036,0.5779816513761469,1
1.6084905660377355,0.5779816513761469,1
1.629245283018868,0.5779816513761469,1
1.65,0.5779816513761469,1
-1.65,0.5871559633027523,0
-1.6292452830188677,0.5871559633027523,0
-1.6084905660377358,0.5871559633027523,0
-1.5877358490566036,0.5871559633027523,0
-1.5669811320754716,0.5871559633027523,0
-1.5462264150943394,0.5871559633027523,0
-1.5254716981132075,0.5871559633027523,0
-1.5047169811320753,0.5871559633027523,0
-1.4839622641509433,0.5871559633027523,0
-1.4632075471698112,0.5871559633027523,0
-1.4424528301886792,0.5871559633027523,0
-1.421698113207547,0.5871559633027523,0
-1.400943396226415,0.5871559633027523,0
-1.3801886792452829,0.5871559633027523,0
-1.359433962264151,0.5871559633027523,0
-1.3386792452830187,0.5871559633027523,0
-1.3179245283018868,0.5871559633027523,0
-1.2971698113207546,0.5871559633027523,0
-1.2764150943396226,0.5871559633027523,0
-1.2556603773584905,0.5871559633027523,0
-1.2349056603773585,0.5871559633027523,0
-1.2141509433962263,0.5871559633027523,0
-1.1933962264150944,0.5871559633027523,0
-1.1726415094339622,0.5871559633027523,0
-1.1518867924528302,0.5871559633027523,0
-1.131132075471698,0.5871559633027523,0
-1.1103773584905658,0.5871559633027523,0
-1.0896226415094339,0.5871559633027523,0
-1.068867924528302,0.5871559633027523,0
-1.0481132075471697,0.5871559633027523,0
-1.0273584905660376,0.5871559633027523,0
-1.0066037735849056,0.5871559633027523,0
-0.9858490566037735,0.5871559633027523,0
-0.9650943396226415,0.5871559633027523,0
-0.9443396226415094,0.5871559633027523,0
-0.9235849056603773,0.5871559633027523,0
-0.9028301886792452,0.5871559633027523,0
-0.8820754716981132,0.5871559633027523,0
-0.8613207547169811,0.5871559633027523,0
-0.840566037735849,0.5871559633027523,0
-0.819811320754717,0.5871559633027523,0
-0.7990566037735849,0.5871559633027523,0
-0.7783018867924528,0.5871559633027523,0
-0.7575471698113208,0.5871559633027523,0
-0.7367924528301887,0.5871559633027523,0
-0.7160377358490566,0.5871559633027523,0
-0.6952830188679245,0.5871559633027523,0
-0.6745283018867925,0.5871559633027523,0
-0.6537735849056603,0.5871559633027523,0
-0.6330188679245283,0.5871559633027523,0
-0.6122641509433961,0.5871559633027523,0
-0.5915094339622642,0.5871559633027523,0
-0.570754716981132,0.5871559633027523,0
-0.55,0.5871559633027523,0
-0.5292452830188679,0.5871559633027523,0
-0.5084905660377359,0.5871559633027523,0
-0.4877358490566037,0.5871559633027523,0
-0.46698113207547176,0.5871559633027523,0
-0.4462264150943396,0.5871559633027523,0
-0.4254716981132076,0.5871559633027523,0
-0.40471698113207544,0.5871559633027523,0
-0.3839622641509435,0.5871559633027523,0
-0.3632075471698113,0.5871559633027523,0
-0.34245283018867934,0.5871559633027523,0
-0.32169811320754715,0.5871559633027523,0
-0.30094339622641497,0.5871559633027523,0
-0.280188679245283,0.5871559633027523,0
-0.25943396226415083,0.5871559633027523,0
-0.23867924528301887,0.5871559633027523,0
-0.2179245283018867,0.5871559633027523,0
-0.19716981132075473,0.5871559633027523,0
-0.17641509433962255,0.5871559633027523,0
-0.1556603773584906,0.5871559633027523,0
-0.1349056603773584,0.5871559633027523,0
-0.11415094339622645,0.5871559633027523,0
-0.09339622641509426,0.5871559633027523,0
-0.0726415094339623,0.5871559633027523,0
-0.05188679245283012,0.5871559633027523,0
-0.031132075471698162,0.5871559633027523,0
-0.01037735849056598,0.5871559633027523,0
0.01037735849056598,0.5871559633027523,0
0.031132075471698162,0.5871559633027523,0
0.05188679245283012,0.5871559633027523,0
0.0726415094339623,0.5871559633027523,0
0.09339622641509426,0.5871559633027523,0
0.11415094339622645,0.5871559633027523,0
0.1349056603773584,0.5871559633027523,0
0.1556603773584906,0.5871559633027523,0
0.17641509433962255,0.5871559633027523,0
0.19716981132075473,0.5871559633027523,0
0.2179245283018867,0.5871559633027523,0
0.23867924528301887,0.5871559633027523,0
0.25943396226415083,0.5871559633027523,0
0.280188679245283,0.5871559633027523,0
0.30094339622641497,0.5871559633027523,0
0.32169811320754715,0.5871559633027523,0
0.34245283018867934,0.5871559633027523,0
0.3632075471698113,0.5871559633027523,0
0.38396226415094326,0.5871559633027523,1
0.40471698113207566,0.5871559633027523,1
0.4254716981132076,0.5871559633027523,1
0.4462264150943396,0.5871559633027523,1
0.46698113207547154,0.5871559633027523,1
0.48773584905660394,0.5871559633027523,1
0.5084905660377359,0.5871559633027523,1
0.5292452830188679,0.5871559633027523,1
0.5499999999999998,0.5871559633027523,1
0.5707547169811322,0.5871559633027523,1
0.5915094339622642,0.5871559633027523,1
0.6122641509433961,0.5871559633027523,1
0.6330188679245281,0.5871559633027523,1
0.6537735849056605,0.5871559633027523,1
0.6745283018867925,0.5871559633027523,1
0.6952830188679244,0.5871559633027523,1
0.7160377358490564,0.5871559633027523,1
0.7367924528301888,0.5871559633027523,1
0.7575471698113208,0.5871559633027523,1
0.7783018867924527,0.5871559633027523,1
0.7990566037735847,0.5871559633027523,1
0.8198113207547171,0.5871559633027523,1
0.840566037735849,0.5871559633027523,1
0.861320754716981,0.5871559633027523,1
0.882075471698113,0.5871559633027523,1
0.9028301886792454,0.5871559633027523,1
0.9235849056603773,0.5871559633027523,1
0.9443396226415093,0.5871559633027523,1
0.9650943396226412,0.5871559633027523,1
0.9858490566037736,0.5871559633027523,1
1.0066037735849056,0.5871559633027523,1
1.0273584905660376,0.5871559633027523,1
1.04811320754717,0.5871559633027523,1
1.068867924528302,0.5871559633027523,1
1.0896226415094339,0.5871559633027523,1
1.1103773584905658,0.5871559633027523,1
1.1311320754716983,0.5871559633027523,1
1.1518867924528302,0.5871559633027523,1
1.1726415094339622,0.5871559633027523,1
1.1933962264150941,0.5871559633027523,1
1.2141509433962265,0.5871559633027523,1
1.2349056603773585,0.5871559633027523,1
1.2556603773584905,0.5871559633027523,1
1.2764150943396224,0.5871559633027523,1
1.2971698113207548,0.5871559633027523,1
1.3179245283018868,0.5871559633027523,1
1.3386792452830187,0.5871559633027523,1
1.3594339622641507,0.5871559633027523,1
1.380188679245283,0.5871559633027523,1
1.400943396226415,0.5871559633027523,1
1.421698113207547,0.5871559633027523,1
1.442452830188679,0.5871559633027523,1
1.4632075471698114,0.5871559633027523,1
1.4839622641509433,0.5871559633027523,1
1.5047169811320753,0.5871559633027523,1
1.5254716981132073,0.5871559633027523,1
1.5462264150943397,0.5871559633027523,1
1.5669811320754716,0.5871559633027523,1
1.5877358490566036,0.5871559633027523,1
1.6084905660377355,0.5871559633027523,1
1.629245283018868,0.5871559633027523,1
1.65,0.5871559633027523,1
-1.65,0.5963302752293578,0
-1.6292452830188677,0.5963302752293578,0
-1.6084905660377358,0.5963302752293578,0
-1.5877358490566036,0.5963302752293578,0
-1.5669811320754716,0.5963302752293578,0
-1.5462264150943394,0.5963302752293578,0
-1.5254716981132075,0.5963302752293578,0
-1.5047169811320753,0.5963302752293578,0
-1.4839622641509433,0.5963302752293578,0
-1.4632075471698112,0.5963302752293578,0
-1.4424528301886792,0.5963302752293578,0
-1.421698113207547,0.5963302752293578,0
-1.400943396226415,0.5963302752293578,0
-1.3801886792452829,0.5963302752293578,0
-1.359433962264151,0.5963302752293578,0
-1.3386792452830187,0.5963302752293578,0
-1.3179245283018868,0.5963302752293578,0
-1.2971698113207546,0.5963302752293578,0
-1.2764150943396226,0.5963302752293578,0
-1.2556603773584905,0.5963302752293578,0
-1.2349056603773585,0.5963302752293578,0
-1.2141509433962263,0.5963302752293578,0
-1.1933962264150944,0.5963302752293578,0
-1.1726415094339622,0.5963302752293578,0
-1.1518867924528302,0.5963302752293578,0
-1.131132075471698,0.5963302752293578,0
-1.1103773584905658,0.5963302752293578,0
-1.0896226415094339,0.5963302752293578,0
-1.068867924528302,0.5963302752293578,0
-1.0481132075471697,0.5963302752293578,0
-1.0273584905660376,0.5963302752293578,0
-1.0066037735849056,0.5963302752293578,0
-0.9858490566037735,0.5963302752293578,0
-0.9650943396226415,0.5963302752293578,0
-0.9443396226415094,0.5963302752293578,0
-0.9235849056603773,0.5963302752293578,0
-0.9028301886792452,0.5963302752293578,0
-0.8820754716981132,0.5963302752293578,0
-0.8613207547169811,0.5963302752293578,0
-0.840566037735849,0.5963302752293578,0
-0.819811320754717,0.5963302752293578,0
-0.7990566037735849,0.5963302752293578,0
-0.7783018867924528,0.5963302752293578,0
-0.7575471698113208,0.5963302752293578,0
-0.7367924528301887,0.5963302752293578,0
-0.7160377358490566,0.5963302752293578,0
-0.6952830188679245,0.5963302752293578,0
-0.6745283018867925,0.5963302752293578,0
-0.6537735849056603,0.5963302752293578,0
-0.6330188679245283,0.5963302752293578,0
-0.6122641509433961,0.5963302752293578,0
-0.5915094339622642,0.5963302752293578,0
-0.570754716981132,0.5963302752293578,0
-0.55,0.5963302752293578,0
-0.5292452830188679,0.5963302752293578,0
-0.5084905660377359,0.5963302752293578,0
-0.4877358490566037,0.5963302752293578,0
-0.46698113207547176,0.5963302752293578,0
-0.4462264150943396,0.5963302752293578,0
-0.4254716981132076,0.5963302752293578,0
-0.40471698113207544,0.5963302752293578,0
-0.3839622641509435,0.5963302752293578,0
-0.3632075471698113,0.5963302752293578,0
-0.34245283018867934,0.5963302752293578,0
-0.32169811320754715,0.5963302752293578,0
-0.30094339622641497,0.5963302752293578,0
-0.280188679245283,0.5963302752293578,0
-0.25943396226415083,0.5963302752293578,0
-0.23867924528301887,0.5963302752293578,0
-0.2179245283018867,0.5963302752293578,0
-0.19716981132075473,0.5963302752293578,0
-0.17641509433962255,0.5963302752293578,0
-0.1556603773584906,0.5963302752293578,0
-0.1349056603773584,0.5963302752293578,0
-0.11415094339622645,0.5963302752293578,0
-0.09339622641509426,0.5963302752293578,0
-0.0726415094339623,0.5963302752293578,0
-0.05188679245283012,0.5963302752293578,0
-0.031132075471698162,0.5963302752293578,0
-0.01037735849056598,0.5963302752293578,0
0.01037735849056598,0.5963302752293578,0
0.031132075471698162,0.5963302752293578,0
0.05188679245283012,0.5963302752293578,0
0.0726415094339623,0.5963302752293578,0
0.09339622641509426,0.5963302752293578,0
0.11415094339622645,0.5963302752293578,0
0.1349056603773584,0.5963302752293578,0
0.1556603773584906,0.5963302752293578,0
0.17641509433962255,0.5963302752293578,0
0.19716981132075473,0.5963302752293578,0
0.2179245283018867,0.5963302752293578,0
0.23867924528301887,0.5963302752293578,0
0.25943396226415083,0.5963302752293578,0
0.280188679245283,0.5963302752293578,0
0.30094339622641497,0.5963302752293578,0
0.32169811320754715,0.5963302752293578,0
0.34245283018867934,0.5963302752293578,0
0.3632075471698113,0.5963302752293578,0
0.38396226415094326,0.5963302752293578,0
0.40471698113207566,0.5963302752293578,1
0.4254716981132076,0.5963302752293578,1
0.4462264150943396,0.5963302752293578,1
0.46698113207547154,0.5963302752293578,1
0.48773584905660394,0.5963302752293578,1
0.5084905660377359,0.5963302752293578,1
0.5292452830188679,0.5963302752293578,1
0.5499999999999998,0.5963302752293578,1
0.5707547169811322,0.5963302752293578,1
0.5915094339622642,0.5963302752293578,1
0.6122641509433961,0.5963302752293578,1
0.6330188679245281,0.5963302752293578,1
0.6537735849056605,0.5963302752293578,1
0.6745283018867925,0.5963302752293578,1
0.6952830188679244,0.5963302752293578,1
0.7160377358490564,0.5963302752293578,1
0.7367924528301888,0.5963302752293578,1
0.7575471698113208,0.5963302752293578,1
0.7783018867924527,0.5963302752293578,1
0.7990566037735847,0.5963302752293578,1
0.8198113207547171,0.5963302752293578,1
0.840566037735849,0.5963302752293578,1
0.861320754716981,0.5963302752293578,1
0.882075471698113,0.5963302752293578,1
0.9028301886792454,0.5963302752293578,1
0.9235849056603773,0.5963302752293578,1
0.9443396226415093,0.5963302752293578,1
0.9650943396226412,0.5963302752293578,1
0.9858490566037736,0.5963302752293578,1
1.0066037735849056,0.5963302752293578,1
1.0273584905660376,0.5963302752293578,1
1.04811320754717,0.5963302752293578,1
1.068867924528302,0.5963302752293578,1
1.0896226415094339,0.5963302752293578,1
1.1103773584905658,0.5963302752293578,1
1.1311320754716983,0.5963302752293578,1
1.1518867924528302,0.5963302752293578,1
1.1726415094339622,0.5963302752293578,1
1.1933962264150941,0.5963302752293578,1
1.2141509433962265,0.5963302752293578,1
1.2349056603773585,0.5963302752293578,1
1.2556603773584905,0.5963302752293578,1
1.2764150943396224,0.5963302752293578,1
1.2971698113207548,0.5963302752293578,1
1.3179245283018868,0.5963302752293578,1
1.3386792452830187,0.5963302752293578,1
1.3594339622641507,0.5963302752293578,1
1.380188679245283,0.5963302752293578,1
1.400943396226415,0.5963302752293578,1
1.421698113207547,0.5963302752293578,1
1.442452830188679,0.5963302752293578,1
1.4632075471698114,0.5963302752293578,1
1.4839622641509433,0.5963302752293578,1
1.5047169811320753,0.5963302752293578,1
1.5254716981132073,0.5963302752293578,1
1.5462264150943397,0.5963302752293578,1
1.5669811320754716,0.5963302752293578,1
1.5877358490566036,0.5963302752293578,1
1.6084905660377355,0.5963302752293578,1
1.629245283018868,0.5963302752293578,1
1.65,0.5963302752293578,1
-1.65,0.6055045871559633,0
-1.6292452830188677,0.6055045871559633,0
-1.6084905660377358,0.6055045871559633,0
-1.5877358490566036,0.6055045871559633,0
-1.5669811320754716,0.6055045871559633,0
-1.5462264150943394,0.6055045871559633,0
-1.5254716981132075,0.6055045871559633,0
-1.5047169811320753,0.6055045871559633,0
-1.4839622641509433,0.6055045871559633,0
-1.4632075471698112,0.6055045871559633,0
-1.4424528301886792,0.6055045871559633,0
-1.421698113207547,0.6055045871559633,0
-1.400943396226415,0.6055045871559633,0
-1.3801886792452829,0.6055045871559633,0
-1.359433962264151,0.6055045871559633,0
-1.3386792452830187,0.6055045871559633,0
-1.3179245283018868,0.6055045871559633,0
-1.2971698113207546,0.6055045871559633,0
-1.2764150943396226,0.6055045871559633,0
-1.2556603773584905,0.6055045871559633,0
-1.2349056603773585,0.6055045871559633,0
-1.2141509433962263,0.6055045871559633,0
-1.1933962264150944,0.6055045871559633,0
-1.1726415094339622,0.6055045871559633,0
-1.1518867924528302,0.6055045871559633,0
-1.131132075471698,0.6055045871559633,0
-1.1103773584905658,0.6055045871559633,0
-1.0896226415094339,0.6055045871559633,0
-1.068867924528302,0.6055045871559633,0
-1.0481132075471697,0.6055045871559633,0
-1.0273584905660376,0.6055045871559633,0
-1.0066037735849056,0.6055045871559633,0
-0.9858490566037735,0.6055045871559633,0
-0.9650943396226415,0.6055045871559633,0
-0.9443396226415094,0.6055045871559633,0
-0.9235849056603773,0.6055045871559633,0
-0.9028301886792452,0.6055045871559633,0
-0.8820754716981132,0.6055045871559633,0
-0.8613207547169811,0.6055045871559633,0
-0.840566037735849,0.6055045871559633,0
-0.819811320754717,0.6055045871559633,0
-0.7990566037735849,0.6055045871559633,0
-0.7783018867924528,0.6055045871559633,0
-0.7575471698113208,0.6055045871559633,0
-0.7367924528301887,0.6055045871559633,0
-0.7160377358490566,0.6055045871559633,0
-0.6952830188679245,0.6055045871559633,0
-0.6745283018867925,0.6055045871559633,0
-0.6537735849056603,0.6055045871559633,0
-0.6330188679245283,0.6055045871559633,0
-0.6122641509433961,0.6055045871559633,0
-0.5915094339622642,0.6055045871559633,0
-0.570754716981132,0.6055045871559633,0
-0.55,0.6055045871559633,0
-0.5292452830188679,0.6055045871559633,0
-0.5084905660377359,0.6055045871559633,0
-0.4877358490566037,0.6055045871559633,0
-0.46698113207547176,0.6055045871559633,0
-0.4462264150943396,0.6055045871559633,0
-0.4254716981132076,0.6055045871559633,0
-0.40471698113207544,0.6055045871559633,0
-0.3839622641509435,0.6055045871559633,0
-0.3632075471698113,0.6055045871559633,0
-0.34245283018867934,0.6055045871559633,0
-0.32169811320754715,0.6055045871559633,0
-0.30094339622641497,0.6055045871559633,0
-0.280188679245283,0.6055045871559633,0
-0.25943396226415083,0.6055045871559633,0
-0.23867924528301887,0.6055045871559633,0
-0.2179245283018867,0.6055045871559633,0
-0.19716981132075473,0.6055045871559633,0
-0.17641509433962255,0.6055045871559633,0
-0.1556603773584906,0.6055045871559633,0
-0.1349056603773584,0.6055045871559633,0
-0.11415094339622645,0.6055045871559633,0
-0.09339622641509426,0.6055045871559633,0
-0.0726415094339623,0.6055045871559633,0
-0.05188679245283012,0.6055045871559633,0
-0.031132075471698162,0.6055045871559633,0
-0.01037735849056598,0.6055045871559633,0
0.01037735849056598,0.6055045871559633,0
0.031132075471698162,0.6055045871559633,0
0.05188679245283012,0.6055045871559633,0
0.0726415094339623,0.6055045871559633,0
0.09339622641509426,0.6055045871559633,0
0.11415094339622645,0.6055045871559633,0
0.1349056603773584,0.6055045871559633,0
0.1556603773584906,0.6055045871559633,0
0.17641509433962255,0.6055045871559633,0
0.19716981132075473,0.6055045871559633,0
0.2179245283018867,0.6055045871559633,0
0.23867924528301887,0.6055045871559633,0
0.25943396226415083,0.6055045871559633,0
0.280188679245283,0.6055045871559633,0
0.30094339622641497,0.6055045871559633,0
0.32169811320754715,0.6055045871559633,0
0.34245283018867934,0.6055045871559633,0
0.3632075471698113,0.6055045871559633,0
0.38396226415094326,0.6055045871559633,0
0.40471698113207566,0.6055045871559633,1
0.4254716981132076,0.6055045871559633,1
0.4462264150943396,0.6055045871559633,1
0.46698113207547154,0.6055045871559633,1
0.48773584905660394,0.6055045871559633,1
0.5084905660377359,0.6055045871559633,1
0.5292452830188679,0.6055045871559633,1
0.5499999999999998,0.6055045871559633,1
0.5707547169811322,0.6055045871559633,1
0.5915094339622642,0.6055045871559633,1
0.6122641509433961,0.6055045871559633,1
0.6330188679245281,0.6055045871559633,1
0.6537735849056605,0.6055045871559633,1
0.6745283018867925,0.6055045871559633,1
0.6952830188679244,0.6055045871559633,1
0.7160377358490564,0.6055045871559633,1
0.7367924528301888,0.6055045871559633,1
0.7575471698113208,0.6055045871559633,1
0.7783018867924527,0.6055045871559633,1
0.7990566037735847,0.6055045871559633,1
0.8198113207547171,0.6055045871559633,1
0.840566037735849,0.6055045871559633,1
0.861320754716981,0.6055045871559633,1
0.882075471698113,0.6055045871559633,1
0.9028301886792454,0.6055045871559633,1
0.9235849056603773,0.6055045871559633,1
0.9443396226415093,0.6055045871559633,1
0.9650943396226412,0.6055045871559633,1
0.9858490566037736,0.6055045871559633,1
1.0066037735849056,0.6055045871559633,1
1.0273584905660376,0.6055045871559633,1
1.04811320754717,0.6055045871559633,1
1.068867924528302,0.6055045871559633,1
1.0896226415094339,0.6055045871559633,1
1.1103773584905658,0.6055045871559633,1
1.1311320754716983,0.6055045871559633,1
1.1518867924528302,0.6055045871559633,1
1.1726415094339622,0.6055045871559633,1
1.1933962264150941,0.6055045871559633,1
1.2141509433962265,0.6055045871559633,1
1.2349056603773585,0.6055045871559633,1
1.2556603773584905,0.6055045871559633,1
1.2764150943396224,0.6055045871559633,1
1.2971698113207548,0.6055045871559633,1
1.3179245283018868,0.6055045871559633,1
1.3386792452830187,0.6055045871559633,1
1.3594339622641507,0.6055045871559633,1
1.380188679245283,0.6055045871559633,1
1.400943396226415,0.6055045871559633,1
1.421698113207547,0.6055045871559633,1
1.442452830188679,0.6055045871559633,1
1.4632075471698114,0.6055045871559633,1
1.4839622641509433,0.6055045871559633,1
1.5047169811320753,0.6055045871559633,1
1.5254716981132073,0.6055045871559633,1
1.5462264150943397,0.6055045871559633,1
1.5669811320754716,0.6055045871559633,1
1.5877358490566036,0.6055045871559633,1
1.6084905660377355,0.6055045871559633,1
1.629245283018868,0.6055045871559633,1
1.65,0.6055045871559633,1
-1.65,0.6146788990825689,0
-1.6292452830188677,0.6146788990825689,0
-1.6084905660377358,0.6146788990825689,0
-1.5877358490566036,0.6146788990825689,0
-1.5669811320754716,0.6146788990825689,0
-1.5462264150943394,0.6146788990825689,0
-1.5254716981132075,0.6146788990825689,0
-1.5047169811320753,0.6146788990825689,0
-1.4839622641509433,0.6146788990825689,0
-1.4632075471698112,0.6146788990825689,0
-1.4424528301886792,0.6146788990825689,0
-1.421698113207547,0.6146788990825689,0
-1.400943396226415,0.6146788990825689,0
-1.3801886792452829,0.6146788990825689,0
-1.359433962264151,0.6146788990825689,0
-1.3386792452830187,0.6146788990825689,0
-1.3179245283018868,0.6146788990825689,0
-1.2971698113207546,0.6146788990825689,0
-1.2764150943396226,0.6146788990825689,0
-1.2556603773584905,0.6146788990825689,0
-1.2349056603773585,0.6146788990825689,0
-1.2141509433962263,0.6146788990825689,0
-1.1933962264150944,0.6146788990825689,0
-1.1726415094339622,0.6146788990825689,0
-1.1518867924528302,0.6146788990825689,0
-1.131132075471698,0.6146788990825689,0
-1.1103773584905658,0.6146788990825689,0
-1.0896226415094339,0.6146788990825689,0
-1.068867924528302,0.6146788990825689,0
-1.0481132075471697,0.6146788990825689,0
-1.0273584905660376,0.6146788990825689,0
-1.0066037735849056,0.6146788990825689,0
-0.9858490566037735,0.6146788990825689,0
-0.9650943396226415,0.6146788990825689,0
-0.9443396226415094,0.6146788990825689,0
-0.9235849056603773,0.6146788990825689,0
-0.9028301886792452,0.6146788990825689,0
-0.8820754716981132,0.6146788990825689,0
-0.8613207547169811,0.6146788990825689,0
-0.840566037735849,0.6146788990825689,0
-0.819811320754717,0.6146788990825689,0
-0.7990566037735849,0.6146788990825689,0
-0.7783018867924528,0.6146788990825689,0
-0.7575471698113208,0.6146788990825689,0
-0.7367924528301887,0.6146788990825689,0
-0.7160377358490566,0.6146788990825689,0
-0.6952830188679245,0.6146788990825689,0
-0.6745283018867925,0.6146788990825689,0
-0.6537735849056603,0.6146788990825689,0
-0.6330188679245283,0.6146788990825689,0
-0.6122641509433961,0.6146788990825689,0
-0.5915094339622642,0.6146788990825689,0
-0.570754716981132,0.6146788990825689,0
-0.55,0.6146788990825689,0
-0.5292452830188679,0.6146788990825689,0
-0.5084905660377359,0.6146788990825689,0
-0.4877358490566037,0.6146788990825689,0
-0.46698113207547176,0.6146788990825689,0
-0.4462264150943396,0.6146788990825689,0
-0.4254716981132076,0.6146788990825689,0
-0.40471698113207544,0.6146788990825689,0
-0.3839622641509435,0.6146788990825689,0
-0.3632075471698113,0.6146788990825689,0
-0.34245283018867934,0.6146788990825689,0
-0.32169811320754715,0.6146788990825689,0
-0.30094339622641497,0.6146788990825689,0
-0.280188679245283,0.6146788990825689,0
-0.25943396226415083,0.6146788990825689,0
-0.23867924528301887,0.6146788990825689,0
-0.2179245283018867,0.6146788990825689,0
-0.19716981132075473,0.6146788990825689,0
-0.17641509433962255,0.6146788990825689,0
-0.1556603773584906,0.6146788990825689,0
-0.1349056603773584,0.6146788990825689,0
-0.11415094339622645,0.6146788990825689,0
-0.09339622641509426,0.6146788990825689,0
-0.0726415094339623,0.6146788990825689,0
-0.05188679245283012,0.6146788990825689,0
-0.031132075471698162,0.6146788990825689,0
-0.01037735849056598,0.6146788990825689,0
0.01037735849056598,0.6146788990825689,0
0.031132075471698162,0.6146788990825689,0
0.05188679245283012,0.6146788990825689,0
0.0726415094339623,0.6146788990825689,0
0.09339622641509426,0.6146788990825689,0
0.11415094339622645,0.6146788990825689,0
0.1349056603773584,0.6146788990825689,0
0.1556603773584906,0.6146788990825689,0
0.17641509433962255,0.6146788990825689,0
0.19716981132075473,0.6146788990825689,0
0.2179245283018867,0.6146788990825689,0
0.23867924528301887,0.6146788990825689,0
0.25943396226415083,0.6146788990825689,0
0.280188679245283,0.6146788990825689,0
0.30094339622641497,0.6146788990825689,0
0.32169811320754715,0.6146788990825689,0
0.34245283018867934,0.6146788990825689,0
0.3632075471698113,0.6146788990825689,0
0.38396226415094326,0.6146788990825689,0
0.40471698113207566,0.6146788990825689,1
0.4254716981132076,0.6146788990825689,1
0.4462264150943396,0.6146788990825689,1
0.46698113207547154,0.6146788990825689,1
0.48773584905660394,0.6146788990825689,1
0.5084905660377359,0.6146788990825689,1
0.5292452830188679,0.6146788990825689,1
0.5499999999999998,0.6146788990825689,1
0.5707547169811322,0.6146788990825689,1
0.5915094339622642,0.6146788990825689,1
0.6122641509433961,0.6146788990825689,1
0.6330188679245281,0.6146788990825689,1
0.6537735849056605,0.6146788990825689,1
0.6745283018867925,0.6146788990825689,1
0.6952830188679244,0.6146788990825689,1
0.7160377358490564,0.6146788990825689,1
0.7367924528301888,0.6146788990825689,1
0.7575471698113208,0.6146788990825689,1
0.7783018867924527,0.6146788990825689,1
0.7990566037735847,0.6146788990825689,1
0.8198113207547171,0.6146788990825689,1
0.840566037735849,0.6146788990825689,1
0.861320754716981,0.6146788990825689,1
0.882075471698113,0.6146788990825689,1
0.9028301886792454,0.6146788990825689,1
0.9235849056603773,0.6146788990825689,1
0.9443396226415093,0.6146788990825689,1
0.9650943396226412,0.6146788990825689,1
0.9858490566037736,0.6146788990825689,1
1.0066037735849056,0.6146788990825689,1
1.0273584905660376,0.6146788990825689,1
1.04811320754717,0.6146788990825689,1
1.068867924528302,0.6146788990825689,1
1.0896226415094339,0.6146788990825689,1
1.1103773584905658,0.6146788990825689,1
1.1311320754716983,0.6146788990825689,1
1.1518867924528302,0.6146788990825689,1
1.1726415094339622,0.6146788990825689,1
1.1933962264150941,0.6146788990825689,1
1.2141509433962265,0.6146788990825689,1
1.2349056603773585,0.6146788990825689,1
1.2556603773584905,0.6146788990825689,1
1.2764150943396224,0.6146788990825689,1
1.2971698113207548,0.6146788990825689,1
1.3179245283018868,0.6146788990825689,1
1.3386792452830187,0.6146788990825689,1
1.3594339622641507,0.6146788990825689,1
1.380188679245283,0.6146788990825689,1
1.400943396226415,0.6146788990825689,1
1.421698113207547,0.6146788990825689,1
1.442452830188679,0.6146788990825689,1
1.4632075471698114,0.6146788990825689,1
1.4839622641509433,0.6146788990825689,1
1.5047169811320753,0.6146788990825689,1
1.5254716981132073,0.6146788990825689,1
1.5462264150943397,0.6146788990825689,1
1.5669811320754716,0.6146788990825689,1
1.5877358490566036,0.6146788990825689,1
1.6084905660377355,0.6146788990825689,1
1.629245283018868,0.6146788990825689,1
1.65,0.6146788990825689,1
-1.65,0.6238532110091743,0
-1.6292452830188677,0.6238532110091743,0
-1.6084905660377358,0.6238532110091743,0
-1.5877358490566036,0.6238532110091743,0
-1.5669811320754716,0.6238532110091743,0
-1.5462264150943394,0.6238532110091743,0
-1.5254716981132075,0.6238532110091743,0
-1.5047169811320753,0.6238532110091743,0
-1.4839622641509433,0.6238532110091743,0
-1.4632075471698112,0.6238532110091743,0
-1.4424528301886792,0.6238532110091743,0
-1.421698113207547,0.6238532110091743,0
-1.400943396226415,0.6238532110091743,0
-1.3801886792452829,0.6238532110091743,0
-1.359433962264151,0.6238532110091743,0
-1.3386792452830187,0.6238532110091743,0
-1.3179245283018868,0.6238532110091743,0
-1.2971698113207546,0.6238532110091743,0
-1.2764150943396226,0.6238532110091743,0
-1.2556603773584905,0.6238532110091743,0
-1.2349056603773585,0.6238532110091743,0
-1.2141509433962263,0.6238532110091743,0
-1.1933962264150944,0.6238532110091743,0
-1.1726415094339622,0.6238532110091743,0
-1.1518867924528302,0.6238532110091743,0
-1.131132075471698,0.6238532110091743,0
-1.1103773584905658,0.6238532110091743,0
-1.0896226415094339,0.6238532110091743,0
-1.068867924528302,0.6238532110091743,0
-1.0481132075471697,0.6238532110091743,0
-1.0273584905660376,0.6238532110091743,0
-1.0066037735849056,0.6238532110091743,0
-0.9858490566037735,0.6238532110091743,0
-0.9650943396226415,0.6238532110091743,0
-0.9443396226415094,0.6238532110091743,0
-0.9235849056603773,0.6238532110091743,0
-0.9028301886792452,0.6238532110091743,0
-0.8820754716981132,0.6238532110091743,0
-0.8613207547169811,0.6238532110091743,0
-0.840566037735849,0.6238532110091743,0
-0.819811320754717,0.6238532110091743,0
-0.7990566037735849,0.6238532110091743,0
-0.7783018867924528,0.6238532110091743,0
-0.7575471698113208,0.6238532110091743,0
-0.7367924528301887,0.6238532110091743,0
-0.7160377358490566,0.6238532110091743,0
-0.6952830188679245,0.6238532110091743,0
-0.6745283018867925,0.6238532110091743,0
-0.6537735849056603,0.6238532110091743,0
-0.6330188679245283,0.6238532110091743,0
-0.6122641509433961,0.6238532110091743,0
-0.5915094339622642,0.6238532110091743,0
-0.570754716981132,0.6238532110091743,0
-0.55,0.6238532110091743,0
-0.5292452830188679,0.6238532110091743,0
-0.5084905660377359,0.6238532110091743,0
-0.4877358490566037,0.6238532110091743,0
-0.46698113207547176,0.6238532110091743,0
-0.4462264150943396,0.6238532110091743,0
-0.4254716981132076,0.6238532110091743,0
-0.40471698113207544,0.6238532110091743,0
-0.3839622641509435,0.6238532110091743,0
-0.3632075471698113,0.6238532110091743,0
-0.34245283018867934,0.6238532110091743,0
-0.32169811320754715,0.6238532110091743,0
-0.30094339622641497,0.6238532110091743,0
-0.280188679245283,0.6238532110091743,0
-0.25943396226415083,0.6238532110091743,0
-0.23867924528301887,0.6238532110091743,0
-0.2179245283018867,0.6238532110091743,0
-0.19716981132075473,0.6238532110091743,0
-0.17641509433962255,0.6238532110091743,0
-0.1556603773584906,0.6238532110091743,0
-0.1349056603773584,0.6238532110091743,0
-0.11415094339622645,0.6238532110091743,0
-0.09339622641509426,0.6238532110091743,0
-0.0726415094339623,0.6238532110091743,0
-0.05188679245283012,0.6238532110091743,0
-0.031132075471698162,0.6238532110091743,0
-0.01037735849056598,0.6238532110091743,0
0.01037735849056598,0.6238532110091743,0
0.031132075471698162,0.6238532110091743,0
0.05188679245283012,0.6238532110091743,0
0.0726415094339623,0.6238532110091743,0
0.09339622641509426,0.6238532110091743,0
0.11415094339622645,0.6238532110091743,0
0.1349056603773584,0.6238532110091743,0
0.1556603773584906,0.6238532110091743,0
0.17641509433962255,0.6238532110091743,0
0.19716981132075473,0.6238532110091743,0
0.2179245283018867,0.6238532110091743,0
0.23867924528301887,0.6238532110091743,0
0.25943396226415083,0.6238532110091743,0
0.280188679245283,0.6238532110091743,0
0.30094339622641497,0.6238532110091743,0
0.32169811320754715,0.6238532110091743,0
0.34245283018867934,0.6238532110091743,0
0.3632075471698113,0.6238532110091743,0
0.38396226415094326,0.6238532110091743,0
0.40471698113207566,0.6238532110091743,1
0.4254716981132076,0.6238532110091743,1
0.4462264150943396,0.6238532110091743,1
0.46698113207547154,0.6238532110091743,1
0.48773584905660394,0.6238532110091743,1
0.5084905660377359,0.6238532110091743,1
0.5292452830188679,0.6238532110091743,1
0.5499999999999998,0.6238532110091743,1
0.5707547169811322,0.6238532110091743,1
0.5915094339622642,0.6238532110091743,1
0.6122641509433961,0.6238532110091743,1
0.6330188679245281,0.6238532110091743,1
0.6537735849056605,0.6238532110091743,1
0.6745283018867925,0.6238532110091743,1
0.6952830188679244,0.6238532110091743,1
0.7160377358490564,0.6238532110091743,1
0.7367924528301888,0.6238532110091743,1
0.7575471698113208,0.6238532110091743,1
0.7783018867924527,0.6238532110091743,1
0.7990566037735847,0.6238532110091743,1
0.8198113207547171,0.6238532110091743,1
0.840566037735849,0.6238532110091743,1
0.861320754716981,0.6238532110091743,1
0.882075471698113,0.6238532110091743,1
0.9028301886792454,0.6238532110091743,1
0.9235849056603773,0.6238532110091743,1
0.9443396226415093,0.6238532110091743,1
0.9650943396226412,0.6238532110091743,1
0.9858490566037736,0.6238532110091743,1
1.0066037735849056,0.6238532110091743,1
1.0273584905660376,0.6238532110091743,1
1.04811320754717,0.6238532110091743,1
1.068867924528302,0.6238532110091743,1
1.0896226415094339,0.6238532110091743,1
1.1103773584905658,0.6238532110091743,1
1.1311320754716983,0.6238532110091743,1
1.1518867924528302,0.6238532110091743,1
1.1726415094339622,0.6238532110091743,1
1.1933962264150941,0.6238532110091743,1
1.2141509433962265,0.6238532110091743,1
1.2349056603773585,0.6238532110091743,1
1.2556603773584905,0.6238532110091743,1
1.2764150943396224,0.6238532110091743,1
1.2971698113207548,0.6238532110091743,1
1.3179245283018868,0.6238532110091743,1
1.3386792452830187,0.6238532110091743,1
1.3594339622641507,0.6238532110091743,1
1.380188679245283,0.6238532110091743,1
1.400943396226415,0.6238532110091743,1
1.421698113207547,0.6238532110091743,1
1.442452830188679,0.6238532110091743,1
1.4632075471698114,0.6238532110091743,1
1.4839622641509433,0.6238532110091743,1
1.5047169811320753,0.6238532110091743,1
1.5254716981132073,0.6238532110091743,1
1.5462264150943397,0.6238532110091743,1
1.5669811320754716,0.6238532110091743,1
1.5877358490566036,0.6238532110091743,1
1.6084905660377355,0.6238532110091743,1
1.629245283018868,0.6238532110091743,1
1.65,0.6238532110091743,1
-1.65,0.6330275229357798,0
-1.6292452830188677,0.6330275229357798,0
-1.6084905660377358,0.6330275229357798,0
-1.5877358490566036,0.6330275229357798,0
-1.5669811320754716,0.6330275229357798,0
-1.5462264150943394,0.6330275229357798,0
-1.5254716981132075,0.6330275229357798,0
-1.5047169811320753,0.6330275229357798,0
-1.4839622641509433,0.6330275229357798,0
-1.4632075471698112,0.6330275229357798,0
-1.4424528301886792,0.6330275229357798,0
-1.421698113207547,0.6330275229357798,0
-1.400943396226415,0.6330275229357798,0
-1.3801886792452829,0.6330275229357798,0
-1.359433962264151,0.6330275229357798,0
-1.3386792452830187,0.6330275229357798,0
-1.3179245283018868,0.6330275229357798,0
-1.2971698113207546,0.6330275229357798,0
-1.2764150943396226,0.6330275229357798,0
-1.2556603773584905,0.6330275229357798,0
-1.2349056603773585,0.6330275229357798,0
-1.2141509433962263,0.6330275229357798,0
-1.1933962264150944,0.6330275229357798,0
-1.1726415094339622,0.6330275229357798,0
-1.1518867924528302,0.6330275229357798,0
-1.131132075471698,0.6330275229357798,0
-1.1103773584905658,0.6330275229357798,0
-1.0896226415094339,0.6330275229357798,0
-1.068867924528302,0.6330275229357798,0
-1.0481132075471697,0.6330275229357798,0
-1.0273584905660376,0.6330275229357798,0
-1.0066037735849056,0.6330275229357798,0
-0.9858490566037735,0.6330275229357798,0
-0.9650943396226415,0.6330275229357798,0
-0.9443396226415094,0.6330275229357798,0
-0.9235849056603773,0.6330275229357798,0
-0.9028301886792452,0.6330275229357798,0
-0.8820754716981132,0.6330275229357798,0
-0.8613207547169811,0.6330275229357798,0
-0.840566037735849,0.6330275229357798,0
-0.819811320754717,0.6330275229357798,0
-0.7990566037735849,0.6330275229357798,0
-0.7783018867924528,0.6330275229357798,0
-0.7575471698113208,0.6330275229357798,0
-0.7367924528301887,0.6330275229357798,0
-0.7160377358490566,0.6330275229357798,0
-0.6952830188679245,0.6330275229357798,0
-0.6745283018867925,0.6330275229357798,0
-0.6537735849056603,0.6330275229357798,0
-0.6330188679245283,0.6330275229357798,0
-0.6122641509433961,0.6330275229357798,0
-0.5915094339622642,0.6330275229357798,0
-0.570754716981132,0.6330275229357798,0
-0.55,0.6330275229357798,0
-0.5292452830188679,0.6330275229357798,0
-0.5084905660377359,0.6330275229357798,0
-0.4877358490566037,0.6330275229357798,0
-0.46698113207547176,0.6330275229357798,0
-0.4462264150943396,0.6330275229357798,0
-0.4254716981132076,0.6330275229357798,0
-0.40471698113207544,0.6330275229357798,0
-0.3839622641509435,0.6330275229357798,0
-0.3632075471698113,0.6330275229357798,0
-0.34245283018867934,0.6330275229357798,0
-0.32169811320754715,0.6330275229357798,0
-0.30094339622641497,0.6330275229357798,0
-0.280188679245283,0.6330275229357798,0
-0.25943396226415083,0.6330275229357798,0
-0.23867924528301887,0.6330275229357798,0
-0.2179245283018867,0.6330275229357798,0
-0.19716981132075473,0.6330275229357798,0
-0.17641509433962255,0.6330275229357798,0
-0.1556603773584906,0.6330275229357798,0
-0.1349056603773584,0.6330275229357798,0
-0.11415094339622645,0.6330275229357798,0
-0.09339622641509426,0.6330275229357798,0
-0.0726415094339623,0.6330275229357798,0
-0.05188679245283012,0.6330275229357798,0
-0.031132075471698162,0.6330275229357798,0
-0.01037735849056598,0.6330275229357798,0
0.01037735849056598,0.6330275229357798,0
0.031132075471698162,0.6330275229357798,0
0.05188679245283012,0.6330275229357798,0
0.0726415094339623,0.6330275229357798,0
0.09339622641509426,0.6330275229357798,0
0.11415094339622645,0.6330275229357798,0
0.1349056603773584,0.6330275229357798,0
0.1556603773584906,0.6330275229357798,0
0.17641509433962255,0.6330275229357798,0
0.19716981132075473,0.6330275229357798,0
0.2179245283018867,0.6330275229357798,0
0.23867924528301887,0.6330275229357798,0
0.25943396226415083,0.6330275229357798,0
0.280188679245283,0.6330275229357798,0
0.30094339622641497,0.6330275229357798,0
0.32169811320754715,0.6330275229357798,0
0.34245283018867934,0.6330275229357798,0
0.3632075471698113,0.6330275229357798,0
0.38396226415094326,0.6330275229357798,0
0.40471698113207566,0.6330275229357798,1
0.4254716981132076,0.6330275229357798,1
0.4462264150943396,0.6330275229357798,1
0.46698113207547154,0.6330275229357798,1
0.48773584905660394,0.6330275229357798,1
0.5084905660377359,0.6330275229357798,1
0.5292452830188679,0.6330275229357798,1
0.5499999999999998,0.6330275229357798,1
0.5707547169811322,0.6330275229357798,1
0.5915094339622642,0.6330275229357798,1
0.6122641509433961,0.6330275229357798,1
0.6330188679245281,0.6330275229357798,1
0.6537735849056605,0.6330275229357798,1
0.6745283018867925,0.6330275229357798,1
0.6952830188679244,0.6330275229357798,1
0.7160377358490564,0.6330275229357798,1
0.7367924528301888,0.6330275229357798,1
0.7575471698113208,0.6330275229357798,1
0.7783018867924527,0.6330275229357798,1
0.7990566037735847,0.6330275229357798,1
0.8198113207547171,0.6330275229357798,1
0.840566037735849,0.6330275229357798,1
0.861320754716981,0.6330275229357798,1
0.882075471698113,0.6330275229357798,1
0.9028301886792454,0.6330275229357798,1
0.9235849056603773,0.6330275229357798,1
0.9443396226415093,0.6330275229357798,1
0.9650943396226412,0.6330275229357798,1
0.9858490566037736,0.6330275229357798,1
1.0066037735849056,0.6330275229357798,1
1.0273584905660376,0.6330275229357798,1
1.04811320754717,0.6330275229357798,1
1.068867924528302,0.6330275229357798,1
1.0896226415094339,0.6330275229357798,1
1.1103773584905658,0.6330275229357798,1
1.1311320754716983,0.6330275229357798,1
1.1518867924528302,0.6330275229357798,1
1.1726415094339622,0.6330275229357798,1
1.1933962264150941,0.6330275229357798,1
1.2141509433962265,0.6330275229357798,1
1.2349056603773585,0.6330275229357798,1
1.2556603773584905,0.6330275229357798,1
1.2764150943396224,0.6330275229357798,1
1.2971698113207548,0.6330275229357798,1
1.3179245283018868,0.6330275229357798,1
1.3386792452830187,0.6330275229357798,1
1.3594339622641507,0.6330275229357798,1
1.380188679245283,0.6330275229357798,1
1.400943396226415,0.6330275229357798,1
1.421698113207547,0.6330275229357798,1
1.442452830188679,0.6330275229357798,1
1.4632075471698114,0.6330275229357798,1
1.4839622641509433,0.6330275229357798,1
1.5047169811320753,0.6330275229357798,1
1.5254716981132073,0.6330275229357798,1
1.5462264150943397,0.6330275229357798,1
1.5669811320754716,0.6330275229357798,1
1.5877358490566036,0.6330275229357798,1
1.6084905660377355,0.6330275229357798,1
1.629245283018868,0.6330275229357798,1
1.65,0.6330275229357798,1
-1.65,0.6422018348623854,0
-1.6292452830188677,0.6422018348623854,0
-1.6084905660377358,0.6422018348623854,0
-1.5877358490566036,0.6422018348623854,0
-1.5669811320754716,0.6422018348623854,0
-1.5462264150943394,0.6422018348623854,0
-1.5254716981132075,0.6422018348623854,0
-1.5047169811320753,0.6422018348623854,0
-1.4839622641509433,0.6422018348623854,0
-1.4632075471698112,0.6422018348623854,0
-1.4424528301886792,0.6422018348623854,0
-1.421698113207547,0.6422018348623854,0
-1.400943396226415,0.6422018348623854,0
-1.3801886792452829,0.6422018348623854,0
-1.359433962264151,0.6422018348623854,0
-1.3386792452830187,0.6422018348623854,0
-1.3179245283018868,0.6422018348623854,0
-1.2971698113207546,0.6422018348623854,0
-1.2764150943396226,0.6422018348623854,0
-1.2556603773584905,0.6422018348623854,0
-1.2349056603773585,0.6422018348623854,0
-1.2141509433962263,0.6422018348623854,0
-1.1933962264150944,0.6422018348623854,0
-1.1726415094339622,0.6422018348623854,0
-1.1518867924528302,0.6422018348623854,0
-1.131132075471698,0.6422018348623854,0
-1.1103773584905658,0.6422018348623854,0
-1.0896226415094339,0.6422018348623854,0
-1.068867924528302,0.6422018348623854,0
-1.0481132075471697,0.6422018348623854,0
-1.0273584905660376,0.6422018348623854,0
-1.0066037735849056,0.6422018348623854,0
-0.9858490566037735,0.6422018348623854,0
-0.9650943396226415,0.6422018348623854,0
-0.9443396226415094,0.6422018348623854,0
-0.9235849056603773,0.6422018348623854,0
-0.9028301886792452,0.6422018348623854,0
-0.8820754716981132,0.6422018348623854,0
-0.8613207547169811,0.6422018348623854,0
-0.840566037735849,0.6422018348623854,0
-0.819811320754717,0.6422018348623854,0
-0.7990566037735849,0.6422018348623854,0
-0.7783018867924528,0.6422018348623854,0
-0.7575471698113208,0.6422018348623854,0
-0.7367924528301887,0.6422018348623854,0
-0.7160377358490566,0.6422018348623854,0
-0.6952830188679245,0.6422018348623854,0
-0.6745283018867925,0.6422018348623854,0
-0.6537735849056603,0.6422018348623854,0
-0.6330188679245283,0.6422018348623854,0
-0.6122641509433961,0.6422018348623854,0
-0.5915094339622642,0.6422018348623854,0
-0.570754716981132,0.6422018348623854,0
-0.55,0.6422018348623854,0
-0.5292452830188679,0.6422018348623854,0
-0.5084905660377359,0.6422018348623854,0
-0.4877358490566037,0.6422018348623854,0
-0.46698113207547176,0.6422018348623854,0
-0.4462264150943396,0.6422018348623854,0
-0.4254716981132076,0.6422018348623854,0
-0.40471698113207544,0.6422018348623854,0
-0.3839622641509435,0.6422018348623854,0
-0.3632075471698113,0.6422018348623854,0
-0.34245283018867934,0.6422018348623854,0
-0.32169811320754715,0.6422018348623854,0
-0.30094339622641497,0.6422018348623854,0
-0.280188679245283,0.6422018348623854,0
-0.25943396226415083,0.6422018348623854,0
-0.23867924528301887,0.6422018348623854,0
-0.2179245283018867,0.6422018348623854,0
-0.19716981132075473,0.6422018348623854,0
-0.17641509433962255,0.6422018348623854,0
-0.1556603773584906,0.6422018348623854,0
-0.1349056603773584,0.6422018348623854,0
-0.11415094339622645,0.6422018348623854,0
-0.09339622641509426,0.6422018348623854,0
-0.0726415094339623,0.6422018348623854,0
-0.05188679245283012,0.6422018348623854,0
-0.031132075471698162,0.6422018348623854,0
-0.01037735849056598,0.6422018348623854,0
0.01037735849056598,0.6422018348623854,0
0.031132075471698162,0.6422018348623854,0
0.05188679245283012,0.6422018348623854,0
0.0726415094339623,0.6422018348623854,0
0.09339622641509426,0.6422018348623854,0
0.11415094339622645,0.6422018348623854,0
0.1349056603773584,0.6422018348623854,0
0.1556603773584906,0.6422018348623854,0
0.17641509433962255,0.6422018348623854,0
0.19716981132075473,0.6422018348623854,0
0.2179245283018867,0.6422018348623854,0
0.23867924528301887,0.6422018348623854,0
0.25943396226415083,0.6422018348623854,0
0.280188679245283,0.6422018348623854,0
0.30094339622641497,0.6422018348623854,0
0.32169811320754715,0.6422018348623854,0
0.34245283018867934,0.6422018348623854,0
0.3632075471698113,0.6422018348623854,0
0.38396226415094326,0.6422018348623854,0
0.40471698113207566,0.6422018348623854,1
0.4254716981132076,0.6422018348623854,1
0.4462264150943396,0.6422018348623854,1
0.46698113207547154,0.6422018348623854,1
0.48773584905660394,0.6422018348623854,1
0.5084905660377359,0.6422018348623854,1
0.5292452830188679,0.6422018348623854,1
0.5499999999999998,0.6422018348623854,1
0.5707547169811322,0.6422018348623854,1
0.5915094339622642,0.6422018348623854,1
0.6122641509433961,0.6422018348623854,1
0.6330188679245281,0.6422018348623854,1
0.6537735849056605,0.6422018348623854,1
0.6745283018867925,0.6422018348623854,1
0.6952830188679244,0.6422018348623854,1
0.7160377358490564,0.6422018348623854,1
0.7367924528301888,0.6422018348623854,1
0.7575471698113208,0.6422018348623854,1
0.7783018867924527,0.6422018348623854,1
0.7990566037735847,0.6422018348623854,1
0.8198113207547171,0.6422018348623854,1
0.840566037735849,0.6422018348623854,1
0.861320754716981,0.6422018348623854,1
0.882075471698113,0.6422018348623854,1
0.9028301886792454,0.6422018348623854,1
0.9235849056603773,0.6422018348623854,1
0.9443396226415093,0.6422018348623854,1
0.9650943396226412,0.6422018348623854,1
0.9858490566037736,0.6422018348623854,1
1.0066037735849056,0.6422018348623854,1
1.0273584905660376,0.6422018348623854,1
1.04811320754717,0.6422018348623854,1
1.068867924528302,0.6422018348623854,1
1.0896226415094339,0.6422018348623854,1
1.1103773584905658,0.6422018348623854,1
1.1311320754716983,0.6422018348623854,1
1.1518867924528302,0.6422018348623854,1
1.1726415094339622,0.6422018348623854,1
1.1933962264150941,0.6422018348623854,1
1.2141509433962265,0.6422018348623854,1
1.2349056603773585,0.6422018348623854,1
1.2556603773584905,0.6422018348623854,1
1.2764150943396224,0.6422018348623854,1
1.2971698113207548,0.6422018348623854,1
1.3179245283018868,0.6422018348623854,1
1.3386792452830187,0.6422018348623854,1
1.3594339622641507,0.6422018348623854,1
1.380188679245283,0.6422018348623854,1
1.400943396226415,0.6422018348623854,1
1.421698113207547,0.6422018348623854,1
1.442452830188679,0.6422018348623854,1
1.4632075471698114,0.6422018348623854,1
1.4839622641509433,0.6422018348623854,1
1.5047169811320753,0.6422018348623854,1
1.5254716981132073,0.6422018348623854,1
1.5462264150943397,0.6422018348623854,1
1.5669811320754716,0.6422018348623854,1
1.5877358490566036,0.6422018348623854,1
1.6084905660377355,0.6422018348623854,1
1.629245283018868,0.6422018348623854,1
1.65,0.6422018348623854,1
-1.65,0.6513761467889909,0
-1.6292452830188677,0.6513761467889909,0
-1.6084905660377358,0.6513761467889909,0
-1.5877358490566036,0.6513761467889909,0
-1.5669811320754716,0.6513761467889909,0
-1.5462264150943394,0.6513761467889909,0
-1.5254716981132075,0.6513761467889909,0
-1.5047169811320753,0.6513761467889909,0
-1.4839622641509433,0.6513761467889909,0
-1.4632075471698112,0.6513761467889909,0
-1.4424528301886792,0.6513761467889909,0
-1.421698113207547,0.6513761467889909,0
-1.400943396226415,0.6513761467889909,0
-1.3801886792452829,0.6513761467889909,0
-1.359433962264151,0.6513761467889909,0
-1.3386792452830187,0.6513761467889909,0
-1.3179245283018868,0.6513761467889909,0
-1.2971698113207546,0.6513761467889909,0
-1.2764150943396226,0.6513761467889909,0
-1.2556603773584905,0.6513761467889909,0
-1.2349056603773585,0.6513761467889909,0
-1.2141509433962263,0.6513761467889909,0
-1.1933962264150944,0.6513761467889909,0
-1.1726415094339622,0.6513761467889909,0
-1.1518867924528302,0.6513761467889909,0
-1.131132075471698,0.6513761467889909,0
-1.1103773584905658,0.6513761467889909,0
-1.0896226415094339,0.6513761467889909,0
-1.068867924528302,0.6513761467889909,0
-1.0481132075471697,0.6513761467889909,0
-1.0273584905660376,0.6513761467889909,0
-1.0066037735849056,0.6513761467889909,0
-0.9858490566037735,0.6513761467889909,0
-0.9650943396226415,0.6513761467889909,0
-0.9443396226415094,0.6513761467889909,0
-0.9235849056603773,0.6513761467889909,0
-0.9028301886792452,0.6513761467889909,0
-0.8820754716981132,0.6513761467889909,0
-0.8613207547169811,0.6513761467889909,0
-0.840566037735849,0.6513761467889909,0
-0.819811320754717,0.6513761467889909,0
-0.7990566037735849,0.6513761467889909,0
-0.7783018867924528,0.6513761467889909,0
-0.7575471698113208,0.6513761467889909,0
-0.7367924528301887,0.6513761467889909,0
-0.7160377358490566,0.6513761467889909,0
-0.6952830188679245,0.6513761467889909,0
-0.6745283018867925,0.6513761467889909,0
-0.6537735849056603,0.6513761467889909,0
-0.6330188679245283,0.6513761467889909,0
-0.6122641509433961,0.6513761467889909,0
-0.5915094339622642,0.6513761467889909,0
-0.570754716981132,0.6513761467889909,0
-0.55,0.6513761467889909,0
-0.5292452830188679,0.6513761467889909,0
-0.5084905660377359,0.6513761467889909,0
-0.4877358490566037,0.6513761467889909,0
-0.46698113207547176,0.6513761467889909,0
-0.4462264150943396,0.6513761467889909,0
-0.4254716981132076,0.6513761467889909,0
-0.40471698113207544,0.6513761467889909,0
-0.3839622641509435,0.6513761467889909,0
-0.3632075471698113,0.6513761467889909,0
-0.34245283018867934,0.6513761467889909,0
-0.32169811320754715,0.6513761467889909,0
-0.30094339622641497,0.6513761467889909,0
-0.280188679245283,0.6513761467889909,0
-0.25943396226415083,0.6513761467889909,0
-0.23867924528301887,0.6513761467889909,0
-0.2179245283018867,0.6513761467889909,0
-0.19716981132075473,0.6513761467889909,0
-0.17641509433962255,0.6513761467889909,0
-0.1556603773584906,0.6513761467889909,0
-0.1349056603773584,0.6513761467889909,0
-0.11415094339622645,0.6513761467889909,0
-0.09339622641509426,0.6513761467889909,0
-0.0726415094339623,0.6513761467889909,0
-0.05188679245283012,0.6513761467889909,0
-0.031132075471698162,0.6513761467889909,0
-0.01037735849056598,0.6513761467889909,0
0.01037735849056598,0.6513761467889909,0
0.031132075471698162,0.6513761467889909,0
0.05188679245283012,0.6513761467889909,0
0.0726415094339623,0.6513761467889909,0
0.09339622641509426,0.6513761467889909,0
0.11415094339622645,0.6513761467889909,0
0.1349056603773584,0.6513761467889909,0
0.1556603773584906,0.6513761467889909,0
0.17641509433962255,0.6513761467889909,0
0.19716981132075473,0.6513761467889909,0
0.2179245283018867,0.6513761467889909,0
0.23867924528301887,0.6513761467889909,0
0.25943396226415083,0.6513761467889909,0
0.280188679245283,0.6513761467889909,0
0.30094339622641497,0.6513761467889909,0
0.32169811320754715,0.6513761467889909,0
0.34245283018867934,0.6513761467889909,0
0.3632075471698113,0.6513761467889909,0
0.38396226415094326,0.6513761467889909,0
0.40471698113207566,0.6513761467889909,1
0.4254716981132076,0.6513761467889909,1
0.4462264150943396,0.6513761467889909,1
0.46698113207547154,0.6513761467889909,1
0.48773584905660394,0.6513761467889909,1
0.5084905660377359,0.6513761467889909,1
0.5292452830188679,0.6513761467889909,1
0.5499999999999998,0.6513761467889909,1
0.5707547169811322,0.6513761467889909,1
0.5915094339622642,0.6513761467889909,1
0.6122641509433961,0.6513761467889909,1
0.6330188679245281,0.6513761467889909,1
0.6537735849056605,0.6513761467889909,1
0.6745283018867925,0.6513761467889909,1
0.6952830188679244,0.6513761467889909,1
0.7160377358490564,0.6513761467889909,1
0.7367924528301888,0.6513761467889909,1
0.7575471698113208,0.6513761467889909,1
0.7783018867924527,0.6513761467889909,1
0.7990566037735847,0.6513761467889909,1
0.8198113207547171,0.6513761467889909,1
0.840566037735849,0.6513761467889909,1
0.861320754716981,0.6513761467889909,1
0.882075471698113,0.6513761467889909,1
0.9028301886792454,0.6513761467889909,1
0.9235849056603773,0.6513761467889909,1
0.9443396226415093,0.6513761467889909,1
0.9650943396226412,0.6513761467889909,1
0.9858490566037736,0.6513761467889909,1
1.0066037735849056,0.6513761467889909,1
1.0273584905660376,0.6513761467889909,1
1.04811320754717,0.6513761467889909,1
1.068867924528302,0.6513761467889909,1
1.0896226415094339,0.6513761467889909,1
1.1103773584905658,0.6513761467889909,1
1.1311320754716983,0.6513761467889909,1
1.1518867924528302,0.6513761467889909,1
1.1726415094339622,0.6513761467889909,1
1.1933962264150941,0.6513761467889909,1
1.2141509433962265,0.6513761467889909,1
1.2349056603773585,0.6513761467889909,1
1.2556603773584905,0.6513761467889909,1
1.2764150943396224,0.6513761467889909,1
1.2971698113207548,0.6513761467889909,1
1.3179245283018868,0.6513761467889909,1
1.3386792452830187,0.6513761467889909,1
1.3594339622641507,0.6513761467889909,1
1.380188679245283,0.6513761467889909,1
1.400943396226415,0.6513761467889909,1
1.421698113207547,0.6513761467889909,1
1.442452830188679,0.6513761467889909,1
1.4632075471698114,0.6513761467889909,1
1.4839622641509433,0.6513761467889909,1
1.5047169811320753,0.6513761467889909,1
1.5254716981132073,0.6513761467889909,1
1.5462264150943397,0.6513761467889909,1
1.5669811320754716,0.6513761467889909,1
1.5877358490566036,0.6513761467889909,1
1.6084905660377355,0.6513761467889909,1
1.629245283018868,0.6513761467889909,1
1.65,0.6513761467889909,1
-1.65,0.6605504587155964,0
-1.6292452830188677,0.6605504587155964,0
-1.6084905660377358,0.6605504587155964,0
-1.5877358490566036,0.6605504587155964,0
-1.5669811320754716,0.6605504587155964,0
-1.5462264150943394,0.6605504587155964,0
-1.5254716981132075,0.6605504587155964,0
-1.5047169811320753,0.6605504587155964,0
-1.4839622641509433,0.6605504587155964,0
-1.4632075471698112,0.6605504587155964,0
-1.4424528301886792,0.6605504587155964,0
-1.421698113207547,0.6605504587155964,0
-1.400943396226415,0.6605504587155964,0
-1.3801886792452829,0.6605504587155964,0
-1.359433962264151,0.6605504587155964,0
-1.3386792452830187,0.6605504587155964,0
-1.3179245283018868,0.6605504587155964,0
-1.2971698113207546,0.6605504587155964,0
-1.2764150943396226,0.6605504587155964,0
-1.2556603773584905,0.6605504587155964,0
-1.2349056603773585,0.6605504587155964,0
-1.2141509433962263,0.6605504587155964,0
-1.1933962264150944,0.6605504587155964,0
-1.1726415094339622,0.6605504587155964,0
-1.1518867924528302,0.6605504587155964,0
-1.131132075471698,0.6605504587155964,0
-1.1103773584905658,0.6605504587155964,0
-1.0896226415094339,0.6605504587155964,0
-1.068867924528302,0.6605504587155964,0
-1.0481132075471697,0.6605504587155964,0
-1.0273584905660376,0.6605504587155964,0
-1.0066037735849056,0.6605504587155964,0
-0.9858490566037735,0.6605504587155964,0
-0.9650943396226415,0.6605504587155964,0
-0.9443396226415094,0.6605504587155964,0
-0.9235849056603773,0.6605504587155964,0
-0.9028301886792452,0.6605504587155964,0
-0.8820754716981132,0.6605504587155964,0
-0.8613207547169811,0.6605504587155964,0
-0.840566037735849,0.6605504587155964,0
-0.819811320754717,0.6605504587155964,0
-0.7990566037735849,0.6605504587155964,0
-0.7783018867924528,0.6605504587155964,0
-0.7575471698113208,0.6605504587155964,0
-0.7367924528301887,0.6605504587155964,0
-0.7160377358490566,0.6605504587155964,0
-0.6952830188679245,0.6605504587155964,0
-0.6745283018867925,0.6605504587155964,0
-0.6537735849056603,0.6605504587155964,0
-0.6330188679245283,0.6605504587155964,0
-0.6122641509433961,0.6605504587155964,0
-0.5915094339622642,0.6605504587155964,0
-0.570754716981132,0.6605504587155964,0
-0.55,0.6605504587155964,0
-0.5292452830188679,0.6605504587155964,0
-0.5084905660377359,0.6605504587155964,0
-0.4877358490566037,0.6605504587155964,0
-0.46698113207547176,0.6605504587155964,0
-0.4462264150943396,0.6605504587155964,0
-0.4254716981132076,0.6605504587155964,0
-0.40471698113207544,0.6605504587155964,0
-0.3839622641509435,0.6605504587155964,0
-0.3632075471698113,0.6605504587155964,0
-0.34245283018867934,0.6605504587155964,0
-0.32169811320754715,0.6605504587155964,0
-0.30094339622641497,0.6605504587155964,0
-0.280188679245283,0.6605504587155964,0
-0.25943396226415083,0.6605504587155964,0
-0.23867924528301887,0.6605504587155964,0
-0.2179245283018867,0.6605504587155964,0
-0.19716981132075473,0.6605504587155964,0
-0.17641509433962255,0.6605504587155964,0
-0.1556603773584906,0.6605504587155964,0
-0.1349056603773584,0.6605504587155964,0
-0.11415094339622645,0.6605504587155964,0
-0.09339622641509426,0.6605504587155964,0
-0.0726415094339623,0.6605504587155964,0
-0.05188679245283012,0.6605504587155964,0
-0.031132075471698162,0.6605504587155964,0
-0.01037735849056598,0.6605504587155964,0
0.01037735849056598,0.6605504587155964,0
0.031132075471698162,0.6605504587155964,0
0.05188679245283012,0.6605504587155964,0
0.0726415094339623,0.6605504587155964,0
0.09339622641509426,0.6605504587155964,0
0.11415094339622645,0.6605504587155964,0
0.1349056603773584,0.6605504587155964,0
0.1556603773584906,0.6605504587155964,0
0.17641509433962255,0.6605504587155964,0
0.19716981132075473,0.6605504587155964,0
0.2179245283018867,0.6605504587155964,0
0.23867924528301887,0.6605504587155964,0
0.25943396226415083,0.6605504587155964,0
0.280188679245283,0.6605504587155964,0
0.30094339622641497,0.6605504587155964,0
0.32169811320754715,0.6605504587155964,0
0.34245283018867934,0.6605504587155964,0
0.3632075471698113,0.6605504587155964,0
0.38396226415094326,0.6605504587155964,0
0.40471698113207566,0.6605504587155964,1
0.4254716981132076,0.6605504587155964,1
0.4462264150943396,0.6605504587155964,1
0.46698113207547154,0.6605504587155964,1
0.48773584905660394,0.6605504587155964,1
0.5084905660377359,0.6605504587155964,1
0.5292452830188679,0.6605504587155964,1
0.5499999999999998,0.6605504587155964,1
0.5707547169811322,0.6605504587155964,1
0.5915094339622642,0.6605504587155964,1
0.6122641509433961,0.6605504587155964,1
0.6330188679245281,0.6605504587155964,1
0.6537735849056605,0.6605504587155964,1
0.6745283018867925,0.6605504587155964,1
0.6952830188679244,0.6605504587155964,1
0.7160377358490564,0.6605504587155964,1
0.7367924528301888,0.6605504587155964,1
0.7575471698113208,0.6605504587155964,1
0.7783018867924527,0.6605504587155964,1
0.7990566037735847,0.6605504587155964,1
0.8198113207547171,0.6605504587155964,1
0.840566037735849,0.6605504587155964,1
0.861320754716981,0.6605504587155964,1
0.882075471698113,0.6605504587155964,1
0.9028301886792454,0.6605504587155964,1
0.9235849056603773,0.6605504587155964,1
0.9443396226415093,0.6605504587155964,1
0.9650943396226412,0.6605504587155964,1
0.9858490566037736,0.6605504587155964,1
1.0066037735849056,0.6605504587155964,1
1.0273584905660376,0.6605504587155964,1
1.04811320754717,0.6605504587155964,1
1.068867924528302,0.6605504587155964,1
1.0896226415094339,0.6605504587155964,1
1.1103773584905658,0.6605504587155964,1
1.1311320754716983,0.6605504587155964,1
1.1518867924528302,0.6605504587155964,1
1.1726415094339622,0.6605504587155964,1
1.1933962264150941,0.6605504587155964,1
1.2141509433962265,0.6605504587155964,1
1.2349056603773585,0.6605504587155964,1
1.2556603773584905,0.6605504587155964,1
1.2764150943396224,0.6605504587155964,1
1.2971698113207548,0.6605504587155964,1
1.3179245283018868,0.6605504587155964,1
1.3386792452830187,0.6605504587155964,1
1.3594339622641507,0.6605504587155964,1
1.380188679245283,0.6605504587155964,1
1.400943396226415,0.6605504587155964,1
1.421698113207547,0.6605504587155964,1
1.442452830188679,0.6605504587155964,1
1.4632075471698114,0.6605504587155964,1
1.4839622641509433,0.6605504587155964,1
1.5047169811320753,0.6605504587155964,1
1.5254716981132073,0.6605504587155964,1
1.5462264150943397,0.6605504587155964,1
1.5669811320754716,0.6605504587155964,1
1.5877358490566036,0.6605504587155964,1
1.6084905660377355,0.6605504587155964,1
1.629245283018868,0.6605504587155964,1
1.65,0.6605504587155964,1
-1.65,0.6697247706422018,0
-1.6292452830188677,0.6697247706422018,0
-1.6084905660377358,0.6697247706422018,0
-1.5877358490566036,0.6697247706422018,0
-1.5669811320754716,0.6697247706422018,0
-1.5462264150943394,0.6697247706422018,0
-1.5254716981132075,0.6697247706422018,0
-1.5047169811320753,0.6697247706422018,0
-1.4839622641509433,0.6697247706422018,0
-1.4632075471698112,0.6697247706422018,0
-1.4424528301886792,0.6697247706422018,0
-1.421698113207547,0.6697247706422018,0
-1.400943396226415,0.6697247706422018,0
-1.3801886792452829,0.6697247706422018,0
-1.359433962264151,0.6697247706422018,0
-1.3386792452830187,0.6697247706422018,0
-1.3179245283018868,0.6697247706422018,0
-1.2971698113207546,0.6697247706422018,0
-1.2764150943396226,0.6697247706422018,0
-1.2556603773584905,0.6697247706422018,0
-1.2349056603773585,0.6697247706422018,0
-1.2141509433962263,0.6697247706422018,0
-1.1933962264150944,0.6697247706422018,0
-1.1726415094339622,0.6697247706422018,0
-1.1518867924528302,0.6697247706422018,0
-1.131132075471698,0.6697247706422018,0
-1.1103773584905658,0.6697247706422018,0
-1.0896226415094339,0.6697247706422018,0
-1.068867924528302,0.6697247706422018,0
-1.0481132075471697,0.6697247706422018,0
-1.0273584905660376,0.6697247706422018,0
-1.0066037735849056,0.6697247706422018,0
-0.9858490566037735,0.6697247706422018,0
-0.9650943396226415,0.6697247706422018,0
-0.9443396226415094,0.6697247706422018,0
-0.9235849056603773,0.6697247706422018,0
-0.9028301886792452,0.6697247706422018,0
-0.8820754716981132,0.6697247706422018,0
-0.8613207547169811,0.6697247706422018,0
-0.840566037735849,0.6697247706422018,0
-0.819811320754717,0.6697247706422018,0
-0.7990566037735849,0.6697247706422018,0
-0.7783018867924528,0.6697247706422018,0
-0.7575471698113208,0.6697247706422018,0
-0.7367924528301887,0.6697247706422018,0
-0.7160377358490566,0.6697247706422018,0
-0.6952830188679245,0.6697247706422018,0
-0.6745283018867925,0.6697247706422018,0
-0.6537735849056603,0.6697247706422018,0
-0.6330188679245283,0.6697247706422018,0
-0.6122641509433961,0.6697247706422018,0
-0.5915094339622642,0.6697247706422018,0
-0.570754716981132,0.6697247706422018,0
-0.55,0.6697247706422018,0
-0.5292452830188679,0.6697247706422018,0
-0.5084905660377359,0.6697247706422018,0
-0.4877358490566037,0.6697247706422018,0
-0.46698113207547176,0.6697247706422018,0
-0.4462264150943396,0.6697247706422018,0
-0.4254716981132076,0.6697247706422018,0
-0.40471698113207544,0.6697247706422018,0
-0.3839622641509435,0.6697247706422018,0
-0.3632075471698113,0.6697247706422018,0
-0.34245283018867934,0.6697247706422018,0
-0.32169811320754715,0.6697247706422018,0
-0.30094339622641497,0.6697247706422018,0
-0.280188679245283,0.6697247706422018,0
-0.25943396226415083,0.6697247706422018,0
-0.23867924528301887,0.6697247706422018,0
-0.2179245283018867,0.6697247706422018,0
-0.19716981132075473,0.6697247706422018,0
-0.17641509433962255,0.6697247706422018,0
-0.1556603773584906,0.6697247706422018,0
-0.1349056603773584,0.6697247706422018,0
-0.11415094339622645,0.6697247706422018,0
-0.09339622641509426,0.6697247706422018,0
-0.0726415094339623,0.6697247706422018,0
-0.05188679245283012,0.6697247706422018,0
-0.031132075471698162,0.6697247706422018,0
-0.01037735849056598,0.6697247706422018,0
0.01037735849056598,0.6697247706422018,0
0.031132075471698162,0.6697247706422018,0
0.05188679245283012,0.6697247706422018,0
0.0726415094339623,0.6697247706422018,0
0.09339622641509426,0.6697247706422018,0
0.11415094339622645,0.6697247706422018,0
0.1349056603773584,0.6697247706422018,0
0.1556603773584906,0.6697247706422018,0
0.17641509433962255,0.6697247706422018,0
0.19716981132075473,0.6697247706422018,0
0.2179245283018867,0.6697247706422018,0
0.23867924528301887,0.6697247706422018,0
0.25943396226415083,0.6697247706422018,0
0.280188679245283,0.6697247706422018,0
0.30094339622641497,0.6697247706422018,0
0.32169811320754715,0.6697247706422018,0
0.34245283018867934,0.6697247706422018,0
0.3632075471698113,0.6697247706422018,0
0.38396226415094326,0.6697247706422018,0
0.40471698113207566,0.6697247706422018,1
0.4254716981132076,0.6697247706422018,1
0.4462264150943396,0.6697247706422018,1
0.46698113207547154,0.6697247706422018,1
0.48773584905660394,0.6697247706422018,1
0.5084905660377359,0.6697247706422018,1
0.5292452830188679,0.6697247706422018,1
0.5499999999999998,0.6697247706422018,1
0.5707547169811322,0.6697247706422018,1
0.5915094339622642,0.6697247706422018,1
0.6122641509433961,0.6697247706422018,1
0.6330188679245281,0.6697247706422018,1
0.6537735849056605,0.6697247706422018,1
0.6745283018867925,0.6697247706422018,1
0.6952830188679244,0.6697247706422018,1
0.7160377358490564,0.6697247706422018,1
0.7367924528301888,0.6697247706422018,1
0.7575471698113208,0.6697247706422018,1
0.7783018867924527,0.6697247706422018,1
0.7990566037735847,0.6697247706422018,1
0.8198113207547171,0.6697247706422018,1
0.840566037735849,0.6697247706422018,1
0.861320754716981,0.6697247706422018,1
0.882075471698113,0.6697247706422018,1
0.9028301886792454,0.6697247706422018,1
0.9235849056603773,0.6697247706422018,1
0.9443396226415093,0.6697247706422018,1
0.9650943396226412,0.6697247706422018,1
0.9858490566037736,0.6697247706422018,1
1.0066037735849056,0.6697247706422018,1
1.0273584905660376,0.6697247706422018,1
1.04811320754717,0.6697247706422018,1
1.068867924528302,0.6697247706422018,1
1.0896226415094339,0.6697247706422018,1
1.1103773584905658,0.6697247706422018,1
1.1311320754716983,0.6697247706422018,1
1.1518867924528302,0.6697247706422018,1
1.1726415094339622,0.6697247706422018,1
1.1933962264150941,0.6697247706422018,1
1.2141509433962265,0.6697247706422018,1
1.2349056603773585,0.6697247706422018,1
1.2556603773584905,0.6697247706422018,1
1.2764150943396224,0.6697247706422018,1
1.2971698113207548,0.6697247706422018,1
1.3179245283018868,0.6697247706422018,1
1.3386792452830187,0.6697247706422018,1
1.3594339622641507,0.6697247706422018,1
1.380188679245283,0.6697247706422018,1
1.400943396226415,0.6697247706422018,1
1.421698113207547,0.6697247706422018,1
1.442452830188679,0.6697247706422018,1
1.4632075471698114,0.6697247706422018,1
1.4839622641509433,0.6697247706422018,1
1.5047169811320753,0.6697247706422018,1
1.5254716981132073,0.6697247706422018,1
1.5462264150943397,0.6697247706422018,1
1.5669811320754716,0.6697247706422018,1
1.5877358490566036,0.6697247706422018,1
1.6084905660377355,0.6697247706422018,1
1.629245283018868,0.6697247706422018,1
1.65,0.6697247706422018,1
-1.65,0.6788990825688074,0
-1.6292452830188677,0.6788990825688074,0
-1.6084905660377358,0.6788990825688074,0
-1.5877358490566036,0.6788990825688074,0
-1.5669811320754716,0.6788990825688074,0
-1.5462264150943394,0.6788990825688074,0
-1.5254716981132075,0.6788990825688074,0
-1.5047169811320753,0.6788990825688074,0
-1.4839622641509433,0.6788990825688074,0
-1.4632075471698112,0.6788990825688074,0
-1.4424528301886792,0.6788990825688074,0
-1.421698113207547,0.6788990825688074,0
-1.400943396226415,0.6788990825688074,0
-1.3801886792452829,0.6788990825688074,0
-1.359433962264151,0.6788990825688074,0
-1.3386792452830187,0.6788990825688074,0
-1.3179245283018868,0.6788990825688074,0
-1.2971698113207546,0.6788990825688074,0
-1.2764150943396226,0.6788990825688074,0
-1.2556603773584905,0.6788990825688074,0
-1.2349056603773585,0.6788990825688074,0
-1.2141509433962263,0.6788990825688074,0
-1.1933962264150944,0.6788990825688074,0
-1.1726415094339622,0.6788990825688074,0
-1.1518867924528302,0.6788990825688074,0
-1.131132075471698,0.6788990825688074,0
-1.1103773584905658,0.6788990825688074,0
-1.0896226415094339,0.6788990825688074,0
-1.068867924528302,0.6788990825688074,0
-1.0481132075471697,0.6788990825688074,0
-1.0273584905660376,0.6788990825688074,0
-1.0066037735849056,0.6788990825688074,0
-0.9858490566037735,0.6788990825688074,0
-0.9650943396226415,0.6788990825688074,0
-0.9443396226415094,0.6788990825688074,0
-0.9235849056603773,0.6788990825688074,0
-0.9028301886792452,0.6788990825688074,0
-0.8820754716981132,0.6788990825688074,0
-0.8613207547169811,0.6788990825688074,0
-0.840566037735849,0.6788990825688074,0
-0.819811320754717,0.6788990825688074,0
-0.7990566037735849,0.6788990825688074,0
-0.7783018867924528,0.6788990825688074,0
-0.7575471698113208,0.6788990825688074,0
-0.7367924528301887,0.6788990825688074,0
-0.7160377358490566,0.6788990825688074,0
-0.6952830188679245,0.6788990825688074,0
-0.6745283018867925,0.6788990825688074,0
-0.6537735849056603,0.6788990825688074,0
-0.6330188679245283,0.6788990825688074,0
-0.6122641509433961,0.6788990825688074,0
-0.5915094339622642,0.6788990825688074,0
-0.570754716981132,0.6788990825688074,0
-0.55,0.6788990825688074,0
-0.5292452830188679,0.6788990825688074,0
-0.5084905660377359,0.6788990825688074,0
-0.4877358490566037,0.6788990825688074,0
-0.46698113207547176,0.6788990825688074,0
-0.4462264150943396,0.6788990825688074,0
-0.4254716981132076,0.6788990825688074,0
-0.40471698113207544,0.6788990825688074,0
-0.3839622641509435,0.6788990825688074,0
-0.3632075471698113,0.6788990825688074,0
-0.34245283018867934,0.6788990825688074,0
-0.32169811320754715,0.6788990825688074,0
-0.30094339622641497,0.6788990825688074,0
-0.280188679245283,0.6788990825688074,0
-0.25943396226415083,0.6788990825688074,0
-0.23867924528301887,0.6788990825688074,0
-0.2179245283018867,0.6788990825688074,0
-0.19716981132075473,0.6788990825688074,0
-0.17641509433962255,0.6788990825688074,0
-0.1556603773584906,0.6788990825688074,0
-0.1349056603773584,0.6788990825688074,0
-0.11415094339622645,0.6788990825688074,0
-0.09339622641509426,0.6788990825688074,0
-0.0726415094339623,0.6788990825688074,0
-0.05188679245283012,0.6788990825688074,0
-0.031132075471698162,0.6788990825688074,0
-0.01037735849056598,0.6788990825688074,0
0.01037735849056598,0.6788990825688074,0
0.031132075471698162,0.6788990825688074,0
0.05188679245283012,0.6788990825688074,0
0.0726415094339623,0.6788990825688074,0
0.09339622641509426,0.6788990825688074,0
0.11415094339622645,0.6788990825688074,0
0.1349056603773584,0.6788990825688074,0
0.1556603773584906,0.6788990825688074,0
0.17641509433962255,0.6788990825688074,0
0.19716981132075473,0.6788990825688074,0
0.2179245283018867,0.6788990825688074,0
0.23867924528301887,0.6788990825688074,0
0.25943396226415083,0.6788990825688074,0
0.280188679245283,0.6788990825688074,0
0.30094339622641497,0.6788990825688074,0
0.32169811320754715,0.6788990825688074,0
0.34245283018867934,0.6788990825688074,0
0.3632075471698113,0.6788990825688074,0
0.38396226415094326,0.6788990825688074,0
0.40471698113207566,0.6788990825688074,1
0.4254716981132076,0.6788990825688074,1
0.4462264150943396,0.6788990825688074,1
0.46698113207547154,0.6788990825688074,1
0.48773584905660394,0.6788990825688074,1
0.5084905660377359,0.6788990825688074,1
0.5292452830188679,0.6788990825688074,1
0.5499999999999998,0.6788990825688074,1
0.5707547169811322,0.6788990825688074,1
0.5915094339622642,0.6788990825688074,1
0.6122641509433961,0.6788990825688074,1
0.6330188679245281,0.6788990825688074,1
0.6537735849056605,0.6788990825688074,1
0.6745283018867925,0.6788990825688074,1
0.6952830188679244,0.6788990825688074,1
0.7160377358490564,0.6788990825688074,1
0.7367924528301888,0.6788990825688074,1
0.7575471698113208,0.6788990825688074,1
0.7783018867924527,0.6788990825688074,1
0.7990566037735847,0.6788990825688074,1
0.8198113207547171,0.6788990825688074,1
0.840566037735849,0.6788990825688074,1
0.861320754716981,0.6788990825688074,1
0.882075471698113,0.6788990825688074,1
0.9028301886792454,0.6788990825688074,1
0.9235849056603773,0.6788990825688074,1
0.9443396226415093,0.6788990825688074,1
0.9650943396226412,0.6788990825688074,1
0.9858490566037736,0.6788990825688074,1
1.0066037735849056,0.6788990825688074,1
1.0273584905660376,0.6788990825688074,1
1.04811320754717,0.6788990825688074,1
1.068867924528302,0.6788990825688074,1
1.0896226415094339,0.6788990825688074,1
1.1103773584905658,0.6788990825688074,1
1.1311320754716983,0.6788990825688074,1
1.1518867924528302,0.6788990825688074,1
1.1726415094339622,0.6788990825688074,1
1.1933962264150941,0.6788990825688074,1
1.2141509433962265,0.6788990825688074,1
1.2349056603773585,0.6788990825688074,1
1.2556603773584905,0.6788990825688074,1
1.2764150943396224,0.6788990825688074,1
1.2971698113207548,0.6788990825688074,1
1.3179245283018868,0.6788990825688074,1
1.3386792452830187,0.6788990825688074,1
1.3594339622641507,0.6788990825688074,1
1.380188679245283,0.6788990825688074,1
1.400943396226415,0.6788990825688074,1
1.421698113207547,0.6788990825688074,1
1.442452830188679,0.6788990825688074,1
1.4632075471698114,0.6788990825688074,1
1.4839622641509433,0.6788990825688074,1
1.5047169811320753,0.6788990825688074,1
1.5254716981132073,0.6788990825688074,1
1.5462264150943397,0.6788990825688074,1
1.5669811320754716,0.6788990825688074,1
1.5877358490566036,0.6788990825688074,1
1.6084905660377355,0.6788990825688074,1
1.629245283018868,0.6788990825688074,1
1.65,0.6788990825688074,1
-1.65,0.6880733944954129,0
-1.6292452830188677,0.6880733944954129,0
-1.6084905660377358,0.6880733944954129,0
-1.5877358490566036,0.6880733944954129,0
-1.5669811320754716,0.6880733944954129,0
-1.5462264150943394,0.6880733944954129,0
-1.5254716981132075,0.6880733944954129,0
-1.5047169811320753,0.6880733944954129,0
-1.4839622641509433,0.6880733944954129,0
-1.4632075471698112,0.6880733944954129,0
-1.4424528301886792,0.6880733944954129,0
-1.421698113207547,0.6880733944954129,0
-1.400943396226415,0.6880733944954129,0
-1.3801886792452829,0.6880733944954129,0
-1.359433962264151,0.6880733944954129,0
-1.3386792452830187,0.6880733944954129,0
-1.3179245283018868,0.6880733944954129,0
-1.2971698113207546,0.6880733944954129,0
-1.2764150943396226,0.6880733944954129,0
-1.2556603773584905,0.6880733944954129,0
-1.2349056603773585,0.6880733944954129,0
-1.2141509433962263,0.6880733944954129,0
-1.1933962264150944,0.6880733944954129,0
-1.1726415094339622,0.6880733944954129,0
-1.1518867924528302,0.6880733944954129,0
-1.131132075471698,0.6880733944954129,0
-1.1103773584905658,0.6880733944954129,0
-1.0896226415094339,0.6880733944954129,0
-1.068867924528302,0.6880733944954129,0
-1.0481132075471697,0.6880733944954129,0
-1.0273584905660376,0.6880733944954129,0
-1.0066037735849056,0.6880733944954129,0
-0.9858490566037735,0.6880733944954129,0
-0.9650943396226415,0.6880733944954129,0
-0.9443396226415094,0.6880733944954129,0
-0.9235849056603773,0.6880733944954129,0
-0.9028301886792452,0.6880733944954129,0
-0.8820754716981132,0.6880733944954129,0
-0.8613207547169811,0.6880733944954129,0
-0.840566037735849,0.6880733944954129,0
-0.819811320754717,0.6880733944954129,0
-0.7990566037735849,0.6880733944954129,0
-0.7783018867924528,0.6880733944954129,0
-0.7575471698113208,0.6880733944954129,0
-0.7367924528301887,0.6880733944954129,0
-0.7160377358490566,0.6880733944954129,0
-0.6952830188679245,0.6880733944954129,0
-0.6745283018867925,0.6880733944954129,0
-0.6537735849056603,0.6880733944954129,0
-0.6330188679245283,0.6880733944954129,0
-0.6122641509433961,0.6880733944954129,0
-0.5915094339622642,0.6880733944954129,0
-0.570754716981132,0.6880733944954129,0
-0.55,0.6880733944954129,0
-0.5292452830188679,0.6880733944954129,0
-0.5084905660377359,0.6880733944954129,0
-0.4877358490566037,0.6880733944954129,0
-0.46698113207547176,0.6880733944954129,0
-0.4462264150943396,0.6880733944954129,0
-0.4254716981132076,0.6880733944954129,0
-0.40471698113207544,0.6880733944954129,0
-0.3839622641509435,0.6880733944954129,0
-0.3632075471698113,0.6880733944954129,0
-0.34245283018867934,0.6880733944954129,0
-0.32169811320754715,0.6880733944954129,0
-0.30094339622641497,0.6880733944954129,0
-0.280188679245283,0.6880733944954129,0
-0.25943396226415083,0.6880733944954129,0
-0.23867924528301887,0.6880733944954129,0
-0.2179245283018867,0.6880733944954129,0
-0.19716981132075473,0.6880733944954129,0
-0.17641509433962255,0.6880733944954129,0
-0.1556603773584906,0.6880733944954129,0
-0.1349056603773584,0.6880733944954129,0
-0.11415094339622645,0.6880733944954129,0
-0.09339622641509426,0.6880733944954129,0
-0.0726415094339623,0.6880733944954129,0
-0.05188679245283012,0.6880733944954129,0
-0.031132075471698162,0.6880733944954129,0
-0.01037735849056598,0.6880733944954129,0
0.01037735849056598,0.6880733944954129,0
0.031132075471698162,0.6880733944954129,0
0.05188679245283012,0.6880733944954129,0
0.0726415094339623,0.6880733944954129,0
0.09339622641509426,0.6880733944954129,0
0.11415094339622645,0.6880733944954129,0
0.1349056603773584,0.6880733944954129,0
0.1556603773584906,0.6880733944954129,0
0.17641509433962255,0.6880733944954129,0
0.19716981132075473,0.6880733944954129,0
0.2179245283018867,0.6880733944954129,0
0.23867924528301887,0.6880733944954129,0
0.25943396226415083,0.6880733944954129,0
0.280188679245283,0.6880733944954129,0
0.30094339622641497,0.6880733944954129,0
0.32169811320754715,0.6880733944954129,0
0.34245283018867934,0.6880733944954129,0
0.3632075471698113,0.6880733944954129,0
0.38396226415094326,0.6880733944954129,0
0.40471698113207566,0.6880733944954129,0
0.4254716981132076,0.6880733944954129,1
0.4462264150943396,0.6880733944954129,1
0.46698113207547154,0.6880733944954129,1
0.48773584905660394,0.6880733944954129,1
0.5084905660377359,0.6880733944954129,1
0.5292452830188679,0.6880733944954129,1
0.5499999999999998,0.6880733944954129,1
0.5707547169811322,0.6880733944954129,1
0.5915094339622642,0.6880733944954129,1
0.6122641509433961,0.6880733944954129,1
0.6330188679245281,0.6880733944954129,1
0.6537735849056605,0.6880733944954129,1
0.6745283018867925,0.6880733944954129,1
0.6952830188679244,0.6880733944954129,1
0.7160377358490564,0.6880733944954129,1
0.7367924528301888,0.6880733944954129,1
0.7575471698113208,0.6880733944954129,1
0.7783018867924527,0.6880733944954129,1
0.7990566037735847,0.6880733944954129,1
0.8198113207547171,0.6880733944954129,1
0.840566037735849,0.6880733944954129,1
0.861320754716981,0.6880733944954129,1
0.882075471698113,0.6880733944954129,1
0.9028301886792454,0.6880733944954129,1
0.9235849056603773,0.6880733944954129,1
0.9443396226415093,0.6880733944954129,1
0.9650943396226412,0.6880733944954129,1
0.9858490566037736,0.6880733944954129,1
1.0066037735849056,0.6880733944954129,1
1.0273584905660376,0.6880733944954129,1
1.04811320754717,0.6880733944954129,1
1.068867924528302,0.6880733944954129,1
1.0896226415094339,0.6880733944954129,1
1.1103773584905658,0.6880733944954129,1
1.1311320754716983,0.6880733944954129,1
1.1518867924528302,0.6880733944954129,1
1.1726415094339622,0.6880733944954129,1
1.1933962264150941,0.6880733944954129,1
1.2141509433962265,0.6880733944954129,1
1.2349056603773585,0.6880733944954129,1
1.2556603773584905,0.6880733944954129,1
1.2764150943396224,0.6880733944954129,1
1.2971698113207548,0.6880733944954129,1
1.3179245283018868,0.6880733944954129,1
1.3386792452830187,0.6880733944954129,1
1.3594339622641507,0.6880733944954129,1
1.380188679245283,0.6880733944954129,1
1.400943396226415,0.6880733944954129,1
1.421698113207547,0.6880733944954129,1
1.442452830188679,0.6880733944954129,1
1.4632075471698114,0.6880733944954129,1
1.4839622641509433,0.6880733944954129,1
1.5047169811320753,0.6880733944954129,1
1.5254716981132073,0.6880733944954129,1
1.5462264150943397,0.6880733944954129,1
1.5669811320754716,0.6880733944954129,1
1.5877358490566036,0.6880733944954129,1
1.6084905660377355,0.6880733944954129,1
1.629245283018868,0.6880733944954129,1
1.65,0.6880733944954129,1
-1.65,0.6972477064220184,0
-1.6292452830188677,0.6972477064220184,0
-1.6084905660377358,0.6972477064220184,0
-1.5877358490566036,0.6972477064220184,0
-1.5669811320754716,0.6972477064220184,0
-1.5462264150943394,0.6972477064220184,0
-1.5254716981132075,0.6972477064220184,0
-1.5047169811320753,0.6972477064220184,0
-1.4839622641509433,0.6972477064220184,0
-1.4632075471698112,0.6972477064220184,0
-1.4424528301886792,0.6972477064220184,0
-1.421698113207547,0.6972477064220184,0
-1.400943396226415,0.6972477064220184,0
-1.3801886792452829,0.6972477064220184,0
-1.359433962264151,0.6972477064220184,0
-1.3386792452830187,0.6972477064220184,0
-1.3179245283018868,0.6972477064220184,0
-1.2971698113207546,0.6972477064220184,0
-1.2764150943396226,0.6972477064220184,0
-1.2556603773584905,0.6972477064220184,0
-1.2349056603773585,0.6972477064220184,0
-1.2141509433962263,0.6972477064220184,0
-1.1933962264150944,0.6972477064220184,0
-1.1726415094339622,0.6972477064220184,0
-1.1518867924528302,0.6972477064220184,0
-1.131132075471698,0.6972477064220184,0
-1.1103773584905658,0.6972477064220184,0
-1.0896226415094339,0.6972477064220184,0
-1.068867924528302,0.6972477064220184,0
-1.0481132075471697,0.6972477064220184,0
-1.0273584905660376,0.6972477064220184,0
-1.0066037735849056,0.6972477064220184,0
-0.9858490566037735,0.6972477064220184,0
-0.9650943396226415,0.6972477064220184,0
-0.9443396226415094,0.6972477064220184,0
-0.9235849056603773,0.6972477064220184,0
-0.9028301886792452,0.6972477064220184,0
-0.8820754716981132,0.6972477064220184,0
-0.8613207547169811,0.6972477064220184,0
-0.840566037735849,0.6972477064220184,0
-0.819811320754717,0.6972477064220184,0
-0.7990566037735849,0.6972477064220184,0
-0.7783018867924528,0.6972477064220184,0
-0.7575471698113208,0.6972477064220184,0
-0.7367924528301887,0.6972477064220184,0
-0.7160377358490566,0.6972477064220184,0
-0.6952830188679245,0.6972477064220184,0
-0.6745283018867925,0.6972477064220184,0
-0.6537735849056603,0.6972477064220184,0
-0.6330188679245283,0.6972477064220184,0
-0.6122641509433961,0.6972477064220184,0
-0.5915094339622642,0.6972477064220184,0
-0.570754716981132,0.6972477064220184,0
-0.55,0.6972477064220184,0
-0.5292452830188679,0.6972477064220184,0
-0.5084905660377359,0.6972477064220184,0
-0.4877358490566037,0.6972477064220184,0
-0.46698113207547176,0.6972477064220184,0
-0.4462264150943396,0.6972477064220184,0
-0.4254716981132076,0.6972477064220184,0
-0.40471698113207544,0.6972477064220184,0
-0.3839622641509435,0.6972477064220184,0
-0.3632075471698113,0.6972477064220184,0
-0.34245283018867934,0.6972477064220184,0
-0.32169811320754715,0.6972477064220184,0
-0.30094339622641497,0.6972477064220184,0
-0.280188679245283,0.6972477064220184,0
-0.25943396226415083,0.6972477064220184,0
-0.23867924528301887,0.6972477064220184,0
-0.2179245283018867,0.6972477064220184,0
-0.19716981132075473,0.6972477064220184,0
-0.17641509433962255,0.6972477064220184,0
-0.1556603773584906,0.6972477064220184,0
-0.1349056603773584,0.6972477064220184,0
-0.11415094339622645,0.6972477064220184,0
-0.09339622641509426,0.6972477064220184,0
-0.0726415094339623,0.6972477064220184,0
-0.05188679245283012,0.6972477064220184,0
-0.031132075471698162,0.6972477064220184,0
-0.01037735849056598,0.6972477064220184,0
0.01037735849056598,0.6972477064220184,0
0.031132075471698162,0.6972477064220184,0
0.05188679245283012,0.6972477064220184,0
0.0726415094339623,0.6972477064220184,0
0.09339622641509426,0.6972477064220184,0
0.11415094339622645,0.6972477064220184,0
0.1349056603773584,0.6972477064220184,0
0.1556603773584906,0.6972477064220184,0
0.17641509433962255,0.6972477064220184,0
0.19716981132075473,0.6972477064220184,0
0.2179245283018867,0.6972477064220184,0
0.23867924528301887,0.6972477064220184,0
0.25943396226415083,0.6972477064220184,0
0.280188679245283,0.6972477064220184,0
0.30094339622641497,0.6972477064220184,0
0.32169811320754715,0.6972477064220184,0
0.34245283018867934,0.6972477064220184,0
0.3632075471698113,0.6972477064220184,0
0.38396226415094326,0.6972477064220184,0
0.40471698113207566,0.6972477064220184,0
0.4254716981132076,0.6972477064220184,1
0.4462264150943396,0.6972477064220184,1
0.46698113207547154,0.6972477064220184,1
0.48773584905660394,0.6972477064220184,1
0.5084905660377359,0.6972477064220184,1
0.5292452830188679,0.6972477064220184,1
0.5499999999999998,0.6972477064220184,1
0.5707547169811322,0.6972477064220184,1
0.5915094339622642,0.6972477064220184,1
0.6122641509433961,0.6972477064220184,1
0.6330188679245281,0.6972477064220184,1
0.6537735849056605,0.6972477064220184,1
0.6745283018867925,0.6972477064220184,1
0.6952830188679244,0.6972477064220184,1
0.7160377358490564,0.6972477064220184,1
0.7367924528301888,0.6972477064220184,1
0.7575471698113208,0.6972477064220184,1
0.7783018867924527,0.6972477064220184,1
0.7990566037735847,0.6972477064220184,1
0.8198113207547171,0.6972477064220184,1
0.840566037735849,0.6972477064220184,1
0.861320754716981,0.6972477064220184,1
0.882075471698113,0.6972477064220184,1
0.9028301886792454,0.6972477064220184,1
0.9235849056603773,0.6972477064220184,1
0.9443396226415093,0.6972477064220184,1
0.9650943396226412,0.6972477064220184,1
0.9858490566037736,0.6972477064220184,1
1.0066037735849056,0.6972477064220184,1
1.0273584905660376,0.6972477064220184,1
1.04811320754717,0.6972477064220184,1
1.068867924528302,0.6972477064220184,1
1.0896226415094339,0.6972477064220184,1
1.1103773584905658,0.6972477064220184,1
1.1311320754716983,0.6972477064220184,1
1.1518867924528302,0.6972477064220184,1
1.1726415094339622,0.6972477064220184,1
1.1933962264150941,0.6972477064220184,1
1.2141509433962265,0.6972477064220184,1
1.2349056603773585,0.6972477064220184,1
1.2556603773584905,0.6972477064220184,1
1.2764150943396224,0.6972477064220184,1
1.2971698113207548,0.6972477064220184,1
1.3179245283018868,0.6972477064220184,1
1.3386792452830187,0.6972477064220184,1
1.3594339622641507,0.6972477064220184,1
1.380188679245283,0.6972477064220184,1
1.400943396226415,0.6972477064220184,1
1.421698113207547,0.6972477064220184,1
1.442452830188679,0.6972477064220184,1
1.4632075471698114,0.6972477064220184,1
1.4839622641509433,0.6972477064220184,1
1.5047169811320753,0.6972477064220184,1
1.5254716981132073,0.6972477064220184,1
1.5462264150943397,0.6972477064220184,1
1.5669811320754716,0.6972477064220184,1
1.5877358490566036,0.6972477064220184,1
1.6084905660377355,0.6972477064220184,1
1.629245283018868,0.6972477064220184,1
1.65,0.6972477064220184,1
-1.65,0.7064220183486238,0
-1.6292452830188677,0.7064220183486238,0
-1.6084905660377358,0.7064220183486238,0
-1.5877358490566036,0.7064220183486238,0
-1.5669811320754716,0.7064220183486238,0
-1.5462264150943394,0.7064220183486238,0
-1.5254716981132075,0.7064220183486238,0
-1.5047169811320753,0.7064220183486238,0
-1.4839622641509433,0.7064220183486238,0
-1.4632075471698112,0.7064220183486238,0
-1.4424528301886792,0.7064220183486238,0
-1.421698113207547,0.7064220183486238,0
-1.400943396226415,0.7064220183486238,0
-1.3801886792452829,0.7064220183486238,0
-1.359433962264151,0.7064220183486238,0
-1.3386792452830187,0.7064220183486238,0
-1.3179245283018868,0.7064220183486238,0
-1.2971698113207546,0.7064220183486238,0
-1.2764150943396226,0.7064220183486238,0
-1.2556603773584905,0.7064220183486238,0
-1.2349056603773585,0.7064220183486238,0
-1.2141509433962263,0.7064220183486238,0
-1.1933962264150944,0.7064220183486238,0
-1.1726415094339622,0.7064220183486238,0
-1.1518867924528302,0.7064220183486238,0
-1.131132075471698,0.7064220183486238,0
-1.1103773584905658,0.7064220183486238,0
-1.0896226415094339,0.7064220183486238,0
-1.068867924528302,0.7064220183486238,0
-1.0481132075471697,0.7064220183486238,0
-1.0273584905660376,0.7064220183486238,0
-1.0066037735849056,0.7064220183486238,0
-0.9858490566037735,0.7064220183486238,0
-0.9650943396226415,0.7064220183486238,0
-0.9443396226415094,0.7064220183486238,0
-0.9235849056603773,0.7064220183486238,0
-0.9028301886792452,0.7064220183486238,0
-0.8820754716981132,0.7064220183486238,0
-0.8613207547169811,0.7064220183486238,0
-0.840566037735849,0.7064220183486238,0
-0.819811320754717,0.7064220183486238,0
-0.7990566037735849,0.7064220183486238,0
-0.7783018867924528,0.7064220183486238,0
-0.7575471698113208,0.7064220183486238,0
-0.7367924528301887,0.7064220183486238,0
-0.7160377358490566,0.7064220183486238,0
-0.6952830188679245,0.7064220183486238,0
-0.6745283018867925,0.7064220183486238,0
-0.6537735849056603,0.7064220183486238,0
-0.6330188679245283,0.7064220183486238,0
-0.6122641509433961,0.7064220183486238,0
-0.5915094339622642,0.7064220183486238,0
-0.570754716981132,0.7064220183486238,0
-0.55,0.7064220183486238,0
-0.5292452830188679,0.7064220183486238,0
-0.5084905660377359,0.7064220183486238,0
-0.4877358490566037,0.7064220183486238,0
-0.46698113207547176,0.7064220183486238,0
-0.4462264150943396,0.7064220183486238,0
-0.4254716981132076,0.7064220183486238,0
-0.40471698113207544,0.7064220183486238,0
-0.3839622641509435,0.7064220183486238,0
-0.3632075471698113,0.7064220183486238,0
-0.34245283018867934,0.7064220183486238,0
-0.32169811320754715,0.7064220183486238,0
-0.30094339622641497,0.7064220183486238,0
-0.280188679245283,0.7064220183486238,0
-0.25943396226415083,0.7064220183486238,0
-0.23867924528301887,0.7064220183486238,0
-0.2179245283018867,0.7064220183486238,0
-0.19716981132075473,0.7064220183486238,0
-0.17641509433962255,0.7064220183486238,0
-0.1556603773584906,0.7064220183486238,0
-0.1349056603773584,0.7064220183486238,0
-0.11415094339622645,0.7064220183486238,0
-0.09339622641509426,0.7064220183486238,0
-0.0726415094339623,0.7064220183486238,0
-0.05188679245283012,0.7064220183486238,0
-0.031132075471698162,0.7064220183486238,0
-0.01037735849056598,0.7064220183486238,0
0.01037735849056598,0.7064220183486238,0
0.031132075471698162,0.7064220183486238,0
0.05188679245283012,0.7064220183486238,0
0.0726415094339623,0.7064220183486238,0
0.09339622641509426,0.7064220183486238,0
0.11415094339622645,0.7064220183486238,0
0.1349056603773584,0.7064220183486238,0
0.1556603773584906,0.7064220183486238,0
0.17641509433962255,0.7064220183486238,0
0.19716981132075473,0.7064220183486238,0
0.2179245283018867,0.7064220183486238,0
0.23867924528301887,0.7064220183486238,0
0.25943396226415083,0.7064220183486238,0
0.280188679245283,0.7064220183486238,0
0.30094339622641497,0.7064220183486238,0
0.32169811320754715,0.7064220183486238,0
0.34245283018867934,0.7064220183486238,0
0.3632075471698113,0.7064220183486238,0
0.38396226415094326,0.7064220183486238,0
0.40471698113207566,0.7064220183486238,0
0.4254716981132076,0.7064220183486238,1
0.4462264150943396,0.7064220183486238,1
0.46698113207547154,0.7064220183486238,1
0.48773584905660394,0.7064220183486238,1
0.5084905660377359,0.7064220183486238,1
0.5292452830188679,0.7064220183486238,1
0.5499999999999998,0.7064220183486238,1
0.5707547169811322,0.7064220183486238,1
0.5915094339622642,0.7064220183486238,1
0.6122641509433961,0.7064220183486238,1
0.6330188679245281,0.7064220183486238,1
0.6537735849056605,0.7064220183486238,1
0.6745283018867925,0.7064220183486238,1
0.6952830188679244,0.7064220183486238,1
0.7160377358490564,0.7064220183486238,1
0.7367924528301888,0.7064220183486238,1
0.7575471698113208,0.7064220183486238,1
0.7783018867924527,0.7064220183486238,1
0.7990566037735847,0.7064220183486238,1
0.8198113207547171,0.7064220183486238,1
0.840566037735849,0.7064220183486238,1
0.861320754716981,0.7064220183486238,1
0.882075471698113,0.7064220183486238,1
0.9028301886792454,0.7064220183486238,1
0.9235849056603773,0.7064220183486238,1
0.9443396226415093,0.7064220183486238,1
0.9650943396226412,0.7064220183486238,1
0.9858490566037736,0.7064220183486238,1
1.0066037735849056,0.7064220183486238,1
1.0273584905660376,0.7064220183486238,1
1.04811320754717,0.7064220183486238,1
1.068867924528302,0.7064220183486238,1
1.0896226415094339,0.7064220183486238,1
1.1103773584905658,0.7064220183486238,1
1.1311320754716983,0.7064220183486238,1
1.1518867924528302,0.7064220183486238,1
1.1726415094339622,0.7064220183486238,1
1.1933962264150941,0.7064220183486238,1
1.2141509433962265,0.7064220183486238,1
1.2349056603773585,0.7064220183486238,1
1.2556603773584905,0.7064220183486238,1
1.2764150943396224,0.7064220183486238,1
1.2971698113207548,0.7064220183486238,1
1.3179245283018868,0.7064220183486238,1
1.3386792452830187,0.7064220183486238,1
1.3594339622641507,0.7064220183486238,1
1.380188679245283,0.7064220183486238,1
1.400943396226415,0.7064220183486238,1
1.421698113207547,0.7064220183486238,1
1.442452830188679,0.7064220183486238,1
1.4632075471698114,0.7064220183486238,1
1.4839622641509433,0.7064220183486238,1
1.5047169811320753,0.7064220183486238,1
1.5254716981132073,0.7064220183486238,1
1.5462264150943397,0.7064220183486238,1
1.5669811320754716,0.7064220183486238,1
1.5877358490566036,0.7064220183486238,1
1.6084905660377355,0.7064220183486238,1
1.629245283018868,0.7064220183486238,1
1.65,0.7064220183486238,1
-1.65,0.7155963302752294,0
-1.6292452830188677,0.7155963302752294,0
-1.6084905660377358,0.7155963302752294,0
-1.5877358490566036,0.7155963302752294,0
-1.5669811320754716,0.7155963302752294,0
-1.5462264150943394,0.7155963302752294,0
-1.5254716981132075,0.7155963302752294,0
-1.5047169811320753,0.7155963302752294,0
-1.4839622641509433,0.7155963302752294,0
-1.4632075471698112,0.7155963302752294,0
-1.4424528301886792,0.7155963302752294,0
-1.421698113207547,0.7155963302752294,0
-1.400943396226415,0.7155963302752294,0
-1.3801886792452829,0.7155963302752294,0
-1.359433962264151,0.7155963302752294,0
-1.3386792452830187,0.7155963302752294,0
-1.3179245283018868,0.7155963302752294,0
-1.2971698113207546,0.7155963302752294,0
-1.2764150943396226,0.7155963302752294,0
-1.2556603773584905,0.7155963302752294,0
-1.2349056603773585,0.7155963302752294,0
-1.2141509433962263,0.7155963302752294,0
-1.1933962264150944,0.7155963302752294,0
-1.1726415094339622,0.7155963302752294,0
-1.1518867924528302,0.7155963302752294,0
-1.131132075471698,0.7155963302752294,0
-1.1103773584905658,0.7155963302752294,0
-1.0896226415094339,0.7155963302752294,0
-1.068867924528302,0.7155963302752294,0
-1.0481132075471697,0.7155963302752294,0
-1.0273584905660376,0.7155963302752294,0
-1.0066037735849056,0.7155963302752294,0
-0.9858490566037735,0.7155963302752294,0
-0.9650943396226415,0.7155963302752294,0
-0.9443396226415094,0.7155963302752294,0
-0.9235849056603773,0.7155963302752294,0
-0.9028301886792452,0.7155963302752294,0
-0.8820754716981132,0.7155963302752294,0
-0.8613207547169811,0.7155963302752294,0
-0.840566037735849,0.7155963302752294,0
-0.819811320754717,0.7155963302752294,0
-0.7990566037735849,0.7155963302752294,0
-0.7783018867924528,0.7155963302752294,0
-0.7575471698113208,0.7155963302752294,0
-0.7367924528301887,0.7155963302752294,0
-0.7160377358490566,0.7155963302752294,0
-0.6952830188679245,0.7155963302752294,0
-0.6745283018867925,0.7155963302752294,0
-0.6537735849056603,0.7155963302752294,0
-0.6330188679245283,0.7155963302752294,0
-0.6122641509433961,0.7155963302752294,0
-0.5915094339622642,0.7155963302752294,0
-0.570754716981132,0.7155963302752294,0
-0.55,0.7155963302752294,0
-0.5292452830188679,0.7155963302752294,0
-0.5084905660377359,0.7155963302752294,0
-0.4877358490566037,0.7155963302752294,0
-0.46698113207547176,0.7155963302752294,0
-0.4462264150943396,0.7155963302752294,0
-0.4254716981132076,0.7155963302752294,0
-0.40471698113207544,0.7155963302752294,0
-0.3839622641509435,0.7155963302752294,0
-0.3632075471698113,0.7155963302752294,0
-0.34245283018867934,0.7155963302752294,0
-0.32169811320754715,0.7155963302752294,0
-0.30094339622641497,0.7155963302752294,0
-0.280188679245283,0.7155963302752294,0
-0.25943396226415083,0.7155963302752294,0
-0.23867924528301887,0.7155963302752294,0
-0.2179245283018867,0.7155963302752294,0
-0.19716981132075473,0.7155963302752294,0
-0.17641509433962255,0.7155963302752294,0
-0.1556603773584906,0.7155963302752294,0
-0.1349056603773584,0.7155963302752294,0
-0.11415094339622645,0.7155963302752294,0
-0.09339622641509426,0.7155963302752294,0
-0.0726415094339623,0.7155963302752294,0
-0.05188679245283012,0.7155963302752294,0
-0.031132075471698162,0.7155963302752294,0
-0.01037735849056598,0.7155963302752294,0
0.01037735849056598,0.7155963302752294,0
0.031132075471698162,0.7155963302752294,0
0.05188679245283012,0.7155963302752294,0
0.0726415094339623,0.7155963302752294,0
0.09339622641509426,0.7155963302752294,0
0.11415094339622645,0.7155963302752294,0
0.1349056603773584,0.7155963302752294,0
0.1556603773584906,0.7155963302752294,0
0.17641509433962255,0.7155963302752294,0
0.19716981132075473,0.7155963302752294,0
0.2179245283018867,0.7155963302752294,0
0.23867924528301887,0.7155963302752294,0
0.25943396226415083,0.7155963302752294,0
0.280188679245283,0.7155963302752294,0
0.30094339622641497,0.7155963302752294,0
0.32169811320754715,0.7155963302752294,0
0.34245283018867934,0.7155963302752294,0
0.3632075471698113,0.7155963302752294,0
0.38396226415094326,0.7155963302752294,0
0.40471698113207566,0.7155963302752294,0
0.4254716981132076,0.7155963302752294,1
0.4462264150943396,0.7155963302752294,1
0.46698113207547154,0.7155963302752294,1
0.48773584905660394,0.7155963302752294,1
0.5084905660377359,0.7155963302752294,1
0.5292452830188679,0.7155963302752294,1
0.5499999999999998,0.7155963302752294,1
0.5707547169811322,0.7155963302752294,1
0.5915094339622642,0.7155963302752294,1
0.6122641509433961,0.7155963302752294,1
0.6330188679245281,0.7155963302752294,1
0.6537735849056605,0.7155963302752294,1
0.6745283018867925,0.7155963302752294,1
0.6952830188679244,0.7155963302752294,1
0.7160377358490564,0.7155963302752294,1
0.7367924528301888,0.7155963302752294,1
0.7575471698113208,0.7155963302752294,1
0.7783018867924527,0.7155963302752294,1
0.7990566037735847,0.7155963302752294,1
0.8198113207547171,0.7155963302752294,1
0.840566037735849,0.7155963302752294,1
0.861320754716981,0.7155963302752294,1
0.882075471698113,0.7155963302752294,1
0.9028301886792454,0.7155963302752294,1
0.9235849056603773,0.7155963302752294,1
0.9443396226415093,0.7155963302752294,1
0.9650943396226412,0.7155963302752294,1
0.9858490566037736,0.7155963302752294,1
1.0066037735849056,0.7155963302752294,1
1.0273584905660376,0.7155963302752294,1
1.04811320754717,0.7155963302752294,1
1.068867924528302,0.7155963302752294,1
1.0896226415094339,0.7155963302752294,1
1.1103773584905658,0.7155963302752294,1
1.1311320754716983,0.7155963302752294,1
1.1518867924528302,0.7155963302752294,1
1.1726415094339622,0.7155963302752294,1
1.1933962264150941,0.7155963302752294,1
1.2141509433962265,0.7155963302752294,1
1.2349056603773585,0.7155963302752294,1
1.2556603773584905,0.7155963302752294,1
1.2764150943396224,0.7155963302752294,1
1.2971698113207548,0.7155963302752294,1
1.3179245283018868,0.7155963302752294,1
1.3386792452830187,0.7155963302752294,1
1.3594339622641507,0.7155963302752294,1
1.380188679245283,0.7155963302752294,1
1.400943396226415,0.7155963302752294,1
1.421698113207547,0.7155963302752294,1
1.442452830188679,0.7155963302752294,1
1.4632075471698114,0.7155963302752294,1
1.4839622641509433,0.7155963302752294,1
1.5047169811320753,0.7155963302752294,1
1.5254716981132073,0.7155963302752294,1
1.5462264150943397,0.7155963302752294,1
1.5669811320754716,0.7155963302752294,1
1.5877358490566036,0.7155963302752294,1
1.6084905660377355,0.7155963302752294,1
1.629245283018868,0.7155963302752294,1
1.65,0.7155963302752294,1
-1.65,0.724770642201835,0
-1.6292452830188677,0.724770642201835,0
-1.6084905660377358,0.724770642201835,0
-1.5877358490566036,0.724770642201835,0
-1.5669811320754716,0.724770642201835,0
-1.5462264150943394,0.724770642201835,0
-1.5254716981132075,0.724770642201835,0
-1.5047169811320753,0.724770642201835,0
-1.4839622641509433,0.724770642201835,0
-1.4632075471698112,0.724770642201835,0
-1.4424528301886792,0.724770642201835,0
-1.421698113207547,0.724770642201835,0
-1.400943396226415,0.724770642201835,0
-1.3801886792452829,0.724770642201835,0
-1.359433962264151,0.724770642201835,0
-1.3386792452830187,0.724770642201835,0
-1.3179245283018868,0.724770642201835,0
-1.2971698113207546,0.724770642201835,0
-1.2764150943396226,0.724770642201835,0
-1.2556603773584905,0.724770642201835,0
-1.2349056603773585,0.724770642201835,0
-1.2141509433962263,0.724770642201835,0
-1.1933962264150944,0.724770642201835,0
-1.1726415094339622,0.724770642201835,0
-1.1518867924528302,0.724770642201835,0
-1.131132075471698,0.724770642201835,0
-1.1103773584905658,0.724770642201835,0
-1.0896226415094339,0.724770642201835,0
-1.068867924528302,0.724770642201835,0
-1.0481132075471697,0.724770642201835,0
-1.0273584905660376,0.724770642201835,0
-1.0066037735849056,0.724770642201835,0
-0.9858490566037735,0.724770642201835,0
-0.9650943396226415,0.724770642201835,0
-0.9443396226415094,0.724770642201835,0
-0.9235849056603773,0.724770642201835,0
-0.9028301886792452,0.724770642201835,0
-0.8820754716981132,0.724770642201835,0
-0.8613207547169811,0.724770642201835,0
-0.840566037735849,0.724770642201835,0
-0.819811320754717,0.724770642201835,0
-0.7990566037735849,0.724770642201835,0
-0.7783018867924528,0.724770642201835,0
-0.7575471698113208,0.724770642201835,0
-0.7367924528301887,0.724770642201835,0
-0.7160377358490566,0.724770642201835,0
-0.6952830188679245,0.724770642201835,0
-0.6745283018867925,0.724770642201835,0
-0.6537735849056603,0.724770642201835,0
-0.6330188679245283,0.724770642201835,0
-0.6122641509433961,0.724770642201835,0
-0.5915094339622642,0.724770642201835,0
-0.570754716981132,0.724770642201835,0
-0.55,0.724770642201835,0
-0.5292452830188679,0.724770642201835,0
-0.5084905660377359,0.724770642201835,0
-0.4877358490566037,0.724770642201835,0
-0.46698113207547176,0.724770642201835,0
-0.4462264150943396,0.724770642201835,0
-0.4254716981132076,0.724770642201835,0
-0.40471698113207544,0.724770642201835,0
-0.3839622641509435,0.724770642201835,0
-0.3632075471698113,0.724770642201835,0
-0.34245283018867934,0.724770642201835,0
-0.32169811320754715,0.724770642201835,0
-0.30094339622641497,0.724770642201835,0
-0.280188679245283,0.724770642201835,0
-0.25943396226415083,0.724770642201835,0
-0.23867924528301887,0.724770642201835,0
-0.2179245283018867,0.724770642201835,0
-0.19716981132075473,0.724770642201835,0
-0.17641509433962255,0.724770642201835,0
-0.1556603773584906,0.724770642201835,0
-0.1349056603773584,0.724770642201835,0
-0.11415094339622645,0.724770642201835,0
-0.09339622641509426,0.724770642201835,0
-0.0726415094339623,0.724770642201835,0
-0.05188679245283012,0.724770642201835,0
-0.031132075471698162,0.724770642201835,0
-0.01037735849056598,0.724770642201835,0
0.01037735849056598,0.724770642201835,0
0.031132075471698162,0.724770642201835,0
0.05188679245283012,0.724770642201835,0
0.0726415094339623,0.724770642201835,0
0.09339622641509426,0.724770642201835,0
0.11415094339622645,0.724770642201835,0
0.1349056603773584,0.724770642201835,0
0.1556603773584906,0.724770642201835,0
0.17641509433962255,0.724770642201835,0
0.19716981132075473,0.724770642201835,0
0.2179245283018867,0.724770642201835,0
0.23867924528301887,0.724770642201835,0
0.25943396226415083,0.724770642201835,0
0.280188679245283,0.724770642201835,0
0.30094339622641497,0.724770642201835,0
0.32169811320754715,0.724770642201835,0
0.34245283018867934,0.724770642201835,0
0.3632075471698113,0.724770642201835,0
0.38396226415094326,0.724770642201835,0
0.40471698113207566,0.724770642201835,0
0.4254716981132076,0.724770642201835,1
0.4462264150943396,0.724770642201835,1
0.46698113207547154,0.724770642201835,1
0.48773584905660394,0.724770642201835,1
0.5084905660377359,0.724770642201835,1
0.5292452830188679,0.724770642201835,1
0.5499999999999998,0.724770642201835,1
0.5707547169811322,0.724770642201835,1
0.5915094339622642,0.724770642201835,1
0.6122641509433961,0.724770642201835,1
0.6330188679245281,0.724770642201835,1
0.6537735849056605,0.724770642201835,1
0.6745283018867925,0.724770642201835,1
0.6952830188679244,0.724770642201835,1
0.7160377358490564,0.724770642201835,1
0.7367924528301888,0.724770642201835,1
0.7575471698113208,0.724770642201835,1
0.7783018867924527,0.724770642201835,1
0.7990566037735847,0.724770642201835,1
0.8198113207547171,0.724770642201835,1
0.840566037735849,0.724770642201835,1
0.861320754716981,0.724770642201835,1
0.882075471698113,0.724770642201835,1
0.9028301886792454,0.724770642201835,1
0.9235849056603773,0.724770642201835,1
0.9443396226415093,0.724770642201835,1
0.9650943396226412,0.724770642201835,1
0.9858490566037736,0.724770642201835,1
1.0066037735849056,0.724770642201835,1
1.0273584905660376,0.724770642201835,1
1.04811320754717,0.724770642201835,1
1.068867924528302,0.724770642201835,1
1.0896226415094339,0.724770642201835,1
1.1103773584905658,0.724770642201835,1
1.1311320754716983,0.724770642201835,1
1.1518867924528302,0.724770642201835,1
1.1726415094339622,0.724770642201835,1
1.1933962264150941,0.724770642201835,1
1.2141509433962265,0.724770642201835,1
1.2349056603773585,0.724770642201835,1
1.2556603773584905,0.724770642201835,1
1.2764150943396224,0.724770642201835,1
1.2971698113207548,0.724770642201835,1
1.3179245283018868,0.724770642201835,1
1.3386792452830187,0.724770642201835,1
1.3594339622641507,0.724770642201835,1
1.380188679245283,0.724770642201835,1
1.400943396226415,0.724770642201835,1
1.421698113207547,0.724770642201835,1
1.442452830188679,0.724770642201835,1
1.4632075471698114,0.724770642201835,1
1.4839622641509433,0.724770642201835,1
1.5047169811320753,0.724770642201835,1
1.5254716981132073,0.724770642201835,1
1.5462264150943397,0.724770642201835,1
1.5669811320754716,0.724770642201835,1
1.5877358490566036,0.724770642201835,1
1.6084905660377355,0.724770642201835,1
1.629245283018868,0.724770642201835,1
1.65,0.724770642201835,1
-1.65,0.7339449541284404,0
-1.6292452830188677,0.7339449541284404,0
-1.6084905660377358,0.7339449541284404,0
-1.5877358490566036,0.7339449541284404,0
-1.5669811320754716,0.7339449541284404,0
-1.5462264150943394,0.7339449541284404,0
-1.5254716981132075,0.7339449541284404,0
-1.5047169811320753,0.7339449541284404,0
-1.4839622641509433,0.7339449541284404,0
-1.4632075471698112,0.7339449541284404,0
-1.4424528301886792,0.7339449541284404,0
-1.421698113207547,0.7339449541284404,0
-1.400943396226415,0.7339449541284404,0
-1.3801886792452829,0.7339449541284404,0
-1.359433962264151,0.7339449541284404,0
-1.3386792452830187,0.7339449541284404,0
-1.3179245283018868,0.7339449541284404,0
-1.2971698113207546,0.7339449541284404,0
-1.2764150943396226,0.7339449541284404,0
-1.2556603773584905,0.7339449541284404,0
-1.2349056603773585,0.7339449541284404,0
-1.2141509433962263,0.7339449541284404,0
-1.1933962264150944,0.7339449541284404,0
-1.1726415094339622,0.7339449541284404,0
-1.1518867924528302,0.7339449541284404,0
-1.131132075471698,0.7339449541284404,0
-1.1103773584905658,0.7339449541284404,0
-1.0896226415094339,0.7339449541284404,0
-1.068867924528302,0.7339449541284404,0
-1.0481132075471697,0.7339449541284404,0
-1.0273584905660376,0.7339449541284404,0
-1.0066037735849056,0.7339449541284404,0
-0.9858490566037735,0.7339449541284404,0
-0.9650943396226415,0.7339449541284404,0
-0.9443396226415094,0.7339449541284404,0
-0.9235849056603773,0.7339449541284404,0
-0.9028301886792452,0.7339449541284404,0
-0.8820754716981132,0.7339449541284404,0
-0.8613207547169811,0.7339449541284404,0
-0.840566037735849,0.7339449541284404,0
-0.819811320754717,0.7339449541284404,0
-0.7990566037735849,0.7339449541284404,0
-0.7783018867924528,0.7339449541284404,0
-0.7575471698113208,0.7339449541284404,0
-0.7367924528301887,0.7339449541284404,0
-0.7160377358490566,0.7339449541284404,0
-0.6952830188679245,0.7339449541284404,0
-0.6745283018867925,0.7339449541284404,0
-0.6537735849056603,0.7339449541284404,0
-0.6330188679245283,0.7339449541284404,0
-0.6122641509433961,0.7339449541284404,0
-0.5915094339622642,0.7339449541284404,0
-0.570754716981132,0.7339449541284404,0
-0.55,0.7339449541284404,0
-0.5292452830188679,0.7339449541284404,0
-0.5084905660377359,0.7339449541284404,0
-0.4877358490566037,0.7339449541284404,0
-0.46698113207547176,0.7339449541284404,0
-0.4462264150943396,0.7339449541284404,0
-0.4254716981132076,0.7339449541284404,0
-0.40471698113207544,0.7339449541284404,0
-0.3839622641509435,0.7339449541284404,0
-0.3632075471698113,0.7339449541284404,0
-0.34245283018867934,0.7339449541284404,0
-0.32169811320754715,0.7339449541284404,0
-0.30094339622641497,0.7339449541284404,0
-0.280188679245283,0.7339449541284404,0
-0.25943396226415083,0.7339449541284404,0
-0.23867924528301887,0.7339449541284404,0
-0.2179245283018867,0.7339449541284404,0
-0.19716981132075473,0.7339449541284404,0
-0.17641509433962255,0.7339449541284404,0
-0.1556603773584906,0.7339449541284404,0
-0.1349056603773584,0.7339449541284404,0
-0.11415094339622645,0.7339449541284404,0
-0.09339622641509426,0.7339449541284404,0
-0.0726415094339623,0.7339449541284404,0
-0.05188679245283012,0.7339449541284404,0
-0.031132075471698162,0.7339449541284404,0
-0.01037735849056598,0.7339449541284404,0
0.01037735849056598,0.7339449541284404,0
0.031132075471698162,0.7339449541284404,0
0.05188679245283012,0.7339449541284404,0
0.0726415094339623,0.7339449541284404,0
0.09339622641509426,0.7339449541284404,0
0.11415094339622645,0.7339449541284404,0
0.1349056603773584,0.7339449541284404,0
0.1556603773584906,0.7339449541284404,0
0.17641509433962255,0.7339449541284404,0
0.19716981132075473,0.7339449541284404,0
0.2179245283018867,0.7339449541284404,0
0.23867924528301887,0.7339449541284404,0
0.25943396226415083,0.7339449541284404,0
0.280188679245283,0.7339449541284404,0
0.30094339622641497,0.7339449541284404,0
0.32169811320754715,0.7339449541284404,0
0.34245283018867934,0.7339449541284404,0
0.3632075471698113,0.7339449541284404,0
0.38396226415094326,0.7339449541284404,0
0.40471698113207566,0.7339449541284404,0
0.4254716981132076,0.7339449541284404,1
0.4462264150943396,0.7339449541284404,1
0.46698113207547154,0.7339449541284404,1
0.48773584905660394,0.7339449541284404,1
0.5084905660377359,0.7339449541284404,1
0.5292452830188679,0.7339449541284404,1
0.5499999999999998,0.7339449541284404,1
0.5707547169811322,0.7339449541284404,1
0.5915094339622642,0.7339449541284404,1
0.6122641509433961,0.7339449541284404,1
0.6330188679245281,0.7339449541284404,1
0.6537735849056605,0.7339449541284404,1
0.6745283018867925,0.7339449541284404,1
0.6952830188679244,0.7339449541284404,1
0.7160377358490564,0.7339449541284404,1
0.7367924528301888,0.7339449541284404,1
0.7575471698113208,0.7339449541284404,1
0.7783018867924527,0.7339449541284404,1
0.7990566037735847,0.7339449541284404,1
0.8198113207547171,0.7339449541284404,1
0.840566037735849,0.7339449541284404,1
0.861320754716981,0.7339449541284404,1
0.882075471698113,0.7339449541284404,1
0.9028301886792454,0.7339449541284404,1
0.9235849056603773,0.7339449541284404,1
0.9443396226415093,0.7339449541284404,1
0.9650943396226412,0.7339449541284404,1
0.9858490566037736,0.7339449541284404,1
1.0066037735849056,0.7339449541284404,1
1.0273584905660376,0.7339449541284404,1
1.04811320754717,0.7339449541284404,1
1.068867924528302,0.7339449541284404,1
1.0896226415094339,0.7339449541284404,1
1.1103773584905658,0.7339449541284404,1
1.1311320754716983,0.7339449541284404,1
1.1518867924528302,0.7339449541284404,1
1.1726415094339622,0.7339449541284404,1
1.1933962264150941,0.7339449541284404,1
1.2141509433962265,0.7339449541284404,1
1.2349056603773585,0.7339449541284404,1
1.2556603773584905,0.7339449541284404,1
1.2764150943396224,0.7339449541284404,1
1.2971698113207548,0.7339449541284404,1
1.3179245283018868,0.7339449541284404,1
1.3386792452830187,0.7339449541284404,1
1.3594339622641507,0.7339449541284404,1
1.380188679245283,0.7339449541284404,1
1.400943396226415,0.7339449541284404,1
1.421698113207547,0.7339449541284404,1
1.442452830188679,0.7339449541284404,1
1.4632075471698114,0.7339449541284404,1
1.4839622641509433,0.7339449541284404,1
1.5047169811320753,0.7339449541284404,1
1.5254716981132073,0.7339449541284404,1
1.5462264150943397,0.7339449541284404,1
1.5669811320754716,0.7339449541284404,1
1.5877358490566036,0.7339449541284404,1
1.6084905660377355,0.7339449541284404,1
1.629245283018868,0.7339449541284404,1
1.65,0.7339449541284404,1
-1.65,0.7431192660550459,0
-1.6292452830188677,0.7431192660550459,0
-1.6084905660377358,0.7431192660550459,0
-1.5877358490566036,0.7431192660550459,0
-1.5669811320754716,0.7431192660550459,0
-1.5462264150943394,0.7431192660550459,0
-1.5254716981132075,0.7431192660550459,0
-1.5047169811320753,0.7431192660550459,0
-1.4839622641509433,0.7431192660550459,0
-1.4632075471698112,0.7431192660550459,0
-1.4424528301886792,0.7431192660550459,0
-1.421698113207547,0.7431192660550459,0
-1.400943396226415,0.7431192660550459,0
-1.3801886792452829,0.7431192660550459,0
-1.359433962264151,0.7431192660550459,0
-1.3386792452830187,0.7431192660550459,0
-1.3179245283018868,0.7431192660550459,0
-1.2971698113207546,0.7431192660550459,0
-1.2764150943396226,0.7431192660550459,0
-1.2556603773584905,0.7431192660550459,0
-1.2349056603773585,0.7431192660550459,0
-1.2141509433962263,0.7431192660550459,0
-1.1933962264150944,0.7431192660550459,0
-1.1726415094339622,0.7431192660550459,0
-1.1518867924528302,0.7431192660550459,0
-1.131132075471698,0.7431192660550459,0
-1.1103773584905658,0.7431192660550459,0
-1.0896226415094339,0.7431192660550459,0
-1.068867924528302,0.7431192660550459,0
-1.0481132075471697,0.7431192660550459,0
-1.0273584905660376,0.7431192660550459,0
-1.0066037735849056,0.7431192660550459,0
-0.9858490566037735,0.7431192660550459,0
-0.9650943396226415,0.7431192660550459,0
-0.9443396226415094,0.7431192660550459,0
-0.9235849056603773,0.7431192660550459,0
-0.9028301886792452,0.7431192660550459,0
-0.8820754716981132,0.7431192660550459,0
-0.8613207547169811,0.7431192660550459,0
-0.840566037735849,0.7431192660550459,0
-0.819811320754717,0.7431192660550459,0
-0.7990566037735849,0.7431192660550459,0
-0.7783018867924528,0.7431192660550459,0
-0.7575471698113208,0.7431192660550459,0
-0.7367924528301887,0.7431192660550459,0
-0.7160377358490566,0.7431192660550459,0
-0.6952830188679245,0.7431192660550459,0
-0.6745283018867925,0.7431192660550459,0
-0.6537735849056603,0.7431192660550459,0
-0.6330188679245283,0.7431192660550459,0
-0.6122641509433961,0.7431192660550459,0
-0.5915094339622642,0.7431192660550459,0
-0.570754716981132,0.7431192660550459,0
-0.55,0.7431192660550459,0
-0.5292452830188679,0.7431192660550459,0
-0.5084905660377359,0.7431192660550459,0
-0.4877358490566037,0.7431192660550459,0
-0.46698113207547176,0.7431192660550459,0
-0.4462264150943396,0.7431192660550459,0
-0.4254716981132076,0.7431192660550459,0
-0.40471698113207544,0.7431192660550459,0
-0.3839622641509435,0.7431192660550459,0
-0.3632075471698113,0.7431192660550459,0
-0.34245283018867934,0.7431192660550459,0
-0.32169811320754715,0.7431192660550459,0
-0.30094339622641497,0.7431192660550459,0
-0.280188679245283,0.7431192660550459,0
-0.25943396226415083,0.7431192660550459,0
-0.23867924528301887,0.7431192660550459,0
-0.2179245283018867,0.7431192660550459,0
-0.19716981132075473,0.7431192660550459,0
-0.17641509433962255,0.7431192660550459,0
-0.1556603773584906,0.7431192660550459,0
-0.1349056603773584,0.7431192660550459,0
-0.11415094339622645,0.7431192660550459,0
-0.09339622641509426,0.7431192660550459,0
-0.0726415094339623,0.7431192660550459,0
-0.05188679245283012,0.7431192660550459,0
-0.031132075471698162,0.7431192660550459,0
-0.01037735849056598,0.7431192660550459,0
0.01037735849056598,0.7431192660550459,0
0.031132075471698162,0.7431192660550459,0
0.05188679245283012,0.7431192660550459,0
0.0726415094339623,0.7431192660550459,0
0.09339622641509426,0.7431192660550459,0
0.11415094339622645,0.7431192660550459,0
0.1349056603773584,0.7431192660550459,0
0.1556603773584906,0.7431192660550459,0
0.17641509433962255,0.7431192660550459,0
0.19716981132075473,0.7431192660550459,0
0.2179245283018867,0.7431192660550459,0
0.23867924528301887,0.7431192660550459,0
0.25943396226415083,0.7431192660550459,0
0.280188679245283,0.7431192660550459,0
0.30094339622641497,0.7431192660550459,0
0.32169811320754715,0.7431192660550459,0
0.34245283018867934,0.7431192660550459,0
0.3632075471698113,0.7431192660550459,0
0.38396226415094326,0.7431192660550459,0
0.40471698113207566,0.7431192660550459,0
0.4254716981132076,0.7431192660550459,1
0.4462264150943396,0.7431192660550459,1
0.46698113207547154,0.7431192660550459,1
0.48773584905660394,0.7431192660550459,1
0.5084905660377359,0.7431192660550459,1
0.5292452830188679,0.7431192660550459,1
0.5499999999999998,0.7431192660550459,1
0.5707547169811322,0.7431192660550459,1
0.5915094339622642,0.7431192660550459,1
0.6122641509433961,0.7431192660550459,1
0.6330188679245281,0.7431192660550459,1
0.6537735849056605,0.7431192660550459,1
0.6745283018867925,0.7431192660550459,1
0.6952830188679244,0.7431192660550459,1
0.7160377358490564,0.7431192660550459,1
0.7367924528301888,0.7431192660550459,1
0.7575471698113208,0.7431192660550459,1
0.7783018867924527,0.7431192660550459,1
0.7990566037735847,0.7431192660550459,1
0.8198113207547171,0.7431192660550459,1
0.840566037735849,0.7431192660550459,1
0.861320754716981,0.7431192660550459,1
0.882075471698113,0.7431192660550459,1
0.9028301886792454,0.7431192660550459,1
0.9235849056603773,0.7431192660550459,1
0.9443396226415093,0.7431192660550459,1
0.9650943396226412,0.7431192660550459,1
0.9858490566037736,0.7431192660550459,1
1.0066037735849056,0.7431192660550459,1
1.0273584905660376,0.7431192660550459,1
1.04811320754717,0.7431192660550459,1
1.068867924528302,0.7431192660550459,1
1.0896226415094339,0.7431192660550459,1
1.1103773584905658,0.7431192660550459,1
1.1311320754716983,0.7431192660550459,1
1.1518867924528302,0.7431192660550459,1
1.1726415094339622,0.7431192660550459,1
1.1933962264150941,0.7431192660550459,1
1.2141509433962265,0.7431192660550459,1
1.2349056603773585,0.7431192660550459,1
1.2556603773584905,0.7431192660550459,1
1.2764150943396224,0.7431192660550459,1
1.2971698113207548,0.7431192660550459,1
1.3179245283018868,0.7431192660550459,1
1.3386792452830187,0.7431192660550459,1
1.3594339622641507,0.7431192660550459,1
1.380188679245283,0.7431192660550459,1
1.400943396226415,0.7431192660550459,1
1.421698113207547,0.7431192660550459,1
1.442452830188679,0.7431192660550459,1
1.4632075471698114,0.7431192660550459,1
1.4839622641509433,0.7431192660550459,1
1.5047169811320753,0.7431192660550459,1
1.5254716981132073,0.7431192660550459,1
1.5462264150943397,0.7431192660550459,1
1.5669811320754716,0.7431192660550459,1
1.5877358490566036,0.7431192660550459,1
1.6084905660377355,0.7431192660550459,1
1.629245283018868,0.7431192660550459,1
1.65,0.7431192660550459,1
-1.65,0.7522935779816514,0
-1.6292452830188677,0.7522935779816514,0
-1.6084905660377358,0.7522935779816514,0
-1.5877358490566036,0.7522935779816514,0
-1.5669811320754716,0.7522935779816514,0
-1.5462264150943394,0.7522935779816514,0
-1.5254716981132075,0.7522935779816514,0
-1.5047169811320753,0.7522935779816514,0
-1.4839622641509433,0.7522935779816514,0
-1.4632075471698112,0.7522935779816514,0
-1.4424528301886792,0.7522935779816514,0
-1.421698113207547,0.7522935779816514,0
-1.400943396226415,0.7522935779816514,0
-1.3801886792452829,0.7522935779816514,0
-1.359433962264151,0.7522935779816514,0
-1.3386792452830187,0.7522935779816514,0
-1.3179245283018868,0.7522935779816514,0
-1.2971698113207546,0.7522935779816514,0
-1.2764150943396226,0.7522935779816514,0
-1.2556603773584905,0.7522935779816514,0
-1.2349056603773585,0.7522935779816514,0
-1.2141509433962263,0.7522935779816514,0
-1.1933962264150944,0.7522935779816514,0
-1.1726415094339622,0.7522935779816514,0
-1.1518867924528302,0.7522935779816514,0
-1.131132075471698,0.7522935779816514,0
-1.1103773584905658,0.7522935779816514,0
-1.0896226415094339,0.7522935779816514,0
-1.068867924528302,0.7522935779816514,0
-1.0481132075471697,0.7522935779816514,0
-1.0273584905660376,0.7522935779816514,0
-1.0066037735849056,0.7522935779816514,0
-0.9858490566037735,0.7522935779816514,0
-0.9650943396226415,0.7522935779816514,0
-0.9443396226415094,0.7522935779816514,0
-0.9235849056603773,0.7522935779816514,0
-0.9028301886792452,0.7522935779816514,0
-0.8820754716981132,0.7522935779816514,0
-0.8613207547169811,0.7522935779816514,0
-0.840566037735849,0.7522935779816514,0
-0.819811320754717,0.7522935779816514,0
-0.7990566037735849,0.7522935779816514,0
-0.7783018867924528,0.7522935779816514,0
-0.7575471698113208,0.7522935779816514,0
-0.7367924528301887,0.7522935779816514,0
-0.7160377358490566,0.7522935779816514,0
-0.6952830188679245,0.7522935779816514,0
-0.6745283018867925,0.7522935779816514,0
-0.6537735849056603,0.7522935779816514,0
-0.6330188679245283,0.7522935779816514,0
-0.6122641509433961,0.7522935779816514,0
-0.5915094339622642,0.7522935779816514,0
-0.570754716981132,0.7522935779816514,0
-0.55,0.7522935779816514,0
-0.5292452830188679,0.7522935779816514,0
-0.5084905660377359,0.7522935779816514,0
-0.4877358490566037,0.7522935779816514,0
-0.46698113207547176,0.7522935779816514,0
-0.4462264150943396,0.7522935779816514,0
-0.4254716981132076,0.7522935779816514,0
-0.40471698113207544,0.7522935779816514,0
-0.3839622641509435,0.7522935779816514,0
-0.3632075471698113,0.7522935779816514,0
-0.34245283018867934,0.7522935779816514,0
-0.32169811320754715,0.7522935779816514,0
-0.30094339622641497,0.7522935779816514,0
-0.280188679245283,0.7522935779816514,0
-0.25943396226415083,0.7522935779816514,0
-0.23867924528301887,0.7522935779816514,0
-0.2179245283018867,0.7522935779816514,0
-0.19716981132075473,0.7522935779816514,0
-0.17641509433962255,0.7522935779816514,0
-0.1556603773584906,0.7522935779816514,0
-0.1349056603773584,0.7522935779816514,0
-0.11415094339622645,0.7522935779816514,0
-0.09339622641509426,0.7522935779816514,0
-0.0726415094339623,0.7522935779816514,0
-0.05188679245283012,0.7522935779816514,0
-0.031132075471698162,0.7522935779816514,0
-0.01037735849056598,0.7522935779816514,0
0.01037735849056598,0.7522935779816514,0
0.031132075471698162,0.7522935779816514,0
0.05188679245283012,0.7522935779816514,0
0.0726415094339623,0.7522935779816514,0
0.09339622641509426,0.7522935779816514,0
0.11415094339622645,0.7522935779816514,0
0.1349056603773584,0.7522935779816514,0
0.1556603773584906,0.7522935779816514,0
0.17641509433962255,0.7522935779816514,0
0.19716981132075473,0.7522935779816514,0
0.2179245283018867,0.7522935779816514,0
0.23867924528301887,0.7522935779816514,0
0.25943396226415083,0.7522935779816514,0
0.280188679245283,0.7522935779816514,0
0.30094339622641497,0.7522935779816514,0
0.32169811320754715,0.7522935779816514,0
0.34245283018867934,0.7522935779816514,0
0.3632075471698113,0.7522935779816514,0
0.38396226415094326,0.7522935779816514,0
0.40471698113207566,0.7522935779816514,0
0.4254716981132076,0.7522935779816514,1
0.4462264150943396,0.7522935779816514,1
0.46698113207547154,0.7522935779816514,1
0.48773584905660394,0.7522935779816514,1
0.5084905660377359,0.7522935779816514,1
0.5292452830188679,0.7522935779816514,1
0.5499999999999998,0.7522935779816514,1
0.5707547169811322,0.7522935779816514,1
0.5915094339622642,0.7522935779816514,1
0.6122641509433961,0.7522935779816514,1
0.6330188679245281,0.7522935779816514,1
0.6537735849056605,0.7522935779816514,1
0.6745283018867925,0.7522935779816514,1
0.6952830188679244,0.7522935779816514,1
0.7160377358490564,0.7522935779816514,1
0.7367924528301888,0.7522935779816514,1
0.7575471698113208,0.7522935779816514,1
0.7783018867924527,0.7522935779816514,1
0.7990566037735847,0.7522935779816514,1
0.8198113207547171,0.7522935779816514,1
0.840566037735849,0.7522935779816514,1
0.861320754716981,0.7522935779816514,1
0.882075471698113,0.7522935779816514,1
0.9028301886792454,0.7522935779816514,1
0.9235849056603773,0.7522935779816514,1
0.9443396226415093,0.7522935779816514,1
0.9650943396226412,0.7522935779816514,1
0.9858490566037736,0.7522935779816514,1
1.0066037735849056,0.7522935779816514,1
1.0273584905660376,0.7522935779816514,1
1.04811320754717,0.7522935779816514,1
1.068867924528302,0.7522935779816514,1
1.0896226415094339,0.7522935779816514,1
1.1103773584905658,0.7522935779816514,1
1.1311320754716983,0.7522935779816514,1
1.1518867924528302,0.7522935779816514,1
1.1726415094339622,0.7522935779816514,1
1.1933962264150941,0.7522935779816514,1
1.2141509433962265,0.7522935779816514,1
1.2349056603773585,0.7522935779816514,1
1.2556603773584905,0.7522935779816514,1
1.2764150943396224,0.7522935779816514,1
1.2971698113207548,0.7522935779816514,1
1.3179245283018868,0.7522935779816514,1
1.3386792452830187,0.7522935779816514,1
1.3594339622641507,0.7522935779816514,1
1.380188679245283,0.7522935779816514,1
1.400943396226415,0.7522935779816514,1
1.421698113207547,0.7522935779816514,1
1.442452830188679,0.7522935779816514,1
1.4632075471698114,0.7522935779816514,1
1.4839622641509433,0.7522935779816514,1
1.5047169811320753,0.7522935779816514,1
1.5254716981132073,0.7522935779816514,1
1.5462264150943397,0.7522935779816514,1
1.5669811320754716,0.7522935779816514,1
1.5877358490566036,0.7522935779816514,1
1.6084905660377355,0.7522935779816514,1
1.629245283018868,0.7522935779816514,1
1.65,0.7522935779816514,1
-1.65,0.761467889908257,0
-1.6292452830188677,0.761467889908257,0
-1.6084905660377358,0.761467889908257,0
-1.5877358490566036,0.761467889908257,0
-1.5669811320754716,0.761467889908257,0
-1.5462264150943394,0.761467889908257,0
-1.5254716981132075,0.761467889908257,0
-1.5047169811320753,0.761467889908257,0
-1.4839622641509433,0.761467889908257,0
-1.4632075471698112,0.761467889908257,0
-1.4424528301886792,0.761467889908257,0
-1.421698113207547,0.761467889908257,0
-1.400943396226415,0.761467889908257,0
-1.3801886792452829,0.761467889908257,0
-1.359433962264151,0.761467889908257,0
-1.3386792452830187,0.761467889908257,0
-1.3179245283018868,0.761467889908257,0
-1.2971698113207546,0.761467889908257,0
-1.2764150943396226,0.761467889908257,0
-1.2556603773584905,0.761467889908257,0
-1.2349056603773585,0.761467889908257,0
-1.2141509433962263,0.761467889908257,0
-1.1933962264150944,0.761467889908257,0
-1.1726415094339622,0.761467889908257,0
-1.1518867924528302,0.761467889908257,0
-1.131132075471698,0.761467889908257,0
-1.1103773584905658,0.761467889908257,0
-1.0896226415094339,0.761467889908257,0
-1.068867924528302,0.761467889908257,0
-1.0481132075471697,0.761467889908257,0
-1.0273584905660376,0.761467889908257,0
-1.0066037735849056,0.761467889908257,0
-0.9858490566037735,0.761467889908257,0
-0.9650943396226415,0.761467889908257,0
-0.9443396226415094,0.761467889908257,0
-0.9235849056603773,0.761467889908257,0
-0.9028301886792452,0.761467889908257,0
-0.8820754716981132,0.761467889908257,0
-0.8613207547169811,0.761467889908257,0
-0.840566037735849,0.761467889908257,0
-0.819811320754717,0.761467889908257,0
-0.7990566037735849,0.761467889908257,0
-0.7783018867924528,0.761467889908257,0
-0.7575471698113208,0.761467889908257,0
-0.7367924528301887,0.761467889908257,0
-0.7160377358490566,0.761467889908257,0
-0.6952830188679245,0.761467889908257,0
-0.6745283018867925,0.761467889908257,0
-0.6537735849056603,0.761467889908257,0
-0.6330188679245283,0.761467889908257,0
-0.6122641509433961,0.761467889908257,0
-0.5915094339622642,0.761467889908257,0
-0.570754716981132,0.761467889908257,0
-0.55,0.761467889908257,0
-0.5292452830188679,0.761467889908257,0
-0.5084905660377359,0.761467889908257,0
-0.4877358490566037,0.761467889908257,0
-0.46698113207547176,0.761467889908257,0
-0.4462264150943396,0.761467889908257,0
-0.4254716981132076,0.761467889908257,0
-0.40471698113207544,0.761467889908257,0
-0.3839622641509435,0.761467889908257,0
-0.3632075471698113,0.761467889908257,0
-0.34245283018867934,0.761467889908257,0
-0.32169811320754715,0.761467889908257,0
-0.30094339622641497,0.761467889908257,0
-0.280188679245283,0.761467889908257,0
-0.25943396226415083,0.761467889908257,0
-0.23867924528301887,0.761467889908257,0
-0.2179245283018867,0.761467889908257,0
-0.19716981132075473,0.761467889908257,0
-0.17641509433962255,0.761467889908257,0
-0.1556603773584906,0.761467889908257,0
-0.1349056603773584,0.761467889908257,0
-0.11415094339622645,0.761467889908257,0
-0.09339622641509426,0.761467889908257,0
-0.0726415094339623,0.761467889908257,0
-0.05188679245283012,0.761467889908257,0
-0.031132075471698162,0.761467889908257,0
-0.01037735849056598,0.761467889908257,0
0.01037735849056598,0.761467889908257,0
0.031132075471698162,0.761467889908257,0
0.05188679245283012,0.761467889908257,0
0.0726415094339623,0.761467889908257,0
0.09339622641509426,0.761467889908257,0
0.11415094339622645,0.761467889908257,0
0.1349056603773584,0.761467889908257,0
0.1556603773584906,0.761467889908257,0
0.17641509433962255,0.761467889908257,0
0.19716981132075473,0.761467889908257,0
0.2179245283018867,0.761467889908257,0
0.23867924528301887,0.761467889908257,0
0.25943396226415083,0.761467889908257,0
0.280188679245283,0.761467889908257,0
0.30094339622641497,0.761467889908257,0
0.32169811320754715,0.761467889908257,0
0.34245283018867934,0.761467889908257,0
0.3632075471698113,0.761467889908257,0
0.38396226415094326,0.761467889908257,0
0.40471698113207566,0.761467889908257,0
0.4254716981132076,0.761467889908257,1
0.4462264150943396,0.761467889908257,1
0.46698113207547154,0.761467889908257,1
0.48773584905660394,0.761467889908257,1
0.5084905660377359,0.761467889908257,1
0.5292452830188679,0.761467889908257,1
0.5499999999999998,0.761467889908257,1
0.5707547169811322,0.761467889908257,1
0.5915094339622642,0.761467889908257,1
0.6122641509433961,0.761467889908257,1
0.6330188679245281,0.761467889908257,1
0.6537735849056605,0.761467889908257,1
0.6745283018867925,0.761467889908257,1
0.6952830188679244,0.761467889908257,1
0.7160377358490564,0.761467889908257,1
0.7367924528301888,0.761467889908257,1
0.7575471698113208,0.761467889908257,1
0.7783018867924527,0.761467889908257,1
0.7990566037735847,0.761467889908257,1
0.8198113207547171,0.761467889908257,1
0.840566037735849,0.761467889908257,1
0.861320754716981,0.761467889908257,1
0.882075471698113,0.761467889908257,1
0.9028301886792454,0.761467889908257,1
0.9235849056603773,0.761467889908257,1
0.9443396226415093,0.761467889908257,1
0.9650943396226412,0.761467889908257,1
0.9858490566037736,0.761467889908257,1
1.0066037735849056,0.761467889908257,1
1.0273584905660376,0.761467889908257,1
1.04811320754717,0.761467889908257,1
1.068867924528302,0.761467889908257,1
1.0896226415094339,0.761467889908257,1
1.1103773584905658,0.761467889908257,1
1.1311320754716983,0.761467889908257,1
1.1518867924528302,0.761467889908257,1
1.1726415094339622,0.761467889908257,1
1.1933962264150941,0.761467889908257,1
1.2141509433962265,0.761467889908257,1
1.2349056603773585,0.761467889908257,1
1.2556603773584905,0.761467889908257,1
1.2764150943396224,0.761467889908257,1
1.2971698113207548,0.761467889908257,1
1.3179245283018868,0.761467889908257,1
1.3386792452830187,0.761467889908257,1
1.3594339622641507,0.761467889908257,1
1.380188679245283,0.761467889908257,1
1.400943396226415,0.761467889908257,1
1.421698113207547,0.761467889908257,1
1.442452830188679,0.761467889908257,1
1.4632075471698114,0.761467889908257,1
1.4839622641509433,0.761467889908257,1
1.5047169811320753,0.761467889908257,1
1.5254716981132073,0.761467889908257,1
1.5462264150943397,0.761467889908257,1
1.5669811320754716,0.761467889908257,1
1.5877358490566036,0.761467889908257,1
1.6084905660377355,0.761467889908257,1
1.629245283018868,0.761467889908257,1
1.65,0.761467889908257,1
-1.65,0.7706422018348624,0
-1.6292452830188677,0.7706422018348624,0
-1.6084905660377358,0.7706422018348624,0
-1.5877358490566036,0.7706422018348624,0
-1.5669811320754716,0.7706422018348624,0
-1.5462264150943394,0.7706422018348624,0
-1.5254716981132075,0.7706422018348624,0
-1.5047169811320753,0.7706422018348624,0
-1.4839622641509433,0.7706422018348624,0
-1.4632075471698112,0.7706422018348624,0
-1.4424528301886792,0.7706422018348624,0
-1.421698113207547,0.7706422018348624,0
-1.400943396226415,0.7706422018348624,0
-1.3801886792452829,0.7706422018348624,0
-1.359433962264151,0.7706422018348624,0
-1.3386792452830187,0.7706422018348624,0
-1.3179245283018868,0.7706422018348624,0
-1.2971698113207546,0.7706422018348624,0
-1.2764150943396226,0.7706422018348624,0
-1.2556603773584905,0.7706422018348624,0
-1.2349056603773585,0.7706422018348624,0
-1.2141509433962263,0.7706422018348624,0
-1.1933962264150944,0.7706422018348624,0
-1.1726415094339622,0.7706422018348624,0
-1.1518867924528302,0.7706422018348624,0
-1.131132075471698,0.7706422018348624,0
-1.1103773584905658,0.7706422018348624,0
-1.0896226415094339,0.7706422018348624,0
-1.068867924528302,0.7706422018348624,0
-1.0481132075471697,0.7706422018348624,0
-1.0273584905660376,0.7706422018348624,0
-1.0066037735849056,0.7706422018348624,0
-0.9858490566037735,0.7706422018348624,0
-0.9650943396226415,0.7706422018348624,0
-0.9443396226415094,0.7706422018348624,0
-0.9235849056603773,0.7706422018348624,0
-0.9028301886792452,0.7706422018348624,0
-0.8820754716981132,0.7706422018348624,0
-0.8613207547169811,0.7706422018348624,0
-0.840566037735849,0.7706422018348624,0
-0.819811320754717,0.7706422018348624,0
-0.7990566037735849,0.7706422018348624,0
-0.7783018867924528,0.7706422018348624,0
-0.7575471698113208,0.7706422018348624,0
-0.7367924528301887,0.7706422018348624,0
-0.7160377358490566,0.7706422018348624,0
-0.6952830188679245,0.7706422018348624,0
-0.6745283018867925,0.7706422018348624,0
-0.6537735849056603,0.7706422018348624,0
-0.6330188679245283,0.7706422018348624,0
-0.6122641509433961,0.7706422018348624,0
-0.5915094339622642,0.7706422018348624,0
-0.570754716981132,0.7706422018348624,0
-0.55,0.7706422018348624,0
-0.5292452830188679,0.7706422018348624,0
-0.5084905660377359,0.7706422018348624,0
-0.4877358490566037,0.7706422018348624,0
-0.46698113207547176,0.7706422018348624,0
-0.4462264150943396,0.7706422018348624,0
-0.4254716981132076,0.7706422018348624,0
-0.40471698113207544,0.7706422018348624,0
-0.3839622641509435,0.7706422018348624,0
-0.3632075471698113,0.7706422018348624,0
-0.34245283018867934,0.7706422018348624,0
-0.32169811320754715,0.7706422018348624,0
-0.30094339622641497,0.7706422018348624,0
-0.280188679245283,0.7706422018348624,0
-0.25943396226415083,0.7706422018348624,0
-0.23867924528301887,0.7706422018348624,0
-0.2179245283018867,0.7706422018348624,0
-0.19716981132075473,0.7706422018348624,0
-0.17641509433962255,0.7706422018348624,0
-0.1556603773584906,0.7706422018348624,0
-0.1349056603773584,0.7706422018348624,0
-0.11415094339622645,0.7706422018348624,0
-0.09339622641509426,0.7706422018348624,0
-0.0726415094339623,0.7706422018348624,0
-0.05188679245283012,0.7706422018348624,0
-0.031132075471698162,0.7706422018348624,0
-0.01037735849056598,0.7706422018348624,0
0.01037735849056598,0.7706422018348624,0
0.031132075471698162,0.7706422018348624,0
0.05188679245283012,0.7706422018348624,0
0.0726415094339623,0.7706422018348624,0
0.09339622641509426,0.7706422018348624,0
0.11415094339622645,0.7706422018348624,0
0.1349056603773584,0.7706422018348624,0
0.1556603773584906,0.7706422018348624,0
0.17641509433962255,0.7706422018348624,0
0.19716981132075473,0.7706422018348624,0
0.2179245283018867,0.7706422018348624,0
0.23867924528301887,0.7706422018348624,0
0.25943396226415083,0.7706422018348624,0
0.280188679245283,0.7706422018348624,0
0.30094339622641497,0.7706422018348624,0
0.32169811320754715,0.7706422018348624,0
0.34245283018867934,0.7706422018348624,0
0.3632075471698113,0.7706422018348624,0
0.38396226415094326,0.7706422018348624,0
0.40471698113207566,0.7706422018348624,0
0.4254716981132076,0.7706422018348624,1
0.4462264150943396,0.7706422018348624,1
0.46698113207547154,0.7706422018348624,1
0.48773584905660394,0.7706422018348624,1
0.5084905660377359,0.7706422018348624,1
0.5292452830188679,0.7706422018348624,1
0.5499999999999998,0.7706422018348624,1
0.5707547169811322,0.7706422018348624,1
0.5915094339622642,0.7706422018348624,1
0.6122641509433961,0.7706422018348624,1
0.6330188679245281,0.7706422018348624,1
0.6537735849056605,0.7706422018348624,1
0.6745283018867925,0.7706422018348624,1
0.6952830188679244,0.7706422018348624,1
0.7160377358490564,0.7706422018348624,1
0.7367924528301888,0.7706422018348624,1
0.7575471698113208,0.7706422018348624,1
0.7783018867924527,0.7706422018348624,1
0.7990566037735847,0.7706422018348624,1
0.8198113207547171,0.7706422018348624,1
0.840566037735849,0.7706422018348624,1
0.861320754716981,0.7706422018348624,1
0.882075471698113,0.7706422018348624,1
0.9028301886792454,0.7706422018348624,1
0.9235849056603773,0.7706422018348624,1
0.9443396226415093,0.7706422018348624,1
0.9650943396226412,0.7706422018348624,1
0.9858490566037736,0.7706422018348624,1
1.0066037735849056,0.7706422018348624,1
1.0273584905660376,0.7706422018348624,1
1.04811320754717,0.7706422018348624,1
1.068867924528302,0.7706422018348624,1
1.0896226415094339,0.7706422018348624,1
1.1103773584905658,0.7706422018348624,1
1.1311320754716983,0.7706422018348624,1
1.1518867924528302,0.7706422018348624,1
1.1726415094339622,0.7706422018348624,1
1.1933962264150941,0.7706422018348624,1
1.2141509433962265,0.7706422018348624,1
1.2349056603773585,0.7706422018348624,1
1.2556603773584905,0.7706422018348624,1
1.2764150943396224,0.7706422018348624,1
1.2971698113207548,0.7706422018348624,1
1.3179245283018868,0.7706422018348624,1
1.3386792452830187,0.7706422018348624,1
1.3594339622641507,0.7706422018348624,1
1.380188679245283,0.7706422018348624,1
1.400943396226415,0.7706422018348624,1
1.421698113207547,0.7706422018348624,1
1.442452830188679,0.7706422018348624,1
1.4632075471698114,0.7706422018348624,1
1.4839622641509433,0.7706422018348624,1
1.5047169811320753,0.7706422018348624,1
1.5254716981132073,0.7706422018348624,1
1.5462264150943397,0.7706422018348624,1
1.5669811320754716,0.7706422018348624,1
1.5877358490566036,0.7706422018348624,1
1.6084905660377355,0.7706422018348624,1
1.629245283018868,0.7706422018348624,1
1.65,0.7706422018348624,1
-1.65,0.7798165137614679,0
-1.6292452830188677,0.7798165137614679,0
-1.6084905660377358,0.7798165137614679,0
-1.5877358490566036,0.7798165137614679,0
-1.5669811320754716,0.7798165137614679,0
-1.5462264150943394,0.7798165137614679,0
-1.5254716981132075,0.7798165137614679,0
-1.5047169811320753,0.7798165137614679,0
-1.4839622641509433,0.7798165137614679,0
-1.4632075471698112,0.7798165137614679,0
-1.4424528301886792,0.7798165137614679,0
-1.421698113207547,0.7798165137614679,0
-1.400943396226415,0.7798165137614679,0
-1.3801886792452829,0.7798165137614679,0
-1.359433962264151,0.7798165137614679,0
-1.3386792452830187,0.7798165137614679,0
-1.3179245283018868,0.7798165137614679,0
-1.2971698113207546,0.7798165137614679,0
-1.2764150943396226,0.7798165137614679,0
-1.2556603773584905,0.7798165137614679,0
-1.2349056603773585,0.7798165137614679,0
-1.2141509433962263,0.7798165137614679,0
-1.1933962264150944,0.7798165137614679,0
-1.1726415094339622,0.7798165137614679,0
-1.1518867924528302,0.7798165137614679,0
-1.131132075471698,0.7798165137614679,0
-1.1103773584905658,0.7798165137614679,0
-1.0896226415094339,0.7798165137614679,0
-1.068867924528302,0.7798165137614679,0
-1.0481132075471697,0.7798165137614679,0
-1.0273584905660376,0.7798165137614679,0
-1.0066037735849056,0.7798165137614679,0
-0.9858490566037735,0.7798165137614679,0
-0.9650943396226415,0.7798165137614679,0
-0.9443396226415094,0.7798165137614679,0
-0.9235849056603773,0.7798165137614679,0
-0.9028301886792452,0.7798165137614679,0
-0.8820754716981132,0.7798165137614679,0
-0.8613207547169811,0.7798165137614679,0
-0.840566037735849,0.7798165137614679,0
-0.819811320754717,0.7798165137614679,0
-0.7990566037735849,0.7798165137614679,0
-0.7783018867924528,0.7798165137614679,0
-0.7575471698113208,0.7798165137614679,0
-0.7367924528301887,0.7798165137614679,0
-0.7160377358490566,0.7798165137614679,0
-0.6952830188679245,0.7798165137614679,0
-0.6745283018867925,0.7798165137614679,0
-0.6537735849056603,0.7798165137614679,0
-0.6330188679245283,0.7798165137614679,0
-0.6122641509433961,0.7798165137614679,0
-0.5915094339622642,0.7798165137614679,0
-0.570754716981132,0.7798165137614679,0
-0.55,0.7798165137614679,0
-0.5292452830188679,0.7798165137614679,0
-0.5084905660377359,0.7798165137614679,0
-0.4877358490566037,0.7798165137614679,0
-0.46698113207547176,0.7798165137614679,0
-0.4462264150943396,0.7798165137614679,0
-0.4254716981132076,0.7798165137614679,0
-0.40471698113207544,0.7798165137614679,0
-0.3839622641509435,0.7798165137614679,0
-0.3632075471698113,0.7798165137614679,0
-0.34245283018867934,0.7798165137614679,0
-0.32169811320754715,0.7798165137614679,0
-0.30094339622641497,0.7798165137614679,0
-0.280188679245283,0.7798165137614679,0
-0.25943396226415083,0.7798165137614679,0
-0.23867924528301887,0.7798165137614679,0
-0.2179245283018867,0.7798165137614679,0
-0.19716981132075473,0.7798165137614679,0
-0.17641509433962255,0.7798165137614679,0
-0.1556603773584906,0.7798165137614679,0
-0.1349056603773584,0.7798165137614679,0
-0.11415094339622645,0.7798165137614679,0
-0.09339622641509426,0.7798165137614679,0
-0.0726415094339623,0.7798165137614679,0
-0.05188679245283012,0.7798165137614679,0
-0.031132075471698162,0.7798165137614679,0
-0.01037735849056598,0.7798165137614679,0
0.01037735849056598,0.7798165137614679,0
0.031132075471698162,0.7798165137614679,0
0.05188679245283012,0.7798165137614679,0
0.0726415094339623,0.7798165137614679,0
0.09339622641509426,0.7798165137614679,0
0.11415094339622645,0.7798165137614679,0
0.1349056603773584,0.7798165137614679,0
0.1556603773584906,0.7798165137614679,0
0.17641509433962255,0.7798165137614679,0
0.19716981132075473,0.7798165137614679,0
0.2179245283018867,0.7798165137614679,0
0.23867924528301887,0.7798165137614679,0
0.25943396226415083,0.7798165137614679,0
0.280188679245283,0.7798165137614679,0
0.30094339622641497,0.7798165137614679,0
0.32169811320754715,0.7798165137614679,0
0.34245283018867934,0.7798165137614679,0
0.3632075471698113,0.7798165137614679,0
0.38396226415094326,0.7798165137614679,0
0.40471698113207566,0.7798165137614679,0
0.4254716981132076,0.7798165137614679,0
0.4462264150943396,0.7798165137614679,1
0.46698113207547154,0.7798165137614679,1
0.48773584905660394,0.7798165137614679,1
0.5084905660377359,0.7798165137614679,1
0.5292452830188679,0.7798165137614679,1
0.5499999999999998,0.7798165137614679,1
0.5707547169811322,0.7798165137614679,1
0.5915094339622642,0.7798165137614679,1
0.6122641509433961,0.7798165137614679,1
0.6330188679245281,0.7798165137614679,1
0.6537735849056605,0.7798165137614679,1
0.6745283018867925,0.7798165137614679,1
0.6952830188679244,0.7798165137614679,1
0.7160377358490564,0.7798165137614679,1
0.7367924528301888,0.7798165137614679,1
0.7575471698113208,0.7798165137614679,1
0.7783018867924527,0.7798165137614679,1
0.7990566037735847,0.7798165137614679,1
0.8198113207547171,0.7798165137614679,1
0.840566037735849,0.7798165137614679,1
0.861320754716981,0.7798165137614679,1
0.882075471698113,0.7798165137614679,1
0.9028301886792454,0.7798165137614679,1
0.9235849056603773,0.7798165137614679,1
0.9443396226415093,0.7798165137614679,1
0.9650943396226412,0.7798165137614679,1
0.9858490566037736,0.7798165137614679,1
1.0066037735849056,0.7798165137614679,1
1.0273584905660376,0.7798165137614679,1
1.04811320754717,0.7798165137614679,1
1.068867924528302,0.7798165137614679,1
1.0896226415094339,0.7798165137614679,1
1.1103773584905658,0.7798165137614679,1
1.1311320754716983,0.7798165137614679,1
1.1518867924528302,0.7798165137614679,1
1.1726415094339622,0.7798165137614679,1
1.1933962264150941,0.7798165137614679,1
1.2141509433962265,0.7798165137614679,1
1.2349056603773585,0.7798165137614679,1
1.2556603773584905,0.7798165137614679,1
1.2764150943396224,0.7798165137614679,1
1.2971698113207548,0.7798165137614679,1
1.3179245283018868,0.7798165137614679,1
1.3386792452830187,0.7798165137614679,1
1.3594339622641507,0.7798165137614679,1
1.380188679245283,0.7798165137614679,1
1.400943396226415,0.7798165137614679,1
1.421698113207547,0.7798165137614679,1
1.442452830188679,0.7798165137614679,1
1.4632075471698114,0.7798165137614679,1
1.4839622641509433,0.7798165137614679,1
1.5047169811320753,0.7798165137614679,1
1.5254716981132073,0.7798165137614679,1
1.5462264150943397,0.7798165137614679,1
1.5669811320754716,0.7798165137614679,1
1.5877358490566036,0.7798165137614679,1
1.6084905660377355,0.7798165137614679,1
1.629245283018868,0.7798165137614679,1
1.65,0.7798165137614679,1
-1.65,0.7889908256880734,0
-1.6292452830188677,0.7889908256880734,0
-1.6084905660377358,0.7889908256880734,0
-1.5877358490566036,0.7889908256880734,0
-1.5669811320754716,0.7889908256880734,0
-1.5462264150943394,0.7889908256880734,0
-1.5254716981132075,0.7889908256880734,0
-1.5047169811320753,0.7889908256880734,0
-1.4839622641509433,0.7889908256880734,0
-1.4632075471698112,0.7889908256880734,0
-1.4424528301886792,0.7889908256880734,0
-1.421698113207547,0.7889908256880734,0
-1.400943396226415,0.7889908256880734,0
-1.3801886792452829,0.7889908256880734,0
-1.359433962264151,0.7889908256880734,0
-1.3386792452830187,0.7889908256880734,0
-1.3179245283018868,0.7889908256880734,0
-1.2971698113207546,0.7889908256880734,0
-1.2764150943396226,0.7889908256880734,0
-1.2556603773584905,0.7889908256880734,0
-1.2349056603773585,0.7889908256880734,0
-1.2141509433962263,0.7889908256880734,0
-1.1933962264150944,0.7889908256880734,0
-1.1726415094339622,0.7889908256880734,0
-1.1518867924528302,0.7889908256880734,0
-1.131132075471698,0.7889908256880734,0
-1.1103773584905658,0.7889908256880734,0
-1.0896226415094339,0.7889908256880734,0
-1.068867924528302,0.7889908256880734,0
-1.0481132075471697,0.7889908256880734,0
-1.0273584905660376,0.7889908256880734,0
-1.0066037735849056,0.7889908256880734,0
-0.9858490566037735,0.7889908256880734,0
-0.9650943396226415,0.7889908256880734,0
-0.9443396226415094,0.7889908256880734,0
-0.9235849056603773,0.7889908256880734,0
-0.9028301886792452,0.7889908256880734,0
-0.8820754716981132,0.7889908256880734,0
-0.8613207547169811,0.7889908256880734,0
-0.840566037735849,0.7889908256880734,0
-0.819811320754717,0.7889908256880734,0
-0.7990566037735849,0.7889908256880734,0
-0.7783018867924528,0.7889908256880734,0
-0.7575471698113208,0.7889908256880734,0
-0.7367924528301887,0.7889908256880734,0
-0.7160377358490566,0.7889908256880734,0
-0.6952830188679245,0.7889908256880734,0
-0.6745283018867925,0.7889908256880734,0
-0.6537735849056603,0.7889908256880734,0
-0.6330188679245283,0.7889908256880734,0
-0.6122641509433961,0.7889908256880734,0
-0.5915094339622642,0.7889908256880734,0
-0.570754716981132,0.7889908256880734,0
-0.55,0.7889908256880734,0
-0.5292452830188679,0.7889908256880734,0
-0.5084905660377359,0.7889908256880734,0
-0.4877358490566037,0.7889908256880734,0
-0.46698113207547176,0.7889908256880734,0
-0.4462264150943396,0.7889908256880734,0
-0.4254716981132076,0.7889908256880734,0
-0.40471698113207544,0.7889908256880734,0
-0.3839622641509435,0.7889908256880734,0
-0.3632075471698113,0.7889908256880734,0
-0.34245283018867934,0.7889908256880734,0
-0.32169811320754715,0.7889908256880734,0
-0.30094339622641497,0.7889908256880734,0
-0.280188679245283,0.7889908256880734,0
-0.25943396226415083,0.7889908256880734,0
-0.23867924528301887,0.7889908256880734,0
-0.2179245283018867,0.7889908256880734,0
-0.19716981132075473,0.7889908256880734,0
-0.17641509433962255,0.7889908256880734,0
-0.1556603773584906,0.7889908256880734,0
-0.1349056603773584,0.7889908256880734,0
-0.11415094339622645,0.7889908256880734,0
-0.09339622641509426,0.7889908256880734,0
-0.0726415094339623,0.7889908256880734,0
-0.05188679245283012,0.7889908256880734,0
-0.031132075471698162,0.7889908256880734,0
-0.01037735849056598,0.7889908256880734,0
0.01037735849056598,0.7889908256880734,0
0.031132075471698162,0.7889908256880734,0
0.05188679245283012,0.7889908256880734,0
0.0726415094339623,0.7889908256880734,0
0.09339622641509426,0.7889908256880734,0
0.11415094339622645,0.7889908256880734,0
0.1349056603773584,0.7889908256880734,0
0.1556603773584906,0.7889908256880734,0
0.17641509433962255,0.7889908256880734,0
0.19716981132075473,0.7889908256880734,0
0.2179245283018867,0.7889908256880734,0
0.23867924528301887,0.7889908256880734,0
0.25943396226415083,0.7889908256880734,0
0.280188679245283,0.7889908256880734,0
0.30094339622641497,0.7889908256880734,0
0.32169811320754715,0.7889908256880734,0
0.34245283018867934,0.7889908256880734,0
0.3632075471698113,0.7889908256880734,0
0.38396226415094326,0.7889908256880734,0
0.40471698113207566,0.7889908256880734,0
0.4254716981132076,0.7889908256880734,0
0.4462264150943396,0.7889908256880734,1
0.46698113207547154,0.7889908256880734,1
0.48773584905660394,0.7889908256880734,1
0.5084905660377359,0.7889908256880734,1
0.5292452830188679,0.7889908256880734,1
0.5499999999999998,0.7889908256880734,1
0.5707547169811322,0.7889908256880734,1
0.5915094339622642,0.7889908256880734,1
0.6122641509433961,0.7889908256880734,1
0.6330188679245281,0.7889908256880734,1
0.6537735849056605,0.7889908256880734,1
0.6745283018867925,0.7889908256880734,1
0.6952830188679244,0.7889908256880734,1
0.7160377358490564,0.7889908256880734,1
0.7367924528301888,0.7889908256880734,1
0.7575471698113208,0.7889908256880734,1
0.7783018867924527,0.7889908256880734,1
0.7990566037735847,0.7889908256880734,1
0.8198113207547171,0.7889908256880734,1
0.840566037735849,0.7889908256880734,1
0.861320754716981,0.7889908256880734,1
0.882075471698113,0.7889908256880734,1
0.9028301886792454,0.7889908256880734,1
0.9235849056603773,0.7889908256880734,1
0.9443396226415093,0.7889908256880734,1
0.9650943396226412,0.7889908256880734,1
0.9858490566037736,0.7889908256880734,1
1.0066037735849056,0.7889908256880734,1
1.0273584905660376,0.7889908256880734,1
1.04811320754717,0.7889908256880734,1
1.068867924528302,0.7889908256880734,1
1.0896226415094339,0.7889908256880734,1
1.1103773584905658,0.7889908256880734,1
1.1311320754716983,0.7889908256880734,1
1.1518867924528302,0.7889908256880734,1
1.1726415094339622,0.7889908256880734,1
1.1933962264150941,0.7889908256880734,1
1.2141509433962265,0.7889908256880734,1
1.2349056603773585,0.7889908256880734,1
1.2556603773584905,0.7889908256880734,1
1.2764150943396224,0.7889908256880734,1
1.2971698113207548,0.7889908256880734,1
1.3179245283018868,0.7889908256880734,1
1.3386792452830187,0.7889908256880734,1
1.3594339622641507,0.7889908256880734,1
1.380188679245283,0.7889908256880734,1
1.400943396226415,0.7889908256880734,1
1.421698113207547,0.7889908256880734,1
1.442452830188679,0.7889908256880734,1
1.4632075471698114,0.7889908256880734,1
1.4839622641509433,0.7889908256880734,1
1.5047169811320753,0.7889908256880734,1
1.5254716981132073,0.7889908256880734,1
1.5462264150943397,0.7889908256880734,1
1.5669811320754716,0.7889908256880734,1
1.5877358490566036,0.7889908256880734,1
1.6084905660377355,0.7889908256880734,1
1.629245283018868,0.7889908256880734,1
1.65,0.7889908256880734,1
-1.65,0.798165137614679,0
-1.6292452830188677,0.798165137614679,0
-1.6084905660377358,0.798165137614679,0
-1.5877358490566036,0.798165137614679,0
-1.5669811320754716,0.798165137614679,0
-1.5462264150943394,0.798165137614679,0
-1.5254716981132075,0.798165137614679,0
-1.5047169811320753,0.798165137614679,0
-1.4839622641509433,0.798165137614679,0
-1.4632075471698112,0.798165137614679,0
-1.4424528301886792,0.798165137614679,0
-1.421698113207547,0.798165137614679,0
-1.400943396226415,0.798165137614679,0
-1.3801886792452829,0.798165137614679,0
-1.359433962264151,0.798165137614679,0
-1.3386792452830187,0.798165137614679,0
-1.3179245283018868,0.798165137614679,0
-1.2971698113207546,0.798165137614679,0
-1.2764150943396226,0.798165137614679,0
-1.2556603773584905,0.798165137614679,0
-1.2349056603773585,0.798165137614679,0
-1.2141509433962263,0.798165137614679,0
-1.1933962264150944,0.798165137614679,0
-1.1726415094339622,0.798165137614679,0
-1.1518867924528302,0.798165137614679,0
-1.131132075471698,0.798165137614679,0
-1.1103773584905658,0.798165137614679,0
-1.0896226415094339,0.798165137614679,0
-1.068867924528302,0.798165137614679,0
-1.0481132075471697,0.798165137614679,0
-1.0273584905660376,0.798165137614679,0
-1.0066037735849056,0.798165137614679,0
-0.9858490566037735,0.798165137614679,0
-0.9650943396226415,0.798165137614679,0
-0.9443396226415094,0.798165137614679,0
-0.9235849056603773,0.798165137614679,0
-0.9028301886792452,0.798165137614679,0
-0.8820754716981132,0.798165137614679,0
-0.8613207547169811,0.798165137614679,0
-0.840566037735849,0.798165137614679,0
-0.819811320754717,0.798165137614679,0
-0.7990566037735849,0.798165137614679,0
-0.7783018867924528,0.798165137614679,0
-0.7575471698113208,0.798165137614679,0
-0.7367924528301887,0.798165137614679,0
-0.7160377358490566,0.798165137614679,0
-0.6952830188679245,0.798165137614679,0
-0.6745283018867925,0.798165137614679,0
-0.6537735849056603,0.798165137614679,0
-0.6330188679245283,0.798165137614679,0
-0.6122641509433961,0.798165137614679,0
-0.5915094339622642,0.798165137614679,0
-0.570754716981132,0.798165137614679,0
-0.55,0.798165137614679,0
-0.5292452830188679,0.798165137614679,0
-0.5084905660377359,0.798165137614679,0
-0.4877358490566037,0.798165137614679,0
-0.46698113207547176,0.798165137614679,0
-0.4462264150943396,0.798165137614679,0
-0.4254716981132076,0.798165137614679,0
-0.40471698113207544,0.798165137614679,0
-0.3839622641509435,0.798165137614679,0
-0.3632075471698113,0.798165137614679,0
-0.34245283018867934,0.798165137614679,0
-0.32169811320754715,0.798165137614679,0
-0.30094339622641497,0.798165137614679,0
-0.280188679245283,0.798165137614679,0
-0.25943396226415083,0.798165137614679,0
-0.23867924528301887,0.798165137614679,0
-0.2179245283018867,0.798165137614679,0
-0.19716981132075473,0.798165137614679,0
-0.17641509433962255,0.798165137614679,0
-0.1556603773584906,0.798165137614679,0
-0.1349056603773584,0.798165137614679,0
-0.11415094339622645,0.798165137614679,0
-0.09339622641509426,0.798165137614679,0
-0.0726415094339623,0.798165137614679,0
-0.05188679245283012,0.798165137614679,0
-0.031132075471698162,0.798165137614679,0
-0.01037735849056598,0.798165137614679,0
0.01037735849056598,0.798165137614679,0
0.031132075471698162,0.798165137614679,0
0.05188679245283012,0.798165137614679,0
0.0726415094339623,0.798165137614679,0
0.09339622641509426,0.798165137614679,0
0.11415094339622645,0.798165137614679,0
0.1349056603773584,0.798165137614679,0
0.1556603773584906,0.798165137614679,0
0.17641509433962255,0.798165137614679,0
0.19716981132075473,0.798165137614679,0
0.2179245283018867,0.798165137614679,0
0.23867924528301887,0.798165137614679,0
0.25943396226415083,0.798165137614679,0
0.280188679245283,0.798165137614679,0
0.30094339622641497,0.798165137614679,0
0.32169811320754715,0.798165137614679,0
0.34245283018867934,0.798165137614679,0
0.3632075471698113,0.798165137614679,0
0.38396226415094326,0.798165137614679,0
0.40471698113207566,0.798165137614679,0
0.4254716981132076,0.798165137614679,0
0.4462264150943396,0.798165137614679,1
0.46698113207547154,0.798165137614679,1
0.48773584905660394,0.798165137614679,1
0.5084905660377359,0.798165137614679,1
0.5292452830188679,0.798165137614679,1
0.5499999999999998,0.798165137614679,1
0.5707547169811322,0.798165137614679,1
0.5915094339622642,0.798165137614679,1
0.6122641509433961,0.798165137614679,1
0.6330188679245281,0.798165137614679,1
0.6537735849056605,0.798165137614679,1
0.6745283018867925,0.798165137614679,1
0.6952830188679244,0.798165137614679,1
0.7160377358490564,0.798165137614679,1
0.7367924528301888,0.798165137614679,1
0.7575471698113208,0.798165137614679,1
0.7783018867924527,0.798165137614679,1
0.7990566037735847,0.798165137614679,1
0.8198113207547171,0.798165137614679,1
0.840566037735849,0.798165137614679,1
0.861320754716981,0.798165137614679,1
0.882075471698113,0.798165137614679,1
0.9028301886792454,0.798165137614679,1
0.9235849056603773,0.798165137614679,1
0.9443396226415093,0.798165137614679,1
0.9650943396226412,0.798165137614679,1
0.9858490566037736,0.798165137614679,1
1.0066037735849056,0.798165137614679,1
1.0273584905660376,0.798165137614679,1
1.04811320754717,0.798165137614679,1
1.068867924528302,0.798165137614679,1
1.0896226415094339,0.798165137614679,1
1.1103773584905658,0.798165137614679,1
1.1311320754716983,0.798165137614679,1
1.1518867924528302,0.798165137614679,1
1.1726415094339622,0.798165137614679,1
1.1933962264150941,0.798165137614679,1
1.2141509433962265,0.798165137614679,1
1.2349056603773585,0.798165137614679,1
1.2556603773584905,0.798165137614679,1
1.2764150943396224,0.798165137614679,1
1.2971698113207548,0.798165137614679,1
1.3179245283018868,0.798165137614679,1
1.3386792452830187,0.798165137614679,1
1.3594339622641507,0.798165137614679,1
1.380188679245283,0.798165137614679,1
1.400943396226415,0.798165137614679,1
1.421698113207547,0.798165137614679,1
1.442452830188679,0.798165137614679,1
1.4632075471698114,0.798165137614679,1
1.4839622641509433,0.798165137614679,1
1.5047169811320753,0.798165137614679,1
1.5254716981132073,0.798165137614679,1
1.5462264150943397,0.798165137614679,1
1.5669811320754716,0.798165137614679,1
1.5877358490566036,0.798165137614679,1
1.6084905660377355,0.798165137614679,1
1.629245283018868,0.798165137614679,1
1.65,0.798165137614679,1
-1.65,0.8073394495412844,0
-1.6292452830188677,0.8073394495412844,0
-1.6084905660377358,0.8073394495412844,0
-1.5877358490566036,0.8073394495412844,0
-1.5669811320754716,0.8073394495412844,0
-1.5462264150943394,0.8073394495412844,0
-1.5254716981132075,0.8073394495412844,0
-1.5047169811320753,0.8073394495412844,0
-1.4839622641509433,0.8073394495412844,0
-1.4632075471698112,0.8073394495412844,0
-1.4424528301886792,0.8073394495412844,0
-1.421698113207547,0.8073394495412844,0
-1.400943396226415,0.8073394495412844,0
-1.3801886792452829,0.8073394495412844,0
-1.359433962264151,0.8073394495412844,0
-1.3386792452830187,0.8073394495412844,0
-1.3179245283018868,0.8073394495412844,0
-1.2971698113207546,0.8073394495412844,0
-1.2764150943396226,0.8073394495412844,0
-1.2556603773584905,0.8073394495412844,0
-1.2349056603773585,0.8073394495412844,0
-1.2141509433962263,0.8073394495412844,0
-1.1933962264150944,0.8073394495412844,0
-1.1726415094339622,0.8073394495412844,0
-1.1518867924528302,0.8073394495412844,0
-1.131132075471698,0.8073394495412844,0
-1.1103773584905658,0.8073394495412844,0
-1.0896226415094339,0.8073394495412844,0
-1.068867924528302,0.8073394495412844,0
-1.0481132075471697,0.8073394495412844,0
-1.0273584905660376,0.8073394495412844,0
-1.0066037735849056,0.8073394495412844,0
-0.9858490566037735,0.8073394495412844,0
-0.9650943396226415,0.8073394495412844,0
-0.9443396226415094,0.8073394495412844,0
-0.9235849056603773,0.8073394495412844,0
-0.9028301886792452,0.8073394495412844,0
-0.8820754716981132,0.8073394495412844,0
-0.8613207547169811,0.8073394495412844,0
-0.840566037735849,0.8073394495412844,0
-0.819811320754717,0.8073394495412844,0
-0.7990566037735849,0.8073394495412844,0
-0.7783018867924528,0.8073394495412844,0
-0.7575471698113208,0.8073394495412844,0
-0.7367924528301887,0.8073394495412844,0
-0.7160377358490566,0.8073394495412844,0
-0.6952830188679245,0.8073394495412844,0
-0.6745283018867925,0.8073394495412844,0
-0.6537735849056603,0.8073394495412844,0
-0.6330188679245283,0.8073394495412844,0
-0.6122641509433961,0.8073394495412844,0
-0.5915094339622642,0.8073394495412844,0
-0.570754716981132,0.8073394495412844,0
-0.55,0.8073394495412844,0
-0.5292452830188679,0.8073394495412844,0
-0.5084905660377359,0.8073394495412844,0
-0.4877358490566037,0.8073394495412844,0
-0.46698113207547176,0.8073394495412844,0
-0.4462264150943396,0.8073394495412844,0
-0.4254716981132076,0.8073394495412844,0
-0.40471698113207544,0.8073394495412844,0
-0.3839622641509435,0.8073394495412844,0
-0.3632075471698113,0.8073394495412844,0
-0.34245283018867934,0.8073394495412844,0
-0.32169811320754715,0.8073394495412844,0
-0.30094339622641497,0.8073394495412844,0
-0.280188679245283,0.8073394495412844,0
-0.25943396226415083,0.8073394495412844,0
-0.23867924528301887,0.8073394495412844,0
-0.2179245283018867,0.8073394495412844,0
-0.19716981132075473,0.8073394495412844,0
-0.17641509433962255,0.8073394495412844,0
-0.1556603773584906,0.8073394495412844,0
-0.1349056603773584,0.8073394495412844,0
-0.11415094339622645,0.8073394495412844,0
-0.09339622641509426,0.8073394495412844,0
-0.0726415094339623,0.8073394495412844,0
-0.05188679245283012,0.8073394495412844,0
-0.031132075471698162,0.8073394495412844,0
-0.01037735849056598,0.8073394495412844,0
0.01037735849056598,0.8073394495412844,0
0.031132075471698162,0.8073394495412844,0
0.05188679245283012,0.8073394495412844,0
0.0726415094339623,0.8073394495412844,0
0.09339622641509426,0.8073394495412844,0
0.11415094339622645,0.8073394495412844,0
0.1349056603773584,0.8073394495412844,0
0.1556603773584906,0.8073394495412844,0
0.17641509433962255,0.8073394495412844,0
0.19716981132075473,0.8073394495412844,0
0.2179245283018867,0.8073394495412844,0
0.23867924528301887,0.8073394495412844,0
0.25943396226415083,0.8073394495412844,0
0.280188679245283,0.8073394495412844,0
0.30094339622641497,0.8073394495412844,0
0.32169811320754715,0.8073394495412844,0
0.34245283018867934,0.8073394495412844,0
0.3632075471698113,0.8073394495412844,0
0.38396226415094326,0.8073394495412844,0
0.40471698113207566,0.8073394495412844,0
0.4254716981132076,0.8073394495412844,0
0.4462264150943396,0.8073394495412844,1
0.46698113207547154,0.8073394495412844,1
0.48773584905660394,0.8073394495412844,1
0.5084905660377359,0.8073394495412844,1
0.5292452830188679,0.8073394495412844,1
0.5499999999999998,0.8073394495412844,1
0.5707547169811322,0.8073394495412844,1
0.5915094339622642,0.8073394495412844,1
0.6122641509433961,0.8073394495412844,1
0.6330188679245281,0.8073394495412844,1
0.6537735849056605,0.8073394495412844,1
0.6745283018867925,0.8073394495412844,1
0.6952830188679244,0.8073394495412844,1
0.7160377358490564,0.8073394495412844,1
0.7367924528301888,0.8073394495412844,1
0.7575471698113208,0.8073394495412844,1
0.7783018867924527,0.8073394495412844,1
0.7990566037735847,0.8073394495412844,1
0.8198113207547171,0.8073394495412844,1
0.840566037735849,0.8073394495412844,1
0.861320754716981,0.8073394495412844,1
0.882075471698113,0.8073394495412844,1
0.9028301886792454,0.8073394495412844,1
0.9235849056603773,0.8073394495412844,1
0.9443396226415093,0.8073394495412844,1
0.9650943396226412,0.8073394495412844,1
0.9858490566037736,0.8073394495412844,1
1.0066037735849056,0.8073394495412844,1
1.0273584905660376,0.8073394495412844,1
1.04811320754717,0.8073394495412844,1
1.068867924528302,0.8073394495412844,1
1.0896226415094339,0.8073394495412844,1
1.1103773584905658,0.8073394495412844,1
1.1311320754716983,0.8073394495412844,1
1.1518867924528302,0.8073394495412844,1
1.1726415094339622,0.8073394495412844,1
1.1933962264150941,0.8073394495412844,1
1.2141509433962265,0.8073394495412844,1
1.2349056603773585,0.8073394495412844,1
1.2556603773584905,0.8073394495412844,1
1.2764150943396224,0.8073394495412844,1
1.2971698113207548,0.8073394495412844,1
1.3179245283018868,0.8073394495412844,1
1.3386792452830187,0.8073394495412844,1
1.3594339622641507,0.8073394495412844,1
1.380188679245283,0.8073394495412844,1
1.400943396226415,0.8073394495412844,1
1.421698113207547,0.8073394495412844,1
1.442452830188679,0.8073394495412844,1
1.4632075471698114,0.8073394495412844,1
1.4839622641509433,0.8073394495412844,1
1.5047169811320753,0.8073394495412844,1
1.5254716981132073,0.8073394495412844,1
1.5462264150943397,0.8073394495412844,1
1.5669811320754716,0.8073394495412844,1
1.5877358490566036,0.8073394495412844,1
1.6084905660377355,0.8073394495412844,1
1.629245283018868,0.8073394495412844,1
1.65,0.8073394495412844,1
-1.65,0.8165137614678899,0
-1.6292452830188677,0.8165137614678899,0
-1.6084905660377358,0.8165137614678899,0
-1.5877358490566036,0.8165137614678899,0
-1.5669811320754716,0.8165137614678899,0
-1.5462264150943394,0.8165137614678899,0
-1.5254716981132075,0.8165137614678899,0
-1.5047169811320753,0.8165137614678899,0
-1.4839622641509433,0.8165137614678899,0
-1.4632075471698112,0.8165137614678899,0
-1.4424528301886792,0.8165137614678899,0
-1.421698113207547,0.8165137614678899,0
-1.400943396226415,0.8165137614678899,0
-1.3801886792452829,0.8165137614678899,0
-1.359433962264151,0.8165137614678899,0
-1.3386792452830187,0.8165137614678899,0
-1.3179245283018868,0.8165137614678899,0
-1.2971698113207546,0.8165137614678899,0
-1.2764150943396226,0.8165137614678899,0
-1.2556603773584905,0.8165137614678899,0
-1.2349056603773585,0.8165137614678899,0
-1.2141509433962263,0.8165137614678899,0
-1.1933962264150944,0.8165137614678899,0
-1.1726415094339622,0.8165137614678899,0
-1.1518867924528302,0.8165137614678899,0
-1.131132075471698,0.8165137614678899,0
-1.1103773584905658,0.8165137614678899,0
-1.0896226415094339,0.8165137614678899,0
-1.068867924528302,0.8165137614678899,0
-1.0481132075471697,0.8165137614678899,0
-1.0273584905660376,0.8165137614678899,0
-1.0066037735849056,0.8165137614678899,0
-0.9858490566037735,0.8165137614678899,0
-0.9650943396226415,0.8165137614678899,0
-0.9443396226415094,0.8165137614678899,0
-0.9235849056603773,0.8165137614678899,0
-0.9028301886792452,0.8165137614678899,0
-0.8820754716981132,0.8165137614678899,0
-0.8613207547169811,0.8165137614678899,0
-0.840566037735849,0.8165137614678899,0
-0.819811320754717,0.8165137614678899,0
-0.7990566037735849,0.8165137614678899,0
-0.7783018867924528,0.8165137614678899,0
-0.7575471698113208,0.8165137614678899,0
-0.7367924528301887,0.8165137614678899,0
-0.7160377358490566,0.8165137614678899,0
-0.6952830188679245,0.8165137614678899,0
-0.6745283018867925,0.8165137614678899,0
-0.6537735849056603,0.8165137614678899,0
-0.6330188679245283,0.8165137614678899,0
-0.6122641509433961,0.8165137614678899,0
-0.5915094339622642,0.8165137614678899,0
-0.570754716981132,0.8165137614678899,0
-0.55,0.8165137614678899,0
-0.5292452830188679,0.8165137614678899,0
-0.5084905660377359,0.8165137614678899,0
-0.4877358490566037,0.8165137614678899,0
-0.46698113207547176,0.8165137614678899,0
-0.4462264150943396,0.8165137614678899,0
-0.4254716981132076,0.8165137614678899,0
-0.40471698113207544,0.8165137614678899,0
-0.3839622641509435,0.8165137614678899,0
-0.3632075471698113,0.8165137614678899,0
-0.34245283018867934,0.8165137614678899,0
-0.32169811320754715,0.8165137614678899,0
-0.30094339622641497,0.8165137614678899,0
-0.280188679245283,0.8165137614678899,0
-0.25943396226415083,0.8165137614678899,0
-0.23867924528301887,0.8165137614678899,0
-0.2179245283018867,0.8165137614678899,0
-0.19716981132075473,0.8165137614678899,0
-0.17641509433962255,0.8165137614678899,0
-0.1556603773584906,0.8165137614678899,0
-0.1349056603773584,0.8165137614678899,0
-0.11415094339622645,0.8165137614678899,0
-0.09339622641509426,0.8165137614678899,0
-0.0726415094339623,0.8165137614678899,0
-0.05188679245283012,0.8165137614678899,0
-0.031132075471698162,0.8165137614678899,0
-0.01037735849056598,0.8165137614678899,0
0.01037735849056598,0.8165137614678899,0
0.031132075471698162,0.8165137614678899,0
0.05188679245283012,0.8165137614678899,0
0.0726415094339623,0.8165137614678899,0
0.09339622641509426,0.8165137614678899,0
0.11415094339622645,0.8165137614678899,0
0.1349056603773584,0.8165137614678899,0
0.1556603773584906,0.8165137614678899,0
0.17641509433962255,0.8165137614678899,0
0.19716981132075473,0.8165137614678899,0
0.2179245283018867,0.8165137614678899,0
0.23867924528301887,0.8165137614678899,0
0.25943396226415083,0.8165137614678899,0
0.280188679245283,0.8165137614678899,0
0.30094339622641497,0.8165137614678899,0
0.32169811320754715,0.8165137614678899,0
0.34245283018867934,0.8165137614678899,0
0.3632075471698113,0.8165137614678899,0
0.38396226415094326,0.8165137614678899,0
0.40471698113207566,0.8165137614678899,0
0.4254716981132076,0.8165137614678899,0
0.4462264150943396,0.8165137614678899,1
0.46698113207547154,0.8165137614678899,1
0.48773584905660394,0.8165137614678899,1
0.5084905660377359,0.8165137614678899,1
0.5292452830188679,0.8165137614678899,1
0.5499999999999998,0.8165137614678899,1
0.5707547169811322,0.8165137614678899,1
0.5915094339622642,0.8165137614678899,1
0.6122641509433961,0.8165137614678899,1
0.6330188679245281,0.8165137614678899,1
0.6537735849056605,0.8165137614678899,1
0.6745283018867925,0.8165137614678899,1
0.6952830188679244,0.8165137614678899,1
0.7160377358490564,0.8165137614678899,1
0.7367924528301888,0.8165137614678899,1
0.7575471698113208,0.8165137614678899,1
0.7783018867924527,0.8165137614678899,1
0.7990566037735847,0.8165137614678899,1
0.8198113207547171,0.8165137614678899,1
0.840566037735849,0.8165137614678899,1
0.861320754716981,0.8165137614678899,1
0.882075471698113,0.8165137614678899,1
0.9028301886792454,0.8165137614678899,1
0.9235849056603773,0.8165137614678899,1
0.9443396226415093,0.8165137614678899,1
0.9650943396226412,0.8165137614678899,1
0.9858490566037736,0.8165137614678899,1
1.0066037735849056,0.8165137614678899,1
1.0273584905660376,0.8165137614678899,1
1.04811320754717,0.8165137614678899,1
1.068867924528302,0.8165137614678899,1
1.0896226415094339,0.8165137614678899,1
1.1103773584905658,0.8165137614678899,1
1.1311320754716983,0.8165137614678899,1
1.1518867924528302,0.8165137614678899,1
1.1726415094339622,0.8165137614678899,1
1.1933962264150941,0.8165137614678899,1
1.2141509433962265,0.8165137614678899,1
1.2349056603773585,0.8165137614678899,1
1.2556603773584905,0.8165137614678899,1
1.2764150943396224,0.8165137614678899,1
1.2971698113207548,0.8165137614678899,1
1.3179245283018868,0.8165137614678899,1
1.3386792452830187,0.8165137614678899,1
1.3594339622641507,0.8165137614678899,1
1.380188679245283,0.8165137614678899,1
1.400943396226415,0.8165137614678899,1
1.421698113207547,0.8165137614678899,1
1.442452830188679,0.8165137614678899,1
1.4632075471698114,0.8165137614678899,1
1.4839622641509433,0.8165137614678899,1
1.5047169811320753,0.8165137614678899,1
1.5254716981132073,0.8165137614678899,1
1.5462264150943397,0.8165137614678899,1
1.5669811320754716,0.8165137614678899,1
1.5877358490566036,0.8165137614678899,1
1.6084905660377355,0.8165137614678899,1
1.629245283018868,0.8165137614678899,1
1.65,0.8165137614678899,1
-1.65,0.8256880733944955,0
-1.6292452830188677,0.8256880733944955,0
-1.6084905660377358,0.8256880733944955,0
-1.5877358490566036,0.8256880733944955,0
-1.5669811320754716,0.8256880733944955,0
-1.5462264150943394,0.8256880733944955,0
-1.5254716981132075,0.8256880733944955,0
-1.5047169811320753,0.8256880733944955,0
-1.4839622641509433,0.8256880733944955,0
-1.4632075471698112,0.8256880733944955,0
-1.4424528301886792,0.8256880733944955,0
-1.421698113207547,0.8256880733944955,0
-1.400943396226415,0.8256880733944955,0
-1.3801886792452829,0.8256880733944955,0
-1.359433962264151,0.8256880733944955,0
-1.3386792452830187,0.8256880733944955,0
-1.3179245283018868,0.8256880733944955,0
-1.2971698113207546,0.8256880733944955,0
-1.2764150943396226,0.8256880733944955,0
-1.2556603773584905,0.8256880733944955,0
-1.2349056603773585,0.8256880733944955,0
-1.2141509433962263,0.8256880733944955,0
-1.1933962264150944,0.8256880733944955,0
-1.1726415094339622,0.8256880733944955,0
-1.1518867924528302,0.8256880733944955,0
-1.131132075471698,0.8256880733944955,0
-1.1103773584905658,0.8256880733944955,0
-1.0896226415094339,0.8256880733944955,0
-1.068867924528302,0.8256880733944955,0
-1.0481132075471697,0.8256880733944955,0
-1.0273584905660376,0.8256880733944955,0
-1.0066037735849056,0.8256880733944955,0
-0.9858490566037735,0.8256880733944955,0
-0.9650943396226415,0.8256880733944955,0
-0.9443396226415094,0.8256880733944955,0
-0.9235849056603773,0.8256880733944955,0
-0.9028301886792452,0.8256880733944955,0
-0.8820754716981132,0.8256880733944955,0
-0.8613207547169811,0.8256880733944955,0
-0.840566037735849,0.8256880733944955,0
-0.819811320754717,0.8256880733944955,0
-0.7990566037735849,0.8256880733944955,0
-0.7783018867924528,0.8256880733944955,0
-0.7575471698113208,0.8256880733944955,0
-0.7367924528301887,0.8256880733944955,0
-0.7160377358490566,0.8256880733944955,0
-0.6952830188679245,0.8256880733944955,0
-0.6745283018867925,0.8256880733944955,0
-0.6537735849056603,0.8256880733944955,0
-0.6330188679245283,0.8256880733944955,0
-0.6122641509433961,0.8256880733944955,0
-0.5915094339622642,0.8256880733944955,0
-0.570754716981132,0.8256880733944955,0
-0.55,0.8256880733944955,0
-0.5292452830188679,0.8256880733944955,0
-0.5084905660377359,0.8256880733944955,0
-0.4877358490566037,0.8256880733944955,0
-0.46698113207547176,0.8256880733944955,0
-0.4462264150943396,0.8256880733944955,0
-0.4254716981132076,0.8256880733944955,0
-0.40471698113207544,0.8256880733944955,0
-0.3839622641509435,0.8256880733944955,0
-0.3632075471698113,0.8256880733944955,0
-0.34245283018867934,0.8256880733944955,0
-0.32169811320754715,0.8256880733944955,0
-0.30094339622641497,0.8256880733944955,0
-0.280188679245283,0.8256880733944955,0
-0.25943396226415083,0.8256880733944955,0
-0.23867924528301887,0.8256880733944955,0
-0.2179245283018867,0.8256880733944955,0
-0.19716981132075473,0.8256880733944955,0
-0.17641509433962255,0.8256880733944955,0
-0.1556603773584906,0.8256880733944955,0
-0.1349056603773584,0.8256880733944955,0
-0.11415094339622645,0.8256880733944955,0
-0.09339622641509426,0.8256880733944955,0
-0.0726415094339623,0.8256880733944955,0
-0.05188679245283012,0.8256880733944955,0
-0.031132075471698162,0.8256880733944955,0
-0.01037735849056598,0.8256880733944955,0
0.01037735849056598,0.8256880733944955,0
0.031132075471698162,0.8256880733944955,0
0.05188679245283012,0.8256880733944955,0
0.0726415094339623,0.8256880733944955,0
0.09339622641509426,0.8256880733944955,0
0.11415094339622645,0.8256880733944955,0
0.1349056603773584,0.8256880733944955,0
0.1556603773584906,0.8256880733944955,0
0.17641509433962255,0.8256880733944955,0
0.19716981132075473,0.8256880733944955,0
0.2179245283018867,0.8256880733944955,0
0.23867924528301887,0.8256880733944955,0
0.25943396226415083,0.8256880733944955,0
0.280188679245283,0.8256880733944955,0
0.30094339622641497,0.8256880733944955,0
0.32169811320754715,0.8256880733944955,0
0.34245283018867934,0.8256880733944955,0
0.3632075471698113,0.8256880733944955,0
0.38396226415094326,0.8256880733944955,0
0.40471698113207566,0.8256880733944955,0
0.4254716981132076,0.8256880733944955,0
0.4462264150943396,0.8256880733944955,1
0.46698113207547154,0.8256880733944955,1
0.48773584905660394,0.8256880733944955,1
0.5084905660377359,0.8256880733944955,1
0.5292452830188679,0.8256880733944955,1
0.5499999999999998,0.8256880733944955,1
0.5707547169811322,0.8256880733944955,1
0.5915094339622642,0.8256880733944955,1
0.6122641509433961,0.8256880733944955,1
0.6330188679245281,0.8256880733944955,1
0.6537735849056605,0.8256880733944955,1
0.6745283018867925,0.8256880733944955,1
0.6952830188679244,0.8256880733944955,1
0.7160377358490564,0.8256880733944955,1
0.7367924528301888,0.8256880733944955,1
0.7575471698113208,0.8256880733944955,1
0.7783018867924527,0.8256880733944955,1
0.7990566037735847,0.8256880733944955,1
0.8198113207547171,0.8256880733944955,1
0.840566037735849,0.8256880733944955,1
0.861320754716981,0.8256880733944955,1
0.882075471698113,0.8256880733944955,1
0.9028301886792454,0.8256880733944955,1
0.9235849056603773,0.8256880733944955,1
0.9443396226415093,0.8256880733944955,1
0.9650943396226412,0.8256880733944955,1
0.9858490566037736,0.8256880733944955,1
1.0066037735849056,0.8256880733944955,1
1.0273584905660376,0.8256880733944955,1
1.04811320754717,0.8256880733944955,1
1.068867924528302,0.8256880733944955,1
1.0896226415094339,0.8256880733944955,1
1.1103773584905658,0.8256880733944955,1
1.1311320754716983,0.8256880733944955,1
1.1518867924528302,0.8256880733944955,1
1.1726415094339622,0.8256880733944955,1
1.1933962264150941,0.8256880733944955,1
1.2141509433962265,0.8256880733944955,1
1.2349056603773585,0.8256880733944955,1
1.2556603773584905,0.8256880733944955,1
1.2764150943396224,0.8256880733944955,1
1.2971698113207548,0.8256880733944955,1
1.3179245283018868,0.8256880733944955,1
1.3386792452830187,0.8256880733944955,1
1.3594339622641507,0.8256880733944955,1
1.380188679245283,0.8256880733944955,1
1.400943396226415,0.8256880733944955,1
1.421698113207547,0.8256880733944955,1
1.442452830188679,0.8256880733944955,1
1.4632075471698114,0.8256880733944955,1
1.4839622641509433,0.8256880733944955,1
1.5047169811320753,0.8256880733944955,1
1.5254716981132073,0.8256880733944955,1
1.5462264150943397,0.8256880733944955,1
1.5669811320754716,0.8256880733944955,1
1.5877358490566036,0.8256880733944955,1
1.6084905660377355,0.8256880733944955,1
1.629245283018868,0.8256880733944955,1
1.65,0.8256880733944955,1
-1.65,0.834862385321101,0
-1.6292452830188677,0.834862385321101,0
-1.6084905660377358,0.834862385321101,0
-1.5877358490566036,0.834862385321101,0
-1.5669811320754716,0.834862385321101,0
-1.5462264150943394,0.834862385321101,0
-1.5254716981132075,0.834862385321101,0
-1.5047169811320753,0.834862385321101,0
-1.4839622641509433,0.834862385321101,0
-1.4632075471698112,0.834862385321101,0
-1.4424528301886792,0.834862385321101,0
-1.421698113207547,0.834862385321101,0
-1.400943396226415,0.834862385321101,0
-1.3801886792452829,0.834862385321101,0
-1.359433962264151,0.834862385321101,0
-1.3386792452830187,0.834862385321101,0
-1.3179245283018868,0.834862385321101,0
-1.2971698113207546,0.834862385321101,0
-1.2764150943396226,0.834862385321101,0
-1.2556603773584905,0.834862385321101,0
-1.2349056603773585,0.834862385321101,0
-1.2141509433962263,0.834862385321101,0
-1.1933962264150944,0.834862385321101,0
-1.1726415094339622,0.834862385321101,0
-1.1518867924528302,0.834862385321101,0
-1.131132075471698,0.834862385321101,0
-1.1103773584905658,0.834862385321101,0
-1.0896226415094339,0.834862385321101,0
-1.068867924528302,0.834862385321101,0
-1.0481132075471697,0.834862385321101,0
-1.0273584905660376,0.834862385321101,0
-1.0066037735849056,0.834862385321101,0
-0.9858490566037735,0.834862385321101,0
-0.9650943396226415,0.834862385321101,0
-0.9443396226415094,0.834862385321101,0
-0.9235849056603773,0.834862385321101,0
-0.9028301886792452,0.834862385321101,0
-0.8820754716981132,0.834862385321101,0
-0.8613207547169811,0.834862385321101,0
-0.840566037735849,0.834862385321101,0
-0.819811320754717,0.834862385321101,0
-0.7990566037735849,0.834862385321101,0
-0.7783018867924528,0.834862385321101,0
-0.7575471698113208,0.834862385321101,0
-0.7367924528301887,0.834862385321101,0
-0.7160377358490566,0.834862385321101,0
-0.6952830188679245,0.834862385321101,0
-0.6745283018867925,0.834862385321101,0
-0.6537735849056603,0.834862385321101,0
-0.6330188679245283,0.834862385321101,0
-0.6122641509433961,0.834862385321101,0
-0.5915094339622642,0.834862385321101,0
-0.570754716981132,0.834862385321101,0
-0.55,0.834862385321101,0
-0.5292452830188679,0.834862385321101,0
-0.5084905660377359,0.834862385321101,0
-0.4877358490566037,0.834862385321101,0
-0.46698113207547176,0.834862385321101,0
-0.4462264150943396,0.834862385321101,0
-0.4254716981132076,0.834862385321101,0
-0.40471698113207544,0.834862385321101,0
-0.3839622641509435,0.834862385321101,0
-0.3632075471698113,0.834862385321101,0
-0.34245283018867934,0.834862385321101,0
-0.32169811320754715,0.834862385321101,0
-0.30094339622641497,0.834862385321101,0
-0.280188679245283,0.834862385321101,0
-0.25943396226415083,0.834862385321101,0
-0.23867924528301887,0.834862385321101,0
-0.2179245283018867,0.834862385321101,0
-0.19716981132075473,0.834862385321101,0
-0.17641509433962255,0.834862385321101,0
-0.1556603773584906,0.834862385321101,0
-0.1349056603773584,0.834862385321101,0
-0.11415094339622645,0.834862385321101,0
-0.09339622641509426,0.834862385321101,0
-0.0726415094339623,0.834862385321101,0
-0.05188679245283012,0.834862385321101,0
-0.031132075471698162,0.834862385321101,0
-0.01037735849056598,0.834862385321101,0
0.01037735849056598,0.834862385321101,0
0.031132075471698162,0.834862385321101,0
0.05188679245283012,0.834862385321101,0
0.0726415094339623,0.834862385321101,0
0.09339622641509426,0.834862385321101,0
0.11415094339622645,0.834862385321101,0
0.1349056603773584,0.834862385321101,0
0.1556603773584906,0.834862385321101,0
0.17641509433962255,0.834862385321101,0
0.19716981132075473,0.834862385321101,0
0.2179245283018867,0.834862385321101,0
0.23867924528301887,0.834862385321101,0
0.25943396226415083,0.834862385321101,0
0.280188679245283,0.834862385321101,0
0.30094339622641497,0.834862385321101,0
0.32169811320754715,0.834862385321101,0
0.34245283018867934,0.834862385321101,0
0.3632075471698113,0.834862385321101,0
0.38396226415094326,0.834862385321101,0
0.40471698113207566,0.834862385321101,0
0.4254716981132076,0.834862385321101,0
0.4462264150943396,0.834862385321101,1
0.46698113207547154,0.834862385321101,1
0.48773584905660394,0.834862385321101,1
0.5084905660377359,0.834862385321101,1
0.5292452830188679,0.834862385321101,1
0.5499999999999998,0.834862385321101,1
0.5707547169811322,0.834862385321101,1
0.5915094339622642,0.834862385321101,1
0.6122641509433961,0.834862385321101,1
0.6330188679245281,0.834862385321101,1
0.6537735849056605,0.834862385321101,1
0.6745283018867925,0.834862385321101,1
0.6952830188679244,0.834862385321101,1
0.7160377358490564,0.834862385321101,1
0.7367924528301888,0.834862385321101,1
0.7575471698113208,0.834862385321101,1
0.7783018867924527,0.834862385321101,1
0.7990566037735847,0.834862385321101,1
0.8198113207547171,0.834862385321101,1
0.840566037735849,0.834862385321101,1
0.861320754716981,0.834862385321101,1
0.882075471698113,0.834862385321101,1
0.9028301886792454,0.834862385321101,1
0.9235849056603773,0.834862385321101,1
0.9443396226415093,0.834862385321101,1
0.9650943396226412,0.834862385321101,1
0.9858490566037736,0.834862385321101,1
1.0066037735849056,0.834862385321101,1
1.0273584905660376,0.834862385321101,1
1.04811320754717,0.834862385321101,1
1.068867924528302,0.834862385321101,1
1.0896226415094339,0.834862385321101,1
1.1103773584905658,0.834862385321101,1
1.1311320754716983,0.834862385321101,1
1.1518867924528302,0.834862385321101,1
1.1726415094339622,0.834862385321101,1
1.1933962264150941,0.834862385321101,1
1.2141509433962265,0.834862385321101,1
1.2349056603773585,0.834862385321101,1
1.2556603773584905,0.834862385321101,1
1.2764150943396224,0.834862385321101,1
1.2971698113207548,0.834862385321101,1
1.3179245283018868,0.834862385321101,1
1.3386792452830187,0.834862385321101,1
1.3594339622641507,0.834862385321101,1
1.380188679245283,0.834862385321101,1
1.400943396226415,0.834862385321101,1
1.421698113207547,0.834862385321101,1
1.442452830188679,0.834862385321101,1
1.4632075471698114,0.834862385321101,1
1.4839622641509433,0.834862385321101,1
1.5047169811320753,0.834862385321101,1
1.5254716981132073,0.834862385321101,1
1.5462264150943397,0.834862385321101,1
1.5669811320754716,0.834862385321101,1
1.5877358490566036,0.834862385321101,1
1.6084905660377355,0.834862385321101,1
1.629245283018868,0.834862385321101,1
1.65,0.834862385321101,1
-1.65,0.8440366972477065,0
-1.6292452830188677,0.8440366972477065,0
-1.6084905660377358,0.8440366972477065,0
-1.5877358490566036,0.8440366972477065,0
-1.5669811320754716,0.8440366972477065,0
-1.5462264150943394,0.8440366972477065,0
-1.5254716981132075,0.8440366972477065,0
-1.5047169811320753,0.8440366972477065,0
-1.4839622641509433,0.8440366972477065,0
-1.4632075471698112,0.8440366972477065,0
-1.4424528301886792,0.8440366972477065,0
-1.421698113207547,0.8440366972477065,0
-1.400943396226415,0.8440366972477065,0
-1.3801886792452829,0.8440366972477065,0
-1.359433962264151,0.8440366972477065,0
-1.3386792452830187,0.8440366972477065,0
-1.3179245283018868,0.8440366972477065,0
-1.2971698113207546,0.8440366972477065,0
-1.2764150943396226,0.8440366972477065,0
-1.2556603773584905,0.8440366972477065,0
-1.2349056603773585,0.8440366972477065,0
-1.2141509433962263,0.8440366972477065,0
-1.1933962264150944,0.8440366972477065,0
-1.1726415094339622,0.8440366972477065,0
-1.1518867924528302,0.8440366972477065,0
-1.131132075471698,0.8440366972477065,0
-1.1103773584905658,0.8440366972477065,0
-1.0896226415094339,0.8440366972477065,0
-1.068867924528302,0.8440366972477065,0
-1.0481132075471697,0.8440366972477065,0
-1.0273584905660376,0.8440366972477065,0
-1.0066037735849056,0.8440366972477065,0
-0.9858490566037735,0.8440366972477065,0
-0.9650943396226415,0.8440366972477065,0
-0.9443396226415094,0.8440366972477065,0
-0.9235849056603773,0.8440366972477065,0
-0.9028301886792452,0.8440366972477065,0
-0.8820754716981132,0.8440366972477065,0
-0.8613207547169811,0.8440366972477065,0
-0.840566037735849,0.8440366972477065,0
-0.819811320754717,0.8440366972477065,0
-0.7990566037735849,0.8440366972477065,0
-0.7783018867924528,0.8440366972477065,0
-0.7575471698113208,0.8440366972477065,0
-0.7367924528301887,0.8440366972477065,0
-0.7160377358490566,0.8440366972477065,0
-0.6952830188679245,0.8440366972477065,0
-0.6745283018867925,0.8440366972477065,0
-0.6537735849056603,0.8440366972477065,0
-0.6330188679245283,0.8440366972477065,0
-0.6122641509433961,0.8440366972477065,0
-0.5915094339622642,0.8440366972477065,0
-0.570754716981132,0.8440366972477065,0
-0.55,0.8440366972477065,0
-0.5292452830188679,0.8440366972477065,0
-0.5084905660377359,0.8440366972477065,0
-0.4877358490566037,0.8440366972477065,0
-0.46698113207547176,0.8440366972477065,0
-0.4462264150943396,0.8440366972477065,0
-0.4254716981132076,0.8440366972477065,0
-0.40471698113207544,0.8440366972477065,0
-0.3839622641509435,0.8440366972477065,0
-0.3632075471698113,0.8440366972477065,0
-0.34245283018867934,0.8440366972477065,0
-0.32169811320754715,0.8440366972477065,0
-0.30094339622641497,0.8440366972477065,0
-0.280188679245283,0.8440366972477065,0
-0.25943396226415083,0.8440366972477065,0
-0.23867924528301887,0.8440366972477065,0
-0.2179245283018867,0.8440366972477065,0
-0.19716981132075473,0.8440366972477065,0
-0.17641509433962255,0.8440366972477065,0
-0.1556603773584906,0.8440366972477065,0
-0.1349056603773584,0.8440366972477065,0
-0.11415094339622645,0.8440366972477065,0
-0.09339622641509426,0.8440366972477065,0
-0.0726415094339623,0.8440366972477065,0
-0.05188679245283012,0.8440366972477065,0
-0.031132075471698162,0.8440366972477065,0
-0.01037735849056598,0.8440366972477065,0
0.01037735849056598,0.8440366972477065,0
0.031132075471698162,0.8440366972477065,0
0.05188679245283012,0.8440366972477065,0
0.0726415094339623,0.8440366972477065,0
0.09339622641509426,0.8440366972477065,0
0.11415094339622645,0.8440366972477065,0
0.1349056603773584,0.8440366972477065,0
0.1556603773584906,0.8440366972477065,0
0.17641509433962255,0.8440366972477065,0
0.19716981132075473,0.8440366972477065,0
0.2179245283018867,0.8440366972477065,0
0.23867924528301887,0.8440366972477065,0
0.25943396226415083,0.8440366972477065,0
0.280188679245283,0.8440366972477065,0
0.30094339622641497,0.8440366972477065,0
0.32169811320754715,0.8440366972477065,0
0.34245283018867934,0.8440366972477065,0
0.3632075471698113,0.8440366972477065,0
0.38396226415094326,0.8440366972477065,0
0.40471698113207566,0.8440366972477065,0
0.4254716981132076,0.8440366972477065,0
0.4462264150943396,0.8440366972477065,1
0.46698113207547154,0.8440366972477065,1
0.48773584905660394,0.8440366972477065,1
0.5084905660377359,0.8440366972477065,1
0.5292452830188679,0.8440366972477065,1
0.5499999999999998,0.8440366972477065,1
0.5707547169811322,0.8440366972477065,1
0.5915094339622642,0.8440366972477065,1
0.6122641509433961,0.8440366972477065,1
0.6330188679245281,0.8440366972477065,1
0.6537735849056605,0.8440366972477065,1
0.6745283018867925,0.8440366972477065,1
0.6952830188679244,0.8440366972477065,1
0.7160377358490564,0.8440366972477065,1
0.7367924528301888,0.8440366972477065,1
0.7575471698113208,0.8440366972477065,1
0.7783018867924527,0.8440366972477065,1
0.7990566037735847,0.8440366972477065,1
0.8198113207547171,0.8440366972477065,1
0.840566037735849,0.8440366972477065,1
0.861320754716981,0.8440366972477065,1
0.882075471698113,0.8440366972477065,1
0.9028301886792454,0.8440366972477065,1
0.9235849056603773,0.8440366972477065,1
0.9443396226415093,0.8440366972477065,1
0.9650943396226412,0.8440366972477065,1
0.9858490566037736,0.8440366972477065,1
1.0066037735849056,0.8440366972477065,1
1.0273584905660376,0.8440366972477065,1
1.04811320754717,0.8440366972477065,1
1.068867924528302,0.8440366972477065,1
1.0896226415094339,0.8440366972477065,1
1.1103773584905658,0.8440366972477065,1
1.1311320754716983,0.8440366972477065,1
1.1518867924528302,0.8440366972477065,1
1.1726415094339622,0.8440366972477065,1
1.1933962264150941,0.8440366972477065,1
1.2141509433962265,0.8440366972477065,1
1.2349056603773585,0.8440366972477065,1
1.2556603773584905,0.8440366972477065,1
1.2764150943396224,0.8440366972477065,1
1.2971698113207548,0.8440366972477065,1
1.3179245283018868,0.8440366972477065,1
1.3386792452830187,0.8440366972477065,1
1.3594339622641507,0.8440366972477065,1
1.380188679245283,0.8440366972477065,1
1.400943396226415,0.8440366972477065,1
1.421698113207547,0.8440366972477065,1
1.442452830188679,0.8440366972477065,1
1.4632075471698114,0.8440366972477065,1
1.4839622641509433,0.8440366972477065,1
1.5047169811320753,0.8440366972477065,1
1.5254716981132073,0.8440366972477065,1
1.5462264150943397,0.8440366972477065,1
1.5669811320754716,0.8440366972477065,1
1.5877358490566036,0.8440366972477065,1
1.6084905660377355,0.8440366972477065,1
1.629245283018868,0.8440366972477065,1
1.65,0.8440366972477065,1
-1.65,0.8532110091743119,0
-1.6292452830188677,0.8532110091743119,0
-1.6084905660377358,0.8532110091743119,0
-1.5877358490566036,0.8532110091743119,0
-1.5669811320754716,0.8532110091743119,0
-1.5462264150943394,0.8532110091743119,0
-1.5254716981132075,0.8532110091743119,0
-1.5047169811320753,0.8532110091743119,0
-1.4839622641509433,0.8532110091743119,0
-1.4632075471698112,0.8532110091743119,0
-1.4424528301886792,0.8532110091743119,0
-1.421698113207547,0.8532110091743119,0
-1.400943396226415,0.8532110091743119,0
-1.3801886792452829,0.8532110091743119,0
-1.359433962264151,0.8532110091743119,0
-1.3386792452830187,0.8532110091743119,0
-1.3179245283018868,0.8532110091743119,0
-1.2971698113207546,0.8532110091743119,0
-1.2764150943396226,0.8532110091743119,0
-1.2556603773584905,0.8532110091743119,0
-1.2349056603773585,0.8532110091743119,0
-1.2141509433962263,0.8532110091743119,0
-1.1933962264150944,0.8532110091743119,0
-1.1726415094339622,0.8532110091743119,0
-1.1518867924528302,0.8532110091743119,0
-1.131132075471698,0.8532110091743119,0
-1.1103773584905658,0.8532110091743119,0
-1.0896226415094339,0.8532110091743119,0
-1.068867924528302,0.8532110091743119,0
-1.0481132075471697,0.8532110091743119,0
-1.0273584905660376,0.8532110091743119,0
-1.0066037735849056,0.8532110091743119,0
-0.9858490566037735,0.8532110091743119,0
-0.9650943396226415,0.8532110091743119,0
-0.9443396226415094,0.8532110091743119,0
-0.9235849056603773,0.8532110091743119,0
-0.9028301886792452,0.8532110091743119,0
-0.8820754716981132,0.8532110091743119,0
-0.8613207547169811,0.8532110091743119,0
-0.840566037735849,0.8532110091743119,0
-0.819811320754717,0.8532110091743119,0
-0.7990566037735849,0.8532110091743119,0
-0.7783018867924528,0.8532110091743119,0
-0.7575471698113208,0.8532110091743119,0
-0.7367924528301887,0.8532110091743119,0
-0.7160377358490566,0.8532110091743119,0
-0.6952830188679245,0.8532110091743119,0
-0.6745283018867925,0.8532110091743119,0
-0.6537735849056603,0.8532110091743119,0
-0.6330188679245283,0.8532110091743119,0
-0.6122641509433961,0.8532110091743119,0
-0.5915094339622642,0.8532110091743119,0
-0.570754716981132,0.8532110091743119,0
-0.55,0.8532110091743119,0
-0.5292452830188679,0.8532110091743119,0
-0.5084905660377359,0.8532110091743119,0
-0.4877358490566037,0.8532110091743119,0
-0.46698113207547176,0.8532110091743119,0
-0.4462264150943396,0.8532110091743119,0
-0.4254716981132076,0.8532110091743119,0
-0.40471698113207544,0.8532110091743119,0
-0.3839622641509435,0.8532110091743119,0
-0.3632075471698113,0.8532110091743119,0
-0.34245283018867934,0.8532110091743119,0
-0.32169811320754715,0.8532110091743119,0
-0.30094339622641497,0.8532110091743119,0
-0.280188679245283,0.8532110091743119,0
-0.25943396226415083,0.8532110091743119,0
-0.23867924528301887,0.8532110091743119,0
-0.2179245283018867,0.8532110091743119,0
-0.19716981132075473,0.8532110091743119,0
-0.17641509433962255,0.8532110091743119,0
-0.1556603773584906,0.8532110091743119,0
-0.1349056603773584,0.8532110091743119,0
-0.11415094339622645,0.8532110091743119,0
-0.09339622641509426,0.8532110091743119,0
-0.0726415094339623,0.8532110091743119,0
-0.05188679245283012,0.8532110091743119,0
-0.031132075471698162,0.8532110091743119,0
-0.01037735849056598,0.8532110091743119,0
0.01037735849056598,0.8532110091743119,0
0.031132075471698162,0.8532110091743119,0
0.05188679245283012,0.8532110091743119,0
0.0726415094339623,0.8532110091743119,0
0.09339622641509426,0.8532110091743119,0
0.11415094339622645,0.8532110091743119,0
0.1349056603773584,0.8532110091743119,0
0.1556603773584906,0.8532110091743119,0
0.17641509433962255,0.8532110091743119,0
0.19716981132075473,0.8532110091743119,0
0.2179245283018867,0.8532110091743119,0
0.23867924528301887,0.8532110091743119,0
0.25943396226415083,0.8532110091743119,0
0.280188679245283,0.8532110091743119,0
0.30094339622641497,0.8532110091743119,0
0.32169811320754715,0.8532110091743119,0
0.34245283018867934,0.8532110091743119,0
0.3632075471698113,0.8532110091743119,0
0.38396226415094326,0.8532110091743119,0
0.40471698113207566,0.8532110091743119,0
0.4254716981132076,0.8532110091743119,0
0.4462264150943396,0.8532110091743119,1
0.46698113207547154,0.8532110091743119,1
0.48773584905660394,0.8532110091743119,1
0.5084905660377359,0.8532110091743119,1
0.5292452830188679,0.8532110091743119,1
0.5499999999999998,0.8532110091743119,1
0.5707547169811322,0.8532110091743119,1
0.5915094339622642,0.8532110091743119,1
0.6122641509433961,0.8532110091743119,1
0.6330188679245281,0.8532110091743119,1
0.6537735849056605,0.8532110091743119,1
0.6745283018867925,0.8532110091743119,1
0.6952830188679244,0.8532110091743119,1
0.7160377358490564,0.8532110091743119,1
0.7367924528301888,0.8532110091743119,1
0.7575471698113208,0.8532110091743119,1
0.7783018867924527,0.8532110091743119,1
0.7990566037735847,0.8532110091743119,1
0.8198113207547171,0.8532110091743119,1
0.840566037735849,0.8532110091743119,1
0.861320754716981,0.8532110091743119,1
0.882075471698113,0.8532110091743119,1
0.9028301886792454,0.8532110091743119,1
0.9235849056603773,0.8532110091743119,1
0.9443396226415093,0.8532110091743119,1
0.9650943396226412,0.8532110091743119,1
0.9858490566037736,0.8532110091743119,1
1.0066037735849056,0.8532110091743119,1
1.0273584905660376,0.8532110091743119,1
1.04811320754717,0.8532110091743119,1
1.068867924528302,0.8532110091743119,1
1.0896226415094339,0.8532110091743119,1
1.1103773584905658,0.8532110091743119,1
1.1311320754716983,0.8532110091743119,1
1.1518867924528302,0.8532110091743119,1
1.1726415094339622,0.8532110091743119,1
1.1933962264150941,0.8532110091743119,1
1.2141509433962265,0.8532110091743119,1
1.2349056603773585,0.8532110091743119,1
1.2556603773584905,0.8532110091743119,1
1.2764150943396224,0.8532110091743119,1
1.2971698113207548,0.8532110091743119,1
1.3179245283018868,0.8532110091743119,1
1.3386792452830187,0.8532110091743119,1
1.3594339622641507,0.8532110091743119,1
1.380188679245283,0.8532110091743119,1
1.400943396226415,0.8532110091743119,1
1.421698113207547,0.8532110091743119,1
1.442452830188679,0.8532110091743119,1
1.4632075471698114,0.8532110091743119,1
1.4839622641509433,0.8532110091743119,1
1.5047169811320753,0.8532110091743119,1
1.5254716981132073,0.8532110091743119,1
1.5462264150943397,0.8532110091743119,1
1.5669811320754716,0.8532110091743119,1
1.5877358490566036,0.8532110091743119,1
1.6084905660377355,0.8532110091743119,1
1.629245283018868,0.8532110091743119,1
1.65,0.8532110091743119,1
-1.65,0.8623853211009175,0
-1.6292452830188677,0.8623853211009175,0
-1.6084905660377358,0.8623853211009175,0
-1.5877358490566036,0.8623853211009175,0
-1.5669811320754716,0.8623853211009175,0
-1.5462264150943394,0.8623853211009175,0
-1.5254716981132075,0.8623853211009175,0
-1.5047169811320753,0.8623853211009175,0
-1.4839622641509433,0.8623853211009175,0
-1.4632075471698112,0.8623853211009175,0
-1.4424528301886792,0.8623853211009175,0
-1.421698113207547,0.8623853211009175,0
-1.400943396226415,0.8623853211009175,0
-1.3801886792452829,0.8623853211009175,0
-1.359433962264151,0.8623853211009175,0
-1.3386792452830187,0.8623853211009175,0
-1.3179245283018868,0.8623853211009175,0
-1.2971698113207546,0.8623853211009175,0
-1.2764150943396226,0.8623853211009175,0
-1.2556603773584905,0.8623853211009175,0
-1.2349056603773585,0.8623853211009175,0
-1.2141509433962263,0.8623853211009175,0
-1.1933962264150944,0.8623853211009175,0
-1.1726415094339622,0.8623853211009175,0
-1.1518867924528302,0.8623853211009175,0
-1.131132075471698,0.8623853211009175,0
-1.1103773584905658,0.8623853211009175,0
-1.0896226415094339,0.8623853211009175,0
-1.068867924528302,0.8623853211009175,0
-1.0481132075471697,0.8623853211009175,0
-1.0273584905660376,0.8623853211009175,0
-1.0066037735849056,0.8623853211009175,0
-0.9858490566037735,0.8623853211009175,0
-0.9650943396226415,0.8623853211009175,0
-0.9443396226415094,0.8623853211009175,0
-0.9235849056603773,0.8623853211009175,0
-0.9028301886792452,0.8623853211009175,0
-0.8820754716981132,0.8623853211009175,0
-0.8613207547169811,0.8623853211009175,0
-0.840566037735849,0.8623853211009175,0
-0.819811320754717,0.8623853211009175,0
-0.7990566037735849,0.8623853211009175,0
-0.7783018867924528,0.8623853211009175,0
-0.7575471698113208,0.8623853211009175,0
-0.7367924528301887,0.8623853211009175,0
-0.7160377358490566,0.8623853211009175,0
-0.6952830188679245,0.8623853211009175,0
-0.6745283018867925,0.8623853211009175,0
-0.6537735849056603,0.8623853211009175,0
-0.6330188679245283,0.8623853211009175,0
-0.6122641509433961,0.8623853211009175,0
-0.5915094339622642,0.8623853211009175,0
-0.570754716981132,0.8623853211009175,0
-0.55,0.8623853211009175,0
-0.5292452830188679,0.8623853211009175,0
-0.5084905660377359,0.8623853211009175,0
-0.4877358490566037,0.8623853211009175,0
-0.46698113207547176,0.8623853211009175,0
-0.4462264150943396,0.8623853211009175,0
-0.4254716981132076,0.8623853211009175,0
-0.40471698113207544,0.8623853211009175,0
-0.3839622641509435,0.8623853211009175,0
-0.3632075471698113,0.8623853211009175,0
-0.34245283018867934,0.8623853211009175,0
-0.32169811320754715,0.8623853211009175,0
-0.30094339622641497,0.8623853211009175,0
-0.280188679245283,0.8623853211009175,0
-0.25943396226415083,0.8623853211009175,0
-0.23867924528301887,0.8623853211009175,0
-0.2179245283018867,0.8623853211009175,0
-0.19716981132075473,0.8623853211009175,0
-0.17641509433962255,0.8623853211009175,0
-0.1556603773584906,0.8623853211009175,0
-0.1349056603773584,0.8623853211009175,0
-0.11415094339622645,0.8623853211009175,0
-0.09339622641509426,0.8623853211009175,0
-0.0726415094339623,0.8623853211009175,0
-0.05188679245283012,0.8623853211009175,0
-0.031132075471698162,0.8623853211009175,0
-0.01037735849056598,0.8623853211009175,0
0.01037735849056598,0.8623853211009175,0
0.031132075471698162,0.8623853211009175,0
0.05188679245283012,0.8623853211009175,0
0.0726415094339623,0.8623853211009175,0
0.09339622641509426,0.8623853211009175,0
0.11415094339622645,0.8623853211009175,0
0.1349056603773584,0.8623853211009175,0
0.1556603773584906,0.8623853211009175,0
0.17641509433962255,0.8623853211009175,0
0.19716981132075473,0.8623853211009175,0
0.2179245283018867,0.8623853211009175,0
0.23867924528301887,0.8623853211009175,0
0.25943396226415083,0.8623853211009175,0
0.280188679245283,0.8623853211009175,0
0.30094339622641497,0.8623853211009175,0
0.32169811320754715,0.8623853211009175,0
0.34245283018867934,0.8623853211009175,0
0.3632075471698113,0.8623853211009175,0
0.38396226415094326,0.8623853211009175,0
0.40471698113207566,0.8623853211009175,0
0.4254716981132076,0.8623853211009175,0
0.4462264150943396,0.8623853211009175,0
0.46698113207547154,0.8623853211009175,1
0.48773584905660394,0.8623853211009175,1
0.5084905660377359,0.8623853211009175,1
0.5292452830188679,0.8623853211009175,1
0.5499999999999998,0.8623853211009175,1
0.5707547169811322,0.8623853211009175,1
0.5915094339622642,0.8623853211009175,1
0.6122641509433961,0.8623853211009175,1
0.6330188679245281,0.8623853211009175,1
0.6537735849056605,0.8623853211009175,1
0.6745283018867925,0.8623853211009175,1
0.6952830188679244,0.8623853211009175,1
0.7160377358490564,0.8623853211009175,1
0.7367924528301888,0.8623853211009175,1
0.7575471698113208,0.8623853211009175,1
0.7783018867924527,0.8623853211009175,1
0.7990566037735847,0.8623853211009175,1
0.8198113207547171,0.8623853211009175,1
0.840566037735849,0.8623853211009175,1
0.861320754716981,0.8623853211009175,1
0.882075471698113,0.8623853211009175,1
0.9028301886792454,0.8623853211009175,1
0.9235849056603773,0.8623853211009175,1
0.9443396226415093,0.8623853211009175,1
0.9650943396226412,0.8623853211009175,1
0.9858490566037736,0.8623853211009175,1
1.0066037735849056,0.8623853211009175,1
1.0273584905660376,0.8623853211009175,1
1.04811320754717,0.8623853211009175,1
1.068867924528302,0.8623853211009175,1
1.0896226415094339,0.8623853211009175,1
1.1103773584905658,0.8623853211009175,1
1.1311320754716983,0.8623853211009175,1
1.1518867924528302,0.8623853211009175,1
1.1726415094339622,0.8623853211009175,1
1.1933962264150941,0.8623853211009175,1
1.2141509433962265,0.8623853211009175,1
1.2349056603773585,0.8623853211009175,1
1.2556603773584905,0.8623853211009175,1
1.2764150943396224,0.8623853211009175,1
1.2971698113207548,0.8623853211009175,1
1.3179245283018868,0.8623853211009175,1
1.3386792452830187,0.8623853211009175,1
1.3594339622641507,0.8623853211009175,1
1.380188679245283,0.8623853211009175,1
1.400943396226415,0.8623853211009175,1
1.421698113207547,0.8623853211009175,1
1.442452830188679,0.8623853211009175,1
1.4632075471698114,0.8623853211009175,1
1.4839622641509433,0.8623853211009175,1
1.5047169811320753,0.8623853211009175,1
1.5254716981132073,0.8623853211009175,1
1.5462264150943397,0.8623853211009175,1
1.5669811320754716,0.8623853211009175,1
1.5877358490566036,0.8623853211009175,1
1.6084905660377355,0.8623853211009175,1
1.629245283018868,0.8623853211009175,1
1.65,0.8623853211009175,1
-1.65,0.871559633027523,0
-1.6292452830188677,0.871559633027523,0
-1.6084905660377358,0.871559633027523,0
-1.5877358490566036,0.871559633027523,0
-1.5669811320754716,0.871559633027523,0
-1.5462264150943394,0.871559633027523,0
-1.5254716981132075,0.871559633027523,0
-1.5047169811320753,0.871559633027523,0
-1.4839622641509433,0.871559633027523,0
-1.4632075471698112,0.871559633027523,0
-1.4424528301886792,0.871559633027523,0
-1.421698113207547,0.871559633027523,0
-1.400943396226415,0.871559633027523,0
-1.3801886792452829,0.871559633027523,0
-1.359433962264151,0.871559633027523,0
-1.3386792452830187,0.871559633027523,0
-1.3179245283018868,0.871559633027523,0
-1.2971698113207546,0.871559633027523,0
-1.2764150943396226,0.871559633027523,0
-1.2556603773584905,0.871559633027523,0
-1.2349056603773585,0.871559633027523,0
-1.2141509433962263,0.871559633027523,0
-1.1933962264150944,0.871559633027523,0
-1.1726415094339622,0.871559633027523,0
-1.1518867924528302,0.871559633027523,0
-1.131132075471698,0.871559633027523,0
-1.1103773584905658,0.871559633027523,0
-1.0896226415094339,0.871559633027523,0
-1.068867924528302,0.871559633027523,0
-1.0481132075471697,0.871559633027523,0
-1.0273584905660376,0.871559633027523,0
-1.0066037735849056,0.871559633027523,0
-0.9858490566037735,0.871559633027523,0
-0.9650943396226415,0.871559633027523,0
-0.9443396226415094,0.871559633027523,0
-0.9235849056603773,0.871559633027523,0
-0.9028301886792452,0.871559633027523,0
-0.8820754716981132,0.871559633027523,0
-0.8613207547169811,0.871559633027523,0
-0.840566037735849,0.871559633027523,0
-0.819811320754717,0.871559633027523,0
-0.7990566037735849,0.871559633027523,0
-0.7783018867924528,0.871559633027523,0
-0.7575471698113208,0.871559633027523,0
-0.7367924528301887,0.871559633027523,0
-0.7160377358490566,0.871559633027523,0
-0.6952830188679245,0.871559633027523,0
-0.6745283018867925,0.871559633027523,0
-0.6537735849056603,0.871559633027523,0
-0.6330188679245283,0.871559633027523,0
-0.6122641509433961,0.871559633027523,0
-0.5915094339622642,0.871559633027523,0
-0.570754716981132,0.871559633027523,0
-0.55,0.871559633027523,0
-0.5292452830188679,0.871559633027523,0
-0.5084905660377359,0.871559633027523,0
-0.4877358490566037,0.871559633027523,0
-0.46698113207547176,0.871559633027523,0
-0.4462264150943396,0.871559633027523,0
-0.4254716981132076,0.871559633027523,0
-0.40471698113207544,0.871559633027523,0
-0.3839622641509435,0.871559633027523,0
-0.3632075471698113,0.871559633027523,0
-0.34245283018867934,0.871559633027523,0
-0.32169811320754715,0.871559633027523,0
-0.30094339622641497,0.871559633027523,0
-0.280188679245283,0.871559633027523,0
-0.25943396226415083,0.871559633027523,0
-0.23867924528301887,0.871559633027523,0
-0.2179245283018867,0.871559633027523,0
-0.19716981132075473,0.871559633027523,0
-0.17641509433962255,0.871559633027523,0
-0.1556603773584906,0.871559633027523,0
-0.1349056603773584,0.871559633027523,0
-0.11415094339622645,0.871559633027523,0
-0.09339622641509426,0.871559633027523,0
-0.0726415094339623,0.871559633027523,0
-0.05188679245283012,0.871559633027523,0
-0.031132075471698162,0.871559633027523,0
-0.01037735849056598,0.871559633027523,0
0.01037735849056598,0.871559633027523,0
0.031132075471698162,0.871559633027523,0
0.05188679245283012,0.871559633027523,0
0.0726415094339623,0.871559633027523,0
0.09339622641509426,0.871559633027523,0
0.11415094339622645,0.871559633027523,0
0.1349056603773584,0.871559633027523,0
0.1556603773584906,0.871559633027523,0
0.17641509433962255,0.871559633027523,0
0.19716981132075473,0.871559633027523,0
0.2179245283018867,0.871559633027523,0
0.23867924528301887,0.871559633027523,0
0.25943396226415083,0.871559633027523,0
0.280188679245283,0.871559633027523,0
0.30094339622641497,0.871559633027523,0
0.32169811320754715,0.871559633027523,0
0.34245283018867934,0.871559633027523,0
0.3632075471698113,0.871559633027523,0
0.38396226415094326,0.871559633027523,0
0.40471698113207566,0.871559633027523,0
0.4254716981132076,0.871559633027523,0
0.4462264150943396,0.871559633027523,0
0.46698113207547154,0.871559633027523,1
0.48773584905660394,0.871559633027523,1
0.5084905660377359,0.871559633027523,1
0.5292452830188679,0.871559633027523,1
0.5499999999999998,0.871559633027523,1
0.5707547169811322,0.871559633027523,1
0.5915094339622642,0.871559633027523,1
0.6122641509433961,0.871559633027523,1
0.6330188679245281,0.871559633027523,1
0.6537735849056605,0.871559633027523,1
0.6745283018867925,0.871559633027523,1
0.6952830188679244,0.871559633027523,1
0.7160377358490564,0.871559633027523,1
0.7367924528301888,0.871559633027523,1
0.7575471698113208,0.871559633027523,1
0.7783018867924527,0.871559633027523,1
0.7990566037735847,0.871559633027523,1
0.8198113207547171,0.871559633027523,1
0.840566037735849,0.871559633027523,1
0.861320754716981,0.871559633027523,1
0.882075471698113,0.871559633027523,1
0.9028301886792454,0.871559633027523,1
0.9235849056603773,0.871559633027523,1
0.9443396226415093,0.871559633027523,1
0.9650943396226412,0.871559633027523,1
0.9858490566037736,0.871559633027523,1
1.0066037735849056,0.871559633027523,1
1.0273584905660376,0.871559633027523,1
1.04811320754717,0.871559633027523,1
1.068867924528302,0.871559633027523,1
1.0896226415094339,0.871559633027523,1
1.1103773584905658,0.871559633027523,1
1.1311320754716983,0.871559633027523,1
1.1518867924528302,0.871559633027523,1
1.1726415094339622,0.871559633027523,1
1.1933962264150941,0.871559633027523,1
1.2141509433962265,0.871559633027523,1
1.2349056603773585,0.871559633027523,1
1.2556603773584905,0.871559633027523,1
1.2764150943396224,0.871559633027523,1
1.2971698113207548,0.871559633027523,1
1.3179245283018868,0.871559633027523,1
1.3386792452830187,0.871559633027523,1
1.3594339622641507,0.871559633027523,1
1.380188679245283,0.871559633027523,1
1.400943396226415,0.871559633027523,1
1.421698113207547,0.871559633027523,1
1.442452830188679,0.871559633027523,1
1.4632075471698114,0.871559633027523,1
1.4839622641509433,0.871559633027523,1
1.5047169811320753,0.871559633027523,1
1.5254716981132073,0.871559633027523,1
1.5462264150943397,0.871559633027523,1
1.5669811320754716,0.871559633027523,1
1.5877358490566036,0.871559633027523,1
1.6084905660377355,0.871559633027523,1
1.629245283018868,0.871559633027523,1
1.65,0.871559633027523,1
-1.65,0.8807339449541285,0
-1.6292452830188677,0.8807339449541285,0
-1.6084905660377358,0.8807339449541285,0
-1.5877358490566036,0.8807339449541285,0
-1.5669811320754716,0.8807339449541285,0
-1.5462264150943394,0.8807339449541285,0
-1.5254716981132075,0.8807339449541285,0
-1.5047169811320753,0.8807339449541285,0
-1.4839622641509433,0.8807339449541285,0
-1.4632075471698112,0.8807339449541285,0
-1.4424528301886792,0.8807339449541285,0
-1.421698113207547,0.8807339449541285,0
-1.400943396226415,0.8807339449541285,0
-1.3801886792452829,0.8807339449541285,0
-1.359433962264151,0.8807339449541285,0
-1.3386792452830187,0.8807339449541285,0
-1.3179245283018868,0.8807339449541285,0
-1.2971698113207546,0.8807339449541285,0
-1.2764150943396226,0.8807339449541285,0
-1.2556603773584905,0.8807339449541285,0
-1.2349056603773585,0.8807339449541285,0
-1.2141509433962263,0.8807339449541285,0
-1.1933962264150944,0.8807339449541285,0
-1.1726415094339622,0.8807339449541285,0
-1.1518867924528302,0.8807339449541285,0
-1.131132075471698,0.8807339449541285,0
-1.1103773584905658,0.8807339449541285,0
-1.0896226415094339,0.8807339449541285,0
-1.068867924528302,0.8807339449541285,0
-1.0481132075471697,0.8807339449541285,0
-1.0273584905660376,0.8807339449541285,0
-1.0066037735849056,0.8807339449541285,0
-0.9858490566037735,0.8807339449541285,0
-0.9650943396226415,0.8807339449541285,0
-0.9443396226415094,0.8807339449541285,0
-0.9235849056603773,0.8807339449541285,0
-0.9028301886792452,0.8807339449541285,0
-0.8820754716981132,0.8807339449541285,0
-0.8613207547169811,0.8807339449541285,0
-0.840566037735849,0.8807339449541285,0
-0.819811320754717,0.8807339449541285,0
-0.7990566037735849,0.8807339449541285,0
-0.7783018867924528,0.8807339449541285,0
-0.7575471698113208,0.8807339449541285,0
-0.7367924528301887,0.8807339449541285,0
-0.7160377358490566,0.8807339449541285,0
-0.6952830188679245,0.8807339449541285,0
-0.6745283018867925,0.8807339449541285,0
-0.6537735849056603,0.8807339449541285,0
-0.6330188679245283,0.8807339449541285,0
-0.6122641509433961,0.8807339449541285,0
-0.5915094339622642,0.8807339449541285,0
-0.570754716981132,0.8807339449541285,0
-0.55,0.8807339449541285,0
-0.5292452830188679,0.8807339449541285,0
-0.5084905660377359,0.8807339449541285,0
-0.4877358490566037,0.8807339449541285,0
-0.46698113207547176,0.8807339449541285,0
-0.4462264150943396,0.8807339449541285,0
-0.4254716981132076,0.8807339449541285,0
-0.40471698113207544,0.8807339449541285,0
-0.3839622641509435,0.8807339449541285,0
-0.3632075471698113,0.8807339449541285,0
-0.34245283018867934,0.8807339449541285,0
-0.32169811320754715,0.8807339449541285,0
-0.30094339622641497,0.8807339449541285,0
-0.280188679245283,0.8807339449541285,0
-0.25943396226415083,0.8807339449541285,0
-0.23867924528301887,0.8807339449541285,0
-0.2179245283018867,0.8807339449541285,0
-0.19716981132075473,0.8807339449541285,0
-0.17641509433962255,0.8807339449541285,0
-0.1556603773584906,0.8807339449541285,0
-0.1349056603773584,0.8807339449541285,0
-0.11415094339622645,0.8807339449541285,0
-0.09339622641509426,0.8807339449541285,0
-0.0726415094339623,0.8807339449541285,0
-0.05188679245283012,0.8807339449541285,0
-0.031132075471698162,0.8807339449541285,0
-0.01037735849056598,0.8807339449541285,0
0.01037735849056598,0.8807339449541285,0
0.031132075471698162,0.8807339449541285,0
0.05188679245283012,0.8807339449541285,0
0.0726415094339623,0.8807339449541285,0
0.09339622641509426,0.8807339449541285,0
0.11415094339622645,0.8807339449541285,0
0.1349056603773584,0.8807339449541285,0
0.1556603773584906,0.8807339449541285,0
0.17641509433962255,0.8807339449541285,0
0.19716981132075473,0.8807339449541285,0
0.2179245283018867,0.8807339449541285,0
0.23867924528301887,0.8807339449541285,0
0.25943396226415083,0.8807339449541285,0
0.280188679245283,0.8807339449541285,0
0.30094339622641497,0.8807339449541285,0
0.32169811320754715,0.8807339449541285,0
0.34245283018867934,0.8807339449541285,0
0.3632075471698113,0.8807339449541285,0
0.38396226415094326,0.8807339449541285,0
0.40471698113207566,0.8807339449541285,0
0.4254716981132076,0.8807339449541285,0
0.4462264150943396,0.8807339449541285,0
0.46698113207547154,0.8807339449541285,1
0.48773584905660394,0.8807339449541285,1
0.5084905660377359,0.8807339449541285,1
0.5292452830188679,0.8807339449541285,1
0.5499999999999998,0.8807339449541285,1
0.5707547169811322,0.8807339449541285,1
0.5915094339622642,0.8807339449541285,1
0.6122641509433961,0.8807339449541285,1
0.6330188679245281,0.8807339449541285,1
0.6537735849056605,0.8807339449541285,1
0.6745283018867925,0.8807339449541285,1
0.6952830188679244,0.8807339449541285,1
0.7160377358490564,0.8807339449541285,1
0.7367924528301888,0.8807339449541285,1
0.7575471698113208,0.8807339449541285,1
0.7783018867924527,0.8807339449541285,1
0.7990566037735847,0.8807339449541285,1
0.8198113207547171,0.8807339449541285,1
0.840566037735849,0.8807339449541285,1
0.861320754716981,0.8807339449541285,1
0.882075471698113,0.8807339449541285,1
0.9028301886792454,0.8807339449541285,1
0.9235849056603773,0.8807339449541285,1
0.9443396226415093,0.8807339449541285,1
0.9650943396226412,0.8807339449541285,1
0.9858490566037736,0.8807339449541285,1
1.0066037735849056,0.8807339449541285,1
1.0273584905660376,0.8807339449541285,1
1.04811320754717,0.8807339449541285,1
1.068867924528302,0.8807339449541285,1
1.0896226415094339,0.8807339449541285,1
1.1103773584905658,0.8807339449541285,1
1.1311320754716983,0.8807339449541285,1
1.1518867924528302,0.8807339449541285,1
1.1726415094339622,0.8807339449541285,1
1.1933962264150941,0.8807339449541285,1
1.2141509433962265,0.8807339449541285,1
1.2349056603773585,0.8807339449541285,1
1.2556603773584905,0.8807339449541285,1
1.2764150943396224,0.8807339449541285,1
1.2971698113207548,0.8807339449541285,1
1.3179245283018868,0.8807339449541285,1
1.3386792452830187,0.8807339449541285,1
1.3594339622641507,0.8807339449541285,1
1.380188679245283,0.8807339449541285,1
1.400943396226415,0.8807339449541285,1
1.421698113207547,0.8807339449541285,1
1.442452830188679,0.8807339449541285,1
1.4632075471698114,0.8807339449541285,1
1.4839622641509433,0.8807339449541285,1
1.5047169811320753,0.8807339449541285,1
1.5254716981132073,0.8807339449541285,1
1.5462264150943397,0.8807339449541285,1
1.5669811320754716,0.8807339449541285,1
1.5877358490566036,0.8807339449541285,1
1.6084905660377355,0.8807339449541285,1
1.629245283018868,0.8807339449541285,1
1.65,0.8807339449541285,1
-1.65,0.8899082568807339,0
-1.6292452830188677,0.8899082568807339,0
-1.6084905660377358,0.8899082568807339,0
-1.5877358490566036,0.8899082568807339,0
-1.5669811320754716,0.8899082568807339,0
-1.5462264150943394,0.8899082568807339,0
-1.5254716981132075,0.8899082568807339,0
-1.5047169811320753,0.8899082568807339,0
-1.4839622641509433,0.8899082568807339,0
-1.4632075471698112,0.8899082568807339,0
-1.4424528301886792,0.8899082568807339,0
-1.421698113207547,0.8899082568807339,0
-1.400943396226415,0.8899082568807339,0
-1.3801886792452829,0.8899082568807339,0
-1.359433962264151,0.8899082568807339,0
-1.3386792452830187,0.8899082568807339,0
-1.3179245283018868,0.8899082568807339,0
-1.2971698113207546,0.8899082568807339,0
-1.2764150943396226,0.8899082568807339,0
-1.2556603773584905,0.8899082568807339,0
-1.2349056603773585,0.8899082568807339,0
-1.2141509433962263,0.8899082568807339,0
-1.1933962264150944,0.8899082568807339,0
-1.1726415094339622,0.8899082568807339,0
-1.1518867924528302,0.8899082568807339,0
-1.131132075471698,0.8899082568807339,0
-1.1103773584905658,0.8899082568807339,0
-1.0896226415094339,0.8899082568807339,0
-1.068867924528302,0.8899082568807339,0
-1.0481132075471697,0.8899082568807339,0
-1.0273584905660376,0.8899082568807339,0
-1.0066037735849056,0.8899082568807339,0
-0.9858490566037735,0.8899082568807339,0
-0.9650943396226415,0.8899082568807339,0
-0.9443396226415094,0.8899082568807339,0
-0.9235849056603773,0.8899082568807339,0
-0.9028301886792452,0.8899082568807339,0
-0.8820754716981132,0.8899082568807339,0
-0.8613207547169811,0.8899082568807339,0
-0.840566037735849,0.8899082568807339,0
-0.819811320754717,0.8899082568807339,0
-0.7990566037735849,0.8899082568807339,0
-0.7783018867924528,0.8899082568807339,0
-0.7575471698113208,0.8899082568807339,0
-0.7367924528301887,0.8899082568807339,0
-0.7160377358490566,0.8899082568807339,0
-0.6952830188679245,0.8899082568807339,0
-0.6745283018867925,0.8899082568807339,0
-0.6537735849056603,0.8899082568807339,0
-0.6330188679245283,0.8899082568807339,0
-0.6122641509433961,0.8899082568807339,0
-0.5915094339622642,0.8899082568807339,0
-0.570754716981132,0.8899082568807339,0
-0.55,0.8899082568807339,0
-0.5292452830188679,0.8899082568807339,0
-0.5084905660377359,0.8899082568807339,0
-0.4877358490566037,0.8899082568807339,0
-0.46698113207547176,0.8899082568807339,0
-0.4462264150943396,0.8899082568807339,0
-0.4254716981132076,0.8899082568807339,0
-0.40471698113207544,0.8899082568807339,0
-0.3839622641509435,0.8899082568807339,0
-0.3632075471698113,0.8899082568807339,0
-0.34245283018867934,0.8899082568807339,0
-0.32169811320754715,0.8899082568807339,0
-0.30094339622641497,0.8899082568807339,0
-0.280188679245283,0.8899082568807339,0
-0.25943396226415083,0.8899082568807339,0
-0.23867924528301887,0.8899082568807339,0
-0.2179245283018867,0.8899082568807339,0
-0.19716981132075473,0.8899082568807339,0
-0.17641509433962255,0.8899082568807339,0
-0.1556603773584906,0.8899082568807339,0
-0.1349056603773584,0.8899082568807339,0
-0.11415094339622645,0.8899082568807339,0
-0.09339622641509426,0.8899082568807339,0
-0.0726415094339623,0.8899082568807339,0
-0.05188679245283012,0.8899082568807339,0
-0.031132075471698162,0.8899082568807339,0
-0.01037735849056598,0.8899082568807339,0
0.01037735849056598,0.8899082568807339,0
0.031132075471698162,0.8899082568807339,0
0.05188679245283012,0.8899082568807339,0
0.0726415094339623,0.8899082568807339,0
0.09339622641509426,0.8899082568807339,0
0.11415094339622645,0.8899082568807339,0
0.1349056603773584,0.8899082568807339,0
0.1556603773584906,0.8899082568807339,0
0.17641509433962255,0.8899082568807339,0
0.19716981132075473,0.8899082568807339,0
0.2179245283018867,0.8899082568807339,0
0.23867924528301887,0.8899082568807339,0
0.25943396226415083,0.8899082568807339,0
0.280188679245283,0.8899082568807339,0
0.30094339622641497,0.8899082568807339,0
0.32169811320754715,0.8899082568807339,0
0.34245283018867934,0.8899082568807339,0
0.3632075471698113,0.8899082568807339,0
0.38396226415094326,0.8899082568807339,0
0.40471698113207566,0.8899082568807339,0
0.4254716981132076,0.8899082568807339,0
0.4462264150943396,0.8899082568807339,0
0.46698113207547154,0.8899082568807339,1
0.48773584905660394,0.8899082568807339,1
0.5084905660377359,0.8899082568807339,1
0.5292452830188679,0.8899082568807339,1
0.5499999999999998,0.8899082568807339,1
0.5707547169811322,0.8899082568807339,1
0.5915094339622642,0.8899082568807339,1
0.6122641509433961,0.8899082568807339,1
0.6330188679245281,0.8899082568807339,1
0.6537735849056605,0.8899082568807339,1
0.6745283018867925,0.8899082568807339,1
0.6952830188679244,0.8899082568807339,1
0.7160377358490564,0.8899082568807339,1
0.7367924528301888,0.8899082568807339,1
0.7575471698113208,0.8899082568807339,1
0.7783018867924527,0.8899082568807339,1
0.7990566037735847,0.8899082568807339,1
0.8198113207547171,0.8899082568807339,1
0.840566037735849,0.8899082568807339,1
0.861320754716981,0.8899082568807339,1
0.882075471698113,0.8899082568807339,1
0.9028301886792454,0.8899082568807339,1
0.9235849056603773,0.8899082568807339,1
0.9443396226415093,0.8899082568807339,1
0.9650943396226412,0.8899082568807339,1
0.9858490566037736,0.8899082568807339,1
1.0066037735849056,0.8899082568807339,1
1.0273584905660376,0.8899082568807339,1
1.04811320754717,0.8899082568807339,1
1.068867924528302,0.8899082568807339,1
1.0896226415094339,0.8899082568807339,1
1.1103773584905658,0.8899082568807339,1
1.1311320754716983,0.8899082568807339,1
1.1518867924528302,0.8899082568807339,1
1.1726415094339622,0.8899082568807339,1
1.1933962264150941,0.8899082568807339,1
1.2141509433962265,0.8899082568807339,1
1.2349056603773585,0.8899082568807339,1
1.2556603773584905,0.8899082568807339,1
1.2764150943396224,0.8899082568807339,1
1.2971698113207548,0.8899082568807339,1
1.3179245283018868,0.8899082568807339,1
1.3386792452830187,0.8899082568807339,1
1.3594339622641507,0.8899082568807339,1
1.380188679245283,0.8899082568807339,1
1.400943396226415,0.8899082568807339,1
1.421698113207547,0.8899082568807339,1
1.442452830188679,0.8899082568807339,1
1.4632075471698114,0.8899082568807339,1
1.4839622641509433,0.8899082568807339,1
1.5047169811320753,0.8899082568807339,1
1.5254716981132073,0.8899082568807339,1
1.5462264150943397,0.8899082568807339,1
1.5669811320754716,0.8899082568807339,1
1.5877358490566036,0.8899082568807339,1
1.6084905660377355,0.8899082568807339,1
1.629245283018868,0.8899082568807339,1
1.65,0.8899082568807339,1
-1.65,0.8990825688073395,0
-1.6292452830188677,0.8990825688073395,0
-1.6084905660377358,0.8990825688073395,0
-1.5877358490566036,0.8990825688073395,0
-1.5669811320754716,0.8990825688073395,0
-1.5462264150943394,0.8990825688073395,0
-1.5254716981132075,0.8990825688073395,0
-1.5047169811320753,0.8990825688073395,0
-1.4839622641509433,0.8990825688073395,0
-1.4632075471698112,0.8990825688073395,0
-1.4424528301886792,0.8990825688073395,0
-1.421698113207547,0.8990825688073395,0
-1.400943396226415,0.8990825688073395,0
-1.3801886792452829,0.8990825688073395,0
-1.359433962264151,0.8990825688073395,0
-1.3386792452830187,0.8990825688073395,0
-1.3179245283018868,0.8990825688073395,0
-1.2971698113207546,0.8990825688073395,0
-1.2764150943396226,0.8990825688073395,0
-1.2556603773584905,0.8990825688073395,0
-1.2349056603773585,0.8990825688073395,0
-1.2141509433962263,0.8990825688073395,0
-1.1933962264150944,0.8990825688073395,0
-1.1726415094339622,0.8990825688073395,0
-1.1518867924528302,0.8990825688073395,0
-1.131132075471698,0.8990825688073395,0
-1.1103773584905658,0.8990825688073395,0
-1.0896226415094339,0.8990825688073395,0
-1.068867924528302,0.8990825688073395,0
-1.0481132075471697,0.8990825688073395,0
-1.0273584905660376,0.8990825688073395,0
-1.0066037735849056,0.8990825688073395,0
-0.9858490566037735,0.8990825688073395,0
-0.9650943396226415,0.8990825688073395,0
-0.9443396226415094,0.8990825688073395,0
-0.9235849056603773,0.8990825688073395,0
-0.9028301886792452,0.8990825688073395,0
-0.8820754716981132,0.8990825688073395,0
-0.8613207547169811,0.8990825688073395,0
-0.840566037735849,0.8990825688073395,0
-0.819811320754717,0.8990825688073395,0
-0.7990566037735849,0.8990825688073395,0
-0.7783018867924528,0.8990825688073395,0
-0.7575471698113208,0.8990825688073395,0
-0.7367924528301887,0.8990825688073395,0
-0.7160377358490566,0.8990825688073395,0
-0.6952830188679245,0.8990825688073395,0
-0.6745283018867925,0.8990825688073395,0
-0.6537735849056603,0.8990825688073395,0
-0.6330188679245283,0.8990825688073395,0
-0.6122641509433961,0.8990825688073395,0
-0.5915094339622642,0.8990825688073395,0
-0.570754716981132,0.8990825688073395,0
-0.55,0.8990825688073395,0
-0.5292452830188679,0.8990825688073395,0
-0.5084905660377359,0.8990825688073395,0
-0.4877358490566037,0.8990825688073395,0
-0.46698113207547176,0.8990825688073395,0
-0.4462264150943396,0.8990825688073395,0
-0.4254716981132076,0.8990825688073395,0
-0.40471698113207544,0.8990825688073395,0
-0.3839622641509435,0.8990825688073395,0
-0.3632075471698113,0.8990825688073395,0
-0.34245283018867934,0.8990825688073395,0
-0.32169811320754715,0.8990825688073395,0
-0.30094339622641497,0.8990825688073395,0
-0.280188679245283,0.8990825688073395,0
-0.25943396226415083,0.8990825688073395,0
-0.23867924528301887,0.8990825688073395,0
-0.2179245283018867,0.8990825688073395,0
-0.19716981132075473,0.8990825688073395,0
-0.17641509433962255,0.8990825688073395,0
-0.1556603773584906,0.8990825688073395,0
-0.1349056603773584,0.8990825688073395,0
-0.11415094339622645,0.8990825688073395,0
-0.09339622641509426,0.8990825688073395,0
-0.0726415094339623,0.8990825688073395,0
-0.05188679245283012,0.8990825688073395,0
-0.031132075471698162,0.8990825688073395,0
-0.01037735849056598,0.8990825688073395,0
0.01037735849056598,0.8990825688073395,0
0.031132075471698162,0.8990825688073395,0
0.05188679245283012,0.8990825688073395,0
0.0726415094339623,0.8990825688073395,0
0.09339622641509426,0.8990825688073395,0
0.11415094339622645,0.8990825688073395,0
0.1349056603773584,0.8990825688073395,0
0.1556603773584906,0.8990825688073395,0
0.17641509433962255,0.8990825688073395,0
0.19716981132075473,0.8990825688073395,0
0.2179245283018867,0.8990825688073395,0
0.23867924528301887,0.8990825688073395,0
0.25943396226415083,0.8990825688073395,0
0.280188679245283,0.8990825688073395,0
0.30094339622641497,0.8990825688073395,0
0.32169811320754715,0.8990825688073395,0
0.34245283018867934,0.8990825688073395,0
0.3632075471698113,0.8990825688073395,0
0.38396226415094326,0.8990825688073395,0
0.40471698113207566,0.8990825688073395,0
0.4254716981132076,0.8990825688073395,0
0.4462264150943396,0.8990825688073395,0
0.46698113207547154,0.8990825688073395,1
0.48773584905660394,0.8990825688073395,1
0.5084905660377359,0.8990825688073395,1
0.5292452830188679,0.8990825688073395,1
0.5499999999999998,0.8990825688073395,1
0.5707547169811322,0.8990825688073395,1
0.5915094339622642,0.8990825688073395,1
0.6122641509433961,0.8990825688073395,1
0.6330188679245281,0.8990825688073395,1
0.6537735849056605,0.8990825688073395,1
0.6745283018867925,0.8990825688073395,1
0.6952830188679244,0.8990825688073395,1
0.7160377358490564,0.8990825688073395,1
0.7367924528301888,0.8990825688073395,1
0.7575471698113208,0.8990825688073395,1
0.7783018867924527,0.8990825688073395,1
0.7990566037735847,0.8990825688073395,1
0.8198113207547171,0.8990825688073395,1
0.840566037735849,0.8990825688073395,1
0.861320754716981,0.8990825688073395,1
0.882075471698113,0.8990825688073395,1
0.9028301886792454,0.8990825688073395,1
0.9235849056603773,0.8990825688073395,1
0.9443396226415093,0.8990825688073395,1
0.9650943396226412,0.8990825688073395,1
0.9858490566037736,0.8990825688073395,1
1.0066037735849056,0.8990825688073395,1
1.0273584905660376,0.8990825688073395,1
1.04811320754717,0.8990825688073395,1
1.068867924528302,0.8990825688073395,1
1.0896226415094339,0.8990825688073395,1
1.1103773584905658,0.8990825688073395,1
1.1311320754716983,0.8990825688073395,1
1.1518867924528302,0.8990825688073395,1
1.1726415094339622,0.8990825688073395,1
1.1933962264150941,0.8990825688073395,1
1.2141509433962265,0.8990825688073395,1
1.2349056603773585,0.8990825688073395,1
1.2556603773584905,0.8990825688073395,1
1.2764150943396224,0.8990825688073395,1
1.2971698113207548,0.8990825688073395,1
1.3179245283018868,0.8990825688073395,1
1.3386792452830187,0.8990825688073395,1
1.3594339622641507,0.8990825688073395,1
1.380188679245283,0.8990825688073395,1
1.400943396226415,0.8990825688073395,1
1.421698113207547,0.8990825688073395,1
1.442452830188679,0.8990825688073395,1
1.4632075471698114,0.8990825688073395,1
1.4839622641509433,0.8990825688073395,1
1.5047169811320753,0.8990825688073395,1
1.5254716981132073,0.8990825688073395,1
1.5462264150943397,0.8990825688073395,1
1.5669811320754716,0.8990825688073395,1
1.5877358490566036,0.8990825688073395,1
1.6084905660377355,0.8990825688073395,1
1.629245283018868,0.8990825688073395,1
1.65,0.8990825688073395,1
-1.65,0.9082568807339451,0
-1.6292452830188677,0.9082568807339451,0
-1.6084905660377358,0.9082568807339451,0
-1.5877358490566036,0.9082568807339451,0
-1.5669811320754716,0.9082568807339451,0
-1.5462264150943394,0.9082568807339451,0
-1.5254716981132075,0.9082568807339451,0
-1.5047169811320753,0.9082568807339451,0
-1.4839622641509433,0.9082568807339451,0
-1.4632075471698112,0.9082568807339451,0
-1.4424528301886792,0.9082568807339451,0
-1.421698113207547,0.9082568807339451,0
-1.400943396226415,0.9082568807339451,0
-1.3801886792452829,0.9082568807339451,0
-1.359433962264151,0.9082568807339451,0
-1.3386792452830187,0.9082568807339451,0
-1.3179245283018868,0.9082568807339451,0
-1.2971698113207546,0.9082568807339451,0
-1.2764150943396226,0.9082568807339451,0
-1.2556603773584905,0.9082568807339451,0
-1.2349056603773585,0.9082568807339451,0
-1.2141509433962263,0.9082568807339451,0
-1.1933962264150944,0.9082568807339451,0
-1.1726415094339622,0.9082568807339451,0
-1.1518867924528302,0.9082568807339451,0
-1.131132075471698,0.9082568807339451,0
-1.1103773584905658,0.9082568807339451,0
-1.0896226415094339,0.9082568807339451,0
-1.068867924528302,0.9082568807339451,0
-1.0481132075471697,0.9082568807339451,0
-1.0273584905660376,0.9082568807339451,0
-1.0066037735849056,0.9082568807339451,0
-0.9858490566037735,0.9082568807339451,0
-0.9650943396226415,0.9082568807339451,0
-0.9443396226415094,0.9082568807339451,0
-0.9235849056603773,0.9082568807339451,0
-0.9028301886792452,0.9082568807339451,0
-0.8820754716981132,0.9082568807339451,0
-0.8613207547169811,0.9082568807339451,0
-0.840566037735849,0.9082568807339451,0
-0.819811320754717,0.9082568807339451,0
-0.7990566037735849,0.9082568807339451,0
-0.7783018867924528,0.9082568807339451,0
-0.7575471698113208,0.9082568807339451,0
-0.7367924528301887,0.9082568807339451,0
-0.7160377358490566,0.9082568807339451,0
-0.6952830188679245,0.9082568807339451,0
-0.6745283018867925,0.9082568807339451,0
-0.6537735849056603,0.9082568807339451,0
-0.6330188679245283,0.9082568807339451,0
-0.6122641509433961,0.9082568807339451,0
-0.5915094339622642,0.9082568807339451,0
-0.570754716981132,0.9082568807339451,0
-0.55,0.9082568807339451,0
-0.5292452830188679,0.9082568807339451,0
-0.5084905660377359,0.9082568807339451,0
-0.4877358490566037,0.9082568807339451,0
-0.46698113207547176,0.9082568807339451,0
-0.4462264150943396,0.9082568807339451,0
-0.4254716981132076,0.9082568807339451,0
-0.40471698113207544,0.9082568807339451,0
-0.3839622641509435,0.9082568807339451,0
-0.3632075471698113,0.9082568807339451,0
-0.34245283018867934,0.9082568807339451,0
-0.32169811320754715,0.9082568807339451,0
-0.30094339622641497,0.9082568807339451,0
-0.280188679245283,0.9082568807339451,0
-0.25943396226415083,0.9082568807339451,0
-0.23867924528301887,0.9082568807339451,0
-0.2179245283018867,0.9082568807339451,0
-0.19716981132075473,0.9082568807339451,0
-0.17641509433962255,0.9082568807339451,0
-0.1556603773584906,0.9082568807339451,0
-0.1349056603773584,0.9082568807339451,0
-0.11415094339622645,0.9082568807339451,0
-0.09339622641509426,0.9082568807339451,0
-0.0726415094339623,0.9082568807339451,0
-0.05188679245283012,0.9082568807339451,0
-0.031132075471698162,0.9082568807339451,0
-0.01037735849056598,0.9082568807339451,0
0.01037735849056598,0.9082568807339451,0
0.031132075471698162,0.9082568807339451,0
0.05188679245283012,0.9082568807339451,0
0.0726415094339623,0.9082568807339451,0
0.09339622641509426,0.9082568807339451,0
0.11415094339622645,0.9082568807339451,0
0.1349056603773584,0.9082568807339451,0
0.1556603773584906,0.9082568807339451,0
0.17641509433962255,0.9082568807339451,0
0.19716981132075473,0.9082568807339451,0
0.2179245283018867,0.9082568807339451,0
0.23867924528301887,0.9082568807339451,0
0.25943396226415083,0.9082568807339451,0
0.280188679245283,0.9082568807339451,0
0.30094339622641497,0.9082568807339451,0
0.32169811320754715,0.9082568807339451,0
0.34245283018867934,0.9082568807339451,0
0.3632075471698113,0.9082568807339451,0
0.38396226415094326,0.9082568807339451,0
0.40471698113207566,0.9082568807339451,0
0.4254716981132076,0.9082568807339451,0
0.4462264150943396,0.9082568807339451,0
0.46698113207547154,0.9082568807339451,1
0.48773584905660394,0.9082568807339451,1
0.5084905660377359,0.9082568807339451,1
0.5292452830188679,0.9082568807339451,1
0.5499999999999998,0.9082568807339451,1
0.5707547169811322,0.9082568807339451,1
0.5915094339622642,0.9082568807339451,1
0.6122641509433961,0.9082568807339451,1
0.6330188679245281,0.9082568807339451,1
0.6537735849056605,0.9082568807339451,1
0.6745283018867925,0.9082568807339451,1
0.6952830188679244,0.9082568807339451,1
0.7160377358490564,0.9082568807339451,1
0.7367924528301888,0.9082568807339451,1
0.7575471698113208,0.9082568807339451,1
0.7783018867924527,0.9082568807339451,1
0.7990566037735847,0.9082568807339451,1
0.8198113207547171,0.9082568807339451,1
0.840566037735849,0.9082568807339451,1
0.861320754716981,0.9082568807339451,1
0.882075471698113,0.9082568807339451,1
0.9028301886792454,0.9082568807339451,1
0.9235849056603773,0.9082568807339451,1
0.9443396226415093,0.9082568807339451,1
0.9650943396226412,0.9082568807339451,1
0.9858490566037736,0.9082568807339451,1
1.0066037735849056,0.9082568807339451,1
1.0273584905660376,0.9082568807339451,1
1.04811320754717,0.9082568807339451,1
1.068867924528302,0.9082568807339451,1
1.0896226415094339,0.9082568807339451,1
1.1103773584905658,0.9082568807339451,1
1.1311320754716983,0.9082568807339451,1
1.1518867924528302,0.9082568807339451,1
1.1726415094339622,0.9082568807339451,1
1.1933962264150941,0.9082568807339451,1
1.2141509433962265,0.9082568807339451,1
1.2349056603773585,0.9082568807339451,1
1.2556603773584905,0.9082568807339451,1
1.2764150943396224,0.9082568807339451,1
1.2971698113207548,0.9082568807339451,1
1.3179245283018868,0.9082568807339451,1
1.3386792452830187,0.9082568807339451,1
1.3594339622641507,0.9082568807339451,1
1.380188679245283,0.9082568807339451,1
1.400943396226415,0.9082568807339451,1
1.421698113207547,0.9082568807339451,1
1.442452830188679,0.9082568807339451,1
1.4632075471698114,0.9082568807339451,1
1.4839622641509433,0.9082568807339451,1
1.5047169811320753,0.9082568807339451,1
1.5254716981132073,0.9082568807339451,1
1.5462264150943397,0.9082568807339451,1
1.5669811320754716,0.9082568807339451,1
1.5877358490566036,0.9082568807339451,1
1.6084905660377355,0.9082568807339451,1
1.629245283018868,0.9082568807339451,1
1.65,0.9082568807339451,1
-1.65,0.9174311926605505,0
-1.6292452830188677,0.9174311926605505,0
-1.6084905660377358,0.9174311926605505,0
-1.5877358490566036,0.9174311926605505,0
-1.5669811320754716,0.9174311926605505,0
-1.5462264150943394,0.9174311926605505,0
-1.5254716981132075,0.9174311926605505,0
-1.5047169811320753,0.9174311926605505,0
-1.4839622641509433,0.9174311926605505,0
-1.4632075471698112,0.9174311926605505,0
-1.4424528301886792,0.9174311926605505,0
-1.421698113207547,0.9174311926605505,0
-1.400943396226415,0.9174311926605505,0
-1.3801886792452829,0.9174311926605505,0
-1.359433962264151,0.9174311926605505,0
-1.3386792452830187,0.9174311926605505,0
-1.3179245283018868,0.9174311926605505,0
-1.2971698113207546,0.9174311926605505,0
-1.2764150943396226,0.9174311926605505,0
-1.2556603773584905,0.9174311926605505,0
-1.2349056603773585,0.9174311926605505,0
-1.2141509433962263,0.9174311926605505,0
-1.1933962264150944,0.9174311926605505,0
-1.1726415094339622,0.9174311926605505,0
-1.1518867924528302,0.9174311926605505,0
-1.131132075471698,0.9174311926605505,0
-1.1103773584905658,0.9174311926605505,0
-1.0896226415094339,0.9174311926605505,0
-1.068867924528302,0.9174311926605505,0
-1.0481132075471697,0.9174311926605505,0
-1.0273584905660376,0.9174311926605505,0
-1.0066037735849056,0.9174311926605505,0
-0.9858490566037735,0.9174311926605505,0
-0.9650943396226415,0.9174311926605505,0
-0.9443396226415094,0.9174311926605505,0
-0.9235849056603773,0.9174311926605505,0
-0.9028301886792452,0.9174311926605505,0
-0.8820754716981132,0.9174311926605505,0
-0.8613207547169811,0.9174311926605505,0
-0.840566037735849,0.9174311926605505,0
-0.819811320754717,0.9174311926605505,0
-0.7990566037735849,0.9174311926605505,0
-0.7783018867924528,0.9174311926605505,0
-0.7575471698113208,0.9174311926605505,0
-0.7367924528301887,0.9174311926605505,0
-0.7160377358490566,0.9174311926605505,0
-0.6952830188679245,0.9174311926605505,0
-0.6745283018867925,0.9174311926605505,0
-0.6537735849056603,0.9174311926605505,0
-0.6330188679245283,0.9174311926605505,0
-0.6122641509433961,0.9174311926605505,0
-0.5915094339622642,0.9174311926605505,0
-0.570754716981132,0.9174311926605505,0
-0.55,0.9174311926605505,0
-0.5292452830188679,0.9174311926605505,0
-0.5084905660377359,0.9174311926605505,0
-0.4877358490566037,0.9174311926605505,0
-0.46698113207547176,0.9174311926605505,0
-0.4462264150943396,0.9174311926605505,0
-0.4254716981132076,0.9174311926605505,0
-0.40471698113207544,0.9174311926605505,0
-0.3839622641509435,0.9174311926605505,0
-0.3632075471698113,0.9174311926605505,0
-0.34245283018867934,0.9174311926605505,0
-0.32169811320754715,0.9174311926605505,0
-0.30094339622641497,0.9174311926605505,0
-0.280188679245283,0.9174311926605505,0
-0.25943396226415083,0.9174311926605505,0
-0.23867924528301887,0.9174311926605505,0
-0.2179245283018867,0.9174311926605505,0
-0.19716981132075473,0.9174311926605505,0
-0.17641509433962255,0.9174311926605505,0
-0.1556603773584906,0.9174311926605505,0
-0.1349056603773584,0.9174311926605505,0
-0.11415094339622645,0.9174311926605505,0
-0.09339622641509426,0.9174311926605505,0
-0.0726415094339623,0.9174311926605505,0
-0.05188679245283012,0.9174311926605505,0
-0.031132075471698162,0.9174311926605505,0
-0.01037735849056598,0.9174311926605505,0
0.01037735849056598,0.9174311926605505,0
0.031132075471698162,0.9174311926605505,0
0.05188679245283012,0.9174311926605505,0
0.0726415094339623,0.9174311926605505,0
0.09339622641509426,0.9174311926605505,0
0.11415094339622645,0.9174311926605505,0
0.1349056603773584,0.9174311926605505,0
0.1556603773584906,0.9174311926605505,0
0.17641509433962255,0.9174311926605505,0
0.19716981132075473,0.9174311926605505,0
0.2179245283018867,0.9174311926605505,0
0.23867924528301887,0.9174311926605505,0
0.25943396226415083,0.9174311926605505,0
0.280188679245283,0.9174311926605505,0
0.30094339622641497,0.9174311926605505,0
0.32169811320754715,0.9174311926605505,0
0.34245283018867934,0.9174311926605505,0
0.3632075471698113,0.9174311926605505,0
0.38396226415094326,0.9174311926605505,0
0.40471698113207566,0.9174311926605505,0
0.4254716981132076,0.9174311926605505,0
0.4462264150943396,0.9174311926605505,0
0.46698113207547154,0.9174311926605505,1
0.48773584905660394,0.9174311926605505,1
0.5084905660377359,0.9174311926605505,1
0.5292452830188679,0.9174311926605505,1
0.5499999999999998,0.9174311926605505,1
0.5707547169811322,0.9174311926605505,1
0.5915094339622642,0.9174311926605505,1
0.6122641509433961,0.9174311926605505,1
0.6330188679245281,0.9174311926605505,1
0.6537735849056605,0.9174311926605505,1
0.6745283018867925,0.9174311926605505,1
0.6952830188679244,0.9174311926605505,1
0.7160377358490564,0.9174311926605505,1
0.7367924528301888,0.9174311926605505,1
0.7575471698113208,0.9174311926605505,1
0.7783018867924527,0.9174311926605505,1
0.7990566037735847,0.9174311926605505,1
0.8198113207547171,0.9174311926605505,1
0.840566037735849,0.9174311926605505,1
0.861320754716981,0.9174311926605505,1
0.882075471698113,0.9174311926605505,1
0.9028301886792454,0.9174311926605505,1
0.9235849056603773,0.9174311926605505,1
0.9443396226415093,0.9174311926605505,1
0.9650943396226412,0.9174311926605505,1
0.9858490566037736,0.9174311926605505,1
1.0066037735849056,0.9174311926605505,1
1.0273584905660376,0.9174311926605505,1
1.04811320754717,0.9174311926605505,1
1.068867924528302,0.9174311926605505,1
1.0896226415094339,0.9174311926605505,1
1.1103773584905658,0.9174311926605505,1
1.1311320754716983,0.9174311926605505,1
1.1518867924528302,0.9174311926605505,1
1.1726415094339622,0.9174311926605505,1
1.1933962264150941,0.9174311926605505,1
1.2141509433962265,0.9174311926605505,1
1.2349056603773585,0.9174311926605505,1
1.2556603773584905,0.9174311926605505,1
1.2764150943396224,0.9174311926605505,1
1.2971698113207548,0.9174311926605505,1
1.3179245283018868,0.9174311926605505,1
1.3386792452830187,0.9174311926605505,1
1.3594339622641507,0.9174311926605505,1
1.380188679245283,0.9174311926605505,1
1.400943396226415,0.9174311926605505,1
1.421698113207547,0.9174311926605505,1
1.442452830188679,0.9174311926605505,1
1.4632075471698114,0.9174311926605505,1
1.4839622641509433,0.9174311926605505,1
1.5047169811320753,0.9174311926605505,1
1.5254716981132073,0.9174311926605505,1
1.5462264150943397,0.9174311926605505,1
1.5669811320754716,0.9174311926605505,1
1.5877358490566036,0.9174311926605505,1
1.6084905660377355,0.9174311926605505,1
1.629245283018868,0.9174311926605505,1
1.65,0.9174311926605505,1
-1.65,0.926605504587156,0
-1.6292452830188677,0.926605504587156,0
-1.6084905660377358,0.926605504587156,0
-1.5877358490566036,0.926605504587156,0
-1.5669811320754716,0.926605504587156,0
-1.5462264150943394,0.926605504587156,0
-1.5254716981132075,0.926605504587156,0
-1.5047169811320753,0.926605504587156,0
-1.4839622641509433,0.926605504587156,0
-1.4632075471698112,0.926605504587156,0
-1.4424528301886792,0.926605504587156,0
-1.421698113207547,0.926605504587156,0
-1.400943396226415,0.926605504587156,0
-1.3801886792452829,0.926605504587156,0
-1.359433962264151,0.926605504587156,0
-1.3386792452830187,0.926605504587156,0
-1.3179245283018868,0.926605504587156,0
-1.2971698113207546,0.926605504587156,0
-1.2764150943396226,0.926605504587156,0
-1.2556603773584905,0.926605504587156,0
-1.2349056603773585,0.926605504587156,0
-1.2141509433962263,0.926605504587156,0
-1.1933962264150944,0.926605504587156,0
-1.1726415094339622,0.926605504587156,0
-1.1518867924528302,0.926605504587156,0
-1.131132075471698,0.926605504587156,0
-1.1103773584905658,0.926605504587156,0
-1.0896226415094339,0.926605504587156,0
-1.068867924528302,0.926605504587156,0
-1.0481132075471697,0.926605504587156,0
-1.0273584905660376,0.926605504587156,0
-1.0066037735849056,0.926605504587156,0
-0.9858490566037735,0.926605504587156,0
-0.9650943396226415,0.926605504587156,0
-0.9443396226415094,0.926605504587156,0
-0.9235849056603773,0.926605504587156,0
-0.9028301886792452,0.926605504587156,0
-0.8820754716981132,0.926605504587156,0
-0.8613207547169811,0.926605504587156,0
-0.840566037735849,0.926605504587156,0
-0.819811320754717,0.926605504587156,0
-0.7990566037735849,0.926605504587156,0
-0.7783018867924528,0.926605504587156,0
-0.7575471698113208,0.926605504587156,0
-0.7367924528301887,0.926605504587156,0
-0.7160377358490566,0.926605504587156,0
-0.6952830188679245,0.926605504587156,0
-0.6745283018867925,0.926605504587156,0
-0.6537735849056603,0.926605504587156,0
-0.6330188679245283,0.926605504587156,0
-0.6122641509433961,0.926605504587156,0
-0.5915094339622642,0.926605504587156,0
-0.570754716981132,0.926605504587156,0
-0.55,0.926605504587156,0
-0.5292452830188679,0.926605504587156,0
-0.5084905660377359,0.926605504587156,0
-0.4877358490566037,0.926605504587156,0
-0.46698113207547176,0.926605504587156,0
-0.4462264150943396,0.926605504587156,0
-0.4254716981132076,0.926605504587156,0
-0.40471698113207544,0.926605504587156,0
-0.3839622641509435,0.926605504587156,0
-0.3632075471698113,0.926605504587156,0
-0.34245283018867934,0.926605504587156,0
-0.32169811320754715,0.926605504587156,0
-0.30094339622641497,0.926605504587156,0
-0.280188679245283,0.926605504587156,0
-0.25943396226415083,0.926605504587156,0
-0.23867924528301887,0.926605504587156,0
-0.2179245283018867,0.926605504587156,0
-0.19716981132075473,0.926605504587156,0
-0.17641509433962255,0.926605504587156,0
-0.1556603773584906,0.926605504587156,0
-0.1349056603773584,0.926605504587156,0
-0.11415094339622645,0.926605504587156,0
-0.09339622641509426,0.926605504587156,0
-0.0726415094339623,0.926605504587156,0
-0.05188679245283012,0.926605504587156,0
-0.031132075471698162,0.926605504587156,0
-0.01037735849056598,0.926605504587156,0
0.01037735849056598,0.926605504587156,0
0.031132075471698162,0.926605504587156,0
0.05188679245283012,0.926605504587156,0
0.0726415094339623,0.926605504587156,0
0.09339622641509426,0.926605504587156,0
0.11415094339622645,0.926605504587156,0
0.1349056603773584,0.926605504587156,0
0.1556603773584906,0.926605504587156,0
0.17641509433962255,0.926605504587156,0
0.19716981132075473,0.926605504587156,0
0.2179245283018867,0.926605504587156,0
0.23867924528301887,0.926605504587156,0
0.25943396226415083,0.926605504587156,0
0.280188679245283,0.926605504587156,0
0.30094339622641497,0.926605504587156,0
0.32169811320754715,0.926605504587156,0
0.34245283018867934,0.926605504587156,0
0.3632075471698113,0.926605504587156,0
0.38396226415094326,0.926605504587156,0
0.40471698113207566,0.926605504587156,0
0.4254716981132076,0.926605504587156,0
0.4462264150943396,0.926605504587156,0
0.46698113207547154,0.926605504587156,1
0.48773584905660394,0.926605504587156,1
0.5084905660377359,0.926605504587156,1
0.5292452830188679,0.926605504587156,1
0.5499999999999998,0.926605504587156,1
0.5707547169811322,0.926605504587156,1
0.5915094339622642,0.926605504587156,1
0.6122641509433961,0.926605504587156,1
0.6330188679245281,0.926605504587156,1
0.6537735849056605,0.926605504587156,1
0.6745283018867925,0.926605504587156,1
0.6952830188679244,0.926605504587156,1
0.7160377358490564,0.926605504587156,1
0.7367924528301888,0.926605504587156,1
0.7575471698113208,0.926605504587156,1
0.7783018867924527,0.926605504587156,1
0.7990566037735847,0.926605504587156,1
0.8198113207547171,0.926605504587156,1
0.840566037735849,0.926605504587156,1
0.861320754716981,0.926605504587156,1
0.882075471698113,0.926605504587156,1
0.9028301886792454,0.926605504587156,1
0.9235849056603773,0.926605504587156,1
0.9443396226415093,0.926605504587156,1
0.9650943396226412,0.926605504587156,1
0.9858490566037736,0.926605504587156,1
1.0066037735849056,0.926605504587156,1
1.0273584905660376,0.926605504587156,1
1.04811320754717,0.926605504587156,1
1.068867924528302,0.926605504587156,1
1.0896226415094339,0.926605504587156,1
1.1103773584905658,0.926605504587156,1
1.1311320754716983,0.926605504587156,1
1.1518867924528302,0.926605504587156,1
1.1726415094339622,0.926605504587156,1
1.1933962264150941,0.926605504587156,1
1.2141509433962265,0.926605504587156,1
1.2349056603773585,0.926605504587156,1
1.2556603773584905,0.926605504587156,1
1.2764150943396224,0.926605504587156,1
1.2971698113207548,0.926605504587156,1
1.3179245283018868,0.926605504587156,1
1.3386792452830187,0.926605504587156,1
1.3594339622641507,0.926605504587156,1
1.380188679245283,0.926605504587156,1
1.400943396226415,0.926605504587156,1
1.421698113207547,0.926605504587156,1
1.442452830188679,0.926605504587156,1
1.4632075471698114,0.926605504587156,1
1.4839622641509433,0.926605504587156,1
1.5047169811320753,0.926605504587156,1
1.5254716981132073,0.926605504587156,1
1.5462264150943397,0.926605504587156,1
1.5669811320754716,0.926605504587156,1
1.5877358490566036,0.926605504587156,1
1.6084905660377355,0.926605504587156,1
1.629245283018868,0.926605504587156,1
1.65,0.926605504587156,1
-1.65,0.9357798165137615,0
-1.6292452830188677,0.9357798165137615,0
-1.6084905660377358,0.9357798165137615,0
-1.5877358490566036,0.9357798165137615,0
-1.5669811320754716,0.9357798165137615,0
-1.5462264150943394,0.9357798165137615,0
-1.5254716981132075,0.9357798165137615,0
-1.5047169811320753,0.9357798165137615,0
-1.4839622641509433,0.9357798165137615,0
-1.4632075471698112,0.9357798165137615,0
-1.4424528301886792,0.9357798165137615,0
-1.421698113207547,0.9357798165137615,0
-1.400943396226415,0.9357798165137615,0
-1.3801886792452829,0.9357798165137615,0
-1.359433962264151,0.9357798165137615,0
-1.3386792452830187,0.9357798165137615,0
-1.3179245283018868,0.9357798165137615,0
-1.2971698113207546,0.9357798165137615,0
-1.2764150943396226,0.9357798165137615,0
-1.2556603773584905,0.9357798165137615,0
-1.2349056603773585,0.9357798165137615,0
-1.2141509433962263,0.9357798165137615,0
-1.1933962264150944,0.9357798165137615,0
-1.1726415094339622,0.9357798165137615,0
-1.1518867924528302,0.9357798165137615,0
-1.131132075471698,0.9357798165137615,0
-1.1103773584905658,0.9357798165137615,0
-1.0896226415094339,0.9357798165137615,0
-1.068867924528302,0.9357798165137615,0
-1.0481132075471697,0.9357798165137615,0
-1.0273584905660376,0.9357798165137615,0
-1.0066037735849056,0.9357798165137615,0
-0.9858490566037735,0.9357798165137615,0
-0.9650943396226415,0.9357798165137615,0
-0.9443396226415094,0.9357798165137615,0
-0.9235849056603773,0.9357798165137615,0
-0.9028301886792452,0.9357798165137615,0
-0.8820754716981132,0.9357798165137615,0
-0.8613207547169811,0.9357798165137615,0
-0.840566037735849,0.9357798165137615,0
-0.819811320754717,0.9357798165137615,0
-0.7990566037735849,0.9357798165137615,0
-0.7783018867924528,0.9357798165137615,0
-0.7575471698113208,0.9357798165137615,0
-0.7367924528301887,0.9357798165137615,0
-0.7160377358490566,0.9357798165137615,0
-0.6952830188679245,0.9357798165137615,0
-0.6745283018867925,0.9357798165137615,0
-0.6537735849056603,0.9357798165137615,0
-0.6330188679245283,0.9357798165137615,0
-0.6122641509433961,0.9357798165137615,0
-0.5915094339622642,0.9357798165137615,0
-0.570754716981132,0.9357798165137615,0
-0.55,0.9357798165137615,0
-0.5292452830188679,0.9357798165137615,0
-0.5084905660377359,0.9357798165137615,0
-0.4877358490566037,0.9357798165137615,0
-0.46698113207547176,0.9357798165137615,0
-0.4462264150943396,0.9357798165137615,0
-0.4254716981132076,0.9357798165137615,0
-0.40471698113207544,0.9357798165137615,0
-0.3839622641509435,0.9357798165137615,0
-0.3632075471698113,0.9357798165137615,0
-0.34245283018867934,0.9357798165137615,0
-0.32169811320754715,0.9357798165137615,0
-0.30094339622641497,0.9357798165137615,0
-0.280188679245283,0.9357798165137615,0
-0.25943396226415083,0.9357798165137615,0
-0.23867924528301887,0.9357798165137615,0
-0.2179245283018867,0.9357798165137615,0
-0.19716981132075473,0.9357798165137615,0
-0.17641509433962255,0.9357798165137615,0
-0.1556603773584906,0.9357798165137615,0
-0.1349056603773584,0.9357798165137615,0
-0.11415094339622645,0.9357798165137615,0
-0.09339622641509426,0.9357798165137615,0
-0.0726415094339623,0.9357798165137615,0
-0.05188679245283012,0.9357798165137615,0
-0.031132075471698162,0.9357798165137615,0
-0.01037735849056598,0.9357798165137615,0
0.01037735849056598,0.9357798165137615,0
0.031132075471698162,0.9357798165137615,0
0.05188679245283012,0.9357798165137615,0
0.0726415094339623,0.9357798165137615,0
0.09339622641509426,0.9357798165137615,0
0.11415094339622645,0.9357798165137615,0
0.1349056603773584,0.9357798165137615,0
0.1556603773584906,0.9357798165137615,0
0.17641509433962255,0.9357798165137615,0
0.19716981132075473,0.9357798165137615,0
0.2179245283018867,0.9357798165137615,0
0.23867924528301887,0.9357798165137615,0
0.25943396226415083,0.9357798165137615,0
0.280188679245283,0.9357798165137615,0
0.30094339622641497,0.9357798165137615,0
0.32169811320754715,0.9357798165137615,0
0.34245283018867934,0.9357798165137615,0
0.3632075471698113,0.9357798165137615,0
0.38396226415094326,0.9357798165137615,0
0.40471698113207566,0.9357798165137615,0
0.4254716981132076,0.9357798165137615,0
0.4462264150943396,0.9357798165137615,0
0.46698113207547154,0.9357798165137615,1
0.48773584905660394,0.9357798165137615,1
0.5084905660377359,0.9357798165137615,1
0.5292452830188679,0.9357798165137615,1
0.5499999999999998,0.9357798165137615,1
0.5707547169811322,0.9357798165137615,1
0.5915094339622642,0.9357798165137615,1
0.6122641509433961,0.9357798165137615,1
0.6330188679245281,0.9357798165137615,1
0.6537735849056605,0.9357798165137615,1
0.6745283018867925,0.9357798165137615,1
0.6952830188679244,0.9357798165137615,1
0.7160377358490564,0.9357798165137615,1
0.7367924528301888,0.9357798165137615,1
0.7575471698113208,0.9357798165137615,1
0.7783018867924527,0.9357798165137615,1
0.7990566037735847,0.9357798165137615,1
0.8198113207547171,0.9357798165137615,1
0.840566037735849,0.9357798165137615,1
0.861320754716981,0.9357798165137615,1
0.882075471698113,0.9357798165137615,1
0.9028301886792454,0.9357798165137615,1
0.9235849056603773,0.9357798165137615,1
0.9443396226415093,0.9357798165137615,1
0.9650943396226412,0.9357798165137615,1
0.9858490566037736,0.9357798165137615,1
1.0066037735849056,0.9357798165137615,1
1.0273584905660376,0.9357798165137615,1
1.04811320754717,0.9357798165137615,1
1.068867924528302,0.9357798165137615,1
1.0896226415094339,0.9357798165137615,1
1.1103773584905658,0.9357798165137615,1
1.1311320754716983,0.9357798165137615,1
1.1518867924528302,0.9357798165137615,1
1.1726415094339622,0.9357798165137615,1
1.1933962264150941,0.9357798165137615,1
1.2141509433962265,0.9357798165137615,1
1.2349056603773585,0.9357798165137615,1
1.2556603773584905,0.9357798165137615,1
1.2764150943396224,0.9357798165137615,1
1.2971698113207548,0.9357798165137615,1
1.3179245283018868,0.9357798165137615,1
1.3386792452830187,0.9357798165137615,1
1.3594339622641507,0.9357798165137615,1
1.380188679245283,0.9357798165137615,1
1.400943396226415,0.9357798165137615,1
1.421698113207547,0.9357798165137615,1
1.442452830188679,0.9357798165137615,1
1.4632075471698114,0.9357798165137615,1
1.4839622641509433,0.9357798165137615,1
1.5047169811320753,0.9357798165137615,1
1.5254716981132073,0.9357798165137615,1
1.5462264150943397,0.9357798165137615,1
1.5669811320754716,0.9357798165137615,1
1.5877358490566036,0.9357798165137615,1
1.6084905660377355,0.9357798165137615,1
1.629245283018868,0.9357798165137615,1
1.65,0.9357798165137615,1
-1.65,0.9449541284403671,0
-1.6292452830188677,0.9449541284403671,0
-1.6084905660377358,0.9449541284403671,0
-1.5877358490566036,0.9449541284403671,0
-1.5669811320754716,0.9449541284403671,0
-1.5462264150943394,0.9449541284403671,0
-1.5254716981132075,0.9449541284403671,0
-1.5047169811320753,0.9449541284403671,0
-1.4839622641509433,0.9449541284403671,0
-1.4632075471698112,0.9449541284403671,0
-1.4424528301886792,0.9449541284403671,0
-1.421698113207547,0.9449541284403671,0
-1.400943396226415,0.9449541284403671,0
-1.3801886792452829,0.9449541284403671,0
-1.359433962264151,0.9449541284403671,0
-1.3386792452830187,0.9449541284403671,0
-1.3179245283018868,0.9449541284403671,0
-1.2971698113207546,0.9449541284403671,0
-1.2764150943396226,0.9449541284403671,0
-1.2556603773584905,0.9449541284403671,0
-1.2349056603773585,0.9449541284403671,0
-1.2141509433962263,0.9449541284403671,0
-1.1933962264150944,0.9449541284403671,0
-1.1726415094339622,0.9449541284403671,0
-1.1518867924528302,0.9449541284403671,0
-1.131132075471698,0.9449541284403671,0
-1.1103773584905658,0.9449541284403671,0
-1.0896226415094339,0.9449541284403671,0
-1.068867924528302,0.9449541284403671,0
-1.0481132075471697,0.9449541284403671,0
-1.0273584905660376,0.9449541284403671,0
-1.0066037735849056,0.9449541284403671,0
-0.9858490566037735,0.9449541284403671,0
-0.9650943396226415,0.9449541284403671,0
-0.9443396226415094,0.9449541284403671,0
-0.9235849056603773,0.9449541284403671,0
-0.9028301886792452,0.9449541284403671,0
-0.8820754716981132,0.9449541284403671,0
-0.8613207547169811,0.9449541284403671,0
-0.840566037735849,0.9449541284403671,0
-0.819811320754717,0.9449541284403671,0
-0.7990566037735849,0.9449541284403671,0
-0.7783018867924528,0.9449541284403671,0
-0.7575471698113208,0.9449541284403671,0
-0.7367924528301887,0.9449541284403671,0
-0.7160377358490566,0.9449541284403671,0
-0.6952830188679245,0.9449541284403671,0
-0.6745283018867925,0.9449541284403671,0
-0.6537735849056603,0.9449541284403671,0
-0.6330188679245283,0.9449541284403671,0
-0.6122641509433961,0.9449541284403671,0
-0.5915094339622642,0.9449541284403671,0
-0.570754716981132,0.9449541284403671,0
-0.55,0.9449541284403671,0
-0.5292452830188679,0.9449541284403671,0
-0.5084905660377359,0.9449541284403671,0
-0.4877358490566037,0.9449541284403671,0
-0.46698113207547176,0.9449541284403671,0
-0.4462264150943396,0.9449541284403671,0
-0.4254716981132076,0.9449541284403671,0
-0.40471698113207544,0.9449541284403671,0
-0.3839622641509435,0.9449541284403671,0
-0.3632075471698113,0.9449541284403671,0
-0.34245283018867934,0.9449541284403671,0
-0.32169811320754715,0.9449541284403671,0
-0.30094339622641497,0.9449541284403671,0
-0.280188679245283,0.9449541284403671,0
-0.25943396226415083,0.9449541284403671,0
-0.23867924528301887,0.9449541284403671,0
-0.2179245283018867,0.9449541284403671,0
-0.19716981132075473,0.9449541284403671,0
-0.17641509433962255,0.9449541284403671,0
-0.1556603773584906,0.9449541284403671,0
-0.1349056603773584,0.9449541284403671,0
-0.11415094339622645,0.9449541284403671,0
-0.09339622641509426,0.9449541284403671,0
-0.0726415094339623,0.9449541284403671,0
-0.05188679245283012,0.9449541284403671,0
-0.031132075471698162,0.9449541284403671,0
-0.01037735849056598,0.9449541284403671,0
0.01037735849056598,0.9449541284403671,0
0.031132075471698162,0.9449541284403671,0
0.05188679245283012,0.9449541284403671,0
0.0726415094339623,0.9449541284403671,0
0.09339622641509426,0.9449541284403671,0
0.11415094339622645,0.9449541284403671,0
0.1349056603773584,0.9449541284403671,0
0.1556603773584906,0.9449541284403671,0
0.17641509433962255,0.9449541284403671,0
0.19716981132075473,0.9449541284403671,0
0.2179245283018867,0.9449541284403671,0
0.23867924528301887,0.9449541284403671,0
0.25943396226415083,0.9449541284403671,0
0.280188679245283,0.9449541284403671,0
0.30094339622641497,0.9449541284403671,0
0.32169811320754715,0.9449541284403671,0
0.34245283018867934,0.9449541284403671,0
0.3632075471698113,0.9449541284403671,0
0.38396226415094326,0.9449541284403671,0
0.40471698113207566,0.9449541284403671,0
0.4254716981132076,0.9449541284403671,0
0.4462264150943396,0.9449541284403671,0
0.46698113207547154,0.9449541284403671,0
0.48773584905660394,0.9449541284403671,1
0.5084905660377359,0.9449541284403671,1
0.5292452830188679,0.9449541284403671,1
0.5499999999999998,0.9449541284403671,1
0.5707547169811322,0.9449541284403671,1
0.5915094339622642,0.9449541284403671,1
0.6122641509433961,0.9449541284403671,1
0.6330188679245281,0.9449541284403671,1
0.6537735849056605,0.9449541284403671,1
0.6745283018867925,0.9449541284403671,1
0.6952830188679244,0.9449541284403671,1
0.7160377358490564,0.9449541284403671,1
0.7367924528301888,0.9449541284403671,1
0.7575471698113208,0.9449541284403671,1
0.7783018867924527,0.9449541284403671,1
0.7990566037735847,0.9449541284403671,1
0.8198113207547171,0.9449541284403671,1
0.840566037735849,0.9449541284403671,1
0.861320754716981,0.9449541284403671,1
0.882075471698113,0.9449541284403671,1
0.9028301886792454,0.9449541284403671,1
0.9235849056603773,0.9449541284403671,1
0.9443396226415093,0.9449541284403671,1
0.9650943396226412,0.9449541284403671,1
0.9858490566037736,0.9449541284403671,1
1.0066037735849056,0.9449541284403671,1
1.0273584905660376,0.9449541284403671,1
1.04811320754717,0.9449541284403671,1
1.068867924528302,0.9449541284403671,1
1.0896226415094339,0.9449541284403671,1
1.1103773584905658,0.9449541284403671,1
1.1311320754716983,0.9449541284403671,1
1.1518867924528302,0.9449541284403671,1
1.1726415094339622,0.9449541284403671,1
1.1933962264150941,0.9449541284403671,1
1.2141509433962265,0.9449541284403671,1
1.2349056603773585,0.9449541284403671,1
1.2556603773584905,0.9449541284403671,1
1.2764150943396224,0.9449541284403671,1
1.2971698113207548,0.9449541284403671,1
1.3179245283018868,0.9449541284403671,1
1.3386792452830187,0.9449541284403671,1
1.3594339622641507,0.9449541284403671,1
1.380188679245283,0.9449541284403671,1
1.400943396226415,0.9449541284403671,1
1.421698113207547,0.9449541284403671,1
1.442452830188679,0.9449541284403671,1
1.4632075471698114,0.9449541284403671,1
1.4839622641509433,0.9449541284403671,1
1.5047169811320753,0.9449541284403671,1
1.5254716981132073,0.9449541284403671,1
1.5462264150943397,0.9449541284403671,1
1.5669811320754716,0.9449541284403671,1
1.5877358490566036,0.9449541284403671,1
1.6084905660377355,0.9449541284403671,1
1.629245283018868,0.9449541284403671,1
1.65,0.9449541284403671,1
-1.65,0.9541284403669725,0
-1.6292452830188677,0.9541284403669725,0
-1.6084905660377358,0.9541284403669725,0
-1.5877358490566036,0.9541284403669725,0
-1.5669811320754716,0.9541284403669725,0
-1.5462264150943394,0.9541284403669725,0
-1.5254716981132075,0.9541284403669725,0
-1.5047169811320753,0.9541284403669725,0
-1.4839622641509433,0.9541284403669725,0
-1.4632075471698112,0.9541284403669725,0
-1.4424528301886792,0.9541284403669725,0
-1.421698113207547,0.9541284403669725,0
-1.400943396226415,0.9541284403669725,0
-1.3801886792452829,0.9541284403669725,0
-1.359433962264151,0.9541284403669725,0
-1.3386792452830187,0.9541284403669725,0
-1.3179245283018868,0.9541284403669725,0
-1.2971698113207546,0.9541284403669725,0
-1.2764150943396226,0.9541284403669725,0
-1.2556603773584905,0.9541284403669725,0
-1.2349056603773585,0.9541284403669725,0
-1.2141509433962263,0.9541284403669725,0
-1.1933962264150944,0.9541284403669725,0
-1.1726415094339622,0.9541284403669725,0
-1.1518867924528302,0.9541284403669725,0
-1.131132075471698,0.9541284403669725,0
-1.1103773584905658,0.9541284403669725,0
-1.0896226415094339,0.9541284403669725,0
-1.068867924528302,0.9541284403669725,0
-1.0481132075471697,0.9541284403669725,0
-1.0273584905660376,0.9541284403669725,0
-1.0066037735849056,0.9541284403669725,0
-0.9858490566037735,0.9541284403669725,0
-0.9650943396226415,0.9541284403669725,0
-0.9443396226415094,0.9541284403669725,0
-0.9235849056603773,0.9541284403669725,0
-0.9028301886792452,0.9541284403669725,0
-0.8820754716981132,0.9541284403669725,0
-0.8613207547169811,0.9541284403669725,0
-0.840566037735849,0.9541284403669725,0
-0.819811320754717,0.9541284403669725,0
-0.7990566037735849,0.9541284403669725,0
-0.7783018867924528,0.9541284403669725,0
-0.7575471698113208,0.9541284403669725,0
-0.7367924528301887,0.9541284403669725,0
-0.7160377358490566,0.9541284403669725,0
-0.6952830188679245,0.9541284403669725,0
-0.6745283018867925,0.9541284403669725,0
-0.6537735849056603,0.9541284403669725,0
-0.6330188679245283,0.9541284403669725,0
-0.6122641509433961,0.9541284403669725,0
-0.5915094339622642,0.9541284403669725,0
-0.570754716981132,0.9541284403669725,0
-0.55,0.9541284403669725,0
-0.5292452830188679,0.9541284403669725,0
-0.5084905660377359,0.9541284403669725,0
-0.4877358490566037,0.9541284403669725,0
-0.46698113207547176,0.9541284403669725,0
-0.4462264150943396,0.9541284403669725,0
-0.4254716981132076,0.9541284403669725,0
-0.40471698113207544,0.9541284403669725,0
-0.3839622641509435,0.9541284403669725,0
-0.3632075471698113,0.9541284403669725,0
-0.34245283018867934,0.9541284403669725,0
-0.32169811320754715,0.9541284403669725,0
-0.30094339622641497,0.9541284403669725,0
-0.280188679245283,0.9541284403669725,0
-0.25943396226415083,0.9541284403669725,0
-0.23867924528301887,0.9541284403669725,0
-0.2179245283018867,0.9541284403669725,0
-0.19716981132075473,0.9541284403669725,0
-0.17641509433962255,0.9541284403669725,0
-0.1556603773584906,0.9541284403669725,0
-0.1349056603773584,0.9541284403669725,0
-0.11415094339622645,0.9541284403669725,0
-0.09339622641509426,0.9541284403669725,0
-0.0726415094339623,0.9541284403669725,0
-0.05188679245283012,0.9541284403669725,0
-0.031132075471698162,0.9541284403669725,0
-0.01037735849056598,0.9541284403669725,0
0.01037735849056598,0.9541284403669725,0
0.031132075471698162,0.9541284403669725,0
0.05188679245283012,0.9541284403669725,0
0.0726415094339623,0.9541284403669725,0
0.09339622641509426,0.9541284403669725,0
0.11415094339622645,0.9541284403669725,0
0.1349056603773584,0.9541284403669725,0
0.1556603773584906,0.9541284403669725,0
0.17641509433962255,0.9541284403669725,0
0.19716981132075473,0.9541284403669725,0
0.2179245283018867,0.9541284403669725,0
0.23867924528301887,0.9541284403669725,0
0.25943396226415083,0.9541284403669725,0
0.280188679245283,0.9541284403669725,0
0.30094339622641497,0.9541284403669725,0
0.32169811320754715,0.9541284403669725,0
0.34245283018867934,0.9541284403669725,0
0.3632075471698113,0.9541284403669725,0
0.38396226415094326,0.9541284403669725,0
0.40471698113207566,0.9541284403669725,0
0.4254716981132076,0.9541284403669725,0
0.4462264150943396,0.9541284403669725,0
0.46698113207547154,0.9541284403669725,0
0.48773584905660394,0.9541284403669725,1
0.5084905660377359,0.9541284403669725,1
0.5292452830188679,0.9541284403669725,1
0.5499999999999998,0.9541284403669725,1
0.5707547169811322,0.9541284403669725,1
0.5915094339622642,0.9541284403669725,1
0.6122641509433961,0.9541284403669725,1
0.6330188679245281,0.9541284403669725,1
0.6537735849056605,0.9541284403669725,1
0.6745283018867925,0.9541284403669725,1
0.6952830188679244,0.9541284403669725,1
0.7160377358490564,0.9541284403669725,1
0.7367924528301888,0.9541284403669725,1
0.7575471698113208,0.9541284403669725,1
0.7783018867924527,0.9541284403669725,1
0.7990566037735847,0.9541284403669725,1
0.8198113207547171,0.9541284403669725,1
0.840566037735849,0.9541284403669725,1
0.861320754716981,0.9541284403669725,1
0.882075471698113,0.9541284403669725,1
0.9028301886792454,0.9541284403669725,1
0.9235849056603773,0.9541284403669725,1
0.9443396226415093,0.9541284403669725,1
0.9650943396226412,0.9541284403669725,1
0.9858490566037736,0.9541284403669725,1
1.0066037735849056,0.9541284403669725,1
1.0273584905660376,0.9541284403669725,1
1.04811320754717,0.9541284403669725,1
1.068867924528302,0.9541284403669725,1
1.0896226415094339,0.9541284403669725,1
1.1103773584905658,0.9541284403669725,1
1.1311320754716983,0.9541284403669725,1
1.1518867924528302,0.9541284403669725,1
1.1726415094339622,0.9541284403669725,1
1.1933962264150941,0.9541284403669725,1
1.2141509433962265,0.9541284403669725,1
1.2349056603773585,0.9541284403669725,1
1.2556603773584905,0.9541284403669725,1
1.2764150943396224,0.9541284403669725,1
1.2971698113207548,0.9541284403669725,1
1.3179245283018868,0.9541284403669725,1
1.3386792452830187,0.9541284403669725,1
1.3594339622641507,0.9541284403669725,1
1.380188679245283,0.9541284403669725,1
1.400943396226415,0.9541284403669725,1
1.421698113207547,0.9541284403669725,1
1.442452830188679,0.9541284403669725,1
1.4632075471698114,0.9541284403669725,1
1.4839622641509433,0.9541284403669725,1
1.5047169811320753,0.9541284403669725,1
1.5254716981132073,0.9541284403669725,1
1.5462264150943397,0.9541284403669725,1
1.5669811320754716,0.9541284403669725,1
1.5877358490566036,0.9541284403669725,1
1.6084905660377355,0.9541284403669725,1
1.629245283018868,0.9541284403669725,1
1.65,0.9541284403669725,1
-1.65,0.963302752293578,0
-1.6292452830188677,0.963302752293578,0
-1.6084905660377358,0.963302752293578,0
-1.5877358490566036,0.963302752293578,0
-1.5669811320754716,0.963302752293578,0
-1.5462264150943394,0.963302752293578,0
-1.5254716981132075,0.963302752293578,0
-1.5047169811320753,0.963302752293578,0
-1.4839622641509433,0.963302752293578,0
-1.4632075471698112,0.963302752293578,0
-1.4424528301886792,0.963302752293578,0
-1.421698113207547,0.963302752293578,0
-1.400943396226415,0.963302752293578,0
-1.3801886792452829,0.963302752293578,0
-1.359433962264151,0.963302752293578,0
-1.3386792452830187,0.963302752293578,0
-1.3179245283018868,0.963302752293578,0
-1.2971698113207546,0.963302752293578,0
-1.2764150943396226,0.963302752293578,0
-1.2556603773584905,0.963302752293578,0
-1.2349056603773585,0.963302752293578,0
-1.2141509433962263,0.963302752293578,0
-1.1933962264150944,0.963302752293578,0
-1.1726415094339622,0.963302752293578,0
-1.1518867924528302,0.963302752293578,0
-1.131132075471698,0.963302752293578,0
-1.1103773584905658,0.963302752293578,0
-1.0896226415094339,0.963302752293578,0
-1.068867924528302,0.963302752293578,0
-1.0481132075471697,0.963302752293578,0
-1.0273584905660376,0.963302752293578,0
-1.0066037735849056,0.963302752293578,0
-0.9858490566037735,0.963302752293578,0
-0.9650943396226415,0.963302752293578,0
-0.9443396226415094,0.963302752293578,0
-0.9235849056603773,0.963302752293578,0
-0.9028301886792452,0.963302752293578,0
-0.8820754716981132,0.963302752293578,0
-0.8613207547169811,0.963302752293578,0
-0.840566037735849,0.963302752293578,0
-0.819811320754717,0.963302752293578,0
-0.7990566037735849,0.963302752293578,0
-0.7783018867924528,0.963302752293578,0
-0.7575471698113208,0.963302752293578,0
-0.7367924528301887,0.963302752293578,0
-0.7160377358490566,0.963302752293578,0
-0.6952830188679245,0.963302752293578,0
-0.6745283018867925,0.963302752293578,0
-0.6537735849056603,0.963302752293578,0
-0.6330188679245283,0.963302752293578,0
-0.6122641509433961,0.963302752293578,0
-0.5915094339622642,0.963302752293578,0
-0.570754716981132,0.963302752293578,0
-0.55,0.963302752293578,0
-0.5292452830188679,0.963302752293578,0
-0.5084905660377359,0.963302752293578,0
-0.4877358490566037,0.963302752293578,0
-0.46698113207547176,0.963302752293578,0
-0.4462264150943396,0.963302752293578,0
-0.4254716981132076,0.963302752293578,0
-0.40471698113207544,0.963302752293578,0
-0.3839622641509435,0.963302752293578,0
-0.3632075471698113,0.963302752293578,0
-0.34245283018867934,0.963302752293578,0
-0.32169811320754715,0.963302752293578,0
-0.30094339622641497,0.963302752293578,0
-0.280188679245283,0.963302752293578,0
-0.25943396226415083,0.963302752293578,0
-0.23867924528301887,0.963302752293578,0
-0.2179245283018867,0.963302752293578,0
-0.19716981132075473,0.963302752293578,0
-0.17641509433962255,0.963302752293578,0
-0.1556603773584906,0.963302752293578,0
-0.1349056603773584,0.963302752293578,0
-0.11415094339622645,0.963302752293578,0
-0.09339622641509426,0.963302752293578,0
-0.0726415094339623,0.963302752293578,0
-0.05188679245283012,0.963302752293578,0
-0.031132075471698162,0.963302752293578,0
-0.01037735849056598,0.963302752293578,0
0.01037735849056598,0.963302752293578,0
0.031132075471698162,0.963302752293578,0
0.05188679245283012,0.963302752293578,0
0.0726415094339623,0.963302752293578,0
0.09339622641509426,0.963302752293578,0
0.11415094339622645,0.963302752293578,0
0.1349056603773584,0.963302752293578,0
0.1556603773584906,0.963302752293578,0
0.17641509433962255,0.963302752293578,0
0.19716981132075473,0.963302752293578,0
0.2179245283018867,0.963302752293578,0
0.23867924528301887,0.963302752293578,0
0.25943396226415083,0.963302752293578,0
0.280188679245283,0.963302752293578,0
0.30094339622641497,0.963302752293578,0
0.32169811320754715,0.963302752293578,0
0.34245283018867934,0.963302752293578,0
0.3632075471698113,0.963302752293578,0
0.38396226415094326,0.963302752293578,0
0.40471698113207566,0.963302752293578,0
0.4254716981132076,0.963302752293578,0
0.4462264150943396,0.963302752293578,0
0.46698113207547154,0.963302752293578,0
0.48773584905660394,0.963302752293578,1
0.5084905660377359,0.963302752293578,1
0.5292452830188679,0.963302752293578,1
0.5499999999999998,0.963302752293578,1
0.5707547169811322,0.963302752293578,1
0.5915094339622642,0.963302752293578,1
0.6122641509433961,0.963302752293578,1
0.6330188679245281,0.963302752293578,1
0.6537735849056605,0.963302752293578,1
0.6745283018867925,0.963302752293578,1
0.6952830188679244,0.963302752293578,1
0.7160377358490564,0.963302752293578,1
0.7367924528301888,0.963302752293578,1
0.7575471698113208,0.963302752293578,1
0.7783018867924527,0.963302752293578,1
0.7990566037735847,0.963302752293578,1
0.8198113207547171,0.963302752293578,1
0.840566037735849,0.963302752293578,1
0.861320754716981,0.963302752293578,1
0.882075471698113,0.963302752293578,1
0.9028301886792454,0.963302752293578,1
0.9235849056603773,0.963302752293578,1
0.9443396226415093,0.963302752293578,1
0.9650943396226412,0.963302752293578,1
0.9858490566037736,0.963302752293578,1
1.0066037735849056,0.963302752293578,1
1.0273584905660376,0.963302752293578,1
1.04811320754717,0.963302752293578,1
1.068867924528302,0.963302752293578,1
1.0896226415094339,0.963302752293578,1
1.1103773584905658,0.963302752293578,1
1.1311320754716983,0.963302752293578,1
1.1518867924528302,0.963302752293578,1
1.1726415094339622,0.963302752293578,1
1.1933962264150941,0.963302752293578,1
1.2141509433962265,0.963302752293578,1
1.2349056603773585,0.963302752293578,1
1.2556603773584905,0.963302752293578,1
1.2764150943396224,0.963302752293578,1
1.2971698113207548,0.963302752293578,1
1.3179245283018868,0.963302752293578,1
1.3386792452830187,0.963302752293578,1
1.3594339622641507,0.963302752293578,1
1.380188679245283,0.963302752293578,1
1.400943396226415,0.963302752293578,1
1.421698113207547,0.963302752293578,1
1.442452830188679,0.963302752293578,1
1.4632075471698114,0.963302752293578,1
1.4839622641509433,0.963302752293578,1
1.5047169811320753,0.963302752293578,1
1.5254716981132073,0.963302752293578,1
1.5462264150943397,0.963302752293578,1
1.5669811320754716,0.963302752293578,1
1.5877358490566036,0.963302752293578,1
1.6084905660377355,0.963302752293578,1
1.629245283018868,0.963302752293578,1
1.65,0.963302752293578,1
-1.65,0.9724770642201835,0
-1.6292452830188677,0.9724770642201835,0
-1.6084905660377358,0.9724770642201835,0
-1.5877358490566036,0.9724770642201835,0
-1.5669811320754716,0.9724770642201835,0
-1.5462264150943394,0.9724770642201835,0
-1.5254716981132075,0.9724770642201835,0
-1.5047169811320753,0.9724770642201835,0
-1.4839622641509433,0.9724770642201835,0
-1.4632075471698112,0.9724770642201835,0
-1.4424528301886792,0.9724770642201835,0
-1.421698113207547,0.9724770642201835,0
-1.400943396226415,0.9724770642201835,0
-1.3801886792452829,0.9724770642201835,0
-1.359433962264151,0.9724770642201835,0
-1.3386792452830187,0.9724770642201835,0
-1.3179245283018868,0.9724770642201835,0
-1.2971698113207546,0.9724770642201835,0
-1.2764150943396226,0.9724770642201835,0
-1.2556603773584905,0.9724770642201835,0
-1.2349056603773585,0.9724770642201835,0
-1.2141509433962263,0.9724770642201835,0
-1.1933962264150944,0.9724770642201835,0
-1.1726415094339622,0.9724770642201835,0
-1.1518867924528302,0.9724770642201835,0
-1.131132075471698,0.9724770642201835,0
-1.1103773584905658,0.9724770642201835,0
-1.0896226415094339,0.9724770642201835,0
-1.068867924528302,0.9724770642201835,0
-1.0481132075471697,0.9724770642201835,0
-1.0273584905660376,0.9724770642201835,0
-1.0066037735849056,0.9724770642201835,0
-0.9858490566037735,0.9724770642201835,0
-0.9650943396226415,0.9724770642201835,0
-0.9443396226415094,0.9724770642201835,0
-0.9235849056603773,0.9724770642201835,0
-0.9028301886792452,0.9724770642201835,0
-0.8820754716981132,0.9724770642201835,0
-0.8613207547169811,0.9724770642201835,0
-0.840566037735849,0.9724770642201835,0
-0.819811320754717,0.9724770642201835,0
-0.7990566037735849,0.9724770642201835,0
-0.7783018867924528,0.9724770642201835,0
-0.7575471698113208,0.9724770642201835,0
-0.7367924528301887,0.9724770642201835,0
-0.7160377358490566,0.9724770642201835,0
-0.6952830188679245,0.9724770642201835,0
-0.6745283018867925,0.9724770642201835,0
-0.6537735849056603,0.9724770642201835,0
-0.6330188679245283,0.9724770642201835,0
-0.6122641509433961,0.9724770642201835,0
-0.5915094339622642,0.9724770642201835,0
-0.570754716981132,0.9724770642201835,0
-0.55,0.9724770642201835,0
-0.5292452830188679,0.9724770642201835,0
-0.5084905660377359,0.9724770642201835,0
-0.4877358490566037,0.9724770642201835,0
-0.46698113207547176,0.9724770642201835,0
-0.4462264150943396,0.9724770642201835,0
-0.4254716981132076,0.9724770642201835,0
-0.40471698113207544,0.9724770642201835,0
-0.3839622641509435,0.9724770642201835,0
-0.3632075471698113,0.9724770642201835,0
-0.34245283018867934,0.9724770642201835,0
-0.32169811320754715,0.9724770642201835,0
-0.30094339622641497,0.9724770642201835,0
-0.280188679245283,0.9724770642201835,0
-0.25943396226415083,0.9724770642201835,0
-0.23867924528301887,0.9724770642201835,0
-0.2179245283018867,0.9724770642201835,0
-0.19716981132075473,0.9724770642201835,0
-0.17641509433962255,0.9724770642201835,0
-0.1556603773584906,0.9724770642201835,0
-0.1349056603773584,0.9724770642201835,0
-0.11415094339622645,0.9724770642201835,0
-0.09339622641509426,0.9724770642201835,0
-0.0726415094339623,0.9724770642201835,0
-0.05188679245283012,0.9724770642201835,0
-0.031132075471698162,0.9724770642201835,0
-0.01037735849056598,0.9724770642201835,0
0.01037735849056598,0.9724770642201835,0
0.031132075471698162,0.9724770642201835,0
0.05188679245283012,0.9724770642201835,0
0.0726415094339623,0.9724770642201835,0
0.09339622641509426,0.9724770642201835,0
0.11415094339622645,0.9724770642201835,0
0.1349056603773584,0.9724770642201835,0
0.1556603773584906,0.9724770642201835,0
0.17641509433962255,0.9724770642201835,0
0.19716981132075473,0.9724770642201835,0
0.2179245283018867,0.9724770642201835,0
0.23867924528301887,0.9724770642201835,0
0.25943396226415083,0.9724770642201835,0
0.280188679245283,0.9724770642201835,0
0.30094339622641497,0.9724770642201835,0
0.32169811320754715,0.9724770642201835,0
0.34245283018867934,0.9724770642201835,0
0.3632075471698113,0.9724770642201835,0
0.38396226415094326,0.9724770642201835,0
0.40471698113207566,0.9724770642201835,0
0.4254716981132076,0.9724770642201835,0
0.4462264150943396,0.9724770642201835,0
0.46698113207547154,0.9724770642201835,0
0.48773584905660394,0.9724770642201835,1
0.5084905660377359,0.9724770642201835,1
0.5292452830188679,0.9724770642201835,1
0.5499999999999998,0.9724770642201835,1
0.5707547169811322,0.9724770642201835,1
0.5915094339622642,0.9724770642201835,1
0.6122641509433961,0.9724770642201835,1
0.6330188679245281,0.9724770642201835,1
0.6537735849056605,0.9724770642201835,1
0.6745283018867925,0.9724770642201835,1
0.6952830188679244,0.9724770642201835,1
0.7160377358490564,0.9724770642201835,1
0.7367924528301888,0.9724770642201835,1
0.7575471698113208,0.9724770642201835,1
0.7783018867924527,0.9724770642201835,1
0.7990566037735847,0.9724770642201835,1
0.8198113207547171,0.9724770642201835,1
0.840566037735849,0.9724770642201835,1
0.861320754716981,0.9724770642201835,1
0.882075471698113,0.9724770642201835,1
0.9028301886792454,0.9724770642201835,1
0.9235849056603773,0.9724770642201835,1
0.9443396226415093,0.9724770642201835,1
0.9650943396226412,0.9724770642201835,1
0.9858490566037736,0.9724770642201835,1
1.0066037735849056,0.9724770642201835,1
1.0273584905660376,0.9724770642201835,1
1.04811320754717,0.9724770642201835,1
1.068867924528302,0.9724770642201835,1
1.0896226415094339,0.9724770642201835,1
1.1103773584905658,0.9724770642201835,1
1.1311320754716983,0.9724770642201835,1
1.1518867924528302,0.9724770642201835,1
1.1726415094339622,0.9724770642201835,1
1.1933962264150941,0.9724770642201835,1
1.2141509433962265,0.9724770642201835,1
1.2349056603773585,0.9724770642201835,1
1.2556603773584905,0.9724770642201835,1
1.2764150943396224,0.9724770642201835,1
1.2971698113207548,0.9724770642201835,1
1.3179245283018868,0.9724770642201835,1
1.3386792452830187,0.9724770642201835,1
1.3594339622641507,0.9724770642201835,1
1.380188679245283,0.9724770642201835,1
1.400943396226415,0.9724770642201835,1
1.421698113207547,0.9724770642201835,1
1.442452830188679,0.9724770642201835,1
1.4632075471698114,0.9724770642201835,1
1.4839622641509433,0.9724770642201835,1
1.5047169811320753,0.9724770642201835,1
1.5254716981132073,0.9724770642201835,1
1.5462264150943397,0.9724770642201835,1
1.5669811320754716,0.9724770642201835,1
1.5877358490566036,0.9724770642201835,1
1.6084905660377355,0.9724770642201835,1
1.629245283018868,0.9724770642201835,1
1.65,0.9724770642201835,1
-1.65,0.9816513761467891,0
-1.6292452830188677,0.9816513761467891,0
-1.6084905660377358,0.9816513761467891,0
-1.5877358490566036,0.9816513761467891,0
-1.5669811320754716,0.9816513761467891,0
-1.5462264150943394,0.9816513761467891,0
-1.5254716981132075,0.9816513761467891,0
-1.5047169811320753,0.9816513761467891,0
-1.4839622641509433,0.9816513761467891,0
-1.4632075471698112,0.9816513761467891,0
-1.4424528301886792,0.9816513761467891,0
-1.421698113207547,0.9816513761467891,0
-1.400943396226415,0.9816513761467891,0
-1.3801886792452829,0.9816513761467891,0
-1.359433962264151,0.9816513761467891,0
-1.3386792452830187,0.9816513761467891,0
-1.3179245283018868,0.9816513761467891,0
-1.2971698113207546,0.9816513761467891,0
-1.2764150943396226,0.9816513761467891,0
-1.2556603773584905,0.9816513761467891,0
-1.2349056603773585,0.9816513761467891,0
-1.2141509433962263,0.9816513761467891,0
-1.1933962264150944,0.9816513761467891,0
-1.1726415094339622,0.9816513761467891,0
-1.1518867924528302,0.9816513761467891,0
-1.131132075471698,0.9816513761467891,0
-1.1103773584905658,0.9816513761467891,0
-1.0896226415094339,0.9816513761467891,0
-1.068867924528302,0.9816513761467891,0
-1.0481132075471697,0.9816513761467891,0
-1.0273584905660376,0.9816513761467891,0
-1.0066037735849056,0.9816513761467891,0
-0.9858490566037735,0.9816513761467891,0
-0.9650943396226415,0.9816513761467891,0
-0.9443396226415094,0.9816513761467891,0
-0.9235849056603773,0.9816513761467891,0
-0.9028301886792452,0.9816513761467891,0
-0.8820754716981132,0.9816513761467891,0
-0.8613207547169811,0.9816513761467891,0
-0.840566037735849,0.9816513761467891,0
-0.819811320754717,0.9816513761467891,0
-0.7990566037735849,0.9816513761467891,0
-0.7783018867924528,0.9816513761467891,0
-0.7575471698113208,0.9816513761467891,0
-0.7367924528301887,0.9816513761467891,0
-0.7160377358490566,0.9816513761467891,0
-0.6952830188679245,0.9816513761467891,0
-0.6745283018867925,0.9816513761467891,0
-0.6537735849056603,0.9816513761467891,0
-0.6330188679245283,0.9816513761467891,0
-0.6122641509433961,0.9816513761467891,0
-0.5915094339622642,0.9816513761467891,0
-0.570754716981132,0.9816513761467891,0
-0.55,0.9816513761467891,0
-0.5292452830188679,0.9816513761467891,0
-0.5084905660377359,0.9816513761467891,0
-0.4877358490566037,0.9816513761467891,0
-0.46698113207547176,0.9816513761467891,0
-0.4462264150943396,0.9816513761467891,0
-0.4254716981132076,0.9816513761467891,0
-0.40471698113207544,0.9816513761467891,0
-0.3839622641509435,0.9816513761467891,0
-0.3632075471698113,0.9816513761467891,0
-0.34245283018867934,0.9816513761467891,0
-0.32169811320754715,0.9816513761467891,0
-0.30094339622641497,0.9816513761467891,0
-0.280188679245283,0.9816513761467891,0
-0.25943396226415083,0.9816513761467891,0
-0.23867924528301887,0.9816513761467891,0
-0.2179245283018867,0.9816513761467891,0
-0.19716981132075473,0.9816513761467891,0
-0.17641509433962255,0.9816513761467891,0
-0.1556603773584906,0.9816513761467891,0
-0.1349056603773584,0.9816513761467891,0
-0.11415094339622645,0.9816513761467891,0
-0.09339622641509426,0.9816513761467891,0
-0.0726415094339623,0.9816513761467891,0
-0.05188679245283012,0.9816513761467891,0
-0.031132075471698162,0.9816513761467891,0
-0.01037735849056598,0.9816513761467891,0
0.01037735849056598,0.9816513761467891,0
0.031132075471698162,0.9816513761467891,0
0.05188679245283012,0.9816513761467891,0
0.0726415094339623,0.9816513761467891,0
0.09339622641509426,0.9816513761467891,0
0.11415094339622645,0.9816513761467891,0
0.1349056603773584,0.9816513761467891,0
0.1556603773584906,0.9816513761467891,0
0.17641509433962255,0.9816513761467891,0
0.19716981132075473,0.9816513761467891,0
0.2179245283018867,0.9816513761467891,0
0.23867924528301887,0.9816513761467891,0
0.25943396226415083,0.9816513761467891,0
0.280188679245283,0.9816513761467891,0
0.30094339622641497,0.9816513761467891,0
0.32169811320754715,0.9816513761467891,0
0.34245283018867934,0.9816513761467891,0
0.3632075471698113,0.9816513761467891,0
0.38396226415094326,0.9816513761467891,0
0.40471698113207566,0.9816513761467891,0
0.4254716981132076,0.9816513761467891,0
0.4462264150943396,0.9816513761467891,0
0.46698113207547154,0.9816513761467891,0
0.48773584905660394,0.9816513761467891,1
0.5084905660377359,0.9816513761467891,1
0.5292452830188679,0.9816513761467891,1
0.5499999999999998,0.9816513761467891,1
0.5707547169811322,0.9816513761467891,1
0.5915094339622642,0.9816513761467891,1
0.6122641509433961,0.9816513761467891,1
0.6330188679245281,0.9816513761467891,1
0.6537735849056605,0.9816513761467891,1
0.6745283018867925,0.9816513761467891,1
0.6952830188679244,0.9816513761467891,1
0.7160377358490564,0.9816513761467891,1
0.7367924528301888,0.9816513761467891,1
0.7575471698113208,0.9816513761467891,1
0.7783018867924527,0.9816513761467891,1
0.7990566037735847,0.9816513761467891,1
0.8198113207547171,0.9816513761467891,1
0.840566037735849,0.9816513761467891,1
0.861320754716981,0.9816513761467891,1
0.882075471698113,0.9816513761467891,1
0.9028301886792454,0.9816513761467891,1
0.9235849056603773,0.9816513761467891,1
0.9443396226415093,0.9816513761467891,1
0.9650943396226412,0.9816513761467891,1
0.9858490566037736,0.9816513761467891,1
1.0066037735849056,0.9816513761467891,1
1.0273584905660376,0.9816513761467891,1
1.04811320754717,0.9816513761467891,1
1.068867924528302,0.9816513761467891,1
1.0896226415094339,0.9816513761467891,1
1.1103773584905658,0.9816513761467891,1
1.1311320754716983,0.9816513761467891,1
1.1518867924528302,0.9816513761467891,1
1.1726415094339622,0.9816513761467891,1
1.1933962264150941,0.9816513761467891,1
1.2141509433962265,0.9816513761467891,1
1.2349056603773585,0.9816513761467891,1
1.2556603773584905,0.9816513761467891,1
1.2764150943396224,0.9816513761467891,1
1.2971698113207548,0.9816513761467891,1
1.3179245283018868,0.9816513761467891,1
1.3386792452830187,0.9816513761467891,1
1.3594339622641507,0.9816513761467891,1
1.380188679245283,0.9816513761467891,1
1.400943396226415,0.9816513761467891,1
1.421698113207547,0.9816513761467891,1
1.442452830188679,0.9816513761467891,1
1.4632075471698114,0.9816513761467891,1
1.4839622641509433,0.9816513761467891,1
1.5047169811320753,0.9816513761467891,1
1.5254716981132073,0.9816513761467891,1
1.5462264150943397,0.9816513761467891,1
1.5669811320754716,0.9816513761467891,1
1.5877358490566036,0.9816513761467891,1
1.6084905660377355,0.9816513761467891,1
1.629245283018868,0.9816513761467891,1
1.65,0.9816513761467891,1
-1.65,0.9908256880733946,0
-1.6292452830188677,0.9908256880733946,0
-1.6084905660377358,0.9908256880733946,0
-1.5877358490566036,0.9908256880733946,0
-1.5669811320754716,0.9908256880733946,0
-1.5462264150943394,0.9908256880733946,0
-1.5254716981132075,0.9908256880733946,0
-1.5047169811320753,0.9908256880733946,0
-1.4839622641509433,0.9908256880733946,0
-1.4632075471698112,0.9908256880733946,0
-1.4424528301886792,0.9908256880733946,0
-1.421698113207547,0.9908256880733946,0
-1.400943396226415,0.9908256880733946,0
-1.3801886792452829,0.9908256880733946,0
-1.359433962264151,0.9908256880733946,0
-1.3386792452830187,0.9908256880733946,0
-1.3179245283018868,0.9908256880733946,0
-1.2971698113207546,0.9908256880733946,0
-1.2764150943396226,0.9908256880733946,0
-1.2556603773584905,0.9908256880733946,0
-1.2349056603773585,0.9908256880733946,0
-1.2141509433962263,0.9908256880733946,0
-1.1933962264150944,0.9908256880733946,0
-1.1726415094339622,0.9908256880733946,0
-1.1518867924528302,0.9908256880733946,0
-1.131132075471698,0.9908256880733946,0
-1.1103773584905658,0.9908256880733946,0
-1.0896226415094339,0.9908256880733946,0
-1.068867924528302,0.9908256880733946,0
-1.0481132075471697,0.9908256880733946,0
-1.0273584905660376,0.9908256880733946,0
-1.0066037735849056,0.9908256880733946,0
-0.9858490566037735,0.9908256880733946,0
-0.9650943396226415,0.9908256880733946,0
-0.9443396226415094,0.9908256880733946,0
-0.9235849056603773,0.9908256880733946,0
-0.9028301886792452,0.9908256880733946,0
-0.8820754716981132,0.9908256880733946,0
-0.8613207547169811,0.9908256880733946,0
-0.840566037735849,0.9908256880733946,0
-0.819811320754717,0.9908256880733946,0
-0.7990566037735849,0.9908256880733946,0
-0.7783018867924528,0.9908256880733946,0
-0.7575471698113208,0.9908256880733946,0
-0.7367924528301887,0.9908256880733946,0
-0.7160377358490566,0.9908256880733946,0
-0.6952830188679245,0.9908256880733946,0
-0.6745283018867925,0.9908256880733946,0
-0.6537735849056603,0.9908256880733946,0
-0.6330188679245283,0.9908256880733946,0
-0.6122641509433961,0.9908256880733946,0
-0.5915094339622642,0.9908256880733946,0
-0.570754716981132,0.9908256880733946,0
-0.55,0.9908256880733946,0
-0.5292452830188679,0.9908256880733946,0
-0.5084905660377359,0.9908256880733946,0
-0.4877358490566037,0.9908256880733946,0
-0.46698113207547176,0.9908256880733946,0
-0.4462264150943396,0.9908256880733946,0
-0.4254716981132076,0.9908256880733946,0
-0.40471698113207544,0.9908256880733946,0
-0.3839622641509435,0.9908256880733946,0
-0.3632075471698113,0.9908256880733946,0
-0.34245283018867934,0.9908256880733946,0
-0.32169811320754715,0.9908256880733946,0
-0.30094339622641497,0.9908256880733946,0
-0.280188679245283,0.9908256880733946,0
-0.25943396226415083,0.9908256880733946,0
-0.23867924528301887,0.9908256880733946,0
-0.2179245283018867,0.9908256880733946,0
-0.19716981132075473,0.9908256880733946,0
-0.17641509433962255,0.9908256880733946,0
-0.1556603773584906,0.9908256880733946,0
-0.1349056603773584,0.9908256880733946,0
-0.11415094339622645,0.9908256880733946,0
-0.09339622641509426,0.9908256880733946,0
-0.0726415094339623,0.9908256880733946,0
-0.05188679245283012,0.9908256880733946,0
-0.031132075471698162,0.9908256880733946,0
-0.01037735849056598,0.9908256880733946,0
0.01037735849056598,0.9908256880733946,0
0.031132075471698162,0.9908256880733946,0
0.05188679245283012,0.9908256880733946,0
0.0726415094339623,0.9908256880733946,0
0.09339622641509426,0.9908256880733946,0
0.11415094339622645,0.9908256880733946,0
0.1349056603773584,0.9908256880733946,0
0.1556603773584906,0.9908256880733946,0
0.17641509433962255,0.9908256880733946,0
0.19716981132075473,0.9908256880733946,0
0.2179245283018867,0.9908256880733946,0
0.23867924528301887,0.9908256880733946,0
0.25943396226415083,0.9908256880733946,0
0.280188679245283,0.9908256880733946,0
0.30094339622641497,0.9908256880733946,0
0.32169811320754715,0.9908256880733946,0
0.34245283018867934,0.9908256880733946,0
0.3632075471698113,0.9908256880733946,0
0.38396226415094326,0.9908256880733946,0
0.40471698113207566,0.9908256880733946,0
0.4254716981132076,0.9908256880733946,0
0.4462264150943396,0.9908256880733946,0
0.46698113207547154,0.9908256880733946,0
0.48773584905660394,0.9908256880733946,1
0.5084905660377359,0.9908256880733946,1
0.5292452830188679,0.9908256880733946,1
0.5499999999999998,0.9908256880733946,1
0.5707547169811322,0.9908256880733946,1
0.5915094339622642,0.9908256880733946,1
0.6122641509433961,0.9908256880733946,1
0.6330188679245281,0.9908256880733946,1
0.6537735849056605,0.9908256880733946,1
0.6745283018867925,0.9908256880733946,1
0.6952830188679244,0.9908256880733946,1
0.7160377358490564,0.9908256880733946,1
0.7367924528301888,0.9908256880733946,1
0.7575471698113208,0.9908256880733946,1
0.7783018867924527,0.9908256880733946,1
0.7990566037735847,0.9908256880733946,1
0.8198113207547171,0.9908256880733946,1
0.840566037735849,0.9908256880733946,1
0.861320754716981,0.9908256880733946,1
0.882075471698113,0.9908256880733946,1
0.9028301886792454,0.9908256880733946,1
0.9235849056603773,0.9908256880733946,1
0.9443396226415093,0.9908256880733946,1
0.9650943396226412,0.9908256880733946,1
0.9858490566037736,0.9908256880733946,1
1.0066037735849056,0.9908256880733946,1
1.0273584905660376,0.9908256880733946,1
1.04811320754717,0.9908256880733946,1
1.068867924528302,0.9908256880733946,1
1.0896226415094339,0.9908256880733946,1
1.1103773584905658,0.9908256880733946,1
1.1311320754716983,0.9908256880733946,1
1.1518867924528302,0.9908256880733946,1
1.1726415094339622,0.9908256880733946,1
1.1933962264150941,0.9908256880733946,1
1.2141509433962265,0.9908256880733946,1
1.2349056603773585,0.9908256880733946,1
1.2556603773584905,0.9908256880733946,1
1.2764150943396224,0.9908256880733946,1
1.2971698113207548,0.9908256880733946,1
1.3179245283018868,0.9908256880733946,1
1.3386792452830187,0.9908256880733946,1
1.3594339622641507,0.9908256880733946,1
1.380188679245283,0.9908256880733946,1
1.400943396226415,0.9908256880733946,1
1.421698113207547,0.9908256880733946,1
1.442452830188679,0.9908256880733946,1
1.4632075471698114,0.9908256880733946,1
1.4839622641509433,0.9908256880733946,1
1.5047169811320753,0.9908256880733946,1
1.5254716981132073,0.9908256880733946,1
1.5462264150943397,0.9908256880733946,1
1.5669811320754716,0.9908256880733946,1
1.5877358490566036,0.9908256880733946,1
1.6084905660377355,0.9908256880733946,1
1.629245283018868,0.9908256880733946,1
1.65,0.9908256880733946,1
-1.65,1.0,0
-1.6292452830188677,1.0,0
-1.6084905660377358,1.0,0
-1.5877358490566036,1.0,0
-1.5669811320754716,1.0,0
-1.5462264150943394,1.0,0
-1.5254716981132075,1.0,0
-1.5047169811320753,1.0,0
-1.4839622641509433,1.0,0
-1.4632075471698112,1.0,0
-1.4424528301886792,1.0,0
-1.421698113207547,1.0,0
-1.400943396226415,1.0,0
-1.3801886792452829,1.0,0
-1.359433962264151,1.0,0
-1.3386792452830187,1.0,0
-1.3179245283018868,1.0,0
-1.2971698113207546,1.0,0
-1.2764150943396226,1.0,0
-1.2556603773584905,1.0,0
-1.2349056603773585,1.0,0
-1.2141509433962263,1.0,0
-1.1933962264150944,1.0,0
-1.1726415094339622,1.0,0
-1.1518867924528302,1.0,0
-1.131132075471698,1.0,0
-1.1103773584905658,1.0,0
-1.0896226415094339,1.0,0
-1.068867924528302,1.0,0
-1.0481132075471697,1.0,0
-1.0273584905660376,1.0,0
-1.0066037735849056,1.0,0
-0.9858490566037735,1.0,0
-0.9650943396226415,1.0,0
-0.9443396226415094,1.0,0
-0.9235849056603773,1.0,0
-0.9028301886792452,1.0,0
-0.8820754716981132,1.0,0
-0.8613207547169811,1.0,0
-0.840566037735849,1.0,0
-0.819811320754717,1.0,0
-0.7990566037735849,1.0,0
-0.7783018867924528,1.0,0
-0.7575471698113208,1.0,0
-0.7367924528301887,1.0,0
-0.7160377358490566,1.0,0
-0.6952830188679245,1.0,0
-0.6745283018867925,1.0,0
-0.6537735849056603,1.0,0
-0.6330188679245283,1.0,0
-0.6122641509433961,1.0,0
-0.5915094339622642,1.0,0
-0.570754716981132,1.0,0
-0.55,1.0,0
-0.5292452830188679,1.0,0
-0.5084905660377359,1.0,0
-0.4877358490566037,1.0,0
-0.46698113207547176,1.0,0
-0.4462264150943396,1.0,0
-0.4254716981132076,1.0,0
-0.40471698113207544,1.0,0
-0.3839622641509435,1.0,0
-0.3632075471698113,1.0,0
-0.34245283018867934,1.0,0
-0.32169811320754715,1.0,0
-0.30094339622641497,1.0,0
-0.280188679245283,1.0,0
-0.25943396226415083,1.0,0
-0.23867924528301887,1.0,0
-0.2179245283018867,1.0,0
-0.19716981132075473,1.0,0
-0.17641509433962255,1.0,0
-0.1556603773584906,1.0,0
-0.1349056603773584,1.0,0
-0.11415094339622645,1.0,0
-0.09339622641509426,1.0,0
-0.0726415094339623,1.0,0
-0.05188679245283012,1.0,0
-0.031132075471698162,1.0,0
-0.01037735849056598,1.0,0
0.01037735849056598,1.0,0
0.031132075471698162,1.0,0
0.05188679245283012,1.0,0
0.0726415094339623,1.0,0
0.09339622641509426,1.0,0
0.11415094339622645,1.0,0
0.1349056603773584,1.0,0
0.1556603773584906,1.0,0
0.17641509433962255,1.0,0
0.19716981132075473,1.0,0
0.2179245283018867,1.0,0
0.23867924528301887,1.0,0
0.25943396226415083,1.0,0
0.280188679245283,1.0,0
0.30094339622641497,1.0,0
0.32169811320754715,1.0,0
0.34245283018867934,1.0,0
0.3632075471698113,1.0,0
0.38396226415094326,1.0,0
0.40471698113207566,1.0,0
0.4254716981132076,1.0,0
0.4462264150943396,1.0,0
0.46698113207547154,1.0,0
0.48773584905660394,1.0,1
0.5084905660377359,1.0,1
0.5292452830188679,1.0,1
0.5499999999999998,1.0,1
0.5707547169811322,1.0,1
0.5915094339622642,1.0,1
0.6122641509433961,1.0,1
0.6330188679245281,1.0,1
0.6537735849056605,1.0,1
0.6745283018867925,1.0,1
0.6952830188679244,1.0,1
0.7160377358490564,1.0,1
0.7367924528301888,1.0,1
0.7575471698113208,1.0,1
0.7783018867924527,1.0,1
0.7990566037735847,1.0,1
0.8198113207547171,1.0,1
0.840566037735849,1.0,1
0.861320754716981,1.0,1
0.882075471698113,1.0,1
0.9028301886792454,1.0,1
0.9235849056603773,1.0,1
0.9443396226415093,1.0,1
0.9650943396226412,1.0,1
0.9858490566037736,1.0,1
1.0066037735849056,1.0,1
1.0273584905660376,1.0,1
1.04811320754717,1.0,1
1.068867924528302,1.0,1
1.0896226415094339,1.0,1
1.1103773584905658,1.0,1
1.1311320754716983,1.0,1
1.1518867924528302,1.0,1
1.1726415094339622,1.0,1
1.1933962264150941,1.0,1
1.2141509433962265,1.0,1
1.2349056603773585,1.0,1
1.2556603773584905,1.0,1
1.2764150943396224,1.0,1
1.2971698113207548,1.0,1
1.3179245283018868,1.0,1
1.3386792452830187,1.0,1
1.3594339622641507,1.0,1
1.380188679245283,1.0,1
1.400943396226415,1.0,1
1.421698113207547,1.0,1
1.442452830188679,1.0,1
1.4632075471698114,1.0,1
1.4839622641509433,1.0,1
1.5047169811320753,1.0,1
1.5254716981132073,1.0,1
1.5462264150943397,1.0,1
1.5669811320754716,1.0,1
1.5877358490566036,1.0,1
1.6084905660377355,1.0,1
1.629245283018868,1.0,1
1.65,1.0,1
