policy,aid,nu,time,z,u_A,u_B,q,adoption_share
Benchmark guidance,0.49375703110218444,1.2149831253547574,0.0,1.25,0.08,0.08,0.0,0.9241418199787566
Benchmark guidance,0.49375703110218444,1.2149831253547574,0.05,1.2084786379364116,0.1144058557645988,0.09581145292514204,0.006341276225641835,0.9181112743606096
Benchmark guidance,0.49375703110218444,1.2149831253547574,0.1,1.1730413715228587,0.14602383355456555,0.11055765860104584,0.01264294040809738,0.9126223590524856
Benchmark guidance,0.49375703110218444,1.2149831253547574,0.15000000000000002,1.1423832781015264,0.17509600387273738,0.1243162861293002,0.018908483441893147,0.9076075290394885
Benchmark guidance,0.49375703110218444,1.2149831253547574,0.2,1.1155544576891812,0.20184043049473166,0.1371582969928924,0.025140963584671473,0.9030085258141897
Benchmark guidance,0.49375703110218444,1.2149831253547574,0.25,1.0918459247766092,0.2264540561039852,0.14914868258744546,0.03134306738257716,0.8987754445575077
Benchmark guidance,0.49375703110218444,1.2149831253547574,0.30000000000000004,1.0707171592224793,0.24911516877378284,0.16034710388286325,0.03751716338787443,0.8948656292310173
Benchmark guidance,0.49375703110218444,1.2149831253547574,0.35000000000000003,1.0517484863516116,0.26998551481661703,0.17080844502549164,0.04366534835029174,0.8912426017045267
Benchmark guidance,0.49375703110218444,1.2149831253547574,0.4,1.0346088466506305,0.2892121152368512,0.18058329280392835,0.04978948633423462,0.8878751041684423
Benchmark guidance,0.49375703110218444,1.2149831253547574,0.45,1.0190334084023625,0.3069288361835628,0.18971835396904888,0.05589124179530697,0.8847362723770793
Benchmark guidance,0.49375703110218444,1.2149831253547574,0.5,1.0048076782926858,0.3232577525043612,0.19825681944769077,0.06197210732607745,0.8818029380346987
Benchmark guidance,0.49375703110218444,1.2149831253547574,0.55,0.9917559963683945,0.3383103382043329,0.20623868403752618,0.0680334269998273,0.8790550449414528
Benchmark guidance,0.49375703110218444,1.2149831253547574,0.6000000000000001,0.9797330547409142,0.3521885117724364,0.21370102884713912,0.07407641613769253,0.8764751616193777
Benchmark guidance,0.49375703110218444,1.2149831253547574,0.65,0.9686175583018007,0.36498555665361115,0.22067827122000144,0.08010217789571433,0.8740480775611562
Benchmark guidance,0.49375703110218444,1.2149831253547574,0.7000000000000001,0.9583074119148917,0.3767869363930912,0.22720238751541494,0.08611171736405325,0.8717604667930223
Benchmark guidance,0.49375703110218444,1.2149831253547574,0.75,0.9487160226754575,0.38767101918986613,0.23330311246560537,0.09210595356443572,0.8696006076912383
Benchmark guidance,0.49375703110218444,1.2149831253547574,0.8,0.9397694267751184,0.39770972384549086,0.23900811813034994,0.09808572966229115,0.8675581492469956
Benchmark guidance,0.49375703110218444,1.2149831253547574,0.8500000000000001,0.9314040336018259,0.406969097816909,0.24434317527410832,0.1040518217131497,0.865623915526492
Benchmark guidance,0.49375703110218444,1.2149831253547574,0.9,0.9235648375698225,0.41550983560851634,0.24933229924080166,0.11000494615747829,0.8637897416128143
Benchmark guidance,0.49375703110218444,1.2149831253547574,0.9500000000000001,0.9162039883343772,0.42338774528062056,0.2539978823707242,0.1159457662865685,0.8620483355556157
Benchmark guidance,0.49375703110218444,1.2149831253547574,1.0,0.9092796354322373,0.4306541698341936,0.25836081476084627,0.1218748978867115,0.8603931611478258
Benchmark guidance,0.49375703110218444,1.2149831253547574,1.05,0.9027549944310345,0.4373563666482011,0.2624405939023384,0.12779291403316498,0.8588183397142697
Benchmark guidance,0.49375703110218444,1.2149831253547574,1.1,0.896597578910204,0.4435378526053034,0.2662554255130894,0.1337003493680691,0.8573185656220147
Benchmark guidance,0.49375703110218444,1.2149831253547574,1.1500000000000001,0.8907785713180906,0.4492387156167059,0.26982231541590695,0.139597703749566,0.85588903500102
Benchmark guidance,0.49375703110218444,1.2149831253547574,1.2000000000000002,0.8852723002687952,0.4544958987824619,0.2731571542728567,0.14548544550668938,0.8545253843819657
Benchmark guidance,0.49375703110218444,1.2149831253547574,1.25,0.8800558040097753,0.45934345937495247,0.27627479565914265,0.1513640143228624,0.8532236377636363
Benchmark guidance,0.49375703110218444,1.2149831253547574,1.3,0.8751084684363164,0.46381280283602194,0.27918912737089635,0.1572338236828792,0.8519801619588854
Benchmark guidance,0.49375703110218444,1.2149831253547574,1.35,0.8704117190814442,0.46793289843023234,0.28191313790512196,0.16309526313691922,0.8507916272169525
Benchmark guidance,0.49375703110218444,1.2149831253547574,1.4000000000000001,0.8659487621279786,0.4717304750215351,0.2844589775285271,0.16894870026195355,0.8496549735143573
Benchmark guidance,0.49375703110218444,1.2149831253547574,1.4500000000000002,0.8617043649516605,0.4752301994175456,0.2868380146099575,0.17479448238970036,0.8485673814391517
Benchmark guidance,0.49375703110218444,1.2149831253547574,1.5,0.8576646674541073,0.47845484142543776,0.2890608882944465,0.18063293820519544,0.8475262464806219
Benchmark guidance,0.49375703110218444,1.2149831253547574,1.55,0.8538170208595609,0.48142542426059937,0.2911375571266208,0.18646437915532088,0.8465291566959052
Benchmark guidance,0.49375703110218444,1.2149831253547574,1.6,0.8501498505562063,0.48416136079102784,0.29307734374556743,0.1922891006674054,0.8455738735507403
Benchmark guidance,0.49375703110218444,1.2149831253547574,1.6500000000000001,0.8466525359137334,0.48668058085796606,0.2948889770191577,0.19810738331094357,0.8446583146456765
Benchmark guidance,0.49375703110218444,1.2149831253547574,1.7000000000000002,0.8433153069629917,0.4889996471651094,0.2965806309431355,0.2039194938183782,0.8437805387281478
Benchmark guidance,0.49375703110218444,1.2149831253547574,1.75,0.8401291547371176,0.4911338609466966,0.298159960647881,0.2097256859987272,0.8429387325169364
Benchmark guidance,0.49375703110218444,1.2149831253547574,1.8,0.8370857530544831,0.49309735952299577,0.2996341360227172,0.2155262015736185,0.8421311990496593
Benchmark guidance,0.49375703110218444,1.2149831253547574,1.85,0.8341773894406304,0.49490320787446396,0.3010098734794567,0.22132127096888868,0.8413563471848156
Benchmark guidance,0.49375703110218444,1.2149831253547574,1.9000000000000001,0.8313969053644457,0.49656348018156077,0.3022934649040108,0.2271111139921842,0.840612682504678
Benchmark guidance,0.49375703110218444,1.2149831253547574,1.9500000000000002,0.8287376434827453,0.4980893354395909,0.3034908047950486,0.23289594046397508,0.8398987991752294
Benchmark guidance,0.49375703110218444,1.2149831253547574,2.0,0.8261934007603237,0.49949108837256556,0.3046074158838983,0.2386759508130343,0.839213372597139
Benchmark guidance,0.49375703110218444,1.2149831253547574,2.0500000000000003,0.8237583872175503,0.500778274009961,0.3056484728663901,0.2444513366120813,0.8385551528967895
Benchmark guidance,0.49375703110218444,1.2149831253547574,2.1,0.8214271893043732,0.5019597066337367,0.30661882443482824,0.25022228106777633,0.8379229590865868
Benchmark guidance,0.49375703110218444,1.2149831253547574,2.15,0.8191947373544765,0.5030435341881828,0.3075230138749074,0.25598895947328854,0.8373156738294004
Benchmark guidance,0.49375703110218444,1.2149831253547574,2.2,0.817056276508314,0.504037289514177,0.30836529855583267,0.2617515396355116,0.8367322387112675
Benchmark guidance,0.49375703110218444,1.2149831253547574,2.25,0.8150073406352032,0.5049479381304994,0.30914966826531104,0.26751018227539236,0.8361716499535659
Benchmark guidance,0.49375703110218444,1.2149831253547574,2.3000000000000003,0.813043729242106,0.5057819187963949,0.30987986154178426,0.27326504137062585,0.83563295461219
Benchmark guidance,0.49375703110218444,1.2149831253547574,2.35,0.8111614864540625,0.5065451844923596,0.3105593817692058,0.27901626450487804,0.835115247057055
Benchmark guidance,0.49375703110218444,1.2149831253547574,2.4000000000000004,0.8093568822585531,0.5072432391348181,0.3111915119766658,0.2847639931813077,0.8346176658211084
Benchmark guidance,0.49375703110218444,1.2149831253547574,2.45,0.8076263955311921,0.5078811714126825,0.3117793286709706,0.29050836311660677,0.8341393907184976
Benchmark guidance,0.49375703110218444,1.2149831253547574,2.5,0.8059666986579538,0.5084636856412059,0.31232571468962955,0.29624950451470305,0.8336796402082324
Benchmark guidance,0.49375703110218444,1.2149831253547574,2.5500000000000003,0.8043746436215323,0.5089951303355078,0.31283337125175276,0.30198754232341946,0.833237668990511
Benchmark guidance,0.49375703110218444,1.2149831253547574,2.6,0.8028472494177967,0.5094795252343058,0.31330482939085574,0.30772259647760686,0.8328127658193805
Benchmark guidance,0.49375703110218444,1.2149831253547574,2.6500000000000004,0.8013816906473418,0.5099205871349427,0.3137424608655936,0.3134547821309024,0.8324042515068293
Benchmark guidance,0.49375703110218444,1.2149831253547574,2.7,0.7999752869463976,0.5103217509906627,0.3141484877170639,0.3191842098635815,0.832011477040398
Benchmark guidance,0.49375703110218444,1.2149831253547574,2.75,0.7986254934444257,0.5106861912702183,0.3145249916668591,0.3249109858860522,0.8316338218799316
Benchmark guidance,0.49375703110218444,1.2149831253547574,2.8000000000000003,0.7973298920568084,0.5110168418180701,0.31487392295084354,0.33063521223047815,0.8312706923922804
Benchmark guidance,0.49375703110218444,1.2149831253547574,2.85,0.7960861834971616,0.5113164139363255,0.31519710853358174,0.3363569869306739,0.8309215204021899
Benchmark guidance,0.49375703110218444,1.2149831253547574,2.9000000000000004,0.7948921798968093,0.5115874128928272,0.3154962597495386,0.34207640419254387,0.8305857618370314
Benchmark guidance,0.49375703110218444,1.2149831253547574,2.95,0.7937457979989874,0.5118321530430433,0.3157729794285392,0.34779355455537003,0.830262895464317
Benchmark guidance,0.49375703110218444,1.2149831253547574,3.0,0.7926450529106659,0.5120527719488611,0.31602876861031565,0.35350852504490216,0.8299524217244133
Benchmark guidance,0.49375703110218444,1.2149831253547574,3.0500000000000003,0.7915880523948697,0.5122512438773786,0.3162650329529689,0.3592213993192024,0.8296538616601399
Benchmark guidance,0.49375703110218444,1.2149831253547574,3.1,0.790572991663551,0.5124293928816342,0.3164830888932704,0.3649322578079765,0.829366755937823
Benchmark guidance,0.49375703110218444,1.2149831253547574,3.1500000000000004,0.7895981482842582,0.5125889027940376,0.31668416887784273,0.370641177842598,0.8290906638554295
Benchmark guidance,0.49375703110218444,1.2149831253547574,3.2,0.7886618776256947,0.5127313277880213,0.3168694266107248,0.37634823378178617,0.8288251624622005
Benchmark guidance,0.49375703110218444,1.2149831253547574,3.25,0.7877626086668983,0.5128581024376881,0.31703994204723773,0.3820534971313706,0.8285698457445032
Benchmark guidance,0.49375703110218444,1.2149831253547574,3.3000000000000003,0.7868988400670474,0.5129705506997333,0.3171967260002768,0.38775703665792943,0.8283243238522926
Benchmark guidance,0.49375703110218444,1.2149831253547574,3.35,0.7860691364846362,0.5130698941708455,0.31734072444019734,0.3934589184975331,0.8280882223661107
Benchmark guidance,0.49375703110218444,1.2149831253547574,3.4000000000000004,0.785272125121096,0.5131572595914508,0.3174728224883831,0.39915920625960927,0.8278611816003606
Benchmark guidance,0.49375703110218444,1.2149831253547574,3.45,0.7845064924947796,0.5132336857902277,0.3175938481638855,0.40485796112617234,0.8276428559470962
Benchmark guidance,0.49375703110218444,1.2149831253547574,3.5,0.783770981451229,0.5133001302638258,0.317704575942524,0.41055524194666365,0.8274329132643659
Benchmark guidance,0.49375703110218444,1.2149831253547574,3.5500000000000003,0.7830643884156444,0.5133574755862161,0.3178057301878364,0.4162511053286459,0.8272310343129592
Benchmark guidance,0.49375703110218444,1.2149831253547574,3.6,0.7823855608584261,0.5134065356238323,0.3178979884499796,0.42194560572460854,0.8270369122352107
Benchmark guidance,0.49375703110218444,1.2149831253547574,3.6500000000000004,0.7817333946229743,0.5134480594861807,0.31798198403983624,0.42763879551529893,0.82685025197717
Benchmark guidance,0.49375703110218444,1.2149831253547574,3.7,0.7811068316815709,0.5134827368187511,0.3180583089185605,0.43333072508954634,0.8266707698173236
Benchmark guidance,0.49375703110218444,1.2149831253547574,3.75,0.7805048579801565,0.5135112024223885,0.31812751632529057,0.4390214429205757,0.8264981929064726
Benchmark guidance,0.49375703110218444,1.2149831253547574,3.8000000000000003,0.7799265013941961,0.5135340404236137,0.3181901232194553,0.44471099563922506,0.8263322588263158
Benchmark guidance,0.49375703110218444,1.2149831253547574,3.85,0.77937082979324,0.5135517881144916,0.31824661256097136,0.4503994281042844,0.82617271516717
Benchmark guidance,0.49375703110218444,1.2149831253547574,3.9000000000000004,0.7788369491975502,0.5135649394161513,0.3182974354195623,0.4560867834700492,0.8260193191210808
Benchmark guidance,0.49375703110218444,1.2149831253547574,3.95,0.7783240020334263,0.5135739480604851,0.31834301294609424,0.46177310325116766,0.825871837093158
Benchmark guidance,0.49375703110218444,1.2149831253547574,4.0,0.7778311654938665,0.5135792305845548,0.31838373823882415,0.4674584273848658,0.8257300443339055
Benchmark guidance,0.49375703110218444,1.2149831253547574,4.05,0.7773576500112002,0.5135811692322307,0.31841997813745526,0.47314279429062955,0.8255937245952643
Benchmark guidance,0.49375703110218444,1.2149831253547574,4.1000000000000005,0.7769026978483243,0.5135801148575899,0.3184520749778946,0.4788262409274272,0.8254626698130237
Benchmark guidance,0.49375703110218444,1.2149831253547574,4.15,0.7764655817583741,0.5135763896020608,0.31848034823360727,0.48450880284871173,0.8253366798018313
Benchmark guidance,0.49375703110218444,1.2149831253547574,4.2,0.7760456034741727,0.5135702880288286,0.3185050956127073,0.4901905142560715,0.8252155618945373
Benchmark guidance,0.49375703110218444,1.2149831253547574,4.25,0.7756420925867932,0.5135620799114544,0.3185265946621485,0.4958714080498571,0.8250991306875947
Benchmark guidance,0.49375703110218444,1.2149831253547574,4.3,0.7752544053462114,0.5135520120656105,0.3185451040234525,0.5015515158781492,0.824987207758505
Benchmark guidance,0.49375703110218444,1.2149831253547574,4.3500000000000005,0.7748819235427358,0.513540310165943,0.3185608646573423,0.5072308681839001,0.8248796214014597
Benchmark guidance,0.49375703110218444,1.2149831253547574,4.4,0.7745240534362966,0.5135271803995487,0.3185741009791347,0.5129094942502813,0.8247762063721038
Benchmark guidance,0.49375703110218444,1.2149831253547574,4.45,0.7741802247272611,0.5135128109430628,0.3185850219033422,0.5185874222443217,0.8246768036399648
Benchmark guidance,0.49375703110218444,1.2149831253547574,4.5,0.7738498895724841,0.5134973733068829,0.3185938218150441,0.524264679258888,0.8245812601499618
Benchmark guidance,0.49375703110218444,1.2149831253547574,4.55,0.7735325216503017,0.5134810235900564,0.3186006814855878,0.5299412913530698,0.8244894285943907
Benchmark guidance,0.49375703110218444,1.2149831253547574,4.6000000000000005,0.7732276152781762,0.5134639036893567,0.31860576895018056,0.535617283591025,0.8244011671967547
Benchmark guidance,0.49375703110218444,1.2149831253547574,4.65,0.7729346845867022,0.5134461425060775,0.31860924036493093,0.5412926800793421,0.8243163395087977
Benchmark guidance,0.49375703110218444,1.2149831253547574,4.7,0.772653262753682,0.5134278571940688,0.3186112408609017,0.5469675040029793,0.8242348142220719
Benchmark guidance,0.49375703110218444,1.2149831253547574,4.75,0.7723829012439433,0.5134091541641168,0.3186119052857284,0.5526417776598783,0.8241564649785398
Benchmark guidance,0.49375703110218444,1.2149831253547574,4.800000000000001,0.7721231689343048,0.513390129180438,0.3186113585807929,0.5583155224945271,0.8240811701454289
Benchmark guidance,0.49375703110218444,1.2149831253547574,4.8500000000000005,0.7718736515289857,0.5133708688348707,0.31860971666733623,0.5639887591299072,0.8240088126719864
Benchmark guidance,0.49375703110218444,1.2149831253547574,4.9,0.7716339508622819,0.5133514511493293,0.31860708698276485,0.5696615073983577,0.8239392799115125
Benchmark guidance,0.49375703110218444,1.2149831253547574,4.95,0.7714036842620662,0.5133319463083896,0.3186035690568518,0.5753337863714044,0.8238724634591098
Benchmark guidance,0.49375703110218444,1.2149831253547574,5.0,0.7711824839371036,0.5133124173170633,0.3185992550414242,0.581005614388432,0.8238082589945761
Benchmark guidance,0.49375703110218444,1.2149831253547574,5.050000000000001,0.7709699963854394,0.5132929205789892,0.3185942301932095,0.5866770090842542,0.8237465661297814
Benchmark guidance,0.49375703110218444,1.2149831253547574,5.1000000000000005,0.7707658818252492,0.513273506413766,0.31858857331874735,0.5923479874156373,0.8236872882610552
Benchmark guidance,0.49375703110218444,1.2149831253547574,5.15,0.7705698136495428,0.5132542195321509,0.3185823571902764,0.5980185656868344,0.8236303324271108
Benchmark guidance,0.49375703110218444,1.2149831253547574,5.2,0.7703814779061104,0.5132350994878495,0.3185756489415037,0.6036887595741846,0.823575609173013
Benchmark guidance,0.49375703110218444,1.2149831253547574,5.25,0.7702005728041047,0.5132161811246214,0.31856851045216505,0.6093585841498341,0.8235230324207012
Benchmark guidance,0.49375703110218444,1.2149831253547574,5.300000000000001,0.7700268082486457,0.5131974950374244,0.31856099873028454,0.6150280539046362,0.8234725193465625
Benchmark guidance,0.49375703110218444,1.2149831253547574,5.3500000000000005,0.7698599054048418,0.5131790680663255,0.31855316630104114,0.6206971827702836,0.8234239902665521
Benchmark guidance,0.49375703110218444,1.2149831253547574,5.4,0.7696995962722359,0.5131609237123772,0.31854506155161305,0.6263659841405534,0.8233773685234146
Benchmark guidance,0.49375703110218444,1.2149831253547574,5.45,0.7695456231705412,0.5131430818644712,0.3185367287552699,0.6320344708910068,0.8233325803472407
Benchmark guidance,0.49375703110218444,1.2149831253547574,5.5,0.7693977384082088,0.5131255595363774,0.31852820854778935,0.6377026553991891,0.8232895547683896
Benchmark guidance,0.49375703110218444,1.2149831253547574,5.550000000000001,0.769255703887045,0.5131083710651397,0.3185195381477825,0.6433705495632854,0.82324822351109
Benchmark guidance,0.49375703110218444,1.2149831253547574,5.6000000000000005,0.769119290729054,0.513091528353777,0.3185107515972523,0.6490381648204261,0.8232085208928236
Benchmark guidance,0.49375703110218444,1.2149831253547574,5.65,0.7689882789217967,0.51307504111423,0.3185018799940801,0.6547055121642875,0.8231703837284738
Benchmark guidance,0.49375703110218444,1.2149831253547574,5.7,0.7688624569758363,0.5130589170748314,0.31849295170044684,0.6603726021619606,0.8231337512374091
Benchmark guidance,0.49375703110218444,1.2149831253547574,5.75,0.768741621594438,0.5130431621596847,0.3184839925314107,0.6660394449701382,0.823098564953601
Benchmark guidance,0.49375703110218444,1.2149831253547574,5.800000000000001,0.7686255773556852,0.5130277806473355,0.31847502592786675,0.6717060503506725,0.8230647686388615
Benchmark guidance,0.49375703110218444,1.2149831253547574,5.8500000000000005,0.7685141364071787,0.5130127753161253,0.31846607311811104,0.677372427685552,0.8230323081992867
Benchmark guidance,0.49375703110218444,1.2149831253547574,5.9,0.7684071181734847,0.5129981475836128,0.31845715327223356,0.683038585991349,0.8230011316049929
Benchmark guidance,0.49375703110218444,1.2149831253547574,5.95,0.7683043490764951,0.512983897647448,0.3184482836535631,0.6887045339331878,0.8229711888132213
Benchmark guidance,0.49375703110218444,1.2149831253547574,6.0,0.768205662268866,0.5129700246350876,0.3184394797713884,0.6943702798382831,0.822942431694896
Benchmark guidance,0.49375703110218444,1.2149831253547574,6.050000000000001,0.7681108973806987,0.5129565267697364,0.31843075553917877,0.7000358317091021,0.8229148139647078
Benchmark guidance,0.49375703110218444,1.2149831253547574,6.1000000000000005,0.7680199002796306,0.5129434015599031,0.3184221234425278,0.7057011972361951,0.8228882911147974
Benchmark guidance,0.49375703110218444,1.2149831253547574,6.15,0.767932522822113,0.5129306458034192,0.3184135946009014,0.7113663838097097,0.82286282034559
Benchmark guidance,0.49375703110218444,1.2149831253547574,6.2,0.7678486225894636,0.512918255380088,0.31840517871274765,0.7170313985297061,0.8228383604919234
Benchmark guidance,0.49375703110218444,1.2149831253547574,6.25,0.7677680627088306,0.5129062257059056,0.31839688435788877,0.7226962482188478,0.8228148719736861
Benchmark guidance,0.49375703110218444,1.2149831253547574,6.300000000000001,0.7676907116287315,0.5128945516798579,0.31838871901797555,0.7283609394323883,0.8227923167329928
Benchmark guidance,0.49375703110218444,1.2149831253547574,6.3500000000000005,0.7676164429139061,0.5128832277658076,0.3183806891728477,0.734025478468658,0.8227706581767823
Benchmark guidance,0.49375703110218444,1.2149831253547574,6.4,0.7675451350484879,0.5128722480628569,0.3183728003867328,0.7396898713790694,0.8227498611216508
Benchmark guidance,0.49375703110218444,1.2149831253547574,6.45,0.7674766712468011,0.5128616063625916,0.31836505738375137,0.7453541239776587,0.8227298917407319
Benchmark guidance,0.49375703110218444,1.2149831253547574,6.5,0.7674109392714836,0.5128512961957983,0.31835746411455507,0.7510182418501992,0.8227107175125501
Benchmark guidance,0.49375703110218444,1.2149831253547574,6.550000000000001,0.7673478312586436,0.5128413108712505,0.31835002381592664,0.7566822303629319,0.8226923071717761
Benchmark guidance,0.49375703110218444,1.2149831253547574,6.6000000000000005,0.7672872435497536,0.512831643509154,0.3183427390651676,0.7623460946709474,0.8226746306618077
Benchmark guidance,0.49375703110218444,1.2149831253547574,6.65,0.7672290765299852,0.5128222870718487,0.3183356118311013,0.7680098397262615,0.8226576590891016
Benchmark guidance,0.49375703110218444,1.2149831253547574,6.7,0.7671732344726909,0.5128132343943568,0.31832864352351975,0.7736734702856225,0.8226413646791795
Benchmark guidance,0.49375703110218444,1.2149831253547574,6.75,0.7671196253897371,0.512804478217373,0.3183218350428995,0.7793369909180912,0.8226257207342328
Benchmark guidance,0.49375703110218444,1.2149831253547574,6.800000000000001,0.7670681608873914,0.5127960112252901,0.31831518683221605,0.7850004060124304,0.8226107015922454
Benchmark guidance,0.49375703110218444,1.2149831253547574,6.8500000000000005,0.7670187560274707,0.5127878260918521,0.31830869893268254,0.7906637197843457,0.8225962825875598
Benchmark guidance,0.49375703110218444,1.2149831253547574,6.9,0.7669713291934543,0.5127799155360299,0.3183023710452406,0.7963269362836158,0.8225824400128052
Benchmark guidance,0.49375703110218444,1.2149831253547574,6.95,0.7669258019613114,0.5127722723895639,0.3182962025988334,0.8019900594011378,0.8225691510821204
Benchmark guidance,0.49375703110218444,1.2149831253547574,7.0,0.7668820989812328,0.5127648894339885,0.3182901926592108,0.8076530928728861,0.8225563938974886
Benchmark guidance,0.49375703110218444,1.2149831253547574,7.050000000000001,0.7668401478536133,0.5127577594130316,0.31828433996070327,0.8133160402861808,0.8225441474133236
Benchmark guidance,0.49375703110218444,1.2149831253547574,7.1000000000000005,0.7667998790181416,0.5127508752016441,0.3182786430366757,0.8189789050869594,0.8225323914048212
Benchmark guidance,0.49375703110218444,1.2149831253547574,7.15,0.7667612256462604,0.5127442297452662,0.3182731001955729,0.8246416905843963,0.8225211064372349
Benchmark guidance,0.49375703110218444,1.2149831253547574,7.2,0.7667241235328721,0.5127378160789966,0.31826770955258055,0.8303043999564783,0.82251027383488
Benchmark guidance,0.49375703110218444,1.2149831253547574,7.25,0.76668851099325,0.5127316273417614,0.31826246905625233,0.8359670362552708,0.822499875651606
Benchmark guidance,0.49375703110218444,1.2149831253547574,7.300000000000001,0.7666543287647962,0.5127256567862484,0.31825737651079444,0.8416296024118978,0.8224898946426394
Benchmark guidance,0.49375703110218444,1.2149831253547574,7.3500000000000005,0.766621519913296,0.5127198977853721,0.31825242959469796,0.8472921012412651,0.8224803142376974
Benchmark guidance,0.49375703110218444,1.2149831253547574,7.4,0.7665900297433126,0.512714343836033,0.31824762587641076,0.8529545354465523,0.8224711185152712
Benchmark guidance,0.49375703110218444,1.2149831253547574,7.45,0.7665598057123696,0.5127089885609382,0.3182429628277399,0.8586169076234993,0.8224622921779795
Benchmark guidance,0.49375703110218444,1.2149831253547574,7.5,0.7665307973485663,0.5127038257092462,0.3182384378356755,0.8642792202645155,0.8224538205288926
Benchmark guidance,0.49375703110218444,1.2149831253547574,7.550000000000001,0.7665029561712723,0.5126988491568031,0.3182340482133272,0.8699414757626379,0.8224456894487236
Benchmark guidance,0.49375703110218444,1.2149831253547574,7.6000000000000005,0.7664762356145474,0.5126940529067325,0.3182297912106642,0.8756036764153634,0.8224378853737891
Benchmark guidance,0.49375703110218444,1.2149831253547574,7.65,0.7664505909529331,0.5126894310911478,0.3182256640257506,0.881265824428385,0.8224303952746351
Benchmark guidance,0.49375703110218444,1.2149831253547574,7.7,0.766425979229261,0.5126849779747473,0.3182216638171664,0.8869279219192554,0.8224232066352285
Benchmark guidance,0.49375703110218444,1.2149831253547574,7.75,0.7664023591841252,0.5126806879610618,0.3182177877183051,0.892589970921006,0.8224163074326125
Benchmark guidance,0.49375703110218444,1.2149831253547574,7.800000000000001,0.7663796911866637,0.512676555602116,0.3182140328542405,0.8982519733857488,0.8224096861169238
Benchmark guidance,0.49375703110218444,1.2149831253547574,7.8500000000000005,0.7663579371662954,0.5126725756122708,0.31821039636185156,0.9039139311882854,0.8224033315916698
Benchmark guidance,0.49375703110218444,1.2149831253547574,7.9,0.7663370605450592,0.5126687428870107,0.3182068754138984,0.9095758461297537,0.822397233194163
Benchmark guidance,0.49375703110218444,1.2149831253547574,7.95,0.7663170261831621,0.5126650524922912,0.3182034672164594,0.9152377199402303,0.8223913806798007
Benchmark guidance,0.49375703110218444,1.2149831253547574,8.0,0.7662978003767968,0.512661499498362,0.3182001688702414,0.9208995542767376,0.8223857642215954
Benchmark guidance,0.49375703110218444,1.2149831253547574,8.05,0.7662793507370587,0.5126580791613423,0.318196977538395,0.9265613507316838,0.8223803743749624
Benchmark guidance,0.49375703110218444,1.2149831253547574,8.1,0.7662616461616626,0.5126547868815677,0.3181938904122594,0.932223110833725,0.8223752020696001
Benchmark guidance,0.49375703110218444,1.2149831253547574,8.15,0.7662446567860627,0.5126516181907164,0.31819090470673755,0.9378848360500867,0.8223702385953443
Benchmark guidance,0.49375703110218444,1.2149831253547574,8.200000000000001,0.7662283539317755,0.5126485687524582,0.3181880176672789,0.943546527789196,0.8223654755871922
Benchmark guidance,0.49375703110218444,1.2149831253547574,8.25,0.7662127100578109,0.5126456343619761,0.31818522657523735,0.9492081874031435,0.8223609050112273
Benchmark guidance,0.49375703110218444,1.2149831253547574,8.3,0.7661976987149579,0.5126428109445204,0.318182528751816,0.9548698161899866,0.822356519151367
Benchmark guidance,0.49375703110218444,1.2149831253547574,8.35,0.7661832945026721,0.5126400945531688,0.31817992156080765,0.9605314153959078,0.8223523105968625
Benchmark guidance,0.49375703110218444,1.2149831253547574,8.4,0.7661694730283091,0.5126374813659546,0.3181774024103426,0.9661929862172495,0.8223482722304772
Benchmark guidance,0.49375703110218444,1.2149831253547574,8.450000000000001,0.7661562108684539,0.5126349676825311,0.3181749687538533,0.971854529802433,0.8223443972172688
Benchmark guidance,0.49375703110218444,1.2149831253547574,8.5,0.7661434855320898,0.5126325499205407,0.31817261809046693,0.9775160472537825,0.8223406789939036
Benchmark guidance,0.49375703110218444,1.2149831253547574,8.55,0.7661312754253548,0.5126302246118518,0.3181703479650355,0.9831775396292681,0.8223371112584282
Benchmark guidance,0.49375703110218444,1.2149831253547574,8.6,0.7661195598176312,0.5126279883988344,0.3181681559680151,0.9888390079441808,0.8223336879604253
Benchmark guidance,0.49375703110218444,1.2149831253547574,8.65,0.7661083188087165,0.512625838030837,0.3181660397354028,0.994500453172758,0.8223304032914793
Benchmark guidance,0.49375703110218444,1.2149831253547574,8.700000000000001,0.7660975332968192,0.5126237703610361,0.31816399694894354,1.0001618762497728,0.8223272516758799
Benchmark guidance,0.49375703110218444,1.2149831253547574,8.75,0.7660871849471296,0.51262178234382,0.3181620253368165,1.005823278072103,0.8223242277614882
Benchmark guidance,0.49375703110218444,1.2149831253547574,8.8,0.766077256160709,0.512619871032878,0.3181601226750106,1.0114846595002955,0.8223213264106921
Benchmark guidance,0.49375703110218444,1.2149831253547574,8.85,0.766067730043446,0.5126180335801593,0.31815828678960134,1.01714602136014,0.8223185426913768
Benchmark guidance,0.49375703110218444,1.2149831253547574,8.9,0.7660585903748246,0.5126162672358694,0.31815651556013763,1.02280736444427,0.8223158718678384
Benchmark guidance,0.49375703110218444,1.2149831253547574,8.950000000000001,0.7660498215762526,0.5126145693496694,0.3181548069243497,1.0284686895138022,0.8223133093915638
Benchmark guidance,0.49375703110218444,1.2149831253547574,9.0,0.7660414086786945,0.5126129373732474,0.31815315888438894,1.0341299973000346,0.822310850891806
Benchmark guidance,0.49375703110218444,1.2149831253547574,9.05,0.7660333372893583,0.5126113688644258,0.3181515695148089,1.0397912885062144,0.8223084921658795
Benchmark guidance,0.49375703110218444,1.2149831253547574,9.1,0.7660255935724642,0.5126098614818712,0.31815003695867844,1.045452563808444,0.8223062291735673
Benchmark guidance,0.49375703110218444,1.2149831253547574,9.15,0.766018164336019,0.5126084128976585,0.3181485593230995,1.0511138238499405,0.822304058062507
Benchmark guidance,0.49375703110218444,1.2149831253547574,9.200000000000001,0.766011036883294,0.5126070208850685,0.31814713479165774,1.0567750692499662,0.8223019751248105
Benchmark guidance,0.49375703110218444,1.2149831253547574,9.25,0.7660041990187964,0.5126056833059909,0.31814576160835994,1.0624363006033168,0.8222999767988319
Benchmark guidance,0.49375703110218444,1.2149831253547574,9.3,0.765997639041187,0.5126043980975932,0.31814443806384496,1.0680975184804913,0.8222980596671174
Benchmark guidance,0.49375703110218444,1.2149831253547574,9.35,0.7659913457207214,0.5126031632704493,0.3181431624958721,1.073758723428824,0.8222962204498312
Benchmark guidance,0.49375703110218444,1.2149831253547574,9.4,0.765985308278343,0.5126019769065742,0.3181419332894315,1.0794199159735351,0.822294455998663
Benchmark guidance,0.49375703110218444,1.2149831253547574,9.450000000000001,0.765979516366298,0.5126008371573801,0.318140748876521,1.0850810966186968,0.8222927632911791
Benchmark guidance,0.49375703110218444,1.2149831253547574,9.5,0.7659739600501402,0.5125997422415748,0.31813960773563227,1.0907422658481272,0.8222911394255765
Benchmark guidance,0.49375703110218444,1.2149831253547574,9.55,0.7659686297919925,0.5125986904430164,0.3181385083909925,1.0964034241262217,0.8222895816158061
Benchmark guidance,0.49375703110218444,1.2149831253547574,9.600000000000001,0.7659635164349362,0.512597680108545,0.3181374494116039,1.10206457189872,0.8222880871870216
Benchmark guidance,0.49375703110218444,1.2149831253547574,9.65,0.765958611188393,0.5125967096458068,0.3181364294101258,1.107725709593428,0.8222866535713194
Benchmark guidance,0.49375703110218444,1.2149831253547574,9.700000000000001,0.7659539056143708,0.5125957775210886,0.3181354470416444,1.1133868376208906,0.822285278303728
Benchmark guidance,0.49375703110218444,1.2149831253547574,9.75,0.7659493916144401,0.5125948822571817,0.31813450100237234,1.1190479563750286,0.8222839590184138
Benchmark guidance,0.49375703110218444,1.2149831253547574,9.8,0.765945061417309,0.5125940224312898,0.3181335900283245,1.1247090662337473,0.8222826934450558
Benchmark guidance,0.49375703110218444,1.2149831253547574,9.850000000000001,0.7659409075668671,0.5125931966730016,0.3181327128940122,1.1303701675595195,0.8222814794053616
Benchmark guidance,0.49375703110218444,1.2149831253547574,9.9,0.7659369229105629,0.5125924036623433,0.31813186841120156,1.1360312606999536,0.8222803148096774
Benchmark guidance,0.49375703110218444,1.2149831253547574,9.950000000000001,0.765933100587988,0.5125916421279302,0.31813105542777886,1.141692345988355,0.8222791976536583
Benchmark guidance,0.49375703110218444,1.2149831253547574,10.0,0.765929434019531,0.5125909108452332,0.31813027282676803,1.1473534237442815,0.8222781260149586
Benchmark guidance,0.49375703110218444,1.2149831253547574,10.05,0.7659259168949734,0.5125902086349798,0.31812951952554375,1.1530144942741096,0.8222770980499055
Benchmark guidance,0.49375703110218444,1.2149831253547574,10.100000000000001,0.7659225431618938,0.5125895343617052,0.3181287944752845,1.1586755578716081,0.8222761119901139
Benchmark guidance,0.49375703110218444,1.2149831253547574,10.15,0.7659193070137498,0.5125888869324721,0.31812809666071046,1.1643366148185363,0.8222751661390094
Benchmark guidance,0.49375703110218444,1.2149831253547574,10.200000000000001,0.765916202877504,0.5125882652957767,0.31812742510014863,1.1699976653852666,0.8222742588682156
Benchmark guidance,0.49375703110218444,1.2149831253547574,10.25,0.7659132254006649,0.5125876684406583,0.3181267788459713,1.1756587098314397,0.8222733886137711
Benchmark guidance,0.49375703110218444,1.2149831253547574,10.3,0.7659103694376092,0.5125870953960295,0.3181261569854509,1.1813197484066664,0.822272553872135
Benchmark guidance,0.49375703110218444,1.2149831253547574,10.350000000000001,0.765907630035054,0.5125865452302457,0.3181255586420754,1.1869807813512705,0.8222717531959454
Benchmark guidance,0.49375703110218444,1.2149831253547574,10.4,0.7659050024165478,0.5125860170509301,0.3181249829773689,1.1926418088970931,0.8222709851894883
Benchmark guidance,0.49375703110218444,1.2149831253547574,10.450000000000001,0.7659024819764604,0.5125855100035193,0.3181244291894913,1.1983028312677788,0.8222702485069444
Benchmark guidance,0.49375703110218444,1.2149831253547574,10.5,0.7659000644025948,0.51258502324969,0.3181238964645415,1.2039638486720232,0.8222695418882303
Benchmark guidance,0.49375703110218444,1.2149831253547574,10.55,0.7658977455292719,0.5125845559856375,0.31812338402415075,1.209624861311536,0.8222688641160593
Benchmark guidance,0.49375703110218444,1.2149831253547574,10.600000000000001,0.7658955213382913,0.5125841074424088,0.31812289112521425,1.2152858693809876,0.8222682140162244
Benchmark guidance,0.49375703110218444,1.2149831253547574,10.65,0.7658933879778785,0.5125836768808747,0.318122417049789,1.2209468730669373,0.8222675904631396
Benchmark guidance,0.49375703110218444,1.2149831253547574,10.700000000000001,0.7658913417542766,0.5125832635905239,0.3181219611044957,1.22660787254825,0.822266992377383
Benchmark guidance,0.49375703110218444,1.2149831253547574,10.75,0.7658893791240334,0.5125828668883212,0.31812152261989635,1.2322688679964757,0.8222664187234452
Benchmark guidance,0.49375703110218444,1.2149831253547574,10.8,0.7658874966869337,0.5125824861176261,0.31812110094985263,1.2379298595761998,0.8222658685076648
Benchmark guidance,0.49375703110218444,1.2149831253547574,10.850000000000001,0.7658856911795264,0.5125821206471679,0.31812069547086813,1.2435908474453596,0.8222653407763378
Benchmark guidance,0.49375703110218444,1.2149831253547574,10.9,0.765883959469192,0.5125817698700736,0.3181203055814191,1.2492518317555374,0.8222648346139856
Benchmark guidance,0.49375703110218444,1.2149831253547574,10.950000000000001,0.7658822985487003,0.5125814332029458,0.3181199307012773,1.2549128126522262,0.8222643491417652
Benchmark guidance,0.49375703110218444,1.2149831253547574,11.0,0.7658807055312076,0.5125811100849854,0.3181195702708285,1.2605737902750724,0.8222638835160081
Benchmark guidance,0.49375703110218444,1.2149831253547574,11.05,0.7658791776456392,0.5125807999771579,0.31811922375039137,1.266234764758104,0.8222634369268721
Benchmark guidance,0.49375703110218444,1.2149831253547574,11.100000000000001,0.7658777122324083,0.5125805023613966,0.3181188906195399,1.2718957362299355,0.822263008597091
Benchmark guidance,0.49375703110218444,1.2149831253547574,11.15,0.7658763067394173,0.512580216739842,0.3181185703764338,1.2775567048139633,0.8222625977808062
Benchmark guidance,0.49375703110218444,1.2149831253547574,11.200000000000001,0.765874958718291,0.512579942634112,0.31811826253716063,1.2832176706285487,0.8222622037624674
Benchmark guidance,0.49375703110218444,1.2149831253547574,11.25,0.7658736658207907,0.5125796795845997,0.3181179666350932,1.28887863378719,0.8222618258557843
Benchmark guidance,0.49375703110218444,1.2149831253547574,11.3,0.7658724257953554,0.512579427149796,0.31811768222026665,1.294539594398691,0.8222614634027173
Benchmark guidance,0.49375703110218444,1.2149831253547574,11.350000000000001,0.7658712364837202,0.5125791849056311,0.3181174088587796,1.3002005525673246,0.8222611157724894
Benchmark guidance,0.49375703110218444,1.2149831253547574,11.4,0.7658700958175604,0.512578952444835,0.3181171461322215,1.3058615083929945,0.8222607823606055
Benchmark guidance,0.49375703110218444,1.2149831253547574,11.450000000000001,0.7658690018151078,0.5125787293763095,0.31811689363713225,1.3115224619714017,0.8222604625878651
Benchmark guidance,0.49375703110218444,1.2149831253547574,11.5,0.7658679525776892,0.5125785153245105,0.31811665098449665,1.317183413394211,0.8222601558993498
Benchmark guidance,0.49375703110218444,1.2149831253547574,11.55,0.7658669462861356,0.5125783099288365,0.31811641779927785,1.32284436274923,0.8222598617633743
Benchmark guidance,0.49375703110218444,1.2149831253547574,11.600000000000001,0.7658659811970077,0.5125781128430189,0.31811619371999417,1.3285053101205904,0.8222595796703847
Benchmark guidance,0.49375703110218444,1.2149831253547574,11.65,0.7658650556385904,0.512577923734512,0.31811597839834255,1.3341662555889497,0.822259309131787
Benchmark guidance,0.49375703110218444,1.2149831253547574,11.700000000000001,0.7658641680066011,0.512577742283877,0.31811577149887316,1.3398271992317017,0.8222590496786941
Benchmark guidance,0.49375703110218444,1.2149831253547574,11.75,0.7658633167595607,0.5125775681841584,0.31811557269871854,1.3454881411232065,0.8222588008605716
Benchmark guidance,0.49375703110218444,1.2149831253547574,11.8,0.7658625004137772,0.5125774011402483,0.31811538168738185,1.3511490813350429,0.822258562243773
Benchmark guidance,0.49375703110218444,1.2149831253547574,11.850000000000001,0.7658617175378896,0.5125772408682343,0.3181151981665872,1.356810019936279,0.8222583334099453
Benchmark guidance,0.49375703110218444,1.2149831253547574,11.9,0.765860966746918,0.512577087094729,0.318115021850197,1.3624709569937727,0.8222581139542889
Benchmark guidance,0.49375703110218444,1.2149831253547574,11.950000000000001,0.7658602466957729,0.5125769395561762,0.31811485246419985,1.3681318925724981,0.8222579034836621
Benchmark guidance,0.49375703110218444,1.2149831253547574,12.0,0.7658595560883594,0.5125767979992105,0.3181146897454232,1.3737928267350727,0.8222577016192413
Benchmark guidance,0.49375703110218444,1.2149831253547574,12.05,0.7658588937691415,0.5125766621861861,0.31811453343279583,1.3794537595370553,0.822257508023286
Benchmark guidance,0.49375703110218444,1.2149831253547574,12.100000000000001,0.7658582585902092,0.5125765318859559,0.3181143832777388,1.3851146910337477,0.8222573223602828
Benchmark guidance,0.49375703110218444,1.2149831253547574,12.15,0.7658576494401979,0.5125764068760763,0.3181142390421674,1.3907756212787201,0.8222571443053989
Benchmark guidance,0.49375703110218444,1.2149831253547574,12.200000000000001,0.7658570652548834,0.5125762869432453,0.3181141004970521,1.3964365503232612,0.8222569735475781
Benchmark guidance,0.49375703110218444,1.2149831253547574,12.25,0.7658565050145474,0.5125761718828373,0.31811396742204756,1.4020974782165065,0.8222568097887724
Benchmark guidance,0.49375703110218444,1.2149831253547574,12.3,0.7658559677415779,0.512576061498474,0.3181138396051429,1.407758405005557,0.8222566527432397
Benchmark guidance,0.49375703110218444,1.2149831253547574,12.350000000000001,0.7658554524982899,0.5125759556016309,0.3181137168423312,1.4134193307355833,0.8222565021369069
Benchmark guidance,0.49375703110218444,1.2149831253547574,12.4,0.765854958384947,0.5125758540112764,0.31811359893729785,1.4190802554499238,0.8222563577067927
Benchmark guidance,0.49375703110218444,1.2149831253547574,12.450000000000001,0.7658544845379718,0.5125757565535392,0.3181134857011262,1.4247411791901712,0.8222562192004838
Benchmark guidance,0.49375703110218444,1.2149831253547574,12.5,0.7658540301283252,0.5125756630614045,0.3181133769520192,1.4304021019962507,0.8222560863756606
Benchmark guidance,0.49375703110218444,1.2149831253547574,12.55,0.7658535943600417,0.5125755733744347,0.31811327251503657,1.4360630239064924,0.8222559589996711
Benchmark guidance,0.49375703110218444,1.2149831253547574,12.600000000000001,0.7658531764689017,0.5125754873385122,0.3181131722218456,1.4417239449576937,0.8222558368491413
Benchmark guidance,0.49375703110218444,1.2149831253547574,12.65,0.7658527757212266,0.5125754048056027,0.31811307591048504,1.4473848651851786,0.8222557197096233
Benchmark guidance,0.49375703110218444,1.2149831253547574,12.700000000000001,0.7658523914127798,0.5125753256335358,0.3181129834251404,1.4530457846228515,0.8222556073752748
Benchmark guidance,0.49375703110218444,1.2149831253547574,12.75,0.7658520228677586,0.512575249685801,0.3181128946159299,1.4587067033032437,0.822255499648564
Benchmark guidance,0.49375703110218444,1.2149831253547574,12.8,0.7658516694378575,0.5125751768313566,0.3181128093387001,1.4643676212575611,0.8222553963399958
Benchmark guidance,0.49375703110218444,1.2149831253547574,12.850000000000001,0.765851330501392,0.5125751069444476,0.31811272745482927,1.4700285385157237,0.822255297267856
Benchmark guidance,0.49375703110218444,1.2149831253547574,12.9,0.7658510054624614,0.512575039904434,0.31811264883103846,1.4756894551064073,0.8222552022579662
Benchmark guidance,0.49375703110218444,1.2149831253547574,12.950000000000001,0.7658506937501386,0.5125749755956215,0.31811257333920806,1.481350371057083,0.8222551111434482
Benchmark guidance,0.49375703110218444,1.2149831253547574,13.0,0.7658503948176686,0.5125749139070978,0.3181125008561996,1.487011286394054,0.8222550237644878
Benchmark guidance,0.49375703110218444,1.2149831253547574,13.05,0.7658501081416593,0.5125748547325673,0.318112431263681,1.492672201142496,0.8222549399681003
Benchmark guidance,0.49375703110218444,1.2149831253547574,13.100000000000001,0.765849833221251,0.5125747979701855,0.3181123644479545,1.4983331153264965,0.8222548596078865
Benchmark guidance,0.49375703110218444,1.2149831253547574,13.15,0.7658495695772445,0.512574743522388,0.31811230029978604,1.5039940289690972,0.8222547825437783
Benchmark guidance,0.49375703110218444,1.2149831253547574,13.200000000000001,0.7658493167511756,0.5125746912957134,0.31811223871423494,1.5096549420923393,0.8222547086417683
Benchmark guidance,0.49375703110218444,1.2149831253547574,13.25,0.7658490743043173,0.5125746412006166,0.31811217959048266,1.5153158547173111,0.8222546377736177
Benchmark guidance,0.49375703110218444,1.2149831253547574,13.3,0.7658488418165942,0.5125745931512704,0.3181121228316595,1.5209767668642016,0.8222545698165402
Benchmark guidance,0.49375703110218444,1.2149831253547574,13.350000000000001,0.7658486188853937,0.5125745470653529,0.31811206834466854,1.5266376785523585,0.8222545046528528
Benchmark guidance,0.49375703110218444,1.2149831253547574,13.4,0.7658484051242571,0.5125745028638191,0.3181120160400048,1.5322985898003514,0.8222544421695942
Benchmark guidance,0.49375703110218444,1.2149831253547574,13.450000000000001,0.7658482001614342,0.5125744604706526,0.3181119658315694,1.537959500626044,0.8222543822581029
Benchmark guidance,0.49375703110218444,1.2149831253547574,13.5,0.7658480036382859,0.5125744198125959,0.31811191763647717,1.5436204110466718,0.8222543248135487
Benchmark guidance,0.49375703110218444,1.2149831253547574,13.55,0.765847815207519,0.5125743808188581,0.31811187137485597,1.5492813210789285,0.8222542697344185
Benchmark guidance,0.49375703110218444,1.2149831253547574,13.600000000000001,0.7658476345312359,0.5125743434207942,0.3181118269696383,1.5549422307390626,0.822254216921945
Benchmark guidance,0.49375703110218444,1.2149831253547574,13.65,0.765847461278784,0.5125743075515578,0.3181117843463417,1.5606031400429834,0.8222541662794787
Benchmark guidance,0.49375703110218444,1.2149831253547574,13.700000000000001,0.7658472951243874,0.5125742731457209,0.31811174343283916,1.5662640490063775,0.8222541177117948
Benchmark guidance,0.49375703110218444,1.2149831253547574,13.75,0.7658471357605791,0.5125742401412753,0.3181117041602078,1.571924957644042,0.8222540711290209
Benchmark guidance,0.49375703110218444,1.2149831253547574,13.8,0.7658469829410064,0.5125742084859803,0.31811166646539235,1.5775858659677588,0.8222540264591484
Benchmark guidance,0.49375703110218444,1.2149831253547574,13.850000000000001,0.7658468363992182,0.5125741781251115,0.3181116302856174,1.5832467739903222,0.822253983624293
Benchmark guidance,0.49375703110218444,1.2149831253547574,13.9,0.7658466958768111,0.512574149005762,0.3181115955604538,1.5889076817241443,0.8222539425489237
Benchmark guidance,0.49375703110218444,1.2149831253547574,13.950000000000001,0.7658465611267304,0.5125741210773107,0.3181115622319614,1.5945685891810917,0.8222539031608258
Benchmark guidance,0.49375703110218444,1.2149831253547574,14.0,0.7658464319125556,0.5125740942912841,0.3181115302445542,1.6002294963725172,0.8222538653908935
Benchmark guidance,0.49375703110218444,1.2149831253547574,14.05,0.7658463080078506,0.5125740686012303,0.31811149954487705,1.6058904033092951,0.8222538291729391
Benchmark guidance,0.49375703110218444,1.2149831253547574,14.100000000000001,0.7658461891955763,0.5125740439626051,0.31811147008169216,1.6115513100018461,0.8222537944435219
Benchmark guidance,0.49375703110218444,1.2149831253547574,14.15,0.7658460752675632,0.5125740203326683,0.31811144180577555,1.617212216460165,0.8222537611417934
Benchmark guidance,0.49375703110218444,1.2149831253547574,14.200000000000001,0.7658459660240352,0.5125739976703905,0.31811141466982185,1.6228731226938433,0.8222537292093587
Benchmark guidance,0.49375703110218444,1.2149831253547574,14.25,0.7658458612731862,0.5125739759363694,0.318111388628358,1.6285340287120886,0.8222536985901525
Benchmark guidance,0.49375703110218444,1.2149831253547574,14.3,0.7658457608308002,0.5125739550927542,0.31811136363766424,1.6341949345237445,0.8222536692303284
Benchmark guidance,0.49375703110218444,1.2149831253547574,14.350000000000001,0.7658456645199152,0.5125739351031784,0.3181113396557022,1.639855840137306,0.8222536410781593
Benchmark guidance,0.49375703110218444,1.2149831253547574,14.4,0.7658455721705238,0.5125739159326993,0.3181113166420494,1.6455167455609332,0.8222536140839521
Benchmark guidance,0.49375703110218444,1.2149831253547574,14.450000000000001,0.7658454836193074,0.5125738975477437,0.3181112945578396,1.6511776508024658,0.8222535881999681
Benchmark guidance,0.49375703110218444,1.2149831253547574,14.5,0.7658453987094005,0.5125738799160604,0.3181112733657079,1.6568385558694327,0.8222535633803553
Benchmark guidance,0.49375703110218444,1.2149831253547574,14.55,0.7658453172901805,0.5125738630066754,0.31811125302974064,1.6624994607690637,0.8222535395810858
Benchmark guidance,0.49375703110218444,1.2149831253547574,14.600000000000001,0.765845239217078,0.5125738467898531,0.31811123351542925,1.668160365508297,0.8222535167599021
Benchmark guidance,0.49375703110218444,1.2149831253547574,14.65,0.7658451643514061,0.51257383123706,0.31811121478962684,1.673821270093788,0.8222534948762653
Benchmark guidance,0.49375703110218444,1.2149831253547574,14.700000000000001,0.7658450925602011,0.5125738163209314,0.3181111968205075,1.6794821745319182,0.8222534738913095
Benchmark guidance,0.49375703110218444,1.2149831253547574,14.75,0.7658450237160733,0.5125738020152389,0.318111179577528,1.6851430788287995,0.8222534537677986
Benchmark guidance,0.49375703110218444,1.2149831253547574,14.8,0.7658449576970637,0.5125737882948604,0.31811116303139,1.6908039829902846,0.8222534344700833
Benchmark guidance,0.49375703110218444,1.2149831253547574,14.850000000000001,0.7658448943864998,0.5125737751357495,0.3181111471540034,1.6964648870219703,0.8222534159640597
Benchmark guidance,0.49375703110218444,1.2149831253547574,14.9,0.7658448336728496,0.5125737625149047,0.3181111319184499,1.7021257909292071,0.8222533982171268
Benchmark guidance,0.49375703110218444,1.2149831253547574,14.950000000000001,0.7658447754495683,0.5125737504103374,0.3181111172989452,1.7077866947171054,0.8222533811981412
Benchmark guidance,0.49375703110218444,1.2149831253547574,15.0,0.7658447196149338,0.5125737388010381,0.31811110327080044,1.7134475983905437,0.8222533648773689
Benchmark guidance,0.49375703110218444,1.2149831253547574,15.05,0.7658446660718662,0.5125737276669394,0.318111089810382,1.7191085019541776,0.8222533492264331
Benchmark guidance,0.49375703110218444,1.2149831253547574,15.100000000000001,0.7658446147277284,0.512573716988877,0.31811107689506796,1.7247694054124483,0.8222533342182559
Benchmark guidance,0.49375703110218444,1.2149831253547574,15.15,0.7658445654941034,0.5125737067485443,0.3181110645032023,1.7304303087695942,0.8222533198269921
Benchmark guidance,0.49375703110218444,1.2149831253547574,15.200000000000001,0.7658445182865437,0.5125736969284437,0.31811105261404443,1.7360912120296639,0.822253306027958
Benchmark guidance,0.49375703110218444,1.2149831253547574,15.25,0.7658444730242888,0.5125736875118322,0.318111041207715,1.7417521151965274,0.8222532927975464
Benchmark guidance,0.49375703110218444,1.2149831253547574,15.3,0.7658444296299475,0.5125736784826591,0.3181110302651361,1.7474130182738945,0.8222532801131357
Benchmark guidance,0.49375703110218444,1.2149831253547574,15.350000000000001,0.7658443880291397,0.5125736698254987,0.318111019767966,1.7530739212653295,0.8222532679529844
Benchmark guidance,0.49375703110218444,1.2149831253547574,15.4,0.7658443481500953,0.5125736615254727,0.3181110096985277,1.7587348241742717,0.8222532562961135
Benchmark guidance,0.49375703110218444,1.2149831253547574,15.450000000000001,0.7658443099232036,0.5125736535681658,0.31811100003972975,1.7643957270040587,0.8222532451221758
Benchmark guidance,0.49375703110218444,1.2149831253547574,15.5,0.7658442732805121,0.5125736459395306,0.31811099077498045,1.770056629757948,0.8222532344113082
Benchmark guidance,0.49375703110218444,1.2149831253547574,15.55,0.7658442381551682,0.5125736386257832,0.318110981888093,1.7757175324391468,0.8222532241439695
Benchmark guidance,0.49375703110218444,1.2149831253547574,15.600000000000001,0.7658442044808008,0.5125736316132871,0.3181109733631821,1.7813784350508401,0.8222532143007591
Benchmark guidance,0.49375703110218444,1.2149831253547574,15.65,0.765844172190838,0.5125736248884258,0.31811096518455084,1.7870393375962246,0.8222532048622178
Benchmark guidance,0.49375703110218444,1.2149831253547574,15.700000000000001,0.7658441412177557,0.5125736184374627,0.3181109573365676,1.7927002400785463,0.8222531958086078
Benchmark guidance,0.49375703110218444,1.2149831253547574,15.75,0.7658441115006137,0.5125736122479297,0.31811094980483373,1.7983611425007309,0.8222531871221158
Benchmark guidance,0.49375703110218444,1.2149831253547574,15.8,0.7658440830051146,0.512573606312312,0.31811094257925715,1.8040220448644078,0.8222531787927171
Benchmark guidance,0.49375703110218444,1.2149831253547574,15.850000000000001,0.7658440556821189,0.5125736006203936,0.3181109356475854,1.809682947171931,0.8222531708060474
Benchmark guidance,0.49375703110218444,1.2149831253547574,15.9,0.7658440294829945,0.5125735951621024,0.31811092899783777,1.8153438494256307,0.8222531631478915
Benchmark guidance,0.49375703110218444,1.2149831253547574,15.950000000000001,0.7658440043613883,0.5125735899278332,0.31811092261857193,1.8210047516277292,0.8222531558047004
Benchmark guidance,0.49375703110218444,1.2149831253547574,16.0,0.7658439802730591,0.5125735849084149,0.3181109164988479,1.8266656537803458,0.8222531487635416
Benchmark guidance,0.49375703110218444,1.2149831253547574,16.05,0.7658439571757265,0.5125735800950796,0.3181109106281944,1.8323265558855073,0.8222531420120569
Benchmark guidance,0.49375703110218444,1.2149831253547574,16.1,0.7658439350289343,0.5125735754794354,0.3181109049965794,1.8379874579451516,0.8222531355384205
Benchmark guidance,0.49375703110218444,1.2149831253547574,16.150000000000002,0.7658439137939275,0.5125735710534415,0.3181108995943824,1.8436483599611357,0.822253129331304
Benchmark guidance,0.49375703110218444,1.2149831253547574,16.2,0.7658438934335416,0.5125735668093855,0.3181108944123698,1.8493092619352398,0.8222531233798442
Benchmark guidance,0.49375703110218444,1.2149831253547574,16.25,0.7658438739121054,0.5125735627398641,0.3181108894416731,1.8549701638691736,0.8222531176736142
Benchmark guidance,0.49375703110218444,1.2149831253547574,16.3,0.7658438551953526,0.5125735588377652,0.31811088467376897,1.8606310657645784,0.8222531122025977
Benchmark guidance,0.49375703110218444,1.2149831253547574,16.35,0.765843837250346,0.5125735550962519,0.31811088010046157,1.8662919676230318,0.822253106957167
Benchmark guidance,0.49375703110218444,1.2149831253547574,16.400000000000002,0.7658438200454103,0.5125735515087492,0.3181108757138669,1.8719528694460519,0.8222531019280631
Benchmark guidance,0.49375703110218444,1.2149831253547574,16.45,0.7658438035500738,0.5125735480689321,0.31811087150639944,1.8776137712350978,0.8222530971063793
Benchmark guidance,0.49375703110218444,1.2149831253547574,16.5,0.7658437877350178,0.5125735447707147,0.31811086747075956,1.8832746729915748,0.8222530924835454
Benchmark guidance,0.49375703110218444,1.2149831253547574,16.55,0.7658437725720341,0.5125735416082422,0.3181108635999232,1.888935574716834,0.8222530880513159
Benchmark guidance,0.49375703110218444,1.2149831253547574,16.6,0.7658437580339877,0.5125735385758821,0.3181108598871328,1.894596476412175,0.8222530838017593
Benchmark guidance,0.49375703110218444,1.2149831253547574,16.650000000000002,0.765843744094786,0.5125735356682186,0.318110856325889,1.900257378078848,0.8222530797272483
Benchmark guidance,0.49375703110218444,1.2149831253547574,16.7,0.7658437307293517,0.5125735328800465,0.3181108529099436,1.9059182797180543,0.8222530758204529
Benchmark guidance,0.49375703110218444,1.2149831253547574,16.75,0.7658437179136016,0.5125735302063663,0.3181108496332939,1.911579181330948,0.8222530720743333
Benchmark guidance,0.49375703110218444,1.2149831253547574,16.8,0.7658437056244258,0.5125735276423807,0.31811084649017635,1.9172400829186356,0.8222530684821345
Benchmark guidance,0.49375703110218444,1.2149831253547574,16.85,0.7658436938396719,0.51257352518349,0.3181108434750625,1.9229009844821785,0.8222530650373812
Benchmark guidance,0.49375703110218444,1.2149831253547574,16.900000000000002,0.7658436825381285,0.5125735228252893,0.3181108405826539,1.9285618860225926,0.8222530617338731
Benchmark guidance,0.49375703110218444,1.2149831253547574,16.95,0.7658436716995116,0.5125735205635653,0.3181108378078775,1.9342227875408493,0.8222530585656811
Benchmark guidance,0.49375703110218444,1.2149831253547574,17.0,0.7658436613044488,0.5125735183942924,0.31811083514588206,1.939883689037877,0.8222530555271426
Benchmark guidance,0.49375703110218444,1.2149831253547574,17.05,0.7658436513344644,0.5125735163136305,0.31811083259203277,1.94554459051456,0.8222530526128569
Benchmark guidance,0.49375703110218444,1.2149831253547574,17.1,0.7658436417719612,0.5125735143179198,0.31811083014190694,1.9512054919717414,0.8222530498176804
Benchmark guidance,0.49375703110218444,1.2149831253547574,17.150000000000002,0.7658436326002014,0.5125735124036778,0.3181108277912887,1.9568663934102222,0.8222530471367205
Benchmark guidance,0.49375703110218444,1.2149831253547574,17.2,0.7658436238032832,0.5125735105675939,0.3181108255361629,1.9625272948307635,0.822253044565329
Benchmark guidance,0.49375703110218444,1.2149831253547574,17.25,0.7658436153661131,0.5125735088065237,0.3181108233727085,1.9681881962340888,0.8222530420990939
Benchmark guidance,0.49375703110218444,1.2149831253547574,17.3,0.7658436072743744,0.5125735071174827,0.318110821297291,1.9738490976208827,0.8222530397338306
Benchmark guidance,0.49375703110218444,1.2149831253547574,17.35,0.7658435995144887,0.5125735054976384,0.3181108193064536,1.979509998991795,0.8222530374655697
Benchmark guidance,0.49375703110218444,1.2149831253547574,17.400000000000002,0.7658435920735718,0.512573503944301,0.3181108173969069,1.9851709003474425,0.8222530352905454
Benchmark guidance,0.49375703110218444,1.2149831253547574,17.45,0.765843584939382,0.5125735024549134,0.31811081556551773,1.9908318016884106,0.8222530332051791
Benchmark guidance,0.49375703110218444,1.2149831253547574,17.5,0.7658435781002599,0.512573501027039,0.31811081380929596,1.9964927030152575,0.8222530312060629
Benchmark guidance,0.49375703110218444,1.2149831253547574,17.55,0.7658435715450599,0.5125734996583476,0.31811081212537917,2.002153604328516,0.8222530292899388
Benchmark guidance,0.49375703110218444,1.2149831253547574,17.6,0.7658435652630712,0.5125734983466003,0.31811081051101625,2.007814505628699,0.8222530274536759
Benchmark guidance,0.49375703110218444,1.2149831253547574,17.650000000000002,0.7658435592439291,0.5125734970896306,0.3181108089635481,2.013475406916302,0.8222530256942449
Benchmark guidance,0.49375703110218444,1.2149831253547574,17.7,0.7658435534775144,0.5125734958853255,0.31811080748038656,2.019136308191809,0.8222530240086873
Benchmark guidance,0.49375703110218444,1.2149831253547574,17.75,0.7658435479538406,0.5125734947316026,0.3181108060589904,2.0247972094556985,0.8222530223940845
Benchmark guidance,0.49375703110218444,1.2149831253547574,17.8,0.7658435426629283,0.5125734936263847,0.3181108046968394,2.030458110708448,0.8222530208475192
Benchmark guidance,0.49375703110218444,1.2149831253547574,17.85,0.765843537594666,0.5125734925675726,0.3181108033914049,2.0361190119505417,0.8222530193660358
Benchmark guidance,0.49375703110218444,1.2149831253547574,17.900000000000002,0.7658435327386557,0.5125734915530142,0.31811080214011794,2.041779913182478,0.8222530179465949
Benchmark guidance,0.49375703110218444,1.2149831253547574,17.95,0.765843528084044,0.5125734905804714,0.3181108009403341,2.047440814404777,0.822253016586024
Benchmark guidance,0.49375703110218444,1.2149831253547574,18.0,0.7658435236193365,0.5125734896475821,0.318110799789295,2.053101715617991,0.8222530152809633
Benchmark guidance,0.49375703110218444,1.2149831253547574,18.05,0.7658435193321947,0.5125734887518212,0.3181107986840867,2.0587626168227127,0.822253014027806
Benchmark guidance,0.49375703110218444,1.2149831253547574,18.1,0.7658435152130189,0.5125734878912104,0.3181107976223741,2.0644235180194013,0.8222530128237462
Benchmark guidance,0.49375703110218444,1.2149831253547574,18.150000000000002,0.7658435112630334,0.5125734870659188,0.3181107966040527,2.0700844192079955,0.8222530116691419
Benchmark guidance,0.49375703110218444,1.2149831253547574,18.2,0.7658435074757879,0.5125734862745954,0.31811079562745076,2.075745320388803,0.8222530105621073
Benchmark guidance,0.49375703110218444,1.2149831253547574,18.25,0.7658435038444124,0.5125734855158094,0.31811079469082565,2.081406221562154,0.8222530095006345
Benchmark guidance,0.49375703110218444,1.2149831253547574,18.3,0.7658435003624015,0.5125734847882052,0.3181107937925241,2.0870671227283584,0.8222530084828218
Benchmark guidance,0.49375703110218444,1.2149831253547574,18.35,0.7658434970235825,0.512573484090496,0.31811079293097505,2.0927280238877124,0.822253007506865
Benchmark guidance,0.49375703110218444,1.2149831253547574,18.400000000000002,0.7658434938220876,0.5125734834214583,0.3181107921046828,2.0983889250404966,0.8222530065710488
Benchmark guidance,0.49375703110218444,1.2149831253547574,18.45,0.765843490752328,0.5125734827799263,0.31811079131222086,2.1040498261869782,0.8222530056737397
Benchmark guidance,0.49375703110218444,1.2149831253547574,18.5,0.7658434878089699,0.5125734821647874,0.3181107905522267,2.109710727327413,0.8222530048133785
Benchmark guidance,0.49375703110218444,1.2149831253547574,18.55,0.7658434849869137,0.5125734815749774,0.31811078982339636,2.1153716284620447,0.8222530039884745
Benchmark guidance,0.49375703110218444,1.2149831253547574,18.6,0.7658434822812747,0.5125734810094771,0.31811078912448043,2.1210325295911074,0.8222530031976
Benchmark guidance,0.49375703110218444,1.2149831253547574,18.650000000000002,0.765843479687367,0.5125734804673084,0.3181107884542796,2.1266934307148246,0.8222530024393851
Benchmark guidance,0.49375703110218444,1.2149831253547574,18.7,0.7658434772006871,0.5125734799475316,0.3181107878116411,2.132354331833412,0.8222530017125137
Benchmark guidance,0.49375703110218444,1.2149831253547574,18.75,0.7658434748169025,0.5125734794492424,0.318110787195456,2.1380152329470774,0.8222530010157192
Benchmark guidance,0.49375703110218444,1.2149831253547574,18.8,0.7658434725318387,0.5125734789715696,0.31811078660465586,2.14367613405602,0.8222530003477814
Benchmark guidance,0.49375703110218444,1.2149831253547574,18.85,0.7658434703414706,0.5125734785136733,0.31811078603821075,2.149337035160433,0.8222529997075235
Benchmark guidance,0.49375703110218444,1.2149831253547574,18.900000000000002,0.7658434682419134,0.5125734780747431,0.31811078549512706,2.1549979362605014,0.8222529990938103
Benchmark guidance,0.49375703110218444,1.2149831253547574,18.95,0.7658434662294163,0.5125734776539962,0.3181107849744457,2.160658837356405,0.8222529985055453
Benchmark guidance,0.49375703110218444,1.2149831253547574,19.0,0.7658434643003563,0.512573477250677,0.31811078447524105,2.1663197384483173,0.8222529979416695
Benchmark guidance,0.49375703110218444,1.2149831253547574,19.05,0.7658434624512342,0.5125734768640557,0.3181107839966191,2.171980639536406,0.82225299740116
Benchmark guidance,0.49375703110218444,1.2149831253547574,19.1,0.7658434606786707,0.5125734764934275,0.3181107835377171,2.177641540620833,0.822252996883029
Benchmark guidance,0.49375703110218444,1.2149831253547574,19.150000000000002,0.7658434589794038,0.5125734761381123,0.3181107830977028,2.1833024417017537,0.8222529963863231
Benchmark guidance,0.49375703110218444,1.2149831253547574,19.200000000000003,0.7658434573502875,0.512573475797454,0.3181107826757735,2.188963342779319,0.8222529959101227
Benchmark guidance,0.49375703110218444,1.2149831253547574,19.25,0.76584345578829,0.5125734754708208,0.3181107822711561,2.194624243853673,0.8222529954535414
Benchmark guidance,0.49375703110218444,1.2149831253547574,19.3,0.7658434542904942,0.5125734751576042,0.3181107818831066,2.200285144924957,0.8222529950157266
Benchmark guidance,0.49375703110218444,1.2149831253547574,19.35,0.765843452854096,0.5125734748572199,0.3181107815109102,2.2059460459933047,0.8222529945958589
Benchmark guidance,0.49375703110218444,1.2149831253547574,19.400000000000002,0.7658434514764065,0.5125734745691073,0.318110781153881,2.211606947058844,0.8222529941931519
Benchmark guidance,0.49375703110218444,1.2149831253547574,19.450000000000003,0.7658434501548508,0.5125734742927295,0.3181107808113619,2.2172678481216987,0.8222529938068531
Benchmark guidance,0.49375703110218444,1.2149831253547574,19.5,0.7658434488869692,0.5125734740275736,0.3181107804827252,2.2229287491819862,0.8222529934362438
Benchmark guidance,0.49375703110218444,1.2149831253547574,19.55,0.765843447670418,0.512573473773151,0.31811078016737176,2.2285896502398193,0.8222529930806386
Benchmark guidance,0.49375703110218444,1.2149831253547574,19.6,0.7658434465029696,0.5125734735289967,0.31811077986473185,2.2342505512953044,0.8222529927393863
Benchmark guidance,0.49375703110218444,1.2149831253547574,19.650000000000002,0.7658434453825127,0.5125734732946705,0.31811077957426437,2.239911452348542,0.82225299241187
Benchmark guidance,0.49375703110218444,1.2149831253547574,19.700000000000003,0.765843444307052,0.5125734730697555,0.31811077929545717,2.245572353399628,0.8222529920975065
Benchmark guidance,0.49375703110218444,1.2149831253547574,19.75,0.7658434432747075,0.5125734728538592,0.31811077902782653,2.251233254448651,0.822252991795746
Benchmark guidance,0.49375703110218444,1.2149831253547574,19.8,0.7658434422837137,0.5125734726466127,0.318110778770917,2.256894155495698,0.8222529915060725
Benchmark guidance,0.49375703110218444,1.2149831253547574,19.85,0.7658434413324168,0.51257347244767,0.31811077852430064,2.262555056540846,0.8222529912280027
Benchmark guidance,0.49375703110218444,1.2149831253547574,19.900000000000002,0.7658434404192723,0.5125734722567079,0.31811077828757645,2.26821595758417,0.8222529909610851
Benchmark guidance,0.49375703110218444,1.2149831253547574,19.950000000000003,0.7658434395428416,0.512573472073425,0.3181107780603693,2.273876858625738,0.8222529907048991
Benchmark guidance,0.49375703110218444,1.2149831253547574,20.0,0.7658434387017865,0.5125734718975405,0.3181107778423289,2.2795377596656143,0.8222529904590536
Benchmark guidance,0.49375703110218444,1.2149831253547574,20.05,0.7658434378948633,0.5125734717287936,0.3181107776331281,2.2851986607038586,0.822252990223185
Benchmark guidance,0.49375703110218444,1.2149831253547574,20.1,0.7658434371209158,0.5125734715669412,0.3181107774324615,2.290859561740526,0.8222529899969555
Benchmark guidance,0.49375703110218444,1.2149831253547574,20.150000000000002,0.7658434363788665,0.5125734714117568,0.3181107772400431,2.2965204627756672,0.82225298978005
Benchmark guidance,0.49375703110218444,1.2149831253547574,20.200000000000003,0.7658434356677062,0.5125734712630277,0.31811077705560403,2.3021813638093316,0.8222529895721735
Benchmark guidance,0.49375703110218444,1.2149831253547574,20.25,0.7658434349864821,0.5125734711205532,0.3181107768788898,2.3078422648415637,0.8222529893730477
Benchmark guidance,0.49375703110218444,1.2149831253547574,20.3,0.7658434343342844,0.5125734709841416,0.3181107767096568,2.3135031658724077,0.8222529891824065
Benchmark guidance,0.49375703110218444,1.2149831253547574,20.35,0.7658434337102304,0.512573470853607,0.3181107765476694,2.319164066901905,0.8222529889999918
Benchmark guidance,0.49375703110218444,1.2149831253547574,20.400000000000002,0.7658434331134475,0.5125734707287656,0.31811077639269514,2.3248249679300983,0.8222529888255484
Benchmark guidance,0.49375703110218444,1.2149831253547574,20.450000000000003,0.7658434325430531,0.5125734706094319,0.3181107762445007,2.330485868957029,0.8222529886588187
Benchmark guidance,0.49375703110218444,1.2149831253547574,20.5,0.765843431998133,0.5125734704954144,0.31811077610284666,2.3361467699827405,0.8222529884995352
Benchmark guidance,0.49375703110218444,1.2149831253547574,20.55,0.765843431477717,0.5125734703865099,0.318110775967482,2.34180767100728,0.8222529883474146
Benchmark guidance,0.49375703110218444,1.2149831253547574,20.6,0.765843430980753,0.5125734702824992,0.31811077583813796,2.3474685720306976,0.822252988202149
Benchmark guidance,0.49375703110218444,1.2149831253547574,20.650000000000002,0.7658434305060766,0.5125734701831405,0.31811077571452134,2.3531294730530488,0.8222529880633982
Benchmark guidance,0.49375703110218444,1.2149831253547574,20.700000000000003,0.7658434300523802,0.5125734700881626,0.31811077559630724,2.3587903740743967,0.8222529879307799
Benchmark guidance,0.49375703110218444,1.2149831253547574,20.75,0.765843429618178,0.5125734699972586,0.31811077548313105,2.3644512750948117,0.82225298780386
Benchmark guidance,0.49375703110218444,1.2149831253547574,20.8,0.7658434292017681,0.5125734699100777,0.3181107753745799,2.370112176114376,0.8222529876821411
Benchmark guidance,0.49375703110218444,1.2149831253547574,20.85,0.7658434288011923,0.5125734698262173,0.3181107752701833,2.375773077133184,0.8222529875650502
Benchmark guidance,0.49375703110218444,1.2149831253547574,20.900000000000002,0.7658434284141921,0.5125734697452137,0.318110775169403,2.3814339781513434,0.8222529874519278
Benchmark guidance,0.49375703110218444,1.2149831253547574,20.950000000000003,0.7658434280399513,0.5125734696668973,0.318110775072033,2.387094879168894,0.8222529873425349
Benchmark guidance,0.49375703110218444,1.2149831253547574,21.0,0.7658434276810893,0.5125734695917984,0.31811077497865514,2.3927557801857082,0.8222529872376374
Benchmark guidance,0.49375703110218444,1.2149831253547574,21.05,0.7658434273370635,0.5125734695198029,0.31811077488912654,2.3984166812018137,0.8222529871370766
Benchmark guidance,0.49375703110218444,1.2149831253547574,21.1,0.7658434270072038,0.5125734694507709,0.31811077480327565,2.4040775822172415,0.8222529870406566
Benchmark guidance,0.49375703110218444,1.2149831253547574,21.150000000000002,0.7658434266908872,0.512573469384572,0.3181107747209427,2.409738483232022,0.8222529869481954
Benchmark guidance,0.49375703110218444,1.2149831253547574,21.200000000000003,0.7658434263875336,0.5125734693210854,0.31811077464197807,2.4153993842461827,0.8222529868595232
Benchmark guidance,0.49375703110218444,1.2149831253547574,21.25,0.7658434260965998,0.5125734692601972,0.3181107745662417,2.421060285259749,0.8222529867744816
Benchmark guidance,0.49375703110218444,1.2149831253547574,21.3,0.7658434258175777,0.5125734692018014,0.3181107744936018,2.4267211862727462,0.8222529866929217
Benchmark guidance,0.49375703110218444,1.2149831253547574,21.35,0.7658434255499887,0.5125734691457976,0.3181107744239343,2.4323820872851964,0.8222529866147039
Benchmark guidance,0.49375703110218444,1.2149831253547574,21.400000000000002,0.7658434252933817,0.5125734690920917,0.3181107743571217,2.438042988297122,0.822252986539696
Benchmark guidance,0.49375703110218444,1.2149831253547574,21.450000000000003,0.765843425047329,0.512573469040594,0.3181107742930527,2.443703889308543,0.8222529864677735
Benchmark guidance,0.49375703110218444,1.2149831253547574,21.5,0.7658434248114245,0.5125734689912196,0.3181107742316211,2.449364790319478,0.822252986398817
Benchmark guidance,0.49375703110218444,1.2149831253547574,21.55,0.7658434245852804,0.5125734689438873,0.31811077417272576,2.4550256913299466,0.8222529863327139
Benchmark guidance,0.49375703110218444,1.2149831253547574,21.6,0.7658434243685256,0.5125734688985195,0.3181107741162696,2.460686592339967,0.8222529862693551
Benchmark guidance,0.49375703110218444,1.2149831253547574,21.650000000000002,0.765843424160803,0.5125734688550413,0.3181107740621594,2.466347493349555,0.8222529862086364
Benchmark guidance,0.49375703110218444,1.2149831253547574,21.700000000000003,0.7658434239617685,0.5125734688133808,0.31811077401030513,2.472008394358727,0.8222529861504575
Benchmark guidance,0.49375703110218444,1.2149831253547574,21.75,0.7658434237710892,0.5125734687734682,0.31811077396061993,2.4776692953675,0.8222529860947209
Benchmark guidance,0.49375703110218444,1.2149831253547574,21.8,0.7658434235884419,0.512573468735236,0.31811077391301945,2.483330196375889,0.8222529860413318
Benchmark guidance,0.49375703110218444,1.2149831253547574,21.85,0.7658434234135123,0.5125734686986183,0.3181107738674219,2.488991097383909,0.8222529859901989
Benchmark guidance,0.49375703110218444,1.2149831253547574,21.900000000000002,0.765843423245994,0.512573468663551,0.31811077382374753,2.494651998391574,0.8222529859412324
Benchmark guidance,0.49375703110218444,1.2149831253547574,21.950000000000003,0.7658434230855876,0.5125734686299716,0.31811077378191865,2.5003128993988994,0.8222529858943446
Benchmark guidance,0.49375703110218444,1.2149831253547574,22.0,0.7658434229320008,0.5125734685978187,0.3181107737418594,2.5059738004058985,0.8222529858494503
Benchmark guidance,0.49375703110218444,1.2149831253547574,22.05,0.7658434227849471,0.5125734685670328,0.3181107737034957,2.5116347014125857,0.8222529858064656
Benchmark guidance,0.49375703110218444,1.2149831253547574,22.1,0.7658434226441462,0.5125734685375549,0.3181107736667552,2.5172956024189737,0.8222529857653086
Benchmark guidance,0.49375703110218444,1.2149831253547574,22.150000000000002,0.7658434225093237,0.5125734685093278,0.3181107736315672,2.5229565034250756,0.8222529857258991
Benchmark guidance,0.49375703110218444,1.2149831253547574,22.200000000000003,0.7658434223802109,0.5125734684822955,0.3181107735978626,2.5286174044309044,0.8222529856881587
Benchmark guidance,0.49375703110218444,1.2149831253547574,22.25,0.7658434222565453,0.512573468456403,0.318110773565574,2.534278305436473,0.8222529856520104
Benchmark guidance,0.49375703110218444,1.2149831253547574,22.3,0.7658434221380707,0.5125734684315967,0.3181107735346356,2.5399392064417934,0.8222529856173796
Benchmark guidance,0.49375703110218444,1.2149831253547574,22.35,0.765843422024537,0.5125734684078246,0.31811077350498357,2.5456001074468775,0.8222529855841931
Benchmark guidance,0.49375703110218444,1.2149831253547574,22.400000000000002,0.7658434219157014,0.5125734683850358,0.31811077347655575,2.551261008451737,0.8222529855523798
Benchmark guidance,0.49375703110218444,1.2149831253547574,22.450000000000003,0.7658434218113283,0.5125734683631812,0.318110773449292,2.556921909456383,0.822252985521871
Benchmark guidance,0.49375703110218444,1.2149831253547574,22.5,0.7658434217111895,0.5125734683422131,0.3181107734231341,2.562582810460827,0.8222529854925997
Benchmark guidance,0.49375703110218444,1.2149831253547574,22.55,0.7658434216150654,0.5125734683220857,0.31811077339802607,2.5682437114650787,0.8222529854645021
Benchmark guidance,0.49375703110218444,1.2149831253547574,22.6,0.7658434215227452,0.512573468302755,0.3181107733739141,2.5739046124691485,0.8222529854375163
Benchmark guidance,0.49375703110218444,1.2149831253547574,22.650000000000002,0.7658434214340273,0.5125734682841788,0.31811077335074683,2.5795655134730464,0.8222529854115836
Benchmark guidance,0.49375703110218444,1.2149831253547574,22.700000000000003,0.76584342134872,0.5125734682663173,0.3181107733284753,2.5852264144767814,0.8222529853866476
Benchmark guidance,0.49375703110218444,1.2149831253547574,22.75,0.765843421266642,0.5125734682491325,0.31811077330705323,2.5908873154803618,0.8222529853626558
Benchmark guidance,0.49375703110218444,1.2149831253547574,22.8,0.7658434211876227,0.5125734682325888,0.318110773286437,2.596548216483796,0.822252985339558
Benchmark guidance,0.49375703110218444,1.2149831253547574,22.85,0.7658434211115033,0.5125734682166528,0.3181107732665858,2.602209117487092,0.8222529853173077
Benchmark guidance,0.49375703110218444,1.2149831253547574,22.900000000000002,0.7658434210381363,0.5125734682012941,0.31811077324746173,2.607870018490256,0.8222529852958622
Benchmark guidance,0.49375703110218444,1.2149831253547574,22.950000000000003,0.7658434209673867,0.5125734681864842,0.3181107732290299,2.6135309194932956,0.8222529852751816
Benchmark guidance,0.49375703110218444,1.2149831253547574,23.0,0.7658434208991314,0.5125734681721973,0.3181107732112584,2.6191918204962152,0.8222529852552303
Benchmark guidance,0.49375703110218444,1.2149831253547574,23.05,0.7658434208332604,0.5125734681584105,0.3181107731941184,2.6248527214990216,0.8222529852359758
Benchmark guidance,0.49375703110218444,1.2149831253547574,23.1,0.7658434207696762,0.5125734681451034,0.3181107731775841,2.6305136225017183,0.8222529852173897
Benchmark guidance,0.49375703110218444,1.2149831253547574,23.150000000000002,0.7658434207082937,0.512573468132258,0.318110773161633,2.63617452350431,0.8222529851994472
Benchmark guidance,0.49375703110218444,1.2149831253547574,23.200000000000003,0.7658434206490407,0.5125734681198592,0.31811077314624536,2.6418354245068003,0.8222529851821272
Benchmark guidance,0.49375703110218444,1.2149831253547574,23.25,0.765843420591857,0.5125734681078943,0.3181107731314045,2.647496325509191,0.8222529851654121
Benchmark guidance,0.49375703110218444,1.2149831253547574,23.3,0.7658434205366944,0.5125734680963531,0.31811077311709673,2.6531572265114858,0.8222529851492877
Benchmark guidance,0.49375703110218444,1.2149831253547574,23.35,0.765843420483516,0.5125734680852276,0.31811077310331093,2.6588181275136855,0.8222529851337433
Benchmark guidance,0.49375703110218444,1.2149831253547574,23.400000000000002,0.7658434204322951,0.5125734680745123,0.31811077309003866,2.6644790285157915,0.8222529851187712
Benchmark guidance,0.49375703110218444,1.2149831253547574,23.450000000000003,0.765843420383015,0.5125734680642033,0.31811077307727365,2.670139929517805,0.8222529851043663
Benchmark guidance,0.49375703110218444,1.2149831253547574,23.5,0.7658434203356673,0.5125734680542989,0.3181107730650118,2.6758008305197256,0.8222529850905264
Benchmark guidance,0.49375703110218444,1.2149831253547574,23.55,0.7658434202902507,0.5125734680447985,0.3181107730532507,2.6814617315215545,0.8222529850772506
Benchmark guidance,0.49375703110218444,1.2149831253547574,23.6,0.7658434202467693,0.5125734680357027,0.3181107730419894,2.6871226325232906,0.8222529850645408
Benchmark guidance,0.49375703110218444,1.2149831253547574,23.650000000000002,0.7658434202052317,0.5125734680270132,0.3181107730312279,2.692783533524934,0.8222529850523991
Benchmark guidance,0.49375703110218444,1.2149831253547574,23.700000000000003,0.7658434201656474,0.5125734680187318,0.31811077302096663,2.6984444345264835,0.8222529850408284
Benchmark guidance,0.49375703110218444,1.2149831253547574,23.75,0.7658434201280262,0.5125734680108602,0.3181107730112059,2.704105335527939,0.8222529850298315
Benchmark guidance,0.49375703110218444,1.2149831253547574,23.8,0.7658434200923743,0.5125734680033998,0.31811077300194557,2.7097662365293003,0.8222529850194104
Benchmark guidance,0.49375703110218444,1.2149831253547574,23.85,0.7658434200586925,0.5125734679963503,0.318110772993184,2.7154271375305674,0.8222529850095649
Benchmark guidance,0.49375703110218444,1.2149831253547574,23.900000000000002,0.7658434200269725,0.5125734679897099,0.31811077298491763,2.721088038531741,0.8222529850002929
Benchmark guidance,0.49375703110218444,1.2149831253547574,23.950000000000003,0.7658434199971935,0.5125734679834744,0.31811077297714013,2.726748939532821,0.8222529849915884
Benchmark guidance,0.49375703110218444,1.2149831253547574,24.0,0.7658434199693189,0.5125734679776357,0.31811077296984125,2.7324098405338098,0.8222529849834405
Benchmark guidance,0.49375703110218444,1.2149831253547574,24.05,0.7658434199432916,0.5125734679721821,0.3181107729630062,2.7380707415347105,0.8222529849758325
Benchmark guidance,0.49375703110218444,1.2149831253547574,24.1,0.7658434199190304,0.5125734679670966,0.31811077295661455,2.743731642535527,0.8222529849687408
Benchmark guidance,0.49375703110218444,1.2149831253547574,24.150000000000002,0.7658434198964245,0.5125734679623561,0.318110772950639,2.7493925435362634,0.822252984962133
Benchmark guidance,0.49375703110218444,1.2149831253547574,24.200000000000003,0.7658434198753287,0.5125734679579306,0.3181107729450443,2.7550534445369284,0.8222529849559665
Benchmark guidance,0.49375703110218444,1.2149831253547574,24.25,0.765843419855558,0.5125734679537816,0.3181107729397859,2.760714345537529,0.8222529849501875
Benchmark guidance,0.49375703110218444,1.2149831253547574,24.3,0.7658434198368818,0.5125734679498614,0.3181107729348086,2.7663752465380775,0.8222529849447282
Benchmark guidance,0.49375703110218444,1.2149831253547574,24.35,0.7658434198190173,0.5125734679461111,0.3181107729300451,2.7720361475385875,0.8222529849395063
Benchmark guidance,0.49375703110218444,1.2149831253547574,24.400000000000002,0.7658434198016231,0.5125734679424604,0.31811077292541445,2.7776970485390753,0.8222529849344219
Benchmark guidance,0.49375703110218444,1.2149831253547574,24.450000000000003,0.7658434197842917,0.5125734679388247,0.3181107729208203,2.78335794953956,0.822252984929356
Benchmark guidance,0.49375703110218444,1.2149831253547574,24.5,0.7658434197665428,0.5125734679351047,0.31811077291614925,2.7890188505400646,0.8222529849241678
Benchmark guidance,0.49375703110218444,1.2149831253547574,24.55,0.7658434197485741,0.5125734679313368,0.3181107729114479,2.7946797515405803,0.8222529849189154
Benchmark guidance,0.49375703110218444,1.2149831253547574,24.6,0.7658434197314301,0.5125734679277323,0.31811077290696144,2.8003406525410566,0.8222529849139041
Benchmark guidance,0.49375703110218444,1.2149831253547574,24.650000000000002,0.7658434197150596,0.5125734679242839,0.3181107729026763,2.8060015535414955,0.8222529849091189
Benchmark guidance,0.49375703110218444,1.2149831253547574,24.700000000000003,0.7658434196993972,0.5125734679209815,0.3181107728985759,2.8116624545419007,0.8222529849045407
Benchmark guidance,0.49375703110218444,1.2149831253547574,24.75,0.7658434196843864,0.5125734679178156,0.3181107728946459,2.8173233555422748,0.822252984900153
Benchmark guidance,0.49375703110218444,1.2149831253547574,24.8,0.7658434196699797,0.5125734679147781,0.31811077289087414,2.82298425654262,0.8222529848959418
Benchmark guidance,0.49375703110218444,1.2149831253547574,24.85,0.7658434196561368,0.512573467911862,0.3181107728872502,2.828645157542938,0.8222529848918955
Benchmark guidance,0.49375703110218444,1.2149831253547574,24.900000000000002,0.7658434196428242,0.512573467909061,0.31811077288376555,2.8343060585432314,0.822252984888004
Benchmark guidance,0.49375703110218444,1.2149831253547574,24.950000000000003,0.765843419630014,0.5125734679063698,0.3181107728804129,2.8399669595435,0.8222529848842595
Benchmark guidance,0.49375703110218444,1.2149831253547574,25.0,0.7658434196176835,0.5125734679037836,0.31811077287718637,2.845627860543746,0.8222529848806553
Benchmark guidance,0.49375703110218444,1.2149831253547574,25.05,0.7658434196058145,0.5125734679012983,0.3181107728740811,2.8512887615439704,0.8222529848771859
Benchmark guidance,0.49375703110218444,1.2149831253547574,25.1,0.7658434195943921,0.5125734678989103,0.31811077287109324,2.856949662544173,0.822252984873847
Benchmark guidance,0.49375703110218444,1.2149831253547574,25.150000000000002,0.7658434195834046,0.5125734678966166,0.31811077286821954,2.8626105635443553,0.8222529848706355
Benchmark guidance,0.49375703110218444,1.2149831253547574,25.200000000000003,0.7658434195728431,0.5125734678944144,0.31811077286545764,2.8682714645445166,0.8222529848675482
Benchmark guidance,0.49375703110218444,1.2149831253547574,25.25,0.7658434195627003,0.5125734678923012,0.3181107728628054,2.873932365544658,0.8222529848645833
Benchmark guidance,0.49375703110218444,1.2149831253547574,25.3,0.7658434195529705,0.5125734678902748,0.3181107728602613,2.87959326654478,0.8222529848617394
Benchmark guidance,0.49375703110218444,1.2149831253547574,25.35,0.7658434195436493,0.5125734678883331,0.3181107728578239,2.8852541675448826,0.8222529848590145
Benchmark guidance,0.49375703110218444,1.2149831253547574,25.400000000000002,0.7658434195347328,0.5125734678864745,0.3181107728554922,2.8909150685449654,0.8222529848564083
Benchmark guidance,0.49375703110218444,1.2149831253547574,25.450000000000003,0.7658434195262174,0.5125734678846969,0.318110772853265,2.8965759695450295,0.8222529848539192
Benchmark guidance,0.49375703110218444,1.2149831253547574,25.5,0.7658434195180996,0.512573467882999,0.31811077285114125,2.902236870545074,0.8222529848515464
Benchmark guidance,0.49375703110218444,1.2149831253547574,25.55,0.7658434195103757,0.5125734678813786,0.31811077284911987,2.9078977715451,0.8222529848492887
Benchmark guidance,0.49375703110218444,1.2149831253547574,25.6,0.7658434195030414,0.5125734678798344,0.31811077284719963,2.9135586725451073,0.8222529848471447
Benchmark guidance,0.49375703110218444,1.2149831253547574,25.650000000000002,0.7658434194960917,0.5125734678783644,0.31811077284537914,2.9192195735450963,0.8222529848451132
Benchmark guidance,0.49375703110218444,1.2149831253547574,25.700000000000003,0.7658434194895208,0.512573467876967,0.31811077284365674,2.9248804745450667,0.8222529848431925
Benchmark guidance,0.49375703110218444,1.2149831253547574,25.75,0.765843419483322,0.5125734678756402,0.31811077284203065,2.9305413755450194,0.8222529848413807
Benchmark guidance,0.49375703110218444,1.2149831253547574,25.8,0.7658434194774872,0.512573467874382,0.3181107728404987,2.9362022765449547,0.8222529848396751
Benchmark guidance,0.49375703110218444,1.2149831253547574,25.85,0.7658434194720073,0.5125734678731902,0.3181107728390585,2.941863177544873,0.8222529848380733
Benchmark guidance,0.49375703110218444,1.2149831253547574,25.900000000000002,0.765843419466872,0.5125734678720628,0.3181107728377072,2.947524078544775,0.8222529848365722
Benchmark guidance,0.49375703110218444,1.2149831253547574,25.950000000000003,0.7658434194620694,0.5125734678709973,0.31811077283644196,2.953184979544661,0.8222529848351684
Benchmark guidance,0.49375703110218444,1.2149831253547574,26.0,0.7658434194575866,0.5125734678699914,0.31811077283525924,2.9588458805445312,0.822252984833858
Benchmark guidance,0.49375703110218444,1.2149831253547574,26.05,0.7658434194534093,0.5125734678690422,0.3181107728341554,2.964506781544387,0.822252984832637
Benchmark guidance,0.49375703110218444,1.2149831253547574,26.1,0.7658434194495221,0.5125734678681474,0.3181107728331265,2.970167682544229,0.8222529848315007
Benchmark guidance,0.49375703110218444,1.2149831253547574,26.150000000000002,0.7658434194459081,0.5125734678673038,0.3181107728321682,2.9758285835440583,0.8222529848304443
Benchmark guidance,0.49375703110218444,1.2149831253547574,26.200000000000003,0.7658434194425494,0.5125734678665088,0.318110772831276,2.981489484543875,0.8222529848294626
Benchmark guidance,0.49375703110218444,1.2149831253547574,26.25,0.7658434194394275,0.5125734678657591,0.31811077283044503,2.98715038554368,0.82225298482855
Benchmark guidance,0.49375703110218444,1.2149831253547574,26.3,0.7658434194365223,0.5125734678650516,0.3181107728296703,2.992811286543475,0.8222529848277007
Benchmark guidance,0.49375703110218444,1.2149831253547574,26.35,0.7658434194338135,0.5125734678643834,0.3181107728289467,2.9984721875432605,0.822252984826909
Benchmark guidance,0.49375703110218444,1.2149831253547574,26.400000000000002,0.7658434194312798,0.5125734678637509,0.31811077282826866,3.0041330885430377,0.8222529848261683
Benchmark guidance,0.49375703110218444,1.2149831253547574,26.450000000000003,0.7658434194288994,0.5125734678631509,0.3181107728276308,3.0097939895428074,0.8222529848254726
Benchmark guidance,0.49375703110218444,1.2149831253547574,26.5,0.7658434194266502,0.5125734678625803,0.3181107728270275,3.0154548905425704,0.822252984824815
Benchmark guidance,0.49375703110218444,1.2149831253547574,26.55,0.7658434194245102,0.5125734678620355,0.3181107728264531,3.021115791542329,0.8222529848241896
Benchmark guidance,0.49375703110218444,1.2149831253547574,26.6,0.7658434194224568,0.5125734678615134,0.318110772825902,3.026776692542083,0.8222529848235893
Benchmark guidance,0.49375703110218444,1.2149831253547574,26.650000000000002,0.765843419420468,0.5125734678610107,0.31811077282536854,3.0324375935418346,0.822252984823008
Benchmark guidance,0.49375703110218444,1.2149831253547574,26.700000000000003,0.765843419418522,0.512573467860524,0.31811077282484734,3.038098494541584,0.8222529848224392
Benchmark guidance,0.49375703110218444,1.2149831253547574,26.75,0.7658434194165973,0.5125734678600505,0.31811077282433287,3.043759395541332,0.8222529848218766
Benchmark guidance,0.49375703110218444,1.2149831253547574,26.8,0.7658434194146734,0.512573467859587,0.31811077282382,3.0494202965410797,0.8222529848213141
Benchmark guidance,0.49375703110218444,1.2149831253547574,26.85,0.7658434194127305,0.5125734678591307,0.31811077282330374,3.0550811975408294,0.8222529848207463
Benchmark guidance,0.49375703110218444,1.2149831253547574,26.900000000000002,0.76584341941075,0.5125734678586787,0.31811077282277933,3.0607420985405804,0.8222529848201674
Benchmark guidance,0.49375703110218444,1.2149831253547574,26.950000000000003,0.7658434194087144,0.5125734678582287,0.31811077282224237,3.066402999540334,0.8222529848195724
Benchmark guidance,0.49375703110218444,1.2149831253547574,27.0,0.7658434194066074,0.512573467857778,0.31811077282168887,3.0720639005400914,0.8222529848189565
Benchmark guidance,0.49375703110218444,1.2149831253547574,27.05,0.7658434194044148,0.5125734678573247,0.318110772821115,3.077724801539853,0.8222529848183155
Benchmark guidance,0.49375703110218444,1.2149831253547574,27.1,0.7658434194021235,0.5125734678568665,0.3181107728205177,3.083385702539619,0.8222529848176459
Benchmark guidance,0.49375703110218444,1.2149831253547574,27.150000000000002,0.7658434193997229,0.512573467856402,0.318110772819894,3.089046603539391,0.8222529848169441
Benchmark guidance,0.49375703110218444,1.2149831253547574,27.200000000000003,0.7658434193972037,0.5125734678559296,0.3181107728192418,3.0947075045391688,0.8222529848162077
Benchmark guidance,0.49375703110218444,1.2149831253547574,27.25,0.7658434193945594,0.5125734678554482,0.3181107728185593,3.100368405538952,0.8222529848154347
Benchmark guidance,0.49375703110218444,1.2149831253547574,27.3,0.7658434193917852,0.5125734678549568,0.3181107728178454,3.106029306538742,0.8222529848146238
Benchmark guidance,0.49375703110218444,1.2149831253547574,27.35,0.7658434193888791,0.5125734678544549,0.3181107728170993,3.1116902075385386,0.8222529848137743
Benchmark guidance,0.49375703110218444,1.2149831253547574,27.400000000000002,0.7658434193858412,0.5125734678539421,0.3181107728163212,3.117351108538341,0.8222529848128863
Benchmark guidance,0.49375703110218444,1.2149831253547574,27.450000000000003,0.7658434193826742,0.5125734678534186,0.3181107728155117,3.1230120095381504,0.8222529848119606
Benchmark guidance,0.49375703110218444,1.2149831253547574,27.5,0.7658434193793832,0.5125734678528847,0.31811077281467204,3.1286729105379654,0.8222529848109986
Benchmark guidance,0.49375703110218444,1.2149831253547574,27.55,0.765843419375976,0.512573467852341,0.3181107728138041,3.134333811537786,0.8222529848100028
Benchmark guidance,0.49375703110218444,1.2149831253547574,27.6,0.7658434193724629,0.5125734678517886,0.3181107728129105,3.139994712537612,0.8222529848089759
Benchmark guidance,0.49375703110218444,1.2149831253547574,27.650000000000002,0.7658434193688568,0.5125734678512289,0.3181107728119943,3.1456556135374427,0.8222529848079217
Benchmark guidance,0.49375703110218444,1.2149831253547574,27.700000000000003,0.765843419365173,0.5125734678506634,0.3181107728110594,3.151316514537277,0.8222529848068448
Benchmark guidance,0.49375703110218444,1.2149831253547574,27.75,0.765843419361429,0.5125734678500942,0.3181107728101101,3.156977415537114,0.8222529848057505
Benchmark guidance,0.49375703110218444,1.2149831253547574,27.8,0.7658434193576449,0.5125734678495234,0.31811077280915134,3.162638316536953,0.8222529848046444
Benchmark guidance,0.49375703110218444,1.2149831253547574,27.85,0.7658434193538429,0.5125734678489536,0.3181107728081887,3.168299217536793,0.8222529848035331
Benchmark guidance,0.49375703110218444,1.2149831253547574,27.900000000000002,0.7658434193500471,0.5125734678483876,0.31811077280722816,3.173960118536633,0.8222529848024236
Benchmark guidance,0.49375703110218444,1.2149831253547574,27.950000000000003,0.7658434193462834,0.5125734678478285,0.3181107728062762,3.179621019536471,0.8222529848013235
Benchmark guidance,0.49375703110218444,1.2149831253547574,28.0,0.7658434193425795,0.5125734678472795,0.3181107728053396,3.185281920536306,0.8222529848002408
Benchmark guidance,0.49375703110218444,1.2149831253547574,28.05,0.7658434193389642,0.512573467846744,0.3181107728044256,3.1909428215361375,0.8222529847991839
Benchmark guidance,0.49375703110218444,1.2149831253547574,28.1,0.7658434193354672,0.5125734678462254,0.3181107728035416,3.1966037225359627,0.8222529847981617
Benchmark guidance,0.49375703110218444,1.2149831253547574,28.150000000000002,0.7658434193321191,0.5125734678457274,0.31811077280269523,3.2022646235357812,0.822252984797183
Benchmark guidance,0.49375703110218444,1.2149831253547574,28.200000000000003,0.7658434193289508,0.5125734678452539,0.3181107728018941,3.2079255245355904,0.8222529847962571
Benchmark guidance,0.49375703110218444,1.2149831253547574,28.25,0.765843419325993,0.5125734678448084,0.3181107728011459,3.2135864255353894,0.8222529847953923
Benchmark guidance,0.49375703110218444,1.2149831253547574,28.3,0.7658434193232757,0.5125734678443945,0.31811077280045813,3.2192473265351773,0.8222529847945982
Benchmark guidance,0.49375703110218444,1.2149831253547574,28.35,0.7658434193208281,0.5125734678440158,0.31811077279983796,3.2249082275349523,0.8222529847938826
Benchmark guidance,0.49375703110218444,1.2149831253547574,28.400000000000002,0.7658434193186774,0.5125734678436755,0.3181107727992923,3.2305691285347122,0.8222529847932539
Benchmark guidance,0.49375703110218444,1.2149831253547574,28.450000000000003,0.7658434193168487,0.5125734678433769,0.31811077279882727,3.236230029534457,0.8222529847927196
Benchmark guidance,0.49375703110218444,1.2149831253547574,28.5,0.7658434193153644,0.5125734678431224,0.3181107727984485,3.241890930534185,0.8222529847922855
Benchmark guidance,0.49375703110218444,1.2149831253547574,28.55,0.7658434193142429,0.5125734678429146,0.31811077279816063,3.2475518315338956,0.8222529847919579
Benchmark guidance,0.49375703110218444,1.2149831253547574,28.6,0.7658434193134988,0.512573467842755,0.3181107727979672,3.253212732533588,0.8222529847917402
Benchmark guidance,0.49375703110218444,1.2149831253547574,28.650000000000002,0.7658434193131411,0.5125734678426449,0.3181107727978704,3.2588736335332613,0.8222529847916358
Benchmark guidance,0.49375703110218444,1.2149831253547574,28.700000000000003,0.765843419313173,0.5125734678425847,0.31811077279787114,3.264534534532916,0.8222529847916451
Benchmark guidance,0.49375703110218444,1.2149831253547574,28.75,0.765843419313591,0.5125734678425741,0.31811077279796846,3.270195435532552,0.8222529847917673
Benchmark guidance,0.49375703110218444,1.2149831253547574,28.8,0.7658434193143833,0.5125734678426116,0.3181107727981594,3.27585633653217,0.8222529847919988
Benchmark guidance,0.49375703110218444,1.2149831253547574,28.85,0.7658434193155295,0.5125734678426949,0.31811077279843897,3.2815172375317707,0.8222529847923339
Benchmark guidance,0.49375703110218444,1.2149831253547574,28.900000000000002,0.7658434193169993,0.5125734678428202,0.3181107727987995,3.2871781385313557,0.8222529847927635
Benchmark guidance,0.49375703110218444,1.2149831253547574,28.950000000000003,0.765843419318751,0.5125734678429827,0.3181107727992306,3.2928390395309273,0.8222529847932755
Benchmark guidance,0.49375703110218444,1.2149831253547574,29.0,0.765843419320731,0.5125734678431759,0.3181107727997189,3.298499940530488,0.8222529847938543
Benchmark guidance,0.49375703110218444,1.2149831253547574,29.05,0.7658434193228717,0.5125734678433916,0.31811077280024747,3.3041608415300403,0.8222529847944801
Benchmark guidance,0.49375703110218444,1.2149831253547574,29.1,0.7658434193250907,0.5125734678436199,0.31811077280079586,3.3098217425295893,0.8222529847951285
Benchmark guidance,0.49375703110218444,1.2149831253547574,29.150000000000002,0.7658434193272894,0.5125734678438488,0.3181107728013394,3.3154826435291396,0.8222529847957714
Benchmark guidance,0.49375703110218444,1.2149831253547574,29.200000000000003,0.7658434193293513,0.5125734678440642,0.318110772801849,3.321143544528696,0.822252984796374
Benchmark guidance,0.49375703110218444,1.2149831253547574,29.25,0.7658434193311405,0.5125734678442496,0.31811077280229083,3.3268044455282655,0.822252984796897
Benchmark guidance,0.49375703110218444,1.2149831253547574,29.3,0.7658434193325002,0.5125734678443861,0.3181107728026257,3.332465346527856,0.8222529847972946
Benchmark guidance,0.49375703110218444,1.2149831253547574,29.35,0.765843419333251,0.5125734678444518,0.3181107728028088,3.338126247527476,0.8222529847975139
Benchmark guidance,0.49375703110218444,1.2149831253547574,29.400000000000002,0.7658434193333906,0.5125734678449139,0.3181107728027786,3.3437871485271287,0.8222529847975547
Benchmark guidance,0.49375703110218444,1.2149831253547574,29.450000000000003,0.7658434193348727,0.5125734678507194,0.3181107728024066,3.3494480495267425,0.822252984797988
Benchmark guidance,0.49375703110218444,1.2149831253547574,29.5,0.7658434193378673,0.5125734678618321,0.31811077280174305,3.3551089505263088,0.8222529847988633
Benchmark guidance,0.49375703110218444,1.2149831253547574,29.55,0.7658434193419495,0.5125734678767503,0.3181107728008714,3.3607698515258417,0.8222529848000566
Benchmark guidance,0.49375703110218444,1.2149831253547574,29.6,0.7658434193467489,0.5125734678941669,0.3181107727998644,3.3664307525253525,0.8222529848014595
Benchmark guidance,0.49375703110218444,1.2149831253547574,29.650000000000002,0.7658434193519462,0.5125734679129553,0.3181107727987846,3.372091653524851,0.8222529848029787
Benchmark guidance,0.49375703110218444,1.2149831253547574,29.700000000000003,0.7658434193572694,0.5125734679321564,0.3181107727976853,3.377752554524345,0.8222529848045348
Benchmark guidance,0.49375703110218444,1.2149831253547574,29.75,0.7658434193624908,0.5125734679509673,0.318110772796611,3.3834134555238418,0.8222529848060609
Benchmark guidance,0.49375703110218444,1.2149831253547574,29.8,0.765843419367423,0.5125734679687278,0.31811077279559824,3.3890743565233477,0.8222529848075025
Benchmark guidance,0.49375703110218444,1.2149831253547574,29.85,0.7658434193719161,0.512573467984911,0.3181107727946762,3.3947352575228673,0.822252984808816
Benchmark guidance,0.49375703110218444,1.2149831253547574,29.900000000000002,0.7658434193758549,0.5125734679991107,0.3181107727938672,3.400396158522404,0.8222529848099673
Benchmark guidance,0.49375703110218444,1.2149831253547574,29.950000000000003,0.765843419379155,0.5125734680110317,0.3181107727931874,3.40605705952196,0.822252984810932
Benchmark guidance,0.49375703110218444,1.2149831253547574,30.0,0.7658434193817607,0.5125734680204795,0.3181107727926474,3.411717960521537,0.8222529848116936
Benchmark guidance,0.49375703110218444,1.2149831253547574,30.05,0.7658434193836423,0.512573468027351,0.3181107727922526,3.4173788615211365,0.8222529848122436
Benchmark guidance,0.49375703110218444,1.2149831253547574,30.1,0.7658434193847931,0.512573468031625,0.3181107727920039,3.4230397625207587,0.8222529848125799
Benchmark guidance,0.49375703110218444,1.2149831253547574,30.150000000000002,0.7658434193852272,0.5125734680333531,0.3181107727918982,3.428700663520403,0.8222529848127069
Benchmark guidance,0.49375703110218444,1.2149831253547574,30.200000000000003,0.7658434193849768,0.5125734680326521,0.3181107727919286,3.4343615645200685,0.8222529848126336
Benchmark guidance,0.49375703110218444,1.2149831253547574,30.25,0.7658434193840907,0.5125734680296957,0.31811077279208533,3.4400224655197533,0.8222529848123747
Benchmark guidance,0.49375703110218444,1.2149831253547574,30.3,0.7658434193826312,0.5125734680247066,0.31811077279235556,3.445683366519456,0.8222529848119481
Benchmark guidance,0.49375703110218444,1.2149831253547574,30.35,0.7658434193806728,0.5125734680179497,0.31811077279272426,3.451344267519174,0.8222529848113757
Benchmark guidance,0.49375703110218444,1.2149831253547574,30.400000000000002,0.7658434193782998,0.5125734680097248,0.31811077279317457,3.457005168518905,0.8222529848106821
Benchmark guidance,0.49375703110218444,1.2149831253547574,30.450000000000003,0.7658434193756047,0.5125734680003611,0.3181107727936878,3.4626660695186464,0.8222529848098942
Benchmark guidance,0.49375703110218444,1.2149831253547574,30.5,0.7658434193726866,0.5125734679902099,0.3181107727942442,3.4683269705183934,0.8222529848090412
Benchmark guidance,0.49375703110218444,1.2149831253547574,30.55,0.7658434193696494,0.5125734679796399,0.3181107727948231,3.473987871518145,0.8222529848081533
Benchmark guidance,0.49375703110218444,1.2149831253547574,30.6,0.7658434193666002,0.5125734679690311,0.3181107727954029,3.479648772517897,0.822252984807262
Benchmark guidance,0.49375703110218444,1.2149831253547574,30.650000000000002,0.7658434193636479,0.5125734679587705,0.31811077279596206,3.485309673517646,0.8222529848063992
Benchmark guidance,0.49375703110218444,1.2149831253547574,30.700000000000003,0.7658434193609023,0.5125734679492463,0.3181107727964787,3.4909705745173887,0.8222529848055966
Benchmark guidance,0.49375703110218444,1.2149831253547574,30.75,0.7658434193584723,0.5125734679408447,0.3181107727969312,3.496631475517121,0.8222529848048864
Benchmark guidance,0.49375703110218444,1.2149831253547574,30.8,0.7658434193564649,0.5125734679339451,0.3181107727972982,3.5022923765168406,0.8222529848042995
Benchmark guidance,0.49375703110218444,1.2149831253547574,30.85,0.7658434193549846,0.5125734679289166,0.31811077279755906,3.507953277516544,0.8222529848038669
Benchmark guidance,0.49375703110218444,1.2149831253547574,30.900000000000002,0.7658434193541314,0.5125734679261145,0.31811077279769395,3.5136141785162285,0.8222529848036173
Benchmark guidance,0.49375703110218444,1.2149831253547574,30.950000000000003,0.7658434193540009,0.5125734679258769,0.3181107727976839,3.5192750795158902,0.8222529848035792
Benchmark guidance,0.49375703110218444,1.2149831253547574,31.0,0.7658434193546834,0.5125734679285225,0.3181107727975111,3.5249359805155267,0.8222529848037787
Benchmark guidance,0.49375703110218444,1.2149831253547574,31.05,0.7658434193562622,0.5125734679343473,0.31811077279715905,3.5305968815151356,0.8222529848042403
Benchmark guidance,0.49375703110218444,1.2149831253547574,31.1,0.7658434193588145,0.5125734679436228,0.31811077279661254,3.536257782514715,0.8222529848049863
Benchmark guidance,0.49375703110218444,1.2149831253547574,31.150000000000002,0.7658434193624092,0.5125734679565933,0.31811077279585803,3.5419186835142615,0.822252984806037
Benchmark guidance,0.49375703110218444,1.2149831253547574,31.200000000000003,0.7658434193671075,0.5125734679734749,0.31811077279488353,3.5475795845137745,0.8222529848074104
Benchmark guidance,0.49375703110218444,1.2149831253547574,31.25,0.7658434193729621,0.5125734679944536,0.3181107727936786,3.553240485513251,0.8222529848091217
Benchmark guidance,0.49375703110218444,1.2149831253547574,31.3,0.7658434193800169,0.5125734680196836,0.3181107727922348,3.558901386512691,0.8222529848111839
Benchmark guidance,0.49375703110218444,1.2149831253547574,31.35,0.7658434193883064,0.5125734680492869,0.3181107727905454,3.564562287512093,0.822252984813607
Benchmark guidance,0.49375703110218444,1.2149831253547574,31.400000000000002,0.7658434193978559,0.5125734680833524,0.31811077278860556,3.5702231885114557,0.8222529848163983
Benchmark guidance,0.49375703110218444,1.2149831253547574,31.450000000000003,0.7658434194086812,0.5125734681219343,0.3181107727864123,3.5758840895107795,0.8222529848195627
Benchmark guidance,0.49375703110218444,1.2149831253547574,31.5,0.765843419420788,0.5125734681650532,0.31811077278396466,3.581544990510063,0.8222529848231015
Benchmark guidance,0.49375703110218444,1.2149831253547574,31.55,0.7658434194341728,0.5125734682126947,0.3181107727812636,3.5872058915093072,0.8222529848270141
Benchmark guidance,0.49375703110218444,1.2149831253547574,31.6,0.765843419448822,0.51257346826481,0.3181107727783119,3.592866792508513,0.822252984831296
Benchmark guidance,0.49375703110218444,1.2149831253547574,31.650000000000002,0.7658434194647123,0.5125734683213158,0.3181107727751145,3.5985276935076795,0.8222529848359409
Benchmark guidance,0.49375703110218444,1.2149831253547574,31.700000000000003,0.765843419481811,0.5125734683820949,0.3181107727716781,3.6041885945068093,0.822252984840939
Benchmark guidance,0.49375703110218444,1.2149831253547574,31.75,0.7658434195000756,0.5125734684469965,0.31811077276801125,3.6098494955059026,0.8222529848462777
Benchmark guidance,0.49375703110218444,1.2149831253547574,31.8,0.7658434195194547,0.5125734685158368,0.3181107727641244,3.6155103965049618,0.8222529848519424
Benchmark guidance,0.49375703110218444,1.2149831253547574,31.85,0.7658434195398877,0.5125734685884006,0.3181107727600298,3.6211712975039885,0.8222529848579151
Benchmark guidance,0.49375703110218444,1.2149831253547574,31.900000000000002,0.7658434195613052,0.5125734686644412,0.31811077275574146,3.6268321985029846,0.8222529848641755
Benchmark guidance,0.49375703110218444,1.2149831253547574,31.950000000000003,0.7658434195836296,0.5125734687436827,0.31811077275127486,3.6324930995019526,0.8222529848707012
Benchmark guidance,0.49375703110218444,1.2149831253547574,32.0,0.765843419606775,0.5125734688258201,0.3181107727466474,3.638154000500895,0.8222529848774667
Benchmark guidance,0.49375703110218444,1.2149831253547574,32.050000000000004,0.7658434196306482,0.512573468910522,0.31811077274187766,3.643814901499815,0.8222529848844449
Benchmark guidance,0.49375703110218444,1.2149831253547574,32.1,0.7658434196551483,0.5125734689974311,0.3181107727369859,3.6494758024987157,0.8222529848916065
Benchmark guidance,0.49375703110218444,1.2149831253547574,32.15,0.7658434196801683,0.5125734690861663,0.3181107727319936,3.6551367034976,0.8222529848989201
Benchmark guidance,0.49375703110218444,1.2149831253547574,32.2,0.7658434197055944,0.5125734691763244,0.31811077272692345,3.660797604496472,0.8222529849063522
Benchmark guidance,0.49375703110218444,1.2149831253547574,32.25,0.7658434197313073,0.5125734692674823,0.3181107727217993,3.6664585054953345,0.8222529849138682
Benchmark guidance,0.49375703110218444,1.2149831253547574,32.300000000000004,0.7658434197571825,0.5125734693591982,0.31811077271664606,3.672119406494193,0.8222529849214316
Benchmark guidance,0.49375703110218444,1.2149831253547574,32.35,0.765843419783091,0.5125734694510145,0.3181107727114894,3.6777803074930495,0.822252984929005
Benchmark guidance,0.49375703110218444,1.2149831253547574,32.4,0.7658434198088996,0.512573469542459,0.318110772706356,3.683441208491909,0.8222529849365489
Benchmark guidance,0.49375703110218444,1.2149831253547574,32.45,0.7658434198344719,0.512573469633048,0.318110772701273,3.689102109490776,0.8222529849440239
Benchmark guidance,0.49375703110218444,1.2149831253547574,32.5,0.7658434198596688,0.5125734697222879,0.31811077269626825,3.6947630104896545,0.8222529849513891
Benchmark guidance,0.49375703110218444,1.2149831253547574,32.550000000000004,0.7658434198843487,0.5125734698096778,0.3181107726913698,3.700423911488549,0.8222529849586032
Benchmark guidance,0.49375703110218444,1.2149831253547574,32.6,0.765843419908369,0.5125734698947115,0.31811077268660604,3.7060848124874632,0.8222529849656245
Benchmark guidance,0.49375703110218444,1.2149831253547574,32.65,0.7658434199315862,0.5125734699768807,0.31811077268200566,3.711745713486402,0.8222529849724111
Benchmark guidance,0.49375703110218444,1.2149831253547574,32.7,0.7658434199538565,0.5125734700556761,0.31811077267759713,3.717406614485371,0.8222529849789207
Benchmark guidance,0.49375703110218444,1.2149831253547574,32.75,0.765843419975037,0.5125734701305912,0.318110772673409,3.723067515484373,0.8222529849851118
Benchmark guidance,0.49375703110218444,1.2149831253547574,32.800000000000004,0.765843419994986,0.5125734702011238,0.3181107726694693,3.7287284164834134,0.8222529849909431
Benchmark guidance,0.49375703110218444,1.2149831253547574,32.85,0.7658434200135634,0.5125734702667787,0.3181107726658059,3.734389317482495,0.8222529849963734
Benchmark guidance,0.49375703110218444,1.2149831253547574,32.9,0.7658434200306323,0.5125734703270705,0.318110772662446,3.7400502184816236,0.8222529850013628
Benchmark guidance,0.49375703110218444,1.2149831253547574,32.95,0.7658434200460589,0.5125734703815255,0.3181107726594161,3.7457111194808035,0.822252985005872
Benchmark guidance,0.49375703110218444,1.2149831253547574,33.0,0.7658434200597134,0.5125734704296846,0.318110772656742,3.751372020480037,0.8222529850098633
Benchmark guidance,0.49375703110218444,1.2149831253547574,33.050000000000004,0.7658434200714709,0.5125734704711056,0.3181107726544483,3.75703292147933,0.8222529850133001
Benchmark guidance,0.49375703110218444,1.2149831253547574,33.1,0.7658434200812118,0.5125734705053653,0.31811077265255877,3.7626938224786843,0.8222529850161473
Benchmark guidance,0.49375703110218444,1.2149831253547574,33.15,0.7658434200888223,0.5125734705320621,0.3181107726510959,3.7683547234781045,0.8222529850183721
Benchmark guidance,0.49375703110218444,1.2149831253547574,33.2,0.765843420094196,0.5125734705508184,0.3181107726500807,3.7740156244775944,0.8222529850199428
Benchmark guidance,0.49375703110218444,1.2149831253547574,33.25,0.7658434200972332,0.5125734705612826,0.3181107726495328,3.7796765254771554,0.8222529850208307
Benchmark guidance,0.49375703110218444,1.2149831253547574,33.300000000000004,0.7658434200978423,0.5125734705631312,0.3181107726494703,3.7853374264767923,0.8222529850210086
Benchmark guidance,0.49375703110218444,1.2149831253547574,33.35,0.7658434200959405,0.5125734705560714,0.3181107726499094,3.7909983274765056,0.8222529850204527
Benchmark guidance,0.49375703110218444,1.2149831253547574,33.4,0.7658434200914539,0.5125734705398427,0.3181107726508647,3.796659228476299,0.8222529850191412
Benchmark guidance,0.49375703110218444,1.2149831253547574,33.45,0.7658434200843183,0.5125734705142192,0.31811077265234855,3.802320129476175,0.8222529850170555
Benchmark guidance,0.49375703110218444,1.2149831253547574,33.5,0.7658434200744799,0.512573470479011,0.31811077265437165,3.8079810304761335,0.8222529850141796
Benchmark guidance,0.49375703110218444,1.2149831253547574,33.550000000000004,0.7658434200618954,0.5125734704340665,0.31811077265694215,3.8136419314761776,0.8222529850105011
Benchmark guidance,0.49375703110218444,1.2149831253547574,33.6,0.7658434200465329,0.5125734703792737,0.3181107726600663,3.819302832476306,0.8222529850060106
Benchmark guidance,0.49375703110218444,1.2149831253547574,33.65,0.765843420028372,0.5125734703145618,0.3181107726637478,3.8249637334765216,0.822252985000702
Benchmark guidance,0.49375703110218444,1.2149831253547574,33.7,0.7658434200074044,0.5125734702399029,0.31811077266798804,3.8306246344768247,0.822252984994573
Benchmark guidance,0.49375703110218444,1.2149831253547574,33.75,0.765843419983634,0.512573470155313,0.31811077267278587,3.8362855354772134,0.8222529849876248
Benchmark guidance,0.49375703110218444,1.2149831253547574,33.800000000000004,0.7658434199570779,0.5125734700608533,0.3181107726781377,3.8419464364776887,0.8222529849798623
Benchmark guidance,0.49375703110218444,1.2149831253547574,33.85,0.7658434199277658,0.5125734699566313,0.3181107726840372,3.8476073374782485,0.8222529849712943
Benchmark guidance,0.49375703110218444,1.2149831253547574,33.9,0.7658434198957408,0.5125734698428016,0.3181107726904755,3.8532682384788917,0.8222529849619331
Benchmark guidance,0.49375703110218444,1.2149831253547574,33.95,0.7658434198610596,0.5125734697195665,0.3181107726974411,3.8589291394796184,0.8222529849517957
Benchmark guidance,0.49375703110218444,1.2149831253547574,34.0,0.7658434198237923,0.5125734695871768,0.3181107727049195,3.8645900404804236,0.8222529849409022
Benchmark guidance,0.49375703110218444,1.2149831253547574,34.050000000000004,0.7658434197840231,0.5125734694459317,0.3181107727128938,3.8702509414813075,0.8222529849292773
Benchmark guidance,0.49375703110218444,1.2149831253547574,34.1,0.7658434197418498,0.51257346929618,0.31811077272134414,3.8759118424822643,0.8222529849169499
Benchmark guidance,0.49375703110218444,1.2149831253547574,34.15,0.7658434196973838,0.5125734691383187,0.31811077273024796,3.881572743483292,0.8222529849039523
Benchmark guidance,0.49375703110218444,1.2149831253547574,34.2,0.7658434196507506,0.5125734689727941,0.31811077273957994,3.887233644484388,0.8222529848903211
Benchmark guidance,0.49375703110218444,1.2149831253547574,34.25,0.7658434196020893,0.5125734688001008,0.3181107727493121,3.8928945454855457,0.8222529848760971
Benchmark guidance,0.49375703110218444,1.2149831253547574,34.300000000000004,0.7658434195515523,0.5125734686207809,0.31811077275941374,3.898555446486762,0.8222529848613247
Benchmark guidance,0.49375703110218444,1.2149831253547574,34.35,0.7658434194993053,0.5125734684354236,0.31811077276985156,3.9042163474880307,0.8222529848460527
Benchmark guidance,0.49375703110218444,1.2149831253547574,34.4,0.7658434194455273,0.5125734682446642,0.31811077278058963,3.9098772484893463,0.822252984830333
Benchmark guidance,0.49375703110218444,1.2149831253547574,34.45,0.7658434193904092,0.5125734680491824,0.3181107727915895,3.915538149490705,0.8222529848142217
Benchmark guidance,0.49375703110218444,1.2149831253547574,34.5,0.7658434193341549,0.512573467849701,0.3181107728028104,3.9211990504920973,0.8222529847977781
Benchmark guidance,0.49375703110218444,1.2149831253547574,34.550000000000004,0.7658434192769792,0.5125734676469843,0.3181107728142092,3.9268599514935194,0.8222529847810653
Benchmark guidance,0.49375703110218444,1.2149831253547574,34.6,0.7658434192191087,0.5125734674418356,0.3181107728257405,3.932520852494962,0.8222529847641495
Benchmark guidance,0.49375703110218444,1.2149831253547574,34.65,0.7658434191607799,0.5125734672350956,0.31811077283735695,3.938181753496419,0.8222529847470996
Benchmark guidance,0.49375703110218444,1.2149831253547574,34.7,0.7658434191022393,0.5125734670276392,0.3181107728490092,3.943842654497884,0.8222529847299879
Benchmark guidance,0.49375703110218444,1.2149831253547574,34.75,0.7658434190437424,0.5125734668203729,0.3181107728606461,3.9495035554993465,0.8222529847128888
Benchmark guidance,0.49375703110218444,1.2149831253547574,34.800000000000004,0.7658434189855526,0.5125734666142316,0.318110772872215,3.9551644565008006,0.8222529846958796
Benchmark guidance,0.49375703110218444,1.2149831253547574,34.85,0.7658434189279405,0.5125734664101758,0.31811077288366185,3.9608253575022365,0.8222529846790392
Benchmark guidance,0.49375703110218444,1.2149831253547574,34.9,0.7658434188711827,0.5125734662091865,0.31811077289493134,3.966486258503646,0.8222529846624487
Benchmark guidance,0.49375703110218444,1.2149831253547574,34.95,0.7658434188155606,0.5125734660122627,0.3181107729059673,3.9721471595050213,0.8222529846461899
Benchmark guidance,0.49375703110218444,1.2149831253547574,35.0,0.7658434187613595,0.5125734658204159,0.3181107729167127,3.9778080605063524,0.8222529846303467
Benchmark guidance,0.49375703110218444,1.2149831253547574,35.050000000000004,0.7658434187088671,0.5125734656346659,0.3181107729271102,3.9834689615076315,0.8222529846150027
Benchmark guidance,0.49375703110218444,1.2149831253547574,35.1,0.7658434186583717,0.512573465456036,0.31811077293710227,3.9891298625088485,0.8222529846002427
Benchmark guidance,0.49375703110218444,1.2149831253547574,35.15,0.7658434186101615,0.5125734652855471,0.3181107729466315,3.9947907635099953,0.8222529845861505
Benchmark guidance,0.49375703110218444,1.2149831253547574,35.2,0.7658434185645221,0.5125734651242128,0.31811077295564094,4.000451664511063,0.8222529845728099
Benchmark guidance,0.49375703110218444,1.2149831253547574,35.25,0.7658434185217355,0.512573464973032,0.3181107729640745,4.006112565512043,0.8222529845603032
Benchmark guidance,0.49375703110218444,1.2149831253547574,35.300000000000004,0.7658434184820783,0.5125734648329844,0.31811077297187706,4.011773466512927,0.822252984548711
Benchmark guidance,0.49375703110218444,1.2149831253547574,35.35,0.7658434184458188,0.5125734647050217,0.31811077297899526,4.017434367513705,0.8222529845381122
Benchmark guidance,0.49375703110218444,1.2149831253547574,35.4,0.7658434184132166,0.5125734645900621,0.31811077298537765,4.023095268514371,0.8222529845285823
Benchmark guidance,0.49375703110218444,1.2149831253547574,35.45,0.7658434183845187,0.5125734644889816,0.3181107729909751,4.028756169514917,0.8222529845201938
Benchmark guidance,0.49375703110218444,1.2149831253547574,35.5,0.7658434183599588,0.5125734644026068,0.31811077299574125,4.034417070515335,0.8222529845130148
Benchmark guidance,0.49375703110218444,1.2149831253547574,35.550000000000004,0.7658434183397541,0.512573464331706,0.3181107729996332,4.040077971515619,0.8222529845071088
Benchmark guidance,0.49375703110218444,1.2149831253547574,35.6,0.765843418324103,0.5125734642769811,0.31811077300261165,4.045738872515763,0.8222529845025339
Benchmark guidance,0.49375703110218444,1.2149831253547574,35.65,0.7658434183131825,0.5125734642390579,0.31811077300464163,4.05139977351576,0.8222529844993417
Benchmark guidance,0.49375703110218444,1.2149831253547574,35.7,0.7658434183071455,0.5125734642184764,0.31811077300569324,4.057060674515608,0.8222529844975771
Benchmark guidance,0.49375703110218444,1.2149831253547574,35.75,0.7658434183061184,0.5125734642156815,0.31811077300574164,4.062721575515299,0.8222529844972769
Benchmark guidance,0.49375703110218444,1.2149831253547574,35.800000000000004,0.7658434183101972,0.512573464231012,0.31811077300476825,4.068382476514835,0.8222529844984692
Benchmark guidance,0.49375703110218444,1.2149831253547574,35.85,0.7658434183194457,0.5125734642646896,0.3181107730027609,4.074043377514211,0.8222529845011725
Benchmark guidance,0.49375703110218444,1.2149831253547574,35.9,0.765843418333891,0.5125734643168081,0.3181107729997149,4.079704278513425,0.8222529845053951
Benchmark guidance,0.49375703110218444,1.2149831253547574,35.95,0.7658434183535212,0.512573464387321,0.3181107729956333,4.085365179512481,0.822252984511133
Benchmark guidance,0.49375703110218444,1.2149831253547574,36.0,0.7658434183782812,0.5125734644760296,0.3181107729905277,4.091026080511377,0.8222529845183706
Benchmark guidance,0.49375703110218444,1.2149831253547574,36.050000000000004,0.7658434184080698,0.51257346458257,0.3181107729844192,4.0966869815101195,0.822252984527078
Benchmark guidance,0.49375703110218444,1.2149831253547574,36.1,0.7658434184427352,0.5125734647064003,0.31811077297733886,4.1023478825087105,0.8222529845372107
Benchmark guidance,0.49375703110218444,1.2149831253547574,36.15,0.7658434184820719,0.5125734648467862,0.31811077296932866,4.108008783507157,0.8222529845487092
Benchmark guidance,0.49375703110218444,1.2149831253547574,36.2,0.765843418525816,0.5125734650027874,0.31811077296044205,4.113669684505468,0.8222529845614959
Benchmark guidance,0.49375703110218444,1.2149831253547574,36.25,0.7658434185736417,0.5125734651732424,0.3181107729507452,4.119330585503652,0.8222529845754757
Benchmark guidance,0.49375703110218444,1.2149831253547574,36.300000000000004,0.7658434186251564,0.5125734653567534,0.3181107729403174,4.124991486501724,0.8222529845905338
Benchmark guidance,0.49375703110218444,1.2149831253547574,36.35,0.7658434186798966,0.5125734655516709,0.3181107729292523,4.130652387499695,0.8222529846065345
Benchmark guidance,0.49375703110218444,1.2149831253547574,36.4,0.7658434187373232,0.5125734657560768,0.3181107729176585,4.136313288497583,0.8222529846233207
Benchmark guidance,0.49375703110218444,1.2149831253547574,36.45,0.765843418796817,0.5125734659677679,0.3181107729056609,4.141974189495407,0.8222529846407112
Benchmark guidance,0.49375703110218444,1.2149831253547574,36.5,0.7658434188576734,0.5125734661842385,0.31811077289340145,4.147635090493188,0.8222529846584998
Benchmark guidance,0.49375703110218444,1.2149831253547574,36.550000000000004,0.7658434189190974,0.5125734664026625,0.31811077288103995,4.153295991490952,0.8222529846764544
Benchmark guidance,0.49375703110218444,1.2149831253547574,36.6,0.7658434189801988,0.5125734666198748,0.31811077286875555,4.1589568924887255,0.8222529846943146
Benchmark guidance,0.49375703110218444,1.2149831253547574,36.65,0.7658434190399865,0.5125734668323524,0.31811077285674744,4.164617793486539,0.822252984711791
Benchmark guidance,0.49375703110218444,1.2149831253547574,36.7,0.765843419097363,0.5125734670361943,0.3181107728452362,4.170278694484427,0.8222529847285626
Benchmark guidance,0.49375703110218444,1.2149831253547574,36.75,0.7658434191511185,0.5125734672271024,0.3181107728344647,4.175939595482426,0.8222529847442756
Benchmark guidance,0.49375703110218444,1.2149831253547574,36.800000000000004,0.7658434191999257,0.5125734674003593,0.3181107728246995,4.181600496480578,0.8222529847585422
Benchmark guidance,0.49375703110218444,1.2149831253547574,36.85,0.765843419242333,0.5125734675508077,0.31811077281623207,4.187261397478926,0.8222529847709381
Benchmark guidance,0.49375703110218444,1.2149831253547574,36.9,0.7658434192767587,0.5125734676728286,0.3181107728093797,4.192922298477519,0.822252984781001
Benchmark guidance,0.49375703110218444,1.2149831253547574,36.95,0.7658434193014846,0.5125734677603181,0.3181107728044872,4.1985831994764125,0.8222529847882284
Benchmark guidance,0.49375703110218444,1.2149831253547574,37.0,0.7658434193146494,0.5125734678066646,0.31811077280192773,4.204244100475661,0.8222529847920765
Benchmark guidance,0.49375703110218444,1.2149831253547574,37.050000000000004,0.7658434193163114,0.512573467811847,0.31811077280175293,4.2099050014752635,0.8222529847925624
Benchmark guidance,0.49375703110218444,1.2149831253547574,37.1,0.7658434193149434,0.5125734678051594,0.31811077280248656,4.215565902474954,0.8222529847921626
Benchmark guidance,0.49375703110218444,1.2149831253547574,37.15,0.7658434193123694,0.5125734677934433,0.31811077280366534,4.221226803474679,0.8222529847914102
Benchmark guidance,0.49375703110218444,1.2149831253547574,37.2,0.7658434193092132,0.5125734677793173,0.3181107728050544,4.2268877044744215,0.8222529847904876
Benchmark guidance,0.49375703110218444,1.2149831253547574,37.25,0.7658434193059601,0.5125734677648216,0.31811077280647077,4.232548605474166,0.8222529847895368
Benchmark guidance,0.49375703110218444,1.2149831253547574,37.300000000000004,0.7658434193029737,0.5125734677514827,0.3181107728077775,4.238209506473904,0.8222529847886638
Benchmark guidance,0.49375703110218444,1.2149831253547574,37.35,0.7658434193005104,0.5125734677403774,0.3181107728088783,4.243870407473627,0.8222529847879436
Benchmark guidance,0.49375703110218444,1.2149831253547574,37.4,0.7658434192987335,0.5125734677321901,0.3181107728097118,4.24953130847333,0.8222529847874241
Benchmark guidance,0.49375703110218444,1.2149831253547574,37.45,0.7658434192977257,0.5125734677272685,0.3181107728102471,4.255192209473012,0.8222529847871296
Benchmark guidance,0.49375703110218444,1.2149831253547574,37.5,0.7658434192975022,0.5125734677256737,0.3181107728104789,4.260853110472672,0.8222529847870643
Benchmark guidance,0.49375703110218444,1.2149831253547574,37.550000000000004,0.7658434192980209,0.5125734677272279,0.3181107728104235,4.266514011472312,0.822252984787216
Benchmark guidance,0.49375703110218444,1.2149831253547574,37.6,0.7658434192991935,0.5125734677315585,0.3181107728101145,4.272174912471932,0.8222529847875587
Benchmark guidance,0.49375703110218444,1.2149831253547574,37.65,0.7658434193008948,0.5125734677381381,0.3181107728095996,4.277835813471539,0.8222529847880561
Benchmark guidance,0.49375703110218444,1.2149831253547574,37.7,0.7658434193029717,0.5125734677463217,0.3181107728089368,4.283496714471134,0.8222529847886632
Benchmark guidance,0.49375703110218444,1.2149831253547574,37.75,0.7658434193052513,0.5125734677553813,0.31811077280819183,4.2891576154707245,0.8222529847893296
Benchmark guidance,0.49375703110218444,1.2149831253547574,37.800000000000004,0.7658434193075481,0.5125734677645357,0.31811077280743494,4.294818516470315,0.8222529847900008
Benchmark guidance,0.49375703110218444,1.2149831253547574,37.85,0.7658434193096706,0.5125734677729796,0.31811077280673866,4.300479417469909,0.8222529847906213
Benchmark guidance,0.49375703110218444,1.2149831253547574,37.9,0.7658434193114277,0.5125734677799078,0.31811077280617556,4.306140318469514,0.822252984791135
Benchmark guidance,0.49375703110218444,1.2149831253547574,37.95,0.7658434193126333,0.512573467784537,0.31811077280581607,4.311801219469135,0.8222529847914873
Benchmark guidance,0.49375703110218444,1.2149831253547574,38.0,0.7658434193131115,0.5125734677861273,0.3181107728057268,4.317462120468776,0.8222529847916271
Benchmark guidance,0.49375703110218444,1.2149831253547574,38.050000000000004,0.7658434193127004,0.5125734677839968,0.3181107728059692,4.323123021468443,0.822252984791507
Benchmark guidance,0.49375703110218444,1.2149831253547574,38.1,0.7658434193112557,0.512573467777538,0.318110772806598,4.328783922468138,0.8222529847910846
Benchmark guidance,0.49375703110218444,1.2149831253547574,38.15,0.7658434193086533,0.512573467766229,0.31811077280766015,4.334444823467866,0.8222529847903238
Benchmark guidance,0.49375703110218444,1.2149831253547574,38.2,0.7658434193047923,0.5125734677496437,0.318110772809194,4.34010572446763,0.8222529847891954
Benchmark guidance,0.49375703110218444,1.2149831253547574,38.25,0.765843419299596,0.5125734677274602,0.31811077281122857,4.345766625467432,0.8222529847876764
Benchmark guidance,0.49375703110218444,1.2149831253547574,38.300000000000004,0.765843419293014,0.5125734676994652,0.3181107728137832,4.351427526467273,0.8222529847857524
Benchmark guidance,0.49375703110218444,1.2149831253547574,38.35,0.7658434192850228,0.5125734676655593,0.31811077281686684,4.357088427467153,0.8222529847834165
Benchmark guidance,0.49375703110218444,1.2149831253547574,38.400000000000006,0.765843419275626,0.5125734676257582,0.31811077282047817,4.362749328467073,0.8222529847806698
Benchmark guidance,0.49375703110218444,1.2149831253547574,38.45,0.7658434192648553,0.5125734675801928,0.3181107728246056,4.368410229467032,0.8222529847775215
Benchmark guidance,0.49375703110218444,1.2149831253547574,38.5,0.7658434192527689,0.5125734675291087,0.318110772829227,4.374071130467027,0.8222529847739886
Benchmark guidance,0.49375703110218444,1.2149831253547574,38.550000000000004,0.7658434192394519,0.5125734674728624,0.3181107728343105,4.379732031467059,0.8222529847700959
Benchmark guidance,0.49375703110218444,1.2149831253547574,38.6,0.7658434192250145,0.5125734674119174,0.3181107728398145,4.385392932467121,0.8222529847658758
Benchmark guidance,0.49375703110218444,1.2149831253547574,38.650000000000006,0.7658434192095914,0.5125734673468388,0.3181107728456883,4.391053833467211,0.8222529847613675
Benchmark guidance,0.49375703110218444,1.2149831253547574,38.7,0.7658434191933394,0.5125734672782861,0.31811077285187267,4.3967147344673245,0.822252984756617
Benchmark guidance,0.49375703110218444,1.2149831253547574,38.75,0.7658434191764362,0.5125734672070057,0.3181107728583007,4.402375635467457,0.822252984751676
Benchmark guidance,0.49375703110218444,1.2149831253547574,38.800000000000004,0.7658434191590778,0.5125734671338215,0.3181107728648984,4.408036536467602,0.8222529847466021
Benchmark guidance,0.49375703110218444,1.2149831253547574,38.85,0.7658434191414765,0.5125734670596254,0.3181107728715856,4.413697437467753,0.8222529847414571
Benchmark guidance,0.49375703110218444,1.2149831253547574,38.900000000000006,0.7658434191238582,0.512573466985367,0.3181107728782772,4.419358338467905,0.8222529847363071
Benchmark guidance,0.49375703110218444,1.2149831253547574,38.95,0.7658434191064598,0.5125734669120418,0.3181107728848837,4.425019239468051,0.8222529847312215
Benchmark guidance,0.49375703110218444,1.2149831253547574,39.0,0.7658434190895262,0.5125734668406796,0.3181107728913127,4.430680140468184,0.8222529847262718
Benchmark guidance,0.49375703110218444,1.2149831253547574,39.050000000000004,0.7658434190733079,0.5125734667723322,0.3181107728974697,4.436341041468298,0.822252984721531
Benchmark guidance,0.49375703110218444,1.2149831253547574,39.1,0.7658434190580572,0.5125734667080607,0.31811077290325945,4.442001942468383,0.8222529847170732
Benchmark guidance,0.49375703110218444,1.2149831253547574,39.150000000000006,0.7658434190440255,0.5125734666489224,0.31811077290858697,4.447662843468435,0.8222529847129717
Benchmark guidance,0.49375703110218444,1.2149831253547574,39.2,0.7658434190314607,0.512573466595958,0.3181107729133589,4.453323744468444,0.8222529847092989
Benchmark guidance,0.49375703110218444,1.2149831253547574,39.25,0.765843419020603,0.5125734665501782,0.3181107729174844,4.458984645468406,0.8222529847061251
Benchmark guidance,0.49375703110218444,1.2149831253547574,39.300000000000004,0.7658434190116828,0.5125734665125504,0.31811077292087664,4.464645546468314,0.8222529847035176
Benchmark guidance,0.49375703110218444,1.2149831253547574,39.35,0.7658434190049169,0.512573466483986,0.31811077292345386,4.47030644746816,0.8222529847015398
Benchmark guidance,0.49375703110218444,1.2149831253547574,39.400000000000006,0.7658434190005057,0.5125734664653281,0.3181107729251403,4.475967348467941,0.8222529847002504
Benchmark guidance,0.49375703110218444,1.2149831253547574,39.45,0.7658434189986305,0.5125734664573378,0.31811077292586754,4.48162824946765,0.8222529846997023
Benchmark guidance,0.49375703110218444,1.2149831253547574,39.5,0.7658434189994503,0.512573466460684,0.3181107729255757,4.487289150467283,0.8222529846999419
Benchmark guidance,0.49375703110218444,1.2149831253547574,39.550000000000004,0.7658434190030995,0.5125734664759308,0.31811077292421414,4.492950051466837,0.8222529847010087
Benchmark guidance,0.49375703110218444,1.2149831253547574,39.6,0.765843419009685,0.5125734665035275,0.31811077292174245,4.498610952466307,0.8222529847029336
Benchmark guidance,0.49375703110218444,1.2149831253547574,39.650000000000006,0.765843419019284,0.5125734665437984,0.3181107729181316,4.504271853465693,0.8222529847057395
Benchmark guidance,0.49375703110218444,1.2149831253547574,39.7,0.7658434190319419,0.5125734665969344,0.31811077291336454,4.509932754464993,0.8222529847094395
Benchmark guidance,0.49375703110218444,1.2149831253547574,39.75,0.7658434190476703,0.512573466662984,0.3181107729074369,4.5155936554642055,0.822252984714037
Benchmark guidance,0.49375703110218444,1.2149831253547574,39.800000000000004,0.7658434190664457,0.5125734667418474,0.3181107729003577,4.521254556463333,0.8222529847195252
Benchmark guidance,0.49375703110218444,1.2149831253547574,39.85,0.7658434190882075,0.5125734668332705,0.31811077289214995,4.526915457462376,0.8222529847258863
Benchmark guidance,0.49375703110218444,1.2149831253547574,39.900000000000006,0.7658434191128577,0.5125734669368399,0.3181107728828507,4.532576358461338,0.8222529847330916
Benchmark guidance,0.49375703110218444,1.2149831253547574,39.95,0.7658434191402594,0.5125734670519809,0.3181107728725117,4.538237259460222,0.8222529847411014
Benchmark guidance,0.49375703110218444,1.2149831253547574,40.0,0.7658434191702373,0.5125734671779553,0.3181107728611993,4.543898160459033,0.8222529847498641
Benchmark guidance,0.49375703110218444,1.2149831253547574,40.050000000000004,0.765843419202577,0.5125734673138617,0.31811077284899464,4.549559061457779,0.8222529847593172
Benchmark guidance,0.49375703110218444,1.2149831253547574,40.1,0.7658434192370258,0.5125734674586376,0.3181107728359931,4.555219962456465,0.8222529847693868
Benchmark guidance,0.49375703110218444,1.2149831253547574,40.150000000000006,0.7658434192732937,0.5125734676110628,0.3181107728223045,4.5608808634550995,0.8222529847799881
Benchmark guidance,0.49375703110218444,1.2149831253547574,40.2,0.7658434193110543,0.512573467769765,0.318110772808052,4.566541764453692,0.8222529847910257
Benchmark guidance,0.49375703110218444,1.2149831253547574,40.25,0.7658434193499468,0.5125734679332278,0.318110772793372,4.572202665452252,0.8222529848023943
Benchmark guidance,0.49375703110218444,1.2149831253547574,40.300000000000004,0.7658434193895787,0.5125734680997998,0.318110772778413,4.577863566450793,0.8222529848139789
Benchmark guidance,0.49375703110218444,1.2149831253547574,40.35,0.7658434194295282,0.5125734682677073,0.3181107727633342,4.5835244674493225,0.8222529848256563
Benchmark guidance,0.49375703110218444,1.2149831253547574,40.400000000000006,0.7658434194693475,0.5125734684350686,0.3181107727483049,4.589185368447858,0.8222529848372958
Benchmark guidance,0.49375703110218444,1.2149831253547574,40.45,0.7658434195085676,0.5125734685999099,0.3181107727335023,4.594846269446409,0.8222529848487601
Benchmark guidance,0.49375703110218444,1.2149831253547574,40.5,0.765843419546702,0.5125734687601863,0.31811077271911026,4.600507170444991,0.8222529848599069
Benchmark guidance,0.49375703110218444,1.2149831253547574,40.550000000000004,0.7658434195832522,0.5125734689138022,0.318110772705317,4.6061680714436175,0.8222529848705908
Benchmark guidance,0.49375703110218444,1.2149831253547574,40.6,0.765843419617714,0.512573469058637,0.3181107726923132,4.611828972442303,0.8222529848806642
Benchmark guidance,0.49375703110218444,1.2149831253547574,40.650000000000006,0.7658434196495836,0.5125734691925727,0.31811077268028903,4.617489873441062,0.8222529848899799
Benchmark guidance,0.49375703110218444,1.2149831253547574,40.7,0.7658434196783651,0.5125734693135243,0.3181107726694319,4.623150774439908,0.8222529848983928
Benchmark guidance,0.49375703110218444,1.2149831253547574,40.75,0.7658434197035786,0.5125734694194736,0.3181107726599231,4.628811675438853,0.822252984905763
Benchmark guidance,0.49375703110218444,1.2149831253547574,40.800000000000004,0.7658434197247687,0.512573469508506,0.3181107726519346,4.634472576437913,0.8222529849119569
Benchmark guidance,0.49375703110218444,1.2149831253547574,40.85,0.7658434197415143,0.5125734695788511,0.31811077264562554,4.6401334774370975,0.8222529849168518
Benchmark guidance,0.49375703110218444,1.2149831253547574,40.900000000000006,0.7658434197534387,0.5125734696289257,0.3181107726411381,4.645794378436419,0.8222529849203374
Benchmark guidance,0.49375703110218444,1.2149831253547574,40.95,0.7658434197602214,0.5125734696573813,0.31811077263859333,4.651455279435884,0.8222529849223199
Benchmark guidance,0.49375703110218444,1.2149831253547574,41.0,0.7658434197616093,0.5125734696631544,0.3181107726380868,4.657116180435501,0.8222529849227257
Benchmark guidance,0.49375703110218444,1.2149831253547574,41.050000000000004,0.7658434197574303,0.5125734696455213,0.31811077263968346,4.662777081435275,0.8222529849215041
Benchmark guidance,0.49375703110218444,1.2149831253547574,41.1,0.7658434197476067,0.5125734696041561,0.3181107726434125,4.668437982435208,0.8222529849186325
Benchmark guidance,0.49375703110218444,1.2149831253547574,41.150000000000006,0.7658434197321703,0.5125734695391925,0.31811077264926185,4.6740988834353,0.8222529849141205
Benchmark guidance,0.49375703110218444,1.2149831253547574,41.2,0.765843419711278,0.5125734694512902,0.3181107726571721,4.679759784435545,0.8222529849080136
Benchmark guidance,0.49375703110218444,1.2149831253547574,41.25,0.7658434196852284,0.5125734693417054,0.3181107726670303,4.685420685435935,0.8222529849003991
Benchmark guidance,0.49375703110218444,1.2149831253547574,41.300000000000004,0.7658434196544798,0.5125734692123649,0.3181107726786632,4.691081586436458,0.8222529848914111
Benchmark guidance,0.49375703110218444,1.2149831253547574,41.35,0.7658434196196684,0.5125734690659447,0.3181107726918303,4.6967424874370955,0.8222529848812355
Benchmark guidance,0.49375703110218444,1.2149831253547574,41.400000000000006,0.7658434195816287,0.5125734689059536,0.318110772706216,4.7024033884378245,0.8222529848701163
Benchmark guidance,0.49375703110218444,1.2149831253547574,41.45,0.765843419541414,0.5125734687368211,0.31811077272142235,4.708064289438613,0.8222529848583613
Benchmark guidance,0.49375703110218444,1.2149831253547574,41.5,0.7658434195003186,0.5125734685639894,0.31811077273696003,4.713725190439427,0.8222529848463489
Benchmark guidance,0.49375703110218444,1.2149831253547574,41.550000000000004,0.7658434194599008,0.5125734683940107,0.31811077275224026,4.7193860914402235,0.8222529848345345
Benchmark guidance,0.49375703110218444,1.2149831253547574,41.6,0.7658434194220068,0.5125734682346494,0.3181107727665651,4.725046992440947,0.8222529848234578
Benchmark guidance,0.49375703110218444,1.2149831253547574,41.650000000000006,0.7658434193887971,0.5125734680949889,0.31811077277911814,4.73070789344154,0.8222529848137504
Benchmark guidance,0.49375703110218444,1.2149831253547574,41.7,0.765843419362772,0.5125734679855437,0.3181107727889545,4.73636879444193,0.8222529848061432
Benchmark guidance,0.49375703110218444,1.2149831253547574,41.75,0.7658434193468004,0.5125734679183765,0.3181107727949901,4.742029695442036,0.8222529848014745
Benchmark guidance,0.49375703110218444,1.2149831253547574,41.800000000000004,0.7658434193433211,0.5125734679037478,0.31811077279630035,4.747690596441791,0.8222529848004575
Benchmark guidance,0.49375703110218444,1.2149831253547574,41.85,0.7658434193459253,0.5125734679147608,0.31811077279528266,4.753351497441374,0.8222529848012187
Benchmark guidance,0.49375703110218444,1.2149831253547574,41.900000000000006,0.7658434193512093,0.5125734679370914,0.3181107727932291,4.759012398440882,0.8222529848027633
Benchmark guidance,0.49375703110218444,1.2149831253547574,41.95,0.7658434193578623,0.5125734679652035,0.31811077279064653,4.764673299440352,0.822252984804708
Benchmark guidance,0.49375703110218444,1.2149831253547574,42.0,0.7658434193648573,0.5125734679947596,0.31811077278793215,4.7703342004398115,0.8222529848067527
Benchmark guidance,0.49375703110218444,1.2149831253547574,42.050000000000004,0.7658434193714189,0.5125734680224837,0.318110772785386,4.7759951014392845,0.8222529848086707
Benchmark guidance,0.49375703110218444,1.2149831253547574,42.1,0.7658434193769925,0.5125734680460348,0.3181107727832224,4.781656002438783,0.8222529848102998
Benchmark guidance,0.49375703110218444,1.2149831253547574,42.150000000000006,0.7658434193812167,0.512573468063886,0.3181107727815812,4.787316903438322,0.8222529848115346
Benchmark guidance,0.49375703110218444,1.2149831253547574,42.2,0.7658434193838966,0.5125734680752134,0.31811077278053773,4.792977804437903,0.822252984812318
Benchmark guidance,0.49375703110218444,1.2149831253547574,42.25,0.7658434193849782,0.5125734680797908,0.3181107727801128,4.798638705437529,0.8222529848126341
Benchmark guidance,0.49375703110218444,1.2149831253547574,42.300000000000004,0.7658434193845269,0.5125734680778928,0.31811077278028116,4.8042996064371986,0.8222529848125022
Benchmark guidance,0.49375703110218444,1.2149831253547574,42.35,0.7658434193827051,0.5125734680702054,0.31811077278098004,4.809960507436906,0.8222529848119696
Benchmark guidance,0.49375703110218444,1.2149831253547574,42.400000000000006,0.7658434193797523,0.5125734680577418,0.3181107727821166,4.815621408436646,0.8222529848111066
Benchmark guidance,0.49375703110218444,1.2149831253547574,42.45,0.7658434193759684,0.5125734680417668,0.31811077278357497,4.82128230943641,0.8222529848100005
Benchmark guidance,0.49375703110218444,1.2149831253547574,42.5,0.7658434193716956,0.5125734680237267,0.3181107727852227,4.826943210436186,0.8222529848087516
Benchmark guidance,0.49375703110218444,1.2149831253547574,42.550000000000004,0.7658434193673043,0.5125734680051854,0.3181107727869166,4.832604111435967,0.8222529848074679
Benchmark guidance,0.49375703110218444,1.2149831253547574,42.6,0.7658434193631789,0.5125734679877672,0.31811077278850786,4.838265012435739,0.8222529848062621
Benchmark guidance,0.49375703110218444,1.2149831253547574,42.650000000000006,0.7658434193597061,0.5125734679731049,0.318110772789847,4.843925913435494,0.822252984805247
Benchmark guidance,0.49375703110218444,1.2149831253547574,42.7,0.7658434193572636,0.5125734679627937,0.31811077279078787,4.849586814435219,0.822252984804533
Benchmark guidance,0.49375703110218444,1.2149831253547574,42.75,0.7658434193562107,0.5125734679583509,0.3181107727911915,4.8552477154349045,0.8222529848042253
Benchmark guidance,0.49375703110218444,1.2149831253547574,42.800000000000004,0.7658434193568796,0.5125734679611801,0.31811077279092936,4.860908616434544,0.8222529848044207
Benchmark guidance,0.49375703110218444,1.2149831253547574,42.85,0.7658434193595686,0.5125734679725412,0.3181107727898861,4.866569517434124,0.8222529848052067
Benchmark guidance,0.49375703110218444,1.2149831253547574,42.900000000000006,0.7658434193645359,0.5125734679935244,0.31811077278796185,4.872230418433642,0.8222529848066588
Benchmark guidance,0.49375703110218444,1.2149831253547574,42.95,0.7658434193719945,0.5125734680250299,0.3181107727850741,4.877891319433088,0.822252984808839
Benchmark guidance,0.49375703110218444,1.2149831253547574,43.0,0.7658434193821085,0.5125734680677505,0.3181107727811595,4.88355222043246,0.8222529848117954
Benchmark guidance,0.49375703110218444,1.2149831253547574,43.050000000000004,0.7658434193949901,0.5125734681221595,0.3181107727761746,4.889213121431755,0.8222529848155606
Benchmark guidance,0.49375703110218444,1.2149831253547574,43.1,0.7658434194106974,0.5125734681885028,0.31811077277009703,4.89487402243097,0.8222529848201521
Benchmark guidance,0.49375703110218444,1.2149831253547574,43.150000000000006,0.7658434194292334,0.5125734682667931,0.31811077276292543,4.900534923430105,0.8222529848255702
Benchmark guidance,0.49375703110218444,1.2149831253547574,43.2,0.7658434194505457,0.5125734683568095,0.31811077275468014,4.906195824429162,0.8222529848317999
Benchmark guidance,0.49375703110218444,1.2149831253547574,43.25,0.7658434194745273,0.5125734684580995,0.3181107727454025,4.9118567254281436,0.8222529848388098
Benchmark guidance,0.49375703110218444,1.2149831253547574,43.300000000000004,0.7658434195010174,0.5125734685699841,0.3181107727351548,4.917517626427056,0.8222529848465531
Benchmark guidance,0.49375703110218444,1.2149831253547574,43.35,0.7658434195298035,0.512573468691566,0.31811077272401916,4.923178527425903,0.8222529848549673
Benchmark guidance,0.49375703110218444,1.2149831253547574,43.400000000000006,0.7658434195606242,0.5125734688217403,0.31811077271209676,4.928839428424693,0.8222529848639765
Benchmark guidance,0.49375703110218444,1.2149831253547574,43.45,0.7658434195931716,0.5125734689592082,0.3181107726995065,4.934500329423434,0.8222529848734903
Benchmark guidance,0.49375703110218444,1.2149831253547574,43.5,0.7658434196270962,0.5125734691024922,0.3181107726863837,4.940161230422136,0.8222529848834067
Benchmark guidance,0.49375703110218444,1.2149831253547574,43.550000000000004,0.7658434196620101,0.5125734692499542,0.31811077267287846,4.945822131420812,0.8222529848936122
Benchmark guidance,0.49375703110218444,1.2149831253547574,43.6,0.7658434196974917,0.5125734693998143,0.3181107726591536,4.951483032419469,0.8222529849039838
Benchmark guidance,0.49375703110218444,1.2149831253547574,43.650000000000006,0.7658434197330913,0.5125734695501725,0.3181107726453833,4.957143933418125,0.8222529849143898
Benchmark guidance,0.49375703110218444,1.2149831253547574,43.7,0.7658434197683359,0.512573469699031,0.3181107726317503,4.962804834416791,0.8222529849246919
Benchmark guidance,0.49375703110218444,1.2149831253547574,43.75,0.7658434198027348,0.5125734698443181,0.3181107726184445,4.96846573541548,0.822252984934747
Benchmark guidance,0.49375703110218444,1.2149831253547574,43.800000000000004,0.7658434198357861,0.5125734699839127,0.31811077260566006,4.974126636414207,0.822252984944408
Benchmark guidance,0.49375703110218444,1.2149831253547574,43.85,0.7658434198669818,0.5125734701156702,0.31811077259359344,4.979787537412986,0.8222529849535267
Benchmark guidance,0.49375703110218444,1.2149831253547574,43.900000000000006,0.7658434198958147,0.5125734702374483,0.3181107725824407,4.985448438411832,0.8222529849619548
Benchmark guidance,0.49375703110218444,1.2149831253547574,43.95,0.7658434199217845,0.5125734703471336,0.31811077257239545,4.991109339410758,0.8222529849695459
Benchmark guidance,0.49375703110218444,1.2149831253547574,44.0,0.7658434199444039,0.5125734704426684,0.31811077256364617,4.996770240409778,0.8222529849761577
Benchmark guidance,0.49375703110218444,1.2149831253547574,44.050000000000004,0.7658434199632052,0.5125734705220769,0.3181107725563737,5.002431141408906,0.8222529849816533
Benchmark guidance,0.49375703110218444,1.2149831253547574,44.1,0.7658434199777462,0.5125734705834919,0.3181107725507491,5.008092042408154,0.8222529849859037
Benchmark guidance,0.49375703110218444,1.2149831253547574,44.150000000000006,0.7658434199876166,0.5125734706251803,0.31811077254693104,5.013752943407534,0.822252984988789
Benchmark guidance,0.49375703110218444,1.2149831253547574,44.2,0.7658434199924439,0.5125734706455688,0.3181107725450636,5.019413844407055,0.8222529849902
Benchmark guidance,0.49375703110218444,1.2149831253547574,44.25,0.765843419991899,0.5125734706432673,0.3181107725452741,5.025074745406726,0.8222529849900407
Benchmark guidance,0.49375703110218444,1.2149831253547574,44.300000000000004,0.7658434199857017,0.5125734706170928,0.3181107725476709,5.030735646406558,0.8222529849882292
Benchmark guidance,0.49375703110218444,1.2149831253547574,44.35,0.7658434199736261,0.5125734705660906,0.3181107725523413,5.036396547406554,0.8222529849846995
Benchmark guidance,0.49375703110218444,1.2149831253547574,44.400000000000006,0.7658434199555051,0.5125734704895553,0.31811077255935005,5.04205744840672,0.8222529849794026
Benchmark guidance,0.49375703110218444,1.2149831253547574,44.45,0.765843419931235,0.5125734703870483,0.3181107725687372,5.047718349407059,0.8222529849723084
Benchmark guidance,0.49375703110218444,1.2149831253547574,44.5,0.765843419900779,0.5125734702584154,0.3181107725805169,5.0533792504075725,0.8222529849634058
Benchmark guidance,0.49375703110218444,1.2149831253547574,44.550000000000004,0.7658434198641713,0.5125734701038005,0.31811077259467596,5.05904015140826,0.8222529849527052
Benchmark guidance,0.49375703110218444,1.2149831253547574,44.6,0.7658434198215195,0.5125734699236578,0.3181107726111728,5.064701052409116,0.8222529849402377
Benchmark guidance,0.49375703110218444,1.2149831253547574,44.650000000000006,0.7658434197730069,0.5125734697187615,0.3181107726299366,5.070361953410137,0.8222529849260573
Benchmark guidance,0.49375703110218444,1.2149831253547574,44.7,0.7658434197188939,0.5125734694902117,0.31811077265086646,5.076022854411315,0.8222529849102397
Benchmark guidance,0.49375703110218444,1.2149831253547574,44.75,0.7658434196595192,0.5125734692394388,0.3181107726738314,5.081683755412642,0.8222529848928841
Benchmark guidance,0.49375703110218444,1.2149831253547574,44.800000000000004,0.7658434195952997,0.5125734689682033,0.3181107726986703,5.087344656414105,0.8222529848741122
Benchmark guidance,0.49375703110218444,1.2149831253547574,44.85,0.7658434195267296,0.5125734686785933,0.31811077272519184,5.09300555741569,0.822252984854069
Benchmark guidance,0.49375703110218444,1.2149831253547574,44.900000000000006,0.7658434194543793,0.5125734683730169,0.31811077275317556,5.098666458417383,0.8222529848329204
Benchmark guidance,0.49375703110218444,1.2149831253547574,44.95,0.7658434193788922,0.5125734680541925,0.31811077278237243,5.1043273594191625,0.8222529848108552
Benchmark guidance,0.49375703110218444,1.2149831253547574,45.0,0.7658434193009819,0.5125734677251336,0.31811077281250655,5.10998826042101,0.8222529847880814
Benchmark guidance,0.49375703110218444,1.2149831253547574,45.050000000000004,0.7658434192214274,0.5125734673891302,0.3181107728432766,5.115649161422905,0.8222529847648272
Benchmark guidance,0.49375703110218444,1.2149831253547574,45.1,0.7658434191410675,0.5125734670497252,0.3181107728743581,5.121310062424821,0.8222529847413376
Benchmark guidance,0.49375703110218444,1.2149831253547574,45.150000000000006,0.7658434190607942,0.5125734667106862,0.31811077290540607,5.126970963426737,0.8222529847178732
Benchmark guidance,0.49375703110218444,1.2149831253547574,45.2,0.765843418981545,0.5125734663759723,0.3181107729360579,5.132631864428622,0.8222529846947082
Benchmark guidance,0.49375703110218444,1.2149831253547574,45.25,0.7658434189042936,0.5125734660496969,0.3181107729659369,5.138292765430451,0.8222529846721272
Benchmark guidance,0.49375703110218444,1.2149831253547574,45.300000000000004,0.7658434188300399,0.5125734657360825,0.31811077299465645,5.143953666432196,0.8222529846504224
Benchmark guidance,0.49375703110218444,1.2149831253547574,45.35,0.7658434187597983,0.5125734654394132,0.3181107730218241,5.1496145674338285,0.8222529846298903
Benchmark guidance,0.49375703110218444,1.2149831253547574,45.400000000000006,0.7658434186945844,0.5125734651639788,0.3181107730470471,5.15527546843532,0.8222529846108279
Benchmark guidance,0.49375703110218444,1.2149831253547574,45.45,0.765843418635401,0.5125734649140148,0.31811077306993757,5.160936369436641,0.8222529845935282
Benchmark guidance,0.49375703110218444,1.2149831253547574,45.5,0.765843418583222,0.5125734646936346,0.3181107730901187,5.166597270437765,0.822252984578276
Benchmark guidance,0.49375703110218444,1.2149831253547574,45.550000000000004,0.7658434185389753,0.5125734645067568,0.3181107731072318,5.172258171438667,0.8222529845653423
Benchmark guidance,0.49375703110218444,1.2149831253547574,45.6,0.7658434185035234,0.5125734643570248,0.3181107731209431,5.1779190724393205,0.8222529845549796
Benchmark guidance,0.49375703110218444,1.2149831253547574,45.650000000000006,0.7658434184776434,0.5125734642477199,0.31811077313095215,5.183579973439706,0.8222529845474147
Benchmark guidance,0.49375703110218444,1.2149831253547574,45.7,0.7658434184620041,0.512573464181668,0.31811077313700015,5.189240874439801,0.8222529845428432
Benchmark guidance,0.49375703110218444,1.2149831253547574,45.75,0.7658434184571429,0.512573464161138,0.31811077313887937,5.194901775439595,0.8222529845414224
Benchmark guidance,0.49375703110218444,1.2149831253547574,45.800000000000004,0.7658434184634394,0.5125734641877334,0.3181107731364429,5.200562676439075,0.8222529845432629
Benchmark guidance,0.49375703110218444,1.2149831253547574,45.85,0.7658434184810883,0.5125734642622759,0.31811077312961555,5.206223577438235,0.8222529845484218
Benchmark guidance,0.49375703110218444,1.2149831253547574,45.900000000000006,0.7658434185100695,0.5125734643846818,0.31811077311840497,5.211884478437077,0.8222529845568931
Benchmark guidance,0.49375703110218444,1.2149831253547574,45.95,0.7658434185501176,0.5125734645538292,0.3181107731029139,5.217545379435607,0.8222529845685993
Benchmark guidance,0.49375703110218444,1.2149831253547574,46.0,0.765843418600688,0.5125734647674185,0.318110773083353,5.223206280433841,0.8222529845833814
Benchmark guidance,0.49375703110218444,1.2149831253547574,46.050000000000004,0.765843418660922,0.5125734650218219,0.3181107730600544,5.228867181431804,0.8222529846009881
Benchmark guidance,0.49375703110218444,1.2149831253547574,46.1,0.7658434187296089,0.5125734653119273,0.3181107730334864,5.234528082429528,0.8222529846210657
Benchmark guidance,0.49375703110218444,1.2149831253547574,46.150000000000006,0.7658434188051474,0.5125734656309705,0.3181107730042683,5.2401889834270605,0.8222529846431461
Benchmark guidance,0.49375703110218444,1.2149831253547574,46.2,0.7658434188855032,0.5125734659703601,0.3181107729731871,5.245849884424457,0.8222529846666345
Benchmark guidance,0.49375703110218444,1.2149831253547574,46.25,0.7658434189681658,0.5125734663194921,0.3181107729412137,5.251510785421788,0.8222529846907974
Benchmark guidance,0.49375703110218444,1.2149831253547574,46.300000000000004,0.7658434190501018,0.5125734666655551,0.3181107729095215,5.257171686419141,0.8222529847147478
Benchmark guidance,0.49375703110218444,1.2149831253547574,46.35,0.7658434191277069,0.5125734669933263,0.3181107728795045,5.262832587416614,0.8222529847374321
Benchmark guidance,0.49375703110218444,1.2149831253547574,46.400000000000006,0.765843419196755,0.5125734672849561,0.3181107728527974,5.26849348841433,0.8222529847576153
Benchmark guidance,0.49375703110218444,1.2149831253547574,46.45,0.765843419252345,0.5125734675197445,0.31811077283129585,5.2741543894124225,0.8222529847738647
Benchmark guidance,0.49375703110218444,1.2149831253547574,46.5,0.7658434192888453,0.5125734676739054,0.31811077281717814,5.279815290411052,0.8222529847845339
Benchmark guidance,0.49375703110218444,1.2149831253547574,46.550000000000004,0.7658434193002207,0.5125734677219499,0.3181107728127786,5.285476191410389,0.8222529847878589
Benchmark guidance,0.49375703110218444,1.2149831253547574,46.6,0.7658434192955467,0.5125734677022001,0.31811077281459055,5.291137092410177,0.8222529847864928
Benchmark guidance,0.49375703110218444,1.2149831253547574,46.650000000000006,0.7658434192840666,0.5125734676536956,0.3181107728190388,5.296797993410157,0.8222529847831371
Benchmark guidance,0.49375703110218444,1.2149831253547574,46.7,0.7658434192688917,0.5125734675895814,0.3181107728249182,5.30245889441024,0.8222529847787013
Benchmark guidance,0.49375703110218444,1.2149831253547574,46.75,0.7658434192524813,0.5125734675202478,0.31811077283127603,5.308119795410358,0.8222529847739044
Benchmark guidance,0.49375703110218444,1.2149831253547574,46.800000000000004,0.7658434192367152,0.512573467453636,0.31811077283738437,5.313780696410459,0.822252984769296
Benchmark guidance,0.49375703110218444,1.2149831253547574,46.85,0.7658434192229614,0.5125734673955261,0.3181107728427131,5.319441597410502,0.8222529847652756
Benchmark guidance,0.49375703110218444,1.2149831253547574,46.900000000000006,0.7658434192121406,0.5125734673498076,0.3181107728469057,5.325102498410463,0.8222529847621126
Benchmark guidance,0.49375703110218444,1.2149831253547574,46.95,0.7658434192047857,0.5125734673187315,0.31811077284975575,5.330763399410326,0.8222529847599629
Benchmark guidance,0.49375703110218444,1.2149831253547574,47.0,0.7658434192010978,0.512573467303148,0.3181107728511854,5.336424300410086,0.8222529847588848
Benchmark guidance,0.49375703110218444,1.2149831253547574,47.050000000000004,0.7658434192009982,0.5125734673027249,0.31811077285122497,5.342085201409747,0.8222529847588557
Benchmark guidance,0.49375703110218444,1.2149831253547574,47.1,0.7658434192041772,0.5125734673161532,0.3181107728499945,5.347746102409313,0.8222529847597849
Benchmark guidance,0.49375703110218444,1.2149831253547574,47.150000000000006,0.7658434192101383,0.5125734673413354,0.31811077284768635,5.353407003408803,0.8222529847615274
Benchmark guidance,0.49375703110218444,1.2149831253547574,47.2,0.7658434192182396,0.5125734673755598,0.3181107728445492,5.359067904408231,0.8222529847638955
Benchmark guidance,0.49375703110218444,1.2149831253547574,47.25,0.7658434192277316,0.5125734674156597,0.3181107728408732,5.364728805407621,0.82225298476667
Benchmark guidance,0.49375703110218444,1.2149831253547574,47.300000000000004,0.7658434192377916,0.5125734674581599,0.31811077283697714,5.370389706406995,0.8222529847696106
Benchmark guidance,0.49375703110218444,1.2149831253547574,47.35,0.7658434192475554,0.5125734674994081,0.31811077283319583,5.376050607406377,0.8222529847724646
Benchmark guidance,0.49375703110218444,1.2149831253547574,47.400000000000006,0.7658434192561445,0.5125734675356947,0.3181107728298694,5.381711508405792,0.8222529847749753
Benchmark guidance,0.49375703110218444,1.2149831253547574,47.45,0.7658434192626928,0.5125734675633586,0.3181107728273334,5.387372409405264,0.8222529847768894
Benchmark guidance,0.49375703110218444,1.2149831253547574,47.5,0.7658434192663676,0.5125734675788828,0.3181107728259105,5.393033310404817,0.8222529847779635
Benchmark guidance,0.49375703110218444,1.2149831253547574,47.550000000000004,0.7658434192663898,0.512573467578976,0.3181107728259023,5.398694211404474,0.8222529847779699
Benchmark guidance,0.49375703110218444,1.2149831253547574,47.6,0.7658434192620511,0.5125734675606454,0.3181107728275832,5.404355112404253,0.8222529847767018
Benchmark guidance,0.49375703110218444,1.2149831253547574,47.650000000000006,0.7658434192527279,0.5125734675212565,0.3181107728311948,5.410016013404172,0.8222529847739767
Benchmark guidance,0.49375703110218444,1.2149831253547574,47.7,0.7658434192378938,0.5125734674585847,0.3181107728369411,5.415676914404245,0.8222529847696405
Benchmark guidance,0.49375703110218444,1.2149831253547574,47.75,0.7658434192171285,0.5125734673708553,0.31811077284498473,5.421337815404486,0.8222529847635707
Benchmark guidance,0.49375703110218444,1.2149831253547574,47.800000000000004,0.7658434191901261,0.5125734672567756,0.3181107728554443,5.426998716404902,0.8222529847556777
Benchmark guidance,0.49375703110218444,1.2149831253547574,47.85,0.7658434191567,0.5125734671155567,0.31811077286839207,5.432659617405498,0.822252984745907
Benchmark guidance,0.49375703110218444,1.2149831253547574,47.900000000000006,0.765843419116786,0.5125734669469286,0.31811077288385275,5.438320518406278,0.8222529847342399
Benchmark guidance,0.49375703110218444,1.2149831253547574,47.95,0.7658434190704446,0.5125734667511456,0.3181107729018032,5.443981419407238,0.8222529847206941
Benchmark guidance,0.49375703110218444,1.2149831253547574,48.0,0.7658434190178597,0.5125734665289847,0.318110772922172,5.449642320408373,0.8222529847053232
Benchmark guidance,0.49375703110218444,1.2149831253547574,48.050000000000004,0.765843418959337,0.5125734662817383,0.3181107729448408,5.455303221409676,0.8222529846882166
Benchmark guidance,0.49375703110218444,1.2149831253547574,48.1,0.7658434188953007,0.5125734660111978,0.3181107729696453,5.460964122411133,0.8222529846694985
Benchmark guidance,0.49375703110218444,1.2149831253547574,48.150000000000006,0.7658434188262881,0.5125734657196332,0.3181107729963773,5.466625023412731,0.8222529846493257
Benchmark guidance,0.49375703110218444,1.2149831253547574,48.2,0.7658434187529434,0.5125734654097666,0.3181107730247874,5.47228592441445,0.8222529846278867
Benchmark guidance,0.49375703110218444,1.2149831253547574,48.25,0.7658434186760101,0.5125734650847387,0.3181107730545875,5.47794682541627,0.8222529846053984
Benchmark guidance,0.49375703110218444,1.2149831253547574,48.300000000000004,0.7658434185963223,0.5125734647480735,0.3181107730854546,5.483607726418168,0.8222529845821053
Benchmark guidance,0.49375703110218444,1.2149831253547574,48.35,0.765843418514795,0.5125734644036364,0.3181107731170343,5.489268627420118,0.8222529845582743
Benchmark guidance,0.49375703110218444,1.2149831253547574,48.400000000000006,0.7658434184324132,0.5125734640555893,0.3181107731489449,5.494929528422092,0.8222529845341937
Benchmark guidance,0.49375703110218444,1.2149831253547574,48.45,0.7658434183502209,0.5125734637083422,0.31811077318078224,5.500590429424059,0.8222529845101683
Benchmark guidance,0.49375703110218444,1.2149831253547574,48.5,0.7658434182693082,0.5125734633665021,0.31811077321212383,5.506251330425991,0.8222529844865171
Benchmark guidance,0.49375703110218444,1.2149831253547574,48.550000000000004,0.7658434181907999,0.5125734630348191,0.31811077324253423,5.511912231427856,0.8222529844635685
Benchmark guidance,0.49375703110218444,1.2149831253547574,48.6,0.7658434181158408,0.5125734627181306,0.31811077327156984,5.517573132429621,0.8222529844416576
Benchmark guidance,0.49375703110218444,1.2149831253547574,48.650000000000006,0.765843418045583,0.5125734624213043,0.31811077329878445,5.523234033431254,0.8222529844211208
Benchmark guidance,0.49375703110218444,1.2149831253547574,48.7,0.7658434179811721,0.5125734621491792,0.31811077332373433,5.528894934432722,0.8222529844022931
Benchmark guidance,0.49375703110218444,1.2149831253547574,48.75,0.7658434179237327,0.5125734619065074,0.3181107733459838,5.534555835433993,0.8222529843855032
Benchmark guidance,0.49375703110218444,1.2149831253547574,48.800000000000004,0.765843417874355,0.5125734616978944,0.3181107733651107,5.540216736435039,0.82225298437107
Benchmark guidance,0.49375703110218444,1.2149831253547574,48.85,0.7658434178340804,0.5125734615277404,0.3181107733807115,5.545877637435828,0.8222529843592973
Benchmark guidance,0.49375703110218444,1.2149831253547574,48.900000000000006,0.7658434178038882,0.5125734614001819,0.3181107733924069,5.5515385384363345,0.822252984350472
Benchmark guidance,0.49375703110218444,1.2149831253547574,48.95,0.7658434177846816,0.5125734613190355,0.3181107733998471,5.5571994394365305,0.8222529843448577
Benchmark guidance,0.49375703110218444,1.2149831253547574,49.0,0.765843417777275,0.5125734612877416,0.31811077340271665,5.562860340436395,0.8222529843426928
Benchmark guidance,0.49375703110218444,1.2149831253547574,49.050000000000004,0.7658434177823815,0.5125734613093125,0.3181107734007393,5.568521241435908,0.8222529843441855
Benchmark guidance,0.49375703110218444,1.2149831253547574,49.1,0.7658434178006004,0.5125734613862808,0.3181107733936829,5.574182142435053,0.822252984349511
Benchmark guidance,0.49375703110218444,1.2149831253547574,49.150000000000006,0.7658434178324067,0.5125734615206529,0.31811077338136345,5.579843043433815,0.8222529843588081
Benchmark guidance,0.49375703110218444,1.2149831253547574,49.2,0.7658434178781401,0.5125734617138642,0.3181107733636494,5.585503944432185,0.8222529843721763
Benchmark guidance,0.49375703110218444,1.2149831253547574,49.25,0.7658434179379959,0.5125734619667398,0.31811077334046506,5.591164845430158,0.8222529843896724
Benchmark guidance,0.49375703110218444,1.2149831253547574,49.300000000000004,0.7658434180120166,0.5125734622794587,0.31811077331179405,5.596825746427734,0.8222529844113092
Benchmark guidance,0.49375703110218444,1.2149831253547574,49.35,0.765843418100084,0.5125734626515228,0.31811077327768195,5.6024866474249135,0.8222529844370519
Benchmark guidance,0.49375703110218444,1.2149831253547574,49.400000000000006,0.7658434182019145,0.5125734630817326,0.31811077323823883,5.608147548421707,0.8222529844668174
Benchmark guidance,0.49375703110218444,1.2149831253547574,49.45,0.765843418317053,0.5125734635681666,0.3181107731936408,5.613808449418125,0.8222529845004732
Benchmark guidance,0.49375703110218444,1.2149831253547574,49.5,0.765843418444871,0.5125734641081685,0.31811077314413144,5.619469350414187,0.8222529845378351
Benchmark guidance,0.49375703110218444,1.2149831253547574,49.550000000000004,0.7658434185845642,0.5125734646983412,0.3181107730900221,5.6251302514099155,0.8222529845786684
Benchmark guidance,0.49375703110218444,1.2149831253547574,49.6,0.7658434187351532,0.5125734653345467,0.31811077303169233,5.630791152405337,0.8222529846226865
Benchmark guidance,0.49375703110218444,1.2149831253547574,49.650000000000006,0.7658434188954854,0.5125734660119151,0.31811077296958856,5.636452053400484,0.8222529846695524
Benchmark guidance,0.49375703110218444,1.2149831253547574,49.7,0.7658434190642384,0.5125734667248605,0.31811077290422285,5.642112954395395,0.82225298471888
Benchmark guidance,0.49375703110218444,1.2149831253547574,49.75,0.7658434192399268,0.5125734674671065,0.3181107728361707,5.647773855390111,0.8222529847702348
Benchmark guidance,0.49375703110218444,1.2149831253547574,49.800000000000004,0.7658434194209095,0.5125734682317202,0.31811077276606775,5.653434756384678,0.8222529848231371
Benchmark guidance,0.49375703110218444,1.2149831253547574,49.85,0.7658434196054003,0.5125734690111554,0.31811077269460586,5.6590956573791455,0.8222529848770648
Benchmark guidance,0.49375703110218444,1.2149831253547574,49.900000000000006,0.7658434197914806,0.5125734697973062,0.3181107726225282,5.66475655837357,0.8222529849314573
Benchmark guidance,0.49375703110218444,1.2149831253547574,49.95,0.7658434199771145,0.5125734705815714,0.31811077255062337,5.6704174593680055,0.8222529849857191
Benchmark guidance,0.49375703110218444,1.2149831253547574,50.0,0.7658434201601663,0.5125734713549286,0.3181107724797186,5.676078360362514,0.8222529850392263
Benchmark guidance,0.49375703110218444,1.2149831253547574,50.050000000000004,0.7658434203384212,0.5125734721080205,0.3181107724106717,5.6817392613571585,0.8222529850913313
Benchmark guidance,0.49375703110218444,1.2149831253547574,50.1,0.7658434205096084,0.512573472831253,0.31811077234436247,5.6874001623520005,0.8222529851413702
Benchmark guidance,0.49375703110218444,1.2149831253547574,50.150000000000006,0.7658434206714269,0.5125734735149049,0.31811077228168205,5.693061063347106,0.8222529851886708
Benchmark guidance,0.49375703110218444,1.2149831253547574,50.2,0.7658434208215746,0.5125734741492511,0.31811077222352213,5.69872196434254,0.82225298523256
Benchmark guidance,0.49375703110218444,1.2149831253547574,50.25,0.765843420957781,0.5125734747246987,0.3181107721707623,5.704382865338366,0.8222529852723739
Benchmark guidance,0.49375703110218444,1.2149831253547574,50.300000000000004,0.7658434210778421,0.5125734752319357,0.31811077212425615,5.710043766334647,0.8222529853074685
Benchmark guidance,0.49375703110218444,1.2149831253547574,50.35,0.765843421179659,0.512573475662096,0.3181107720848167,5.71570466733144,0.8222529853372301
Benchmark guidance,0.49375703110218444,1.2149831253547574,50.400000000000006,0.7658434212612808,0.5125734760069365,0.31811077205319965,5.721365568328801,0.8222529853610887
Benchmark guidance,0.49375703110218444,1.2149831253547574,50.45,0.7658434213209497,0.5125734762590309,0.3181107720300859,5.72702646932678,0.8222529853785303
Benchmark guidance,0.49375703110218444,1.2149831253547574,50.5,0.7658434213571507,0.5125734764119787,0.3181107720160623,5.732687370325419,0.8222529853891121
Benchmark guidance,0.49375703110218444,1.2149831253547574,50.550000000000004,0.7658434213686646,0.5125734764606288,0.31811077201160115,5.738348271324751,0.8222529853924776
Benchmark guidance,0.49375703110218444,1.2149831253547574,50.6,0.7658434213546249,0.5125734764013216,0.3181107720170379,5.7440091723248035,0.8222529853883738
Benchmark guidance,0.49375703110218444,1.2149831253547574,50.650000000000006,0.7658434213145797,0.512573476232146,0.31811077203254784,5.7496700733255866,0.8222529853766682
Benchmark guidance,0.49375703110218444,1.2149831253547574,50.7,0.7658434212485555,0.5125734759532151,0.31811077205812055,5.7553309743271,0.822252985357369
Benchmark guidance,0.49375703110218444,1.2149831253547574,50.75,0.7658434211571277,0.512573475566959,0.3181107720935333,5.760991875329328,0.8222529853306441
Benchmark guidance,0.49375703110218444,1.2149831253547574,50.800000000000004,0.7658434210414933,0.5125734750784355,0.31811077213832234,5.766652776332237,0.8222529852968435
Benchmark guidance,0.49375703110218444,1.2149831253547574,50.85,0.7658434209035497,0.5125734744956606,0.31811077219175277,5.772313677335773,0.8222529852565218
Benchmark guidance,0.49375703110218444,1.2149831253547574,50.900000000000006,0.7658434207459771,0.5125734738299567,0.31811077225278644,5.777974578339862,0.8222529852104623
Benchmark guidance,0.49375703110218444,1.2149831253547574,50.95,0.7658434205723254,0.5125734730963215,0.3181107723200484,5.783635479344402,0.8222529851597029
Benchmark guidance,0.49375703110218444,1.2149831253547574,51.0,0.7658434203871065,0.5125734723138169,0.31811077239179103,5.789296380349267,0.8222529851055623
Benchmark guidance,0.49375703110218444,1.2149831253547574,51.050000000000004,0.7658434201958909,0.5125734715059774,0.31811077246585645,5.794957281354302,0.8222529850496688
Benchmark guidance,0.49375703110218444,1.2149831253547574,51.1,0.7658434200054101,0.5125734707012409,0.31811077253963754,5.800618182359315,0.82225298499399
Benchmark guidance,0.49375703110218444,1.2149831253547574,51.150000000000006,0.7658434198236624,0.5125734699333997,0.31811077261003595,5.806279083364084,0.8222529849408642
Benchmark guidance,0.49375703110218444,1.2149831253547574,51.2,0.7658434196600262,0.5125734692420741,0.31811077267341925,5.811939984368342,0.8222529848930323
Benchmark guidance,0.49375703110218444,1.2149831253547574,51.25,0.7658434195253763,0.5125734686732084,0.3181107727255751,5.817600885371785,0.8222529848536734
Benchmark guidance,0.49375703110218444,1.2149831253547574,51.300000000000004,0.7658434194322072,0.512573468279589,0.3181107727616637,5.823261786374063,0.8222529848264394
Benchmark guidance,0.49375703110218444,1.2149831253547574,51.35,0.7658434193947609,0.5125734681213846,0.3181107727761688,5.828922687374773,0.8222529848154937
Benchmark guidance,0.49375703110218444,1.2149831253547574,51.400000000000006,0.765843419401539,0.5125734681500146,0.3181107727735439,5.8345835883742385,0.8222529848174749
Benchmark guidance,0.49375703110218444,1.2149831253547574,51.45,0.7658434194253054,0.5125734682504107,0.3181107727643388,5.840244489373227,0.822252984824422
Benchmark guidance,0.49375703110218444,1.2149831253547574,51.5,0.7658434194586881,0.51257346839143,0.318110772751409,5.845905390371945,0.82225298483418
Benchmark guidance,0.49375703110218444,1.2149831253547574,51.550000000000004,0.7658434194958291,0.5125734685483274,0.31811077273702326,5.851566291370557,0.8222529848450365
Benchmark guidance,0.49375703110218444,1.2149831253547574,51.6,0.7658434195322192,0.5125734687020521,0.3181107727229284,5.85722719236919,0.8222529848556736
Benchmark guidance,0.49375703110218444,1.2149831253547574,51.650000000000006,0.76584341956454,0.5125734688385861,0.3181107727104098,5.862888093367938,0.8222529848651212
Benchmark guidance,0.49375703110218444,1.2149831253547574,51.7,0.7658434195905173,0.5125734689483226,0.31811077270034815,5.868548994366863,0.8222529848727145
Benchmark guidance,0.49375703110218444,1.2149831253547574,51.75,0.7658434196087832,0.5125734690254832,0.3181107726932734,5.874209895366006,0.8222529848780536
Benchmark guidance,0.49375703110218444,1.2149831253547574,51.800000000000004,0.7658434196187476,0.5125734690675741,0.3181107726894142,5.879870796365383,0.8222529848809664
Benchmark guidance,0.49375703110218444,1.2149831253547574,51.85,0.7658434196204774,0.5125734690748789,0.3181107726887444,5.885531697364991,0.822252984881472
Benchmark guidance,0.49375703110218444,1.2149831253547574,51.900000000000006,0.7658434196145858,0.5125734690499876,0.3181107726910267,5.891192598364814,0.8222529848797497
Benchmark guidance,0.49375703110218444,1.2149831253547574,51.95,0.7658434196021286,0.5125734689973606,0.3181107726958521,5.896853499364821,0.8222529848761085
Benchmark guidance,0.49375703110218444,1.2149831253547574,52.0,0.7658434195845095,0.5125734689229267,0.3181107727026769,5.902514400364972,0.8222529848709583
Benchmark guidance,0.49375703110218444,1.2149831253547574,52.050000000000004,0.765843419563392,0.5125734688337146,0.31811077271085675,5.908175301365223,0.8222529848647855
Benchmark guidance,0.49375703110218444,1.2149831253547574,52.1,0.7658434195406204,0.512573468737515,0.3181107727196773,5.91383620236552,0.8222529848581294
Benchmark guidance,0.49375703110218444,1.2149831253547574,52.150000000000006,0.765843419518147,0.512573468642575,0.31811077272838234,5.919497103365809,0.8222529848515602
Benchmark guidance,0.49375703110218444,1.2149831253547574,52.2,0.7658434194979666,0.5125734685573219,0.31811077273619925,5.9251580043660335,0.8222529848456613
Benchmark guidance,0.49375703110218444,1.2149831253547574,52.25,0.765843419482058,0.5125734684901149,0.31811077274236155,5.930818905366137,0.8222529848410111
Benchmark guidance,0.49375703110218444,1.2149831253547574,52.300000000000004,0.7658434194723319,0.5125734684490254,0.3181107727461292,5.9364798063660675,0.8222529848381682
Benchmark guidance,0.49375703110218444,1.2149831253547574,52.35,0.7658434194705851,0.5125734684416445,0.31811077274680616,5.942140707365773,0.8222529848376576
Benchmark guidance,0.49375703110218444,1.2149831253547574,52.400000000000006,0.7658434194784611,0.5125734684749146,0.3181107727437559,5.947801608365209,0.8222529848399598
Benchmark guidance,0.49375703110218444,1.2149831253547574,52.45,0.7658434194974161,0.512573468554987,0.3181107727364143,5.953462509364332,0.8222529848455004
Benchmark guidance,0.49375703110218444,1.2149831253547574,52.5,0.7658434195286904,0.5125734686871022,0.31811077272430105,5.959123410363109,0.822252984854642
Benchmark guidance,0.49375703110218444,1.2149831253547574,52.550000000000004,0.7658434195732862,0.5125734688754933,0.3181107727070279,5.9647843113615115,0.8222529848676776
Benchmark guidance,0.49375703110218444,1.2149831253547574,52.6,0.765843419631949,0.51257346912331,0.3181107726843061,5.970445212359518,0.8222529848848251
Benchmark guidance,0.49375703110218444,1.2149831253547574,52.650000000000006,0.7658434197051552,0.5125734694325647,0.3181107726559511,5.976106113357116,0.8222529849062238
Benchmark guidance,0.49375703110218444,1.2149831253547574,52.7,0.7658434197931033,0.5125734698040957,0.3181107726218861,5.9817670143543,0.8222529849319314
Benchmark guidance,0.49375703110218444,1.2149831253547574,52.75,0.7658434198957099,0.5125734702375505,0.3181107725821433,5.98742791535107,0.8222529849619241
Benchmark guidance,0.49375703110218444,1.2149831253547574,52.800000000000004,0.7658434200126095,0.5125734707313859,0.31811077253686426,5.99308881634744,0.8222529849960944
Benchmark guidance,0.49375703110218444,1.2149831253547574,52.85,0.7658434201431589,0.512573471282884,0.3181107724862982,5.998749717343424,0.8222529850342549
Benchmark guidance,0.49375703110218444,1.2149831253547574,52.900000000000006,0.765843420286444,0.5125734718881836,0.31811077243079916,6.004410618339051,0.8222529850761381
Benchmark guidance,0.49375703110218444,1.2149831253547574,52.95,0.7658434204412911,0.5125734725423258,0.31811077237082175,6.010071519334352,0.8222529851214008
Benchmark guidance,0.49375703110218444,1.2149831253547574,53.0,0.7658434206062803,0.5125734732393131,0.31811077230691587,6.0157324203293685,0.8222529851696281
Benchmark guidance,0.49375703110218444,1.2149831253547574,53.050000000000004,0.7658434207797626,0.5125734739721796,0.3181107722397203,6.021393321324147,0.8222529852203381
Benchmark guidance,0.49375703110218444,1.2149831253547574,53.1,0.7658434209598795,0.512573474733073,0.31811077216995487,6.027054222318736,0.8222529852729873
Benchmark guidance,0.49375703110218444,1.2149831253547574,53.150000000000006,0.7658434211445839,0.5125734755133464,0.3181107720984125,6.032715123313199,0.8222529853269774
Benchmark guidance,0.49375703110218444,1.2149831253547574,53.2,0.7658434213316648,0.5125734763036591,0.3181107720259496,6.038376024307594,0.8222529853816624
Benchmark guidance,0.49375703110218444,1.2149831253547574,53.25,0.7658434215187724,0.5125734770940846,0.31811077195347637,6.044036925301988,0.822252985436355
Benchmark guidance,0.49375703110218444,1.2149831253547574,53.300000000000004,0.7658434217034458,0.5125734778742269,0.3181107718819459,6.049697826296451,0.8222529854903361
Benchmark guidance,0.49375703110218444,1.2149831253547574,53.35,0.7658434218831414,0.5125734786333408,0.31811077181234354,6.055358727291053,0.8222529855428622
Benchmark guidance,0.49375703110218444,1.2149831253547574,53.400000000000006,0.7658434220552629,0.5125734793604584,0.3181107717456748,6.0610196282858695,0.8222529855931745
Benchmark guidance,0.49375703110218444,1.2149831253547574,53.45,0.765843422217192,0.5125734800445185,0.31811077168295393,6.066680529280972,0.8222529856405073
Benchmark guidance,0.49375703110218444,1.2149831253547574,53.5,0.7658434223663196,0.5125734806744994,0.3181107716251915,6.072341430276434,0.8222529856840982
Benchmark guidance,0.49375703110218444,1.2149831253547574,53.550000000000004,0.7658434225000775,0.5125734812395517,0.3181107715733823,6.078002331272329,0.8222529857231964
Benchmark guidance,0.49375703110218444,1.2149831253547574,53.6,0.7658434226159704,0.5125734817291343,0.31811077152849276,6.083663232268726,0.8222529857570726
Benchmark guidance,0.49375703110218444,1.2149831253547574,53.650000000000006,0.7658434227116074,0.5125734821331472,0.31811077149144895,6.089324133265693,0.8222529857850278
Benchmark guidance,0.49375703110218444,1.2149831253547574,53.7,0.7658434227847338,0.5125734824420646,0.3181107714631244,6.094985034263293,0.8222529858064032
Benchmark guidance,0.49375703110218444,1.2149831253547574,53.75,0.7658434228332611,0.5125734826470647,0.3181107714443278,6.100645935261584,0.822252985820588
Benchmark guidance,0.49375703110218444,1.2149831253547574,53.800000000000004,0.7658434228552977,0.5125734827401561,0.318110771435792,6.106306836260622,0.8222529858270294
Benchmark guidance,0.49375703110218444,1.2149831253547574,53.85,0.7658434228491773,0.5125734827142995,0.3181107714381624,6.11196773726045,0.8222529858252404
Benchmark guidance,0.49375703110218444,1.2149831253547574,53.900000000000006,0.7658434228134862,0.5125734825635233,0.31811077145198646,6.117628638261111,0.8222529858148077
Benchmark guidance,0.49375703110218444,1.2149831253547574,53.95,0.7658434227470897,0.5125734822830337,0.31811077147770384,6.123289539262635,0.8222529857953996
Benchmark guidance,0.49375703110218444,1.2149831253547574,54.0,0.7658434226491557,0.5125734818693153,0.3181107715156368,6.128950440265045,0.8222529857667729
Benchmark guidance,0.49375703110218444,1.2149831253547574,54.050000000000004,0.7658434225191766,0.5125734813202241,0.31811077156598194,6.134611341268359,0.8222529857287793
Benchmark guidance,0.49375703110218444,1.2149831253547574,54.1,0.7658434223569891,0.5125734806350705,0.3181107716288025,6.140272242272577,0.8222529856813708
Benchmark guidance,0.49375703110218444,1.2149831253547574,54.150000000000006,0.7658434221627912,0.5125734798146904,0.31811077170402186,6.145933143277696,0.8222529856246056
Benchmark guidance,0.49375703110218444,1.2149831253547574,54.2,0.7658434219371564,0.5125734788615061,0.31811077179141783,6.151594044283698,0.8222529855586511
Benchmark guidance,0.49375703110218444,1.2149831253547574,54.25,0.7658434216810441,0.5125734777795721,0.31811077189061876,6.157254945290558,0.822252985483788
Benchmark guidance,0.49375703110218444,1.2149831253547574,54.300000000000004,0.7658434213958087,0.5125734765746088,0.31811077200110016,6.162915846298238,0.8222529854004119
Benchmark guidance,0.49375703110218444,1.2149831253547574,54.35,0.7658434210832028,0.5125734752540199,0.31811077212218314,6.168576747306686,0.8222529853090355
Benchmark guidance,0.49375703110218444,1.2149831253547574,54.400000000000006,0.7658434207453775,0.5125734738268934,0.31811077225303447,6.174237648315844,0.822252985210287
Benchmark guidance,0.49375703110218444,1.2149831253547574,54.45,0.7658434203848795,0.5125734723039869,0.31811077239266783,6.17989854932564,0.8222529851049114
Benchmark guidance,0.49375703110218444,1.2149831253547574,54.5,0.7658434200046422,0.5125734706976933,0.31811077253994685,6.18555945033599,0.8222529849937656
Benchmark guidance,0.49375703110218444,1.2149831253547574,54.550000000000004,0.765843419607974,0.5125734690219875,0.3181107726935903,6.1912203513468045,0.8222529848778171
Benchmark guidance,0.49375703110218444,1.2149831253547574,54.6,0.7658434191985398,0.5125734672923534,0.3181107728521784,6.196881252357976,0.822252984758137
Benchmark guidance,0.49375703110218444,1.2149831253547574,54.650000000000006,0.7658434187803399,0.5125734655256887,0.31811077301416185,6.202542153369395,0.8222529846358947
Benchmark guidance,0.49375703110218444,1.2149831253547574,54.7,0.7658434183576811,0.5125734637401876,0.31811077317787245,6.208203054380939,0.822252984512349
Benchmark guidance,0.49375703110218444,1.2149831253547574,54.75,0.765843417935144,0.5125734619552009,0.318110773341536,6.21386395539248,0.8222529843888388
Benchmark guidance,0.49375703110218444,1.2149831253547574,54.800000000000004,0.7658434175175437,0.5125734601910696,0.31811077350328737,6.219524856403882,0.8222529842667717
Benchmark guidance,0.49375703110218444,1.2149831253547574,54.85,0.7658434171098848,0.5125734584689352,0.3181107736611882,6.225185757415003,0.8222529841476106
Benchmark guidance,0.49375703110218444,1.2149831253547574,54.900000000000006,0.7658434167173097,0.5125734568105217,0.3181107738132466,6.230846658425702,0.8222529840328585
Benchmark guidance,0.49375703110218444,1.2149831253547574,54.95,0.7658434163450409,0.5125734552378912,0.3181107739574397,6.236507559435829,0.8222529839240421
Benchmark guidance,0.49375703110218444,1.2149831253547574,55.0,0.7658434159983161,0.5125734537731699,0.3181107740917388,6.242168460445237,0.8222529838226924
Benchmark guidance,0.49375703110218444,1.2149831253547574,55.050000000000004,0.7658434156823161,0.5125734524382447,0.3181107742141372,6.247829361453782,0.8222529837303237
Benchmark guidance,0.49375703110218444,1.2149831253547574,55.1,0.7658434154020864,0.5125734512544293,0.31811077432268053,6.25349026246132,0.8222529836484109
Benchmark guidance,0.49375703110218444,1.2149831253547574,55.150000000000006,0.76584341516245,0.5125734502420982,0.3181107744155008,6.259151163467717,0.8222529835783636
Benchmark guidance,0.49375703110218444,1.2149831253547574,55.2,0.7658434149679131,0.5125734494202878,0.31811077449085245,6.264812064472844,0.8222529835214994
Benchmark guidance,0.49375703110218444,1.2149831253547574,55.25,0.7658434148225628,0.5125734488062639,0.31811077454715253,6.270472965476588,0.8222529834790125
Benchmark guidance,0.49375703110218444,1.2149831253547574,55.300000000000004,0.7658434147299563,0.5125734484150537,0.3181107745830231,6.27613386647885,0.8222529834519432
Benchmark guidance,0.49375703110218444,1.2149831253547574,55.35,0.7658434146930018,0.5125734482589426,0.31811077459733783,6.281794767479546,0.8222529834411412
Benchmark guidance,0.49375703110218444,1.2149831253547574,55.400000000000006,0.7658434147138303,0.5125734483469331,0.3181107745892712,6.287455668478618,0.8222529834472294
Benchmark guidance,0.49375703110218444,1.2149831253547574,55.45,0.7658434147936588,0.5125734486841662,0.3181107745583518,6.2931165694760285,0.8222529834705637
Benchmark guidance,0.49375703110218444,1.2149831253547574,55.5,0.7658434149326441,0.512573449271304,0.31811077450451897,6.2987774704717765,0.82225298351119
Benchmark guidance,0.49375703110218444,1.2149831253547574,55.550000000000004,0.7658434151297265,0.5125734501038707,0.3181107744281831,6.30443837146589,0.8222529835687985
Benchmark guidance,0.49375703110218444,1.2149831253547574,55.6,0.7658434153824653,0.5125734511715541,0.3181107743302896,6.310099272458438,0.8222529836426754
Benchmark guidance,0.49375703110218444,1.2149831253547574,55.650000000000006,0.7658434156868618,0.5125734524574637,0.31811077421238726,6.315760173449534,0.8222529837316525
Benchmark guidance,0.49375703110218444,1.2149831253547574,55.7,0.765843416037175,0.512573453937346,0.3181107740766997,6.321421074439338,0.8222529838340511
Benchmark guidance,0.49375703110218444,1.2149831253547574,55.75,0.7658434164257245,0.5125734555787552,0.3181107739262019,6.327081975428066,0.8222529839476265
Benchmark guidance,0.49375703110218444,1.2149831253547574,55.800000000000004,0.7658434168426834,0.512573457340179,0.31811077376470004,6.332742876415996,0.822252984069506
Benchmark guidance,0.49375703110218444,1.2149831253547574,55.85,0.7658434172758609,0.512573459170117,0.3181107735969161,6.338403777403469,0.8222529841961265
Benchmark guidance,0.49375703110218444,1.2149831253547574,55.900000000000006,0.7658434177104724,0.5125734610061126,0.31811077342857663,6.344064678390903,0.822252984323166
Benchmark guidance,0.49375703110218444,1.2149831253547574,55.95,0.7658434181288989,0.5125734627737357,0.318110773266506,6.3497255793787915,0.8222529844454746
Benchmark guidance,0.49375703110218444,1.2149831253547574,56.0,0.765843418510435,0.5125734643855167,0.31811077311872415,6.3553864803677165,0.8222529845569998
Benchmark guidance,0.49375703110218444,1.2149831253547574,56.050000000000004,0.7658434188310238,0.5125734657398283,0.31811077299454915,6.3610473813583575,0.8222529846507098
Benchmark guidance,0.49375703110218444,1.2149831253547574,56.1,0.7658434190629804,0.5125734667197176,0.3181107729047043,6.36670828235149,0.8222529847185122
Benchmark guidance,0.49375703110218444,1.2149831253547574,56.150000000000006,0.7658434191747029,0.512573467191684,0.31811077286143,6.372369183348004,0.8222529847511695
Benchmark guidance,0.49375703110218444,1.2149831253547574,56.2,0.7658434191866698,0.5125734672422375,0.3181107728567941,6.3780300843473245,0.8222529847546673
Benchmark guidance,0.49375703110218444,1.2149831253547574,56.25,0.7658434191925768,0.5125734672671926,0.31811077285450473,6.3836909853468145,0.8222529847563941
Benchmark guidance,0.49375703110218444,1.2149831253547574,56.300000000000004,0.7658434191965532,0.5125734672839918,0.31811077285296296,6.38935188634636,0.8222529847575564
Benchmark guidance,0.49375703110218444,1.2149831253547574,56.35,0.7658434191997182,0.5125734672973637,0.3181107728517354,6.3950127873459275,0.8222529847584815
Benchmark guidance,0.49375703110218444,1.2149831253547574,56.400000000000006,0.7658434192028687,0.5125734673106745,0.31811077285051353,6.4006736883454955,0.8222529847594024
Benchmark guidance,0.49375703110218444,1.2149831253547574,56.45,0.7658434192065269,0.5125734673261292,0.31811077284909534,6.406334589345049,0.8222529847604718
Benchmark guidance,0.49375703110218444,1.2149831253547574,56.5,0.7658434192109836,0.512573467344957,0.3181107728473681,6.41199549034458,0.8222529847617746
Benchmark guidance,0.49375703110218444,1.2149831253547574,56.550000000000004,0.7658434192163395,0.5125734673675826,0.31811077284529304,6.417656391344087,0.8222529847633401
Benchmark guidance,0.49375703110218444,1.2149831253547574,56.6,0.7658434192225411,0.5125734673937808,0.3181107728428906,6.423317292343569,0.8222529847651529
Benchmark guidance,0.49375703110218444,1.2149831253547574,56.650000000000006,0.7658434192294153,0.5125734674228198,0.31811077284022793,6.428978193343033,0.8222529847671622
Benchmark guidance,0.49375703110218444,1.2149831253547574,56.7,0.7658434192366992,0.5125734674535889,0.31811077283740685,6.434639094342484,0.8222529847692913
Benchmark guidance,0.49375703110218444,1.2149831253547574,56.75,0.7658434192440672,0.5125734674847138,0.31811077283455325,6.440299995341934,0.8222529847714449
Benchmark guidance,0.49375703110218444,1.2149831253547574,56.800000000000004,0.7658434192511563,0.5125734675146598,0.3181107728318077,6.445960896341391,0.8222529847735172
Benchmark guidance,0.49375703110218444,1.2149831253547574,56.85,0.7658434192575865,0.5125734675418231,0.3181107728293173,6.4516217973408665,0.8222529847753969
Benchmark guidance,0.49375703110218444,1.2149831253547574,56.900000000000006,0.7658434192629807,0.5125734675646095,0.3181107728272281,6.457282698340372,0.8222529847769736
Benchmark guidance,0.49375703110218444,1.2149831253547574,56.95,0.7658434192669801,0.5125734675815041,0.3181107728256789,6.4629435993399165,0.8222529847781426
Benchmark guidance,0.49375703110218444,1.2149831253547574,57.0,0.7658434192692583,0.5125734675911283,0.318110772824796,6.4686045003395085,0.8222529847788086
Benchmark guidance,0.49375703110218444,1.2149831253547574,57.050000000000004,0.7658434192695329,0.5125734675922891,0.3181107728246888,6.474265401339157,0.8222529847788888
Benchmark guidance,0.49375703110218444,1.2149831253547574,57.1,0.7658434192675745,0.5125734675840171,0.3181107728254461,6.479926302338869,0.8222529847783163
Benchmark guidance,0.49375703110218444,1.2149831253547574,57.150000000000006,0.7658434192632138,0.5125734675655974,0.31811077282713335,6.485587203338649,0.8222529847770416
Benchmark guidance,0.49375703110218444,1.2149831253547574,57.2,0.7658434192563466,0.5125734675365905,0.3181107728297909,6.491248104338498,0.8222529847750343
Benchmark guidance,0.49375703110218444,1.2149831253547574,57.25,0.7658434192469377,0.5125734674968463,0.3181107728334325,6.49690900533842,0.822252984772284
Benchmark guidance,0.49375703110218444,1.2149831253547574,57.300000000000004,0.7658434192350213,0.5125734674465109,0.31811077283804473,6.502569906338412,0.8222529847688008
Benchmark guidance,0.49375703110218444,1.2149831253547574,57.35,0.7658434192207022,0.5125734673860258,0.31811077284358713,6.508230807338471,0.8222529847646152
Benchmark guidance,0.49375703110218444,1.2149831253547574,57.400000000000006,0.7658434192041533,0.5125734673161216,0.31811077284999273,6.513891708338594,0.8222529847597779
Benchmark guidance,0.49375703110218444,1.2149831253547574,57.45,0.7658434191856129,0.5125734672378054,0.31811077285716927,6.5195526093387715,0.8222529847543584
Benchmark guidance,0.49375703110218444,1.2149831253547574,57.5,0.7658434191653808,0.5125734671523428,0.3181107728650007,6.525213510338997,0.8222529847484444
Benchmark guidance,0.49375703110218444,1.2149831253547574,57.550000000000004,0.7658434191438124,0.5125734670612359,0.31811077287334943,6.530874411339261,0.8222529847421399
Benchmark guidance,0.49375703110218444,1.2149831253547574,57.6,0.765843419121313,0.5125734669661963,0.3181107728820586,6.53653531233955,0.8222529847355632
Benchmark guidance,0.49375703110218444,1.2149831253547574,57.650000000000006,0.7658434190983303,0.5125734668691151,0.31811077289095485,6.542196213339854,0.8222529847288452
Benchmark guidance,0.49375703110218444,1.2149831253547574,57.7,0.7658434190753463,0.5125734667720282,0.3181107728998517,6.5478571143401565,0.8222529847221268
Benchmark guidance,0.49375703110218444,1.2149831253547574,57.75,0.7658434190528688,0.5125734666770811,0.3181107729085524,6.553518015340445,0.8222529847155565
Benchmark guidance,0.49375703110218444,1.2149831253547574,57.800000000000004,0.7658434190314225,0.5125734665864898,0.31811077291685397,6.559178916340706,0.8222529847092876
Benchmark guidance,0.49375703110218444,1.2149831253547574,57.85,0.7658434190115391,0.5125734665025002,0.3181107729245506,6.564839817340921,0.8222529847034755
Benchmark guidance,0.49375703110218444,1.2149831253547574,57.900000000000006,0.7658434189937476,0.5125734664273478,0.3181107729314373,6.570500718341078,0.8222529846982751
Benchmark guidance,0.49375703110218444,1.2149831253547574,57.95,0.7658434189785649,0.5125734663632143,0.31811077293731427,6.576161619341162,0.8222529846938371
Benchmark guidance,0.49375703110218444,1.2149831253547574,58.0,0.7658434189664848,0.5125734663121867,0.31811077294199025,6.5818225203411584,0.822252984690306
Benchmark guidance,0.49375703110218444,1.2149831253547574,58.050000000000004,0.7658434189579688,0.5125734662762147,0.31811077294528645,6.587483421341055,0.8222529846878167
Benchmark guidance,0.49375703110218444,1.2149831253547574,58.1,0.7658434189534367,0.5125734662570705,0.31811077294704054,6.593144322340839,0.822252984686492
Benchmark guidance,0.49375703110218444,1.2149831253547574,58.150000000000006,0.7658434189532561,0.5125734662563085,0.3181107729471101,6.598805223340501,0.8222529846864391
Benchmark guidance,0.49375703110218444,1.2149831253547574,58.2,0.7658434189577352,0.5125734662752287,0.31811077294537593,6.604466124340031,0.8222529846877484
Benchmark guidance,0.49375703110218444,1.2149831253547574,58.25,0.7658434189671128,0.512573466314841,0.3181107729417455,6.610127025339424,0.8222529846904895
Benchmark guidance,0.49375703110218444,1.2149831253547574,58.300000000000004,0.765843418981552,0.5125734663758336,0.3181107729361558,6.615787926338675,0.8222529846947102
Benchmark guidance,0.49375703110218444,1.2149831253547574,58.35,0.7658434190011324,0.5125734664585436,0.31811077292857587,6.6214488273377805,0.8222529847004337
Benchmark guidance,0.49375703110218444,1.2149831253547574,58.400000000000006,0.7658434190258452,0.5125734665629333,0.31811077291900913,6.627109728336743,0.8222529847076574
Benchmark guidance,0.49375703110218444,1.2149831253547574,58.45,0.7658434190555877,0.5125734666885695,0.3181107729074954,6.632770629335563,0.8222529847163512
Benchmark guidance,0.49375703110218444,1.2149831253547574,58.5,0.7658434190901604,0.5125734668346085,0.31811077289411194,6.6384315303342465,0.8222529847264572
Benchmark guidance,0.49375703110218444,1.2149831253547574,58.550000000000004,0.765843419129264,0.5125734669997862,0.3181107728789746,6.644092431332804,0.8222529847378873
Benchmark guidance,0.49375703110218444,1.2149831253547574,58.6,0.7658434191724989,0.5125734671824155,0.318110772862238,6.649753332331245,0.8222529847505251
Benchmark guidance,0.49375703110218444,1.2149831253547574,58.650000000000006,0.7658434192193663,0.5125734673803881,0.3181107728440953,6.655414233329584,0.8222529847642247
Benchmark guidance,0.49375703110218444,1.2149831253547574,58.7,0.7658434192692697,0.5125734675911858,0.3181107728247773,6.661075134327836,0.8222529847788118
Benchmark guidance,0.49375703110218444,1.2149831253547574,58.75,0.7658434193215201,0.5125734678118972,0.3181107728045508,6.666736035326023,0.8222529847940849
Benchmark guidance,0.49375703110218444,1.2149831253547574,58.800000000000004,0.7658434193753413,0.512573468039244,0.31811077278371624,6.672396936324167,0.8222529848098172
Benchmark guidance,0.49375703110218444,1.2149831253547574,58.85,0.7658434194298787,0.5125734682696155,0.3181107727626045,6.678057837322289,0.8222529848257587
Benchmark guidance,0.49375703110218444,1.2149831253547574,58.900000000000006,0.7658434194842089,0.512573468499112,0.318110772741573,6.683718738320418,0.8222529848416398
Benchmark guidance,0.49375703110218444,1.2149831253547574,58.95,0.7658434195373529,0.5125734687235981,0.3181107727210007,6.68937963931858,0.8222529848571742
Benchmark guidance,0.49375703110218444,1.2149831253547574,59.0,0.765843419588291,0.512573468938766,0.31811077270128235,6.695040540316803,0.8222529848720637
Benchmark guidance,0.49375703110218444,1.2149831253547574,59.050000000000004,0.76584341963598,0.5125734691402093,0.3181107726828218,6.700701441315119,0.8222529848860035
Benchmark guidance,0.49375703110218444,1.2149831253547574,59.1,0.7658434196793739,0.5125734693235091,0.3181107726660239,6.706362342313555,0.8222529848986878
Benchmark guidance,0.49375703110218444,1.2149831253547574,59.150000000000006,0.7658434197174461,0.5125734694843301,0.31811077265128607,6.712023243312141,0.8222529849098166
Benchmark guidance,0.49375703110218444,1.2149831253547574,59.2,0.7658434197492162,0.5125734696185301,0.31811077263898785,6.717684144310904,0.822252984919103
Benchmark guidance,0.49375703110218444,1.2149831253547574,59.25,0.7658434197737782,0.5125734697222821,0.31811077262947995,6.72334504530987,0.8222529849262827
Benchmark guidance,0.49375703110218444,1.2149831253547574,59.300000000000004,0.7658434197903327,0.5125734697922094,0.3181107726230718,6.729005946309061,0.8222529849311218
Benchmark guidance,0.49375703110218444,1.2149831253547574,59.35,0.765843419798222,0.5125734698255342,0.318110772620018,6.734666847308496,0.8222529849334278
Benchmark guidance,0.49375703110218444,1.2149831253547574,59.400000000000006,0.7658434197969691,0.5125734698202413,0.31811077262050325,6.7403277483081885,0.8222529849330616
Benchmark guidance,0.49375703110218444,1.2149831253547574,59.45,0.7658434197863198,0.5125734697752562,0.31811077262462595,6.745988649308144,0.8222529849299487
Benchmark guidance,0.49375703110218444,1.2149831253547574,59.5,0.7658434197662877,0.512573469690638,0.3181107726323807,6.751649550308364,0.8222529849240932
Benchmark guidance,0.49375703110218444,1.2149831253547574,59.550000000000004,0.7658434197372049,0.5125734695677886,0.318110772643639,6.757310451308839,0.8222529849155921
Benchmark guidance,0.49375703110218444,1.2149831253547574,59.6,0.7658434196997748,0.5125734694096789,0.31811077265812865,6.762971352309548,0.822252984904651
Benchmark guidance,0.49375703110218444,1.2149831253547574,59.650000000000006,0.7658434196551291,0.5125734692210903,0.31811077267541144,6.768632253310461,0.8222529848916009
Benchmark guidance,0.49375703110218444,1.2149831253547574,59.7,0.7658434196048903,0.5125734690088749,0.3181107726948594,6.77429315431153,0.8222529848769157
Benchmark guidance,0.49375703110218444,1.2149831253547574,59.75,0.7658434195512361,0.5125734687822333,0.3181107727156294,6.779954055312696,0.8222529848612323
Benchmark guidance,0.49375703110218444,1.2149831253547574,59.800000000000004,0.7658434194969708,0.5125734685530101,0.3181107727366359,6.785614956313879,0.8222529848453702
Benchmark guidance,0.49375703110218444,1.2149831253547574,59.85,0.765843419445599,0.5125734683360094,0.31811077275652233,6.7912758573149805,0.8222529848303539
Benchmark guidance,0.49375703110218444,1.2149831253547574,59.900000000000006,0.765843419401405,0.5125734681493287,0.31811077277363015,6.79693675831588,0.8222529848174358
Benchmark guidance,0.49375703110218444,1.2149831253547574,59.95,0.7658434193695367,0.5125734680147135,0.3181107727859665,6.802597659316433,0.8222529848081205
Benchmark guidance,0.49375703110218444,1.2149831253547574,60.0,0.7658434193560945,0.5125734679579321,0.31811077279117,6.808258560316467,0.8222529848041913
Biased guidance,0.43432388914760744,1.357622666045742,0.0,1.25,0.08,0.08,0.0,0.9241418199787566
Biased guidance,0.43432388914760744,1.357622666045742,0.05,1.201326720019066,0.11899141709096007,0.09826069294441352,0.007081576181802642,0.9170294179112445
Biased guidance,0.43432388914760744,1.357622666045742,0.1,1.1596942546326872,0.15473539970069264,0.1152803020289316,0.014110611398893323,0.910470107942567
Biased guidance,0.43432388914760744,1.357622666045742,0.15000000000000002,1.1235241639133458,0.18752229261175973,0.13114978537316493,0.021091092508130224,0.9043956256488651
Biased guidance,0.43432388914760744,1.357622666045742,0.2,1.0916855975740878,0.21761268900334907,0.14595213706098753,0.028026514149483615,0.8987462682841153
Biased guidance,0.43432388914760744,1.357622666045742,0.25,1.063345618895561,0.24524108862609514,0.15976326598696516,0.034919943498458415,0.8934704868710728
Biased guidance,0.43432388914760744,1.357622666045742,0.30000000000000004,1.0378762498386243,0.2706190280668433,0.172652763694099,0.04177407980913733,0.8885240160186362
Biased guidance,0.43432388914760744,1.357622666045742,0.35000000000000003,1.0147945116719976,0.293937758631008,0.18468457046775877,0.04859130670380209,0.8838689000233895
Biased guidance,0.43432388914760744,1.357622666045742,0.4,0.9937224859733146,0.31537054354408606,0.19591755258293908,0.05537373706464653,0.8794725655809503
Biased guidance,0.43432388914760744,1.357622666045742,0.45,0.9743599619769361,0.3350746376396193,0.20640600399643888,0.06212325122838649,0.8753069954570083
Biased guidance,0.43432388914760744,1.357622666045742,0.5,0.9564652548385172,0.35319300078572985,0.21620008357379578,0.06884152920068859,0.8713480175464476
Biased guidance,0.43432388914760744,1.357622666045742,0.55,0.939841465032867,0.36985578879472597,0.22534619818209353,0.07553007785805986,0.8675747029070475
Biased guidance,0.43432388914760744,1.357622666045742,0.6000000000000001,0.9243264515823975,0.3851816568671995,0.2338873398935848,0.0821902539046092,0.863968860798176
Biased guidance,0.43432388914760744,1.357622666045742,0.65,0.9097853940176157,0.39927890439854724,0.24186338424802153,0.08882328327878311,0.8605146170362122
Biased guidance,0.43432388914760744,1.357622666045742,0.7000000000000001,0.8961051945454434,0.41224648393494795,0.2493113549349968,0.09543027751860181,0.8571980629285085
Biased guidance,0.43432388914760744,1.357622666045742,0.75,0.8831902020710382,0.4241748960444629,0.25626566071157547,0.10201224781900804,0.8540069612272114
Biased guidance,0.43432388914760744,1.357622666045742,0.8,0.8709589154462849,0.4351469828775495,0.2627583069475708,0.10857011683796257,0.8509305018300567
Biased guidance,0.43432388914760744,1.357622666045742,0.8500000000000001,0.8593414055203809,0.4452386369089525,0.2688190865057096,0.11510472891474624,0.847959096279561
Biased guidance,0.43432388914760744,1.357622666045742,0.9,0.8482772851365858,0.4545194332973295,0.27447575148212655,0.12161685871592172,0.8450842060774258
Biased guidance,0.43432388914760744,1.357622666045742,0.9500000000000001,0.8377140891686392,0.4630531990180891,0.2797541696176534,0.12810721884645274,0.842298197078398
Biased guidance,0.43432388914760744,1.357622666045742,1.0,0.8276059783916894,0.4708985218710035,0.28467846536574815,0.13457646622698746,0.839594217681836
Biased guidance,0.43432388914760744,1.357622666045742,1.05,0.8179126877103878,0.4781092110325248,0.28927114916623203,0.14102520776217348,0.836966094840219
Biased guidance,0.43432388914760744,1.357622666045742,1.1,0.808598670139495,0.4847347113539507,0.29355323497701025,0.14745400518337204,0.8344082460160689
Biased guidance,0.43432388914760744,1.357622666045742,1.1500000000000001,0.7996323946043392,0.49082047809698554,0.29754434786751177,0.1538633792739455,0.8319156042013036
Biased guidance,0.43432388914760744,1.357622666045742,1.2000000000000002,0.7909857639600635,0.49640831831568927,0.3012628233123649,0.16025381366477215,0.8294835532132331
Biased guidance,0.43432388914760744,1.357622666045742,1.25,0.7826336341849472,0.5015366971778383,0.30472579731007526,0.16662575799372195,0.8271078729396366
Biased guidance,0.43432388914760744,1.357622666045742,1.3,0.7745534106631595,0.506241018973112,0.307949290192636,0.17297963081286605,0.8247846916475595
Biased guidance,0.43432388914760744,1.357622666045742,1.35,0.7667247096278098,0.5105538817117332,0.31094828353908277,0.1793158221056526,0.8225104449594431
Biased guidance,0.43432388914760744,1.357622666045742,1.4000000000000001,0.7591290724914382,0.514505307857781,0.31373679087090295,0.1856346954804295,0.8202818403630431
Biased guidance,0.43432388914760744,1.357622666045742,1.4500000000000002,0.7517497233145793,0.5181229564045774,0.316327923446275,0.19193659016252634,0.8180958263159472
Biased guidance,0.43432388914760744,1.357622666045742,1.5,0.7445713616627944,0.5214323166575613,0.31873395119270476,0.19822182277152423,0.815949565177224
Biased guidance,0.43432388914760744,1.357622666045742,1.55,0.7375799861888535,0.5244568821920998,0.32096635833586185,0.2044906888169784,0.8138404098019678
Biased guidance,0.43432388914760744,1.357622666045742,1.6,0.7307627422576307,0.5272183130355872,0.3230358958108316,0.21074346411631806,0.811765882790557
Biased guidance,0.43432388914760744,1.357622666045742,1.6500000000000001,0.7241077907080873,0.5297365829320471,0.3249526295880281,0.2169804060284619,0.8097236583081792
Biased guidance,0.43432388914760744,1.357622666045742,1.7000000000000002,0.7176041939894454,0.532030113226294,0.3267259853416339,0.2232017545457091,0.8077115459863069
Biased guidance,0.43432388914760744,1.357622666045742,1.75,0.7112418172617162,0.5341158958574548,0.3283647900426624,0.2294077332744855,0.8057274767031767
Biased guidance,0.43432388914760744,1.357622666045742,1.8,0.7050112420666258,0.536009608217293,0.32987731113123037,0.23559855034445906,0.8037694899480554
Biased guidance,0.43432388914760744,1.357622666045742,1.85,0.6989036905092317,0.53772571574504,0.33127129232092906,0.24177439918460578,0.8018357224939087
Biased guidance,0.43432388914760744,1.357622666045742,1.9000000000000001,0.6929109587047148,0.5392775663081236,0.33255398699991834,0.24793545922355248,0.799924398292467
Biased guidance,0.43432388914760744,1.357622666045742,1.9500000000000002,0.6870253580956529,0.5406774784804078,0.3337321897183495,0.25408189653589575,0.7980338194082492
Biased guidance,0.43432388914760744,1.357622666045742,2.0,0.6812396634575144,0.5419368217200271,0.33481226532313624,0.26021386441013705,0.79616235783008
Biased guidance,0.43432388914760744,1.357622666045742,2.0500000000000003,0.6755470665813179,0.5430660894397504,0.33580017599123535,0.2663315038543583,0.7943084480158474
Biased guidance,0.43432388914760744,1.357622666045742,2.1,0.6699411350382974,0.5440749662806886,0.3367015064699496,0.27243494404783736,0.7924705801308504
Biased guidance,0.43432388914760744,1.357622666045742,2.15,0.6644157754580403,0.5449723912148646,0.33752148790551123,0.27852430275078743,0.7906472939267021
Biased guidance,0.43432388914760744,1.357622666045742,2.2,0.6589652005003067,0.545766615702488,0.3382650201057296,0.2845996866694486,0.788837173104349
Biased guidance,0.43432388914760744,1.357622666045742,2.25,0.65358389873746,0.5464652539187578,0.3389366915931084,0.2906611917592207,0.7870388399949807
Biased guidance,0.43432388914760744,1.357622666045742,2.3000000000000003,0.6482666078601123,0.5470753326387928,0.3395407991522016,0.29670890351231893,0.7852509507761184
Biased guidance,0.43432388914760744,1.357622666045742,2.35,0.643008290221129,0.5476033358512506,0.34008136579515075,0.30274289719881536,0.7834721909671122
Biased guidance,0.43432388914760744,1.357622666045742,2.4000000000000004,0.6378041105055893,0.5480552457499065,0.3405621575243902,0.30876323807612105,0.7817012711909113
Biased guidance,0.43432388914760744,1.357622666045742,2.45,0.6326494152458512,0.5484365801179074,0.3409866989106174,0.3147699815659657,0.7799369231580756
Biased guidance,0.43432388914760744,1.357622666045742,2.5,0.6275397140511779,0.5487524269382499,0.34135828769156307,0.32076317340155225,0.7781778958730095
Biased guidance,0.43432388914760744,1.357622666045742,2.5500000000000003,0.622470662421829,0.5490074770675903,0.34168000859789543,0.3267428497475778,0.7764229520575796
Biased guidance,0.43432388914760744,1.357622666045742,2.6,0.6174380458585408,0.5492060547483201,0.34195474636649237,0.3327090372939219,0.7746708647272161
Biased guidance,0.43432388914760744,1.357622666045742,2.6500000000000004,0.6124377646054012,0.5493521427051961,0.34218519720372004,0.3386617533181247,0.7729204137170478
Biased guidance,0.43432388914760744,1.357622666045742,2.7,0.6074658198723975,0.5494494083383304,0.3423738802098745,0.34460100572769925,0.771170382476009
Biased guidance,0.43432388914760744,1.357622666045742,2.75,0.6025183007233486,0.5495012268607613,0.3425231478259989,0.35052679307477214,0.7694195548690319
Biased guidance,0.43432388914760744,1.357622666045742,2.8000000000000003,0.5975913716864862,0.5495107026591207,0.34263519560314754,0.3564391045472136,0.767666712024512
Biased guidance,0.43432388914760744,1.357622666045742,2.85,0.5926812609302317,0.549480688694329,0.342712071255857,0.362337919935704,0.7659106291869688
Biased guidance,0.43432388914760744,1.357622666045742,2.9000000000000004,0.5877842489615176,0.5494138043121637,0.34275568310122106,0.3682232095765441,0.7641500725728085
Biased guidance,0.43432388914760744,1.357622666045742,2.95,0.5828966578119729,0.5493124518827525,0.34276780799651,0.3740949342700978,0.7623837962284415
Biased guidance,0.43432388914760744,1.357622666045742,3.0,0.5780148406772833,0.5491788326880404,0.3427500988882795,0.3799530451747615,0.7606105388886895
Biased guidance,0.43432388914760744,1.357622666045742,3.0500000000000003,0.5731351718089327,0.5490149614424471,0.34270409182362876,0.3857974836765464,0.7588290207713693
Biased guidance,0.43432388914760744,1.357622666045742,3.1,0.5682540362944056,0.5488226776061185,0.34263121196709595,0.3916281812346279,0.7570379401803264
Biased guidance,0.43432388914760744,1.357622666045742,3.1500000000000004,0.5633678204443755,0.5486036583748986,0.34253277985723735,0.3974450591995658,0.7552359701834204
Biased guidance,0.43432388914760744,1.357622666045742,3.2,0.5584729020786838,0.5483594295022823,0.34241001694859635,0.4032480286054701,0.7534217551119559
Biased guidance,0.43432388914760744,1.357622666045742,3.25,0.5535656408839414,0.5480913754140635,0.3422640508065041,0.40903698993534005,0.7515939069460673
Biased guidance,0.43432388914760744,1.357622666045742,3.3000000000000003,0.5486423687227964,0.5478007483024374,0.3420959198744031,0.4148118328578987,0.7497510015427958
Biased guidance,0.43432388914760744,1.357622666045742,3.35,0.5436993798622698,0.5474886763805296,0.3419065778686566,0.4205724359346317,0.7478915746943375
Biased guidance,0.43432388914760744,1.357622666045742,3.4000000000000004,0.5387329210915361,0.5471561714962967,0.3416968978604278,0.42631866629573906,0.7460141180041698
Biased guidance,0.43432388914760744,1.357622666045742,3.45,0.5337391816995236,0.5468041363047439,0.34146767610420936,0.4320503792837062,0.7441170745679277
Biased guidance,0.43432388914760744,1.357622666045742,3.5,0.5287142832810725,0.5464333711874584,0.3412196356697064,0.43776741806318314,0.7421988344444475
Biased guidance,0.43432388914760744,1.357622666045742,3.5500000000000003,0.5236542690950361,0.5460445796189624,0.3409534295059114,0.44346961319401956,0.7402577298072018
Biased guidance,0.43432388914760744,1.357622666045742,3.6,0.5185550930547531,0.5456383728305885,0.34066964318608045,0.4491567821671952,0.7382920297998113
Biased guidance,0.43432388914760744,1.357622666045742,3.6500000000000004,0.513412608505461,0.5452152751256125,0.3403687977134551,0.4548287288978026,0.7362999351489081
Biased guidance,0.43432388914760744,1.357622666045742,3.7,0.5082225564214805,0.5447757279862728,0.34005135187236085,0.46048524317791567,0.7342795723860092
Biased guidance,0.43432388914760744,1.357622666045742,3.75,0.5029805531019236,0.5443200938428007,0.3397177043633203,0.46612610008345867,0.7322289876989829
Biased guidance,0.43432388914760744,1.357622666045742,3.8000000000000003,0.4976820772540604,0.5438486592917627,0.33936819565964743,0.4717510593305685,0.7301461403597833
Biased guidance,0.43432388914760744,1.357622666045742,3.85,0.49232245640166433,0.5433616378470137,0.33900310961204383,0.4773598645787991,0.7280288956921414
Biased guidance,0.43432388914760744,1.357622666045742,3.9000000000000004,0.4868968525556548,0.5428591723065579,0.33862267482771785,0.4829522426785157,0.7258750175415516
Biased guidance,0.43432388914760744,1.357622666045742,3.95,0.48140024708435936,0.5423413368186182,0.3382270658505467,0.4885279028598264,0.7236821602085801
Biased guidance,0.43432388914760744,1.357622666045742,4.0,0.4758274247207144,0.5418081387302118,0.33781640416880176,0.4940865358603994,0.7214478598052003
Biased guidance,0.43432388914760744,1.357622666045742,4.05,0.470172956613709,0.5412595201834464,0.33739075903703347,0.49962781298636366,0.7191695249804858
Biased guidance,0.43432388914760744,1.357622666045742,4.1000000000000005,0.4644311820566652,0.5406953581877424,0.3369501476870367,0.5051513850808631,0.7168444268487741
Biased guidance,0.43432388914760744,1.357622666045742,4.15,0.4585961892479165,0.5401154654530468,0.33649453568601856,0.5106568814334959,0.7144696882422723
Biased guidance,0.43432388914760744,1.357622666045742,4.2,0.4526617946362604,0.5395195906295411,0.33602383697701055,0.5161439085834872,0.7120422720864563
Biased guidance,0.43432388914760744,1.357622666045742,4.25,0.44662152094767416,0.5389074180939335,0.3355379136675105,0.5216120490547871,0.7095589689136661
Biased guidance,0.43432388914760744,1.357622666045742,4.3,0.4404685736461583,0.5382785673856008,0.33503657558027866,0.5270608599846941,0.7070163833898716
Biased guidance,0.43432388914760744,1.357622666045742,4.3500000000000005,0.4341958156572018,0.5376325922053979,0.3345195795310692,0.5324898716356782,0.7044109197575468
Biased guidance,0.43432388914760744,1.357622666045742,4.4,0.42779574021890376,0.5369689789929026,0.3339866283342178,0.5378985857855473,0.7017387661109155
Biased guidance,0.43432388914760744,1.357622666045742,4.45,0.42126044172578575,0.536287145097866,0.33343736953700426,0.5432864739911071,0.6989958774188998
Biased guidance,0.43432388914760744,1.357622666045742,4.5,0.4145815844303301,0.5355864365616396,0.33287139388371006,0.5486529757204581,0.6961779572107789
Biased guidance,0.43432388914760744,1.357622666045742,4.55,0.40775036886728,0.534866125524347,0.33228823351029046,0.5539974963490811,0.693280437840005
Biased guidance,0.43432388914760744,1.357622666045742,4.6000000000000005,0.4007574958657343,0.5341254072735716,0.33168735987058107,0.5593194050148553,0.6902984592430892
Biased guidance,0.43432388914760744,1.357622666045742,4.65,0.3935931280118564,0.5333633969486568,0.3310681813942524,0.5646180323268407,0.6872268461122816
Biased guidance,0.43432388914760744,1.357622666045742,4.7,0.38624684750148724,0.5325791250664019,0.3304300405234064,0.5698926677802122,0.684060083005991
Biased guidance,0.43432388914760744,1.357622666045742,4.75,0.3787076109464755,0.531771532504805,0.32977221038497706,0.5751425569918209,0.6807922876158612
Biased guidance,0.43432388914760744,1.357622666045742,4.800000000000001,0.3709637012675381,0.5309394658641616,0.3290938914535103,0.5803668988363718,0.6774171822429905
Biased guidance,0.43432388914760744,1.357622666045742,4.8500000000000005,0.36300267586232327,0.5300816714726699,0.3283942075077417,0.5855648422795576,0.6739280631385187
Biased guidance,0.43432388914760744,1.357622666045742,4.9,0.35481131103238855,0.5291967888997163,0.3276722012150487,0.5907354829929091,0.6703177677187425
Biased guidance,0.43432388914760744,1.357622666045742,4.95,0.3463755420670718,0.5282833437175348,0.32692682922275357,0.5958778596828597,0.6665786394286491
Biased guidance,0.43432388914760744,1.357622666045742,5.0,0.3376803989405057,0.5273397394772061,0.3261569567363329,0.6009909501291918,0.6627024902963061
Biased guidance,0.43432388914760744,1.357622666045742,5.050000000000001,0.3287099375780299,0.5263642488649599,0.32536135156459295,0.6060736669280326,0.6586805612588492
Biased guidance,0.43432388914760744,1.357622666045742,5.1000000000000005,0.319447166648251,0.5253550040047468,0.32453867761186816,0.6111248529345655,0.6545034803895915
Biased guidance,0.43432388914760744,1.357622666045742,5.15,0.3098739698370036,0.5243099858730438,0.3236874877973004,0.6161432764006272,0.6501612192175074
Biased guidance,0.43432388914760744,1.357622666045742,5.2,0.2999710235594659,0.5232270127918583,0.3228062163812572,0.6211276258023538,0.6456430474080013
Biased guidance,0.43432388914760744,1.357622666045742,5.25,0.2897177098779413,0.5221037279045098,0.3218931706567475,0.6260765043278105,0.6409374860841579
Biased guidance,0.43432388914760744,1.357622666045742,5.300000000000001,0.2790920234672445,0.5209375849705338,0.32094652172493976,0.630988423704369,0.6360322597559747
Biased guidance,0.43432388914760744,1.357622666045742,5.3500000000000005,0.26807047574273274,0.5197258335402624,0.31996429480599764,0.635861797974003,0.6309142489405257
Biased guidance,0.43432388914760744,1.357622666045742,5.4,0.25662799588182994,0.5184655030627646,0.31894435897871243,0.6406949369399395,0.6255694442242822
Biased guidance,0.43432388914760744,1.357622666045742,5.45,0.2447378291526976,0.5171533856017365,0.3178844161099885,0.6454860390594477,0.6199829030627906
Biased guidance,0.43432388914760744,1.357622666045742,5.5,0.23237143286471412,0.5157860172648864,0.3167819891289551,0.6502331840644002,0.6141387108519528
Biased guidance,0.43432388914760744,1.357622666045742,5.550000000000001,0.2194983729289559,0.5143596584953136,0.31563440979365764,0.654934325372278,0.6080199494204482
Biased guidance,0.43432388914760744,1.357622666045742,5.6000000000000005,0.20608622424410994,0.5128702734051027,0.3144388061059779,0.6595872823502814,0.6016086766660373
Biased guidance,0.43432388914760744,1.357622666045742,5.65,0.19210047812324424,0.5113135083313591,0.31319208953043126,0.6641897324952137,0.594885921598013
Biased guidance,0.43432388914760744,1.357622666045742,5.7,0.17750445997686992,0.5096846697949118,0.311890942172491,0.6687392035918006,0.5878316996604818
Biased guidance,0.43432388914760744,1.357622666045742,5.75,0.16225926046772166,0.507978702041906,0.3105318040720885,0.6732330659121084,0.5804250538948215
Biased guidance,0.43432388914760744,1.357622666045742,5.800000000000001,0.14632368336165433,0.506190164349107,0.30911086076862204,0.6776685245193282,0.5726441282509448
Biased guidance,0.43432388914760744,1.357622666045742,5.8500000000000005,0.12965423498135287,0.504313209811852,0.3076240329518903,0.6820426131245099,0.5644662908107038
Biased guidance,0.43432388914760744,1.357622666045742,5.9,0.1122051661192038,0.5023415669145298,0.3060669689351951,0.686352189624422,0.5558683189158538
Biased guidance,0.43432388914760744,1.357622666045742,5.95,0.09392854229402517,0.5002685222546928,0.3044350379525821,0.6905939314305388,0.5468266416186802
Biased guidance,0.43432388914760744,1.357622666045742,6.0,0.07477440536229486,0.4980869090621089,0.3027233290153897,0.6947643343495602,0.5373176782456901
Biased guidance,0.43432388914760744,1.357622666045742,6.050000000000001,0.0546910233229066,0.4957891019991933,0.30092665499603155,0.6988597141331041,0.5273182797825284
Biased guidance,0.43432388914760744,1.357622666045742,6.1000000000000005,0.033625256202515,0.493367020863347,0.2990395639694943,0.7028762118557308,0.5168062945223462
Biased guidance,0.43432388914760744,1.357622666045742,6.15,0.011523067490100097,0.4908121462495545,0.2970563599949663,0.7068098042620142,0.5057612787510273
Biased guidance,0.43432388914760744,1.357622666045742,6.2,-0.011669788162329692,0.48811555050118927,0.29497113560924354,0.7106563201392333,0.49416537077739314
Biased guidance,0.43432388914760744,1.357622666045742,6.25,-0.03600686371565249,0.4852679480698786,0.29277781882754567,0.7144114641126973,0.48200434455790314
Biased guidance,0.43432388914760744,1.357622666045742,6.300000000000001,-0.06153986567035991,0.4822597698106235,0.29047023760970503,0.7180708492752268,0.46926885191468115
Biased guidance,0.43432388914760744,1.357622666045742,6.3500000000000005,-0.08831720639493527,0.47908126609348595,0.2880422048646207,0.721630040087404,0.4559558510442329
Biased guidance,0.43432388914760744,1.357622666045742,6.4,-0.11638222298038435,0.4757226437560038,0.28548762700301633,0.7250846069406259,0.44207020223426186
Biased guidance,0.43432388914760744,1.357622666045742,6.45,-0.14577102895883326,0.4721742415400009,0.28280063857678944,0.728430193492193,0.4276263877420158
Biased guidance,0.43432388914760744,1.357622666045742,6.5,-0.17650997623314707,0.4684267478177083,0.27997576474419966,0.7316625974969608,0.41265028254644326
Biased guidance,0.43432388914760744,1.357622666045742,6.550000000000001,-0.20861272487795676,0.4644714626453654,0.2770081118275277,0.7347778651117466,0.3971808658943332
Biased guidance,0.43432388914760744,1.357622666045742,6.6000000000000005,-0.24207694820921136,0.4603006035421062,0.2738935841850523,0.7377723977154149,0.3812717240168203
Biased guidance,0.43432388914760744,1.357622666045742,6.65,-0.27688074621546555,0.4559076503027266,0.27062912263023187,0.7406430687584021,0.36499215511943944
Biased guidance,0.43432388914760744,1.357622666045742,6.7,-0.31297888878265245,0.4512877199018685,0.2672129566223285,0.7433873470740304,0.3484276635359558
Biased guidance,0.43432388914760744,1.357622666045742,6.75,-0.35029908703462864,0.4464379559704467,0.26364485812318494,0.7460034208836723,0.33167961828542175
Biased guidance,0.43432388914760744,1.357622666045742,6.800000000000001,-0.38873855757983067,0.4413579121609998,0.2599263815738509,0.7484903153369226,0.3148638800522099
Biased guidance,0.43432388914760744,1.357622666045742,6.8500000000000005,-0.428161230574893,0.4360499012098092,0.25606106999019845,0.7508479943278671,0.29810826111661437
Biased guidance,0.43432388914760744,1.357622666045742,6.9,-0.4683959824898415,0.43051928313024607,0.2520546097349398,0.753077439884357,0.28154880594404513
Biased guidance,0.43432388914760744,1.357622666045742,6.95,-0.5092363569094825,0.42477465685797144,0.24791490995684118,0.7551806972637273,0.2653250041102866
Biased guidance,0.43432388914760744,1.357622666045742,7.0,-0.5504421653703896,0.41882792893735926,0.24365209161643364,0.7571608801815914,0.2495742341340211
Biased guidance,0.43432388914760744,1.357622666045742,7.050000000000001,-0.5917432884489416,0.4126942398884976,0.23927837625716988,0.7590221322824373,0.23442587963249029
Biased guidance,0.43432388914760744,1.357622666045742,7.1000000000000005,-0.6328458388246146,0.40639173777451776,0.23480787143059606,0.7607695434189624,0.21999565780980476
Biased guidance,0.43432388914760744,1.357622666045742,7.15,-0.673440597169639,0.39994120436947656,0.230256261115098,0.7624090250572105,0.20638072610919866
Biased guidance,0.43432388914760744,1.357622666045742,7.2,-0.7132133564763121,0.39336555597310924,0.2256404200959935,0.7639471525610251,0.19365605438733557
Biased guidance,0.43432388914760744,1.357622666045742,7.25,-0.7518565089339648,0.386689250567916,0.22097797740181005,0.765390985582395,0.1818723932296461
Biased guidance,0.43432388914760744,1.357622666045742,7.300000000000001,-0.7890809915986625,0.3799376456757456,0.21628686074924194,0.7667478796169078,0.17105594755235368
Biased guidance,0.43432388914760744,1.357622666045742,7.3500000000000005,-0.8246275571307041,0.3731363485158921,0.2115848508727108,0.7680253007449046,0.16120964842677632
Biased guidance,0.43432388914760744,1.357622666045742,7.4,-0.8582763941170797,0.3663106056107599,0.2068891765513736,0.7692306560777884,0.15231571935482713
Biased guidance,0.43432388914760744,1.357622666045742,7.45,-0.8898542554410697,0.35948476188504286,0.20221616871144737,0.7703711472023459,0.1443391308228331
Biased guidance,0.43432388914760744,1.357622666045742,7.5,-0.9192385698130578,0.35268181335361926,0.19758098703908625,0.7714536522507199,0.1372314981536542
Biased guidance,0.43432388914760744,1.357622666045742,7.550000000000001,-0.946358408571495,0.345923068573448,0.19299742597529854,0.772484638476486,0.1309350099099247
Biased guidance,0.43432388914760744,1.357622666045742,7.6000000000000005,-0.9711924572094279,0.33922791360711224,0.18847779391398717,0.7734701039466826,0.12538608252534209
Biased guidance,0.43432388914760744,1.357622666045742,7.65,-0.9937645438456015,0.332613679188092,0.18403286169997257,0.7744155457701548,0.12051851838661466
Biased guidance,0.43432388914760744,1.357622666045742,7.7,-1.0141373533973754,0.3260955916172124,0.17967186623160716,0.7753259500556461,0.11626607564112267
Biased guidance,0.43432388914760744,1.357622666045742,7.75,-1.0324051335100988,0.3196867969762771,0.17540256040676874,0.7762057996921413,0.11256441858133434
Biased guidance,0.43432388914760744,1.357622666045742,7.800000000000001,-1.0486860337860986,0.3133984368016683,0.17123129408051166,0.7770590945711511,0.1093525048204086
Biased guidance,0.43432388914760744,1.357622666045742,7.8500000000000005,-1.0631147069484637,0.3072397630966136,0.16716311727619215,0.7778893806426568,0.1065734779661471
Biased guidance,0.43432388914760744,1.357622666045742,7.9,-1.0758355896960388,0.30121827832317544,0.16320189597281615,0.778699784272029,0.10417516095339274
Biased guidance,0.43432388914760744,1.357622666045742,7.95,-1.0869971238685319,0.29533988885313245,0.15935043293646806,0.7794930491045647,0.10211024342581276
Biased guidance,0.43432388914760744,1.357622666045742,8.0,-1.0967470460671898,0.2896090637028261,0.1556105884035599,0.780271573491183,0.10033624502104906
Biased guidance,0.43432388914760744,1.357622666045742,8.05,-1.1052287479588323,0.2840289919455018,0.15198339661540755,0.7810374470025662,0.0988153252965568
Biased guidance,0.43432388914760744,1.357622666045742,8.1,-1.1125786281066448,0.27860173410229255,0.14846917551192348,0.7817924850452366,0.09751399682906321
Biased guidance,0.43432388914760744,1.357622666045742,8.15,-1.1189243194883476,0.27332836495603463,0.14506762827683944,0.7825382610737902,0.09640278258321715
Biased guidance,0.43432388914760744,1.357622666045742,8.200000000000001,-1.1243836390184665,0.26820910560273237,0.14177793571640676,0.7832761360268522,0.09545585001543508
Biased guidance,0.43432388914760744,1.357622666045742,8.25,-1.1290641191853708,0.2632434442984543,0.13859883950856333,0.7840072849680624,0.0946506421080574
Biased guidance,0.43432388914760744,1.357622666045742,8.3,-1.1330629722103407,0.25843024531719444,0.13552871617510737,0.7847327208641672,0.0939675217218342
Biased guidance,0.43432388914760744,1.357622666045742,8.35,-1.1364673813750108,0.25376784679981035,0.13256564263882803,0.7854533157742036,0.09338943550074057
Biased guidance,0.43432388914760744,1.357622666045742,8.4,-1.139355004522612,0.24925414748874614,0.12970745360054997,0.786169819499565,0.09290160473767099
Biased guidance,0.43432388914760744,1.357622666045742,8.450000000000001,-1.141794618098795,0.24488668337584574,0.12695179155968125,0.7868828759950777,0.0924912438154475
Biased guidance,0.43432388914760744,1.357622666045742,8.5,-1.1438468344807662,0.2406626949644703,0.12429615014736581,0.7875930377071781,0.09214730737663401
Biased guidance,0.43432388914760744,1.357622666045742,8.55,-1.1455648457482872,0.2365791860650805,0.12173791151641342,0.788300778061958,0.09186026539358196
Biased guidance,0.43432388914760744,1.357622666045742,8.6,-1.1469951672120366,0.2326329748277986,0.11927437830458991,0.7890065023558964,0.09162190342236241
Biased guidance,0.43432388914760744,1.357622666045742,8.65,-1.1481783519812225,0.2288207381443167,0.116902801075303,0.7897105572003509,0.09142514703530363
Biased guidance,0.43432388914760744,1.357622666045742,8.700000000000001,-1.1491496601368445,0.2251390495998767,0.11462040139922844,0.7904132386731049,0.09126390854993825
Biased guidance,0.43432388914760744,1.357622666045742,8.75,-1.1499396730918423,0.2215844117477072,0.11242439115392697,0.791114799326783,0.09113295400464695
Biased guidance,0.43432388914760744,1.357622666045742,8.8,-1.1505748741144788,0.21815328494360797,0.11031198947616466,0.7918154544132311,0.09102778411806726
Biased guidance,0.43432388914760744,1.357622666045742,8.85,-1.1510781484900587,0.21484211036013634,0.10828043598166293,0.7925153870515572,0.09094453481309674
Biased guidance,0.43432388914760744,1.357622666045742,8.9,-1.1514692429025817,0.21164733018129211,0.10632700212507712,0.7932147527831499,0.0908798891136444
Biased guidance,0.43432388914760744,1.357622666045742,8.950000000000001,-1.151765175638728,0.20856540469892382,0.1044490005708398,0.7939136835127457,0.09083100059287284
Biased guidance,0.43432388914760744,1.357622666045742,9.0,-1.151980589433262,0.20559282601548814,0.10264379243843885,0.7946122908201402,0.09079542880728672
Biased guidance,0.43432388914760744,1.357622666045742,9.05,-1.1521280696365181,0.20272612985676217,0.10090879334582817,0.7953106688758639,0.09077108228699404
Biased guidance,0.43432388914760744,1.357622666045742,9.1,-1.1522184276333425,0.19996190556634238,0.09924147832115036,0.7960088969905941,0.09075616859307382
Biased guidance,0.43432388914760744,1.357622666045742,9.15,-1.1522609316855916,0.19729680323260454,0.09763938498149585,0.7967070416648717,0.09074915401198086
Biased guidance,0.43432388914760744,1.357622666045742,9.200000000000001,-1.152263524182683,0.1947275403367876,0.0961001164087223,0.7974051584898413,0.09074872617960057
Biased guidance,0.43432388914760744,1.357622666045742,9.25,-1.152233002990555,0.19225090655962992,0.0946213429314916,0.7981032937175543,0.09075376311978653
Biased guidance,0.43432388914760744,1.357622666045742,9.3,-1.1521751763252601,0.18986376731244894,0.093200803159521,0.7988014855896503,0.09076330699723655
Biased guidance,0.43432388914760744,1.357622666045742,9.35,-1.1520950051120311,0.18756306682177432,0.09183630476261043,0.7994997655492108,0.09077654017705522
Biased guidance,0.43432388914760744,1.357622666045742,9.4,-1.151996720726951,0.18534583001334584,0.0905257245630542,0.8001981592359332,0.09079276551362929
Biased guidance,0.43432388914760744,1.357622666045742,9.450000000000001,-1.1518839239756318,0.18320916353329905,0.08926700814356575,0.8008966873171941,0.09081138984998638
Biased guidance,0.43432388914760744,1.357622666045742,9.5,-1.1517596772117284,0.1811502566079268,0.08805816938359509,0.8015953662588501,0.09083190872518915
Biased guidance,0.43432388914760744,1.357622666045742,9.55,-1.1516265794927125,0.17916638110848793,0.0868972895597161,0.8022942089501675,0.09085389393105943
Biased guidance,0.43432388914760744,1.357622666045742,9.600000000000001,-1.151486829971725,0.17725489111978857,0.08578251618645914,0.8029932252281764,0.09087698304231079
Biased guidance,0.43432388914760744,1.357622666045742,9.65,-1.151342287055595,0.17541322245569854,0.08471206185422346,0.8036924223665071,0.09090086966374697
Biased guidance,0.43432388914760744,1.357622666045742,9.700000000000001,-1.1511945189730863,0.17363889183873665,0.08368420290359425,0.8043918054915201,0.09092529510520425
Biased guidance,0.43432388914760744,1.357622666045742,9.75,-1.151044840711286,0.17192949542372604,0.08269727775273626,0.8050913778824746,0.09095004231288806
Biased guidance,0.43432388914760744,1.357622666045742,9.8,-1.1508943532104916,0.17028270762375797,0.08174968542909081,0.8057911412923117,0.09097492942759278
Biased guidance,0.43432388914760744,1.357622666045742,9.850000000000001,-1.1507439746820793,0.16869627960736153,0.080839883942329,0.8064910962018917,0.09099980464243441
Biased guidance,0.43432388914760744,1.357622666045742,9.9,-1.1505944659810494,0.16716803757509568,0.07996638856279394,0.8071912420241613,0.09102454204028598
Biased guidance,0.43432388914760744,1.357622666045742,9.950000000000001,-1.150446452252926,0.16569588094313814,0.07912777007675348,0.80789157727729,0.09104903804362965
Biased guidance,0.43432388914760744,1.357622666045742,10.0,-1.1503004445095604,0.1642777806494855,0.07832265313978984,0.8085920997581826,0.09107320787181601
Biased guidance,0.43432388914760744,1.357622666045742,10.05,-1.1501568592211662,0.16291177745759383,0.07754971465756236,0.8092928066997598,0.09109698232186408
Biased guidance,0.43432388914760744,1.357622666045742,10.100000000000001,-1.1500160270013133,0.1615959797051726,0.07680768188144214,0.8099936948350054,0.09112030635103091
Biased guidance,0.43432388914760744,1.357622666045742,10.15,-1.1498782081703303,0.16032856158342396,0.07609533083164884,0.8106947605210209,0.0911431365173435
Biased guidance,0.43432388914760744,1.357622666045742,10.200000000000001,-1.1497436036821194,0.15910776123167686,0.07541148464076457,0.8113959998237715,0.09116543918433613
Biased guidance,0.43432388914760744,1.357622666045742,10.25,-1.1496123644382716,0.15793187883156592,0.0747550119239211,0.8120974085894728,0.09118718899004616
Biased guidance,0.43432388914760744,1.357622666045742,10.3,-1.1494845981916553,0.1567992746479865,0.07412482514545005,0.8127989824956673,0.09120836771300635
Biased guidance,0.43432388914760744,1.357622666045742,10.350000000000001,-1.1493603753884754,0.15570836709390565,0.07351987902300527,0.8135007170936135,0.09122896331222535
Biased guidance,0.43432388914760744,1.357622666045742,10.4,-1.1492397353133472,0.15465763089705706,0.07293916901069855,0.8142026078537371,0.09124896891518712
Biased guidance,0.43432388914760744,1.357622666045742,10.450000000000001,-1.149122693893746,0.15364559544606485,0.0723817299025311,0.8149046502258283,0.09126838152890344
Biased guidance,0.43432388914760744,1.357622666045742,10.5,-1.1490092473720193,0.15267084296631497,0.07184663436615084,0.8156068396638353,0.0912872014346803
Biased guidance,0.43432388914760744,1.357622666045742,10.55,-1.1488993716587446,0.15173200650892865,0.07133299139508795,0.8163091716136579,0.09130543229851523
Biased guidance,0.43432388914760744,1.357622666045742,10.600000000000001,-1.1487930287322141,0.15082776844202433,0.07083994505847405,0.8170116415621749,0.09132308011190096
Biased guidance,0.43432388914760744,1.357622666045742,10.65,-1.148690168902007,0.1499568587513934,0.07036667316157871,0.8177142450507799,0.09134015281780436
Biased guidance,0.43432388914760744,1.357622666045742,10.700000000000001,-1.1485907335358398,0.14911805343656132,0.06991238597787597,0.8184169776931846,0.09135665985917094
Biased guidance,0.43432388914760744,1.357622666045742,10.75,-1.1484946567497925,0.1483101729136447,0.06947632500572758,0.8191198351844846,0.09137261189897447
Biased guidance,0.43432388914760744,1.357622666045742,10.8,-1.14840186647,0.147532080444562,0.06905776175819887,0.8198228133050136,0.09138802064427984
Biased guidance,0.43432388914760744,1.357622666045742,10.850000000000001,-1.148312285273911,0.14678268061215777,0.06865599659452375,0.8205259079225017,0.09140289870667782
Biased guidance,0.43432388914760744,1.357622666045742,10.9,-1.1482258314192,0.14606091786079783,0.06827035760173437,0.8212291149960587,0.09141725943136061
Biased guidance,0.43432388914760744,1.357622666045742,10.950000000000001,-1.1481424204684347,0.1453657751219954,0.06790019953497235,0.8219324305855031,0.0914311166270243
Biased guidance,0.43432388914760744,1.357622666045742,11.0,-1.1480619679175894,0.14469627254462553,0.06754490282499713,0.8226358508695564,0.09144448412871796
Biased guidance,0.43432388914760744,1.357622666045742,11.05,-1.14798439120766,0.1440514662444701,0.06720387261279023,0.8233393721588645,0.09145737546286666
Biased guidance,0.43432388914760744,1.357622666045742,11.100000000000001,-1.1479096033762592,0.14343044665506754,0.06687653760887984,0.8240429908368083,0.09146980490155393
Biased guidance,0.43432388914760744,1.357622666045742,11.15,-1.1478375184961582,0.14283233755672062,0.06656234929372379,0.8247467034025295,0.09148178655829656
Biased guidance,0.43432388914760744,1.357622666045742,11.200000000000001,-1.1477680511808752,0.14225629484423108,0.06626078101264052,0.8254505064627569,0.09149333446949615
Biased guidance,0.43432388914760744,1.357622666045742,11.25,-1.1477011170672748,0.14170150536455273,0.06597132710669686,0.8261543967321638,0.09150446251353483
Biased guidance,0.43432388914760744,1.357622666045742,11.3,-1.1476366332854206,0.14116718580424545,0.065693502084878,0.8268583710337765,0.09151518433196497
Biased guidance,0.43432388914760744,1.357622666045742,11.350000000000001,-1.147574518649441,0.1406525816101868,0.06542683982865165,0.8275624262971167,0.091525513297075
Biased guidance,0.43432388914760744,1.357622666045742,11.4,-1.1475146936598875,0.14015696594429805,0.06517089282753072,0.8282665595548554,0.09153546251082119
Biased guidance,0.43432388914760744,1.357622666045742,11.450000000000001,-1.1474570804080697,0.1396796386730425,0.06492523144423941,0.8289707679387426,0.09154504482009632
Biased guidance,0.43432388914760744,1.357622666045742,11.5,-1.1474016024728482,0.1392199253924539,0.06468944320808714,0.8296750486755887,0.09155427283329444
Biased guidance,0.43432388914760744,1.357622666045742,11.55,-1.147348184900372,0.1387771764894519,0.06446313213515495,0.8303793990840671,0.09156315892311573
Biased guidance,0.43432388914760744,1.357622666045742,11.600000000000001,-1.1472967543572374,0.13835076624020295,0.06424591807389908,0.8310838165731083,0.09157171520054896
Biased guidance,0.43432388914760744,1.357622666045742,11.65,-1.1472472395475575,0.1379400919462836,0.06403743607477615,0.8317882986426578,0.0915799534449578
Biased guidance,0.43432388914760744,1.357622666045742,11.700000000000001,-1.1471995719844195,0.13754457310940385,0.0638373357824947,0.8324928428875689,0.0915878849751916
Biased guidance,0.43432388914760744,1.357622666045742,11.75,-1.1471536871786832,0.13716365064496258,0.06364528084970736,0.833197447005165,0.09159552045121772
Biased guidance,0.43432388914760744,1.357622666045742,11.8,-1.1471095214983398,0.13679678603882506,0.06346094839798673,0.8339021087658315,0.09160287039622184
Biased guidance,0.43432388914760744,1.357622666045742,11.850000000000001,-1.1470670114792012,0.13644346056691678,0.06328402847434225,0.8346068260046378,0.0916099453109783
Biased guidance,0.43432388914760744,1.357622666045742,11.9,-1.1470260967683903,0.13610317464868948,0.06311422353815443,0.835311596644265,0.091616755183617
Biased guidance,0.43432388914760744,1.357622666045742,11.950000000000001,-1.1469867189351768,0.13577544711816175,0.06295124796864664,0.8360164186825452,0.09162330968712214
Biased guidance,0.43432388914760744,1.357622666045742,12.0,-1.1469488215236618,0.13545981454052425,0.06279482758084304,0.8367212901906981,0.09162961817020694
Biased guidance,0.43432388914760744,1.357622666045742,12.05,-1.1469123500460168,0.13515583055834895,0.06264469916606306,0.83742620931116,0.09163568965810266
Biased guidance,0.43432388914760744,1.357622666045742,12.100000000000001,-1.1468772519315575,0.13486306526522723,0.06250061005474179,0.838131174255127,0.0916415328607206
Biased guidance,0.43432388914760744,1.357622666045742,12.15,-1.1468434764469257,0.13458110460466152,0.06236231769936635,0.8388361832999354,0.09164715618564712
Biased guidance,0.43432388914760744,1.357622666045742,12.200000000000001,-1.1468109746026514,0.13430954979203527,0.062229589275317757,0.8395412347864009,0.09165256775342806
Biased guidance,0.43432388914760744,1.357622666045742,12.25,-1.146779699061374,0.1340480167574858,0.06210220129740811,0.8402463271162388,0.09165777541259848
Biased guidance,0.43432388914760744,1.357622666045742,12.3,-1.1467496040629932,0.13379613560750503,0.06197993924990274,0.8409514587496898,0.091662786751913
Biased guidance,0.43432388914760744,1.357622666045742,12.350000000000001,-1.1467206453820282,0.13355355010309272,0.061862597227817125,0.8416566282034694,0.09166760910723028
Biased guidance,0.43432388914760744,1.357622666045742,12.4,-1.1466927803324558,0.13331991715228683,0.061749977587278154,0.8423618340491674,0.09167224956050525
Biased guidance,0.43432388914760744,1.357622666045742,12.450000000000001,-1.1466659678353053,0.13309490631489576,0.06164189060273962,0.8430670749122186,0.09167671492834174
Biased guidance,0.43432388914760744,1.357622666045742,12.5,-1.146640168564283,0.1328781993172575,0.06153815412884158,0.8437723494715647,0.09168101173755797
Biased guidance,0.43432388914760744,1.357622666045742,12.55,-1.1466153451014474,0.1326694895835576,0.061438593274201425,0.8444776564594574,0.09168514619908331
Biased guidance,0.43432388914760744,1.357622666045742,12.600000000000001,-1.1465914606906351,0.1324684819224929,0.0613430402409776,0.8451829946498948,0.09168912441542516
Biased guidance,0.43432388914760744,1.357622666045742,12.65,-1.1465684798625526,0.13227489203751738,0.061251333965405316,0.8458883628623267,0.091692952276429
Biased guidance,0.43432388914760744,1.357622666045742,12.700000000000001,-1.1465463686187602,0.1320884461158482,0.061163319833997414,0.8465937599618876,0.09169663542850041
Biased guidance,0.43432388914760744,1.357622666045742,12.75,-1.1465250942054208,0.13190888045414295,0.061078849440205765,0.847299184856271,0.09170017931216667
Biased guidance,0.43432388914760744,1.357622666045742,12.8,-1.146504625088057,0.13173594107884481,0.060997780329726116,0.8480046364942876,0.09170358916616848
Biased guidance,0.43432388914760744,1.357622666045742,12.850000000000001,-1.1464849309160516,0.13156938338477356,0.060919975759770935,0.848710113864398,0.0917068700332684
Biased guidance,0.43432388914760744,1.357622666045742,12.9,-1.146465982479785,0.1314089717903286,0.0608453044709062,0.849415615993237,0.0917100267672934
Biased guidance,0.43432388914760744,1.357622666045742,12.950000000000001,-1.146447751663301,0.13125447940767068,0.060773640470048323,0.8501211419441506,0.09171306404093003
Biased guidance,0.43432388914760744,1.357622666045742,13.0,-1.1464302113953944,0.1311056877262483,0.06070486282321741,0.8508266908157623,0.0917159863537896
Biased guidance,0.43432388914760744,1.357622666045742,13.05,-1.14641333560201,0.13096238630803533,0.06063885545664289,0.8515322617405895,0.09171879804026123
Biased guidance,0.43432388914760744,1.357622666045742,13.100000000000001,-1.1463970991628487,0.1308243724928459,0.06057550696481774,0.8522378538837275,0.09172150327667038
Biased guidance,0.43432388914760744,1.357622666045742,13.15,-1.146381477875067,0.1306914511120932,0.06051471042409745,0.8529434664416209,0.09172410608726064
Biased guidance,0.43432388914760744,1.357622666045742,13.200000000000001,-1.1463664484269709,0.1305634342093582,0.060456363210439734,0.8536490986409415,0.09172661034851559
Biased guidance,0.43432388914760744,1.357622666045742,13.25,-1.1463519883845863,0.1304401407661347,0.06040036681988133,0.8543547497375902,0.09172901979133943
Biased guidance,0.43432388914760744,1.357622666045742,13.3,-1.1463380761940065,0.13032139643111715,0.06034662669034789,0.8550604190158431,0.09173133800061227
Biased guidance,0.43432388914760744,1.357622666045742,13.350000000000001,-1.146324691202403,0.13020703325139724,0.060295052023393116,0.8557661057876608,0.09173356841163902
Biased guidance,0.43432388914760744,1.357622666045742,13.4,-1.1463118135837977,0.13009688945485173,0.06024555564951818,0.8564718093913669,0.09173571432247137
Biased guidance,0.43432388914760744,1.357622666045742,13.450000000000001,-1.146299424027806,0.12999080933877527,0.06019805398665863,0.8571775291886874,0.09173777894573402
Biased guidance,0.43432388914760744,1.357622666045742,13.5,-1.1462875040467113,0.12988864290847577,0.06015246677447322,0.8578832645661535,0.09173976535741635
Biased guidance,0.43432388914760744,1.357622666045742,13.55,-1.146276035851793,0.12979024571135014,0.060108716980078594,0.8585890149335368,0.09174167651744444
Biased guidance,0.43432388914760744,1.357622666045742,13.600000000000001,-1.1462650023240502,0.12969547862930497,0.0600667306664914,0.8592947797229351,0.09174351527452641
Biased guidance,0.43432388914760744,1.357622666045742,13.65,-1.146254386993316,0.12960420767743325,0.060026436864880996,0.8600005583879515,0.0917452843696021
Biased guidance,0.43432388914760744,1.357622666045742,13.700000000000001,-1.1462441740156046,0.1295163038128959,0.059987767454185985,0.860706350402891,0.09174698643958949
Biased guidance,0.43432388914760744,1.357622666045742,13.75,-1.1462343481493211,0.12943164275302993,0.05995065704731819,0.8614121552619786,0.0917486240213229
Biased guidance,0.43432388914760744,1.357622666045742,13.8,-1.1462248947309575,0.12935010480170656,0.0599150428831775,0.8621179724786006,0.09175019955557888
Biased guidance,0.43432388914760744,1.357622666045742,13.850000000000001,-1.1462157996508942,0.12927157468296135,0.059880864723701216,0.8628238015845695,0.09175171539108627
Biased guidance,0.43432388914760744,1.357622666045742,13.9,-1.146207049329937,0.12919594138091914,0.059848064755171376,0.8635296421294174,0.09175317378841576
Biased guidance,0.43432388914760744,1.357622666045742,13.950000000000001,-1.1461986306972078,0.12912309798503643,0.05981658749300348,0.8642354936797161,0.09175457692364528
Biased guidance,0.43432388914760744,1.357622666045742,14.0,-1.146190531170016,0.12905294153968344,0.05978637968924042,0.8649413558184287,0.09175592689169677
Biased guidance,0.43432388914760744,1.357622666045742,14.05,-1.1461827386363335,0.128985372897089,0.059757390241974795,0.8656472281442942,0.09175722570924047
Biased guidance,0.43432388914760744,1.357622666045742,14.100000000000001,-1.146175241440496,0.12892029657267012,0.05972957010592342,0.866353110271245,0.09175847531706263
Biased guidance,0.43432388914760744,1.357622666045742,14.15,-1.1461680283727567,0.12885762060176953,0.05970287220337742,0.8670590018278623,0.09175967758179246
Biased guidance,0.43432388914760744,1.357622666045742,14.200000000000001,-1.146161088663313,0.12879725639682327,0.05967725133475144,0.8677649024568689,0.09176083429688416
Biased guidance,0.43432388914760744,1.357622666045742,14.25,-1.1461544119814324,0.12873911860398102,0.05965266408795552,0.8684708118146616,0.09176194718275023
Biased guidance,0.43432388914760744,1.357622666045742,14.3,-1.1461479883781136,0.12868312503327267,0.059629068806723175,0.8691767295706215,0.09176301789630745
Biased guidance,0.43432388914760744,1.357622666045742,14.350000000000001,-1.146141808223227,0.12862919659562677,0.05960642556433342,0.8698826554063998,0.09176404804144399
Biased guidance,0.43432388914760744,1.357622666045742,14.4,-1.146135862285013,0.12857725708342643,0.059584696008668274,0.8705885890158626,0.09176503915575897
Biased guidance,0.43432388914760744,1.357622666045742,14.450000000000001,-1.1461301416798215,0.12852723310800923,0.0595638433343279,0.8712945301044838,0.09176599271893074
Biased guidance,0.43432388914760744,1.357622666045742,14.5,-1.1461246378603835,0.12847905399089085,0.05954383221699652,0.8720004783889005,0.09176691015466377
Biased guidance,0.43432388914760744,1.357622666045742,14.55,-1.1461193426041298,0.1284326516606746,0.059524628751677626,0.8727064335964894,0.09176779283262798
Biased guidance,0.43432388914760744,1.357622666045742,14.600000000000001,-1.146114248001372,0.1283879605554915,0.05950620039470692,0.8734123954649586,0.09176864207042164
Biased guidance,0.43432388914760744,1.357622666045742,14.65,-1.1461093464434626,0.1283449175304346,0.05948851590914422,0.8741183637419578,0.09176945913553845
Biased guidance,0.43432388914760744,1.357622666045742,14.700000000000001,-1.1461046306110587,0.12830346176945126,0.05947154531314507,0.8748243381847014,0.09177024524731783
Biased guidance,0.43432388914760744,1.357622666045742,14.75,-1.1461000934626027,0.1282635347011578,0.05945525983091322,0.875530318559608,0.09177100157885935
Biased guidance,0.43432388914760744,1.357622666045742,14.8,-1.1460957282231452,0.12822507991803928,0.05943963184583467,0.8762363046419532,0.09177172925888068
Biased guidance,0.43432388914760744,1.357622666045742,14.850000000000001,-1.146091528373627,0.12818804309849896,0.05942463485539462,0.8769422962155353,0.09177242937349947
Biased guidance,0.43432388914760744,1.357622666045742,14.9,-1.1460874876407388,0.12815237193122123,0.05941024342747789,0.8776482930723533,0.09177310296791923
Biased guidance,0.43432388914760744,1.357622666045742,14.950000000000001,-1.1460835999874803,0.12811801604131123,0.0593964331576541,0.8783542950122958,0.0917737510479989
Biased guidance,0.43432388914760744,1.357622666045742,15.0,-1.1460798596045387,0.12808492691767567,0.05938318062704839,0.8790603018428416,0.09177437458168637
Biased guidance,0.43432388914760744,1.357622666045742,15.05,-1.1460762609026027,0.12805305784110807,0.05937046336039876,0.8797663133787689,0.091774974500296
Biased guidance,0.43432388914760744,1.357622666045742,15.100000000000001,-1.146072798505736,0.12802236381254253,0.05935825978390079,0.8804723294418739,0.09177555169961013
Biased guidance,0.43432388914760744,1.357622666045742,15.15,-1.1460694672459257,0.12799280148093975,0.05934654918244108,0.8811783498606978,0.0917761070407847
Biased guidance,0.43432388914760744,1.357622666045742,15.200000000000001,-1.1460662621589295,0.12796432907026908,0.059335311655819956,0.8818843744702606,0.09177664135103883
Biased guidance,0.43432388914760744,1.357622666045742,15.25,-1.1460631784724762,0.1279369063353886,0.05932452809652724,0.8825904031118291,0.0917771554256191
Biased guidance,0.43432388914760744,1.357622666045742,15.3,-1.1460602115725955,0.12791049458991055,0.059314180222043524,0.8832964356327462,0.09177765003341026
Biased guidance,0.43432388914760744,1.357622666045742,15.350000000000001,-1.14605735703017,0.12788505654203203,0.0593042504610098,0.8840024718861105,0.09177812591250673
Biased guidance,0.43432388914760744,1.357622666045742,15.4,-1.146054610585009,0.1278605562770274,0.059294721949944514,0.8847085117305987,0.09177858377286523
Biased guidance,0.43432388914760744,1.357622666045742,15.450000000000001,-1.1460519681383696,0.12783695920756225,0.059285578505820544,0.8854145550302497,0.09177902429754996
Biased guidance,0.43432388914760744,1.357622666045742,15.5,-1.1460494257470477,0.1278142320222108,0.059276804596956306,0.8861206016542533,0.09177944814371584
Biased guidance,0.43432388914760744,1.357622666045742,15.55,-1.146046979617598,0.12779234263695194,0.059268385315834074,0.8868266514767529,0.09177985594357031
Biased guidance,0.43432388914760744,1.357622666045742,15.600000000000001,-1.146044626100703,0.12777126014936874,0.059260306353653716,0.8875327043766551,0.09178024830531081
Biased guidance,0.43432388914760744,1.357622666045742,15.65,-1.1460423616856905,0.12775095479527585,0.05925255397643,0.8882387602374505,0.09178062581403705
Biased guidance,0.43432388914760744,1.357622666045742,15.700000000000001,-1.1460401829952194,0.12773139790750024,0.05924511500244157,0.888944818947042,0.09178098903263596
Biased guidance,0.43432388914760744,1.357622666045742,15.75,-1.146038086780133,0.12771256187653982,0.05923797678083981,0.8896508803975804,0.09178133850263831
Biased guidance,0.43432388914760744,1.357622666045742,15.8,-1.1460360699144985,0.12769442011282456,0.059231127171225625,0.8903569444853072,0.09178167474504469
Biased guidance,0.43432388914760744,1.357622666045742,15.850000000000001,-1.1460341293908365,0.12767694701030555,0.05922455452400241,0.8910630111104022,0.09178199826111968
Biased guidance,0.43432388914760744,1.357622666045742,15.9,-1.146032262315552,0.12766011791109644,0.059218247661313235,0.8917690801768375,0.09178230953315274
Biased guidance,0.43432388914760744,1.357622666045742,15.950000000000001,-1.1460304659045775,0.12764390907089204,0.05921219585837046,0.8924751515922346,0.09178260902518365
Biased guidance,0.43432388914760744,1.357622666045742,16.0,-1.1460287374792348,0.12762829762488936,0.059206388824985946,0.8931812252677245,0.09178289718369144
Biased guidance,0.43432388914760744,1.357622666045742,16.05,-1.1460270744623295,0.12761326155393546,0.05920081668710987,0.8938873011178111,0.091783174438245
Biased guidance,0.43432388914760744,1.357622666045742,16.1,-1.1460254743744833,0.12759877965062735,0.0591954699681865,0.8945933790602362,0.09178344120211368
Biased guidance,0.43432388914760744,1.357622666045742,16.150000000000002,-1.1460239348307166,0.12758483148508853,0.05919033957013481,0.8952994590158442,0.09178369787283645
Biased guidance,0.43432388914760744,1.357622666045742,16.2,-1.1460224535372907,0.12757139737014725,0.05918541675376237,0.8960055409084478,0.09178394483274767
Biased guidance,0.43432388914760744,1.357622666045742,16.25,-1.1460210282888168,0.12755845832564103,0.05918069311842041,0.8967116246646925,0.09178418244945863
Biased guidance,0.43432388914760744,1.357622666045742,16.3,-1.1460196569637524,0.12754599607052597,0.05917616060120069,0.8974177102140002,0.09178441107660779
Biased guidance,0.43432388914760744,1.357622666045742,16.35,-1.1460183375170114,0.12753399305463775,0.05917181150433334,0.8981237974886223,0.0917846310550924
Biased guidance,0.43432388914760744,1.357622666045742,16.400000000000002,-1.1460170679830055,0.12752243234513166,0.05916763841920548,0.8988298864232918,0.09178484271256093
Biased guidance,0.43432388914760744,1.357622666045742,16.45,-1.1460158464709704,0.12751129763509148,0.059163634236642566,0.8995359769552199,0.09178504636419196
Biased guidance,0.43432388914760744,1.357622666045742,16.5,-1.1460146711618968,0.12750057322073266,0.05915979213517222,0.9002420690240021,0.09178524231320541
Biased guidance,0.43432388914760744,1.357622666045742,16.55,-1.1460135403057534,0.1274902439775446,0.05915610556839013,0.9009481625715208,0.09178543085132516
Biased guidance,0.43432388914760744,1.357622666045742,16.6,-1.1460124522188377,0.1274802953379095,0.05915256825322408,0.9016542575418562,0.09178561225922045
Biased guidance,0.43432388914760744,1.357622666045742,16.650000000000002,-1.1460114052812436,0.12747071327006623,0.05914917415901045,0.9023603538812007,0.09178578680692778
Biased guidance,0.43432388914760744,1.357622666045742,16.7,-1.1460103979344398,0.1274614842582872,0.05914591749729705,0.903066451537779,0.09178595475425431
Biased guidance,0.43432388914760744,1.357622666045742,16.75,-1.1460094286789555,0.127452595284136,0.05914279271228693,0.9037725504617715,0.09178611635116354
Biased guidance,0.43432388914760744,1.357622666045742,16.8,-1.1460084960721593,0.1274440338086747,0.05913979447183699,0.9044786506052429,0.09178627183814528
Biased guidance,0.43432388914760744,1.357622666045742,16.85,-1.1460075987261307,0.127435787755488,0.0591369176589258,0.9051847519220733,0.09178642144657038
Biased guidance,0.43432388914760744,1.357622666045742,16.900000000000002,-1.1460067353056131,0.127427845494393,0.05913415736350479,0.9058908543678913,0.09178656539903178
Biased guidance,0.43432388914760744,1.357622666045742,16.95,-1.1460059045260427,0.12742019582570244,0.05913150887464691,0.9065969579000117,0.0917867039096729
Biased guidance,0.43432388914760744,1.357622666045742,17.0,-1.1460051051516462,0.1274128279649093,0.05912896767290716,0.9073030624773727,0.09178683718450471
Biased guidance,0.43432388914760744,1.357622666045742,17.05,-1.1460043359935987,0.12740573152766155,0.05912652942280897,0.9080091680604756,0.09178696542171264
Biased guidance,0.43432388914760744,1.357622666045742,17.1,-1.1460035959082364,0.12739889651489408,0.05912418996537081,0.9087152746113253,0.09178708881195438
Biased guidance,0.43432388914760744,1.357622666045742,17.150000000000002,-1.1460028837953165,0.12739231329798711,0.05912194531058708,0.9094213820933712,0.09178720753865
Biased guidance,0.43432388914760744,1.357622666045742,17.2,-1.1460021985963162,0.12738597260381818,0.059119791629777596,0.9101274904714475,0.09178732177826515
Biased guidance,0.43432388914760744,1.357622666045742,17.25,-1.1460015392927652,0.12737986549957647,0.05911772524771987,0.9108335997117131,0.09178743170058933
Biased guidance,0.43432388914760744,1.357622666045742,17.3,-1.1460009049046018,0.12737398337720718,0.05911574263447824,0.9115397097815912,0.09178753746900947
Biased guidance,0.43432388914760744,1.357622666045742,17.35,-1.14600029448855,0.12736831793735426,0.059113840396844246,0.9122458206497057,0.09178763924078075
Biased guidance,0.43432388914760744,1.357622666045742,17.400000000000002,-1.1459997071365051,0.1273628611726696,0.05911201526930233,0.9129519322858171,0.09178773716729534
Biased guidance,0.43432388914760744,1.357622666045742,17.45,-1.145999141975047,0.12735760537654126,0.05911026412169692,0.9136580446608499,0.09178783139416379
Biased guidance,0.43432388914760744,1.357622666045742,17.5,-1.1459985981654732,0.12735254316678418,0.05910858397691369,0.9143641577469752,0.09178792206120913
Biased guidance,0.43432388914760744,1.357622666045742,17.55,-1.145998074899774,0.12734766740830802,0.05910697196159471,0.9150702715173255,0.09178800930313812
Biased guidance,0.43432388914760744,1.357622666045742,17.6,-1.1459975714007087,0.12734297123043237,0.059105425319170755,0.9157763859460546,0.09178809324952823
Biased guidance,0.43432388914760744,1.357622666045742,17.650000000000002,-1.1459970869205816,0.1273384480169947,0.05910394140512494,0.9164825010082996,0.09178817402503184
Biased guidance,0.43432388914760744,1.357622666045742,17.7,-1.1459966207400392,0.1273340913959956,0.05910251768188761,0.9171886166801383,0.09178825174957654
Biased guidance,0.43432388914760744,1.357622666045742,17.75,-1.1459961721669416,0.1273298952299321,0.05910115171412188,0.9178947329385521,0.09178832653855346
Biased guidance,0.43432388914760744,1.357622666045742,17.8,-1.1459957405352967,0.12732585360676082,0.0590998411643645,0.9186008497613896,0.09178839850299468
Biased guidance,0.43432388914760744,1.357622666045742,17.85,-1.1459953252042572,0.12732196083143243,0.059098583788986706,0.9193069671273334,0.09178846774974063
Biased guidance,0.43432388914760744,1.357622666045742,17.900000000000002,-1.145994925557172,0.12731821141793834,0.05909737743443979,0.920013085015869,0.091788534381598
Biased guidance,0.43432388914760744,1.357622666045742,17.95,-1.1459945410006875,0.12731460008181186,0.05909622003375019,0.9207192034072545,0.0917885984974897
Biased guidance,0.43432388914760744,1.357622666045742,18.0,-1.1459941709638921,0.12731112173302436,0.059095109603228634,0.9214253222824937,0.09178866019259738
Biased guidance,0.43432388914760744,1.357622666045742,18.05,-1.1459938148975017,0.12730777146921857,0.05909404423935822,0.9221314416233085,0.09178871955849716
Biased guidance,0.43432388914760744,1.357622666045742,18.1,-1.145993472273076,0.12730454456922002,0.059093022115826045,0.9228375614121136,0.09178877668329039
Biased guidance,0.43432388914760744,1.357622666045742,18.150000000000002,-1.145993142582264,0.12730143648676814,0.0590920414806631,0.9235436816319923,0.09178883165172926
Biased guidance,0.43432388914760744,1.357622666045742,18.2,-1.1459928253360727,0.12729844284440858,0.05909110065345715,0.9242498022666723,0.09178888454533882
Biased guidance,0.43432388914760744,1.357622666045742,18.25,-1.1459925200641512,0.12729555942748794,0.0590901980226034,0.9249559233005021,0.09178893544253625
Biased guidance,0.43432388914760744,1.357622666045742,18.3,-1.1459922263140871,0.1272927821781925,0.05908933204255744,0.9256620447184278,0.09178898441874814
Biased guidance,0.43432388914760744,1.357622666045742,18.35,-1.14599194365071,0.12729010718957245,0.059088501231055406,0.9263681665059694,0.0917890315465267
Biased guidance,0.43432388914760744,1.357622666045742,18.400000000000002,-1.1459916716553933,0.1272875306994925,0.05908770416626597,0.9270742886491978,0.091789076895666
Biased guidance,0.43432388914760744,1.357622666045742,18.45,-1.1459914099253539,0.1272850490844512,0.05908693948383881,0.9277804111347099,0.09178912053331875
Biased guidance,0.43432388914760744,1.357622666045742,18.5,-1.1459911580729396,0.1272826588532096,0.05908620587381439,0.9284865339496042,0.0917891625241152
Biased guidance,0.43432388914760744,1.357622666045742,18.55,-1.1459909157249029,0.12728035664017098,0.05908550207735968,0.9291926570814549,0.09178920293028409
Biased guidance,0.43432388914760744,1.357622666045742,18.6,-1.1459906825216517,0.12727813919845304,0.05908482688329455,0.9298987805182848,0.09178924181177757
Biased guidance,0.43432388914760744,1.357622666045742,18.650000000000002,-1.145990458116474,0.1272760033925942,0.05908417912437353,0.9306049042485364,0.09178927922640055
Biased guidance,0.43432388914760744,1.357622666045742,18.7,-1.1459902421752863,0.12727394619702356,0.05908355767705614,0.9313110282610669,0.09178931522985244
Biased guidance,0.43432388914760744,1.357622666045742,18.75,-1.1459900343797802,0.1272719647328675,0.05908296148471132,0.9320171525452934,0.09178934987520278
Biased guidance,0.43432388914760744,1.357622666045742,18.8,-1.1459898344224762,0.12727005621406828,0.059082389525504146,0.9327232770909801,0.09178938321371564
Biased guidance,0.43432388914760744,1.357622666045742,18.85,-1.145989642007209,0.12726821795340362,0.05908184081653864,0.9334294018882633,0.09178941529476888
Biased guidance,0.43432388914760744,1.357622666045742,18.900000000000002,-1.1459894568491327,0.12726644736375672,0.05908131441529034,0.9341355269276556,0.09178944616585319
Biased guidance,0.43432388914760744,1.357622666045742,18.95,-1.145989278674227,0.1272647419538254,0.0590808094176424,0.9348416522000303,0.09178947587265442
Biased guidance,0.43432388914760744,1.357622666045742,19.0,-1.1459891072188402,0.1272630993241387,0.05908032495608311,0.9355477776966057,0.09178950445912976
Biased guidance,0.43432388914760744,1.357622666045742,19.05,-1.1459889422292628,0.127261517163357,0.059079860198051594,0.9362539034089301,0.09178953196757884
Biased guidance,0.43432388914760744,1.357622666045742,19.1,-1.1459887834613314,0.12725999324483167,0.05907941434441861,0.9369600293288695,0.09178955843870983
Biased guidance,0.43432388914760744,1.357622666045742,19.150000000000002,-1.1459886306800575,0.12725852542340074,0.05907898662808929,0.9376661554485946,0.09178958391170117
Biased guidance,0.43432388914760744,1.357622666045742,19.200000000000003,-1.1459884836592829,0.12725711163239684,0.059078576312714744,0.9383722817605695,0.09178960842425916
Biased guidance,0.43432388914760744,1.357622666045742,19.25,-1.1459883421813535,0.12725574988084304,0.05907818269149921,0.9390784082575415,0.09178963201267226
Biased guidance,0.43432388914760744,1.357622666045742,19.3,-1.145988206036814,0.1272544382508138,0.059077805086089855,0.9397845349325302,0.091789654711862
Biased guidance,0.43432388914760744,1.357622666045742,19.35,-1.1459880750241187,0.12725317489493615,0.05907744284553583,0.9404906617788181,0.09178967655543127
Biased guidance,0.43432388914760744,1.357622666045742,19.400000000000002,-1.1459879489493552,0.12725195803400807,0.059077095345303685,0.9411967887899422,0.09178969757571029
Biased guidance,0.43432388914760744,1.357622666045742,19.450000000000003,-1.145987827625979,0.12725078595471004,0.05907676198633579,0.9419029159596842,0.09178971780380084
Biased guidance,0.43432388914760744,1.357622666045742,19.5,-1.1459877108745573,0.12724965700738572,0.05907644219413873,0.9426090432820635,0.09178973726961907
Biased guidance,0.43432388914760744,1.357622666045742,19.55,-1.1459875985225185,0.12724856960386857,0.05907613541788859,0.9433151707513275,0.09178975600193723
Biased guidance,0.43432388914760744,1.357622666045742,19.6,-1.1459874904039045,0.12724752221532995,0.059075841129539765,0.9440212983619444,0.09178977402842488
Biased guidance,0.43432388914760744,1.357622666045742,19.650000000000002,-1.1459873863591228,0.1272465133701252,0.05907555882292445,0.9447274261085943,0.09178979137569032
Biased guidance,0.43432388914760744,1.357622666045742,19.700000000000003,-1.1459872862346996,0.1272455416516142,0.059075288012829436,0.9454335539861616,0.09178980806932173
Biased guidance,0.43432388914760744,1.357622666045742,19.75,-1.145987189883025,0.1272446056959319,0.05907502823403715,0.946139681989726,0.09178982413392965
Biased guidance,0.43432388914760744,1.357622666045742,19.8,-1.1459870971620922,0.12724370418968592,0.05907477904031789,0.9468458101145537,0.09178983959319037
Biased guidance,0.43432388914760744,1.357622666045742,19.85,-1.1459870079352281,0.1272428358675565,0.05907454000335986,0.9475519383560886,0.09178985446989102
Biased guidance,0.43432388914760744,1.357622666045742,19.900000000000002,-1.1459869220708097,0.12724199950977583,0.05907431071162423,0.9482580667099418,0.09178986878597671
Biased guidance,0.43432388914760744,1.357622666045742,19.950000000000003,-1.1459868394419666,0.12724119393946243,0.05907409076911171,0.9489641951718821,0.09178988256260018
Biased guidance,0.43432388914760744,1.357622666045742,20.0,-1.1459867599262656,0.12724041801978703,0.05907387979402775,0.9496703237378247,0.09178989582017433
Biased guidance,0.43432388914760744,1.357622666045742,20.05,-1.1459866834053758,0.1272396706509459,0.059073677417333124,0.9503764524038193,0.09178990857842824
Biased guidance,0.43432388914760744,1.357622666045742,20.1,-1.1459866097648412,0.12723895076813702,0.05907348328184534,0.9510825811660424,0.09178992085644479
Biased guidance,0.43432388914760744,1.357622666045742,20.150000000000002,-1.1459865388969392,0.12723825736794728,0.05907329705721157,0.9517887100209039,0.09178993267218433
Biased guidance,0.43432388914760744,1.357622666045742,20.200000000000003,-1.1459864706977376,0.1272375894814684,0.05907311842521808,0.9524948389649392,0.09178994404297523
Biased guidance,0.43432388914760744,1.357622666045742,20.25,-1.1459864050665125,0.12723694616883116,0.05907294707683162,0.953200967994788,0.09178995498561095
Biased guidance,0.43432388914760744,1.357622666045742,20.3,-1.14598634190643,0.1272363265255254,0.05907278271592738,0.9539070971072193,0.09178996551623636
Biased guidance,0.43432388914760744,1.357622666045742,20.35,-1.145986281124362,0.12723572968077862,0.0590726250586068,0.9546132262991257,0.09178997565037852
Biased guidance,0.43432388914760744,1.357622666045742,20.400000000000002,-1.1459862226307174,0.12723515479605788,0.05907247383257469,0.9553193555675179,0.09178998540297474
Biased guidance,0.43432388914760744,1.357622666045742,20.450000000000003,-1.1459861663392856,0.1272346010636872,0.05907232877657128,0.9560254849095189,0.09178999478839876
Biased guidance,0.43432388914760744,1.357622666045742,20.5,-1.1459861121670925,0.12723406770557086,0.059072189639854854,0.9567316143223596,0.09179000382048468
Biased guidance,0.43432388914760744,1.357622666045742,20.55,-1.1459860600342677,0.12723355397201455,0.059072056181730656,0.9574377438033747,0.0917900125125491
Biased guidance,0.43432388914760744,1.357622666045742,20.6,-1.145986009863923,0.12723305914063565,0.059071928171121724,0.9581438733499974,0.09179002087741152
Biased guidance,0.43432388914760744,1.357622666045742,20.650000000000002,-1.1459859615820378,0.12723258251535352,0.05907180538617735,0.9588500029597572,0.09179002892741317
Biased guidance,0.43432388914760744,1.357622666045742,20.700000000000003,-1.1459859151173555,0.12723212342545168,0.05907168761391473,0.9595561326302754,0.0917900366744346
Biased guidance,0.43432388914760744,1.357622666045742,20.75,-1.1459858704012853,0.127231681224703,0.059071574649889616,0.9602622623592619,0.09179004412991178
Biased guidance,0.43432388914760744,1.357622666045742,20.8,-1.1459858273678112,0.12723125529054885,0.05907146629789151,0.9609683921445129,0.09179005130485149
Biased guidance,0.43432388914760744,1.357622666045742,20.85,-1.1459857859534055,0.12723084502332443,0.05907136236965915,0.9616745219839071,0.09179005820984559
Biased guidance,0.43432388914760744,1.357622666045742,20.900000000000002,-1.1459857460969467,0.12723044984552054,0.05907126268461191,0.9623806518754036,0.09179006485508476
Biased guidance,0.43432388914760744,1.357622666045742,20.950000000000003,-1.145985707739642,0.12723006920107394,0.05907116706959274,0.963086781817039,0.09179007125037142
Biased guidance,0.43432388914760744,1.357622666045742,21.0,-1.1459856708249496,0.12722970255467733,0.059071075358618476,0.9637929118069253,0.09179007740513273
Biased guidance,0.43432388914760744,1.357622666045742,21.05,-1.1459856352985043,0.12722934939110003,0.05907098739263295,0.964499041843247,0.0917900833284329
Biased guidance,0.43432388914760744,1.357622666045742,21.1,-1.1459856011080418,0.12722900921451133,0.059070903019258755,0.9652051719242584,0.0917900890289859
Biased guidance,0.43432388914760744,1.357622666045742,21.150000000000002,-1.145985568203324,0.12722868154779704,0.05907082209254325,0.9659113020482817,0.09179009451516784
Biased guidance,0.43432388914760744,1.357622666045742,21.200000000000003,-1.14598553653606,0.1272283659318612,0.059070744472694496,0.9666174322137042,0.09179009979503018
Biased guidance,0.43432388914760744,1.357622666045742,21.25,-1.1459855060598276,0.12722806192490413,0.05907067002580272,0.9673235624189753,0.09179010487631288
Biased guidance,0.43432388914760744,1.357622666045742,21.3,-1.145985476729987,0.12722776910166772,0.059070598623543115,0.968029692662604,0.09179010976645863
Biased guidance,0.43432388914760744,1.357622666045742,21.35,-1.1459854485035939,0.12722748705264006,0.05907053014285549,0.9687358229431557,0.09179011447262753
Biased guidance,0.43432388914760744,1.357622666045742,21.400000000000002,-1.1459854213393033,0.12722721538321005,0.0590704644655965,0.9694419532592495,0.09179011900171292
Biased guidance,0.43432388914760744,1.357622666045742,21.450000000000003,-1.145985395197268,0.12722695371276357,0.059070401478160214,0.9701480836095541,0.0917901233603585
Biased guidance,0.43432388914760744,1.357622666045742,21.5,-1.1459853700390303,0.12722670167371278,0.05907034107106246,0.9708542139927843,0.09179012755497629
Biased guidance,0.43432388914760744,1.357622666045742,21.55,-1.1459853458274027,0.12722645891044934,0.05907028313848483,0.9715603444076975,0.09179013159176651
Biased guidance,0.43432388914760744,1.357622666045742,21.6,-1.1459853225263401,0.12722622507821346,0.05907022757777396,0.9722664748530885,0.09179013547673893
Biased guidance,0.43432388914760744,1.357622666045742,21.650000000000002,-1.1459853001008011,0.12722599984186972,0.059070174288891615,0.9729726053277857,0.09179013921573595
Biased guidance,0.43432388914760744,1.357622666045742,21.700000000000003,-1.145985278516935,0.12722578287754538,0.05907012317530364,0.9736787358306571,0.09179014281440147
Biased guidance,0.43432388914760744,1.357622666045742,21.75,-1.1459852577441338,0.1272255738903539,0.05907007415300692,0.9743848663606809,0.09179014627783873
Biased guidance,0.43432388914760744,1.357622666045742,21.8,-1.145985237752094,0.12722537258858513,0.05907002713761345,0.975090996916844,0.0917901496111002
Biased guidance,0.43432388914760744,1.357622666045742,21.85,-1.1459852185113988,0.12722517868912903,0.05906998204707316,0.9757971274981625,0.09179015281909052
Biased guidance,0.43432388914760744,1.357622666045742,21.900000000000002,-1.145985199993772,0.1272249919196636,0.05906993880283849,0.9765032581036913,0.09179015590652413
Biased guidance,0.43432388914760744,1.357622666045742,21.950000000000003,-1.1459851821720222,0.12722481201812116,0.05906989732966163,0.9772093887325213,0.09179015887793465
Biased guidance,0.43432388914760744,1.357622666045742,22.0,-1.1459851650199921,0.12722463873219744,0.05906985755541012,0.9779155193837781,0.09179016173768326
Biased guidance,0.43432388914760744,1.357622666045742,22.05,-1.1459851485125123,0.12722447181890095,0.059069819410899636,0.9786216500566205,0.09179016448996642
Biased guidance,0.43432388914760744,1.357622666045742,22.1,-1.1459851326253576,0.12722431104413975,0.05906978282974282,0.9793277807502387,0.0917901671388232
Biased guidance,0.43432388914760744,1.357622666045742,22.150000000000002,-1.1459851173352067,0.12722415618234295,0.05906974774821271,0.980033911463853,0.0917901696881419
Biased guidance,0.43432388914760744,1.357622666045742,22.200000000000003,-1.1459851026196053,0.1272240070161138,0.05906971410511986,0.9807400421967125,0.09179017214166633
Biased guidance,0.43432388914760744,1.357622666045742,22.25,-1.145985088456933,0.12722386333591243,0.059069681841701555,0.9814461729480941,0.09179017450300125
Biased guidance,0.43432388914760744,1.357622666045742,22.3,-1.1459850748263702,0.1272237249397644,0.05906965090152229,0.9821523037173014,0.09179017677561786
Biased guidance,0.43432388914760744,1.357622666045742,22.35,-1.1459850617078706,0.12722359163299332,0.05906962123038392,0.9828584345036638,0.09179017896285852
Biased guidance,0.43432388914760744,1.357622666045742,22.400000000000002,-1.1459850490821328,0.1272234632279742,0.05906959277624452,0.9835645653065351,0.09179018106794129
Biased guidance,0.43432388914760744,1.357622666045742,22.450000000000003,-1.1459850369305755,0.1272233395439048,0.059069565489144604,0.9842706961252937,0.09179018309396422
Biased guidance,0.43432388914760744,1.357622666045742,22.5,-1.1459850252353139,0.12722322040659248,0.0590695393211395,0.9849768269593407,0.09179018504390926
Biased guidance,0.43432388914760744,1.357622666045742,22.55,-1.1459850139791372,0.12722310564825354,0.0590695142262367,0.9856829578081001,0.09179018692064592
Biased guidance,0.43432388914760744,1.357622666045742,22.6,-1.1459850031454872,0.12722299510732255,0.05906949016033684,0.9863890886710176,0.09179018872693495
Biased guidance,0.43432388914760744,1.357622666045742,22.650000000000002,-1.1459849927184376,0.12722288862826853,0.059069467081177274,0.9870952195475599,0.09179019046543173
Biased guidance,0.43432388914760744,1.357622666045742,22.700000000000003,-1.1459849826826742,0.12722278606141568,0.05906944494827681,0.9878013504372144,0.0917901921386896
Biased guidance,0.43432388914760744,1.357622666045742,22.75,-1.145984973023475,0.12722268726276562,0.05906942372288056,0.9885074813394885,0.0917901937491631
Biased guidance,0.43432388914760744,1.357622666045742,22.8,-1.1459849637266908,0.12722259209381825,0.05906940336790353,0.9892136122539087,0.09179019529921138
Biased guidance,0.43432388914760744,1.357622666045742,22.85,-1.1459849547787249,0.12722250042138908,0.05906938384787187,0.9899197431800201,0.09179019679110138
Biased guidance,0.43432388914760744,1.357622666045742,22.900000000000002,-1.1459849461665128,0.12722241211741925,0.05906936512886044,0.9906258741173859,0.0917901982270113
Biased guidance,0.43432388914760744,1.357622666045742,22.950000000000003,-1.1459849378775018,0.1272223270587768,0.05906934717842548,0.9913320050655863,0.0917901996090341
Biased guidance,0.43432388914760744,1.357622666045742,23.0,-1.1459849298996276,0.12722224512704514,0.059069329965531235,0.992038136024218,0.09179020093918122
Biased guidance,0.43432388914760744,1.357622666045742,23.05,-1.1459849222212923,0.1272221662082967,0.059069313460469314,0.9927442669928934,0.09179020221938639
Biased guidance,0.43432388914760744,1.357622666045742,23.1,-1.1459849148313386,0.12722209019284922,0.059069297634769355,0.9934503979712398,0.09179020345150984
Biased guidance,0.43432388914760744,1.357622666045742,23.150000000000002,-1.145984907719024,0.12722201697500088,0.05906928246110006,0.994156528958898,0.09179020463734268
Biased guidance,0.43432388914760744,1.357622666045742,23.200000000000003,-1.1459849008739922,0.1272219464527428,0.05906926791315922,0.9948626599555218,0.09179020577861159
Biased guidance,0.43432388914760744,1.357622666045742,23.25,-1.1459848942862414,0.12722187852744507,0.05906925396555142,0.9955687909607766,0.09179020687698418
Biased guidance,0.43432388914760744,1.357622666045742,23.3,-1.1459848879460919,0.1272218131035145,0.05906924059365243,0.996274921974338,0.09179020793407434
Biased guidance,0.43432388914760744,1.357622666045742,23.35,-1.1459848818441505,0.1272217500880203,0.059069227773458875,0.9969810529958911,0.09179020895144817
Biased guidance,0.43432388914760744,1.357622666045742,23.400000000000002,-1.1459848759712703,0.1272216893902859,0.05906921548142196,0.9976871840251281,0.09179020993063075
Biased guidance,0.43432388914760744,1.357622666045742,23.450000000000003,-1.1459848703185087,0.12722163092144365,0.05906920369426417,0.9983933150617474,0.09179021087311307
Biased guidance,0.43432388914760744,1.357622666045742,23.5,-1.145984864877126,0.12722157459440261,0.05906919238897983,0.9990994461054533,0.09179021178035227
Biased guidance,0.43432388914760744,1.357622666045742,23.55,-1.1459848596396238,0.127221520334865,0.059069181547783664,0.9998055771559965,0.09179021265359859
Biased guidance,0.43432388914760744,1.357622666045742,23.6,-1.1459848545985953,0.12722146806969717,0.05906917115295638,1.000511708213131,0.09179021349408696
Biased guidance,0.43432388914760744,1.357622666045742,23.650000000000002,-1.1459848497466136,0.12722141772528406,0.05906916118608498,1.0012178392766085,0.09179021430305564
Biased guidance,0.43432388914760744,1.357622666045742,23.700000000000003,-1.1459848450765613,0.12722136923090904,0.059069151629582775,1.0019239703461904,0.09179021508169133
Biased guidance,0.43432388914760744,1.357622666045742,23.75,-1.1459848405816093,0.12722132251859264,0.059069142466634604,1.002630101421648,0.09179021583113262
Biased guidance,0.43432388914760744,1.357622666045742,23.8,-1.1459848362551999,0.1272212775229444,0.05906913368114718,1.003336232502762,0.0917902165524729
Biased guidance,0.43432388914760744,1.357622666045742,23.85,-1.14598483209103,0.12722123418102727,0.059069125257704004,1.0040423635893203,0.09179021724676306
Biased guidance,0.43432388914760744,1.357622666045742,23.900000000000002,-1.145984828083036,0.12722119243223382,0.05906911718152475,1.0047484946811198,0.09179021791501407
Biased guidance,0.43432388914760744,1.357622666045742,23.950000000000003,-1.145984824225381,0.12722115221817354,0.05906910943842884,1.0054546257779648,0.09179021855819916
Biased guidance,0.43432388914760744,1.357622666045742,24.0,-1.1459848205124428,0.12722111348257042,0.0590691020148028,1.0061607568796667,0.09179021917725567
Biased guidance,0.43432388914760744,1.357622666045742,24.05,-1.1459848169388036,0.12722107617116998,0.059069094897571166,1.0068668879860438,0.0917902197730869
Biased guidance,0.43432388914760744,1.357622666045742,24.1,-1.145984813499241,0.12722104023165534,0.05906908807417075,1.007573019096921,0.09179022034656364
Biased guidance,0.43432388914760744,1.357622666045742,24.150000000000002,-1.1459848101887196,0.1272210056135711,0.05906908153252779,1.0082791502121295,0.0917902208985254
Biased guidance,0.43432388914760744,1.357622666045742,24.200000000000003,-1.1459848070023833,0.12722097226825488,0.05906907526103787,1.0089852813315066,0.09179022142978183
Biased guidance,0.43432388914760744,1.357622666045742,24.25,-1.1459848039355505,0.12722094014877502,0.059069069248548205,1.0096914124548957,0.0917902219411135
Biased guidance,0.43432388914760744,1.357622666045742,24.3,-1.1459848009837073,0.1272209092098747,0.059069063484342106,1.0103975435821453,0.09179022243327299
Biased guidance,0.43432388914760744,1.357622666045742,24.35,-1.1459847981425033,0.12722087940792054,0.05906905795812519,1.01110367471311,0.09179022290698566
Biased guidance,0.43432388914760744,1.357622666045742,24.400000000000002,-1.1459847954077471,0.12722085070085606,0.05906905266001325,1.0118098058476492,0.09179022336295035
Biased guidance,0.43432388914760744,1.357622666045742,24.450000000000003,-1.145984792775403,0.12722082304815857,0.05906904758052128,1.0125159369856285,0.09179022380183992
Biased guidance,0.43432388914760744,1.357622666045742,24.5,-1.145984790241587,0.1272207964107989,0.059069042710553576,1.013222068126917,0.09179022422430196
Biased guidance,0.43432388914760744,1.357622666045742,24.55,-1.145984787802564,0.12722077075120322,0.059069038041394434,1.0139281992713904,0.09179022463095918
Biased guidance,0.43432388914760744,1.357622666045742,24.6,-1.1459847854547445,0.12722074603321668,0.0590690335646993,1.0146343304189283,0.09179022502241009
Biased guidance,0.43432388914760744,1.357622666045742,24.650000000000002,-1.1459847831946817,0.12722072222206698,0.05906902927248602,1.015340461569415,0.09179022539922936
Biased guidance,0.43432388914760744,1.357622666045742,24.700000000000003,-1.1459847810190684,0.12722069928432858,0.059069025157125914,1.0160465927227398,0.0917902257619684
Biased guidance,0.43432388914760744,1.357622666045742,24.75,-1.1459847789247333,0.12722067718788554,0.05906902121133439,1.0167527238787963,0.09179022611115598
Biased guidance,0.43432388914760744,1.357622666045742,24.8,-1.145984776908638,0.12722065590189316,0.05906901742816078,1.0174588550374823,0.09179022644729866
Biased guidance,0.43432388914760744,1.357622666045742,24.85,-1.145984774967872,0.12722063539673703,0.05906901380097722,1.0181649861987003,0.09179022677088174
Biased guidance,0.43432388914760744,1.357622666045742,24.900000000000002,-1.1459847730996493,0.12722061564398915,0.05906901032346609,1.0188711173623566,0.09179022708236967
Biased guidance,0.43432388914760744,1.357622666045742,24.950000000000003,-1.1459847713013025,0.1272205966163604,0.059069006989605946,1.019577248528361,0.09179022738220725
Biased guidance,0.43432388914760744,1.357622666045742,25.0,-1.1459847695702765,0.12722057828764807,0.059069003793655483,1.0202833796966273,0.09179022767082046
Biased guidance,0.43432388914760744,1.357622666045742,25.05,-1.1459847679041226,0.1272205606326786,0.05906900073013535,1.0209895108670732,0.09179022794861758
Biased guidance,0.43432388914760744,1.357622666045742,25.1,-1.1459847663004903,0.12722054362724372,0.05906899779380747,1.0216956420396193,0.0917902282159905
Biased guidance,0.43432388914760744,1.357622666045742,25.150000000000002,-1.1459847647571182,0.1272205272480306,0.05906899497965163,1.022401773214189,0.09179022847331625
Biased guidance,0.43432388914760744,1.357622666045742,25.200000000000003,-1.1459847632718245,0.12722051147254357,0.059068992282838975,1.023107904390709,0.09179022872095861
Biased guidance,0.43432388914760744,1.357622666045742,25.25,-1.1459847618424954,0.12722049627901835,0.059068989698702196,1.0238140355691074,0.09179022895927003
Biased guidance,0.43432388914760744,1.357622666045742,25.3,-1.1459847604670728,0.1272204816463269,0.0590689872227021,1.0245201667493156,0.09179022918859367
Biased guidance,0.43432388914760744,1.357622666045742,25.35,-1.1459847591435395,0.1272204675538726,0.059068984850390284,1.0252262979312654,0.09179022940926579
Biased guidance,0.43432388914760744,1.357622666045742,25.400000000000002,-1.1459847578699043,0.127220453981475,0.05906898257736751,1.0259324291148906,0.09179022962161844
Biased guidance,0.43432388914760744,1.357622666045742,25.450000000000003,-1.1459847566441836,0.12722044090924334,0.05906898039923776,1.0266385603001253,0.09179022982598231
Biased guidance,0.43432388914760744,1.357622666045742,25.5,-1.1459847554643832,0.12722042831743804,0.05906897831155738,1.0273446914869038,0.09179023002268992
Biased guidance,0.43432388914760744,1.357622666045742,25.55,-1.1459847543284758,0.12722041618631955,0.05906897630977923,1.0280508226751597,0.09179023021207927
Biased guidance,0.43432388914760744,1.357622666045742,25.6,-1.1459847532344196,0.12722040449629707,0.05906897438931295,1.0287569538648274,0.0917902303944908
Biased guidance,0.43432388914760744,1.357622666045742,25.650000000000002,-1.1459847521810154,0.1272203932341487,0.05906897254794788,1.0294630850558648,0.09179023057012442
Biased guidance,0.43432388914760744,1.357622666045742,25.700000000000003,-1.1459847511670054,0.12722038238575922,0.05906897078305016,1.030169216248228,0.09179023073918986
Biased guidance,0.43432388914760744,1.357622666045742,25.75,-1.1459847501909397,0.12722037193578623,0.05906896909141724,1.0308753474418668,0.09179023090192888
Biased guidance,0.43432388914760744,1.357622666045742,25.8,-1.1459847492514117,0.1272203618695242,0.05906896747000178,1.0315814786367339,0.09179023105857598
Biased guidance,0.43432388914760744,1.357622666045742,25.85,-1.145984748347059,0.1272203521728643,0.05906896591589988,1.032287609832783,0.09179023120935831
Biased guidance,0.43432388914760744,1.357622666045742,25.900000000000002,-1.1459847474765648,0.1272203428322574,0.05906896442634041,1.0329937410299699,0.09179023135449545
Biased guidance,0.43432388914760744,1.357622666045742,25.950000000000003,-1.1459847466386563,0.12722033383468018,0.059068962998675284,1.0336998722282524,0.09179023149419956
Biased guidance,0.43432388914760744,1.357622666045742,26.0,-1.1459847458321055,0.1272203251676042,0.05906896163037069,1.0344060034275897,0.09179023162867543
Biased guidance,0.43432388914760744,1.357622666045742,26.05,-1.1459847450557288,0.12722031681896784,0.05906896031899918,1.0351121346279422,0.09179023175812039
Biased guidance,0.43432388914760744,1.357622666045742,26.1,-1.1459847443083868,0.1272203087771506,0.05906895906223257,1.0358182658292723,0.0917902318827244
Biased guidance,0.43432388914760744,1.357622666045742,26.150000000000002,-1.1459847435889825,0.12722030103095025,0.05906895785783569,1.0365243970315432,0.09179023200267036
Biased guidance,0.43432388914760744,1.357622666045742,26.200000000000003,-1.1459847428964616,0.12722029356956194,0.05906895670366076,1.0372305282347203,0.09179023211813409
Biased guidance,0.43432388914760744,1.357622666045742,26.25,-1.1459847422298113,0.12722028638255978,0.05906895559764254,1.0379366594387693,0.0917902322292844
Biased guidance,0.43432388914760744,1.357622666045742,26.3,-1.145984741588058,0.1272202794598801,0.05906895453779401,1.038642790643658,0.09179023233628365
Biased guidance,0.43432388914760744,1.357622666045742,26.35,-1.1459847409702681,0.12722027279180687,0.05906895352220275,1.0393489218493546,0.09179023243928748
Biased guidance,0.43432388914760744,1.357622666045742,26.400000000000002,-1.1459847403755448,0.12722026636895858,0.05906895254902767,1.040055053055829,0.09179023253844545
Biased guidance,0.43432388914760744,1.357622666045742,26.450000000000003,-1.1459847398030278,0.12722026018227683,0.05906895161649643,1.040761184263052,0.09179023263390096
Biased guidance,0.43432388914760744,1.357622666045742,26.5,-1.1459847392518914,0.12722025422301608,0.059068950722903066,1.0414673154709952,0.0917902327257917
Biased guidance,0.43432388914760744,1.357622666045742,26.55,-1.1459847387213429,0.12722024848273492,0.059068949866606164,1.0421734466796322,0.09179023281424982
Biased guidance,0.43432388914760744,1.357622666045742,26.6,-1.1459847382106212,0.127220242953288,0.059068949046027226,1.0428795778889361,0.09179023289940223
Biased guidance,0.43432388914760744,1.357622666045742,26.650000000000002,-1.1459847377189958,0.12722023762681936,0.05906894825964942,1.0435857090988825,0.09179023298137073
Biased guidance,0.43432388914760744,1.357622666045742,26.700000000000003,-1.1459847372457634,0.12722023249575604,0.05906894750601647,1.0442918403094466,0.09179023306027256
Biased guidance,0.43432388914760744,1.357622666045742,26.75,-1.1459847367902487,0.12722022755280266,0.059068946783731716,1.044997971520605,0.09179023313622034
Biased guidance,0.43432388914760744,1.357622666045742,26.8,-1.1459847363518008,0.12722022279093606,0.059068946091457374,1.045704102732336,0.09179023320932257
Biased guidance,0.43432388914760744,1.357622666045742,26.85,-1.1459847359297928,0.1272202182034007,0.05906894542791377,1.0464102339446175,0.09179023327968379
Biased guidance,0.43432388914760744,1.357622666045742,26.900000000000002,-1.1459847355236201,0.1272202137837037,0.05906894479187865,1.047116365157429,0.09179023334740478
Biased guidance,0.43432388914760744,1.357622666045742,26.950000000000003,-1.1459847351326993,0.1272202095256102,0.05906894418218645,1.04782249637075,0.09179023341258284
Biased guidance,0.43432388914760744,1.357622666045742,27.0,-1.1459847347564656,0.12722020542313828,0.05906894359772744,1.0485286275845622,0.09179023347531214
Biased guidance,0.43432388914760744,1.357622666045742,27.05,-1.1459847343943734,0.12722020147055374,0.05906894303744682,1.049234758798847,0.0917902335356836
Biased guidance,0.43432388914760744,1.357622666045742,27.1,-1.1459847340458942,0.12722019766236434,0.05906894250034354,1.0499408900135865,0.0917902335937854
Biased guidance,0.43432388914760744,1.357622666045742,27.150000000000002,-1.1459847337105153,0.12722019399331314,0.05906894198546894,1.0506470212287642,0.09179023364970296
Biased guidance,0.43432388914760744,1.357622666045742,27.200000000000003,-1.14598473338774,0.12722019045837143,0.05906894149192511,1.0513531524443633,0.09179023370351916
Biased guidance,0.43432388914760744,1.357622666045742,27.25,-1.145984733077086,0.1272201870527304,0.05906894101886286,1.0520592836603688,0.09179023375531435
Biased guidance,0.43432388914760744,1.357622666045742,27.3,-1.1459847327780852,0.1272201837717917,0.05906894056547938,1.0527654148767658,0.09179023380516664
Biased guidance,0.43432388914760744,1.357622666045742,27.35,-1.1459847324902843,0.12722018061115684,0.05906894013101538,1.0534715460935395,0.09179023385315156
Biased guidance,0.43432388914760744,1.357622666045742,27.400000000000002,-1.1459847322132428,0.1272201775666151,0.059068939714751814,1.0541776773106768,0.09179023389934259
Biased guidance,0.43432388914760744,1.357622666045742,27.450000000000003,-1.145984731946535,0.12722017463412985,0.059068939316006035,1.0548838085281642,0.09179023394381064
Biased guidance,0.43432388914760744,1.357622666045742,27.5,-1.1459847316897496,0.12722017180982292,0.059068938934127346,1.055589939745989,0.09179023398662438
Biased guidance,0.43432388914760744,1.357622666045742,27.55,-1.1459847314424898,0.12722016908995754,0.05906893856849194,1.0562960709641391,0.0917902340278499
Biased guidance,0.43432388914760744,1.357622666045742,27.6,-1.1459847312043754,0.12722016647091858,0.05906893821849713,1.0570022021826027,0.09179023406755062
Biased guidance,0.43432388914760744,1.357622666045742,27.650000000000002,-1.1459847309750426,0.12722016394919117,0.059068937883554856,1.0577083334013684,0.09179023410578717
Biased guidance,0.43432388914760744,1.357622666045742,27.700000000000003,-1.1459847307541469,0.1272201615213365,0.05906893756308438,1.0584144646204252,0.09179023414261703
Biased guidance,0.43432388914760744,1.357622666045742,27.75,-1.1459847305413635,0.12722015918396537,0.05906893725650415,1.0591205958397623,0.0917902341780943
Biased guidance,0.43432388914760744,1.357622666045742,27.8,-1.1459847303363904,0.12722015693370878,0.05906893696322279,1.059826727059369,0.09179023421226938
Biased guidance,0.43432388914760744,1.357622666045742,27.85,-1.14598473013895,0.12722015476718598,0.059068936682629074,1.060532858279235,0.09179023424518852
Biased guidance,0.43432388914760744,1.357622666045742,27.900000000000002,-1.1459847299487935,0.1272201526809692,0.05906893641408103,1.0612389894993501,0.09179023427689324
Biased guidance,0.43432388914760744,1.357622666045742,27.950000000000003,-1.1459847297657015,0.12722015067154557,0.05906893615689387,1.0619451207197037,0.09179023430742009
Biased guidance,0.43432388914760744,1.357622666045742,28.0,-1.14598472958949,0.1272201487352753,0.05906893591032693,1.0626512519402855,0.09179023433679975
Biased guidance,0.43432388914760744,1.357622666045742,28.05,-1.1459847294200134,0.12722014686834676,0.05906893567356938,1.063357383161085,0.09179023436505653
Biased guidance,0.43432388914760744,1.357622666045742,28.1,-1.1459847292580807,0.127220145067853,0.05906893544610536,1.0640635143821022,0.0917902343920555
Biased guidance,0.43432388914760744,1.357622666045742,28.150000000000002,-1.1459847291049963,0.12722014333357007,0.05906893522828977,1.0647696456033484,0.0917902344175792
Biased guidance,0.43432388914760744,1.357622666045742,28.200000000000003,-1.1459847289587144,0.12722014166304377,0.059068935019688795,1.0654757768248004,0.09179023444196871
Biased guidance,0.43432388914760744,1.357622666045742,28.25,-1.1459847288176608,0.127220140053796,0.059068934819854535,1.0661819080464388,0.09179023446548652
Biased guidance,0.43432388914760744,1.357622666045742,28.3,-1.145984728680826,0.1272201385034954,0.05906893462838245,1.0668880392682492,0.09179023448830093
Biased guidance,0.43432388914760744,1.357622666045742,28.35,-1.1459847285476554,0.1272201370099417,0.059068934444905206,1.0675941704902219,0.0917902345105044
Biased guidance,0.43432388914760744,1.357622666045742,28.400000000000002,-1.1459847284179483,0.12722013557105175,0.05906893426908709,1.0683003017123502,0.09179023453213041
Biased guidance,0.43432388914760744,1.357622666045742,28.450000000000003,-1.1459847282917706,0.12722013418484668,0.05906893410061898,1.06900643293463,0.09179023455316797
Biased guidance,0.43432388914760744,1.357622666045742,28.5,-1.1459847281693751,0.12722013284944053,0.05906893393921388,1.0697125641570593,0.09179023457357491
Biased guidance,0.43432388914760744,1.357622666045742,28.55,-1.1459847280511346,0.1272201315630299,0.059068933784603,1.070418695379637,0.0917902345932891
Biased guidance,0.43432388914760744,1.357622666045742,28.6,-1.1459847279374822,0.1272201303238848,0.05906893363653227,1.0711248266023627,0.09179023461223833
Biased guidance,0.43432388914760744,1.357622666045742,28.650000000000002,-1.145984727828861,0.12722012913034078,0.059068933494759376,1.0718309578252365,0.09179023463034867
Biased guidance,0.43432388914760744,1.357622666045742,28.700000000000003,-1.145984727725683,0.12722012798079177,0.05906893335905121,1.072537089048258,0.09179023464755152
Biased guidance,0.43432388914760744,1.357622666045742,28.75,-1.1459847276282942,0.1272201268736842,0.05906893322918174,1.0732432202714266,0.0917902346637891
Biased guidance,0.43432388914760744,1.357622666045742,28.8,-1.1459847275369501,0.1272201258075118,0.05906893310493027,1.0739493514947414,0.09179023467901887
Biased guidance,0.43432388914760744,1.357622666045742,28.85,-1.1459847274517947,0.12722012478081143,0.059068932986080076,1.0746554827181998,0.0917902346932168
Biased guidance,0.43432388914760744,1.357622666045742,28.900000000000002,-1.1459847273728476,0.1272201237921596,0.059068932872417344,1.0753616139417987,0.0917902347063796
Biased guidance,0.43432388914760744,1.357622666045742,28.950000000000003,-1.1459847272999972,0.1272201228401699,0.05906893276373049,1.0760677451655343,0.09179023471852592
Biased guidance,0.43432388914760744,1.357622666045742,29.0,-1.1459847272329988,0.12722012192349072,0.0590689326598097,1.0767738763894008,0.09179023472969654
Biased guidance,0.43432388914760744,1.357622666045742,29.05,-1.1459847271714778,0.1272201210408041,0.059068932560446756,1.0774800076133924,0.0917902347399539
Biased guidance,0.43432388914760744,1.357622666045742,29.1,-1.145984727114937,0.12722012019082485,0.05906893246543511,1.0781861388375014,0.09179023474938093
Biased guidance,0.43432388914760744,1.357622666045742,29.150000000000002,-1.145984727062768,0.12722011937230007,0.05906893237457016,1.0788922700617198,0.09179023475807904
Biased guidance,0.43432388914760744,1.357622666045742,29.200000000000003,-1.1459847270142667,0.12722011858400947,0.059068932287649686,1.0795984012860391,0.09179023476616566
Biased guidance,0.43432388914760744,1.357622666045742,29.25,-1.1459847269686498,0.12722011782476572,0.059068932204474484,1.080304532510449,0.09179023477377132
Biased guidance,0.43432388914760744,1.357622666045742,29.3,-1.1459847269250765,0.1272201170934154,0.05906893212484913,1.0810106637349404,0.0917902347810363
Biased guidance,0.43432388914760744,1.357622666045742,29.35,-1.1459847268826693,0.12722011638883995,0.05906893204858279,1.0817167949595026,0.09179023478810683
Biased guidance,0.43432388914760744,1.357622666045742,29.400000000000002,-1.1459847268405379,0.12722011570995717,0.0590689319754902,1.0824229261841256,0.09179023479513139
Biased guidance,0.43432388914760744,1.357622666045742,29.450000000000003,-1.145984726797804,0.12722011505572245,0.05906893190539266,1.0831290574087993,0.09179023480225637
Biased guidance,0.43432388914760744,1.357622666045742,29.5,-1.1459847267536258,0.1272201144251305,0.05906893183811902,1.0838351886335142,0.09179023480962219
Biased guidance,0.43432388914760744,1.357622666045742,29.55,-1.1459847267072223,0.1272201138172169,0.05906893177350672,1.0845413198582612,0.09179023481735904
Biased guidance,0.43432388914760744,1.357622666045742,29.6,-1.145984726657898,0.12722011323105953,0.05906893171140285,1.0852474510830326,0.09179023482558285
Biased guidance,0.43432388914760744,1.357622666045742,29.650000000000002,-1.145984726605066,0.12722011266578018,0.059068931651665026,1.0859535823078206,0.0917902348343915
Biased guidance,0.43432388914760744,1.357622666045742,29.700000000000003,-1.1459847265482692,0.12722011212054582,0.059068931594162315,1.08665971353262,0.09179023484386122
Biased guidance,0.43432388914760744,1.357622666045742,29.75,-1.1459847264871998,0.12722011159456972,0.059068931538776036,1.087365844757426,0.09179023485404328
Biased guidance,0.43432388914760744,1.357622666045742,29.8,-1.145984726421716,0.1272201110871123,0.059068931485400385,1.0880719759822357,0.09179023486496136
Biased guidance,0.43432388914760744,1.357622666045742,29.85,-1.1459847263518557,0.1272201105974816,0.059068931433942984,1.0887781072070477,0.09179023487660916
Biased guidance,0.43432388914760744,1.357622666045742,29.900000000000002,-1.1459847262778475,0.12722011012503356,0.059068931384325195,1.089484238431863,0.09179023488894851
Biased guidance,0.43432388914760744,1.357622666045742,29.950000000000003,-1.1459847262001155,0.12722010966917174,0.059068931336482236,1.0901903696566835,0.09179023490190873
Biased guidance,0.43432388914760744,1.357622666045742,30.0,-1.1459847261192817,0.12722010922934635,0.059068931290363134,1.0908965008815132,0.09179023491538613
Biased guidance,0.43432388914760744,1.357622666045742,30.05,-1.145984726036162,0.12722010880505308,0.059068931245930344,1.0916026321063583,0.09179023492924464
Biased guidance,0.43432388914760744,1.357622666045742,30.1,-1.1459847259517573,0.12722010839583112,0.05906893120315912,1.0923087633312263,0.0917902349433174
Biased guidance,0.43432388914760744,1.357622666045742,30.150000000000002,-1.1459847258672384,0.1272201080012604,0.059068931162036604,1.0930148945561262,0.09179023495740918
Biased guidance,0.43432388914760744,1.357622666045742,30.200000000000003,-1.1459847257839242,0.12722010762095848,0.05906893112256055,1.0937210257810688,0.09179023497130014
Biased guidance,0.43432388914760744,1.357622666045742,30.25,-1.1459847257032523,0.12722010725457603,0.059068931084737715,1.0944271570060653,0.09179023498475053
Biased guidance,0.43432388914760744,1.357622666045742,30.3,-1.1459847256267435,0.12722010690179217,0.05906893104858184,1.0951332882311287,0.09179023499750681
Biased guidance,0.43432388914760744,1.357622666045742,30.35,-1.1459847255559565,0.12722010656230828,0.059068931014111266,1.095839419456271,0.09179023500930909
Biased guidance,0.43432388914760744,1.357622666045742,30.400000000000002,-1.1459847254924358,0.12722010623584126,0.05906893098134608,1.0965455506815058,0.09179023501989987
Biased guidance,0.43432388914760744,1.357622666045742,30.450000000000003,-1.1459847254376487,0.12722010592211552,0.05906893095030481,1.0972516819068445,0.0917902350290345
Biased guidance,0.43432388914760744,1.357622666045742,30.5,-1.1459847253929136,0.12722010562085406,0.05906893092100066,1.097957813132298,0.09179023503649317
Biased guidance,0.43432388914760744,1.357622666045742,30.55,-1.1459847253593196,0.12722010533176814,0.05906893089343719,1.0986639443578754,0.09179023504209428
Biased guidance,0.43432388914760744,1.357622666045742,30.6,-1.1459847253376323,0.12722010505454615,0.059068930867603474,1.099370075583582,0.0917902350457102
Biased guidance,0.43432388914760744,1.357622666045742,30.650000000000002,-1.145984725328192,0.12722010478884072,0.05906893084346876,1.1000762068094205,0.09179023504728416
Biased guidance,0.43432388914760744,1.357622666045742,30.700000000000003,-1.1459847253307984,0.12722010453425495,0.05906893082097641,1.1007823380353878,0.0917902350468496
Biased guidance,0.43432388914760744,1.357622666045742,30.75,-1.1459847253445827,0.127220104290327,0.05906893080003736,1.1014884692614757,0.09179023504455135
Biased guidance,0.43432388914760744,1.357622666045742,30.8,-1.1459847253678699,0.12722010405651335,0.05906893078052288,1.1021946004876684,0.09179023504066869
Biased guidance,0.43432388914760744,1.357622666045742,30.85,-1.1459847253980242,0.12722010383217042,0.059068930762256625,1.1029007317139417,0.09179023503564107
Biased guidance,0.43432388914760744,1.357622666045742,30.900000000000002,-1.1459847254312845,0.1272201036165348,0.05906893074500609,1.1036068629402611,0.0917902350300956
Biased guidance,0.43432388914760744,1.357622666045742,30.950000000000003,-1.1459847254625832,0.12722010340870182,0.0590689307284733,1.1043129941665812,0.09179023502487718
Biased guidance,0.43432388914760744,1.357622666045742,31.0,-1.1459847254853521,0.12722010320760235,0.05906893071228471,1.1050191253928423,0.09179023502108093
Biased guidance,0.43432388914760744,1.357622666045742,31.05,-1.1459847254913125,0.1272201030119779,0.059068930695980446,1.1057252566189706,0.09179023502008717
Biased guidance,0.43432388914760744,1.357622666045742,31.1,-1.1459847253508784,0.12722010281263,0.059068930674541276,1.1064313878438268,0.09179023504350167
Biased guidance,0.43432388914760744,1.357622666045742,31.150000000000002,-1.1459847247854063,0.12722010259137037,0.05906893063754999,1.1071375190649657,0.09179023513778262
Biased guidance,0.43432388914760744,1.357622666045742,31.200000000000003,-1.1459847240262306,0.12722010236370293,0.059068930593832766,1.107843650284419,0.09179023526435963
Biased guidance,0.43432388914760744,1.357622666045742,31.25,-1.1459847232692453,0.12722010214264529,0.05906893055083863,1.1085497815039056,0.09179023539057148
Biased guidance,0.43432388914760744,1.357622666045742,31.3,-1.145984722642906,0.12722010193665842,0.05906893051344372,1.1092559127245534,0.09179023549500076
Biased guidance,0.43432388914760744,1.357622666045742,31.35,-1.1459847222197486,0.12722010175042606,0.05906893048439075,1.1099620439469988,0.09179023556555363
Biased guidance,0.43432388914760744,1.357622666045742,31.400000000000002,-1.1459847220268768,0.12722010158556443,0.05906893046468944,1.110668175171479,0.09179023559771105
Biased guidance,0.43432388914760744,1.357622666045742,31.450000000000003,-1.1459847220554698,0.12722010144126547,0.0590689304539792,1.1113743063979165,0.09179023559294376
Biased guidance,0.43432388914760744,1.357622666045742,31.5,-1.1459847222693351,0.12722010131487585,0.05906893045085575,1.1120804376259927,0.09179023555728608
Biased guidance,0.43432388914760744,1.357622666045742,31.55,-1.1459847226125608,0.12722010120241434,0.05906893045316296,1.1127865688552163,0.0917902355000602
Biased guidance,0.43432388914760744,1.357622666045742,31.6,-1.145984723016291,0.12722010109903065,0.059068930458251595,1.1134927000849824,0.09179023543274645
Biased guidance,0.43432388914760744,1.357622666045742,31.650000000000002,-1.145984723404676,0.12722010099940767,0.05906893046320631,1.1141988313146243,0.09179023536799116
Biased guidance,0.43432388914760744,1.357622666045742,31.700000000000003,-1.1459847237000287,0.12722010089811048,0.05906893046504245,1.1149049625434593,0.09179023531874715
Biased guidance,0.43432388914760744,1.357622666045742,31.75,-1.1459847238272278,0.12722010078988416,0.05906893046087408,1.115611093770828,0.09179023529753928
Biased guidance,0.43432388914760744,1.357622666045742,31.8,-1.145984723717409,0.12722010066990344,0.059068930448054884,1.1163172249961246,0.09179023531584933
Biased guidance,0.43432388914760744,1.357622666045742,31.85,-1.1459847233109794,0.1272201005339766,0.059068930424293155,1.1170233562188259,0.09179023538361317
Biased guidance,0.43432388914760744,1.357622666045742,31.900000000000002,-1.1459847225599993,0.12722010037870637,0.05906893038774267,1.1177294874385104,0.09179023550882376
Biased guidance,0.43432388914760744,1.357622666045742,31.950000000000003,-1.1459847214299628,0.12722010020161056,0.05906893033707068,1.118435618654875,0.09179023569723428
Biased guidance,0.43432388914760744,1.357622666045742,32.0,-1.1459847199010251,0.1272201000012046,0.05906893027150467,1.119141749867745,0.09179023595215341
Biased guidance,0.43432388914760744,1.357622666045742,32.050000000000004,-1.1459847179687077,0.12722009977704932,0.05906893019085928,1.1198478810770807,0.09179023627432788
Biased guidance,0.43432388914760744,1.357622666045742,32.1,-1.1459847156441245,0.12722009952976604,0.059068930095544925,1.1205540122829794,0.09179023666190464
Biased guidance,0.43432388914760744,1.357622666045742,32.15,-1.1459847129537684,0.12722009926102196,0.05906892998655958,1.1212601434856735,0.09179023711046659
Biased guidance,0.43432388914760744,1.357622666045742,32.2,-1.1459847099388933,0.1272200989734881,0.059068929865465226,1.1219662746855252,0.09179023761313544
Biased guidance,0.43432388914760744,1.357622666045742,32.25,-1.1459847066545354,0.12722009867077297,0.05906892973435042,1.122672405883017,0.09179023816073505
Biased guidance,0.43432388914760744,1.357622666045742,32.300000000000004,-1.1459847031682089,0.12722009835733403,0.05906892959578053,1.1233785370787421,0.09179023874200883
Biased guidance,0.43432388914760744,1.357622666045742,32.35,-1.1459846995583176,0.12722009803837012,0.05906892945273705,1.1240846682733883,0.09179023934388449
Biased guidance,0.43432388914760744,1.357622666045742,32.4,-1.1459846959123192,0.12722009771969695,0.05906892930854754,1.1247907994677233,0.09179023995178026
Biased guidance,0.43432388914760744,1.357622666045742,32.45,-1.145984692324683,0.12722009740760876,0.05906892916680767,1.1254969306625766,0.09179024054994536
Biased guidance,0.43432388914760744,1.357622666045742,32.5,-1.1459846888946805,0.12722009710872864,0.059068929031296805,1.12620306185882,0.09179024112182825
Biased guidance,0.43432388914760744,1.357622666045742,32.550000000000004,-1.1459846857240439,0.12722009682984978,0.05906892890588868,1.126909193057346,0.09179024165046719
Biased guidance,0.43432388914760744,1.357622666045742,32.6,-1.1459846829145364,0.12722009657777109,0.05906892879445864,1.1276153242590483,0.09179024211889522
Biased guidance,0.43432388914760744,1.357622666045742,32.65,-1.1459846805654716,0.12722009635912884,0.05906892870078887,1.1283214554647987,0.09179024251055382
Biased guidance,0.43432388914760744,1.357622666045742,32.7,-1.145984678771218,0.12722009618022792,0.05906892862847321,1.1290275866754258,0.09179024280970897
Biased guidance,0.43432388914760744,1.357622666045742,32.75,-1.1459846776187326,0.1272200960468745,0.059068928580822966,1.1297337178916929,0.09179024300186239
Biased guidance,0.43432388914760744,1.357622666045742,32.800000000000004,-1.145984677185158,0.12722009596421346,0.059068928560775176,1.1304398491142773,0.0917902430741521
Biased guidance,0.43432388914760744,1.357622666045742,32.85,-1.1459846775355256,0.1272200959365727,0.05906892857080492,1.1311459803437496,0.09179024301573546
Biased guidance,0.43432388914760744,1.357622666045742,32.9,-1.1459846787206005,0.12722009596731715,0.05906892861284309,1.1318521115805558,0.09179024281814842
Biased guidance,0.43432388914760744,1.357622666045742,32.95,-1.145984680774911,0.1272200960587153,0.05906892868820109,1.132558242824999,0.09179024247563407
Biased guidance,0.43432388914760744,1.357622666045742,33.0,-1.145984683714997,0.12722009621182043,0.059068928797504056,1.1332643740772237,0.09179024198543476
Biased guidance,0.43432388914760744,1.357622666045742,33.050000000000004,-1.1459846875379198,0.12722009642636986,0.05906892894063389,1.1339705053372044,0.0917902413480404
Biased guidance,0.43432388914760744,1.357622666045742,33.1,-1.145984692220072,0.12722009670070408,0.05906892911668386,1.1346766366047336,0.09179024056738712
Biased guidance,0.43432388914760744,1.357622666045742,33.15,-1.145984697716324,0.12722009703170895,0.05906892932392601,1.1353827678794148,0.09179023965099932
Biased guidance,0.43432388914760744,1.357622666045742,33.2,-1.1459847039595485,0.1272200974147834,0.05906892955979296,1.1360888991606588,0.09179023861006907
Biased guidance,0.43432388914760744,1.357622666045742,33.25,-1.145984710860561,0.12722009784383545,0.05906892982087569,1.1367950304476817,0.09179023745946617
Biased guidance,0.43432388914760744,1.357622666045742,33.300000000000004,-1.1459847183085152,0.1272200983113087,0.059068930102938594,1.1375011617395108,0.0917902362176719
Biased guidance,0.43432388914760744,1.357622666045742,33.35,-1.1459847261717935,0.12722009880824262,0.05906893040095341,1.1382072930349894,0.09179023490663085
Biased guidance,0.43432388914760744,1.357622666045742,33.4,-1.1459847342994278,0.12722009932436867,0.05906893070915351,1.1389134243327923,0.09179023355151383
Biased guidance,0.43432388914760744,1.357622666045742,33.45,-1.145984742523096,0.1272200998482454,0.059068931021110084,1.1396195556314412,0.09179023218038516
Biased guidance,0.43432388914760744,1.357622666045742,33.5,-1.1459847506597258,0.1272201003674345,0.059068931329831466,1.1403256869293283,0.09179023082376836
Biased guidance,0.43432388914760744,1.357622666045742,33.550000000000004,-1.1459847585147511,0.12722010086872132,0.059068931627887476,1.1410318182247454,0.09179022951410341
Biased guidance,0.43432388914760744,1.357622666045742,33.6,-1.1459847658860551,0.12722010133838163,0.05906893190755991,1.1417379495159172,0.09179022828508908
Biased guidance,0.43432388914760744,1.357622666045742,33.65,-1.1459847725686432,0.12722010176249796,0.05906893216102083,1.1424440808010436,0.0917902271709041
Biased guidance,0.43432388914760744,1.357622666045742,33.7,-1.1459847783600812,0.12722010212732754,0.059068932380540215,1.1431502120783472,0.09179022620530017
Biased guidance,0.43432388914760744,1.357622666045742,33.75,-1.145984783066739,0.12722010241972503,0.05906893255872421,1.1438563433461273,0.0917902254205612
Biased guidance,0.43432388914760744,1.357622666045742,33.800000000000004,-1.1459847865108803,0.12722010262762234,0.05906893268878576,1.1445624746028233,0.09179022484632102
Biased guidance,0.43432388914760744,1.357622666045742,33.85,-1.1459847885386354,0.1272201027405682,0.05906893276484888,1.145268605847084,0.0917902245082343
Biased guidance,0.43432388914760744,1.357622666045742,33.9,-1.1459847890288957,0.12722010275033024,0.059068932782288176,1.1459747370778457,0.09179022442649343
Biased guidance,0.43432388914760744,1.357622666045742,33.95,-1.14598478790317,0.1272201026515623,0.05906893273810504,1.1466808682944194,0.09179022461418519
Biased guidance,0.43432388914760744,1.357622666045742,34.0,-1.145984785136443,0.1272201024425392,0.059068932631342094,1.1473869994965848,0.09179022507548035
Biased guidance,0.43432388914760744,1.357622666045742,34.050000000000004,-1.145984780769071,0.127220102125962,0.059068932463537206,1.148093130684697,0.09179022580365036
Biased guidance,0.43432388914760744,1.357622666045742,34.1,-1.145984774919757,0.12722010170983641,0.059068932239218795,1.1487992618597977,0.09179022677890393
Biased guidance,0.43432388914760744,1.357622666045742,34.15,-1.1459847677996426,0.12722010120842653,0.05906893196644366,1.1495053930237409,0.09179022796603746
Biased guidance,0.43432388914760744,1.357622666045742,34.2,-1.145984759727558,0.12722010064328712,0.05906893165737903,1.1502115241793265,0.09179022931189262
Biased guidance,0.43432388914760744,1.357622666045742,34.25,-1.145984751146465,0.12722010004437678,0.05906893132893022,1.1509176553304439,0.09179023074261457
Biased guidance,0.43432388914760744,1.357622666045742,34.300000000000004,-1.1459847426411345,0.12722009945125443,0.05906893100341535,1.1516237864822279,0.09179023216070466
Biased guidance,0.43432388914760744,1.357622666045742,34.35,-1.1459847349571,0.12722009891436223,0.05906893070928874,1.1523299176412252,0.09179023344186045
Biased guidance,0.43432388914760744,1.357622666045742,34.4,-1.1459847290209193,0.12722009849639732,0.05906893048191429,1.1530360488155718,0.09179023443159731
Biased guidance,0.43432388914760744,1.357622666045742,34.45,-1.1459847259617897,0.1272200982737748,0.059068930364390565,1.1537421800151832,0.09179023494164469
Biased guidance,0.43432388914760744,1.357622666045742,34.5,-1.1459847257485385,0.1272200982443655,0.05906893035552647,1.1544483112397856,0.09179023497719999
Biased guidance,0.43432388914760744,1.357622666045742,34.550000000000004,-1.1459847257259543,0.12722009822841546,0.0590689303539742,1.1551544424660638,0.09179023498096543
Biased guidance,0.43432388914760744,1.357622666045742,34.6,-1.145984725707715,0.12722009821328847,0.05906893035261979,1.1558605736923808,0.09179023498400647
Biased guidance,0.43432388914760744,1.357622666045742,34.65,-1.1459847256688167,0.1272200981972709,0.05906893035050708,1.1565667049185178,0.09179023499049195
Biased guidance,0.43432388914760744,1.357622666045742,34.7,-1.1459847256053164,0.12722009818007682,0.05906893034748412,1.1572728361444398,0.09179023500107934
Biased guidance,0.43432388914760744,1.357622666045742,34.75,-1.145984725526848,0.12722009816234114,0.05906893034391747,1.1579789673702312,0.09179023501416234
Biased guidance,0.43432388914760744,1.357622666045742,34.800000000000004,-1.1459847254504685,0.12722009814520233,0.05906893034045717,1.1586850985960422,0.09179023502689705
Biased guidance,0.43432388914760744,1.357622666045742,34.85,-1.1459847253957336,0.12722009812996882,0.05906893033784873,1.159391229822044,0.09179023503602299
Biased guidance,0.43432388914760744,1.357622666045742,34.9,-1.1459847253809032,0.12722009811786186,0.05906893033678823,1.1600973610483971,0.09179023503849565
Biased guidance,0.43432388914760744,1.357622666045742,34.95,-1.145984725420177,0.12722009810982818,0.05906893033781677,1.1608034922752262,0.09179023503194757
Biased guidance,0.43432388914760744,1.357622666045742,35.0,-1.1459847255218594,0.12722009810641555,0.0590689303412504,1.1615096235026041,0.09179023501499409
Biased guidance,0.43432388914760744,1.357622666045742,35.050000000000004,-1.145984725687355,0.1272200981077048,0.059068930347141745,1.1622157547305434,0.09179023498740108
Biased guidance,0.43432388914760744,1.357622666045742,35.1,-1.145984725910894,0.1272200981132911,0.05906893035526954,1.1629218859589932,0.09179023495013051
Biased guidance,0.43432388914760744,1.357622666045742,35.15,-1.1459847261798872,0.127220098122308,0.05906893036515218,1.1636280171878426,0.09179023490528138
Biased guidance,0.43432388914760744,1.357622666045742,35.2,-1.145984726475813,0.12722009813348759,0.05906893037608153,1.1643341484169294,0.0917902348559418
Biased guidance,0.43432388914760744,1.357622666045742,35.25,-1.1459847267755314,0.12722009814524946,0.05906893038717323,1.1650402796460502,0.09179023480596989
Biased guidance,0.43432388914760744,1.357622666045742,35.300000000000004,-1.1459847270529324,0.1272200981558124,0.05906893039742947,1.1657464108749755,0.09179023475971892
Biased guidance,0.43432388914760744,1.357622666045742,35.35,-1.1459847272808117,0.12722009816332147,0.059068930405810745,1.1664525421034668,0.09179023472172472
Biased guidance,0.43432388914760744,1.357622666045742,35.4,-1.1459847274328787,0.1272200981659841,0.05906893041131244,1.1671586733312929,0.09179023469637065
Biased guidance,0.43432388914760744,1.357622666045742,35.45,-1.1459847274857942,0.1272200981622081,0.059068930413042696,1.1678648045582491,0.09179023468754807
Biased guidance,0.43432388914760744,1.357622666045742,35.5,-1.1459847274211394,0.12722009815073515,0.05906893041029755,1.1685709357841734,0.09179023469832794
Biased guidance,0.43432388914760744,1.357622666045742,35.550000000000004,-1.1459847272272157,0.12722009813076257,0.05906893040262967,1.169277067008963,0.09179023473066077
Biased guidance,0.43432388914760744,1.357622666045742,35.6,-1.1459847269005747,0.12722009810204718,0.059068930389906765,1.1699831982325877,0.09179023478512147
Biased guidance,0.43432388914760744,1.357622666045742,35.65,-1.1459847264471799,0.1272200980649839,0.05906893037235598,1.1706893294551,0.09179023486071579
Biased guidance,0.43432388914760744,1.357622666045742,35.7,-1.1459847258830986,0.12722009802065265,0.059068930350590264,1.1713954606766408,0.09179023495476482
Biased guidance,0.43432388914760744,1.357622666045742,35.75,-1.1459847252346262,0.12722009797082678,0.05906893032561314,1.172101591897441,0.09179023506288435
Biased guidance,0.43432388914760744,1.357622666045742,35.800000000000004,-1.1459847245377404,0.12722009791793598,0.05906893029879786,1.1728077231178164,0.09179023517907584
Biased guidance,0.43432388914760744,1.357622666045742,35.85,-1.1459847238367868,0.12722009786497734,0.05906893027183724,1.1735138543381567,0.09179023529594552
Biased guidance,0.43432388914760744,1.357622666045742,35.9,-1.145984723182297,0.12722009781536742,0.05906893024666028,1.1742199855589053,0.09179023540506832
Biased guidance,0.43432388914760744,1.357622666045742,35.95,-1.1459847226278368,0.12722009777272858,0.05906893022531188,1.1749261167805327,0.09179023549751325
Biased guidance,0.43432388914760744,1.357622666045742,36.0,-1.1459847222257862,0.1272200977406032,0.0590689302097917,1.175632248003499,0.09179023556454698
Biased guidance,0.43432388914760744,1.357622666045742,36.050000000000004,-1.1459847220219515,0.1272200977220884,0.05906893020184837,1.1763383792282063,0.09179023559853225
Biased guidance,0.43432388914760744,1.357622666045742,36.1,-1.145984722048909,0.12722009771938506,0.0590689302027254,1.1770445104549403,0.09179023559403764
Biased guidance,0.43432388914760744,1.357622666045742,36.15,-1.1459847223179793,0.12722009773325396,0.05906893021285468,1.1777506416838008,0.09179023554917565
Biased guidance,0.43432388914760744,1.357622666045742,36.2,-1.1459847228097348,0.12722009776237256,0.059068930231494045,1.1784567729146174,0.09179023546718547
Biased guidance,0.43432388914760744,1.357622666045742,36.25,-1.1459847234629392,0.12722009780258545,0.05906893025630492,1.1791629041468517,0.09179023535827698
Biased guidance,0.43432388914760744,1.357622666045742,36.300000000000004,-1.1459847241618166,0.12722009784604166,0.05906893028286624,1.1798690353794874,0.09179023524175343
Biased guidance,0.43432388914760744,1.357622666045742,36.35,-1.1459847247215562,0.1272200978802125,0.05906893030412094,1.1805751666109017,0.0917902351484283
Biased guidance,0.43432388914760744,1.357622666045742,36.4,-1.1459847248964337,0.1272200978884418,0.05906893031068607,1.1812812978389367,0.09179023511927105
Biased guidance,0.43432388914760744,1.357622666045742,36.45,-1.1459847249057318,0.12722009788558378,0.05906893031093439,1.1819874290655181,0.09179023511772079
Biased guidance,0.43432388914760744,1.357622666045742,36.5,-1.145984724908825,0.12722009788243313,0.059068930310951125,1.1826935602920452,0.09179023511720504
Biased guidance,0.43432388914760744,1.357622666045742,36.550000000000004,-1.145984724914685,0.12722009787959312,0.0590689303110786,1.183399691518597,0.091790235116228
Biased guidance,0.43432388914760744,1.357622666045742,36.6,-1.1459847249263817,0.12722009787726726,0.059068930311433794,1.1841058227452,0.09179023511427783
Biased guidance,0.43432388914760744,1.357622666045742,36.65,-1.1459847249429957,0.1272200978753889,0.05906893031198138,1.1848119539718465,0.09179023511150777
Biased guidance,0.43432388914760744,1.357622666045742,36.7,-1.1459847249612094,0.12722009787372904,0.059068930312594435,1.1855180851985074,0.09179023510847102
Biased guidance,0.43432388914760744,1.357622666045742,36.75,-1.1459847249765949,0.12722009787198363,0.0590689303131037,1.1862242164251435,0.09179023510590581
Biased guidance,0.43432388914760744,1.357622666045742,36.800000000000004,-1.1459847249846307,0.1272200978698424,0.05906893031333633,1.1869303476517157,0.091790235104566
Biased guidance,0.43432388914760744,1.357622666045742,36.85,-1.1459847249814619,0.1272200978670404,0.05906893031314493,1.1876364788781892,0.09179023510509433
Biased guidance,0.43432388914760744,1.357622666045742,36.9,-1.145984724964433,0.12722009786339408,0.05906893031242793,1.1883426101045416,0.09179023510793353
Biased guidance,0.43432388914760744,1.357622666045742,36.95,-1.1459847249324149,0.12722009785882343,0.05906893031114204,1.1890487413307624,0.09179023511327192
Biased guidance,0.43432388914760744,1.357622666045742,37.0,-1.1459847248859478,0.12722009785336177,0.059068930309307724,1.1897548725568565,0.09179023512101935
Biased guidance,0.43432388914760744,1.357622666045742,37.050000000000004,-1.145984724827228,0.12722009784715463,0.059068930307008674,1.1904610037828431,0.09179023513080971
Biased guidance,0.43432388914760744,1.357622666045742,37.1,-1.1459847247599557,0.12722009784044963,0.05906893030438604,1.191167135008755,0.09179023514202596
Biased guidance,0.43432388914760744,1.357622666045742,37.15,-1.1459847246890744,0.1272200978335788,0.059068930301628436,1.1918732662346352,0.09179023515384398
Biased guidance,0.43432388914760744,1.357622666045742,37.2,-1.1459847246204176,0.12722009782693447,0.059068930298958454,1.1925793974605352,0.09179023516529111
Biased guidance,0.43432388914760744,1.357622666045742,37.25,-1.1459847245602937,0.12722009782094135,0.05906893029661685,1.19328552868651,0.09179023517531554
Biased guidance,0.43432388914760744,1.357622666045742,37.300000000000004,-1.1459847245150265,0.12722009781602522,0.059068930294844946,1.1939916599126157,0.0917902351828629
Biased guidance,0.43432388914760744,1.357622666045742,37.35,-1.1459847244904784,0.12722009781258078,0.05906893029386648,1.1946977911389034,0.0917902351869558
Biased guidance,0.43432388914760744,1.357622666045742,37.4,-1.1459847244915784,0.12722009781093951,0.05906893029386954,1.1954039223654165,0.0917902351867724
Biased guidance,0.43432388914760744,1.357622666045742,37.45,-1.145984724521878,0.1272200978113397,0.059068930294989636,1.196110053592186,0.09179023518172057
Biased guidance,0.43432388914760744,1.357622666045742,37.5,-1.1459847245831594,0.12722009781389976,0.0590689302972947,1.1968161848192278,0.09179023517150314
Biased guidance,0.43432388914760744,1.357622666045742,37.550000000000004,-1.145984724675119,0.12722009781859692,0.059068930300773044,1.1975223160465391,0.09179023515617077
Biased guidance,0.43432388914760744,1.357622666045742,37.6,-1.1459847247951473,0.12722009782525223,0.05906893030532495,1.1982284472740972,0.09179023513615849
Biased guidance,0.43432388914760744,1.357622666045742,37.65,-1.1459847249382353,0.1272200978335242,0.059068930310759056,1.1989345785018575,0.09179023511230149
Biased guidance,0.43432388914760744,1.357622666045742,37.7,-1.1459847250970217,0.12722009784291208,0.059068930316794194,1.1996407097297561,0.09179023508582711
Biased guidance,0.43432388914760744,1.357622666045742,37.75,-1.145984725262011,0.12722009785277053,0.059068930323067724,1.2003468409577092,0.09179023505831849
Biased guidance,0.43432388914760744,1.357622666045742,37.800000000000004,-1.1459847254219842,0.1272200978623375,0.05906893032915119,1.2010529721856182,0.09179023503164624
Biased guidance,0.43432388914760744,1.357622666045742,37.85,-1.1459847255646243,0.12722009787077668,0.05906893033457423,1.2017591034133752,0.09179023500786392
Biased guidance,0.43432388914760744,1.357622666045742,37.9,-1.1459847256773819,0.12722009787723593,0.05906893033885757,1.20246523464087,0.09179023498906388
Biased guidance,0.43432388914760744,1.357622666045742,37.95,-1.1459847257486016,0.1272200978809239,0.059068930341556115,1.2031713658679999,0.09179023497718945
Biased guidance,0.43432388914760744,1.357622666045742,38.0,-1.1459847257689357,0.12722009788120558,0.059068930342312885,1.203877497094683,0.09179023497379915
Biased guidance,0.43432388914760744,1.357622666045742,38.050000000000004,-1.145984725733067,0.1272200978777192,0.059068930340924794,1.204583628320873,0.09179023497977952
Biased guidance,0.43432388914760744,1.357622666045742,38.1,-1.1459847256417648,0.12722009787051533,0.05906893033742113,1.2052897595465761,0.0917902349950023
Biased guidance,0.43432388914760744,1.357622666045742,38.15,-1.1459847255042948,0.12722009786022045,0.059068930332155656,1.205995890771874,0.09179023501792263
Biased guidance,0.43432388914760744,1.357622666045742,38.2,-1.1459847253412114,0.12722009784822594,0.059068930325913156,1.2067020219969469,0.09179023504511345
Biased guidance,0.43432388914760744,1.357622666045742,38.25,-1.1459847251875526,0.1272200978369046,0.05906893032003142,1.2074081532221026,0.09179023507073292
Biased guidance,0.43432388914760744,1.357622666045742,38.300000000000004,-1.1459847250964579,0.1272200978298559,0.05906893031653946,1.2081142844478079,0.0917902350859211
Biased guidance,0.43432388914760744,1.357622666045742,38.35,-1.1459847251114157,0.12722009783002539,0.059068930317097736,1.2088204156744444,0.0917902350834272
Biased guidance,0.43432388914760744,1.357622666045742,38.400000000000006,-1.1459847251757385,0.12722009783357083,0.05906893031954172,1.2095265469015146,0.09179023507270269
Biased guidance,0.43432388914760744,1.357622666045742,38.45,-1.1459847252454223,0.12722009783750932,0.05906893032219115,1.210232678128632,0.09179023506108433
Biased guidance,0.43432388914760744,1.357622666045742,38.5,-1.145984725295903,0.1272200978401753,0.05906893032410803,1.2109388093555806,0.0917902350526677
Biased guidance,0.43432388914760744,1.357622666045742,38.550000000000004,-1.1459847253167748,0.12722009784086258,0.05906893032489501,1.2116449405822693,0.09179023504918776
Biased guidance,0.43432388914760744,1.357622666045742,38.6,-1.1459847253081017,0.12722009783957453,0.05906893032455449,1.2123510718086987,0.09179023505063381
Biased guidance,0.43432388914760744,1.357622666045742,38.650000000000006,-1.1459847252772184,0.12722009783680716,0.05906893032336651,1.2130572030349331,0.09179023505578297
Biased guidance,0.43432388914760744,1.357622666045742,38.7,-1.1459847252359927,0.1272200978333637,0.05906893032178419,1.2137633342610767,0.09179023506265652
Biased guidance,0.43432388914760744,1.357622666045742,38.75,-1.145984725198522,0.1272200978301985,0.05906893032034577,1.2144694654872534,0.09179023506890399
Biased guidance,0.43432388914760744,1.357622666045742,38.800000000000004,-1.1459847251792366,0.1272200978282885,0.05906893031960224,1.2151755967135898,0.09179023507211945
Biased guidance,0.43432388914760744,1.357622666045742,38.85,-1.1459847251913828,0.12722009782853047,0.05906893032005935,1.2158817279402023,0.0917902350700943
Biased guidance,0.43432388914760744,1.357622666045742,38.900000000000006,-1.1459847252458562,0.12722009783166183,0.059068930322133104,1.2165878591671864,0.09179023506101198
Biased guidance,0.43432388914760744,1.357622666045742,38.95,-1.14598472535036,0.12722009783820384,0.059068930326117625,1.21729399039461,0.09179023504358813
Biased guidance,0.43432388914760744,1.357622666045742,39.0,-1.1459847255088598,0.12722009784842447,0.05906893033216431,1.2180001216225076,0.0917902350171615
Biased guidance,0.43432388914760744,1.357622666045742,39.050000000000004,-1.1459847257213072,0.12722009786231966,0.059068930340271275,1.2187062528508792,0.09179023498174024
Biased guidance,0.43432388914760744,1.357622666045742,39.1,-1.145984725983605,0.1272200978796111,0.05906893035028205,1.2194123840796884,0.09179023493800745
Biased guidance,0.43432388914760744,1.357622666045742,39.150000000000006,-1.1459847262877847,0.1272200978997582,0.05906893036189237,1.2201185153088656,0.09179023488729168
Biased guidance,0.43432388914760744,1.357622666045742,39.2,-1.1459847266223737,0.12722009792198286,0.05906893037466414,1.2208246465383097,0.0917902348315058
Biased guidance,0.43432388914760744,1.357622666045742,39.25,-1.1459847269729182,0.1272200979453051,0.05906893038804545,1.2215307777678939,0.09179023477305966
Biased guidance,0.43432388914760744,1.357622666045742,39.300000000000004,-1.1459847273226382,0.12722009796858724,0.05906893040139556,1.2222369089974712,0.09179023471475099
Biased guidance,0.43432388914760744,1.357622666045742,39.35,-1.1459847276531878,0.1272200979905856,0.05906893041401395,1.22294304022688,0.0917902346596386
Biased guidance,0.43432388914760744,1.357622666045742,39.400000000000006,-1.1459847279454891,0.12722009801000686,0.05906893042517213,1.223649171455953,0.09179023461090334
Biased guidance,0.43432388914760744,1.357622666045742,39.45,-1.1459847281806164,0.12722009802556805,0.05906893043414745,1.2243553026845237,0.09179023457170066
Biased guidance,0.43432388914760744,1.357622666045742,39.5,-1.1459847283407016,0.12722009803605794,0.05906893044025764,1.2250614339124357,0.09179023454500972
Biased guidance,0.43432388914760744,1.357622666045742,39.550000000000004,-1.1459847284098326,0.12722009804039774,0.05906893044289509,1.2257675651395492,0.09179023453348355
Biased guidance,0.43432388914760744,1.357622666045742,39.6,-1.1459847283749172,0.1272200980376999,0.05906893044155988,1.2264736963657488,0.09179023453930497
Biased guidance,0.43432388914760744,1.357622666045742,39.650000000000006,-1.145984728226487,0.12722009802732231,0.059068930435890475,1.2271798275909518,0.09179023456405266
Biased guidance,0.43432388914760744,1.357622666045742,39.7,-1.145984727959411,0.12722009800891687,0.05906893042569094,1.2278859588151128,0.09179023460858213
Biased guidance,0.43432388914760744,1.357622666045742,39.75,-1.145984727573493,0.12722009798246986,0.05906893041095376,1.2285920900382303,0.0917902346729261
Biased guidance,0.43432388914760744,1.357622666045742,39.800000000000004,-1.1459847270739243,0.12722009794833264,0.05906893039187718,1.22929822126035,0.09179023475621896
Biased guidance,0.43432388914760744,1.357622666045742,39.85,-1.1459847264715668,0.1272200979072408,0.05906893036887591,1.230004352481567,0.09179023485664978
Biased guidance,0.43432388914760744,1.357622666045742,39.900000000000006,-1.1459847257830338,0.12722009786031968,0.059068930342584286,1.2307104837020273,0.09179023497144859
Biased guidance,0.43432388914760744,1.357622666045742,39.95,-1.1459847250305466,0.1272200978090747,0.0590689303138508,1.231416614921926,0.09179023509691046
Biased guidance,0.43432388914760744,1.357622666045742,40.0,-1.145984724241535,0.1272200977553642,0.059068930283722815,1.2321227461415039,0.09179023522846201
Biased guidance,0.43432388914760744,1.357622666045742,40.050000000000004,-1.145984723447958,0.1272200977013533,0.05906893025342061,1.2328288773610419,0.09179023536077477
Biased guidance,0.43432388914760744,1.357622666045742,40.1,-1.145984722685313,0.1272200976494471,0.05906893022429959,1.2335350085808514,0.09179023548793025
Biased guidance,0.43432388914760744,1.357622666045742,40.150000000000006,-1.1459847219913089,0.12722009760220046,0.05906893019779962,1.2342411398012638,0.09179023560364129
Biased guidance,0.43432388914760744,1.357622666045742,40.2,-1.1459847214041752,0.1272200975622036,0.05906893017538043,1.2349472710226146,0.09179023570153384
Biased guidance,0.43432388914760744,1.357622666045742,40.25,-1.1459847209605798,0.12722009753194075,0.0590689301584421,1.2356534022452257,0.0917902357754943
Biased guidance,0.43432388914760744,1.357622666045742,40.300000000000004,-1.145984720693124,0.12722009751362084,0.05906893014822947,1.2363595334693838,0.0917902358200871
Biased guidance,0.43432388914760744,1.357622666045742,40.35,-1.145984720627395,0.1272200975089774,0.05906893014571953,1.237065664695313,0.09179023583104606
Biased guidance,0.43432388914760744,1.357622666045742,40.400000000000006,-1.1459847207785396,0.12722009751903648,0.05906893015149065,1.2377717959231471,0.09179023580584578
Biased guidance,0.43432388914760744,1.357622666045742,40.45,-1.1459847211473393,0.1272200975438508,0.059068930165572645,1.238477927152892,0.09179023574435596
Biased guidance,0.43432388914760744,1.357622666045742,40.5,-1.1459847217157524,0.1272200975821976,0.05906893018727664,1.23918405838439,0.09179023564958469
Biased guidance,0.43432388914760744,1.357622666045742,40.550000000000004,-1.145984722441902,0.127220097631239,0.0590689302150036,1.2398901896172734,0.09179023552851408
Biased guidance,0.43432388914760744,1.357622666045742,40.6,-1.1459847232544766,0.12722009768614265,0.05906893024603062,1.2405963208509154,0.09179023539303384
Biased guidance,0.43432388914760744,1.357622666045742,40.650000000000006,-1.1459847240465204,0.12722009773966084,0.059068930276273746,1.2413024520843772,0.09179023526097672
Biased guidance,0.43432388914760744,1.357622666045742,40.7,-1.145984724668582,0.1272200977816664,0.05906893030002641,1.2420085833163463,0.09179023515726067
Biased guidance,0.43432388914760744,1.357622666045742,40.75,-1.1459847249215953,0.1272200977986702,0.05906893030968758,1.2427147145450748,0.09179023511507585
Biased guidance,0.43432388914760744,1.357622666045742,40.800000000000004,-1.145984724808159,0.12722009779084814,0.05906893030535648,1.2434208457705853,0.09179023513398905
Biased guidance,0.43432388914760744,1.357622666045742,40.85,-1.1459847245793646,0.1272200977752143,0.059068930296620664,1.244126976995083,0.09179023517213585
Biased guidance,0.43432388914760744,1.357622666045742,40.900000000000006,-1.14598472435968,0.12722009776020254,0.0590689302882327,1.2448331082196606,0.09179023520876378
Biased guidance,0.43432388914760744,1.357622666045742,40.95,-1.1459847242166779,0.12722009775039145,0.059068930282772776,1.2455392394449116,0.09179023523260645
Biased guidance,0.43432388914760744,1.357622666045742,41.0,-1.145984724174489,0.12722009774741597,0.05906893028116226,1.246245370671048,0.09179023523964058
Biased guidance,0.43432388914760744,1.357622666045742,41.050000000000004,-1.1459847242255643,0.12722009775076443,0.05906893028311291,1.246951501898003,0.09179023523112481
Biased guidance,0.43432388914760744,1.357622666045742,41.1,-1.1459847243408467,0.1272200977584677,0.05906893028751522,1.2476576331255222,0.09179023521190383
Biased guidance,0.43432388914760744,1.357622666045742,41.150000000000006,-1.145984724478437,0.12722009776768656,0.059068930292769335,1.2483637643532373,0.09179023518896348
Biased guidance,0.43432388914760744,1.357622666045742,41.2,-1.145984724590849,0.12722009777520313,0.059068930297062075,1.2490698955807311,0.09179023517022106
Biased guidance,0.43432388914760744,1.357622666045742,41.25,-1.1459847246309425,0.12722009777782303,0.05906893029859346,1.24977602680759,0.0917902351635363
Biased guidance,0.43432388914760744,1.357622666045742,41.300000000000004,-1.1459847245566266,0.12722009777269405,0.059068930295756335,1.2504821580334442,0.09179023517592694
Biased guidance,0.43432388914760744,1.357622666045742,41.35,-1.1459847243344246,0.12722009775754758,0.05906893028727242,1.2511882892579997,0.0917902352129746
Biased guidance,0.43432388914760744,1.357622666045742,41.400000000000006,-1.1459847239419896,0.1272200977308693,0.05906893027228845,1.2518944204810605,0.09179023527840512
Biased guidance,0.43432388914760744,1.357622666045742,41.45,-1.145984723369665,0.12722009769200476,0.05906893025043568,1.2526005517025416,0.09179023537382855
Biased guidance,0.43432388914760744,1.357622666045742,41.5,-1.1459847226211775,0.12722009764120634,0.059068930221856435,1.2533066829224757,0.09179023549862356
Biased guidance,0.43432388914760744,1.357622666045742,41.550000000000004,-1.1459847217135584,0.127220097579628,0.059068930187201,1.2540128141410127,0.09179023564995051
Biased guidance,0.43432388914760744,1.357622666045742,41.6,-1.1459847206763778,0.12722009750927332,0.05906893014759849,1.2547189453584118,0.09179023582287918
Biased guidance,0.43432388914760744,1.357622666045742,41.650000000000006,-1.14598471955039,0.12722009743290372,0.05906893010460501,1.255425076575031,0.09179023601061465
Biased guidance,0.43432388914760744,1.357622666045742,41.7,-1.1459847183856746,0.12722009735391254,0.05906893006013279,1.2561312077913103,0.09179023620480715
Biased guidance,0.43432388914760744,1.357622666045742,41.75,-1.1459847172393705,0.12722009727617145,0.05906893001636356,1.2568373390077512,0.09179023639592997
Biased guidance,0.43432388914760744,1.357622666045742,41.800000000000004,-1.1459847161730874,0.1272200972038551,0.05906892997564982,1.2575434702248947,0.0917902365737109
Biased guidance,0.43432388914760744,1.357622666045742,41.85,-1.1459847152500935,0.12722009714125046,0.059068929940407335,1.2582496014432967,0.09179023672760127
Biased guidance,0.43432388914760744,1.357622666045742,41.900000000000006,-1.1459847145323623,0.12722009709255688,0.05906892991300248,1.258955732663501,0.0917902368472683
Biased guidance,0.43432388914760744,1.357622666045742,41.95,-1.1459847140775774,0.12722009706168286,0.05906892989563779,1.2596618638860142,0.09179023692309438
Biased guidance,0.43432388914760744,1.357622666045742,42.0,-1.145984713936179,0.1272200970520463,0.059068929890239256,1.2603679951112794,0.0917902369466697
Biased guidance,0.43432388914760744,1.357622666045742,42.050000000000004,-1.1459847141485506,0.12722009706638343,0.05906892989834886,1.2610741263396512,0.09179023691126105
Biased guidance,0.43432388914760744,1.357622666045742,42.1,-1.145984714742431,0.1272200971065738,0.059068929921025734,1.261780257571373,0.09179023681224364
Biased guidance,0.43432388914760744,1.357622666045742,42.150000000000006,-1.1459847157306444,0.1272200971734864,0.05906892995875959,1.2624863888065576,0.09179023664747922
Biased guidance,0.43432388914760744,1.357622666045742,42.2,-1.145984717109244,0.12722009726685365,0.059068930011399706,1.2631925200451704,0.09179023641762586
Biased guidance,0.43432388914760744,1.357622666045742,42.25,-1.145984718856152,0.12722009738517948,0.059068930078103064,1.2638986512870172,0.09179023612636464
Biased guidance,0.43432388914760744,1.357622666045742,42.300000000000004,-1.1459847209303946,0.12722009752568741,0.05906893015730516,1.2646047825317386,0.09179023578052706
Biased guidance,0.43432388914760744,1.357622666045742,42.35,-1.1459847232720193,0.12722009768431497,0.0590689302467168,1.2653109137788077,0.09179023539010897
Biased guidance,0.43432388914760744,1.357622666045742,42.400000000000006,-1.1459847258027855,0.12722009785576047,0.0590689303433505,1.2660170450275379,0.0917902349681554
Biased guidance,0.43432388914760744,1.357622666045742,42.45,-1.1459847284277236,0.1272200980335886,0.05906893044357999,1.266723176277095,0.09179023453050059
Biased guidance,0.43432388914760744,1.357622666045742,42.5,-1.1459847310376454,0.1272200982104007,0.059068930543236114,1.2674293075265202,0.09179023409534944
Biased guidance,0.43432388914760744,1.357622666045742,42.550000000000004,-1.145984733512708,0.12722009837807602,0.059068930637742836,1.2681354387747612,0.0917902336826833
Biased guidance,0.43432388914760744,1.357622666045742,42.6,-1.1459847357271111,0.1272200985280902,0.0590689307222967,1.2688415700207132,0.0917902333134768
Biased guidance,0.43432388914760744,1.357622666045742,42.650000000000006,-1.1459847375550276,0.12722009865191708,0.059068930792093195,1.2695477012632714,0.09179023300870907
Biased guidance,0.43432388914760744,1.357622666045742,42.7,-1.145984738877854,0.1272200987415199,0.059068930842603624,1.2702538325013943,0.0917902327881548
Biased guidance,0.43432388914760744,1.357622666045742,42.75,-1.1459847395928713,0.1272200987899384,0.05906893086990586,1.27095996373418,0.09179023266894028
Biased guidance,0.43432388914760744,1.357622666045742,42.800000000000004,-1.1459847396234129,0.12722009879197746,0.059068930871072484,1.2716660949609553,0.0917902326638481
Biased guidance,0.43432388914760744,1.357622666045742,42.85,-1.1459847389306212,0.12722009874500406,0.0590689308446198,1.2723722261813786,0.09179023277935693
Biased guidance,0.43432388914760744,1.357622666045742,42.900000000000006,-1.1459847375268952,0.1272200986498583,0.05906893079102124,1.273078357395559,0.09179023301339959
Biased guidance,0.43432388914760744,1.357622666045742,42.95,-1.1459847354911104,0.12722009851188484,0.05906893071328852,1.2737844886041894,0.09179023335282512
Biased guidance,0.43432388914760744,1.357622666045742,43.0,-1.1459847329857074,0.1272200983420907,0.05906893061762419,1.2744906198086956,0.0917902337705499
Biased guidance,0.43432388914760744,1.357622666045742,43.050000000000004,-1.1459847302757404,0.12722009815843613,0.05906893051414891,1.2751967510114057,0.09179023422238151
Biased guidance,0.43432388914760744,1.357622666045742,43.1,-1.1459847277499742,0.12722009798726402,0.05906893041770701,1.2759028822157334,0.09179023464350146
Biased guidance,0.43432388914760744,1.357622666045742,43.150000000000006,-1.1459847259441212,0.12722009786487468,0.05906893034875384,1.2766090134263828,0.09179023494459056
Biased guidance,0.43432388914760744,1.357622666045742,43.2,-1.1459847254775695,0.1272200978332382,0.0590689303309397,1.2773151446487927,0.09179023502237853
Biased guidance,0.43432388914760744,1.357622666045742,43.25,-1.1459847256159914,0.127220097842596,0.05906893033622548,1.2780212758765153,0.0917902349992995
Biased guidance,0.43432388914760744,1.357622666045742,43.300000000000004,-1.1459847258288127,0.12722009785699595,0.05906893034435207,1.278727407104891,0.09179023496381589
Biased guidance,0.43432388914760744,1.357622666045742,43.35,-1.1459847259929823,0.1272200978681,0.05906893035062097,1.2794335383328395,0.09179023493644396
Biased guidance,0.43432388914760744,1.357622666045742,43.400000000000006,-1.145984726053813,0.12722009787220248,0.059068930352944034,1.2801396695598808,0.0917902349263017
Biased guidance,0.43432388914760744,1.357622666045742,43.45,-1.145984726006337,0.1272200978689667,0.05906893035113157,1.2808458007859707,0.09179023493421735
Biased guidance,0.43432388914760744,1.357622666045742,43.5,-1.1459847258793123,0.12722009786034136,0.059068930346281676,1.2815519320113622,0.09179023495539611
Biased guidance,0.43432388914760744,1.357622666045742,43.550000000000004,-1.1459847257217215,0.1272200978496455,0.05906893034026465,1.2822580632364853,0.09179023498167116
Biased guidance,0.43432388914760744,1.357622666045742,43.6,-1.1459847255915943,0.1272200978408112,0.05906893033529627,1.2829641944618495,0.09179023500336722
Biased guidance,0.43432388914760744,1.357622666045742,43.650000000000006,-1.1459847255470004,0.12722009783777333,0.05906893033359383,1.283670325687965,0.09179023501080233
Biased guidance,0.43432388914760744,1.357622666045742,43.7,-1.1459847256390454,0.12722009784399482,0.05906893033710873,1.2843764569152802,0.09179023499545572
Biased guidance,0.43432388914760744,1.357622666045742,43.75,-1.14598472590671,0.12722009786211697,0.05906893034732935,1.2850825881441374,0.09179023495082811
Biased guidance,0.43432388914760744,1.357622666045742,43.800000000000004,-1.1459847263733687,0.12722009789372368,0.05906893036514824,1.2857887193747424,0.0917902348730223
Biased guidance,0.43432388914760744,1.357622666045742,43.85,-1.1459847270448311,0.12722009793920855,0.0590689303907872,1.2864948506071456,0.09179023476106966
Biased guidance,0.43432388914760744,1.357622666045742,43.900000000000006,-1.1459847279087378,0.1272200979977341,0.05906893042377434,1.2872009818412387,0.09179023461703086
Biased guidance,0.43432388914760744,1.357622666045742,43.95,-1.1459847289351546,0.12722009806727194,0.05906893046296664,1.2879071130767588,0.09179023444589683
Biased guidance,0.43432388914760744,1.357622666045742,44.0,-1.145984730078199,0.12722009814471302,0.05906893050661218,1.2886132443133032,0.09179023425531753
Biased guidance,0.43432388914760744,1.357622666045742,44.050000000000004,-1.1459847312785407,0.12722009822603708,0.05906893055244551,1.2893193755503505,0.09179023405518506
Biased guidance,0.43432388914760744,1.357622666045742,44.1,-1.1459847324666121,0.12722009830653014,0.05906893059781032,1.29002550678729,0.09179023385709842
Biased guidance,0.43432388914760744,1.357622666045742,44.150000000000006,-1.1459847335663678,0.12722009838103926,0.05906893063980293,1.2907316380234544,0.09179023367373663
Biased guidance,0.43432388914760744,1.357622666045742,44.2,-1.1459847344994316,0.12722009844425364,0.05906893067543068,1.2914377692581547,0.09179023351816729
Biased guidance,0.43432388914760744,1.357622666045742,44.25,-1.1459847351894692,0.12722009849100077,0.05906893070177886,1.2921439004907211,0.09179023340311762
Biased guidance,0.43432388914760744,1.357622666045742,44.300000000000004,-1.1459847355666237,0.12722009851654711,0.059068930716180114,1.29285003172054,0.09179023334023481
Biased guidance,0.43432388914760744,1.357622666045742,44.35,-1.1459847355718553,0.127220098516892,0.05906893071638009,1.2935561629470929,0.09179023333936254
Biased guidance,0.43432388914760744,1.357622666045742,44.400000000000006,-1.1459847351610182,0.12722009848904417,0.05906893070069317,1.2942622941699922,0.09179023340786124
Biased guidance,0.43432388914760744,1.357622666045742,44.45,-1.1459847343085194,0.12722009843126933,0.05906893066814211,1.2949684253890132,0.091790233549998
Biased guidance,0.43432388914760744,1.357622666045742,44.5,-1.1459847330103923,0.12722009834329873,0.05906893061857545,1.295674556604121,0.09179023376643418
Biased guidance,0.43432388914760744,1.357622666045742,44.550000000000004,-1.145984731286625,0.12722009822648672,0.05906893055275643,1.296380687815491,0.09179023405383718
Biased guidance,0.43432388914760744,1.357622666045742,44.6,-1.1459847291825844,0.12722009808390744,0.05906893047241729,1.297086819023522,0.09179023440464296
Biased guidance,0.43432388914760744,1.357622666045742,44.650000000000006,-1.1459847267693697,0.12722009792037858,0.05906893038027283,1.2977929502288381,0.09179023480699722
Biased guidance,0.43432388914760744,1.357622666045742,44.7,-1.1459847241429364,0.12722009774240214,0.05906893027998697,1.2984990814322817,0.09179023524490133
Biased guidance,0.43432388914760744,1.357622666045742,44.75,-1.1459847214218288,0.12722009755801078,0.059068930176086124,1.299205212634894,0.09179023569859045
Biased guidance,0.43432388914760744,1.357622666045742,44.800000000000004,-1.145984718743359,0.12722009737650886,0.05906893007381332,1.2999113438378809,0.0917902361451706
Biased guidance,0.43432388914760744,1.357622666045742,44.85,-1.1459847162580703,0.12722009720809727,0.059068929978916815,1.3006174750425639,0.09179023655954173
Biased guidance,0.43432388914760744,1.357622666045742,44.900000000000006,-1.145984714122323,0.12722009706337112,0.05906892989736698,1.3013236062503164,0.09179023691563397
Biased guidance,0.43432388914760744,1.357622666045742,44.95,-1.1459847124888431,0.1272200969526792,0.0590689298349954,1.3020297374624794,0.09179023718798338
Biased guidance,0.43432388914760744,1.357622666045742,45.0,-1.145984711495069,0.12722009688533442,0.05906892979704991,1.30273586868026,0.09179023735367493
Biased guidance,0.43432388914760744,1.357622666045742,45.050000000000004,-1.1459847112491355,0.1272200968686641,0.059068929787659506,1.3034419999046072,0.09179023739467931
Biased guidance,0.43432388914760744,1.357622666045742,45.1,-1.1459847118133366,0.1272200969068893,0.059068929809202746,1.3041481311360685,0.0917902373006103
Biased guidance,0.43432388914760744,1.357622666045742,45.150000000000006,-1.1459847131848988,0.1272200969998221,0.05906892986157375,1.3048542623746195,0.09179023707193032
Biased guidance,0.43432388914760744,1.357622666045742,45.2,-1.1459847152739104,0.12722009714136998,0.05906892994133937,1.3055603936194706,0.09179023672363028
Biased guidance,0.43432388914760744,1.357622666045742,45.25,-1.1459847178782387,0.1272200973178363,0.0590689300407815,1.3062665248688468,0.09179023628941173
Biased guidance,0.43432388914760744,1.357622666045742,45.300000000000004,-1.1459847206552787,0.12722009750600582,0.05906893014681835,1.3069726561197397,0.09179023582639703
Biased guidance,0.43432388914760744,1.357622666045742,45.35,-1.1459847230903673,0.12722009767100467,0.05906893023979834,1.3076787873676297,0.09179023542039574
Biased guidance,0.43432388914760744,1.357622666045742,45.400000000000006,-1.145984724461704,0.1272200977639231,0.05906893029216071,1.3083849186061787,0.09179023519175333
Biased guidance,0.43432388914760744,1.357622666045742,45.45,-1.145984724479905,0.1272200977651522,0.0590689302928558,1.3090910498328454,0.09179023518871869
Biased guidance,0.43432388914760744,1.357622666045742,45.5,-1.1459847242452643,0.1272200977492487,0.05906893028389654,1.309797181057292,0.09179023522784024
Biased guidance,0.43432388914760744,1.357622666045742,45.550000000000004,-1.145984724001825,0.12722009773274914,0.05906893027460131,1.3105033122816612,0.09179023526842876
Biased guidance,0.43432388914760744,1.357622666045742,45.6,-1.1459847238571024,0.12722009772293885,0.05906893026907542,1.3112094435068973,0.09179023529255832
Biased guidance,0.43432388914760744,1.357622666045742,45.650000000000006,-1.1459847238466898,0.12722009772222964,0.05906893026867793,1.3119155747333129,0.0917902352942944
Biased guidance,0.43432388914760744,1.357622666045742,45.7,-1.1459847239553365,0.12722009772958814,0.05906893027282654,1.3126217059607739,0.09179023527617979
Biased guidance,0.43432388914760744,1.357622666045742,45.75,-1.1459847241349024,0.1272200977417523,0.05906893027968307,1.3133278371888577,0.09179023524624084
Biased guidance,0.43432388914760744,1.357622666045742,45.800000000000004,-1.145984724319385,0.12722009775424972,0.059068930286727335,1.3140339684169846,0.09179023521548213
Biased guidance,0.43432388914760744,1.357622666045742,45.85,-1.1459847244372174,0.127220097762231,0.059068930291226666,1.3147400996445262,0.09179023519583598
Biased guidance,0.43432388914760744,1.357622666045742,45.900000000000006,-1.1459847244210304,0.12722009776113116,0.05906893029060868,1.3154462308708912,0.09179023519853484
Biased guidance,0.43432388914760744,1.357622666045742,45.95,-1.1459847242150776,0.12722009774717272,0.05906893028274479,1.3161523620955895,0.09179023523287327
Biased guidance,0.43432388914760744,1.357622666045742,46.0,-1.1459847237805159,0.12722009771772372,0.05906893026615185,1.3168584933182805,0.09179023530532755
Biased guidance,0.43432388914760744,1.357622666045742,46.050000000000004,-1.1459847230987428,0.12722009767152356,0.05906893024011953,1.3175646245388009,0.09179023541899929
Biased guidance,0.43432388914760744,1.357622666045742,46.1,-1.14598472217298,0.12722009760879055,0.05906893020477085,1.3182707557571784,0.09179023557335134
Biased guidance,0.43432388914760744,1.357622666045742,46.150000000000006,-1.1459847210283043,0.12722009753122396,0.05906893016106334,1.3189768869736338,0.09179023576420262
Biased guidance,0.43432388914760744,1.357622666045742,46.2,-1.1459847197103208,0.12722009744191398,0.059068930110738355,1.3196830181885673,0.09179023598394945
Biased guidance,0.43432388914760744,1.357622666045742,46.25,-1.1459847182826728,0.12722009734517314,0.059068930056226,1.3203891494025377,0.0917902362219806
Biased guidance,0.43432388914760744,1.357622666045742,46.300000000000004,-1.1459847168235857,0.12722009724630207,0.05906893000051319,1.3210952806162322,0.09179023646525357
Biased guidance,0.43432388914760744,1.357622666045742,46.35,-1.1459847154216412,0.12722009715130309,0.05906892994698228,1.3218014118304282,0.0917902366989992
Biased guidance,0.43432388914760744,1.357622666045742,46.400000000000006,-1.1459847141709767,0.12722009706655502,0.059068929899227754,1.322507543045953,0.09179023690752196
Biased guidance,0.43432388914760744,1.357622666045742,46.45,-1.1459847131661076,0.12722009699846235,0.05906892986085852,1.3232136742636358,0.09179023707506337
Biased guidance,0.43432388914760744,1.357622666045742,46.5,-1.1459847124965667,0.1272200969530918,0.05906892983529325,1.3239198054842634,0.09179023718669563
Biased guidance,0.43432388914760744,1.357622666045742,46.550000000000004,-1.1459847122415578,0.12722009693581038,0.05906892982555621,1.3246259367085311,0.09179023722921315
Biased guidance,0.43432388914760744,1.357622666045742,46.6,-1.1459847124648201,0.127220096950937,0.05906892983408118,1.3253320679369986,0.09179023719198873
Biased guidance,0.43432388914760744,1.357622666045742,46.650000000000006,-1.1459847132098968,0.12722009700142226,0.05906892986253079,1.3260381991700483,0.0917902370677624
Biased guidance,0.43432388914760744,1.357622666045742,46.7,-1.1459847144960087,0.12722009708856852,0.059068929911638944,1.3267443304078488,0.09179023685332952
Biased guidance,0.43432388914760744,1.357622666045742,46.75,-1.145984716314723,0.1272200972118044,0.059068929981083665,1.3274504616503264,0.09179023655009605
Biased guidance,0.43432388914760744,1.357622666045742,46.800000000000004,-1.1459847186276189,0.12722009736852646,0.0590689300693979,1.3281565928971435,0.09179023616446788
Biased guidance,0.43432388914760744,1.357622666045742,46.85,-1.1459847213651413,0.1272200975540216,0.05906893017392582,1.3288627241476891,0.09179023570804193
Biased guidance,0.43432388914760744,1.357622666045742,46.900000000000006,-1.1459847244268422,0.12722009776148338,0.05906893029083197,1.3295688554010816,0.09179023519756585
Biased guidance,0.43432388914760744,1.357622666045742,46.95,-1.1459847276832043,0.1272200979821356,0.059068930415170924,1.3302749866561836,0.09179023465463398
Biased guidance,0.43432388914760744,1.357622666045742,47.0,-1.1459847309792417,0.12722009820547628,0.05906893054102483,1.3309811179116338,0.09179023410508706
Biased guidance,0.43432388914760744,1.357622666045742,47.050000000000004,-1.145984734140077,0.12722009841965565,0.05906893066171626,1.3316872491658966,0.09179023357808232
Biased guidance,0.43432388914760744,1.357622666045742,47.1,-1.1459847369786875,0.12722009861200084,0.059068930770104056,1.3323933804173302,0.09179023310480201
Biased guidance,0.43432388914760744,1.357622666045742,47.150000000000006,-1.1459847393060185,0.1272200987697014,0.05906893085896947,1.333099511664274,0.0917902327167671
Biased guidance,0.43432388914760744,1.357622666045742,47.2,-1.1459847409436583,0.127220098880668,0.05906893092150014,1.3338056429051615,0.09179023244372413
Biased guidance,0.43432388914760744,1.357622666045742,47.25,-1.145984741739273,0.12722009893457834,0.05906893095187944,1.3345117741386547,0.09179023231107164
Biased guidance,0.43432388914760744,1.357622666045742,47.300000000000004,-1.1459847415849949,0.1272200989241233,0.059068930945988626,1.3352179053638071,0.09179023233679436
Biased guidance,0.43432388914760744,1.357622666045742,47.35,-1.1459847404389627,0.12722009884646626,0.059068930902229276,1.3359240365802505,0.09179023252787182
Biased guidance,0.43432388914760744,1.357622666045742,47.400000000000006,-1.1459847383502066,0.12722009870492956,0.059068930822473546,1.3366301677884158,0.09179023287612922
Biased guidance,0.43432388914760744,1.357622666045742,47.45,-1.1459847354870782,0.12722009851092086,0.05906893071314967,1.3373362989897808,0.09179023335349738
Biased guidance,0.43432388914760744,1.357622666045742,47.5,-1.1459847321694183,0.12722009828611278,0.05906893058647023,1.3380424301871547,0.09179023390664941
Biased guidance,0.43432388914760744,1.357622666045742,47.550000000000004,-1.1459847289046585,0.1272200980648893,0.0590689304618107,1.3387485613849932,0.09179023445098142
Biased guidance,0.43432388914760744,1.357622666045742,47.6,-1.1459847264280554,0.12722009789707192,0.05906893036724565,1.3394546925897526,0.09179023486390442
Biased guidance,0.43432388914760744,1.357622666045742,47.650000000000006,-1.1459847256757494,0.12722009784609425,0.05906893033852009,1.3401608238096534,0.09179023498933607
Biased guidance,0.43432388914760744,1.357622666045742,47.7,-1.145984725878305,0.12722009785981878,0.059068930346254364,1.340866955037939,0.09179023495556408
Biased guidance,0.43432388914760744,1.357622666045742,47.75,-1.1459847262150367,0.1272200978826352,0.05906893035911194,1.341573086267403,0.09179023489942094
Biased guidance,0.43432388914760744,1.357622666045742,47.800000000000004,-1.1459847264861904,0.12722009790100805,0.059068930369465526,1.342279217496291,0.09179023485421157
Biased guidance,0.43432388914760744,1.357622666045742,47.85,-1.1459847265997736,0.1272200979087038,0.05906893037380253,1.3429853487237953,0.0917902348352739
Biased guidance,0.43432388914760744,1.357622666045742,47.900000000000006,-1.1459847265426226,0.12722009790483055,0.059068930371620344,1.3436914799498005,0.09179023484480266
Biased guidance,0.43432388914760744,1.357622666045742,47.95,-1.1459847263555416,0.12722009789215313,0.05906893036447698,1.3443976111746647,0.0917902348759946
Biased guidance,0.43432388914760744,1.357622666045742,48.0,-1.1459847261122587,0.12722009787566746,0.05906893035518765,1.3451037423990353,0.09179023491655706
Biased guidance,0.43432388914760744,1.357622666045742,48.050000000000004,-1.145984725901962,0.127220097861417,0.05906893034715783,1.3458098736236956,0.09179023495161974
Biased guidance,0.43432388914760744,1.357622666045742,48.1,-1.1459847258151632,0.12722009785553487,0.05906893034384359,1.3465160048494405,0.09179023496609166
Biased guidance,0.43432388914760744,1.357622666045742,48.150000000000006,-1.1459847259326492,0.12722009786349522,0.05906893034832962,1.3472221360769792,0.09179023494650328
Biased guidance,0.43432388914760744,1.357622666045742,48.2,-1.1459847263172696,0.12722009788955682,0.05906893036301573,1.3479282673068635,0.09179023488237568
Biased guidance,0.43432388914760744,1.357622666045742,48.25,-1.145984727008319,0.1272200979363823,0.059068930389402335,1.3486343985394387,0.09179023476715731
Biased guidance,0.43432388914760744,1.357622666045742,48.300000000000004,-1.1459847280182691,0.12722009800481676,0.059068930427965634,1.3493405297748142,0.09179023459876874
Biased guidance,0.43432388914760744,1.357622666045742,48.35,-1.145984729331599,0.12722009809380846,0.05906893047811299,1.3500466610128539,0.09179023437979782
Biased guidance,0.43432388914760744,1.357622666045742,48.400000000000006,-1.145984730905485,0.12722009820045566,0.059068930538209254,1.3507527922531817,0.09179023411738449
Biased guidance,0.43432388914760744,1.357622666045742,48.45,-1.1459847326721002,0.12722009832016234,0.059068930605664566,1.3514589234952015,0.09179023382283748
Biased guidance,0.43432388914760744,1.357622666045742,48.5,-1.1459847345422793,0.1272200984468866,0.059068930677074284,1.352165054738131,0.0917902335110233
Biased guidance,0.43432388914760744,1.357622666045742,48.550000000000004,-1.145984736410302,0.12722009857346475,0.059068930748401666,1.3528711859810416,0.0917902331995687
Biased guidance,0.43432388914760744,1.357622666045742,48.6,-1.1459847381595518,0.12722009869199477,0.059068930815193904,1.353577317222909,0.09179023290791702
Biased guidance,0.43432388914760744,1.357622666045742,48.650000000000006,-1.1459847396688014,0.12722009879426224,0.05906893087282213,1.3542834484626691,0.09179023265628047
Biased guidance,0.43432388914760744,1.357622666045742,48.7,-1.145984740818882,0.12722009887219216,0.05906893091673607,1.3549895796992752,0.09179023246452805
Biased guidance,0.43432388914760744,1.357622666045742,48.75,-1.1459847414994864,0.12722009891831007,0.05906893094272385,1.3556957109317587,0.09179023235105116
Biased guidance,0.43432388914760744,1.357622666045742,48.800000000000004,-1.145984741615868,0.12722009892619582,0.0590689309471677,1.3564018421592876,0.09179023233164692
Biased guidance,0.43432388914760744,1.357622666045742,48.85,-1.1459847410951798,0.12722009889091326,0.059068930927286094,1.3571079733812224,0.09179023241846102
Biased guidance,0.43432388914760744,1.357622666045742,48.900000000000006,-1.1459847398922176,0.12722009880939936,0.05906893088135298,1.357814104597166,0.09179023261903038
Biased guidance,0.43432388914760744,1.357622666045742,48.95,-1.1459847379943144,0.12722009868079576,0.05906893080888468,1.358520235807007,0.09179023293546697
Biased guidance,0.43432388914760744,1.357622666045742,49.0,-1.145984735425144,0.1272200985067066,0.05906893071078516,1.3592263670109535,0.09179023336382365
Biased guidance,0.43432388914760744,1.357622666045742,49.050000000000004,-1.1459847322471879,0.12722009829136569,0.059068930589440155,1.3599324982095542,0.09179023389368293
Biased guidance,0.43432388914760744,1.357622666045742,49.1,-1.1459847285626186,0.12722009804169632,0.05906893044875096,1.360638629403706,0.0917902345080096
Biased guidance,0.43432388914760744,1.357622666045742,49.150000000000006,-1.1459847245123542,0.12722009776724721,0.05906893029409831,1.361344760594647,0.09179023518330845
Biased guidance,0.43432388914760744,1.357622666045742,49.2,-1.145984720273039,0.1272200974799879,0.05906893013222706,1.3620508917839274,0.09179023589012766
Biased guidance,0.43432388914760744,1.357622666045742,49.25,-1.1459847160517045,0.12722009719394692,0.059068929971042364,1.3627570229733659,0.091790236593949
Biased guidance,0.43432388914760744,1.357622666045742,49.300000000000004,-1.1459847120778623,0.12722009692467626,0.05906892981930777,1.3634631541649778,0.09179023725650604
Biased guidance,0.43432388914760744,1.357622666045742,49.35,-1.1459847085927901,0.12722009668852502,0.059068929686236046,1.3641692853608816,0.09179023783757066
Biased guidance,0.43432388914760744,1.357622666045742,49.400000000000006,-1.1459847058357562,0.12722009650170618,0.05906892958096327,1.3648754165631785,0.09179023829724976
Biased guidance,0.43432388914760744,1.357622666045742,49.45,-1.1459847040269442,0.12722009637913956,0.05906892951189678,1.3655815477738018,0.09179023859883223
Biased guidance,0.43432388914760744,1.357622666045742,49.5,-1.1459847033468278,0.12722009633305417,0.05906892948592767,1.3662876789943366,0.09179023871222777
Biased guidance,0.43432388914760744,1.357622666045742,49.550000000000004,-1.1459847039117523,0.1272200963713337,0.059068929507498404,1.3669938102258044,0.09179023861803812
Biased guidance,0.43432388914760744,1.357622666045742,49.6,-1.1459847057454768,0.12722009649558802,0.059068929577516166,1.3676999414684134,0.09179023831230201
Biased guidance,0.43432388914760744,1.357622666045742,49.650000000000006,-1.145984708746429,0.12722009669893455,0.059068929692102604,1.3684060727212726,0.09179023781195451
Biased guidance,0.43432388914760744,1.357622666045742,49.7,-1.1459847126504317,0.12722009696347245,0.059068929841170535,1.3691122039820616,0.09179023716104179
Biased guidance,0.43432388914760744,1.357622666045742,49.75,-1.1459847169886508,0.12722009725743316,0.059068930006818295,1.3698183352466633,0.09179023643773235
Biased guidance,0.43432388914760744,1.357622666045742,49.800000000000004,-1.1459847210405207,0.12722009753199065,0.059068930161532286,1.3705244665087506,0.09179023576216579
Biased guidance,0.43432388914760744,1.357622666045742,49.85,-1.1459847237814034,0.1272200977177147,0.05906893026618838,1.371230597759326,0.09179023530517959
Biased guidance,0.43432388914760744,1.357622666045742,49.900000000000006,-1.1459847242224648,0.12722009774760118,0.059068930283029585,1.371936728989706,0.09179023523164159
Biased guidance,0.43432388914760744,1.357622666045742,49.95,-1.1459847238871068,0.1272200977248769,0.05906893027022449,1.372642860213268,0.0917902352875557
Biased guidance,0.43432388914760744,1.357622666045742,50.0,-1.1459847234595946,0.12722009769590822,0.059068930253900635,1.373348991436021,0.09179023535883463
Biased guidance,0.43432388914760744,1.357622666045742,50.050000000000004,-1.1459847231569693,0.127220097675402,0.05906893024234539,1.3740551226598705,0.09179023540929121
Biased guidance,0.43432388914760744,1.357622666045742,50.1,-1.1459847230682603,0.12722009766939085,0.059068930238958185,1.3747612538855987,0.09179023542408163
Biased guidance,0.43432388914760744,1.357622666045742,50.150000000000006,-1.145984723190149,0.12722009767764997,0.0590689302436123,1.375467385113176,0.09179023540375916
Biased guidance,0.43432388914760744,1.357622666045742,50.2,-1.14598472345751,0.12722009769576642,0.059068930253821046,1.3761735163420306,0.09179023535918218
Biased guidance,0.43432388914760744,1.357622666045742,50.25,-1.145984723769144,0.12722009771688286,0.05906893026572029,1.3768796475712741,0.09179023530722358
Biased guidance,0.43432388914760744,1.357622666045742,50.300000000000004,-1.1459847240090146,0.12722009773313656,0.059068930274879354,1.3775857787998875,0.09179023526723004
Biased guidance,0.43432388914760744,1.357622666045742,50.35,-1.145984724063304,0.12722009773681514,0.059068930276952314,1.3782919100268711,0.0917902352581784
Biased guidance,0.43432388914760744,1.357622666045742,50.400000000000006,-1.1459847238336052,0.12722009772125045,0.059068930268181635,1.3789980412513612,0.091790235296476
Biased guidance,0.43432388914760744,1.357622666045742,50.45,-1.1459847232465572,0.12722009768147155,0.05906893024576618,1.379704172472713,0.09179023539435426
Biased guidance,0.43432388914760744,1.357622666045742,50.5,-1.1459847222602484,0.12722009761463843,0.05906893020810558,1.380410303690559,0.0917902355588011
Biased guidance,0.43432388914760744,1.357622666045742,50.550000000000004,-1.1459847208676894,0.12722009752027752,0.059068930154933,1.3811164349048377,0.09179023579098188
Biased guidance,0.43432388914760744,1.357622666045742,50.6,-1.1459847190976826,0.12722009740034046,0.05906893008734819,1.381822566115802,0.09179023608609435
Biased guidance,0.43432388914760744,1.357622666045742,50.650000000000006,-1.1459847170133917,0.1272200972591073,0.059068930007762956,1.3825286973240063,0.09179023643360731
Biased guidance,0.43432388914760744,1.357622666045742,50.7,-1.1459847147089326,0.12722009710295534,0.059068929919770946,1.3832348285302773,0.09179023681782879
Biased guidance,0.43432388914760744,1.357622666045742,50.75,-1.1459847123042959,0.12722009694001532,0.05906892982795384,1.3839409597356684,0.09179023721875287
Biased guidance,0.43432388914760744,1.357622666045742,50.800000000000004,-1.145984709938919,0.12722009677973556,0.05906892973763579,1.3846470909414046,0.09179023761313114
Biased guidance,0.43432388914760744,1.357622666045742,50.85,-1.145984707764217,0.12722009663237607,0.059068929654598354,1.3853532221488152,0.09179023797571832
Biased guidance,0.43432388914760744,1.357622666045742,50.900000000000006,-1.14598470593539,0.12722009650845334,0.05906892958476759,1.386059353359263,0.09179023828063786
Biased guidance,0.43432388914760744,1.357622666045742,50.95,-1.145984704602822,0.12722009641815749,0.05906892953388566,1.3867654845740682,0.09179023850281637
Biased guidance,0.43432388914760744,1.357622666045742,51.0,-1.1459847039033821,0.12722009637076284,0.059068929507178694,1.3874716157944331,0.09179023861943368
Biased guidance,0.43432388914760744,1.357622666045742,51.050000000000004,-1.1459847039519448,0.12722009637405343,0.05906892950903299,1.3881777470213665,0.09179023861133684
Biased guidance,0.43432388914760744,1.357622666045742,51.1,-1.1459847048334426,0.1272200964337843,0.05906892954269154,1.388883878255614,0.0917902384643651
Biased guidance,0.43432388914760744,1.357622666045742,51.150000000000006,-1.1459847065957656,0.12722009655320052,0.05906892960998295,1.3895900094975966,0.09179023817053374
Biased guidance,0.43432388914760744,1.357622666045742,51.2,-1.1459847092438216,0.12722009673263468,0.05906892971109464,1.3902961407473566,0.09179023772902445
Biased guidance,0.43432388914760744,1.357622666045742,51.25,-1.1459847127350726,0.12722009696920436,0.05906892984440235,1.391002272004521,0.09179023714692963
Biased guidance,0.43432388914760744,1.357622666045742,51.300000000000004,-1.1459847169768593,0.1272200972566309,0.059068930006368044,1.3917084032682763,0.09179023643969833
Biased guidance,0.43432388914760744,1.357622666045742,51.35,-1.1459847218258299,0.12722009758520067,0.05906893019151806,1.392414534537363,0.09179023563123152
Biased guidance,0.43432388914760744,1.357622666045742,51.400000000000006,-1.1459847270897867,0.12722009794189018,0.05906893039251363,1.393120665810094,0.09179023475357423
Biased guidance,0.43432388914760744,1.357622666045742,51.45,-1.1459847325322645,0.12722009831067646,0.05906893060032575,1.3938267970843925,0.09179023384615223
Biased guidance,0.43432388914760744,1.357622666045742,51.5,-1.1459847378801562,0.12722009867305348,0.05906893080452625,1.3945329283578605,0.09179023295450053
Biased guidance,0.43432388914760744,1.357622666045742,51.550000000000004,-1.1459847428346972,0.12722009900877676,0.05906893099370729,1.3952390596278745,0.09179023212843203
Biased guidance,0.43432388914760744,1.357622666045742,51.6,-1.1459847470861253,0.1272200992968566,0.059068931156041116,1.3959451908917142,0.09179023141959325
Biased guidance,0.43432388914760744,1.357622666045742,51.650000000000006,-1.1459847503323308,0.12722009951682184,0.059068931279992166,1.396651322146727,0.0917902308783548
Biased guidance,0.43432388914760744,1.357622666045742,51.7,-1.1459847523018079,0.127220099650275,0.059068931355193414,1.3973574533905282,0.09179023054998474
Biased guidance,0.43432388914760744,1.357622666045742,51.75,-1.1459847527812228,0.12722009968276046,0.05906893137349909,1.398063584621245,0.0917902304700521
Biased guidance,0.43432388914760744,1.357622666045742,51.800000000000004,-1.145984751647917,0.12722009960596678,0.059068931330225664,1.3987697158378003,0.09179023065900771
Biased guidance,0.43432388914760744,1.357622666045742,51.85,-1.1459847489076516,0.12722009942028434,0.05906893122559311,1.3994758470402444,0.09179023111589096
Biased guidance,0.43432388914760744,1.357622666045742,51.900000000000006,-1.1459847447379157,0.12722009913773993,0.05906893106637856,1.400181978230136,0.09179023181110922
Biased guidance,0.43432388914760744,1.357622666045742,51.95,-1.1459847395371054,0.12722009878532917,0.05906893086779413,1.4008881094109735,0.09179023267823809
Biased guidance,0.43432388914760744,1.357622666045742,52.0,-1.1459847339798943,0.1272200984087684,0.059068930655601114,1.4015942405886812,0.09179023360478952
Biased guidance,0.43432388914760744,1.357622666045742,52.050000000000004,-1.145984729079105,0.12722009807668727,0.05906893046847249,1.4023003717721534,0.09179023442189603
Biased guidance,0.43432388914760744,1.357622666045742,52.1,-1.1459847262543965,0.12722009788528293,0.05906893036061562,1.4030065029738559,0.09179023489285848
Biased guidance,0.43432388914760744,1.357622666045742,52.150000000000006,-1.1459847263800733,0.12722009789379884,0.05906893036541438,1.4037126342014665,0.09179023487190444
Biased guidance,0.43432388914760744,1.357622666045742,52.2,-1.1459847274923702,0.12722009796916886,0.05906893040788561,1.404418765437741,0.09179023468645166
Biased guidance,0.43432388914760744,1.357622666045742,52.25,-1.1459847287008496,0.12722009805105627,0.0590689304540294,1.4051248966748597,0.0917902344849624
Biased guidance,0.43432388914760744,1.357622666045742,52.300000000000004,-1.1459847295473584,0.12722009810841628,0.05906893048635196,1.4058310279088002,0.09179023434382434
Biased guidance,0.43432388914760744,1.357622666045742,52.35,-1.1459847298472203,0.12722009812873514,0.059068930497801694,1.4065371591379403,0.09179023429382849
Biased guidance,0.43432388914760744,1.357622666045742,52.400000000000006,-1.145984729615547,0.12722009811303675,0.059068930488955625,1.407243290362413,0.0917902343324553
Biased guidance,0.43432388914760744,1.357622666045742,52.45,-1.1459847290036596,0.12722009807157478,0.05906893046559171,1.4079494215835469,0.09179023443447502
Biased guidance,0.43432388914760744,1.357622666045742,52.5,-1.1459847282450308,0.12722009802016954,0.05906893043662472,1.408655552803392,0.09179023456096087
Biased guidance,0.43432388914760744,1.357622666045742,52.550000000000004,-1.1459847276101585,0.12722009797715012,0.05906893041238317,1.4093616840243242,0.09179023466681287
Biased guidance,0.43432388914760744,1.357622666045742,52.6,-1.1459847273697819,0.127220097960862,0.05906893040320478,1.4100678152487203,0.09179023470689077
Biased guidance,0.43432388914760744,1.357622666045742,52.650000000000006,-1.145984727765852,0.12722009798769995,0.05906893041832806,1.4107739464787052,0.09179023464085417
Biased guidance,0.43432388914760744,1.357622666045742,52.7,-1.1459847289896676,0.1272200980706266,0.059068930465057456,1.4114800777159588,0.0917902344368079
Biased guidance,0.43432388914760744,1.357622666045742,52.75,-1.1459847311665892,0.12722009821813635,0.059068930548179625,1.4121862089615818,0.09179023407385069
Biased guidance,0.43432388914760744,1.357622666045742,52.800000000000004,-1.1459847343467386,0.12722009843362556,0.059068930669608416,1.4128923402160145,0.09179023354362573
Biased guidance,0.43432388914760744,1.357622666045742,52.85,-1.1459847385011004,0.1272200987151281,0.05906893082823589,1.4135984714790018,0.09179023285097077
Biased guidance,0.43432388914760744,1.357622666045742,52.900000000000006,-1.1459847435224317,0.12722009905537712,0.05906893101996718,1.4143046027496022,0.09179023201376635
Biased guidance,0.43432388914760744,1.357622666045742,52.95,-1.145984749230396,0.1272200994421529,0.059068931237916414,1.4150107340262321,0.09179023106207991
Biased guidance,0.43432388914760744,1.357622666045742,53.0,-1.1459847553803284,0.12722009985887675,0.059068931472741476,1.415716865306743,0.09179023003670435
Biased guidance,0.43432388914760744,1.357622666045742,53.050000000000004,-1.1459847616750467,0.1272201002854114,0.05906893171309495,1.4164229965885253,0.0917902289871887
Biased guidance,0.43432388914760744,1.357622666045742,53.1,-1.1459847677791166,0.12722010069902756,0.05906893194616883,1.4171291278686333,0.09179022796945978
Biased guidance,0.43432388914760744,1.357622666045742,53.150000000000006,-1.1459847733349866,0.1272201010754973,0.05906893215831059,1.4178352591439278,0.091790227043132
Biased guidance,0.43432388914760744,1.357622666045742,53.2,-1.1459847779803973,0.1272201013902737,0.059068932335687975,1.4185413904112272,0.0917902262686047
Biased guidance,0.43432388914760744,1.357622666045742,53.25,-1.1459847813664847,0.12722010161971742,0.059068932464980156,1.419247521667468,0.09179022570404383
Biased guidance,0.43432388914760744,1.357622666045742,53.300000000000004,-1.1459847831759806,0.12722010174233014,0.059068932534072784,1.4199536529098646,0.09179022540234738
Biased guidance,0.43432388914760744,1.357622666045742,53.35,-1.145984783140927,0.1272201017399549,0.059068932532734326,1.4206597841360638,0.09179022540819183
Biased guidance,0.43432388914760744,1.357622666045742,53.400000000000006,-1.1459847810593147,0.12722010159890332,0.05906893245325138,1.4213659153442917,0.09179022575525816
Biased guidance,0.43432388914760744,1.357622666045742,53.45,-1.1459847768100537,0.12722010131097033,0.05906893229100033,1.422072046533485,0.09179022646373558
Biased guidance,0.43432388914760744,1.357622666045742,53.5,-1.1459847703656931,0.12722010087429578,0.05906893204493301,1.4227781777034025,0.091790227538201
Biased guidance,0.43432388914760744,1.357622666045742,53.550000000000004,-1.1459847618022958,0.12722010029403377,0.05906893171795376,1.4234843088547124,0.09179022896597251
Biased guidance,0.43432388914760744,1.357622666045742,53.6,-1.145984751305882,0.12722009958278918,0.05906893131716545,1.4241904399890482,0.09179023071603502
Biased guidance,0.43432388914760744,1.357622666045742,53.650000000000006,-1.1459847391748548,0.127220098760782,0.05906893085396211,1.42489657110903,0.09179023273863599
Biased guidance,0.43432388914760744,1.357622666045742,53.7,-1.1459847258178129,0.12722009785569918,0.05906893034394541,1.4256027022182458,0.09179023496564989
Biased guidance,0.43432388914760744,1.357622666045742,53.75,-1.14598471174617,0.12722009690219446,0.05906892980664285,1.4263088333211864,0.09179023731180898
Biased guidance,0.43432388914760744,1.357622666045742,53.800000000000004,-1.1459846975609842,0.12722009594099604,0.05906892926500485,1.4270149644231302,0.09179023967689905
Biased guidance,0.43432388914760744,1.357622666045742,53.85,-1.1459846839334153,0.1272200950175821,0.05906892874465853,1.4277210955299704,0.09179024194901794
Biased guidance,0.43432388914760744,1.357622666045742,53.900000000000006,-1.1459846715782163,0.1272200941803849,0.05906892827289556,1.4284272266479838,0.09179024400899521
Biased guidance,0.43432388914760744,1.357622666045742,53.95,-1.145984661219673,0.1272200934784825,0.0590689278773716,1.4291333577835301,0.09179024573607092
Biased guidance,0.43432388914760744,1.357622666045742,54.0,-1.1459846535494027,0.12722009295873946,0.05906892758449493,1.4298394889426826,0.09179024701493195
Biased guidance,0.43432388914760744,1.357622666045742,54.050000000000004,-1.1459846491754229,0.12722009266235543,0.0590689274174817,1.430545620130781,0.09179024774420384
Biased guidance,0.43432388914760744,1.357622666045742,54.1,-1.1459846485619012,0.12722009262078277,0.05906892739405539,1.4312517513519003,0.09179024784649606
Biased guidance,0.43432388914760744,1.357622666045742,54.150000000000006,-1.1459846519589978,0.1272200928509725,0.059068927523767946,1.431957882608238,0.0917902472800995
Biased guidance,0.43432388914760744,1.357622666045742,54.2,-1.1459846593222118,0.12722009334990922,0.05906892780492018,1.432664013899403,0.09179024605243383
Biased guidance,0.43432388914760744,1.357622666045742,54.25,-1.1459846702206435,0.12722009408839483,0.05906892822105888,1.4333701452216114,0.09179024423534275
Biased guidance,0.43432388914760744,1.357622666045742,54.300000000000004,-1.1459846837335812,0.12722009500404127,0.0590689287370282,1.4340762765667785,0.09179024198233622
Biased guidance,0.43432388914760744,1.357622666045742,54.35,-1.145984698334829,0.12722009599343237,0.05906892929455286,1.4347824079215024,0.09179023954787624
Biased guidance,0.43432388914760744,1.357622666045742,54.400000000000006,-1.14598471176418,0.1272200969034149,0.059068929807330556,1.4354885392659356,0.09179023730880616
Biased guidance,0.43432388914760744,1.357622666045742,54.45,-1.1459847208854526,0.12722009752147895,0.05906893015561136,1.4361946705725384,0.09179023578802023
Biased guidance,0.43432388914760744,1.357622666045742,54.5,-1.1459847226086437,0.1272200976382436,0.059068930221408585,1.4369008018141771,0.0917902355007133
Biased guidance,0.43432388914760744,1.357622666045742,54.550000000000004,-1.1459847219384864,0.12722009759283323,0.05906893019581972,1.4376069330347994,0.09179023561244833
Biased guidance,0.43432388914760744,1.357622666045742,54.6,-1.14598472103225,0.127220097531426,0.05906893016121656,1.4383130642533484,0.09179023576354477
Biased guidance,0.43432388914760744,1.357622666045742,54.650000000000006,-1.145984720409544,0.12722009748923094,0.05906893013743954,1.4390191954743872,0.09179023586736829
Biased guidance,0.43432388914760744,1.357622666045742,54.7,-1.1459847202789597,0.12722009748038243,0.059068930132453394,1.4397253266997474,0.09179023588914052
Biased guidance,0.43432388914760744,1.357622666045742,54.75,-1.1459847206265703,0.12722009750393679,0.05906893014572633,1.440431457929307,0.09179023583118356
Biased guidance,0.43432388914760744,1.357622666045742,54.800000000000004,-1.1459847212914196,0.12722009754898744,0.05906893017111252,1.441137589161652,0.09179023572033351
Biased guidance,0.43432388914760744,1.357622666045742,54.85,-1.1459847220288213,0.12722009759895433,0.05906893019926899,1.4418437203946344,0.09179023559738685
Biased guidance,0.43432388914760744,1.357622666045742,54.900000000000006,-1.145984722562284,0.12722009763510214,0.05906893021963839,1.4425498516258257,0.09179023550844284
Biased guidance,0.43432388914760744,1.357622666045742,54.95,-1.1459847226248794,0.12722009763934367,0.0590689302220285,1.4432559828528824,0.09179023549800634
Biased guidance,0.43432388914760744,1.357622666045742,55.0,-1.1459847219908728,0.12722009759638286,0.05906893019781998,1.443962114073822,0.091790235603714
Biased guidance,0.43432388914760744,1.357622666045742,55.050000000000004,-1.1459847204984268,0.12722009749525362,0.059068930140833364,1.4446682452872235,0.09179023585254888
Biased guidance,0.43432388914760744,1.357622666045742,55.1,-1.1459847180642055,0.12722009733030898,0.0590689300478866,1.445374376492355,0.09179023625840554
Biased guidance,0.43432388914760744,1.357622666045742,55.150000000000006,-1.1459847146906874,0.12722009710171686,0.059068929919074316,1.4460805076892385,0.09179023682087081
Biased guidance,0.43432388914760744,1.357622666045742,55.2,-1.145984710467008,0.12722009681551721,0.05906892975780001,1.4467866388786563,0.0917902375250831
Biased guidance,0.43432388914760744,1.357622666045742,55.25,-1.1459847055641503,0.1272200964832959,0.05906892957059238,1.44749277006211,0.0917902383425345
Biased guidance,0.43432388914760744,1.357622666045742,55.300000000000004,-1.1459847002252976,0.1272200961215313,0.059068929366737,1.4481989012417356,0.09179023923267918
Biased guidance,0.43432388914760744,1.357622666045742,55.35,-1.1459846947521686,0.12722009575066798,0.059068929157754496,1.4489050324201818,0.0917902401452117
Biased guidance,0.43432388914760744,1.357622666045742,55.400000000000006,-1.1459846894881491,0.1272200953939741,0.05906892895675649,1.449611163600464,0.09179024102287947
Biased guidance,0.43432388914760744,1.357622666045742,55.45,-1.1459846847990411,0.12722009507623666,0.059068928777710555,1.450317294785795,0.09179024180469252
Biased guidance,0.43432388914760744,1.357622666045742,55.5,-1.1459846810522427,0.1272200948223508,0.05906892863464517,1.4510234259794004,0.09179024242939467
Biased guidance,0.43432388914760744,1.357622666045742,55.550000000000004,-1.1459846785951788,0.12722009465585832,0.05906892854082619,1.4517295571843314,0.09179024283905993
Biased guidance,0.43432388914760744,1.357622666045742,55.6,-1.145984677733798,0.12722009459749054,0.059068928507935776,1.4524356884032743,0.09179024298267757
Biased guidance,0.43432388914760744,1.357622666045742,55.650000000000006,-1.1459846787119559,0.12722009466377124,0.059068928545285136,1.453141819638371,0.09179024281958974
Biased guidance,0.43432388914760744,1.357622666045742,55.7,-1.145984681692496,0.12722009486573482,0.05906892865909219,1.4538479508910507,0.09179024232264552
Biased guidance,0.43432388914760744,1.357622666045742,55.75,-1.1459846867408525,0.12722009520781521,0.059068928851855454,1.4545540821618883,0.0917902414809351
Biased guidance,0.43432388914760744,1.357622666045742,55.800000000000004,-1.1459846938119889,0.12722009568696066,0.059068929121855254,1.4552602134504886,0.09179024030196749
Biased guidance,0.43432388914760744,1.357622666045742,55.85,-1.1459847027414864,0.12722009629203004,0.05906892946281356,1.4559663447554074,0.09179023881315607
Biased guidance,0.43432388914760744,1.357622666045742,55.900000000000006,-1.1459847132416072,0.12722009700352602,0.05906892986374354,1.4566724760741183,0.09179023706247534
Biased guidance,0.43432388914760744,1.357622666045742,55.95,-1.145984724903141,0.1272200977937202,0.05906893030902018,1.457378607403028,0.09179023511815275
Biased guidance,0.43432388914760744,1.357622666045742,56.0,-1.1459847372038587,0.12722009862722597,0.05906893077870302,1.4580847387375502,0.09179023306725932
Biased guidance,0.43432388914760744,1.357622666045742,56.050000000000004,-1.1459847495243878,0.12722009946207416,0.05906893124914232,1.4587908700722465,0.09179023101306279
Biased guidance,0.43432388914760744,1.357622666045742,56.1,-1.1459847611723255,0.12722010025134708,0.059068931693899825,1.4594970014010367,0.09179022907100717
Biased guidance,0.43432388914760744,1.357622666045742,56.150000000000006,-1.1459847714154103,0.1272201009454261,0.059068932085015305,1.4602031327174905,0.0917902273631821
Biased guidance,0.43432388914760744,1.357622666045742,56.2,-1.1459847795245641,0.1272201014949084,0.059068932394650116,1.4609092640152057,0.09179022601114645
Biased guidance,0.43432388914760744,1.357622666045742,56.25,-1.1459847848276283,0.12722010185424792,0.05906893259713897,1.4616153952882802,0.09179022512696888
Biased guidance,0.43432388914760744,1.357622666045742,56.300000000000004,-1.1459847867746051,0.12722010198617653,0.0590689326714811,1.462321526531884,0.09179022480235029
Biased guidance,0.43432388914760744,1.357622666045742,56.35,-1.1459847850152258,0.12722010186695967,0.05906893260430207,1.4630276577429415,0.09179022509569083
Biased guidance,0.43432388914760744,1.357622666045742,56.400000000000006,-1.1459847794896605,0.12722010149254326,0.059068932393317376,1.4637337889209272,0.0917902260169659
Biased guidance,0.43432388914760744,1.357622666045742,56.45,-1.1459847705331874,0.12722010088564598,0.05906893205132906,1.4644399200687854,0.09179022751027476
Biased guidance,0.43432388914760744,1.357622666045742,56.5,-1.145984758995639,0.12722010010385312,0.05906893161078659,1.4651460511939787,0.0917902294339252
Biased guidance,0.43432388914760744,1.357622666045742,56.550000000000004,-1.145984746376442,0.12722009924876695,0.059068931128943146,1.4658521823096737,0.09179023153791842
Biased guidance,0.43432388914760744,1.357622666045742,56.6,-1.1459847349760697,0.12722009847626925,0.05906893069363852,1.4665583134360713,0.09179023343869763
Biased guidance,0.43432388914760744,1.357622666045742,56.650000000000006,-1.14598472806472,0.12722009800795106,0.0590689304297399,1.4672644446018883,0.09179023459102402
Biased guidance,0.43432388914760744,1.357622666045742,56.7,-1.1459847274661161,0.1272200979673892,0.05906893040688319,1.4679705758231387,0.09179023469082898
Biased guidance,0.43432388914760744,1.357622666045742,56.75,-1.145984727857669,0.1272200979939211,0.05906893042183399,1.468676707053084,0.09179023462554556
Biased guidance,0.43432388914760744,1.357622666045742,56.800000000000004,-1.145984728291798,0.127220098023338,0.059068930438410494,1.4693828382834033,0.09179023455316339
Biased guidance,0.43432388914760744,1.357622666045742,56.85,-1.1459847284916487,0.12722009803688003,0.05906893044604146,1.470088969511665,0.09179023451984238
Biased guidance,0.43432388914760744,1.357622666045742,56.900000000000006,-1.1459847283748987,0.12722009802896894,0.059068930441583546,1.470795100737147,0.09179023453930804
Biased guidance,0.43432388914760744,1.357622666045742,56.95,-1.1459847279933804,0.12722009800311698,0.059068930427015894,1.4715012319603038,0.09179023460291845
Biased guidance,0.43432388914760744,1.357622666045742,57.0,-1.1459847274821975,0.12722009796847886,0.059068930407497215,1.4722073631823218,0.09179023468814775
Biased guidance,0.43432388914760744,1.357622666045742,57.050000000000004,-1.145984727017699,0.12722009793700412,0.059068930389761104,1.47291349440475,0.09179023476559338
Biased guidance,0.43432388914760744,1.357622666045742,57.1,-1.1459847267836818,0.1272200979211469,0.059068930380825536,1.473619625629202,0.09179023480461097
Biased guidance,0.43432388914760744,1.357622666045742,57.150000000000006,-1.145984726945182,0.1272200979320903,0.05906893038699215,1.474325756857127,0.09179023477768412
Biased guidance,0.43432388914760744,1.357622666045742,57.2,-1.1459847276292288,0.1272200979784418,0.059068930413111356,1.475031888089641,0.09179023466363329
Biased guidance,0.43432388914760744,1.357622666045742,57.25,-1.145984728911922,0.12722009806535803,0.059068930462088894,1.4757380193274114,0.09179023444977039
Biased guidance,0.43432388914760744,1.357622666045742,57.300000000000004,-1.1459847308112017,0.12722009819405455,0.05906893053460975,1.4764441505705965,0.09179023413310429
Biased guidance,0.43432388914760744,1.357622666045742,57.35,-1.1459847332846755,0.12722009836165893,0.05906893062905528,1.4771502818188236,0.09179023372070305
Biased guidance,0.43432388914760744,1.357622666045742,57.400000000000006,-1.1459847362318736,0.12722009856136318,0.05906893074158919,1.4778564130712106,0.09179023322931798
Biased guidance,0.43432388914760744,1.357622666045742,57.45,-1.1459847395002922,0.12722009878283358,0.05906893086638838,1.4785625443264183,0.09179023268437594
Biased guidance,0.43432388914760744,1.357622666045742,57.5,-1.1459847428945968,0.12722009901283413,0.05906893099599432,1.4792686755827313,0.09179023211844499
Biased guidance,0.43432388914760744,1.357622666045742,57.550000000000004,-1.14598474618835,0.1272200992360212,0.05906893112176086,1.4799748068381615,0.09179023156927896
Biased guidance,0.43432388914760744,1.357622666045742,57.6,-1.1459847491376283,0.12722009943586643,0.059068931234374206,1.4806809380905668,0.09179023107754704
Biased guidance,0.43432388914760744,1.357622666045742,57.650000000000006,-1.1459847514959003,0.12722009959566463,0.05906893132442095,1.4813870693377822,0.09179023068435337
Biased guidance,0.43432388914760744,1.357622666045742,57.7,-1.1459847530295253,0.12722009969958417,0.059068931382979896,1.4820932005777563,0.09179023042865272
Biased guidance,0.43432388914760744,1.357622666045742,57.75,-1.1459847535332444,0.12722009973371656,0.05906893140221358,1.4827993318086865,0.09179023034466786
Biased guidance,0.43432388914760744,1.357622666045742,57.800000000000004,-1.1459847528450287,0.1272200996870826,0.059068931375935205,1.4835054630291502,0.09179023045941377
Biased guidance,0.43432388914760744,1.357622666045742,57.85,-1.1459847508596506,0.12722009955255195,0.059068931300126803,1.484211594238223,0.09179023079043501
Biased guidance,0.43432388914760744,1.357622666045742,57.900000000000006,-1.145984747540345,0.12722009932763342,0.05906893117338459,1.4849177254355825,0.09179023134386138
Biased guidance,0.43432388914760744,1.357622666045742,57.95,-1.1459847429279288,0.12722009901509282,0.059068930997267066,1.485623856621587,0.09179023211288756
Biased guidance,0.43432388914760744,1.357622666045742,58.0,-1.1459847371467418,0.12722009862335543,0.05906893077652195,1.486329987797328,0.0917902330767824
Biased guidance,0.43432388914760744,1.357622666045742,58.050000000000004,-1.1459847304067772,0.12722009816665059,0.0590689305191675,1.48703611896465,0.09179023420053381
Biased guidance,0.43432388914760744,1.357622666045742,58.1,-1.145984723001371,0.12722009766485498,0.059068930236404256,1.4877422501261282,0.09179023543523403
Biased guidance,0.43432388914760744,1.357622666045742,58.150000000000006,-1.1459847152998113,0.12722009714299173,0.059068929942332864,1.4884483812850062,0.09179023671931184
Biased guidance,0.43432388914760744,1.357622666045742,58.2,-1.1459847077342369,0.127220096630343,0.05906892965345386,1.4891545124450782,0.09179023798071688
Biased guidance,0.43432388914760744,1.357622666045742,58.25,-1.1459847007801944,0.1272200961591321,0.0590689293879252,1.4898606436105202,0.09179023914016146
Biased guidance,0.43432388914760744,1.357622666045742,58.300000000000004,-1.1459846949302153,0.12722009576273333,0.05906892916455337,1.4905667747856572,0.09179024011552606
Biased guidance,0.43432388914760744,1.357622666045742,58.35,-1.1459846906597815,0.12722009547336566,0.05906892900149389,1.4912729059746646,0.0917902408275337
Biased guidance,0.43432388914760744,1.357622666045742,58.400000000000006,-1.1459846883850484,0.12722009531922812,0.05906892891463695,1.4919790371811967,0.09179024120679902
Biased guidance,0.43432388914760744,1.357622666045742,58.45,-1.145984688411688,0.12722009532103323,0.05906892891565414,1.4926851684079374,0.0917902412023574
Biased guidance,0.43432388914760744,1.357622666045742,58.5,-1.145984690874221,0.12722009548789626,0.05906892900968192,1.4933912996560685,0.09179024079178028
Biased guidance,0.43432388914760744,1.357622666045742,58.550000000000004,-1.1459846956652036,0.12722009581253668,0.05906892919261771,1.4940974309246462,0.09179023999298176
Biased guidance,0.43432388914760744,1.357622666045742,58.6,-1.145984702353636,0.12722009626574968,0.05906892944800451,1.4948035622098859,0.0917902388778222
Biased guidance,0.43432388914760744,1.357622666045742,58.650000000000006,-1.145984710091959,0.127220096790104,0.05906892974347963,1.4955096935043448,0.09179023758761488
Biased guidance,0.43432388914760744,1.357622666045742,58.7,-1.1459847175110036,0.1272200972928238,0.05906893002676365,1.496215824796,0.09179023635064067
Biased guidance,0.43432388914760744,1.357622666045742,58.75,-1.1459847226022641,0.12722009763781125,0.05906893022116506,1.4969219560672145,0.09179023550177696
Biased guidance,0.43432388914760744,1.357622666045742,58.800000000000004,-1.1459847235544156,0.12722009770232973,0.05906893025752139,1.4976280873020826,0.09179023534302515
Biased guidance,0.43432388914760744,1.357622666045742,58.85,-1.1459847237571146,0.12722009771606474,0.05906893026526112,1.4983342185303694,0.09179023530922925
Biased guidance,0.43432388914760744,1.357622666045742,58.900000000000006,-1.145984723932643,0.12722009772795867,0.05906893027196338,1.4990403497584177,0.09179023527996345
Biased guidance,0.43432388914760744,1.357622666045742,58.95,-1.1459847240848244,0.1272200977382706,0.05906893027777418,1.499746480986261,0.09179023525459032
Biased guidance,0.43432388914760744,1.357622666045742,59.0,-1.1459847242164247,0.1272200977471879,0.059068930282799116,1.5004526122139237,0.09179023523264865
Biased guidance,0.43432388914760744,1.357622666045742,59.050000000000004,-1.145984724329628,0.12722009775485862,0.05906893028712159,1.5011587434414246,0.09179023521377433
Biased guidance,0.43432388914760744,1.357622666045742,59.1,-1.1459847244263683,0.12722009776141383,0.05906893029081547,1.5018648746687813,0.09179023519764484
Biased guidance,0.43432388914760744,1.357622666045742,59.150000000000006,-1.14598472450854,0.12722009776698182,0.05906893029395304,1.5025710058960098,0.09179023518394441
Biased guidance,0.43432388914760744,1.357622666045742,59.2,-1.145984724578099,0.1272200977716952,0.05906893029660905,1.5032771371231275,0.09179023517234686
Biased guidance,0.43432388914760744,1.357622666045742,59.25,-1.1459847246370847,0.1272200977756921,0.05906893029886132,1.5039832683501524,0.0917902351625122
Biased guidance,0.43432388914760744,1.357622666045742,59.300000000000004,-1.1459847246875696,0.127220097779113,0.059068930300789003,1.5046893995771027,0.09179023515409486
Biased guidance,0.43432388914760744,1.357622666045742,59.35,-1.1459847247315647,0.12722009778209414,0.05906893030246889,1.5053955308039961,0.09179023514675959
Biased guidance,0.43432388914760744,1.357622666045742,59.400000000000006,-1.1459847247708959,0.12722009778475926,0.05906893030397069,1.5061016620308485,0.09179023514020192
Biased guidance,0.43432388914760744,1.357622666045742,59.45,-1.1459847248070714,0.12722009778721052,0.059068930305351985,1.5068077932576731,0.0917902351341704
Biased guidance,0.43432388914760744,1.357622666045742,59.5,-1.1459847248411579,0.12722009778952026,0.05906893030665352,1.5075139244844793,0.09179023512848716
Biased guidance,0.43432388914760744,1.357622666045742,59.550000000000004,-1.145984724873687,0.12722009779172447,0.05906893030789559,1.508220055711272,0.0917902351230636
Biased guidance,0.43432388914760744,1.357622666045742,59.6,-1.1459847249046096,0.1272200977938198,0.05906893030907631,1.5089261869380504,0.09179023511790789
Biased guidance,0.43432388914760744,1.357622666045742,59.650000000000006,-1.1459847249333157,0.12722009779576496,0.05906893031017241,1.5096323181648095,0.09179023511312173
Biased guidance,0.43432388914760744,1.357622666045742,59.7,-1.1459847249587427,0.1272200977974879,0.05906893031114329,1.5103384493915397,0.09179023510888229
Biased guidance,0.43432388914760744,1.357622666045742,59.75,-1.1459847249795874,0.12722009779890034,0.059068930311939195,1.5110445806182298,0.09179023510540688
Biased guidance,0.43432388914760744,1.357622666045742,59.800000000000004,-1.1459847249946422,0.12722009779992047,0.05906893031251404,1.511750711844869,0.09179023510289679
Biased guidance,0.43432388914760744,1.357622666045742,59.85,-1.145984725003277,0.12722009780050555,0.05906893031284374,1.5124568430714518,0.0917902351014571
Biased guidance,0.43432388914760744,1.357622666045742,59.900000000000006,-1.1459847250060802,0.1272200978006955,0.05906893031295078,1.5131629742979835,0.09179023510098974
Biased guidance,0.43432388914760744,1.357622666045742,59.95,-1.145984725005684,0.12722009780066862,0.059068930312935655,1.5138691055244868,0.09179023510105579
Biased guidance,0.43432388914760744,1.357622666045742,60.0,-1.1459847250077895,0.12722009780081128,0.05906893031301605,1.5145752367510124,0.09179023510070475
Adjusted policy,0.56,1.0559999999999998,0.0,1.25,0.08,0.08,0.0,0.9241418199787566
Adjusted policy,0.56,1.0559999999999998,0.05,1.2164427541408904,0.10928162668147011,0.09307981456013395,0.005515088058186388,0.9193008585447389
Adjusted policy,0.56,1.0559999999999998,0.1,1.1878688367174022,0.13626436837778552,0.10528695254755116,0.011002734996010505,0.9149583706040111
Adjusted policy,0.56,1.0559999999999998,0.15000000000000002,1.163261583206747,0.16114083002034874,0.11668442718024952,0.01646572597221227,0.9110499837948058
Adjusted policy,0.56,1.0559999999999998,0.2,1.1418659328731902,0.18408529608110819,0.1273299099772978,0.021906489697905637,0.9075207273300653
Adjusted policy,0.56,1.0559999999999998,0.25,1.1231086924273708,0.2052558554776244,0.1372763090353537,0.027327150909010778,0.9043237547012292
Adjusted policy,0.56,1.0559999999999998,0.30000000000000004,1.1065464923707824,0.22479621990745866,0.14657226839498871,0.0327295752310179,0.9014191192232068
Adjusted policy,0.56,1.0559999999999998,0.35000000000000003,1.091830754903022,0.24283728681231898,0.15526260021577448,0.038115407161515485,0.8987726842701999
Adjusted policy,0.56,1.0559999999999998,0.4,1.078683494792533,0.2594984888040441,0.1633886596988157,0.0434861019418415,0.8963551902806837
Adjusted policy,0.56,1.0559999999999998,0.45,1.0668802083058118,0.2748889656773041,0.17098867216456642,0.04884295233281223,0.894141469070325
Adjusted policy,0.56,1.0559999999999998,0.5,1.0562375321743274,0.289108587518126,0.17809801965607497,0.05418711107556774,0.8921097892657442
Adjusted policy,0.56,1.0559999999999998,0.55,1.0466041818891008,0.302248852566631,0.18474949342217659,0.059519609778681926,0.8902413131019675
Adjusted policy,0.56,1.0559999999999998,0.6000000000000001,1.0378541919985689,0.31439367900030285,0.19097351745279967,0.06484137483942237,0.8885196463258159
Adjusted policy,0.56,1.0559999999999998,0.65,1.0298817993510165,0.32562010649896905,0.19679834741266183,0.07015324092430213,0.8869304646358158
Adjusted policy,0.56,1.0559999999999998,0.7000000000000001,1.0225975222740151,0.33599892029769673,0.20225024840086128,0.07545596240196077,0.8854612036063934
Adjusted policy,0.56,1.0559999999999998,0.75,1.0159251228909205,0.34559520797742366,0.20735365428938032,0.08075022304207002,0.8841008010569635
Adjusted policy,0.56,1.0559999999999998,0.8,1.009799219818998,0.35446885931027045,0.21213131169507018,0.08603664439554637,0.8828394805418647
Adjusted policy,0.56,1.0559999999999998,0.8500000000000001,1.0041634064875078,0.3626750144449909,0.21660440967684289,0.09131579288674384,0.8816685715371634
Adjusted policy,0.56,1.0559999999999998,0.9,0.9989687433476353,0.37026446871805724,0.220792697744237,0.09658818599559958,0.8805803571755932
Adjusted policy,0.56,1.0559999999999998,0.9500000000000001,0.9941725483055155,0.377284037655897,0.22471459290221665,0.10185429754237445,0.8795679467241958
Adjusted policy,0.56,1.0559999999999998,1.0,0.9897374136233974,0.38377688800296217,0.22838727747776827,0.10711456230566643,0.8786251672549238
Adjusted policy,0.56,1.0559999999999998,1.05,0.9856304009370047,0.3897828384442361,0.23182678868742917,0.11236938006555088,0.8777464712526588
Adjusted policy,0.56,1.0559999999999998,1.1,0.9818223850397217,0.3953386319267902,0.23504810030901277,0.11761911906012651,0.8769268591286626
Adjusted policy,0.56,1.0559999999999998,1.1500000000000001,0.9782875052887731,0.40047818495284143,0.23806519814544685,0.12286411909787419,0.8761618117564848
Adjusted policy,0.56,1.0559999999999998,1.2000000000000002,0.9750027137274784,0.40523281369367425,0.24089114901486847,0.1281046942260168,0.8754472336200846
Adjusted policy,0.56,1.0559999999999998,1.25,0.9719473954465144,0.4096314410912553,0.2435381645166183,0.13334113511445495,0.8747794035578508
Adjusted policy,0.56,1.0559999999999998,1.3,0.9691030460394606,0.413700787209253,0.24601766018452603,0.13857371121366338,0.8741549315270724
Adjusted policy,0.56,1.0559999999999998,1.35,0.9664530063695586,0.4174655412220874,0.24834030941658747,0.14380267256166934,0.8735707227887747
Adjusted policy,0.56,1.0559999999999998,1.4000000000000001,0.9639822313636927,0.42094852105921843,0.25051609402203656,0.14902825148807103,0.8730239454690337
Adjusted policy,0.56,1.0559999999999998,1.4500000000000002,0.961677095153233,0.42417081912692056,0.2525543508050291,0.15425066410181504,0.872512002810334
Adjusted policy,0.56,1.0559999999999998,1.5,0.9595252255630905,0.42715193530156725,0.2544638145447137,0.15947011160200275,0.8720325092285874
Adjusted policy,0.56,1.0559999999999998,1.55,0.9575153604150052,0.4299099000092499,0.2562526581336369,0.16468678148266053,0.8715832690202762
Adjusted policy,0.56,1.0559999999999998,1.6,0.9556372213859305,0.4324613884758997,0.2579285301616803,0.16990084865186994,0.8711622571742272
Adjusted policy,0.56,1.0559999999999998,1.6500000000000001,0.9538814105801062,0.43482182271226627,0.25949858898112665,0.17511247634698124,0.8707676037767351
Adjusted policy,0.56,1.0559999999999998,1.7000000000000002,0.952239315702303,0.43700546807211865,0.2609695351486811,0.18032181704663838,0.8703975791224873
Adjusted policy,0.56,1.0559999999999998,1.75,0.9507030289887847,0.43902552155316804,0.26234764143066885,0.1855290132727883,0.8700505808943577
Adjusted policy,0.56,1.0559999999999998,1.8,0.9492652766735534,0.4408941925494493,0.2636387805975347,0.19073419831177782,0.8697251228679257
Adjusted policy,0.56,1.0559999999999998,1.85,0.9479193573492791,0.44262277708911196,0.2648484512735359,0.19593749686805007,0.8694198249152463
Adjusted policy,0.56,1.0559999999999998,1.9000000000000001,0.9466590866650224,0.4442217274003568,0.26598180231752844,0.20113902568168457,0.8691334038460777
Adjusted policy,0.56,1.0559999999999998,1.9500000000000002,0.9454787478206162,0.44570071668508837,0.2670436557119841,0.20633889410487416,0.8688646650586852
Adjusted policy,0.56,1.0559999999999998,2.0,0.9443730509961357,0.44706869564254037,0.2680385270910254,0.21153720457101083,0.86861249579685
Adjusted policy,0.56,1.0559999999999998,2.0500000000000003,0.9433370940908703,0.44833394782334846,0.26897064571609935,0.21673405308581453,0.8683758583464596
Adjusted policy,0.56,1.0559999999999998,2.1,0.9423663289571482,0.4495041398279965,0.2698439728882723,0.22192952965825158,0.8681537841771717
Adjusted policy,0.56,1.0559999999999998,2.15,0.9414565312284341,0.45058636741587454,0.2706622190835488,0.22712371869724307,0.8679453686440907
Adjusted policy,0.56,1.0559999999999998,2.2,0.9406037734993237,0.4515871977218189,0.271428859867945,0.23231669937405103,0.8677497662332768
Adjusted policy,0.56,1.0559999999999998,2.25,0.9398044011043423,0.4525127086014678,0.2721471508554097,0.23750854596124982,0.8675661862116488
Adjusted policy,0.56,1.0559999999999998,2.3000000000000003,0.9390550097377278,0.45336852612792927,0.27282014197201276,0.2426993281592654,0.8673938885346478
Adjusted policy,0.56,1.0559999999999998,2.35,0.938352425669397,0.4541598584063163,0.27345069057844457,0.2478891113899143,0.8672321802083446
Adjusted policy,0.56,1.0559999999999998,2.4000000000000004,0.9376936887237803,0.4548915251853067,0.2740414733310248,0.25307795705104996,0.8670804121654732
Adjusted policy,0.56,1.0559999999999998,2.45,0.9370760354858839,0.45556798780966246,0.2745949979182444,0.2582659227823957,0.8669379760888475
Adjusted policy,0.56,1.0559999999999998,2.5,0.9364968846866163,0.45619337593509185,0.2751136137959167,0.2634530627000896,0.8668043016453425
Adjusted policy,0.56,1.0559999999999998,2.5500000000000003,0.9359538238360845,0.45677151213652767,0.2755995222026633,0.26863942761583626,0.8666788539288309
Adjusted policy,0.56,1.0559999999999998,2.6,0.9354445971028508,0.45730593439122225,0.2760547854597797,0.2738250652393786,0.8665611311222483
Adjusted policy,0.56,1.0559999999999998,2.6500000000000004,0.9349670942100605,0.4577999170003581,0.27648133570714184,0.2790100203684103,0.8664506623350745
Adjusted policy,0.56,1.0559999999999998,2.7,0.9345193401193473,0.45825649051287815,0.2768809832268131,0.2841943350700475,0.8663470055710757
Adjusted policy,0.56,1.0559999999999998,2.75,0.9340994853706771,0.45867846085540037,0.27725542441282675,0.28937804885542756,0.8662497458024465
Adjusted policy,0.56,1.0559999999999998,2.8000000000000003,0.933705797897011,0.45906842446183355,0.2776062485657587,0.29456119882464626,0.866158493345983
Adjusted policy,0.56,1.0559999999999998,2.85,0.933336654960948,0.4594287841713156,0.27793494474638725,0.29974381981646553,0.8660728822332585
Adjusted policy,0.56,1.0559999999999998,2.9000000000000004,0.9329905357578524,0.4597617638808008,0.2782429081783966,0.30492594454767896,0.8659925687050838
Adjusted policy,0.56,1.0559999999999998,2.95,0.9326660146569046,0.4600694219077343,0.2785314461955995,0.3101076037420488,0.8659172298275424
Adjusted policy,0.56,1.0559999999999998,3.0,0.9323617549580313,0.46035366318103943,0.2788017837592541,0.31528882625050336,0.8658465622046695
Adjusted policy,0.56,1.0559999999999998,3.0500000000000003,0.932076503131506,0.46061625038960485,0.27905506858766316,0.32046963916316923,0.8657802807829836
Adjusted policy,0.56,1.0559999999999998,3.1,0.9318090834653893,0.4608588143873606,0.2792923759849095,0.32565006791497203,0.8657181177330308
Adjusted policy,0.56,1.0559999999999998,3.1500000000000004,0.9315583930459793,0.4610828641540354,0.27951471345558193,0.3308301363865371,0.8656598213927481
Adjusted policy,0.56,1.0559999999999998,3.2,0.9313233970007908,0.4612897965833875,0.27972302518469344,0.33600986700197394,0.8656051552581583
Adjusted policy,0.56,1.0559999999999998,3.25,0.9311031242799793,0.46148090422821264,0.27991819586502026,0.3411892808135516,0.8655538970872677
Adjusted policy,0.56,1.0559999999999998,3.3000000000000003,0.9308966637297538,0.4616573824523054,0.28010105428035675,0.34636839758127563,0.865505838061395
Adjusted policy,0.56,1.0559999999999998,3.35,0.9307031602293333,0.46182033730545063,0.2802723770084726,0.3515472358544407,0.865460781952018
Adjusted policy,0.56,1.0559999999999998,3.4000000000000004,0.9305218112093705,0.46197079211404096,0.2804328917021958,0.3567258130443507,0.8654185443682434
Adjusted policy,0.56,1.0559999999999998,3.45,0.9303518633807979,0.4621096936694778,0.28058328018358014,0.3619041454932092,0.8653789520461039
Adjusted policy,0.56,1.0559999999999998,3.5,0.9301926096972204,0.462237917810522,0.28072418129730603,0.3670822485381279,0.8653418421859479
Adjusted policy,0.56,1.0559999999999998,3.5500000000000003,0.9300433865204758,0.4623562745519638,0.2808561935721489,0.37226013657110424,0.8653070618316131
Adjusted policy,0.56,1.0559999999999998,3.6,0.9299035709589851,0.4624655129119827,0.28097987773934785,0.37743782309582186,0.8652744672849847
Adjusted policy,0.56,1.0559999999999998,3.6500000000000004,0.9297725783485163,0.4625663255905652,0.28109575915670687,0.38261532078212657,0.8652439235494434
Adjusted policy,0.56,1.0559999999999998,3.7,0.9296498598449918,0.4626593536512948,0.2812043301872453,0.3877926415190289,0.8652153037956342
Adjusted policy,0.56,1.0559999999999998,3.75,0.9295349002610583,0.4627451901764162,0.2813060522165594,0.3929697964610134,0.8651884888807371
Adjusted policy,0.56,1.0559999999999998,3.8000000000000003,0.9294272161220112,0.462824383013487,0.28140135734986393,0.39814679606841397,0.8651633669159722
Adjusted policy,0.56,1.0559999999999998,3.85,0.9293263536322146,0.4628974389042578,0.28149065048689575,0.4033236501534209,0.865139832810648
Adjusted policy,0.56,1.0559999999999998,3.9000000000000004,0.9292318868853682,0.46296482640612135,0.2815743109939138,0.4085003679188073,0.8651177878708085
Adjusted policy,0.56,1.0559999999999998,3.95,0.9291434161549736,0.46302697881375987,0.2816526943370313,0.4136769579954659,0.8650971394145882
Adjusted policy,0.56,1.0559999999999998,4.0,0.9290605663068585,0.46308429676167456,0.2817261335769367,0.4188534284771002,0.8650778004142864
Adjusted policy,0.56,1.0559999999999998,4.05,0.9289829853176889,0.4631371505812703,0.28179494075148764,0.424029786952536,0.8650596891616241
Adjusted policy,0.56,1.0559999999999998,4.1000000000000005,0.9289103428834043,0.46318588248616555,0.28185940817266186,0.4292060405361235,0.8650427289526251
Adjusted policy,0.56,1.0559999999999998,4.15,0.9288423291015082,0.46323080865939925,0.281919809664351,0.4343821958966991,0.8650268477885332
Adjusted policy,0.56,1.0559999999999998,4.2,0.928778653211142,0.46327222131620543,0.2819764017674797,0.439558259285577,0.8650119780891582
Adjusted policy,0.56,1.0559999999999998,4.25,0.9287190423748802,0.46331039081602715,0.2820294249389365,0.4447342365640378,0.8649980564150235
Adjusted policy,0.56,1.0559999999999998,4.3,0.9286632406011345,0.46334556723178133,0.282079104539737,0.4499101332268606,0.864985023221526
Adjusted policy,0.56,1.0559999999999998,4.3500000000000005,0.9286110078457228,0.46337798111170325,0.2821256515244307,0.455085954420479,0.8649728226542202
Adjusted policy,0.56,1.0559999999999998,4.4,0.9285621189266337,0.46340784563637477,0.2821692635873292,0.460261704968445,0.8649614022998388
Adjusted policy,0.56,1.0559999999999998,4.45,0.9285163626457064,0.46343535775239986,0.2822101259400215,0.46543738939038654,0.864950712985077
Adjusted policy,0.56,1.0559999999999998,4.5,0.9284735409204619,0.46346069945181506,0.2822484121219882,0.47061301192124266,0.8649407085772558
Adjusted policy,0.56,1.0559999999999998,4.55,0.9284334679827094,0.46348403889919937,0.2822842847372151,0.47578857652890316,0.8649313458001504
Adjusted policy,0.56,1.0559999999999998,4.6000000000000005,0.928395969634969,0.4635055314363082,0.28231789612920816,0.48096408693049497,0.8649225840629446
Adjusted policy,0.56,1.0559999999999998,4.65,0.9283608825551227,0.4635253204975848,0.28234938900804957,0.4861395466075783,0.8649143853001187
Adjusted policy,0.56,1.0559999999999998,4.7,0.9283280536397072,0.4635435384699037,0.2823788970431346,0.49131495882051734,0.8649067138200714
Adjusted policy,0.56,1.0559999999999998,4.75,0.928297339376258,0.4635603075298981,0.28240654543522886,0.496490326622287,0.8648995361602719
Adjusted policy,0.56,1.0559999999999998,4.800000000000001,0.9282686052351196,0.46357574049222694,0.282432451481485,0.5016656528719808,0.8648928209467281
Adjusted policy,0.56,1.0559999999999998,4.8500000000000005,0.9282417250711317,0.46358994170213347,0.2824567251470596,0.5068409402482824,0.8648865387555655
Adjusted policy,0.56,1.0559999999999998,4.9,0.9282165805970511,0.4636030077236436,0.2824794695451376,0.5120161912610647,0.8648806619911874
Adjusted policy,0.56,1.0559999999999998,4.95,0.9281930610635388,0.46361502726596804,0.2825007811076681,0.517191408257087,0.8648751648125644
Adjusted policy,0.56,1.0559999999999998,5.0,0.9281710626580237,0.4636260823295926,0.282520750224929,0.5223665934342742,0.8648700229936839
Adjusted policy,0.56,1.0559999999999998,5.050000000000001,0.9281504881105385,0.4636362485872041,0.2825394615746495,0.5275417488500664,0.864865213832251
Adjusted policy,0.56,1.0559999999999998,5.1000000000000005,0.9281312462770017,0.4636455958915187,0.2825569944961927,0.5327168764305528,0.8648607160530152
Adjusted policy,0.56,1.0559999999999998,5.15,0.928113251754619,0.4636541887320308,0.28257342333397495,0.5378919779788747,0.8648565097185098
Adjusted policy,0.56,1.0559999999999998,5.2,0.9280964245293383,0.4636620866338161,0.2825888177483404,0.543067055182884,0.8648525761472049
Adjusted policy,0.56,1.0559999999999998,5.25,0.9280806896498278,0.4636693445123056,0.28260324300046236,0.5482421096221924,0.864848897837789
Adjusted policy,0.56,1.0559999999999998,5.300000000000001,0.9280659769224452,0.463676012997942,0.282616760217841,0.5534171427747553,0.8648454583982932
Adjusted policy,0.56,1.0559999999999998,5.3500000000000005,0.9280522206216684,0.46368213874463277,0.282629426646966,0.5585921560231283,0.8648422424787788
Adjusted policy,0.56,1.0559999999999998,5.4,0.9280393592104546,0.46368776473591405,0.2826412958997164,0.5637671506605397,0.8648392357062952
Adjusted policy,0.56,1.0559999999999998,5.45,0.9280273350649995,0.4636929306027386,0.28265241820006537,0.5689421278969153,0.8648364246208241
Adjusted policy,0.56,1.0559999999999998,5.5,0.9280160941983627,0.4636976729668008,0.28266284063766073,0.5741170888649988,0.8648337966109231
Adjusted policy,0.56,1.0559999999999998,5.550000000000001,0.9280055859873303,0.46370202579680814,0.28267260742262657,0.5792920346264488,0.8648313398500895
Adjusted policy,0.56,1.0559999999999998,5.6000000000000005,0.9279957631092912,0.4637060202122665,0.2826817598831844,0.5844669661725029,0.864829043282199
Adjusted policy,0.56,1.0559999999999998,5.65,0.9279865812797194,0.4637096848431544,0.2826903367148255,0.5896418844298917,0.8648268965603018
Adjusted policy,0.56,1.0559999999999998,5.7,0.9279779990310194,0.4637130461198585,0.28269837418863314,0.594816790265789,0.8648248899950665
Adjusted policy,0.56,1.0559999999999998,5.75,0.9279699775499004,0.4637161283950628,0.2827059062840456,0.5999916844912107,0.8648230145168895
Adjusted policy,0.56,1.0559999999999998,5.800000000000001,0.9279624805011898,0.4637189541211193,0.2827129648429272,0.6051665678648207,0.8648212616348159
Adjusted policy,0.56,1.0559999999999998,5.8500000000000005,0.9279554738693248,0.46372154400106713,0.28271957970683875,0.6103414410963333,0.8648196233995794
Adjusted policy,0.56,1.0559999999999998,5.9,0.9279489258146666,0.4637239171185433,0.2827257788404211,0.6155163048495818,0.8648180923700962
Adjusted policy,0.56,1.0559999999999998,5.95,0.9279428065417753,0.4637260910518258,0.28273158844380286,0.6206911597453194,0.8648166615827413
Adjusted policy,0.56,1.0559999999999998,6.0,0.9279370881767889,0.46372808197725096,0.28273703305694636,0.6258660063638211,0.8648153245227465
Adjusted policy,0.56,1.0559999999999998,6.050000000000001,0.9279317446510478,0.4637299047672485,0.28274213565884293,0.6310408452473542,0.8648140750970482
Adjusted policy,0.56,1.0559999999999998,6.1000000000000005,0.9279267515881051,0.4637315730882335,0.2827469177644713,0.6362156769025846,0.8648129076079213
Adjusted policy,0.56,1.0559999999999998,6.15,0.927922086191266,0.46373309950359876,0.2827513995224306,0.6413905018029883,0.8648118167267267
Adjusted policy,0.56,1.0559999999999998,6.2,0.9279177271287956,0.46373449558705004,0.28275559981616116,0.6465653203913326,0.864810797467112
Adjusted policy,0.56,1.0559999999999998,6.25,0.9279136544139379,0.4637357720515237,0.2827595363716654,0.6517401330822992,0.8648098451569896
Adjusted policy,0.56,1.0559999999999998,6.300000000000001,0.9279098492894474,0.4637369388750324,0.28276322586163466,0.6569149402650116,0.864808955411568
Adjusted policy,0.56,1.0559999999999998,6.3500000000000005,0.9279062942965346,0.4637380050751308,0.28276668381828335,0.6620897423011471,0.8648081241494997
Adjusted policy,0.56,1.0559999999999998,6.4,0.9279029731081545,0.4637389789391061,0.28276992479172997,0.6672645395287108,0.8648073475539227
Adjusted policy,0.56,1.0559999999999998,6.45,0.9278998704431833,0.46373986811606954,0.28277296242810546,0.672439332263914,0.8648066220524121
Adjusted policy,0.56,1.0559999999999998,6.5,0.9278969720142681,0.46374067963551635,0.2827758095103966,0.6776141208022212,0.8648059443048038
Adjusted policy,0.56,1.0559999999999998,6.550000000000001,0.9278942644577517,0.46374141996494805,0.282778478018816,0.6827889054198396,0.8648053111868241
Adjusted policy,0.56,1.0559999999999998,6.6000000000000005,0.9278917352717957,0.4637420950578583,0.2827809791838822,0.6879636863750278,0.8648047197756343
Adjusted policy,0.56,1.0559999999999998,6.65,0.9278893727614251,0.4637427103938188,0.28278332353337704,0.6931384639092527,0.8648041673369921
Adjusted policy,0.56,1.0559999999999998,6.7,0.9278871659892145,0.4637432710124034,0.28278552093434556,0.6983132382482221,0.8648036513137298
Adjusted policy,0.56,1.0559999999999998,6.75,0.927885104730336,0.4637437815426869,0.2827875806313057,0.7034880096028242,0.8648031693152536
Adjusted policy,0.56,1.0559999999999998,6.800000000000001,0.9278831794306913,0.46374424623005656,0.2827895112818334,0.7086627781700006,0.8648027191077596
Adjusted policy,0.56,1.0559999999999998,6.8500000000000005,0.927881381166848,0.4637446689620733,0.28279132099068943,0.7138375441335821,0.8648022986048732
Adjusted policy,0.56,1.0559999999999998,6.9,0.9278797016065015,0.4637450532951196,0.2827930173436552,0.7190123076651176,0.8648019058584093
Adjusted policy,0.56,1.0559999999999998,6.95,0.9278781329681821,0.46374540248357254,0.2827946074422426,0.7241870689247224,0.8648015390489555
Adjusted policy,0.56,1.0559999999999998,7.0,0.9278766679789315,0.46374571951323745,0.2827960979404447,0.7293618280619765,0.8648011964759803
Adjusted policy,0.56,1.0559999999999998,7.050000000000001,0.9278752998286653,0.4637460071407816,0.282797495084694,0.7345365852169009,0.8648008765471643
Adjusted policy,0.56,1.0559999999999998,7.1000000000000005,0.9278740221199457,0.46374626794090373,0.2827988047581939,0.7397113405210416,0.8648005777666599
Adjusted policy,0.56,1.0559999999999998,7.15,0.9278728288390671,0.4637465043250998,0.2828000325058512,0.7448860940980735,0.8648002987283313
Adjusted policy,0.56,1.0559999999999998,7.2,0.9278717144581865,0.4637467183758496,0.282801183438551,0.7500608460614387,0.8648000381396405
Adjusted policy,0.56,1.0559999999999998,7.25,0.9278706737836903,0.4637469120389371,0.28280226237097983,0.755235596517731,0.8647997947861913
Adjusted policy,0.56,1.0559999999999998,7.300000000000001,0.92786970195947,0.46374708710391405,0.28280327381796433,0.7604103455665889,0.8647995675324976
Adjusted policy,0.56,1.0559999999999998,7.3500000000000005,0.927868794450017,0.4637472452081835,0.282804222008462,0.7655850933010339,0.8647993553180315
Adjusted policy,0.56,1.0559999999999998,7.4,0.9278679470160477,0.4637473878529368,0.2828051109065917,0.7707598398079806,0.8647991571515252
Adjusted policy,0.56,1.0559999999999998,7.45,0.927867155693412,0.4637475164161063,0.28280594422986816,0.7759345851686766,0.8647989721060408
Adjusted policy,0.56,1.0559999999999998,7.5,0.9278664167748017,0.4637476321628217,0.2828067254650518,0.7811093294590827,0.8647987993146928
Adjusted policy,0.56,1.0559999999999998,7.550000000000001,0.9278657267937732,0.4637477362538599,0.28280745788202716,0.7862840727502034,0.8647986379669141
Adjusted policy,0.56,1.0559999999999998,7.6000000000000005,0.9278650825106037,0.46374782975257484,0.28280814454612063,0.7914588151083777,0.8647984873051494
Adjusted policy,0.56,1.0559999999999998,7.65,0.927864480899498,0.46374791363079815,0.28280878832927137,0.7966335565955435,0.8647983466218637
Adjusted policy,0.56,1.0559999999999998,7.7,0.9278639191366602,0.4637479887741974,0.2828093919204654,0.8018082972694818,0.864798215256754
Adjusted policy,0.56,1.0559999999999998,7.75,0.9278633945887497,0.46374805598758156,0.2828099578358467,0.8069830371840543,0.8647980925940506
Adjusted policy,0.56,1.0559999999999998,7.800000000000001,0.9278629048012371,0.46374811600064153,0.2828104884289167,0.8121577763894438,0.864797978059794
Adjusted policy,0.56,1.0559999999999998,7.8500000000000005,0.9278624474861777,0.4637481694746147,0.28281098590123366,0.8173325149324073,0.8647978711189775
Adjusted policy,0.56,1.0559999999999998,7.9,0.927862020508918,0.4637482170103621,0.2828114523140256,0.8225072528565547,0.8647977712724377
Adjusted policy,0.56,1.0559999999999998,7.95,0.9278616218732533,0.4637482591583462,0.2828118896011272,0.827681990202659,0.864797678053385
Adjusted policy,0.56,1.0559999999999998,8.0,0.9278612497045535,0.4637482964309989,0.2828122995836538,0.8328567270090137,0.8647975910234572
Adjusted policy,0.56,1.0559999999999998,8.05,0.9278609022303723,0.4637483293179667,0.28281268398682413,0.8380314633118445,0.8647975097681854
Adjusted policy,0.56,1.0559999999999998,8.1,0.9278605777712923,0.4637483582911324,0.28281304444805083,0.8432061991454982,0.8647974338948542
Adjusted policy,0.56,1.0559999999999998,8.15,0.9278602748268577,0.4637483837108627,0.2828133824437763,0.8483809345405697,0.864797363052596
Adjusted policy,0.56,1.0559999999999998,8.200000000000001,0.927859991978278,0.46374840592166405,0.2828136993727396,0.8535556695260025,0.864797296909639
Adjusted policy,0.56,1.0559999999999998,8.25,0.9278597278940702,0.4637484252445544,0.2828139965515725,0.8587304041289643,0.8647972351546274
Adjusted policy,0.56,1.0559999999999998,8.3,0.9278594813327921,0.4637484419700189,0.28281427521267427,0.8639051383747797,0.8647971774972595
Adjusted policy,0.56,1.0559999999999998,8.35,0.9278592511352696,0.4637484563619796,0.2828145365110502,0.86907987228709,0.8647971236664718
Adjusted policy,0.56,1.0559999999999998,8.4,0.9278590362179918,0.4637484686609642,0.28281478153016615,0.8742546058879914,0.864797073408893
Adjusted policy,0.56,1.0559999999999998,8.450000000000001,0.9278588355675249,0.46374847908658584,0.28281501128694364,0.8794293391981477,0.8647970264875389
Adjusted policy,0.56,1.0559999999999998,8.5,0.9278586482357947,0.46374848783944406,0.28281522673601983,0.8846040722368884,0.8647969826807085
Adjusted policy,0.56,1.0559999999999998,8.55,0.9278584733360891,0.46374849510255683,0.2828154287733977,0.8897788050222909,0.8647969417810503
Adjusted policy,0.56,1.0559999999999998,8.6,0.9278583100396313,0.46374850104243537,0.2828156182396095,0.894953537571249,0.8647969035947598
Adjusted policy,0.56,1.0559999999999998,8.65,0.9278581575725732,0.46374850580991134,0.28281579592251976,0.9001282698995354,0.8647968679408773
Adjusted policy,0.56,1.0559999999999998,8.700000000000001,0.9278580152132619,0.4637485095408279,0.282815962559891,0.9053030020218564,0.8647968346506486
Adjusted policy,0.56,1.0559999999999998,8.75,0.927857882289628,0.46374851235670417,0.2828161188418374,0.9104777339519049,0.8647968035669139
Adjusted policy,0.56,1.0559999999999998,8.8,0.9278577581765465,0.4637485143654846,0.28281626541329075,0.9156524657024148,0.864796774543491
Adjusted policy,0.56,1.0559999999999998,8.85,0.9278576422930228,0.46374851566248326,0.2828164028766033,0.9208271972852174,0.8647967474445176
Adjusted policy,0.56,1.0559999999999998,8.9,0.9278575340990524,0.46374851633163394,0.28281653179441185,0.9260019287113076,0.8647967221437164
Adjusted policy,0.56,1.0559999999999998,8.950000000000001,0.9278574330920054,0.46374851644715626,0.2828166526928878,0.9311766599909164,0.8647966985235498
Adjusted policy,0.56,1.0559999999999998,9.0,0.9278573388023884,0.46374851607574896,0.2828167660654977,0.9363513911336002,0.864796676474229
Adjusted policy,0.56,1.0559999999999998,9.05,0.9278572507888315,0.4637485152794202,0.2828168723773989,0.941526122148345,0.8647966558925415
Adjusted policy,0.56,1.0559999999999998,9.1,0.9278571686321531,0.46374851411906615,0.2828169720705941,0.9467008530436891,0.864796636680464
Adjusted policy,0.56,1.0559999999999998,9.15,0.9278570919283524,0.463748512658908,0.28281706556997094,0.9518755838278711,0.8647966187435226
Adjusted policy,0.56,1.0559999999999998,9.200000000000001,0.9278570202882125,0.46374851096604475,0.2828171532838282,0.9570503145088356,0.8647966019907004
Adjusted policy,0.56,1.0559999999999998,9.25,0.9278569533935981,0.4637485090671198,0.282817235557229,0.9622250450930463,0.8647965863476029
Adjusted policy,0.56,1.0559999999999998,9.3,0.9278568909344879,0.46374850699450554,0.28281731272462246,0.9673997755868112,0.8647965717417329
Adjusted policy,0.56,1.0559999999999998,9.35,0.9278568326160525,0.46374850478120017,0.2828173851040519,0.9725745059961333,0.8647965581041456
Adjusted policy,0.56,1.0559999999999998,9.4,0.9278567781641811,0.46374850245589716,0.28281745299273464,0.9777492363265937,0.8647965453707416
Adjusted policy,0.56,1.0559999999999998,9.450000000000001,0.9278567273233834,0.4637485000437594,0.28281751666898663,0.9829239665833941,0.8647965334817751
Adjusted policy,0.56,1.0559999999999998,9.5,0.9278566798550241,0.46374849756703246,0.2828175763938588,0.9880986967713932,0.8647965223814422
Adjusted policy,0.56,1.0559999999999998,9.55,0.9278566355358536,0.4637484950455162,0.2828176324125161,0.993273426895137,0.8647965120175372
Adjusted policy,0.56,1.0559999999999998,9.600000000000001,0.9278565941567992,0.46374849249691225,0.2828176849553908,0.9984481569588828,0.8647965023411688
Adjusted policy,0.56,1.0559999999999998,9.65,0.9278565555219793,0.46374848993706697,0.2828177342391394,1.0036228869666197,0.8647964933065307
Adjusted policy,0.56,1.0559999999999998,9.700000000000001,0.9278565194479065,0.46374848738012797,0.28281778046743616,1.0087976169220851,0.8647964848707156
Adjusted policy,0.56,1.0559999999999998,9.75,0.9278564857628419,0.46374848483863246,0.2828178238316318,1.013972346828777,0.8647964769935624
Adjusted policy,0.56,1.0559999999999998,9.8,0.9278564543062653,0.46374848232354676,0.28281786451130986,1.0191470766899653,0.8647964696375343
Adjusted policy,0.56,1.0559999999999998,9.850000000000001,0.9278564249284257,0.4637484798442749,0.28281790267477097,1.0243218065087012,0.8647964627676122
Adjusted policy,0.56,1.0559999999999998,9.9,0.927856397489934,0.46374847740865527,0.282817938479476,1.029496536287824,0.8647964563512011
Adjusted policy,0.56,1.0559999999999998,9.950000000000001,0.9278563718613645,0.4637484750229637,0.28281797207247855,1.0346712660299706,0.8647964503580344
Adjusted policy,0.56,1.0559999999999998,10.0,0.9278563479228269,0.46374847269194136,0.2828180035908783,1.0398459957375836,0.8647964447600769
Adjusted policy,0.56,1.0559999999999998,10.05,0.9278563255634743,0.46374847041886663,0.2828180331623257,1.0450207254129218,0.8647964395314067
Adjusted policy,0.56,1.0559999999999998,10.100000000000001,0.9278563046809095,0.46374846820568905,0.2828180609056087,1.0501954550580703,0.8647964346480792
Adjusted policy,0.56,1.0559999999999998,10.15,0.9278562851804555,0.4637484660532437,0.28281808693135274,1.0553701846749584,0.864796430087954
Adjusted policy,0.56,1.0559999999999998,10.200000000000001,0.9278562669742517,0.4637484639615656,0.2828181113428646,1.060544914265376,0.8647964258304855
Adjusted policy,0.56,1.0559999999999998,10.25,0.9278562499801427,0.46374846193032115,0.28281813423715113,1.0657196438309968,0.8647964218564618
Adjusted policy,0.56,1.0559999999999998,10.3,0.9278562341203205,0.46374845995937697,0.28281815570614344,1.0708943733734073,0.8647964181476877
Adjusted policy,0.56,1.0559999999999998,10.350000000000001,0.9278562193196856,0.463748458049523,0.28281817583815766,1.0760691028941385,0.8647964146866013
Adjusted policy,0.56,1.0559999999999998,10.4,0.9278562055038924,0.4637484562033697,0.2828181947196234,1.081243832394708,0.8647964114558174
Adjusted policy,0.56,1.0559999999999998,10.450000000000001,0.9278561925970383,0.46374845442643725,0.28281821243710953,1.0864185618766669,0.8647964084375862
Adjusted policy,0.56,1.0559999999999998,10.5,0.9278561805274491,0.4637484527240679,0.2828182290724433,1.0915932913414803,0.864796405615147
Adjusted policy,0.56,1.0559999999999998,10.55,0.927856169253289,0.46374845108785995,0.2828182446809843,1.0967680207899986,0.8647964029787166
Adjusted policy,0.56,1.0559999999999998,10.600000000000001,0.9278561587228903,0.4637484495161051,0.2828182593255067,1.1019427502232755,0.8647964005162128
Adjusted policy,0.56,1.0559999999999998,10.65,0.9278561488867965,0.46374844800771503,0.28281827306589036,1.1071174796423207,0.8647963982160699
Adjusted policy,0.56,1.0559999999999998,10.700000000000001,0.9278561396992527,0.4637484465613149,0.28281828595791214,1.1122922090480687,0.8647963960675887
Adjusted policy,0.56,1.0559999999999998,10.75,0.9278561311177578,0.4637484451753445,0.2828182980536882,1.117466938441387,0.8647963940608304
Adjusted policy,0.56,1.0559999999999998,10.8,0.9278561231026871,0.46374844384813746,0.2828183094020509,1.122641667823085,0.8647963921865286
Adjusted policy,0.56,1.0559999999999998,10.850000000000001,0.9278561156169787,0.4637484425779822,0.28281832004886526,1.1278163971939204,0.864796390436017
Adjusted policy,0.56,1.0559999999999998,10.9,0.9278561086258789,0.46374844136316534,0.28281833003729173,1.1329911265546027,0.8647963888011678
Adjusted policy,0.56,1.0559999999999998,10.950000000000001,0.9278561020967373,0.46374844020200034,0.282818339408,1.1381658559057994,0.8647963872743464
Adjusted policy,0.56,1.0559999999999998,11.0,0.927856095998848,0.463748439092843,0.282818348199341,1.1433405852481384,0.8647963858483722
Adjusted policy,0.56,1.0559999999999998,11.05,0.9278560903033288,0.46374843803409616,0.2828183564474826,1.1485153145822105,0.864796384516491
Adjusted policy,0.56,1.0559999999999998,11.100000000000001,0.927856084983033,0.4637484370242052,0.2828183641865144,1.1536900439085704,0.8647963832723546
Adjusted policy,0.56,1.0559999999999998,11.15,0.927856080012486,0.4637484360616474,0.2828183714485282,1.1588647732277395,0.8647963821100062
Adjusted policy,0.56,1.0559999999999998,11.200000000000001,0.9278560753678419,0.4637484351449152,0.28281837826368,1.1640395025402057,0.8647963810238692
Adjusted policy,0.56,1.0559999999999998,11.25,0.9278560710268533,0.4637484342724982,0.28281838466023856,1.1692142318464243,0.8647963800087412
Adjusted policy,0.56,1.0559999999999998,11.3,0.9278560669688465,0.46374843344286293,0.2828183906646282,1.1743889611468186,0.8647963790597875
Adjusted policy,0.56,1.0559999999999998,11.350000000000001,0.9278560631746974,0.46374843265443494,0.2828183963014699,1.1795636904417806,0.8647963781725364
Adjusted policy,0.56,1.0559999999999998,11.4,0.9278560596268012,0.46374843190558385,0.2828184015936274,1.1847384197316702,0.8647963773428708
Adjusted policy,0.56,1.0559999999999998,11.450000000000001,0.9278560563090287,0.4637484311946133,0.2828184065622651,1.1899131490168184,0.864796376567019
Adjusted policy,0.56,1.0559999999999998,11.5,0.9278560532066643,0.4637484305197591,0.28281841122692164,1.195087878297527,0.8647963758415397
Adjusted policy,0.56,1.0559999999999998,11.55,0.9278560503063176,0.46374842987919607,0.28281841560560717,1.2002626075740706,0.8647963751633018
Adjusted policy,0.56,1.0559999999999998,11.600000000000001,0.9278560475958028,0.4637484292710567,0.2828184197149289,1.205437336846699,0.8647963745294555
Adjusted policy,0.56,1.0559999999999998,11.65,0.9278560450639811,0.4637484286934631,0.28281842357025117,1.210612066115641,0.864796373937396
Adjusted policy,0.56,1.0559999999999998,11.700000000000001,0.9278560427005567,0.46374842814457484,0.28281842718589645,1.2157867953811083,0.8647963733847158
Adjusted policy,0.56,1.0559999999999998,11.75,0.9278560404958223,0.46374842762265356,0.2828184305753925,1.2209615246432999,0.8647963728691448
Adjusted policy,0.56,1.0559999999999998,11.8,0.9278560384403467,0.46374842712614806,0.28281843375177174,1.2261362539024099,0.8647963723884775
Adjusted policy,0.56,1.0559999999999998,11.850000000000001,0.9278560365245987,0.4637484266538002,0.2828184367279293,1.231310983158634,0.8647963719404852
Adjusted policy,0.56,1.0559999999999998,11.9,0.9278560347385001,0.4637484262047754,0.2828184395170449,1.2364857124121786,0.8647963715228111
Adjusted policy,0.56,1.0559999999999998,11.950000000000001,0.9278560330709017,0.4637484257788176,0.2828184421330753,1.2416604416632733,0.8647963711328478
Adjusted policy,0.56,1.0559999999999998,12.0,0.9278560315089769,0.4637484253764329,0.28281844459132194,1.2468351709121803,0.8647963707675961
Adjusted policy,0.56,1.0559999999999998,12.05,0.9278560300420956,0.46374842499765884,0.2828184469048671,1.252009900159118,0.8647963704245699
Adjusted policy,0.56,1.0559999999999998,12.100000000000001,0.9278560286707189,0.46374842463918425,0.28281844907642273,1.2571846294040783,0.8647963701038773
Adjusted policy,0.56,1.0559999999999998,12.15,0.9278560273888333,0.463748424299892,0.28281845111452597,1.2623593586471844,0.864796369804112
Adjusted policy,0.56,1.0559999999999998,12.200000000000001,0.9278560261904494,0.46374842397885396,0.2828184530275136,1.2675340878885606,0.8647963695238732
Adjusted policy,0.56,1.0559999999999998,12.25,0.9278560250700952,0.4637484236751587,0.28281845482308154,1.272708817128319,0.8647963692618814
Adjusted policy,0.56,1.0559999999999998,12.3,0.9278560240227403,0.46374842338791955,0.28281845650836746,1.2778835463665636,0.8647963690169603
Adjusted policy,0.56,1.0559999999999998,12.350000000000001,0.9278560230437302,0.4637484231162804,0.2828184580900235,1.2830582756033901,0.8647963687880217
Adjusted policy,0.56,1.0559999999999998,12.4,0.9278560221287319,0.4637484228594207,0.2828184595742767,1.2882330048388881,0.8647963685740518
Adjusted policy,0.56,1.0559999999999998,12.450000000000001,0.9278560212736886,0.46374842261655846,0.28281846096698077,1.2934077340731414,0.8647963683741022
Adjusted policy,0.56,1.0559999999999998,12.5,0.9278560204747821,0.4637484223869523,0.28281846227365814,1.2985824633062284,0.8647963681872802
Adjusted policy,0.56,1.0559999999999998,12.55,0.9278560197284045,0.46374842216990225,0.2828184634995342,1.303757192538224,0.864796368012742
Adjusted policy,0.56,1.0559999999999998,12.600000000000001,0.9278560190311349,0.4637484219647498,0.28281846464956384,1.3089319217691988,0.8647963678496874
Adjusted policy,0.56,1.0559999999999998,12.65,0.9278560183797248,0.46374842177087644,0.2828184657284515,1.3141066509992196,0.8647963676973569
Adjusted policy,0.56,1.0559999999999998,12.700000000000001,0.9278560177710863,0.46374842158770235,0.28281846674066574,1.3192813802283507,0.8647963675550285
Adjusted policy,0.56,1.0559999999999998,12.75,0.9278560172022868,0.46374842141468364,0.2828184676904487,1.324456109456652,0.8647963674220163
Adjusted policy,0.56,1.0559999999999998,12.8,0.927856016670547,0.46374842125130966,0.28281846858182136,1.3296308386841817,0.8647963672976705
Adjusted policy,0.56,1.0559999999999998,12.850000000000001,0.9278560161732411,0.4637484210970995,0.2828184694185856,1.3348055679109938,0.8647963671813768
Adjusted policy,0.56,1.0559999999999998,12.9,0.9278560157079008,0.4637484209515988,0.2828184702043242,1.339980297137139,0.8647963670725582
Adjusted policy,0.56,1.0559999999999998,12.950000000000001,0.9278560152722191,0.4637484208143757,0.2828184709423985,1.3451550263626655,0.8647963669706753
Adjusted policy,0.56,1.0559999999999998,13.0,0.9278560148640563,0.46374842068501754,0.2828184716359456,1.3503297555876173,0.8647963668752277
Adjusted policy,0.56,1.0559999999999998,13.05,0.9278560144814448,0.4637484205631274,0.2828184722878761,1.3555044848120352,0.864796366785755
Adjusted policy,0.56,1.0559999999999998,13.100000000000001,0.9278560141225928,0.4637484204483205,0.2828184729008718,1.3606792140359565,0.8647963667018385
Adjusted policy,0.56,1.0559999999999998,13.15,0.9278560137858878,0.4637484203402219,0.28281847347738565,1.3658539432594141,0.8647963666231009
Adjusted policy,0.56,1.0559999999999998,13.200000000000001,0.9278560134698955,0.4637484202384638,0.28281847401964394,1.3710286724824388,0.8647963665492071
Adjusted policy,0.56,1.0559999999999998,13.25,0.9278560131733575,0.46374842014268425,0.282818474529652,1.3762034017050557,0.8647963664798625
Adjusted policy,0.56,1.0559999999999998,13.3,0.9278560128951833,0.46374842005252587,0.28281847500920376,1.3813781309272883,0.8647963664148122
Adjusted policy,0.56,1.0559999999999998,13.350000000000001,0.9278560126344377,0.4637484199676362,0.28281847545989686,1.386552860149156,0.8647963663538375
Adjusted policy,0.56,1.0559999999999998,13.4,0.9278560123903239,0.46374841988766874,0.28281847588315256,1.3917275893706753,0.8647963662967522
Adjusted policy,0.56,1.0559999999999998,13.450000000000001,0.9278560121621581,0.46374841981228504,0.2828184762802433,1.3969023185918608,0.8647963662433963
Adjusted policy,0.56,1.0559999999999998,13.5,0.927856011949338,0.4637484197411583,0.2828184766523272,1.4020770478127251,0.8647963661936289
Adjusted policy,0.56,1.0559999999999998,13.55,0.9278560117513037,0.4637484196739784,0.2828184770004905,1.4072517770332802,0.8647963661473191
Adjusted policy,0.56,1.0559999999999998,13.600000000000001,0.9278560115674883,0.46374841961045815,0.28281847732579984,1.412426506253538,0.8647963661043343
Adjusted policy,0.56,1.0559999999999998,13.65,0.9278560113972606,0.4637484195503415,0.2828184776293639,1.4176012354735112,0.8647963660645271
Adjusted policy,0.56,1.0559999999999998,13.700000000000001,0.9278560112398555,0.4637484194934138,0.2828184779124058,1.4227759646932168,0.8647963660277184
Adjusted policy,0.56,1.0559999999999998,13.75,0.9278560110942952,0.46374841943951306,0.28281847817634725,1.427950693912674,0.8647963659936795
Adjusted policy,0.56,1.0559999999999998,13.8,0.9278560109592965,0.4637484193885444,0.2828184784229052,1.4331254231319102,0.8647963659621105
Adjusted policy,0.56,1.0559999999999998,13.850000000000001,0.927856010833167,0.46374841934049577,0.2828184786542009,1.4383001523509595,0.8647963659326153
Adjusted policy,0.56,1.0559999999999998,13.9,0.9278560107136865,0.4637484192954567,0.2828184788728843,1.4434748815698677,0.8647963659046752
Adjusted policy,0.56,1.0559999999999998,13.950000000000001,0.9278560105991562,0.463748419253456,0.28281847908103913,1.4486496107886695,0.8647963658778925
Adjusted policy,0.56,1.0559999999999998,14.0,0.9278560104917855,0.46374841921393334,0.2828184792766596,1.4538243400073203,0.8647963658527843
Adjusted policy,0.56,1.0559999999999998,14.05,0.9278560103913294,0.46374841917671644,0.28281847946028804,1.4589990692258257,0.8647963658292928
Adjusted policy,0.56,1.0559999999999998,14.100000000000001,0.9278560102972796,0.4637484191416853,0.2828184796327242,1.4641737984441958,0.8647963658072997
Adjusted policy,0.56,1.0559999999999998,14.15,0.9278560102091948,0.4637484191087213,0.2828184797946822,1.4693485276624398,0.8647963657867013
Adjusted policy,0.56,1.0559999999999998,14.200000000000001,0.927856010126688,0.46374841907770775,0.2828184799468041,1.4745232568805664,0.8647963657674071
Adjusted policy,0.56,1.0559999999999998,14.25,0.9278560100494165,0.46374841904853137,0.2828184800896717,1.4796979860985822,0.8647963657493375
Adjusted policy,0.56,1.0559999999999998,14.3,0.9278560099770736,0.4637484190210827,0.2828184802238171,1.484872715316494,0.8647963657324204
Adjusted policy,0.56,1.0559999999999998,14.350000000000001,0.9278560099093799,0.46374841899525704,0.2828184803497318,1.4900474445343077,0.8647963657165902
Adjusted policy,0.56,1.0559999999999998,14.4,0.9278560098460773,0.46374841897095453,0.282818480467874,1.4952221737520284,0.8647963657017873
Adjusted policy,0.56,1.0559999999999998,14.450000000000001,0.9278560097869234,0.4637484189480811,0.28281848057867554,1.5003969029696616,0.8647963656879541
Adjusted policy,0.56,1.0559999999999998,14.5,0.9278560097316874,0.46374841892654817,0.2828184806825467,1.5055716321872117,0.8647963656750375
Adjusted policy,0.56,1.0559999999999998,14.55,0.9278560096801461,0.463748418906273,0.2828184807798809,1.5107463614046837,0.8647963656629846
Adjusted policy,0.56,1.0559999999999998,14.600000000000001,0.927856009632082,0.46374841888717866,0.28281848087105765,1.5159210906220824,0.8647963656517451
Adjusted policy,0.56,1.0559999999999998,14.65,0.927856009587281,0.4637484188691941,0.28281848095644474,1.5210958198394118,0.8647963656412685
Adjusted policy,0.56,1.0559999999999998,14.700000000000001,0.9278560095455312,0.46374841885225376,0.2828184810364003,1.5262705490566768,0.8647963656315054
Adjusted policy,0.56,1.0559999999999998,14.75,0.9278560095066232,0.46374841883629736,0.282818481111273,1.5314452782738814,0.8647963656224067
Adjusted policy,0.56,1.0559999999999998,14.8,0.9278560094703497,0.46374841882126966,0.28281848118140274,1.5366200074910303,0.8647963656139244
Adjusted policy,0.56,1.0559999999999998,14.850000000000001,0.9278560094365064,0.46374841880712014,0.28281848124711995,1.5417947367081277,0.8647963656060101
Adjusted policy,0.56,1.0559999999999998,14.9,0.9278560094048925,0.4637484187938026,0.2828184813087447,1.5469694659251776,0.8647963655986173
Adjusted policy,0.56,1.0559999999999998,14.950000000000001,0.9278560093753131,0.4637484187812743,0.28281848136658577,1.5521441951421844,0.8647963655917004
Adjusted policy,0.56,1.0559999999999998,15.0,0.9278560093475798,0.46374841876949635,0.2828184814209387,1.5573189243591516,0.864796365585215
Adjusted policy,0.56,1.0559999999999998,15.05,0.9278560093215135,0.46374841875843226,0.28281848147208427,1.5624936535760836,0.8647963655791194
Adjusted policy,0.56,1.0559999999999998,15.100000000000001,0.9278560092969451,0.46374841874804806,0.2828184815202868,1.5676683827929834,0.8647963655733741
Adjusted policy,0.56,1.0559999999999998,15.15,0.927856009273719,0.46374841873831174,0.28281848156579187,1.5728431120098543,0.8647963655679428
Adjusted policy,0.56,1.0559999999999998,15.200000000000001,0.9278560092516939,0.4637484187291926,0.2828184816088245,1.5780178412266994,0.8647963655627923
Adjusted policy,0.56,1.0559999999999998,15.25,0.9278560092307446,0.46374841872066075,0.28281848164958767,1.5831925704435212,0.8647963655578933
Adjusted policy,0.56,1.0559999999999998,15.3,0.9278560092107646,0.46374841871268707,0.28281848168826057,1.5883672996603222,0.8647963655532211
Adjusted policy,0.56,1.0559999999999998,15.350000000000001,0.9278560091916661,0.46374841870524247,0.2828184817249973,1.593542028877104,0.8647963655487549
Adjusted policy,0.56,1.0559999999999998,15.4,0.9278560091733821,0.4637484186982977,0.28281848175992635,1.5987167580938682,0.8647963655444793
Adjusted policy,0.56,1.0559999999999998,15.450000000000001,0.927856009155866,0.4637484186918232,0.2828184817931499,1.6038914873106158,0.8647963655403832
Adjusted policy,0.56,1.0559999999999998,15.5,0.9278560091390922,0.4637484186857888,0.28281848182474406,1.6090662165273473,0.8647963655364607
Adjusted policy,0.56,1.0559999999999998,15.55,0.9278560091230554,0.46374841868016353,0.2828184818547599,1.6142409457440627,0.8647963655327104
Adjusted policy,0.56,1.0559999999999998,15.600000000000001,0.9278560091077693,0.463748418674916,0.2828184818832247,1.6194156749607622,0.864796365529136
Adjusted policy,0.56,1.0559999999999998,15.65,0.9278560090932648,0.4637484186700141,0.2828184819101447,1.6245904041774446,0.864796365525744
Adjusted policy,0.56,1.0559999999999998,15.700000000000001,0.9278560090795869,0.4637484186654254,0.282818481935508,1.6297651333941094,0.8647963655225456
Adjusted policy,0.56,1.0559999999999998,15.75,0.9278560090667911,0.46374841866111755,0.282818481959289,1.6349398626107556,0.8647963655195533
Adjusted policy,0.56,1.0559999999999998,15.8,0.9278560090549391,0.4637484186570586,0.2828184819814537,1.6401145918273818,0.8647963655167817
Adjusted policy,0.56,1.0559999999999998,15.850000000000001,0.9278560090440927,0.4637484186532179,0.2828184820019663,1.645289321043987,0.8647963655142453
Adjusted policy,0.56,1.0559999999999998,15.9,0.9278560090343072,0.4637484186495666,0.28281848202079657,1.6504640502605696,0.864796365511957
Adjusted policy,0.56,1.0559999999999998,15.950000000000001,0.9278560090256232,0.4637484186460787,0.2828184820379294,1.6556387794771292,0.8647963655099262
Adjusted policy,0.56,1.0559999999999998,16.0,0.9278560090180573,0.4637484186427322,0.28281848205337484,1.6608135086936653,0.864796365508157
Adjusted policy,0.56,1.0559999999999998,16.05,0.9278560090115919,0.46374841863951033,0.28281848206718024,1.6659882379101785,0.8647963655066451
Adjusted policy,0.56,1.0559999999999998,16.1,0.9278560090061626,0.46374841863640326,0.28281848207944393,1.6711629671266701,0.8647963655053755
Adjusted policy,0.56,1.0559999999999998,16.150000000000002,0.9278560090016444,0.4637484186334095,0.28281848209033017,1.6763376963431424,0.8647963655043188
Adjusted policy,0.56,1.0559999999999998,16.2,0.9278560089978375,0.463748418630538,0.2828184821000862,1.6815124255595997,0.8647963655034288
Adjusted policy,0.56,1.0559999999999998,16.25,0.9278560089944493,0.46374841862781035,0.2828184821090613,1.6866871547760482,0.8647963655026363
Adjusted policy,0.56,1.0559999999999998,16.3,0.9278560089910767,0.463748418625263,0.28281848211772714,1.6918618839924962,0.8647963655018477
Adjusted policy,0.56,1.0559999999999998,16.35,0.9278560089871851,0.4637484186229499,0.28281848212670085,1.6970366132089543,0.8647963655009376
Adjusted policy,0.56,1.0559999999999998,16.400000000000002,0.9278560089827346,0.46374841862087,0.28281848213604727,1.7022113424254235,0.8647963654998969
Adjusted policy,0.56,1.0559999999999998,16.45,0.9278560089786544,0.46374841861890687,0.28281848214474103,1.7073860716418847,0.8647963654989428
Adjusted policy,0.56,1.0559999999999998,16.5,0.9278560089748878,0.4637484186170565,0.28281848215285027,1.7125608008583395,0.8647963654980619
Adjusted policy,0.56,1.0559999999999998,16.55,0.9278560089713646,0.46374841861531757,0.28281848216046035,1.717735530074789,0.864796365497238
Adjusted policy,0.56,1.0559999999999998,16.6,0.9278560089680342,0.46374841861368704,0.2828184821676358,1.7229102592912342,0.8647963654964592
Adjusted policy,0.56,1.0559999999999998,16.650000000000002,0.9278560089648633,0.4637484186121609,0.2828184821744235,1.7280849885076761,0.8647963654957177
Adjusted policy,0.56,1.0559999999999998,16.7,0.9278560089618321,0.46374841861073385,0.2828184821808563,1.7332597177241142,0.8647963654950089
Adjusted policy,0.56,1.0559999999999998,16.75,0.9278560089589314,0.4637484186094003,0.28281848218695527,1.7384344469405502,0.8647963654943306
Adjusted policy,0.56,1.0559999999999998,16.8,0.9278560089561609,0.4637484186081539,0.28281848219273253,1.743609176156983,0.8647963654936828
Adjusted policy,0.56,1.0559999999999998,16.85,0.9278560089535263,0.4637484186069883,0.28281848219819355,1.7487839053734129,0.8647963654930665
Adjusted policy,0.56,1.0559999999999998,16.900000000000002,0.927856008951037,0.46374841860589683,0.28281848220333894,1.7539586345898395,0.8647963654924845
Adjusted policy,0.56,1.0559999999999998,16.95,0.9278560089487056,0.46374841860487304,0.2828184822081664,1.7591333638062625,0.8647963654919393
Adjusted policy,0.56,1.0559999999999998,17.0,0.927856008946545,0.46374841860391075,0.28281848221267214,1.7643080930226822,0.864796365491434
Adjusted policy,0.56,1.0559999999999998,17.05,0.927856008944568,0.46374841860300386,0.28281848221685235,1.769482822239098,0.8647963654909717
Adjusted policy,0.56,1.0559999999999998,17.1,0.927856008942786,0.463748418602147,0.28281848222070405,1.7746575514555094,0.864796365490555
Adjusted policy,0.56,1.0559999999999998,17.150000000000002,0.9278560089412079,0.46374841860133503,0.2828184822242262,1.779832280671917,0.864796365490186
Adjusted policy,0.56,1.0559999999999998,17.2,0.9278560089398399,0.4637484186005634,0.2828184822274203,1.7850070098883195,0.864796365489866
Adjusted policy,0.56,1.0559999999999998,17.25,0.9278560089386843,0.4637484185998281,0.2828184822302909,1.790181739104718,0.8647963654895958
Adjusted policy,0.56,1.0559999999999998,17.3,0.9278560089377396,0.46374841859912597,0.2828184822328462,1.795356468321112,0.864796365489375
Adjusted policy,0.56,1.0559999999999998,17.35,0.9278560089370005,0.46374841859845406,0.2828184822350981,1.8005311975375018,0.8647963654892021
Adjusted policy,0.56,1.0559999999999998,17.400000000000002,0.9278560089364571,0.4637484185978103,0.2828184822370621,1.8057059267538877,0.8647963654890751
Adjusted policy,0.56,1.0559999999999998,17.45,0.9278560089360959,0.46374841859719307,0.2828184822387576,1.8108806559702693,0.8647963654889905
Adjusted policy,0.56,1.0559999999999998,17.5,0.9278560089358989,0.46374841859660126,0.2828184822402076,1.8160553851866479,0.8647963654889446
Adjusted policy,0.56,1.0559999999999998,17.55,0.927856008935845,0.4637484185960345,0.28281848224143846,1.8212301144030234,0.8647963654889319
Adjusted policy,0.56,1.0559999999999998,17.6,0.9278560089359096,0.4637484185954926,0.28281848224247935,1.8264048436193965,0.8647963654889471
Adjusted policy,0.56,1.0559999999999998,17.650000000000002,0.9278560089360653,0.4637484185949759,0.28281848224336203,1.8315795728357676,0.8647963654889834
Adjusted policy,0.56,1.0559999999999998,17.7,0.9278560089362826,0.46374841859448523,0.2828184822441203,1.836754302052137,0.8647963654890343
Adjusted policy,0.56,1.0559999999999998,17.75,0.9278560089365301,0.46374841859402144,0.2828184822447893,1.8419290312685062,0.864796365489092
Adjusted policy,0.56,1.0559999999999998,17.8,0.9278560089367756,0.4637484185935858,0.282818482245405,1.8471037604848752,0.8647963654891495
Adjusted policy,0.56,1.0559999999999998,17.85,0.9278560089369864,0.4637484185931796,0.2828184822460035,1.8522784897012448,0.8647963654891988
Adjusted policy,0.56,1.0559999999999998,17.900000000000002,0.9278560089371302,0.4637484185928043,0.2828184822466203,1.8574532189176158,0.8647963654892326
Adjusted policy,0.56,1.0559999999999998,17.95,0.9278560089371759,0.4637484185924613,0.2828184822472897,1.8626279481339882,0.8647963654892431
Adjusted policy,0.56,1.0559999999999998,18.0,0.9278560089370939,0.4637484185921519,0.282818482248044,1.8678026773503635,0.8647963654892239
Adjusted policy,0.56,1.0559999999999998,18.05,0.9278560089368574,0.4637484185918772,0.2828184822489129,1.8729774065667422,0.8647963654891686
Adjusted policy,0.56,1.0559999999999998,18.1,0.9278560089364425,0.4637484185916382,0.28281848224992256,1.8781521357831241,0.8647963654890716
Adjusted policy,0.56,1.0559999999999998,18.150000000000002,0.9278560089358292,0.4637484185914355,0.28281848225109557,1.8833268649995099,0.8647963654889284
Adjusted policy,0.56,1.0559999999999998,18.2,0.927856008935002,0.4637484185912694,0.28281848225244954,1.8885015942158998,0.8647963654887348
Adjusted policy,0.56,1.0559999999999998,18.25,0.9278560089339504,0.4637484185911398,0.2828184822539973,1.8936763234322944,0.8647963654884889
Adjusted policy,0.56,1.0559999999999998,18.3,0.9278560089326691,0.463748418591046,0.28281848225574585,1.8988510526486935,0.8647963654881892
Adjusted policy,0.56,1.0559999999999998,18.35,0.9278560089311588,0.46374841859098687,0.28281848225769646,1.9040257818650974,0.8647963654878361
Adjusted policy,0.56,1.0559999999999998,18.400000000000002,0.9278560089294265,0.46374841859096083,0.2828184822598439,1.9092005110815056,0.8647963654874309
Adjusted policy,0.56,1.0559999999999998,18.45,0.9278560089274855,0.4637484185909656,0.2828184822621766,1.9143752402979175,0.864796365486977
Adjusted policy,0.56,1.0559999999999998,18.5,0.9278560089253555,0.46374841859099847,0.2828184822646764,1.9195499695143337,0.8647963654864789
Adjusted policy,0.56,1.0559999999999998,18.55,0.9278560089230625,0.463748418591056,0.2828184822673186,1.9247246987307531,0.8647963654859426
Adjusted policy,0.56,1.0559999999999998,18.6,0.927856008920639,0.4637484185911342,0.2828184822700721,1.929899427947175,0.8647963654853761
Adjusted policy,0.56,1.0559999999999998,18.650000000000002,0.9278560089181235,0.4637484185912288,0.2828184822728999,1.935074157163599,0.8647963654847878
Adjusted policy,0.56,1.0559999999999998,18.7,0.9278560089155597,0.46374841859133475,0.2828184822757593,1.9402488863800234,0.8647963654841883
Adjusted policy,0.56,1.0559999999999998,18.75,0.9278560089129964,0.4637484185914467,0.2828184822786027,1.9454236155964482,0.8647963654835887
Adjusted policy,0.56,1.0559999999999998,18.8,0.927856008910486,0.46374841859155913,0.2828184822813785,1.9505983448128716,0.8647963654830018
Adjusted policy,0.56,1.0559999999999998,18.85,0.9278560089080846,0.463748418591666,0.282818482284032,1.9557730740292931,0.8647963654824403
Adjusted policy,0.56,1.0559999999999998,18.900000000000002,0.9278560089058492,0.46374841859176136,0.28281848228650674,1.9609478032457113,0.8647963654819175
Adjusted policy,0.56,1.0559999999999998,18.95,0.9278560089038377,0.46374841859183924,0.2828184822887459,1.9661225324621243,0.8647963654814471
Adjusted policy,0.56,1.0559999999999998,19.0,0.9278560089021062,0.46374841859189386,0.2828184822906938,1.9712972616785323,0.8647963654810422
Adjusted policy,0.56,1.0559999999999998,19.05,0.9278560089007079,0.46374841859191984,0.28281848229229817,1.9764719908949335,0.8647963654807153
Adjusted policy,0.56,1.0559999999999998,19.1,0.9278560088996901,0.4637484185919124,0.28281848229351214,1.981646720111327,0.8647963654804771
Adjusted policy,0.56,1.0559999999999998,19.150000000000002,0.9278560088990925,0.4637484185918677,0.28281848229429657,1.9868214493277119,0.8647963654803374
Adjusted policy,0.56,1.0559999999999998,19.200000000000003,0.927856008898944,0.46374841859178284,0.282818482294623,1.9919961785440878,0.8647963654803027
Adjusted policy,0.56,1.0559999999999998,19.25,0.92785600889926,0.4637484185916565,0.28281848229447626,1.997170907760454,0.8647963654803766
Adjusted policy,0.56,1.0559999999999998,19.3,0.9278560089000388,0.46374841859148896,0.28281848229385825,2.0023456369768113,0.8647963654805588
Adjusted policy,0.56,1.0559999999999998,19.35,0.9278560089012583,0.4637484185912827,0.2828184822927913,2.0075203661931598,0.8647963654808439
Adjusted policy,0.56,1.0559999999999998,19.400000000000002,0.927856008902872,0.46374841859104265,0.28281848229132184,2.0126950954095,0.8647963654812212
Adjusted policy,0.56,1.0559999999999998,19.450000000000003,0.9278560089048046,0.4637484185907767,0.28281848228952516,2.0178698246258344,0.8647963654816733
Adjusted policy,0.56,1.0559999999999998,19.5,0.9278560089069474,0.4637484185904959,0.28281848228750966,2.0230445538421638,0.8647963654821743
Adjusted policy,0.56,1.0559999999999998,19.55,0.9278560089091534,0.4637484185902155,0.28281848228542195,2.028219283058492,0.8647963654826902
Adjusted policy,0.56,1.0559999999999998,19.6,0.9278560089112323,0.46374841858995475,0.282818482283452,2.0333940122748233,0.8647963654831763
Adjusted policy,0.56,1.0559999999999998,19.650000000000002,0.9278560089129441,0.4637484185897381,0.28281848228183903,2.0385687414911615,0.8647963654835766
Adjusted policy,0.56,1.0559999999999998,19.700000000000003,0.9278560089139934,0.46374841858959537,0.2828184822808776,2.0437434707075135,0.8647963654838219
Adjusted policy,0.56,1.0559999999999998,19.75,0.9278560089141339,0.46374841858980326,0.282818482280786,2.0489181999238832,0.8647963654838547
Adjusted policy,0.56,1.0559999999999998,19.8,0.9278560089138418,0.46374841859160953,0.282818482280947,2.0540929291402654,0.8647963654837866
Adjusted policy,0.56,1.0559999999999998,19.85,0.9278560089133251,0.46374841859465066,0.2828184822811902,2.059267658356654,0.8647963654836657
Adjusted policy,0.56,1.0559999999999998,19.900000000000002,0.9278560089126785,0.46374841859838556,0.28281848228147877,2.064442387573046,0.8647963654835146
Adjusted policy,0.56,1.0559999999999998,19.950000000000003,0.9278560089119793,0.463748418602376,0.28281848228178286,2.0696171167894404,0.8647963654833509
Adjusted policy,0.56,1.0559999999999998,20.0,0.9278560089112885,0.4637484186062762,0.282818482282079,2.0747918460058337,0.8647963654831894
Adjusted policy,0.56,1.0559999999999998,20.05,0.9278560089106532,0.4637484186098232,0.28281848228234935,2.079966575222225,0.864796365483041
Adjusted policy,0.56,1.0559999999999998,20.1,0.9278560089101074,0.46374841861282773,0.2828184822825811,2.0851413044386145,0.8647963654829133
Adjusted policy,0.56,1.0559999999999998,20.150000000000002,0.9278560089096739,0.4637484186151657,0.28281848228276585,2.0903160336549997,0.8647963654828119
Adjusted policy,0.56,1.0559999999999998,20.200000000000003,0.9278560089093655,0.46374841861676985,0.282818482282899,2.0954907628713815,0.8647963654827397
Adjusted policy,0.56,1.0559999999999998,20.25,0.9278560089091866,0.46374841861762234,0.28281848228297957,2.100665492087759,0.8647963654826979
Adjusted policy,0.56,1.0559999999999998,20.3,0.9278560089091342,0.46374841861774757,0.28281848228300915,2.105840221304133,0.8647963654826857
Adjusted policy,0.56,1.0559999999999998,20.35,0.9278560089091991,0.46374841861720534,0.28281848228299195,2.1110149505205036,0.8647963654827009
Adjusted policy,0.56,1.0559999999999998,20.400000000000002,0.9278560089093666,0.4637484186160847,0.2828184822829341,2.1161896797368707,0.8647963654827401
Adjusted policy,0.56,1.0559999999999998,20.450000000000003,0.9278560089096184,0.4637484186144982,0.2828184822828433,2.1213644089532355,0.8647963654827988
Adjusted policy,0.56,1.0559999999999998,20.5,0.9278560089099327,0.4637484186125765,0.28281848228272854,2.126539138169598,0.8647963654828724
Adjusted policy,0.56,1.0559999999999998,20.55,0.9278560089102852,0.4637484186104632,0.28281848228259965,2.13171386738596,0.8647963654829548
Adjusted policy,0.56,1.0559999999999998,20.6,0.9278560089106503,0.4637484186083107,0.28281848228246703,2.1368885966023217,0.8647963654830403
Adjusted policy,0.56,1.0559999999999998,20.650000000000002,0.9278560089110015,0.4637484186062755,0.2828184822823415,2.142063325818684,0.8647963654831223
Adjusted policy,0.56,1.0559999999999998,20.700000000000003,0.9278560089113118,0.46374841860451493,0.2828184822822338,2.147238055035047,0.8647963654831948
Adjusted policy,0.56,1.0559999999999998,20.75,0.927856008911555,0.46374841860318344,0.2828184822821544,2.1524127842514122,0.8647963654832517
Adjusted policy,0.56,1.0559999999999998,20.8,0.9278560089117052,0.46374841860242955,0.2828184822821136,2.1575875134677807,0.8647963654832869
Adjusted policy,0.56,1.0559999999999998,20.85,0.9278560089117386,0.4637484186023931,0.2828184822821209,2.1627622426841526,0.8647963654832946
Adjusted policy,0.56,1.0559999999999998,20.900000000000002,0.9278560089116327,0.463748418603203,0.2828184822821852,2.167936971900529,0.8647963654832699
Adjusted policy,0.56,1.0559999999999998,20.950000000000003,0.9278560089113673,0.46374841860497507,0.2828184822823143,2.1731117011169103,0.8647963654832078
Adjusted policy,0.56,1.0559999999999998,21.0,0.9278560089109249,0.46374841860781024,0.28281848228251527,2.178286430333297,0.8647963654831043
Adjusted policy,0.56,1.0559999999999998,21.05,0.9278560089102903,0.46374841861179317,0.28281848228279377,2.1834611595496893,0.8647963654829561
Adjusted policy,0.56,1.0559999999999998,21.1,0.9278560089094514,0.46374841861699095,0.28281848228315454,2.1886358887660884,0.8647963654827598
Adjusted policy,0.56,1.0559999999999998,21.150000000000002,0.9278560089083995,0.4637484186234522,0.2828184822836008,2.193810617982494,0.8647963654825138
Adjusted policy,0.56,1.0559999999999998,21.200000000000003,0.9278560089071287,0.46374841863120636,0.2828184822841347,2.1989853471989065,0.8647963654822167
Adjusted policy,0.56,1.0559999999999998,21.25,0.9278560089056366,0.46374841864026356,0.2828184822847568,2.204160076415325,0.8647963654818677
Adjusted policy,0.56,1.0559999999999998,21.3,0.9278560089039242,0.463748418650614,0.28281848228546663,2.2093348056317508,0.8647963654814673
Adjusted policy,0.56,1.0559999999999998,21.35,0.9278560089019957,0.46374841866222827,0.2828184822862621,2.214509534848183,0.8647963654810163
Adjusted policy,0.56,1.0559999999999998,21.400000000000002,0.9278560088998586,0.46374841867505756,0.28281848228713996,2.2196842640646217,0.8647963654805166
Adjusted policy,0.56,1.0559999999999998,21.450000000000003,0.927856008897524,0.4637484186890341,0.2828184822880956,2.2248589932810665,0.8647963654799706
Adjusted policy,0.56,1.0559999999999998,21.5,0.9278560088950056,0.46374841870407163,0.2828184822891231,2.230033722497516,0.8647963654793818
Adjusted policy,0.56,1.0559999999999998,21.55,0.9278560088923204,0.4637484187200665,0.28281848229021544,2.2352084517139716,0.8647963654787537
Adjusted policy,0.56,1.0559999999999998,21.6,0.9278560088894884,0.46374841873689837,0.28281848229136447,2.2403831809304315,0.8647963654780915
Adjusted policy,0.56,1.0559999999999998,21.650000000000002,0.9278560088865317,0.46374841875443146,0.2828184822925609,2.245557910146895,0.8647963654774001
Adjusted policy,0.56,1.0559999999999998,21.700000000000003,0.9278560088834756,0.4637484187725158,0.28281848229379464,2.2507326393633615,0.8647963654766855
Adjusted policy,0.56,1.0559999999999998,21.75,0.9278560088803471,0.46374841879098866,0.28281848229505446,2.2559073685798294,0.864796365475954
Adjusted policy,0.56,1.0559999999999998,21.8,0.9278560088771755,0.46374841880967577,0.28281848229632855,2.2610820977962995,0.8647963654752121
Adjusted policy,0.56,1.0559999999999998,21.85,0.9278560088739913,0.46374841882839335,0.2828184822976044,2.2662568270127696,0.8647963654744675
Adjusted policy,0.56,1.0559999999999998,21.900000000000002,0.9278560088708271,0.4637484188469494,0.282818482298869,2.2714315562292393,0.8647963654737277
Adjusted policy,0.56,1.0559999999999998,21.950000000000003,0.927856008867716,0.46374841886514573,0.2828184823001088,2.2766062854457068,0.8647963654730001
Adjusted policy,0.56,1.0559999999999998,22.0,0.9278560088646925,0.46374841888277957,0.28281848230130996,2.2817810146621715,0.8647963654722931
Adjusted policy,0.56,1.0559999999999998,22.05,0.9278560088617914,0.4637484188996457,0.28281848230245854,2.2869557438786323,0.8647963654716148
Adjusted policy,0.56,1.0559999999999998,22.1,0.9278560088590474,0.4637484189155381,0.28281848230354056,2.2921304730950887,0.8647963654709729
Adjusted policy,0.56,1.0559999999999998,22.150000000000002,0.9278560088564953,0.46374841893025215,0.282818482304542,2.297305202311539,0.8647963654703763
Adjusted policy,0.56,1.0559999999999998,22.200000000000003,0.9278560088541695,0.46374841894358637,0.2828184823054492,2.302479931527982,0.8647963654698323
Adjusted policy,0.56,1.0559999999999998,22.25,0.9278560088521034,0.46374841895534463,0.2828184823062488,2.3076546607444164,0.8647963654693492
Adjusted policy,0.56,1.0559999999999998,22.3,0.9278560088503295,0.46374841896533786,0.28281848230692785,2.3128293899608425,0.8647963654689343
Adjusted policy,0.56,1.0559999999999998,22.35,0.9278560088488785,0.46374841897338626,0.28281848230747425,2.3180041191772585,0.8647963654685951
Adjusted policy,0.56,1.0559999999999998,22.400000000000002,0.9278560088477795,0.463748418979321,0.28281848230787643,2.3231788483936637,0.864796365468338
Adjusted policy,0.56,1.0559999999999998,22.450000000000003,0.9278560088470595,0.4637484189829862,0.28281848230812384,2.3283535776100575,0.8647963654681696
Adjusted policy,0.56,1.0559999999999998,22.5,0.9278560088467431,0.46374841898424074,0.2828184823082068,2.333528306826438,0.8647963654680956
Adjusted policy,0.56,1.0559999999999998,22.55,0.9278560088468519,0.46374841898295993,0.2828184823081169,2.338703036042806,0.8647963654681212
Adjusted policy,0.56,1.0559999999999998,22.6,0.9278560088474048,0.4637484189790374,0.28281848230784684,2.3438777652591605,0.8647963654682503
Adjusted policy,0.56,1.0559999999999998,22.650000000000002,0.9278560088484172,0.46374841897238633,0.2828184823073908,2.3490524944755005,0.8647963654684871
Adjusted policy,0.56,1.0559999999999998,22.700000000000003,0.9278560088499012,0.4637484189629413,0.28281848230674433,2.3542272236918262,0.8647963654688342
Adjusted policy,0.56,1.0559999999999998,22.75,0.9278560088518648,0.4637484189506593,0.2828184823059045,2.359401952908137,0.8647963654692934
Adjusted policy,0.56,1.0559999999999998,22.8,0.9278560088543123,0.4637484189355213,0.2828184823048701,2.364576682124433,0.8647963654698656
Adjusted policy,0.56,1.0559999999999998,22.85,0.9278560088572436,0.46374841891753316,0.2828184823036415,2.3697514113407143,0.8647963654705512
Adjusted policy,0.56,1.0559999999999998,22.900000000000002,0.9278560088606547,0.46374841889672647,0.2828184823022209,2.374926140556981,0.8647963654713489
Adjusted policy,0.56,1.0559999999999998,22.950000000000003,0.9278560088645363,0.46374841887315954,0.28281848230061224,2.3801008697732335,0.8647963654722566
Adjusted policy,0.56,1.0559999999999998,23.0,0.9278560088688755,0.4637484188469179,0.2828184822988215,2.3852755989894714,0.8647963654732712
Adjusted policy,0.56,1.0559999999999998,23.05,0.9278560088736539,0.46374841881811474,0.28281848229685635,2.3904503282056964,0.8647963654743887
Adjusted policy,0.56,1.0559999999999998,23.1,0.927856008878849,0.4637484187868911,0.2828184822947265,2.3956250574219085,0.8647963654756036
Adjusted policy,0.56,1.0559999999999998,23.150000000000002,0.9278560088844332,0.46374841875341594,0.28281848229244344,2.400799786638109,0.8647963654769094
Adjusted policy,0.56,1.0559999999999998,23.200000000000003,0.9278560088903742,0.4637484187178858,0.2828184822900206,2.4059745158542984,0.8647963654782987
Adjusted policy,0.56,1.0559999999999998,23.25,0.9278560088966356,0.46374841868052435,0.2828184822874733,2.411149245070478,0.8647963654797629
Adjusted policy,0.56,1.0559999999999998,23.3,0.9278560089031759,0.46374841864158195,0.2828184822848186,2.41632397428665,0.8647963654812924
Adjusted policy,0.56,1.0559999999999998,23.35,0.9278560089099493,0.4637484186013343,0.28281848228207535,2.4214987035028144,0.8647963654828764
Adjusted policy,0.56,1.0559999999999998,23.400000000000002,0.9278560089169064,0.4637484185600815,0.282818482279264,2.4266734327189736,0.8647963654845031
Adjusted policy,0.56,1.0559999999999998,23.450000000000003,0.9278560089239934,0.4637484185181462,0.28281848227640666,2.431848161935129,0.8647963654861603
Adjusted policy,0.56,1.0559999999999998,23.5,0.9278560089311529,0.4637484184758723,0.2828184822735267,2.437022891151282,0.8647963654878347
Adjusted policy,0.56,1.0559999999999998,23.55,0.9278560089383245,0.4637484184336223,0.28281848227064893,2.442197620367435,0.8647963654895117
Adjusted policy,0.56,1.0559999999999998,23.6,0.9278560089454448,0.46374841839177516,0.28281848226779915,2.4473723495835897,0.8647963654911768
Adjusted policy,0.56,1.0559999999999998,23.650000000000002,0.9278560089524481,0.46374841835072345,0.2828184822650042,2.4525470787997485,0.8647963654928145
Adjusted policy,0.56,1.0559999999999998,23.700000000000003,0.9278560089592666,0.4637484183108701,0.28281848226229156,2.457721808015913,0.864796365494409
Adjusted policy,0.56,1.0559999999999998,23.75,0.9278560089658314,0.46374841827262514,0.2828184822596892,2.4628965372320852,0.8647963654959442
Adjusted policy,0.56,1.0559999999999998,23.8,0.927856008972073,0.4637484182364017,0.2828184822572252,2.468071266448268,0.8647963654974037
Adjusted policy,0.56,1.0559999999999998,23.85,0.9278560089779218,0.4637484182026119,0.28281848225492784,2.4732459956644632,0.8647963654987714
Adjusted policy,0.56,1.0559999999999998,23.900000000000002,0.9278560089833089,0.46374841817166207,0.2828184822528247,2.478420724880673,0.8647963655000311
Adjusted policy,0.56,1.0559999999999998,23.950000000000003,0.9278560089881674,0.46374841814394774,0.28281848225094275,2.483595454096899,0.8647963655011673
Adjusted policy,0.56,1.0559999999999998,24.0,0.9278560089924327,0.46374841811984846,0.2828184822493079,2.488770183313143,0.8647963655021647
Adjusted policy,0.56,1.0559999999999998,24.05,0.9278560089960438,0.4637484180997215,0.2828184822479445,2.4939449125294075,0.8647963655030093
Adjusted policy,0.56,1.0559999999999998,24.1,0.9278560089989444,0.463748418083896,0.2828184822468749,2.4991196417456942,0.8647963655036874
Adjusted policy,0.56,1.0559999999999998,24.150000000000002,0.9278560090010837,0.4637484180726658,0.28281848224611916,2.504294370962005,0.8647963655041878
Adjusted policy,0.56,1.0559999999999998,24.200000000000003,0.9278560090024179,0.4637484180662825,0.28281848224569445,2.50946910017834,0.8647963655044999
Adjusted policy,0.56,1.0559999999999998,24.25,0.9278560090029117,0.46374841806494754,0.28281848224561434,2.514643829394701,0.8647963655046152
Adjusted policy,0.56,1.0559999999999998,24.3,0.9278560090025388,0.4637484180688041,0.2828184822458887,2.519818558611089,0.8647963655045281
Adjusted policy,0.56,1.0559999999999998,24.35,0.9278560090012846,0.46374841807792855,0.2828184822465225,2.524993287827504,0.8647963655042348
Adjusted policy,0.56,1.0559999999999998,24.400000000000002,0.9278560089991468,0.46374841809232087,0.28281848224751577,2.530168017043946,0.8647963655037348
Adjusted policy,0.56,1.0559999999999998,24.450000000000003,0.9278560089961371,0.4637484181118953,0.28281848224886263,2.535342746260415,0.8647963655030311
Adjusted policy,0.56,1.0559999999999998,24.5,0.9278560089922834,0.46374841813646983,0.28281848225055045,2.5405174754769093,0.8647963655021298
Adjusted policy,0.56,1.0559999999999998,24.55,0.9278560089876313,0.46374841816575546,0.28281848225255957,2.5456922046934287,0.864796365501042
Adjusted policy,0.56,1.0559999999999998,24.6,0.9278560089822462,0.46374841819934476,0.282818482254862,2.5508669339099708,0.8647963654997827
Adjusted policy,0.56,1.0559999999999998,24.650000000000002,0.9278560089762148,0.46374841823670004,0.28281848225742096,2.5560416631265324,0.8647963654983722
Adjusted policy,0.56,1.0559999999999998,24.700000000000003,0.927856008969648,0.4637484182771406,0.2828184822601899,2.56121639234311,0.8647963654968366
Adjusted policy,0.56,1.0559999999999998,24.75,0.9278560089626824,0.4637484183198298,0.2828184822631117,2.5663911215596995,0.8647963654952078
Adjusted policy,0.56,1.0559999999999998,24.8,0.9278560089554829,0.4637484183637612,0.28281848226611744,2.571565850776296,0.8647963654935242
Adjusted policy,0.56,1.0559999999999998,24.85,0.9278560089482453,0.46374841840774417,0.28281848226912587,2.5767405799928933,0.8647963654918317
Adjusted policy,0.56,1.0559999999999998,24.900000000000002,0.9278560089411982,0.46374841845038894,0.2828184822720419,2.581915309209484,0.8647963654901837
Adjusted policy,0.56,1.0559999999999998,24.950000000000003,0.9278560089346065,0.4637484184900909,0.2828184822747561,2.587090038426061,0.8647963654886424
Adjusted policy,0.56,1.0559999999999998,25.0,0.9278560089287734,0.4637484185250144,0.28281848227714285,2.592264767642613,0.8647963654872783
Adjusted policy,0.56,1.0559999999999998,25.05,0.9278560089240436,0.4637484185530756,0.2828184822790599,2.5974394968591312,0.8647963654861722
Adjusted policy,0.56,1.0559999999999998,25.1,0.9278560089208063,0.46374841857192484,0.2828184822803468,2.6026142260756027,0.8647963654854152
Adjusted policy,0.56,1.0559999999999998,25.150000000000002,0.9278560089194597,0.46374841857892724,0.2828184822808289,2.6077889552920146,0.8647963654851003
Adjusted policy,0.56,1.0559999999999998,25.200000000000003,0.9278560089015517,0.46374841857196153,0.2828184822829792,2.6129636845086908,0.8647963654809125
Adjusted policy,0.56,1.0559999999999998,25.25,0.9278560088590687,0.4637484185541505,0.28281848228805445,2.61813841372578,0.8647963654709779
Adjusted policy,0.56,1.0559999999999998,25.3,0.9278560088017129,0.46374841852971416,0.2828184822948949,2.6233131429431196,0.8647963654575656
Adjusted policy,0.56,1.0559999999999998,25.35,0.9278560087374061,0.4637484185021031,0.28281848230255424,2.6284878721605764,0.8647963654425275
Adjusted policy,0.56,1.0559999999999998,25.400000000000002,0.9278560086724643,0.4637484184740735,0.28281848231027823,2.6336626013780435,0.8647963654273411
Adjusted policy,0.56,1.0559999999999998,25.450000000000003,0.9278560086117625,0.4637484184477582,0.28281848231748546,2.6388373305954387,0.8647963654131462
Adjusted policy,0.56,1.0559999999999998,25.5,0.927856008558891,0.4637484184247341,0.28281848232374823,2.6440120598127015,0.8647963654007822
Adjusted policy,0.56,1.0559999999999998,25.55,0.9278560085163028,0.4637484184060854,0.28281848232877504,2.649186789029791,0.864796365390823
Adjusted policy,0.56,1.0559999999999998,25.6,0.9278560084854524,0.4637484183924639,0.2828184823323938,2.6543615182466826,0.8647963653836088
Adjusted policy,0.56,1.0559999999999998,25.650000000000002,0.927856008466927,0.463748418384145,0.2828184823345364,2.659536247463367,0.8647963653792766
Adjusted policy,0.56,1.0559999999999998,25.700000000000003,0.9278560084605688,0.4637484183810809,0.28281848233522355,2.664710976679846,0.8647963653777899
Adjusted policy,0.56,1.0559999999999998,25.75,0.9278560084655899,0.4637484183829497,0.2828184823345516,2.669885705896133,0.8647963653789641
Adjusted policy,0.56,1.0559999999999998,25.8,0.9278560084806796,0.4637484183892022,0.28281848233267914,2.6750604351122504,0.8647963653824927
Adjusted policy,0.56,1.0559999999999998,25.85,0.9278560085041035,0.4637484183991042,0.28281848232981543,2.680235164328228,0.8647963653879704
Adjusted policy,0.56,1.0559999999999998,25.900000000000002,0.9278560085337967,0.46374841841177683,0.2828184823262092,2.6854098935441,0.864796365394914
Adjusted policy,0.56,1.0559999999999998,25.950000000000003,0.9278560085674484,0.4637484184262334,0.28281848232213835,2.6905846227599053,0.8647963654027835
Adjusted policy,0.56,1.0559999999999998,26.0,0.9278560086025813,0.463748418441413,0.28281848231790063,2.6957593519756853,0.8647963654109991
Adjusted policy,0.56,1.0559999999999998,26.05,0.9278560086366223,0.46374841845621184,0.282818482313805,2.700934081191485,0.8647963654189594
Adjusted policy,0.56,1.0559999999999998,26.1,0.9278560086669692,0.4637484184695115,0.2828184823101638,2.7061088104073465,0.8647963654260561
Adjusted policy,0.56,1.0559999999999998,26.150000000000002,0.9278560086910489,0.4637484184802042,0.28281848230728573,2.711283539623314,0.864796365431687
Adjusted policy,0.56,1.0559999999999998,26.200000000000003,0.927856008706371,0.4637484184872164,0.28281848230546913,2.716458268839429,0.8647963654352699
Adjusted policy,0.56,1.0559999999999998,26.25,0.9278560087105753,0.4637484184895286,0.28281848230499695,2.721632998055732,0.8647963654362533
Adjusted policy,0.56,1.0559999999999998,26.3,0.9278560087014729,0.4637484184861941,0.2828184823061311,2.7268077272722593,0.8647963654341246
Adjusted policy,0.56,1.0559999999999998,26.35,0.9278560086770834,0.4637484184763541,0.2828184823091086,2.7319824564890447,0.8647963654284213
Adjusted policy,0.56,1.0559999999999998,26.400000000000002,0.9278560086356652,0.46374841845925185,0.2828184823141376,2.737157185706117,0.8647963654187357
Adjusted policy,0.56,1.0559999999999998,26.450000000000003,0.9278560085757419,0.46374841843424336,0.2828184823213942,2.7423319149235015,0.8647963654047228
Adjusted policy,0.56,1.0559999999999998,26.5,0.9278560084961234,0.46374841840080716,0.2828184823310203,2.7475066441412177,0.8647963653861043
Adjusted policy,0.56,1.0559999999999998,26.55,0.9278560083959227,0.4637484183585514,0.2828184823431211,2.752681373359281,0.8647963653626726
Adjusted policy,0.56,1.0559999999999998,26.6,0.9278560082745685,0.46374841830721925,0.28281848235776413,2.7578561025777013,0.8647963653342942
Adjusted policy,0.56,1.0559999999999998,26.650000000000002,0.9278560081318122,0.46374841824669244,0.2828184823749778,2.7630308317964825,0.8647963653009111
Adjusted policy,0.56,1.0559999999999998,26.700000000000003,0.9278560079677335,0.4637484181769933,0.2828184823947515,2.768205561015623,0.8647963652625417
Adjusted policy,0.56,1.0559999999999998,26.75,0.927856007782739,0.46374841809828493,0.28281848241703494,2.773380290235115,0.8647963652192813
Adjusted policy,0.56,1.0559999999999998,26.8,0.9278560075775605,0.4637484180108698,0.2828184824417391,2.778555019454948,0.8647963651713009
Adjusted policy,0.56,1.0559999999999998,26.85,0.9278560073532469,0.4637484179151871,0.28281848246873686,2.783729748675104,0.8647963651188457
Adjusted policy,0.56,1.0559999999999998,26.900000000000002,0.9278560071111557,0.46374841781180876,0.28281848249786395,2.7889044778955587,0.8647963650622332
Adjusted policy,0.56,1.0559999999999998,26.950000000000003,0.9278560068529388,0.4637484177014336,0.2828184825289209,2.7940792071162854,0.8647963650018501
Adjusted policy,0.56,1.0559999999999998,27.0,0.9278560065805281,0.4637484175848812,0.2828184825616746,2.7992539363372506,0.8647963649381476
Adjusted policy,0.56,1.0559999999999998,27.05,0.9278560062961168,0.463748417463084,0.2828184825958607,2.8044286655584187,0.8647963648716388
Adjusted policy,0.56,1.0559999999999998,27.1,0.9278560060021385,0.46374841733707844,0.282818482631186,2.8096033947797476,0.8647963648028928
Adjusted policy,0.56,1.0559999999999998,27.150000000000002,0.9278560057012454,0.46374841720799564,0.2828184826673312,2.814778124001193,0.8647963647325297
Adjusted policy,0.56,1.0559999999999998,27.200000000000003,0.9278560053962831,0.4637484170770505,0.2828184827039538,2.8199528532227065,0.8647963646612151
Adjusted policy,0.56,1.0559999999999998,27.25,0.9278560050902643,0.46374841694553076,0.28281848274069143,2.825127582444237,0.8647963645896536
Adjusted policy,0.56,1.0559999999999998,27.3,0.927856004786341,0.46374841681478496,0.282818482777165,2.8303023116657324,0.8647963645185819
Adjusted policy,0.56,1.0559999999999998,27.35,0.927856004487775,0.46374841668620986,0.2828184828129822,2.8354770408871377,0.8647963644487631
Adjusted policy,0.56,1.0559999999999998,27.400000000000002,0.9278560041979081,0.46374841656123755,0.28281848284774164,2.8406517701083955,0.8647963643809785
Adjusted policy,0.56,1.0559999999999998,27.450000000000003,0.9278560039201299,0.463748416441322,0.28281848288103595,2.845826499329449,0.8647963643160209
Adjusted policy,0.56,1.0559999999999998,27.5,0.9278560036578466,0.46374841632792524,0.282818482912456,2.851001228550241,0.8647963642546865
Adjusted policy,0.56,1.0559999999999998,27.55,0.9278560034144476,0.4637484162225036,0.2828184829415948,2.8561759577707146,0.8647963641977685
Adjusted policy,0.56,1.0559999999999998,27.6,0.9278560031932735,0.46374841612649353,0.28281848296805134,2.8613506869908134,0.8647963641460475
Adjusted policy,0.56,1.0559999999999998,27.650000000000002,0.9278560029975825,0.46374841604129724,0.28281848299143464,2.8665254162104823,0.8647963641002858
Adjusted policy,0.56,1.0559999999999998,27.700000000000003,0.9278560028305176,0.4637484159682689,0.28281848301136775,2.8717001454296684,0.8647963640612181
Adjusted policy,0.56,1.0559999999999998,27.75,0.9278560026950737,0.46374841590870036,0.2828184830274915,2.876874874648321,0.8647963640295449
Adjusted policy,0.56,1.0559999999999998,27.8,0.9278560025940662,0.4637484158638075,0.28281848303946855,2.8820496038663928,0.8647963640059245
Adjusted policy,0.56,1.0559999999999998,27.85,0.9278560025300988,0.46374841583471665,0.282818483046987,2.88722433308384,0.8647963639909659
Adjusted policy,0.56,1.0559999999999998,27.900000000000002,0.9278560025055335,0.4637484158224516,0.28281848304976404,2.8923990623006226,0.8647963639852214
Adjusted policy,0.56,1.0559999999999998,27.950000000000003,0.9278560025224608,0.46374841582792053,0.2828184830475498,2.897573791516706,0.8647963639891798
Adjusted policy,0.56,1.0559999999999998,28.0,0.9278560025826718,0.46374841585190457,0.28281848304013035,2.9027485207320587,0.8647963640032599
Adjusted policy,0.56,1.0559999999999998,28.05,0.9278560026876316,0.46374841589504573,0.28281848302733104,2.907923249946658,0.8647963640278046
Adjusted policy,0.56,1.0559999999999998,28.1,0.9278560028384544,0.46374841595783645,0.2828184830090194,2.9130979791604834,0.8647963640630739
Adjusted policy,0.56,1.0559999999999998,28.150000000000002,0.9278560030358803,0.4637484160406097,0.28281848298510814,2.9182727083735234,0.8647963641092414
Adjusted policy,0.56,1.0559999999999998,28.200000000000003,0.9278560032802552,0.46374841614352974,0.2828184829555573,2.923447437585772,0.8647963641663879
Adjusted policy,0.56,1.0559999999999998,28.25,0.9278560035715111,0.46374841626658453,0.2828184829203767,2.92862216679723,0.8647963642344974
Adjusted policy,0.56,1.0559999999999998,28.3,0.9278560039091516,0.46374841640957837,0.28281848287962774,2.933796896007906,0.8647963643134536
Adjusted policy,0.56,1.0559999999999998,28.35,0.9278560042922375,0.4637484165721264,0.2828184828334251,2.9389716252178166,0.8647963644030371
Adjusted policy,0.56,1.0559999999999998,28.400000000000002,0.9278560047193769,0.46374841675365,0.2828184827819377,2.9441463544269846,0.8647963645029225
Adjusted policy,0.56,1.0559999999999998,28.450000000000003,0.9278560051887187,0.4637484169533735,0.28281848272538995,2.949321083635441,0.8647963646126768
Adjusted policy,0.56,1.0559999999999998,28.5,0.9278560056979476,0.46374841717032284,0.28281848266406184,2.9544958128432257,0.8647963647317586
Adjusted policy,0.56,1.0559999999999998,28.55,0.927856006244285,0.46374841740332495,0.282818482598289,2.9596705420503846,0.864796364859518
Adjusted policy,0.56,1.0559999999999998,28.6,0.927856006824492,0.4637484176510092,0.28281848252846253,2.9648452712569733,0.8647963649951979
Adjusted policy,0.56,1.0559999999999998,28.650000000000002,0.927856007434877,0.46374841791181076,0.2828184824550277,2.9700200004630535,0.8647963651379347
Adjusted policy,0.56,1.0559999999999998,28.700000000000003,0.9278560080713073,0.4637484181839751,0.2828184823784829,2.9751947296686954,0.8647963652867622
Adjusted policy,0.56,1.0559999999999998,28.75,0.9278560087292254,0.4637484184655651,0.2828184822993774,2.980369458873975,0.8647963654406144
Adjusted policy,0.56,1.0559999999999998,28.8,0.9278560094036692,0.46374841875446926,0.282818482218309,2.9855441880789764,0.8647963655983314
Adjusted policy,0.56,1.0559999999999998,28.85,0.9278560100892981,0.463748419048413,0.28281848213592103,2.9907189172837905,0.8647963657586637
Adjusted policy,0.56,1.0559999999999998,28.900000000000002,0.9278560107804223,0.46374841934497113,0.28281848205289845,2.995893646488512,0.8647963659202812
Adjusted policy,0.56,1.0559999999999998,28.950000000000003,0.9278560114710398,0.463748419641583,0.2828184819699638,3.001068375693243,0.8647963660817801
Adjusted policy,0.56,1.0559999999999998,29.0,0.9278560121548759,0.4637484199355699,0.2828184818878722,3.0062431048980884,0.8647963662416933
Adjusted policy,0.56,1.0559999999999998,29.05,0.9278560128254307,0.463748420224155,0.28281848180740554,3.011417834103159,0.8647963663985008
Adjusted policy,0.56,1.0559999999999998,29.1,0.9278560134760313,0.46374842050448545,0.2828184817293666,3.0165925633085666,0.8647963665506418
Adjusted policy,0.56,1.0559999999999998,29.150000000000002,0.9278560140998898,0.46374842077365713,0.2828184816545714,3.0217672925144257,0.8647963666965295
Adjusted policy,0.56,1.0559999999999998,29.200000000000003,0.9278560146901683,0.46374842102874236,0.28281848158384215,3.026942021720852,0.8647963668345645
Adjusted policy,0.56,1.0559999999999998,29.25,0.9278560152400499,0.46374842126682,0.282818481517998,3.032116750927959,0.8647963669631528
Adjusted policy,0.56,1.0559999999999998,29.3,0.9278560157428157,0.4637484214850085,0.28281848145784616,3.037291480135862,0.864796367080723
Adjusted policy,0.56,1.0559999999999998,29.35,0.9278560161919299,0.463748421680502,0.28281848140417165,3.04246620934467,0.8647963671857472
Adjusted policy,0.56,1.0559999999999998,29.400000000000002,0.9278560165811309,0.46374842185060916,0.2828184813577262,3.0476409385544887,0.8647963672767608
Adjusted policy,0.56,1.0559999999999998,29.450000000000003,0.9278560169045299,0.4637484219927953,0.2828184813192162,3.0528156677654175,0.8647963673523867
Adjusted policy,0.56,1.0559999999999998,29.5,0.9278560171567174,0.4637484221047277,0.2828184812892905,3.057990396977547,0.86479636741136
Adjusted policy,0.56,1.0559999999999998,29.55,0.9278560173328765,0.46374842218432416,0.2828184812685261,3.0631651261909596,0.8647963674525544
Adjusted policy,0.56,1.0559999999999998,29.6,0.9278560174289047,0.4637484222298046,0.28281848125741377,3.068339855405723,0.8647963674750104
Adjusted policy,0.56,1.0559999999999998,29.650000000000002,0.9278560174415432,0.4637484222397468,0.2828184812563427,3.0735145846218934,0.8647963674779657
Adjusted policy,0.56,1.0559999999999998,29.700000000000003,0.9278560173685154,0.4637484222131451,0.2828184812655833,3.0786893138395084,0.8647963674608884
Adjusted policy,0.56,1.0559999999999998,29.75,0.9278560172086726,0.46374842214947276,0.2828184812852703,3.0838640430585866,0.8647963674235096
Adjusted policy,0.56,1.0559999999999998,29.8,0.9278560169621493,0.46374842204874817,0.28281848131538356,3.089038772279127,0.8647963673658609
Adjusted policy,0.56,1.0559999999999998,29.85,0.9278560166305267,0.4637484219116049,0.2828184813557286,3.094213501501102,0.8647963672883119
Adjusted policy,0.56,1.0559999999999998,29.900000000000002,0.9278560162170064,0.46374842173936576,0.2828184814059159,3.099388230724458,0.8647963671916113
Adjusted policy,0.56,1.0559999999999998,29.950000000000003,0.9278560157265913,0.46374842153412005,0.2828184814653386,3.10456295994911,0.864796367076929
Adjusted policy,0.56,1.0559999999999998,30.0,0.9278560151662782,0.4637484212988061,0.2828184815331499,3.10973768917494,0.8647963669459013
Adjusted policy,0.56,1.0559999999999998,30.05,0.927856014545259,0.4637484210372968,0.2828184816082386,3.1149124184017936,0.8647963668006777
Adjusted policy,0.56,1.0559999999999998,30.1,0.9278560138751315,0.4637484207544901,0.2828184816892036,3.1200871476294743,0.8647963666439703
Adjusted policy,0.56,1.0559999999999998,30.150000000000002,0.9278560131701207,0.4637484204564035,0.28281848177432756,3.1252618768577425,0.8647963664791055
Adjusted policy,0.56,1.0559999999999998,30.200000000000003,0.927856012447311,0.46374842015027323,0.2828184818615489,3.1304366060863096,0.8647963663100784
Adjusted policy,0.56,1.0559999999999998,30.25,0.9278560117268874,0.4637484198446573,0.2828184819484326,3.135611335314835,0.8647963661416094
Adjusted policy,0.56,1.0559999999999998,30.3,0.9278560110323886,0.463748419549544,0.28281848203214,3.1407860645429224,0.8647963659792028
Adjusted policy,0.56,1.0559999999999998,30.35,0.927856010390971,0.46374841927646426,0.2828184821093969,3.1459607937701133,0.864796365829209
Adjusted policy,0.56,1.0559999999999998,30.400000000000002,0.9278560098336827,0.4637484190386094,0.2828184821764607,3.1511355229958835,0.8647963656988886
Adjusted policy,0.56,1.0559999999999998,30.450000000000003,0.9278560093957502,0.4637484188509534,0.2828184822290858,3.1563102522196393,0.8647963655964794
Adjusted policy,0.56,1.0559999999999998,30.5,0.9278560091168756,0.46374841873038,0.2828184822624879,3.161484981440711,0.8647963655312654
Adjusted policy,0.56,1.0559999999999998,30.55,0.9278560090376518,0.46374841869280603,0.2828184822716144,3.166659710658411,0.8647963655127391
Adjusted policy,0.56,1.0559999999999998,30.6,0.9278560090744981,0.4637484186694381,0.2828184822625564,3.17183443987407,0.8647963655213555
Adjusted policy,0.56,1.0559999999999998,30.650000000000002,0.9278560091557944,0.4637484186311899,0.28281848224410505,3.1770091690888993,0.8647963655403664
Adjusted policy,0.56,1.0559999999999998,30.700000000000003,0.9278560092589778,0.4637484185860006,0.28281848222107453,3.1821838983033213,0.8647963655644956
Adjusted policy,0.56,1.0559999999999998,30.75,0.9278560093666606,0.46374841853997206,0.28281848219717265,3.18735862751766,0.8647963655896769
Adjusted policy,0.56,1.0559999999999998,30.8,0.9278560094660037,0.4637484184975922,0.2828184821751352,3.192533356732157,0.8647963656129081
Adjusted policy,0.56,1.0559999999999998,30.85,0.9278560095481303,0.46374841846194365,0.2828184821568511,3.197708085946978,0.8647963656321132
Adjusted policy,0.56,1.0559999999999998,30.900000000000002,0.9278560096075791,0.46374841843489867,0.2828184821434795,3.2028828151622246,0.8647963656460151
Adjusted policy,0.56,1.0559999999999998,30.950000000000003,0.9278560096417952,0.46374841841730063,0.2828184821355586,3.208057544377944,0.8647963656540164
Adjusted policy,0.56,1.0559999999999998,31.0,0.9278560096506583,0.4637484184091316,0.28281848213310656,3.213232273594139,0.8647963656560891
Adjusted policy,0.56,1.0559999999999998,31.05,0.927856009636047,0.46374841840966813,0.2828184821357149,3.2184070028107743,0.8647963656526721
Adjusted policy,0.56,1.0559999999999998,31.1,0.9278560096014373,0.4637484184176234,0.28281848214263416,3.2235817320277844,0.8647963656445788
Adjusted policy,0.56,1.0559999999999998,31.150000000000002,0.9278560095515351,0.4637484184312785,0.2828184821528523,3.2287564612450814,0.8647963656329093
Adjusted policy,0.56,1.0559999999999998,31.200000000000003,0.9278560094919417,0.46374841844860143,0.2828184821651669,3.23393119046256,0.8647963656189736
Adjusted policy,0.56,1.0559999999999998,31.25,0.9278560094288493,0.4637484184673549,0.2828184821782494,3.2391059196801044,0.8647963656042196
Adjusted policy,0.56,1.0559999999999998,31.3,0.9278560093687686,0.46374841848519355,0.2828184821907041,3.2442806488975933,0.8647963655901699
Adjusted policy,0.56,1.0559999999999998,31.35,0.9278560093182843,0.4637484184997507,0.2828184822011198,3.2494553781149027,0.8647963655783644
Adjusted policy,0.56,1.0559999999999998,31.400000000000002,0.9278560092838394,0.46374841850871495,0.2828184822081166,3.2546301073319124,0.8647963655703094
Adjusted policy,0.56,1.0559999999999998,31.450000000000003,0.9278560092715457,0.46374841850989723,0.28281848221038575,3.2598048365485077,0.8647963655674346
Adjusted policy,0.56,1.0559999999999998,31.5,0.9278560092870209,0.4637484185012888,0.2828184822067247,3.264979565764583,0.8647963655710534
Adjusted policy,0.56,1.0559999999999998,31.55,0.9278560093352505,0.46374841848110987,0.28281848219606676,3.270154294980046,0.8647963655823317
Adjusted policy,0.56,1.0559999999999998,31.6,0.9278560094204718,0.46374841844785075,0.2828184821775056,3.275329024194817,0.8647963656022605
Adjusted policy,0.56,1.0559999999999998,31.650000000000002,0.9278560095460827,0.4637484184003039,0.28281848215031496,3.280503753408832,0.8647963656316342
Adjusted policy,0.56,1.0559999999999998,31.700000000000003,0.92785600971457,0.46374841833758923,0.28281848211396377,3.2856784826220453,0.8647963656710346
Adjusted policy,0.56,1.0559999999999998,31.75,0.9278560099274591,0.46374841825917157,0.28281848206812693,3.2908532118344276,0.864796365720818
Adjusted policy,0.56,1.0559999999999998,31.8,0.9278560101852816,0.46374841816487195,0.2828184820126922,3.2960279410459696,0.8647963657811092
Adjusted policy,0.56,1.0559999999999998,31.85,0.9278560104875626,0.46374841805487155,0.28281848194776293,3.3012026702566795,0.8647963658517968
Adjusted policy,0.56,1.0559999999999998,31.900000000000002,0.9278560108328234,0.4637484179297107,0.28281848187365716,3.3063773994665855,0.864796365932535
Adjusted policy,0.56,1.0559999999999998,31.950000000000003,0.9278560112186006,0.4637484177902813,0.28281848179090385,3.311552128675734,0.864796366022748
Adjusted policy,0.56,1.0559999999999998,32.0,0.9278560116414803,0.4637484176378147,0.2828184817002353,3.3167268578841878,0.8647963661216372
Adjusted policy,0.56,1.0559999999999998,32.050000000000004,0.9278560120971449,0.4637484174738644,0.2828184816025773,3.321901587092029,0.8647963662281932
Adjusted policy,0.56,1.0559999999999998,32.1,0.9278560125804328,0.4637484173002843,0.2828184814990359,3.3270763162993537,0.8647963663412087
Adjusted policy,0.56,1.0559999999999998,32.15,0.9278560130854103,0.4637484171192033,0.28281848139088245,3.332251045506273,0.8647963664592963
Adjusted policy,0.56,1.0559999999999998,32.2,0.9278560136054516,0.4637484169329956,0.2828184812795361,3.3374257747129112,0.8647963665809064
Adjusted policy,0.56,1.0559999999999998,32.25,0.92785601413333,0.4637484167442488,0.2828184811665447,3.3426005039194027,0.8647963667043493
Adjusted policy,0.56,1.0559999999999998,32.300000000000004,0.927856014661316,0.46374841655572796,0.28281848105356294,3.3477752331258936,0.8647963668278175
Adjusted policy,0.56,1.0559999999999998,32.35,0.9278560151812822,0.4637484163703381,0.2828184809423309,3.3529499623325343,0.86479636694941
Adjusted policy,0.56,1.0559999999999998,32.4,0.9278560156848148,0.46374841619108453,0.28281848083464944,3.3581246915394836,0.8647963670671598
Adjusted policy,0.56,1.0559999999999998,32.45,0.9278560161633281,0.46374841602103123,0.2828184807323559,3.3632994207469022,0.8647963671790587
Adjusted policy,0.56,1.0559999999999998,32.5,0.9278560166081848,0.4637484158632582,0.2828184806372983,3.368474149954951,0.8647963672830873
Adjusted policy,0.56,1.0559999999999998,32.550000000000004,0.9278560170108162,0.46374841572081826,0.28281848055130976,3.3736488791637913,0.8647963673772414
Adjusted policy,0.56,1.0559999999999998,32.6,0.9278560173628453,0.4637484155966927,0.28281848047618185,3.3788236083735788,0.8647963674595626
Adjusted policy,0.56,1.0559999999999998,32.65,0.92785601765621,0.4637484154937479,0.2828184804136385,3.3839983375844644,0.864796367528165
Adjusted policy,0.56,1.0559999999999998,32.7,0.9278560178832842,0.46374841541469125,0.2828184803653098,3.3891730667965922,0.8647963675812658
Adjusted policy,0.56,1.0559999999999998,32.75,0.927856018036998,0.46374841536202877,0.2828184803327067,3.394347796010093,0.8647963676172113
Adjusted policy,0.56,1.0559999999999998,32.800000000000004,0.9278560181109544,0.4637484153380232,0.28281848031719536,3.3995225252250876,0.8647963676345057
Adjusted policy,0.56,1.0559999999999998,32.85,0.9278560180995409,0.46374841534465416,0.282818480319974,3.40469725444168,0.8647963676318366
Adjusted policy,0.56,1.0559999999999998,32.9,0.9278560179980367,0.4637484153835801,0.28281848034204937,3.4098719836599583,0.8647963676081002
Adjusted policy,0.56,1.0559999999999998,32.95,0.9278560178027133,0.46374841545610224,0.28281848038421575,3.415046712879994,0.8647963675624244
Adjusted policy,0.56,1.0559999999999998,33.0,0.9278560175109261,0.4637484155631322,0.28281848044703495,3.4202214421018344,0.8647963674941908
Adjusted policy,0.56,1.0559999999999998,33.050000000000004,0.9278560171211989,0.4637484157051617,0.2828184805308183,3.4253961713255086,0.8647963674030541
Adjusted policy,0.56,1.0559999999999998,33.1,0.9278560166332978,0.4637484158822368,0.2828184806356112,3.43057090055102,0.8647963672889598
Adjusted policy,0.56,1.0559999999999998,33.15,0.9278560160482937,0.46374841609393547,0.2828184807611793,3.4357456297783484,0.8647963671521582
Adjusted policy,0.56,1.0559999999999998,33.2,0.9278560153686131,0.46374841633934955,0.28281848090699807,3.4409203590074497,0.8647963669932168
Adjusted policy,0.56,1.0559999999999998,33.25,0.9278560145980755,0.463748416617072,0.28281848107224444,3.44609508823825,0.8647963668130288
Adjusted policy,0.56,1.0559999999999998,33.300000000000004,0.9278560137419172,0.4637484169251888,0.2828184812557922,3.4512698174706533,0.8647963666128186
Adjusted policy,0.56,1.0559999999999998,33.35,0.9278560128067974,0.46374841726127675,0.28281848145621025,3.4564445467045335,0.8647963663941434
Adjusted policy,0.56,1.0559999999999998,33.4,0.9278560118007909,0.46374841762240676,0.28281848167176465,3.4616192759397397,0.8647963661588915
Adjusted policy,0.56,1.0559999999999998,33.45,0.92785601073336,0.4637484180051541,0.28281848190042436,3.4667940051760957,0.8647963659092758
Adjusted policy,0.56,1.0559999999999998,33.5,0.9278560096153099,0.4637484184056152,0.28281848213987115,3.471968734413397,0.8647963656478229
Adjusted policy,0.56,1.0559999999999998,33.550000000000004,0.9278560084587224,0.4637484188194313,0.2828184823875135,3.4771434636514202,0.8647963653773582
Adjusted policy,0.56,1.0559999999999998,33.6,0.9278560072768699,0.46374841924182014,0.2828184826405054,3.4823181928899136,0.8647963651009851
Adjusted policy,0.56,1.0559999999999998,33.65,0.9278560060841063,0.4637484196676152,0.28281848289576966,3.487492922128611,0.8647963648220608
Adjusted policy,0.56,1.0559999999999998,33.7,0.927856004895735,0.4637484200913139,0.28281848315002606,3.492667651367225,0.8647963645441634
Adjusted policy,0.56,1.0559999999999998,33.75,0.9278560037278524,0.4637484205071336,0.28281848339982524,3.4978423806054533,0.8647963642710573
Adjusted policy,0.56,1.0559999999999998,33.800000000000004,0.9278560025971655,0.4637484209090779,0.2828184836415877,3.503017109842985,0.8647963640066493
Adjusted policy,0.56,1.0559999999999998,33.85,0.9278560015207837,0.4637484212910115,0.2828184838716483,3.5081918390794984,0.8647963637549404
Adjusted policy,0.56,1.0559999999999998,33.9,0.9278560005159824,0.46374842164674585,0.2828184840863074,3.51336656831467,0.8647963635199705
Adjusted policy,0.56,1.0559999999999998,33.95,0.9278559995999365,0.4637484219701344,0.2828184842818873,3.51854129754818,0.8647963633057556
Adjusted policy,0.56,1.0559999999999998,34.0,0.9278559987894264,0.46374842225517915,0.2828184844547959,3.523716026779712,0.8647963631162201
Adjusted policy,0.56,1.0559999999999998,34.050000000000004,0.9278559981005106,0.46374842249614845,0.28281848460159686,3.528890756008967,0.8647963629551191
Adjusted policy,0.56,1.0559999999999998,34.1,0.9278559975481673,0.46374842268770566,0.28281848471908594,3.534065485235664,0.8647963628259551
Adjusted policy,0.56,1.0559999999999998,34.15,0.9278559971459022,0.46374842282505063,0.2828184848043756,3.539240214459551,0.8647963627318864
Adjusted policy,0.56,1.0559999999999998,34.2,0.9278559969053215,0.46374842290407287,0.2828184848549862,3.5444149436804104,0.8647963626756274
Adjusted policy,0.56,1.0559999999999998,34.25,0.9278559968356705,0.4637484229215178,0.282818484868945,3.5495896728980685,0.8647963626593397
Adjusted policy,0.56,1.0559999999999998,34.300000000000004,0.9278559969433342,0.46374842287516627,0.2828184848448934,3.554764402112408,0.8647963626845165
Adjusted policy,0.56,1.0559999999999998,34.35,0.9278559972313004,0.4637484227640274,0.2828184847822016,3.5599391313233704,0.8647963627518566
Adjusted policy,0.56,1.0559999999999998,34.4,0.9278559976985843,0.46374842258854526,0.2828184846810923,3.565113860530976,0.8647963628611296
Adjusted policy,0.56,1.0559999999999998,34.45,0.9278559983396127,0.4637484223508205,0.2828184845427723,3.57028858973533,0.8647963630110324
Adjusted policy,0.56,1.0559999999999998,34.5,0.9278559991435673,0.4637484220548459,0.28281848436957363,3.5754633189366336,0.864796363199035
Adjusted policy,0.56,1.0559999999999998,34.550000000000004,0.927856000093685,0.4637484217067581,0.28281848416510325,3.580638048135203,0.8647963634212174
Adjusted policy,0.56,1.0559999999999998,34.6,0.9278560011665155,0.46374842131510374,0.2828184839344021,3.5858127773314745,0.8647963636720957
Adjusted policy,0.56,1.0559999999999998,34.65,0.9278560023311343,0.46374842089112245,0.28281848368411394,3.5909875065260297,0.8647963639444386
Adjusted policy,0.56,1.0559999999999998,34.7,0.9278560035483099,0.4637484204490459,0.2828184834226635,3.5961622357196035,0.8647963642290718
Adjusted policy,0.56,1.0559999999999998,34.75,0.9278560047696237,0.46374842000641353,0.2828184831604454,3.601336964913101,0.8647963645146727
Adjusted policy,0.56,1.0559999999999998,34.800000000000004,0.9278560059365436,0.4637484195844054,0.28281848291002243,3.60651169410762,0.8647963647875536
Adjusted policy,0.56,1.0559999999999998,34.85,0.9278560069794461,0.46374841920819293,0.2828184826863351,3.6116864233044637,0.8647963650314334
Adjusted policy,0.56,1.0559999999999998,34.9,0.9278560078165914,0.46374841890730717,0.2828184825069213,3.6168611525051624,0.8647963652271976
Adjusted policy,0.56,1.0559999999999998,34.95,0.927856008353044,0.4637484187160258,0.2828184823921474,3.6220358817114957,0.8647963653526456
Adjusted policy,0.56,1.0559999999999998,35.0,0.9278560084991196,0.4637484186702797,0.2828184823617192,3.6272106109251494,0.8647963653868048
Adjusted policy,0.56,1.0559999999999998,35.050000000000004,0.9278560084951883,0.4637484187324965,0.282818482370528,3.6323853401417416,0.8647963653858856
Adjusted policy,0.56,1.0559999999999998,35.1,0.9278560084611688,0.4637484188519962,0.2828184823918802,3.6375600693590076,0.8647963653779303
Adjusted policy,0.56,1.0559999999999998,35.15,0.9278560084118338,0.4637484189987002,0.282818482419361,3.6427347985766123,0.8647963653663933
Adjusted policy,0.56,1.0559999999999998,35.2,0.9278560083585735,0.46374841914950354,0.2828184824480356,3.6479095277942974,0.8647963653539386
Adjusted policy,0.56,1.0559999999999998,35.25,0.9278560083098052,0.46374841928742594,0.28281848247426966,3.653084257011871,0.8647963653425343
Adjusted policy,0.56,1.0559999999999998,35.300000000000004,0.9278560082713563,0.46374841940081807,0.28281848249556113,3.6582589862292023,0.8647963653335431
Adjusted policy,0.56,1.0559999999999998,35.35,0.9278560082468218,0.4637484194826208,0.2828184825103831,3.663433715446209,0.8647963653278057
Adjusted policy,0.56,1.0559999999999998,35.4,0.927856008237897,0.4637484195296764,0.28281848251803804,3.668608444662853,0.8647963653257188
Adjusted policy,0.56,1.0559999999999998,35.45,0.9278560082446862,0.4637484195420901,0.2828184825185224,3.6737831738791344,0.8647963653273063
Adjusted policy,0.56,1.0559999999999998,35.5,0.9278560082659868,0.46374841952264034,0.28281848251240166,3.6789579030950796,0.8647963653322875
Adjusted policy,0.56,1.0559999999999998,35.550000000000004,0.9278560082995525,0.46374841947623635,0.2828184825006954,3.6841326323107424,0.8647963653401367
Adjusted policy,0.56,1.0559999999999998,35.6,0.9278560083423328,0.4637484194094212,0.2828184824847719,3.6893073615261907,0.8647963653501407
Adjusted policy,0.56,1.0559999999999998,35.65,0.9278560083906926,0.46374841932991934,0.2828184824662521,3.694482090741509,0.8647963653614495
Adjusted policy,0.56,1.0559999999999998,35.7,0.9278560084406096,0.4637484192462267,0.2828184824469227,3.6996568199567896,0.8647963653731224
Adjusted policy,0.56,1.0559999999999998,35.75,0.927856008487854,0.46374841916724185,0.28281848242865826,3.704831549172129,0.8647963653841705
Adjusted policy,0.56,1.0559999999999998,35.800000000000004,0.9278560085281475,0.4637484191019371,0.2828184824133507,3.710006278387626,0.864796365393593
Adjusted policy,0.56,1.0559999999999998,35.85,0.9278560085573047,0.46374841905906733,0.2828184824028483,3.715181007603375,0.8647963654004113
Adjusted policy,0.56,1.0559999999999998,35.9,0.9278560085713559,0.4637484190469156,0.28281848239890095,3.7203557368194673,0.8647963654036971
Adjusted policy,0.56,1.0559999999999998,35.95,0.927856008566655,0.46374841907307385,0.28281848240311414,3.725530466035987,0.8647963654025977
Adjusted policy,0.56,1.0559999999999998,36.0,0.927856008539969,0.46374841914425713,0.28281848241690904,3.730705195253006,0.8647963653963574
Adjusted policy,0.56,1.0559999999999998,36.050000000000004,0.9278560084885537,0.46374841926614974,0.28281848244149005,3.7358799244705896,0.864796365384334
Adjusted policy,0.56,1.0559999999999998,36.1,0.9278560084102135,0.4637484194432821,0.2828184824778184,3.741054653688785,0.8647963653660146
Adjusted policy,0.56,1.0559999999999998,36.15,0.9278560083033488,0.46374841967893643,0.282818482526592,3.7462293829076305,0.8647963653410244
Adjusted policy,0.56,1.0559999999999998,36.2,0.9278560081669878,0.4637484199750799,0.2828184825882312,3.751404112127148,0.8647963653091367
Adjusted policy,0.56,1.0559999999999998,36.25,0.9278560080008084,0.46374842033232366,0.2828184826628701,3.7565788413473435,0.8647963652702761
Adjusted policy,0.56,1.0559999999999998,36.300000000000004,0.9278560078051462,0.4637484207499067,0.2828184827503526,3.761753570568211,0.8647963652245212
Adjusted policy,0.56,1.0559999999999998,36.35,0.9278560075809932,0.46374842122570176,0.28281848285023387,3.766928299789726,0.8647963651721037
Adjusted policy,0.56,1.0559999999999998,36.4,0.9278560073299846,0.4637484217562437,0.28281848296178586,3.772103029011852,0.864796365113406
Adjusted policy,0.56,1.0559999999999998,36.45,0.927856007054377,0.4637484223367767,0.28281848308400753,3.7772777582345376,0.8647963650489559
Adjusted policy,0.56,1.0559999999999998,36.5,0.9278560067570175,0.4637484229613207,0.28281848321563846,3.782452487457716,0.8647963649794191
Adjusted policy,0.56,1.0559999999999998,36.550000000000004,0.9278560064413047,0.46374842362275354,0.2828184833551761,3.7876272166813116,0.8647963649055906
Adjusted policy,0.56,1.0559999999999998,36.6,0.9278560061111423,0.4637484243129097,0.2828184835008969,3.792801945905233,0.8647963648283831
Adjusted policy,0.56,1.0559999999999998,36.65,0.9278560057708856,0.46374842502269187,0.2828184836508793,3.7979766751293824,0.8647963647488148
Adjusted policy,0.56,1.0559999999999998,36.7,0.9278560054252828,0.463748425742195,0.2828184838030302,3.8031514043536507,0.8647963646679967
Adjusted policy,0.56,1.0559999999999998,36.75,0.9278560050794108,0.46374842646084097,0.2828184839551134,3.8083261335779213,0.8647963645871155
Adjusted policy,0.56,1.0559999999999998,36.800000000000004,0.9278560047386063,0.46374842716752307,0.2828184841047798,3.8135008628020732,0.8647963645074193
Adjusted policy,0.56,1.0559999999999998,36.85,0.9278560044083932,0.4637484278507572,0.2828184842495995,3.818675592025979,0.8647963644301999
Adjusted policy,0.56,1.0559999999999998,36.9,0.9278560040944075,0.4637484284988399,0.2828184843870951,3.823850321249511,0.8647963643567751
Adjusted policy,0.56,1.0559999999999998,36.95,0.9278560038023189,0.4637484291000109,0.28281848451477626,3.8290250504725405,0.8647963642884711
Adjusted policy,0.56,1.0559999999999998,37.0,0.927856003537752,0.4637484296426186,0.2828184846301743,3.8341997796949374,0.8647963642266028
Adjusted policy,0.56,1.0559999999999998,37.050000000000004,0.9278560033062061,0.4637484301152872,0.2828184847308777,3.8393745089165776,0.8647963641724564
Adjusted policy,0.56,1.0559999999999998,37.1,0.9278560031129743,0.4637484305070841,0.28281848481456745,3.8445492381373394,0.8647963641272697
Adjusted policy,0.56,1.0559999999999998,37.15,0.9278560029630648,0.4637484308076855,0.2828184848790523,3.8497239673571086,0.8647963640922138
Adjusted policy,0.56,1.0559999999999998,37.2,0.9278560028611217,0.46374843100753954,0.2828184849223029,3.854898696575781,0.8647963640683748
Adjusted policy,0.56,1.0559999999999998,37.25,0.9278560028113496,0.46374843109802416,0.2828184849424854,3.860073425793259,0.8647963640567355
Adjusted policy,0.56,1.0559999999999998,37.300000000000004,0.9278560028174397,0.4637484310715997,0.28281848493799383,3.86524815500946,0.8647963640581597
Adjusted policy,0.56,1.0559999999999998,37.35,0.9278560028825001,0.4637484309219537,0.28281848490748057,3.870422884224312,0.8647963640733741
Adjusted policy,0.56,1.0559999999999998,37.4,0.9278560030089907,0.4637484306441365,0.28281848484988525,3.87559761343776,0.8647963641029536
Adjusted policy,0.56,1.0559999999999998,37.45,0.9278560031986618,0.4637484302346863,0.2828184847644612,3.880772342649765,0.8647963641473074
Adjusted policy,0.56,1.0559999999999998,37.5,0.9278560034525004,0.46374842969174224,0.28281848465079945,3.8859470718603037,0.8647963642066671
Adjusted policy,0.56,1.0559999999999998,37.550000000000004,0.9278560037706809,0.46374842901514374,0.2828184845088498,3.891121801069374,0.8647963642810726
Adjusted policy,0.56,1.0559999999999998,37.6,0.9278560041525248,0.46374842820651485,0.28281848433893875,3.8962965302769903,0.8647963643703658
Adjusted policy,0.56,1.0559999999999998,37.65,0.9278560045964669,0.46374842726933174,0.28281848414178407,3.9014712594831895,0.8647963644741803
Adjusted policy,0.56,1.0559999999999998,37.7,0.9278560051000314,0.463748426208972,0.28281848391850517,3.90664598868803,0.8647963645919375
Adjusted policy,0.56,1.0559999999999998,37.75,0.9278560056598164,0.4637484250327444,0.28281848367062945,3.9118207178915876,0.8647963647228417
Adjusted policy,0.56,1.0559999999999998,37.800000000000004,0.9278560062714888,0.4637484237498973,0.28281848340009463,3.9169954470939645,0.8647963648658796
Adjusted policy,0.56,1.0559999999999998,37.85,0.9278560069297908,0.46374842237160424,0.28281848310924534,3.922170176295279,0.8647963650198216
Adjusted policy,0.56,1.0559999999999998,37.9,0.9278560076285562,0.4637484209109254,0.2828184828008256,3.9273449054956737,0.8647963651832261
Adjusted policy,0.56,1.0559999999999998,37.95,0.9278560083607419,0.46374841938274325,0.28281848247796515,3.9325196346953106,0.8647963653544457
Adjusted policy,0.56,1.0559999999999998,38.0,0.9278560091184687,0.4637484178036706,0.2828184821441604,3.937694363894369,0.8647963655316379
Adjusted policy,0.56,1.0559999999999998,38.050000000000004,0.9278560098930796,0.4637484161919302,0.282818481803249,3.942869093093048,0.8647963657127785
Adjusted policy,0.56,1.0559999999999998,38.1,0.9278560106752097,0.46374841456720367,0.28281848145937816,3.948043822291561,0.8647963658956775
Adjusted policy,0.56,1.0559999999999998,38.15,0.9278560114548733,0.46374841295044883,0.2828184811169665,3.953218551490137,0.8647963660779997
Adjusted policy,0.56,1.0559999999999998,38.2,0.9278560122215657,0.4637484113636833,0.28281848078065824,3.958393280689017,0.8647963662572886
Adjusted policy,0.56,1.0559999999999998,38.25,0.9278560129643824,0.46374840982973325,0.2828184804552706,3.9635680098884496,0.8647963664309941
Adjusted policy,0.56,1.0559999999999998,38.300000000000004,0.9278560136721552,0.46374840837194614,0.2828184801457331,3.9687427390886914,0.8647963665965049
Adjusted policy,0.56,1.0559999999999998,38.35,0.9278560143336074,0.46374840701386466,0.28281847985701913,3.973917468289998,0.8647963667511837
Adjusted policy,0.56,1.0559999999999998,38.400000000000006,0.9278560149375265,0.46374840577886184,0.2828184795940691,3.9790921974926277,0.8647963668924084
Adjusted policy,0.56,1.0559999999999998,38.45,0.9278560154729576,0.463748404689735,0.2828184793617046,3.9842669266968294,0.8647963670176174
Adjusted policy,0.56,1.0559999999999998,38.5,0.9278560159294169,0.4637484037682569,0.2828184791645344,3.9894416559028425,0.8647963671243593
Adjusted policy,0.56,1.0559999999999998,38.550000000000004,0.9278560162971259,0.4637484030346832,0.2828184790068501,3.994616385110892,0.864796367210347
Adjusted policy,0.56,1.0559999999999998,38.6,0.9278560165672678,0.463748402507214,0.2828184788925128,3.9997911143211766,0.8647963672735189
Adjusted policy,0.56,1.0559999999999998,38.650000000000006,0.9278560167322663,0.46374840220140856,0.2828184788248301,4.004965843533871,0.8647963673121033
Adjusted policy,0.56,1.0559999999999998,38.7,0.9278560167860876,0.46374840212955115,0.2828184788064218,4.010140572749109,0.8647963673246893
Adjusted policy,0.56,1.0559999999999998,38.75,0.9278560167245666,0.46374840229996694,0.2828184788390761,4.0153153019669885,0.8647963673103028
Adjusted policy,0.56,1.0559999999999998,38.800000000000004,0.9278560165457578,0.463748402716286,0.2828184789235944,4.020490031187553,0.8647963672684889
Adjusted policy,0.56,1.0559999999999998,38.85,0.9278560162503107,0.4637484033766544,0.2828184790596246,4.025664760410782,0.8647963671993995
Adjusted policy,0.56,1.0559999999999998,38.900000000000006,0.9278560158418735,0.46374840427289044,0.2828184792454834,4.030839489636596,0.8647963671038875
Adjusted policy,0.56,1.0559999999999998,38.95,0.9278560153275215,0.46374840538958456,0.2828184794779664,4.036014218864829,0.8647963669836076
Adjusted policy,0.56,1.0559999999999998,39.0,0.9278560147182144,0.4637484067031416,0.28281847975214613,4.041188948095229,0.8647963668411229
Adjusted policy,0.56,1.0559999999999998,39.050000000000004,0.9278560140292816,0.4637484081807638,0.2828184800611574,4.046363677327445,0.8647963666800179
Adjusted policy,0.56,1.0559999999999998,39.1,0.9278560132809368,0.4637484097793728,0.28281848039596985,4.051538406561011,0.8647963665050196
Adjusted policy,0.56,1.0559999999999998,39.150000000000006,0.927856012498822,0.4637484114444699,0.28281848074514776,4.05671313579534,0.8647963663221241
Adjusted policy,0.56,1.0559999999999998,39.2,0.9278560117145825,0.46374841310893133,0.28281848109459545,4.061887865029704,0.8647963661387319
Adjusted policy,0.56,1.0559999999999998,39.25,0.9278560109664734,0.4637484146917397,0.28281848142729005,4.067062594263228,0.8647963659637887
Adjusted policy,0.56,1.0559999999999998,39.300000000000004,0.927856010299997,0.46374841609664713,0.28281848172299895,4.0722373234948686,0.8647963658079351
Adjusted policy,0.56,1.0559999999999998,39.35,0.9278560097685744,0.4637484172107708,0.2828184819579838,4.077412052723401,0.8647963656836634
Adjusted policy,0.56,1.0559999999999998,39.400000000000006,0.9278560094342496,0.46374841790311827,0.2828184821046892,4.082586781947402,0.8647963656054825
Adjusted policy,0.56,1.0559999999999998,39.45,0.9278560093341472,0.4637484180623576,0.28281848214228766,4.087761511165944,0.8647963655820738
Adjusted policy,0.56,1.0559999999999998,39.5,0.9278560091793967,0.4637484180082124,0.2828184821608635,4.09293624038495,0.8647963655458858
Adjusted policy,0.56,1.0559999999999998,39.550000000000004,0.9278560089349475,0.4637484178840301,0.28281848218511546,4.098110969605392,0.8647963654887221
Adjusted policy,0.56,1.0559999999999998,39.6,0.9278560086504392,0.4637484177261306,0.2828184822115812,4.103285698826467,0.8647963654221905
Adjusted policy,0.56,1.0559999999999998,39.650000000000006,0.9278560083639045,0.4637484175624393,0.2828184822376208,4.108460428047565,0.8647963653551852
Adjusted policy,0.56,1.0559999999999998,39.7,0.9278560081031826,0.46374841741350425,0.2828184822613161,4.113635157268238,0.8647963652942162
Adjusted policy,0.56,1.0559999999999998,39.75,0.9278560078872414,0.4637484172934485,0.2828184822813764,4.118809886488179,0.8647963652437188
Adjusted policy,0.56,1.0559999999999998,39.800000000000004,0.9278560077274122,0.4637484172108583,0.28281848229705026,4.123984615707209,0.8647963652063433
Adjusted policy,0.56,1.0559999999999998,39.85,0.9278560076285363,0.4637484171696095,0.2828184823080438,4.129159344925248,0.8647963651832214
Adjusted policy,0.56,1.0559999999999998,39.900000000000006,0.9278560075900298,0.4637484171696345,0.2828184823144451,4.134334074142309,0.8647963651742168
Adjusted policy,0.56,1.0559999999999998,39.95,0.9278560076068669,0.4637484172076302,0.2828184823166541,4.1395088033584715,0.8647963651781541
Adjusted policy,0.56,1.0559999999999998,40.0,0.9278560076704834,0.46374841727771043,0.28281848231531803,4.144683532573876,0.8647963651930306
Adjusted policy,0.56,1.0559999999999998,40.050000000000004,0.9278560077696058,0.4637484173720029,0.28281848231127277,4.1498582617887045,0.8647963652162102
Adjusted policy,0.56,1.0559999999999998,40.1,0.9278560078910055,0.46374841748119416,0.282818482305489,4.1550329910031705,0.8647963652445991
Adjusted policy,0.56,1.0559999999999998,40.150000000000006,0.9278560080201839,0.4637484175950229,0.28281848229902384,4.1602077202175085,0.8647963652748071
Adjusted policy,0.56,1.0559999999999998,40.2,0.927856008141986,0.4637484177027245,0.28281848229297685,4.165382449431964,0.8647963653032903
Adjusted policy,0.56,1.0559999999999998,40.25,0.9278560082411513,0.46374841779342846,0.28281848228845125,4.170557178646782,0.8647963653264796
Adjusted policy,0.56,1.0559999999999998,40.300000000000004,0.927856008302799,0.4637484178565092,0.28281848228651957,4.175731907862206,0.8647963653408958
Adjusted policy,0.56,1.0559999999999998,40.35,0.927856008312853,0.46374841788189447,0.2828184822881934,4.1809066370784596,0.8647963653432469
Adjusted policy,0.56,1.0559999999999998,40.400000000000006,0.927856008258409,0.4637484178603307,0.2828184822943976,4.186081366295753,0.8647963653305153
Adjusted policy,0.56,1.0559999999999998,40.45,0.9278560081280447,0.463748417783609,0.2828184823059484,4.1912560955142695,0.8647963653000301
Adjusted policy,0.56,1.0559999999999998,40.5,0.9278560079120776,0.463748417644752,0.28281848232353524,4.196430824734167,0.8647963652495267
Adjusted policy,0.56,1.0559999999999998,40.550000000000004,0.9278560076027714,0.4637484174381653,0.28281848234770646,4.201605553955569,0.8647963651771964
Adjusted policy,0.56,1.0559999999999998,40.6,0.9278560071944945,0.46374841715975273,0.282818482378858,4.206780283178566,0.8647963650817219
Adjusted policy,0.56,1.0559999999999998,40.650000000000006,0.9278560066838318,0.463748416807,0.28281848241722607,4.211955012403215,0.8647963649623048
Adjusted policy,0.56,1.0559999999999998,40.7,0.9278560060696547,0.46374841637902653,0.28281848246288216,4.217129741629531,0.8647963648186813
Adjusted policy,0.56,1.0559999999999998,40.75,0.927856005353149,0.463748415876608,0.2828184825157315,4.222304470857496,0.8647963646511284
Adjusted policy,0.56,1.0559999999999998,40.800000000000004,0.9278560045378057,0.46374841530217165,0.2828184825755139,4.227479200087056,0.8647963644604627
Adjusted policy,0.56,1.0559999999999998,40.85,0.9278560036293746,0.4637484146597656,0.28281848264180737,4.232653929318114,0.8647963642480285
Adjusted policy,0.56,1.0559999999999998,40.900000000000006,0.9278560026357865,0.46374841395500455,0.282818482714034,4.237828658550544,0.8647963640156806
Adjusted policy,0.56,1.0559999999999998,40.95,0.9278560015670436,0.4637484131949931,0.2828184827914681,4.243003387784183,0.8647963637657582
Adjusted policy,0.56,1.0559999999999998,41.0,0.9278560004350819,0.4637484123882289,0.2828184828732461,4.24817811701884,0.8647963635010522
Adjusted policy,0.56,1.0559999999999998,41.050000000000004,0.9278559992536082,0.4637484115444874,0.28281848295837875,4.253352846254293,0.8647963632247677
Adjusted policy,0.56,1.0559999999999998,41.1,0.9278559980379142,0.4637484106746899,0.2828184830457641,4.258527575490294,0.8647963629404811
Adjusted policy,0.56,1.0559999999999998,41.150000000000006,0.9278559968046692,0.46374840979075643,0.28281848313420327,4.263702304726575,0.86479636265209
Adjusted policy,0.56,1.0559999999999998,41.2,0.9278559955716961,0.46374840890544594,0.2828184832224161,4.2688770339628475,0.8647963623637628
Adjusted policy,0.56,1.0559999999999998,41.25,0.9278559943577301,0.4637484080321852,0.28281848330905873,4.274051763198809,0.8647963620798802
Adjusted policy,0.56,1.0559999999999998,41.300000000000004,0.9278559931821665,0.46374840718488786,0.2828184833927419,4.279226492434148,0.8647963618049779
Adjusted policy,0.56,1.0559999999999998,41.35,0.9278559920647959,0.4637484063777663,0.2828184834720501,4.284401221668543,0.8647963615436838
Adjusted policy,0.56,1.0559999999999998,41.400000000000006,0.9278559910255327,0.4637484056251375,0.2828184835455608,4.289575950901675,0.8647963613006551
Adjusted policy,0.56,1.0559999999999998,41.45,0.9278559900841385,0.4637484049412246,0.2828184836118646,4.294750680133221,0.8647963610805126
Adjusted policy,0.56,1.0559999999999998,41.5,0.9278559892599412,0.46374840433995657,0.28281848366958556,4.299925409362874,0.8647963608877763
Adjusted policy,0.56,1.0559999999999998,41.550000000000004,0.9278559885715545,0.46374840383476723,0.28281848371740087,4.305100138590332,0.864796360726799
Adjusted policy,0.56,1.0559999999999998,41.6,0.9278559880366002,0.46374840343839585,0.2828184837540612,4.310274867815308,0.8647963606017014
Adjusted policy,0.56,1.0559999999999998,41.650000000000006,0.9278559876714337,0.46374840316269084,0.2828184837784103,4.315449597037543,0.8647963605163083
Adjusted policy,0.56,1.0559999999999998,41.7,0.9278559874908777,0.463748403018418,0.28281848378940366,4.3206243262567945,0.8647963604740857
Adjusted policy,0.56,1.0559999999999998,41.75,0.9278559875079654,0.4637484030150765,0.28281848378612756,4.325799055472854,0.8647963604780816
Adjusted policy,0.56,1.0559999999999998,41.800000000000004,0.9278559877336952,0.4637484031607225,0.28281848376781593,4.330973784685544,0.864796360530868
Adjusted policy,0.56,1.0559999999999998,41.85,0.9278559881768017,0.46374840346180357,0.28281848373386703,4.336148513894724,0.8647963606344872
Adjusted policy,0.56,1.0559999999999998,41.900000000000006,0.9278559888435423,0.46374840392300554,0.28281848368385853,4.341323243100294,0.8647963607904026
Adjusted policy,0.56,1.0559999999999998,41.95,0.9278559897375043,0.4637484045471129,0.28281848361756134,4.3464979723021955,0.8647963609994532
Adjusted policy,0.56,1.0559999999999998,42.0,0.9278559908594344,0.4637484053348854,0.28281848353495137,4.351672701500417,0.8647963612618134
Adjusted policy,0.56,1.0559999999999998,42.050000000000004,0.9278559922070931,0.46374840628495206,0.28281848343622007,4.356847430694997,0.8647963615769596
Adjusted policy,0.56,1.0559999999999998,42.1,0.927855993775136,0.4637484073937244,0.28281848332178255,4.3620221598860205,0.8647963619436422
Adjusted policy,0.56,1.0559999999999998,42.150000000000006,0.9278559955550245,0.4637484086553316,0.2828184831922839,4.367196889073627,0.8647963623598642
Adjusted policy,0.56,1.0559999999999998,42.2,0.927855997534971,0.463748410061578,0.2828184830486028,4.372371618258006,0.8647963628228692
Adjusted policy,0.56,1.0559999999999998,42.25,0.9278559996999165,0.4637484116019256,0.28281848289185274,4.377546347439402,0.8647963633291357
Adjusted policy,0.56,1.0559999999999998,42.300000000000004,0.927856002031547,0.4637484132635034,0.2828184827233807,4.382721076618113,0.8647963638743809
Adjusted policy,0.56,1.0559999999999998,42.35,0.9278560045083493,0.4637484150311452,0.28281848254476283,4.387895805794485,0.8647963644535743
Adjusted policy,0.56,1.0559999999999998,42.400000000000006,0.9278560071057101,0.4637484168874572,0.2828184823577967,4.393070534968916,0.8647963650609599
Adjusted policy,0.56,1.0559999999999998,42.45,0.9278560097960592,0.46374841881291845,0.2828184821644912,4.398245264141851,0.8647963656900906
Adjusted policy,0.56,1.0559999999999998,42.5,0.92785601254906,0.46374842078601425,0.2828184819670518,4.403419993313782,0.8647963663338721
Adjusted policy,0.56,1.0559999999999998,42.550000000000004,0.9278560153318516,0.46374842278340606,0.2828184817678633,4.408594722485239,0.8647963669846203
Adjusted policy,0.56,1.0559999999999998,42.6,0.9278560181093415,0.4637484247801382,0.2828184815694682,4.413769451656789,0.8647963676341286
Adjusted policy,0.56,1.0559999999999998,42.650000000000006,0.9278560208445547,0.46374842674988453,0.2828184813745412,4.41894418082903,0.8647963682737505
Adjusted policy,0.56,1.0559999999999998,42.7,0.9278560234990402,0.46374842866523536,0.28281848118585945,4.424118910002581,0.8647963688944946
Adjusted policy,0.56,1.0559999999999998,42.75,0.927856026033337,0.4637484304980281,0.28281848100626866,4.4292936391780815,0.8647963694871329
Adjusted policy,0.56,1.0559999999999998,42.800000000000004,0.9278560284075031,0.4637484322197221,0.2828184808386448,4.4344683683561765,0.864796370042325
Adjusted policy,0.56,1.0559999999999998,42.85,0.9278560305817107,0.4637484338018201,0.2828184806858504,4.439643097537507,0.8647963705507574
Adjusted policy,0.56,1.0559999999999998,42.900000000000006,0.9278560325169068,0.463748435216338,0.28281848055068715,4.444817826722707,0.8647963710032976
Adjusted policy,0.56,1.0559999999999998,42.95,0.9278560341755461,0.4637484364363248,0.28281848043584207,4.449992555912378,0.8647963713911658
Adjusted policy,0.56,1.0559999999999998,43.0,0.9278560355223957,0.46374843743643446,0.2828184803438296,4.455167285107092,0.8647963717061228
Adjusted policy,0.56,1.0559999999999998,43.050000000000004,0.9278560365254154,0.4637484381935513,0.2828184802769276,4.460342014307365,0.8647963719406762
Adjusted policy,0.56,1.0559999999999998,43.1,0.927856037156715,0.4637484386874713,0.2828184802371079,4.465516743513645,0.8647963720883038
Adjusted policy,0.56,1.0559999999999998,43.150000000000006,0.9278560373935935,0.46374843890164014,0.28281848022596134,4.4706914727263,0.8647963721436972
Adjusted policy,0.56,1.0559999999999998,43.2,0.927856037219659,0.4637484388239511,0.2828184802446162,4.4758662019455935,0.8647963721030232
Adjusted policy,0.56,1.0559999999999998,43.25,0.9278560366260361,0.46374843844760344,0.28281848029365125,4.481040931171666,0.864796371964206
Adjusted policy,0.56,1.0559999999999998,43.300000000000004,0.927856035612659,0.4637484377720234,0.2828184803730019,4.486215660404519,0.8647963717272307
Adjusted policy,0.56,1.0559999999999998,43.35,0.9278560341896569,0.46374843680385036,0.28281848048186,4.491390389643987,0.8647963713944656
Adjusted policy,0.56,1.0559999999999998,43.400000000000006,0.9278560323788316,0.4637484355579889,0.2828184806185671,4.496565118889717,0.8647963709710091
Adjusted policy,0.56,1.0559999999999998,43.45,0.9278560302152298,0.4637484340587288,0.2828184807805009,4.501739848141139,0.864796370465057
Adjusted policy,0.56,1.0559999999999998,43.5,0.9278560277488143,0.4637484323409357,0.2828184809639539,4.506914577397447,0.8647963698882924
Adjusted policy,0.56,1.0559999999999998,43.550000000000004,0.9278560250462354,0.46374843045131314,0.282818481164006,4.512089306657561,0.8647963692563019
Adjusted policy,0.56,1.0559999999999998,43.6,0.9278560221927055,0.4637484284497379,0.2828184813743886,4.517264035920102,0.8647963685890119
Adjusted policy,0.56,1.0559999999999998,43.650000000000006,0.927856019293978,0.4637484264106715,0.2828184815873419,4.522438765183362,0.8647963679111524
Adjusted policy,0.56,1.0559999999999998,43.7,0.9278560164784363,0.4637484244246478,0.28281848179346386,4.527613494445262,0.8647963672527459
Adjusted policy,0.56,1.0559999999999998,43.75,0.9278560138992918,0.46374842259984106,0.28281848198155146,4.532788223703326,0.8647963666496202
Adjusted policy,0.56,1.0559999999999998,43.800000000000004,0.9278560117368954,0.4637484210637131,0.28281848213843397,4.53796295295464,0.8647963661439497
Adjusted policy,0.56,1.0559999999999998,43.85,0.9278560102011643,0.46374841996474453,0.28281848224879746,4.543137682195808,0.8647963657848233
Adjusted policy,0.56,1.0559999999999998,43.900000000000006,0.9278560095341282,0.46374841947424955,0.28281848229500106,4.548312411422919,0.8647963656288388
Adjusted policy,0.56,1.0559999999999998,43.95,0.9278560096177629,0.46374841937975403,0.2828184822686837,4.553487140637571,0.8647963656483965
Adjusted policy,0.56,1.0559999999999998,44.0,0.9278560099518007,0.463748419236495,0.28281848219438016,4.558661869847635,0.8647963657265103
Adjusted policy,0.56,1.0559999999999998,44.050000000000004,0.9278560104145288,0.46374841906900344,0.28281848209552396,4.563836599055343,0.864796365834718
Adjusted policy,0.56,1.0559999999999998,44.1,0.9278560109139277,0.4637484188980435,0.28281848199012355,4.569011328262388,0.864796365951501
Adjusted policy,0.56,1.0559999999999998,44.150000000000006,0.9278560113820781,0.4637484187388376,0.28281848189145725,4.574186057470018,0.8647963660609768
Adjusted policy,0.56,1.0559999999999998,44.2,0.9278560117719913,0.4637484186017995,0.28281848180869607,4.579360786679099,0.8647963661521568
Adjusted policy,0.56,1.0559999999999998,44.25,0.9278560120546583,0.46374841849321763,0.2828184817474832,4.584535515890163,0.8647963662182577
Adjusted policy,0.56,1.0559999999999998,44.300000000000004,0.9278560122163096,0.4637484184158888,0.2828184817104725,4.589710245103464,0.8647963662560594
Adjusted policy,0.56,1.0559999999999998,44.35,0.9278560122558809,0.46374841836970415,0.28281848169782653,4.594884974319019,0.8647963662653131
Adjusted policy,0.56,1.0559999999999998,44.400000000000006,0.927856012182676,0.4637484183521893,0.28281848170767493,4.600059703536657,0.8647963662481942
Adjusted policy,0.56,1.0559999999999998,44.45,0.9278560120142244,0.46374841835899955,0.2828184817365361,4.605234432756054,0.8647963662088024
Adjusted policy,0.56,1.0559999999999998,44.5,0.9278560117743224,0.4637484183843723,0.28281848177970126,4.610409161976772,0.864796366152702
Adjusted policy,0.56,1.0559999999999998,44.550000000000004,0.9278560114912552,0.46374841842153725,0.28281848183158403,4.615583891198289,0.8647963660865076
Adjusted policy,0.56,1.0559999999999998,44.6,0.927856011196191,0.46374841846308684,0.2828184818860353,4.620758620420031,0.8647963660175074
Adjusted policy,0.56,1.0559999999999998,44.650000000000006,0.9278560109217436,0.46374841850130777,0.28281848193662595,4.6259333496413975,0.8647963659533289
Adjusted policy,0.56,1.0559999999999998,44.7,0.9278560107006935,0.46374841852847537,0.28281848197689763,4.631108078861782,0.8647963659016368
Adjusted policy,0.56,1.0559999999999998,44.75,0.9278560105648638,0.46374841853711213,0.2828184820005835,4.636282808080601,0.8647963658698735
Adjusted policy,0.56,1.0559999999999998,44.800000000000004,0.9278560105441441,0.46374841852021215,0.28281848200179965,4.6414575372973035,0.8647963658650282
Adjusted policy,0.56,1.0559999999999998,44.85,0.9278560106656549,0.4637484184714328,0.28281848197520926,4.646632266511389,0.8647963658934432
Adjusted policy,0.56,1.0559999999999998,44.900000000000006,0.9278560109530469,0.46374841838525477,0.2828184819161597,4.651806995722423,0.864796365960649
Adjusted policy,0.56,1.0559999999999998,44.95,0.9278560114259294,0.4637484182571131,0.2828184818207951,4.656981724930044,0.8647963660712312
Adjusted policy,0.56,1.0559999999999998,45.0,0.92785601209942,0.46374841808349887,0.282818481686144,4.662156454133973,0.8647963662287252
Adjusted policy,0.56,1.0559999999999998,45.050000000000004,0.9278560129838102,0.4637484178620352,0.28281848151018507,4.667331183334021,0.8647963664355374
Adjusted policy,0.56,1.0559999999999998,45.1,0.9278560140843404,0.4637484175915268,0.28281848129189113,4.672505912530091,0.8647963666928933
Adjusted policy,0.56,1.0559999999999998,45.150000000000006,0.9278560154010779,0.46374841727198685,0.28281848103125273,4.677680641722183,0.8647963670008086
Adjusted policy,0.56,1.0559999999999998,45.2,0.9278560169288912,0.4637484169046404,0.282818480729283,4.6828553709103895,0.8647963673580836
Adjusted policy,0.56,1.0559999999999998,45.25,0.9278560186575143,0.46374841649190796,0.2828184803880046,4.688030100094902,0.8647963677623172
Adjusted policy,0.56,1.0559999999999998,45.300000000000004,0.9278560205716949,0.46374841603736877,0.28281848001042065,4.6932048292760005,0.8647963682099431
Adjusted policy,0.56,1.0559999999999998,45.35,0.9278560226514201,0.4637484155457069,0.28281847960046974,4.698379558454054,0.8647963686962811
Adjusted policy,0.56,1.0559999999999998,45.400000000000006,0.9278560248722131,0.4637484150226406,0.28281847916296776,4.703554287629512,0.8647963692156073
Adjusted policy,0.56,1.0559999999999998,45.45,0.9278560272054938,0.46374841447483695,0.2828184787035366,4.708729016802902,0.8647963697612384
Adjusted policy,0.56,1.0559999999999998,45.5,0.9278560296189986,0.46374841390981275,0.2828184782285214,4.713903745974818,0.8647963703256298
Adjusted policy,0.56,1.0559999999999998,45.550000000000004,0.9278560320772511,0.4637484133358239,0.282818477744898,4.719078475145914,0.8647963709004854
Adjusted policy,0.56,1.0559999999999998,45.6,0.9278560345420792,0.46374841276174406,0.28281847726017095,4.724253204316892,0.8647963714768786
Adjusted policy,0.56,1.0559999999999998,45.650000000000006,0.9278560369731699,0.4637484121969345,0.28281847678226446,4.729427933488495,0.8647963720453823
Adjusted policy,0.56,1.0559999999999998,45.7,0.9278560393286583,0.46374841165110625,0.2828184763194064,4.734602662661493,0.8647963725962067
Adjusted policy,0.56,1.0559999999999998,45.75,0.9278560415657419,0.4637484111341766,0.28281847588000725,4.739777391836675,0.8647963731193425
Adjusted policy,0.56,1.0559999999999998,45.800000000000004,0.9278560436413141,0.46374841065612094,0.2828184754725359,4.744952121014835,0.8647963736047093
Adjusted policy,0.56,1.0559999999999998,45.85,0.9278560455126137,0.4637484102268214,0.28281847510539143,4.75012685019676,0.8647963740423074
Adjusted policy,0.56,1.0559999999999998,45.900000000000006,0.9278560471378785,0.4637484098559145,0.2828184747867748,4.755301579383219,0.8647963744223711
Adjusted policy,0.56,1.0559999999999998,45.95,0.9278560484770018,0.4637484095526381,0.2828184745245597,4.760476308574949,0.8647963747355214
Adjusted policy,0.56,1.0559999999999998,46.0,0.9278560494921818,0.4637484093256803,0.28281847432616486,4.765651037772647,0.8647963749729184
Adjusted policy,0.56,1.0559999999999998,46.050000000000004,0.9278560501485605,0.46374840918303123,0.2828184741984285,4.770825766976957,0.8647963751264108
Adjusted policy,0.56,1.0559999999999998,46.1,0.9278560504148423,0.46374840913183907,0.2828184741474865,4.776000496188451,0.8647963751886799
Adjusted policy,0.56,1.0559999999999998,46.150000000000006,0.9278560502638894,0.463748409178272,0.28281847417865574,4.781175225407631,0.8647963751533801
Adjusted policy,0.56,1.0559999999999998,46.2,0.9278560496732853,0.4637484093273878,0.28281847429632306,4.786349954634908,0.864796375015269
Adjusted policy,0.56,1.0559999999999998,46.25,0.9278560486258604,0.46374840958301233,0.2828184745038423,4.791524683870599,0.8647963747703316
Adjusted policy,0.56,1.0559999999999998,46.300000000000004,0.9278560471101742,0.4637484099476279,0.2828184748034392,4.796699413114914,0.8647963744158926
Adjusted policy,0.56,1.0559999999999998,46.35,0.9278560451209473,0.4637484104222741,0.28281847519612713,4.801874142367949,0.8647963739507174
Adjusted policy,0.56,1.0559999999999998,46.400000000000006,0.9278560426594356,0.4637484110064619,0.2828184756816332,4.807048871629682,0.8647963733750997
Adjusted policy,0.56,1.0559999999999998,46.45,0.9278560397337422,0.46374841169810216,0.2828184762583373,4.812223600899961,0.8647963726909345
Adjusted policy,0.56,1.0559999999999998,46.5,0.9278560363590604,0.4637484124934511,0.2828184769232246,4.8173983301785075,0.8647963719017745
Adjusted policy,0.56,1.0559999999999998,46.550000000000004,0.927856032557839,0.46374841338707307,0.28281847767185314,4.822573059464907,0.8647963710128694
Adjusted policy,0.56,1.0559999999999998,46.6,0.9278560283598669,0.46374841437182274,0.2828184784983374,4.82774778875861,0.8647963700311854
Adjusted policy,0.56,1.0559999999999998,46.650000000000006,0.9278560238022683,0.4637484154388486,0.2828184793953497,4.8329225180589335,0.8647963689654037
Adjusted policy,0.56,1.0559999999999998,46.7,0.9278560189294031,0.4637484165776178,0.28281848035413987,4.8380972473650585,0.8647963678258976
Adjusted policy,0.56,1.0559999999999998,46.75,0.9278560137926656,0.46374841777596576,0.2828184813645752,4.843271976676038,0.864796366624686
Adjusted policy,0.56,1.0559999999999998,46.800000000000004,0.9278560084501758,0.4637484190201702,0.2828184824152017,4.848446705990804,0.8647963653753594
Adjusted policy,0.56,1.0559999999999998,46.85,0.9278560029663561,0.46374842029505275,0.28281848349332717,4.853621435308166,0.8647963640929834
Adjusted policy,0.56,1.0559999999999998,46.900000000000006,0.9278559974113871,0.46374842158410773,0.2828184845851291,4.858796164626833,0.8647963627939694
Adjusted policy,0.56,1.0559999999999998,46.95,0.9278559918605377,0.4637484228696618,0.28281848567578655,4.863970893945417,0.8647963614959187
Adjusted policy,0.56,1.0559999999999998,47.0,0.92785598639336,0.46374842413306405,0.28281848674963894,4.869145623262455,0.8647963602174343
Adjusted policy,0.56,1.0559999999999998,47.050000000000004,0.9278559810927458,0.463748425354909,0.2828184877903718,4.874320352576419,0.8647963589779004
Adjusted policy,0.56,1.0559999999999998,47.1,0.9278559760438368,0.4637484265152941,0.28281848878123184,4.879495081885739,0.864796357797227
Adjusted policy,0.56,1.0559999999999998,47.150000000000006,0.9278559713327817,0.4637484275941121,0.28281848970527185,4.884669811188831,0.8647963566955597
Adjusted policy,0.56,1.0559999999999998,47.2,0.9278559670453347,0.46374842857138165,0.2828184905456264,4.889844540484114,0.8647963556929521
Adjusted policy,0.56,1.0559999999999998,47.25,0.9278559632652885,0.46374842942761574,0.28281849128582087,4.895019269770046,0.8647963548089987
Adjusted policy,0.56,1.0559999999999998,47.300000000000004,0.9278559600727366,0.46374843014423056,0.28281849191011355,4.900193999045151,0.8647963540624292
Adjusted policy,0.56,1.0559999999999998,47.35,0.9278559575421556,0.4637484307039959,0.28281849240387336,4.9053687283080585,0.8647963534706599
Adjusted policy,0.56,1.0559999999999998,47.400000000000006,0.927855955740305,0.463748431091529,0.2828184927539934,4.910543457557539,0.864796353049302
Adjusted policy,0.56,1.0559999999999998,47.45,0.9278559547239349,0.4637484312938325,0.2828184929493422,4.915718186792548,0.8647963528116267
Adjusted policy,0.56,1.0559999999999998,47.5,0.9278559545372973,0.4637484313008786,0.2828184929812541,4.92089291601227,0.8647963527679821
Adjusted policy,0.56,1.0559999999999998,47.550000000000004,0.9278559552094529,0.46374843110624153,0.2828184928440592,4.926067645216173,0.8647963529251637
Adjusted policy,0.56,1.0559999999999998,47.6,0.9278559567513686,0.46374843070777766,0.2828184925356546,4.931242374404054,0.8647963532857365
Adjusted policy,0.56,1.0559999999999998,47.650000000000006,0.9278559591527984,0.46374843010835753,0.28281849205811915,4.936417103576104,0.8647963538473044
Adjusted policy,0.56,1.0559999999999998,47.7,0.9278559623789416,0.46374842931664917,0.2828184914183706,4.941591832732964,0.8647963546017289
Adjusted policy,0.56,1.0559999999999998,47.75,0.9278559663668714,0.46374842834795516,0.2828184906288691,4.946766561875795,0.8647963555342953
Adjusted policy,0.56,1.0559999999999998,47.800000000000004,0.9278559710217288,0.4637484272251047,0.28281848970836604,4.951941291006348,0.8647963566228207
Adjusted policy,0.56,1.0559999999999998,47.85,0.9278559762126735,0.463748425979402,0.2828184886827015,4.957116020127031,0.8647963578367088
Adjusted policy,0.56,1.0559999999999998,47.900000000000006,0.9278559817685875,0.4637484246516334,0.2828184875856495,4.962290749240999,0.8647963591359441
Adjusted policy,0.56,1.0559999999999998,47.95,0.9278559874735237,0.46374842329313265,0.2828184864598144,4.967465478352233,0.8647963604700275
Adjusted policy,0.56,1.0559999999999998,48.0,0.9278559930618925,0.46374842196690835,0.28281848535757753,4.972640207465626,0.864796361776852
Adjusted policy,0.56,1.0559999999999998,48.050000000000004,0.9278559982133826,0.4637484207488333,0.2828184843420977,4.97781493658708,0.8647963629815139
Adjusted policy,0.56,1.0559999999999998,48.1,0.9278560025476064,0.46374841972889796,0.2828184834883644,4.982989665723605,0.86479636399506
Adjusted policy,0.56,1.0559999999999998,48.150000000000006,0.927856005618466,0.4637484190125293,0.282818482884307,4.988164394883419,0.864796364713172
Adjusted policy,0.56,1.0559999999999998,48.2,0.9278560069082328,0.4637484187219762,0.28281848263195986,4.993339124076061,0.8647963650147805
Adjusted policy,0.56,1.0559999999999998,48.25,0.927856007021792,0.4637484187509451,0.2828184826169178,4.998513853290475,0.864796365041336
Adjusted policy,0.56,1.0559999999999998,48.300000000000004,0.927856007071524,0.46374841885177337,0.28281848262192527,5.003688582506201,0.8647963650529655
Adjusted policy,0.56,1.0559999999999998,48.35,0.9278560070874411,0.46374841898576447,0.2828184826369091,5.00886331172261,0.8647963650566879
Adjusted policy,0.56,1.0559999999999998,48.400000000000006,0.9278560070916249,0.4637484191241676,0.2828184826544213,5.01403804093924,0.8647963650576661
Adjusted policy,0.56,1.0559999999999998,48.45,0.9278560070997954,0.46374841924672566,0.2828184826691872,5.01921277015576,0.8647963650595768
Adjusted policy,0.56,1.0559999999999998,48.5,0.9278560071222353,0.4637484193404337,0.2828184826777889,5.024387499371956,0.8647963650648244
Adjusted policy,0.56,1.0559999999999998,48.550000000000004,0.9278560071646439,0.46374841939839095,0.28281848267837256,5.029562228587711,0.8647963650747414
Adjusted policy,0.56,1.0559999999999998,48.6,0.9278560072289237,0.46374841941874534,0.2828184826703785,5.034736957802983,0.8647963650897732
Adjusted policy,0.56,1.0559999999999998,48.650000000000006,0.9278560073139013,0.4637484194037254,0.2828184826542948,5.039911687017803,0.8647963651096449
Adjusted policy,0.56,1.0559999999999998,48.7,0.9278560074159848,0.4637484193587584,0.2828184826314318,5.045086416232245,0.8647963651335169
Adjusted policy,0.56,1.0559999999999998,48.75,0.92785600752976,0.46374841929167004,0.2828184826037176,5.050261145446425,0.8647963651601228
Adjusted policy,0.56,1.0559999999999998,48.800000000000004,0.9278560076485285,0.4637484192119639,0.28281848257351466,5.0554358746604855,0.8647963651878965
Adjusted policy,0.56,1.0559999999999998,48.85,0.9278560077647879,0.4637484191301764,0.2828184825434545,5.0606106038745855,0.8647963652150834
Adjusted policy,0.56,1.0559999999999998,48.900000000000006,0.9278560078706599,0.4637484190573055,0.28281848251629177,5.065785333088893,0.8647963652398413
Adjusted policy,0.56,1.0559999999999998,48.95,0.9278560079582642,0.463748419004309,0.2828184824947763,5.070960062303574,0.8647963652603274
Adjusted policy,0.56,1.0559999999999998,49.0,0.927856008020044,0.4637484189816698,0.2828184824815416,5.076134791518789,0.8647963652747744
Adjusted policy,0.56,1.0559999999999998,49.050000000000004,0.9278560080490437,0.46374841899902514,0.2828184824790103,5.081309520734686,0.8647963652815558
Adjusted policy,0.56,1.0559999999999998,49.1,0.9278560080391418,0.46374841906485664,0.2828184824893143,5.0864842499513925,0.8647963652792403
Adjusted policy,0.56,1.0559999999999998,49.150000000000006,0.92785600798524,0.4637484191862381,0.28281848251423064,5.0916589791690186,0.8647963652666356
Adjusted policy,0.56,1.0559999999999998,49.2,0.9278560078834126,0.463748419368638,0.2828184825551304,5.0968337083876465,0.8647963652428236
Adjusted policy,0.56,1.0559999999999998,49.25,0.9278560077310168,0.4637484196157734,0.2828184826129414,5.102008437607332,0.8647963652071862
Adjusted policy,0.56,1.0559999999999998,49.300000000000004,0.9278560075267678,0.4637484199295128,0.2828184826881226,5.107183166828104,0.864796365159423
Adjusted policy,0.56,1.0559999999999998,49.35,0.9278560072707787,0.46374842030982416,0.282818482780651,5.112357896049959,0.8647963650995608
Adjusted policy,0.56,1.0559999999999998,49.400000000000006,0.9278560069645705,0.46374842075476547,0.28281848289001876,5.117532625272866,0.8647963650279548
Adjusted policy,0.56,1.0559999999999998,49.45,0.9278560066110513,0.46374842126051474,0.28281848301524015,5.122707354496763,0.8647963649452854
Adjusted policy,0.56,1.0559999999999998,49.5,0.9278560062144697,0.46374842182143616,0.28281848315486857,5.127882083721561,0.864796364852546
Adjusted policy,0.56,1.0559999999999998,49.550000000000004,0.9278560057803422,0.4637484224301798,0.2828184833070212,5.133056812947145,0.8647963647510263
Adjusted policy,0.56,1.0559999999999998,49.6,0.9278560053153595,0.46374842307781083,0.2828184834694119,5.138231542173372,0.8647963646422915
Adjusted policy,0.56,1.0559999999999998,49.650000000000006,0.9278560048272709,0.46374842375396674,0.28281848363939105,5.143406271400082,0.8647963645281532
Adjusted policy,0.56,1.0559999999999998,49.7,0.927856004324753,0.46374842444703795,0.28281848381399094,5.148581000627088,0.8647963644106409
Adjusted policy,0.56,1.0559999999999998,49.75,0.92785600381726,0.46374842514436954,0.28281848398997717,5.153755729854193,0.8647963642919649
Adjusted policy,0.56,1.0559999999999998,49.800000000000004,0.9278560033148631,0.46374842583248105,0.2828184841639044,5.158930459081187,0.8647963641744809
Adjusted policy,0.56,1.0559999999999998,49.85,0.927856002828077,0.46374842649730114,0.28281848433217605,5.164105188307844,0.8647963640606473
Adjusted policy,0.56,1.0559999999999998,49.900000000000006,0.9278560023676784,0.4637484271244138,0.28281848449110647,5.169279917533942,0.8647963639529844
Adjusted policy,0.56,1.0559999999999998,49.95,0.9278560019445177,0.46374842769931346,0.28281848463698617,5.174454646759248,0.8647963638540295
Adjusted policy,0.56,1.0559999999999998,50.0,0.9278560015693261,0.4637484282076658,0.28281848476614785,5.179629375983538,0.8647963637662919
Adjusted policy,0.56,1.0559999999999998,50.050000000000004,0.927856001252521,0.46374842863557125,0.28281848487503364,5.184804105206593,0.8647963636922079
Adjusted policy,0.56,1.0559999999999998,50.1,0.9278560010040114,0.4637484289698276,0.28281848496026163,5.189978834428205,0.8647963636340946
Adjusted policy,0.56,1.0559999999999998,50.150000000000006,0.9278560008330057,0.46374842919818937,0.2828184850186923,5.195153563648178,0.8647963635941054
Adjusted policy,0.56,1.0559999999999998,50.2,0.9278560007478242,0.463748429309621,0.2828184850474925,5.200328292866339,0.8647963635741859
Adjusted policy,0.56,1.0559999999999998,50.25,0.9278560007557191,0.4637484292945394,0.2828184850441977,5.205503022082534,0.8647963635760322
Adjusted policy,0.56,1.0559999999999998,50.300000000000004,0.9278560008627027,0.4637484291450448,0.2828184850067704,5.210677751296639,0.8647963636010499
Adjusted policy,0.56,1.0559999999999998,50.35,0.9278560010733888,0.4637484288551352,0.28281848493365525,5.215852480508554,0.8647963636503183
Adjusted policy,0.56,1.0559999999999998,50.400000000000006,0.9278560013908458,0.46374842842090186,0.2828184848238285,5.221027209718218,0.8647963637245547
Adjusted policy,0.56,1.0559999999999998,50.45,0.9278560018164677,0.4637484278407038,0.28281848467684295,5.226201938925599,0.8647963638240853
Adjusted policy,0.56,1.0559999999999998,50.5,0.9278560023498624,0.46374842711531605,0.28281848449286556,5.231376668130709,0.8647963639488181
Adjusted policy,0.56,1.0559999999999998,50.550000000000004,0.9278560029887613,0.46374842624805085,0.28281848427270884,5.236551397333595,0.8647963640982229
Adjusted policy,0.56,1.0559999999999998,50.6,0.9278560037289505,0.4637484252448472,0.2828184840178535,5.2417261265343456,0.8647963642713141
Adjusted policy,0.56,1.0559999999999998,50.650000000000006,0.9278560045642292,0.46374842411432676,0.28281848373046314,5.246900855733094,0.8647963644666417
Adjusted policy,0.56,1.0559999999999998,50.7,0.9278560054863936,0.46374842286781165,0.28281848341338933,5.252075584930013,0.8647963646822873
Adjusted policy,0.56,1.0559999999999998,50.75,0.9278560064852512,0.46374842151930296,0.2828184830701659,5.257250314125318,0.8647963649158673
Adjusted policy,0.56,1.0559999999999998,50.800000000000004,0.9278560075486676,0.4637484200854153,0.28281848270499305,5.262425043319265,0.8647963651645444
Adjusted policy,0.56,1.0559999999999998,50.85,0.9278560086626463,0.46374841858526505,0.2828184823227092,5.267599772512151,0.8647963654250451
Adjusted policy,0.56,1.0559999999999998,50.900000000000006,0.9278560098114463,0.46374841704030906,0.2828184819287502,5.2727745017043075,0.8647963656936888
Adjusted policy,0.56,1.0559999999999998,50.95,0.9278560109777376,0.46374841547413115,0.2828184815290957,5.277949230896101,0.8647963659664227
Adjusted policy,0.56,1.0559999999999998,51.0,0.9278560121427977,0.46374841391217225,0.28281848113020064,5.283123960087925,0.8647963662388689
Adjusted policy,0.56,1.0559999999999998,51.050000000000004,0.9278560132867518,0.463748412381403,0.2828184807389126,5.288298689280203,0.8647963665063794
Adjusted policy,0.56,1.0559999999999998,51.1,0.9278560143888588,0.4637484109099333,0.2828184803623727,5.293473418473369,0.8647963667641041
Adjusted policy,0.56,1.0559999999999998,51.150000000000006,0.9278560154278438,0.4637484095265581,0.28281848000790105,5.298648147667874,0.8647963670070677
Adjusted policy,0.56,1.0559999999999998,51.2,0.9278560163822827,0.4637484082602348,0.2828184796828636,5.303822876864169,0.8647963672302608
Adjusted policy,0.56,1.0559999999999998,51.25,0.9278560172310372,0.4637484071394898,0.2828184793945225,5.308997606062699,0.8647963674287396
Adjusted policy,0.56,1.0559999999999998,51.300000000000004,0.9278560179537457,0.4637484061917512,0.2828184791498661,5.314172335263897,0.864796367597743
Adjusted policy,0.56,1.0559999999999998,51.35,0.9278560185313708,0.46374840544260426,0.28281847895542067,5.319347064468159,0.8647963677328189
Adjusted policy,0.56,1.0559999999999998,51.400000000000006,0.9278560189468056,0.46374840491496677,0.28281847881704125,5.324521793675849,0.8647963678299672
Adjusted policy,0.56,1.0559999999999998,51.45,0.9278560191855418,0.4637484046281814,0.2828184787396808,5.3296965228872715,0.8647963678857951
Adjusted policy,0.56,1.0559999999999998,51.5,0.9278560192364015,0.46374840459702144,0.2828184787271386,5.334871252102661,0.8647963678976884
Adjusted policy,0.56,1.0559999999999998,51.550000000000004,0.9278560190923348,0.4637484048306077,0.2828184787817848,5.340045981322167,0.8647963678639989
Adjusted policy,0.56,1.0559999999999998,51.6,0.927856018751286,0.46374840533123257,0.28281847890426226,5.345220710545828,0.8647963677842455
Adjusted policy,0.56,1.0559999999999998,51.650000000000006,0.9278560182171292,0.4637484060930889,0.2828184790931639,5.350395439773565,0.8647963676593344
Adjusted policy,0.56,1.0559999999999998,51.7,0.9278560175006785,0.46374840710090054,0.28281847934468474,5.355570169005146,0.8647963674917943
Adjusted policy,0.56,1.0559999999999998,51.75,0.927856016620772,0.46374840832845055,0.2828184796522486,5.360744898240172,0.8647963672860307
Adjusted policy,0.56,1.0559999999999998,51.800000000000004,0.9278560156054328,0.4637484097370058,0.28281848000610776,5.365919627478052,0.8647963670485965
Adjusted policy,0.56,1.0559999999999998,51.85,0.927856014493111,0.46374841127363325,0.2828184803929155,5.371094356717968,0.864796366788483
Adjusted policy,0.56,1.0559999999999998,51.900000000000006,0.9278560133340057,0.4637484128694055,0.28281848079527055,5.376269085958864,0.8647963665174296
Adjusted policy,0.56,1.0559999999999998,51.95,0.9278560121914734,0.4637484144374925,0.28281848119123215,5.381443815199395,0.8647963662502516
Adjusted policy,0.56,1.0559999999999998,52.0,0.9278560111435202,0.4637484158711367,0.282818481553806,5.386618544437916,0.8647963660051907
Adjusted policy,0.56,1.0559999999999998,52.050000000000004,0.9278560102843849,0.46374841704150793,0.28281848185039926,5.391793273672436,0.8647963658042842
Adjusted policy,0.56,1.0559999999999998,52.1,0.9278560097262117,0.4637484177954353,0.2828184820422445,5.396968002900582,0.864796365673757
Adjusted policy,0.56,1.0559999999999998,52.150000000000006,0.9278560095672547,0.4637484179913185,0.2828184820944023,5.402142732120263,0.8647963656365854
Adjusted policy,0.56,1.0559999999999998,52.2,0.927856009484843,0.4637484179908568,0.2828184821080224,5.407317461338105,0.8647963656173137
Adjusted policy,0.56,1.0559999999999998,52.25,0.9278560093772432,0.46374841795374955,0.2828184821210029,5.412492190556311,0.8647963655921517
Adjusted policy,0.56,1.0559999999999998,52.300000000000004,0.9278560092612188,0.4637484179001013,0.2828184821332059,5.417666919774628,0.8647963655650197
Adjusted policy,0.56,1.0559999999999998,52.35,0.9278560091491828,0.4637484178449182,0.2828184821445448,5.422841648992868,0.8647963655388203
Adjusted policy,0.56,1.0559999999999998,52.400000000000006,0.9278560090497817,0.463748417798787,0.2828184821549771,5.4280163782109065,0.8647963655155756
Adjusted policy,0.56,1.0559999999999998,52.45,0.927856008968438,0.46374841776850656,0.282818482164497,5.433191107428659,0.8647963654965537
Adjusted policy,0.56,1.0559999999999998,52.5,0.9278560089078522,0.46374841775767245,0.28281848217312927,5.438365836646088,0.8647963654823858
Adjusted policy,0.56,1.0559999999999998,52.550000000000004,0.9278560088684664,0.4637484177672167,0.2828184821809231,5.443540565863187,0.8647963654731756
Adjusted policy,0.56,1.0559999999999998,52.6,0.9278560088488896,0.46374841779590353,0.28281848218794686,5.448715295079977,0.8647963654685976
Adjusted policy,0.56,1.0559999999999998,52.650000000000006,0.9278560088462874,0.4637484178407833,0.282818482194283,5.453890024296505,0.8647963654679891
Adjusted policy,0.56,1.0559999999999998,52.7,0.9278560088567355,0.4637484178976054,0.2828184822000238,5.459064753512826,0.8647963654704324
Adjusted policy,0.56,1.0559999999999998,52.75,0.9278560088755404,0.46374841796119187,0.2828184822052673,5.464239482729015,0.8647963654748299
Adjusted policy,0.56,1.0559999999999998,52.800000000000004,0.9278560088975268,0.4637484180257733,0.28281848221011346,5.46941421194515,0.8647963654799713
Adjusted policy,0.56,1.0559999999999998,52.85,0.9278560089172937,0.4637484180852885,0.28281848221466166,5.474588941161312,0.8647963654845938
Adjusted policy,0.56,1.0559999999999998,52.900000000000006,0.9278560089294406,0.4637484181336488,0.28281848221900724,5.479763670377584,0.8647963654874342
Adjusted policy,0.56,1.0559999999999998,52.95,0.927856008928765,0.4637484181649693,0.28281848222323985,5.484938399594043,0.8647963654872763
Adjusted policy,0.56,1.0559999999999998,53.0,0.9278560089104316,0.4637484181737681,0.2828184822274408,5.490113128810764,0.8647963654829891
Adjusted policy,0.56,1.0559999999999998,53.050000000000004,0.9278560088701165,0.46374841815513473,0.2828184822316821,5.495287858027813,0.8647963654735615
Adjusted policy,0.56,1.0559999999999998,53.1,0.9278560088041246,0.4637484181048697,0.28281848223602446,5.500462587245243,0.8647963654581294
Adjusted policy,0.56,1.0559999999999998,53.150000000000006,0.9278560087094848,0.46374841801959665,0.2828184822405171,5.505637316463102,0.8647963654359981
Adjusted policy,0.56,1.0559999999999998,53.2,0.9278560085840221,0.46374841789684756,0.2828184822451963,5.510812045681421,0.8647963654066592
Adjusted policy,0.56,1.0559999999999998,53.25,0.927856008426408,0.46374841773512443,0.2828184822500855,5.515986774900221,0.8647963653698015
Adjusted policy,0.56,1.0559999999999998,53.300000000000004,0.9278560082361916,0.46374841753393653,0.28281848225519507,5.521161504119509,0.8647963653253199
Adjusted policy,0.56,1.0559999999999998,53.35,0.9278560080138117,0.46374841729381683,0.28281848226052225,5.526336233339278,0.864796365273317
Adjusted policy,0.56,1.0559999999999998,53.400000000000006,0.9278560077605912,0.4637484170163174,0.28281848226605166,5.531510962559509,0.8647963652141022
Adjusted policy,0.56,1.0559999999999998,53.45,0.9278560074787154,0.4637484167039865,0.28281848227175566,5.536685691780168,0.8647963651481861
Adjusted policy,0.56,1.0559999999999998,53.5,0.927856007171196,0.4637484163603277,0.2828184822775953,5.541860421001209,0.8647963650762736
Adjusted policy,0.56,1.0559999999999998,53.550000000000004,0.9278560068418201,0.4637484159897437,0.2828184822835211,5.547035150222577,0.86479636499925
Adjusted policy,0.56,1.0559999999999998,53.6,0.9278560064950884,0.463748415597465,0.2828184822894739,5.552209879444202,0.8647963649181678
Adjusted policy,0.56,1.0559999999999998,53.650000000000006,0.9278560061361406,0.46374841518946613,0.2828184822953866,5.557384608666009,0.8647963648342287
Adjusted policy,0.56,1.0559999999999998,53.7,0.9278560057706723,0.46374841477236994,0.2828184823011849,5.56255933788791,0.8647963647487651
Adjusted policy,0.56,1.0559999999999998,53.75,0.9278560054048424,0.4637484143533417,0.2828184823067891,5.567734067109812,0.8647963646632166
Adjusted policy,0.56,1.0559999999999998,53.800000000000004,0.9278560050451731,0.46374841393997507,0.28281848231211537,5.572908796331618,0.864796364579109
Adjusted policy,0.56,1.0559999999999998,53.85,0.9278560046984449,0.4637484135401704,0.28281848231707746,5.578083525553225,0.8647963644980277
Adjusted policy,0.56,1.0559999999999998,53.900000000000006,0.9278560043715853,0.46374841316200716,0.2828184823215883,5.583258254774531,0.8647963644215925
Adjusted policy,0.56,1.0559999999999998,53.95,0.9278560040715549,0.4637484128136129,0.2828184823255616,5.588432983995427,0.8647963643514311
Adjusted policy,0.56,1.0559999999999998,54.0,0.9278560038052305,0.46374841250302834,0.28281848232891366,5.593607713215812,0.8647963642891519
Adjusted policy,0.56,1.0559999999999998,54.050000000000004,0.9278560035792879,0.46374841223807206,0.2828184823315647,5.598782442435586,0.8647963642363159
Adjusted policy,0.56,1.0559999999999998,54.1,0.9278560034000845,0.4637484120262044,0.28281848233344087,5.603957171654651,0.8647963641944098
Adjusted policy,0.56,1.0559999999999998,54.150000000000006,0.927856003273543,0.46374841187439386,0.28281848233447576,5.609131900872921,0.8647963641648183
Adjusted policy,0.56,1.0559999999999998,54.2,0.9278560032050387,0.4637484117889856,0.28281848233461176,5.6143066300903115,0.8647963641487987
Adjusted policy,0.56,1.0559999999999998,54.25,0.92785600319929,0.4637484117755752,0.28281848233380164,5.6194813593067545,0.8647963641474544
Adjusted policy,0.56,1.0559999999999998,54.300000000000004,0.9278560032602546,0.4637484118388878,0.2828184823320101,5.62465608852219,0.8647963641617108
Adjusted policy,0.56,1.0559999999999998,54.35,0.9278560033910322,0.46374841198266487,0.28281848232921486,5.629830817736572,0.8647963641922928
Adjusted policy,0.56,1.0559999999999998,54.400000000000006,0.9278560035937747,0.4637484122095599,0.2828184823254076,5.635005546949867,0.8647963642397035
Adjusted policy,0.56,1.0559999999999998,54.45,0.9278560038696058,0.46374841252104426,0.28281848232059553,5.640180276162059,0.8647963643042058
Adjusted policy,0.56,1.0559999999999998,54.5,0.9278560042185505,0.46374841291732477,0.28281848231480156,5.6453550053731485,0.8647963643858056
Adjusted policy,0.56,1.0559999999999998,54.550000000000004,0.9278560046394768,0.4637484133972748,0.2828184823080655,5.650529734583153,0.8647963644842381
Adjusted policy,0.56,1.0559999999999998,54.6,0.9278560051300496,0.46374841395837996,0.2828184823004441,5.655704463792108,0.8647963645989571
Adjusted policy,0.56,1.0559999999999998,54.650000000000006,0.9278560056866989,0.4637484145966994,0.2828184822920117,5.660879193000069,0.8647963647291281
Adjusted policy,0.56,1.0559999999999998,54.7,0.9278560063046039,0.46374841530684574,0.2828184822828598,5.666053922207106,0.8647963648736234
Adjusted policy,0.56,1.0559999999999998,54.75,0.9278560069776922,0.46374841608198314,0.282818482273097,5.671228651413314,0.8647963650310233
Adjusted policy,0.56,1.0559999999999998,54.800000000000004,0.9278560076986595,0.46374841691384633,0.2828184822628487,5.676403380618803,0.8647963651996194
Adjusted policy,0.56,1.0559999999999998,54.85,0.9278560084590054,0.4637484177927817,0.28281848225225603,5.6815781098237,0.8647963653774242
Adjusted policy,0.56,1.0559999999999998,54.900000000000006,0.9278560092490918,0.4637484187078114,0.2828184822414747,5.686752839028154,0.8647963655621839
Adjusted policy,0.56,1.0559999999999998,54.95,0.9278560100582225,0.46374841964672303,0.28281848223067374,5.691927568232325,0.8647963657513968
Adjusted policy,0.56,1.0559999999999998,55.0,0.9278560108747446,0.4637484205961849,0.28281848222003375,5.697102297436388,0.8647963659423382
Adjusted policy,0.56,1.0559999999999998,55.050000000000004,0.9278560116861759,0.46374842154188956,0.28281848220974454,5.702277026640534,0.8647963661320891
Adjusted policy,0.56,1.0559999999999998,55.1,0.9278560124793569,0.463748422468727,0.282818482200003,5.707451755844961,0.8647963663175723
Adjusted policy,0.56,1.0559999999999998,55.150000000000006,0.9278560132406287,0.4637484233609875,0.2828184821910098,5.712626485049874,0.8647963664955935
Adjusted policy,0.56,1.0559999999999998,55.2,0.9278560139560403,0.46374842420259776,0.28281848218296635,5.717801214255485,0.8647963666628907
Adjusted policy,0.56,1.0559999999999998,55.25,0.9278560146115845,0.46374842497739005,0.282818482176071,5.722975943462005,0.8647963668161879
Adjusted policy,0.56,1.0559999999999998,55.300000000000004,0.9278560151934641,0.4637484256694067,0.28281848217051475,5.728150672669644,0.8647963669522588
Adjusted policy,0.56,1.0559999999999998,55.35,0.9278560156883905,0.46374842626324125,0.28281848216647687,5.733325401878599,0.8647963670679959
Adjusted policy,0.56,1.0559999999999998,55.400000000000006,0.9278560160839147,0.46374842674441735,0.2828184821641195,5.738500131089061,0.8647963671604881
Adjusted policy,0.56,1.0559999999999998,55.45,0.9278560163687928,0.46374842709980724,0.2828184821635821,5.743674860301196,0.8647963672271061
Adjusted policy,0.56,1.0559999999999998,55.5,0.9278560165333875,0.4637484273180917,0.2828184821649754,5.748849589515152,0.8647963672655962
Adjusted policy,0.56,1.0559999999999998,55.550000000000004,0.9278560165701059,0.4637484273902614,0.28281848216837474,5.754024318731042,0.8647963672741825
Adjusted policy,0.56,1.0559999999999998,55.6,0.9278560164738754,0.4637484273101631,0.2828184821738126,5.759199047948941,0.8647963672516794
Adjusted policy,0.56,1.0559999999999998,55.650000000000006,0.9278560162426593,0.4637484270750905,0.2828184821812711,5.764373777168881,0.8647963671976101
Adjusted policy,0.56,1.0559999999999998,55.7,0.927856015878013,0.46374842668642247,0.2828184821906734,5.769548506390835,0.8647963671123385
Adjusted policy,0.56,1.0559999999999998,55.75,0.9278560153856813,0.46374842615030876,0.28281848220187483,5.774723235614716,0.8647963669972082
Adjusted policy,0.56,1.0559999999999998,55.800000000000004,0.9278560147762402,0.46374842547840617,0.2828184822146533,5.779897964840365,0.8647963668546921
Adjusted policy,0.56,1.0559999999999998,55.85,0.927856014065782,0.4637484246886654,0.2828184822286988,5.7850726940675345,0.8647963666885534
Adjusted policy,0.56,1.0559999999999998,55.900000000000006,0.9278560132766464,0.46374842380617076,0.28281848224360295,5.790247423295888,0.8647963665040161
Adjusted policy,0.56,1.0559999999999998,55.95,0.9278560124381986,0.463748422864034,0.2828184822588468,5.795422152524978,0.8647963663079475
Adjusted policy,0.56,1.0559999999999998,56.0,0.9278560115876555,0.4637484219043432,0.28281848227378925,5.800596881754243,0.8647963661090504
Adjusted policy,0.56,1.0559999999999998,56.050000000000004,0.9278560107709618,0.4637484209791694,0.2828184822876533,5.805771610982986,0.8647963659180689
Adjusted policy,0.56,1.0559999999999998,56.1,0.9278560100437159,0.4637484201516312,0.28281848229951295,5.810946340210364,0.8647963657480043
Adjusted policy,0.56,1.0559999999999998,56.150000000000006,0.9278560094721484,0.4637484194970192,0.28281848230827844,5.816121069435378,0.8647963656143449
Adjusted policy,0.56,1.0559999999999998,56.2,0.9278560091341543,0.46374841910398235,0.2828184823126811,5.821295798656846,0.864796365535306
Adjusted policy,0.56,1.0559999999999998,56.25,0.9278560090763537,0.4637484190209028,0.2828184823113467,5.826470527874052,0.8647963655217895
Adjusted policy,0.56,1.0559999999999998,56.300000000000004,0.9278560090888862,0.46374841898778424,0.28281848230491,5.831645257090122,0.8647963655247202
Adjusted policy,0.56,1.0559999999999998,56.35,0.9278560091176467,0.46374841895514635,0.28281848229584317,5.836819986305902,0.8647963655314458
Adjusted policy,0.56,1.0559999999999998,56.400000000000006,0.9278560091517617,0.4637484189240231,0.28281848228608686,5.841994715521591,0.8647963655394235
Adjusted policy,0.56,1.0559999999999998,56.45,0.9278560091834723,0.4637484188951161,0.2828184822770211,5.847169444737328,0.8647963655468388
Adjusted policy,0.56,1.0559999999999998,56.5,0.9278560092076741,0.46374841886884494,0.2828184822695484,5.852344173953205,0.8647963655524983
Adjusted policy,0.56,1.0559999999999998,56.550000000000004,0.9278560092214928,0.4637484188453935,0.28281848226416995,5.857518903169275,0.8647963655557299
Adjusted policy,0.56,1.0559999999999998,56.6,0.9278560092238951,0.4637484188247522,0.282818482261056,5.862693632385556,0.8647963655562917
Adjusted policy,0.56,1.0559999999999998,56.650000000000006,0.9278560092153325,0.4637484188067574,0.28281848226011,5.867868361602039,0.8647963655542893
Adjusted policy,0.56,1.0559999999999998,56.7,0.9278560091974176,0.4637484187911262,0.2828184822610273,5.873043090818693,0.8647963655500999
Adjusted policy,0.56,1.0559999999999998,56.75,0.9278560091726312,0.4637484187774885,0.2828184822633472,5.878217820035475,0.8647963655443037
Adjusted policy,0.56,1.0559999999999998,56.800000000000004,0.9278560091440595,0.46374841876541545,0.2828184822665012,5.88339254925233,0.8647963655376222
Adjusted policy,0.56,1.0559999999999998,56.85,0.9278560091151598,0.46374841875444495,0.2828184822698547,5.888567278469192,0.8647963655308643
Adjusted policy,0.56,1.0559999999999998,56.900000000000006,0.9278560090895536,0.4637484187441037,0.28281848227274425,5.893742007685998,0.8647963655248763
Adjusted policy,0.56,1.0559999999999998,56.95,0.9278560090708465,0.4637484187339271,0.28281848227451034,5.89891673690268,0.8647963655205017
Adjusted policy,0.56,1.0559999999999998,57.0,0.9278560090624723,0.4637484187234754,0.2828184822745253,5.904091466119176,0.8647963655185433
Adjusted policy,0.56,1.0559999999999998,57.050000000000004,0.9278560090675618,0.46374841871234834,0.2828184822722167,5.909266195335432,0.8647963655197335
Adjusted policy,0.56,1.0559999999999998,57.1,0.9278560090888333,0.4637484187001961,0.2828184822670874,5.914440924551395,0.8647963655247078
Adjusted policy,0.56,1.0559999999999998,57.150000000000006,0.9278560091285057,0.46374841868672906,0.2828184822587311,5.9196156537670275,0.864796365533985
Adjusted policy,0.56,1.0559999999999998,57.2,0.9278560091882313,0.4637484186717241,0.282818482246844,5.924790382982297,0.8647963655479517
Adjusted policy,0.56,1.0559999999999998,57.25,0.9278560092690475,0.4637484186550302,0.28281848223123435,5.929965112197187,0.8647963655668505
Adjusted policy,0.56,1.0559999999999998,57.300000000000004,0.9278560093713467,0.46374841863657074,0.2828184822118267,5.935139841411688,0.8647963655907728
Adjusted policy,0.56,1.0559999999999998,57.35,0.927856009494863,0.4637484186163448,0.28281848218866523,5.940314570625807,0.8647963656196568
Adjusted policy,0.56,1.0559999999999998,57.400000000000006,0.927856009638674,0.46374841859442656,0.2828184821619127,5.945489299839559,0.8647963656532864
Adjusted policy,0.56,1.0559999999999998,57.45,0.9278560098012171,0.46374841857096294,0.2828184821318478,5.950664029052972,0.8647963656912967
Adjusted policy,0.56,1.0559999999999998,57.5,0.927856009980319,0.4637484185461702,0.28281848209885974,5.955838758266086,0.8647963657331793
Adjusted policy,0.56,1.0559999999999998,57.550000000000004,0.9278560101732373,0.4637484185203287,0.2828184820634405,5.961013487478953,0.8647963657782926
Adjusted policy,0.56,1.0559999999999998,57.6,0.927856010376712,0.4637484184937772,0.2828184820261758,5.966188216691627,0.8647963658258746
Adjusted policy,0.56,1.0559999999999998,57.650000000000006,0.9278560105870273,0.4637484184669052,0.2828184819877337,5.97136294590418,0.8647963658750563
Adjusted policy,0.56,1.0559999999999998,57.7,0.9278560108000816,0.4637484184401454,0.2828184819488517,5.976537675116683,0.8647963659248784
Adjusted policy,0.56,1.0559999999999998,57.75,0.9278560110114645,0.46374841841396475,0.28281848191032327,5.981712404329218,0.8647963659743099
Adjusted policy,0.56,1.0559999999999998,57.800000000000004,0.9278560112165395,0.4637484183888549,0.28281848187298275,5.9868871335418685,0.864796366022266
Adjusted policy,0.56,1.0559999999999998,57.85,0.9278560114105316,0.4637484183653224,0.2828184818376892,5.99206186275472,0.8647963660676306
Adjusted policy,0.56,1.0559999999999998,57.900000000000006,0.9278560115886192,0.46374841834387837,0.2828184818053102,5.9972365919678605,0.8647963661092758
Adjusted policy,0.56,1.0559999999999998,57.95,0.9278560117460266,0.46374841832502806,0.28281848177670493,6.002411321181377,0.8647963661460851
Adjusted policy,0.56,1.0559999999999998,58.0,0.9278560118781193,0.46374841830926017,0.2828184817527067,6.007586050395353,0.8647963661769746
Adjusted policy,0.56,1.0559999999999998,58.050000000000004,0.9278560119804986,0.46374841829703617,0.2828184817341064,6.012760779609867,0.8647963662009156
Adjusted policy,0.56,1.0559999999999998,58.1,0.9278560120490947,0.46374841828878005,0.28281848172163526,6.017935508824995,0.8647963662169567
Adjusted policy,0.56,1.0559999999999998,58.150000000000006,0.9278560120802581,0.4637484182848681,0.2828184817159486,6.023110238040802,0.8647963662242443
Adjusted policy,0.56,1.0559999999999998,58.2,0.9278560120708463,0.46374841828561947,0.28281848171760987,6.028284967257345,0.8647963662220433
Adjusted policy,0.56,1.0559999999999998,58.25,0.9278560120183066,0.46374841829128655,0.28281848172707597,6.033459696474669,0.8647963662097571
Adjusted policy,0.56,1.0559999999999998,58.300000000000004,0.9278560119207524,0.4637484183020471,0.28281848174468344,6.03863442569281,0.8647963661869442
Adjusted policy,0.56,1.0559999999999998,58.35,0.9278560117770324,0.4637484183179965,0.2828184817706359,6.043809154911788,0.8647963661533357
Adjusted policy,0.56,1.0559999999999998,58.400000000000006,0.9278560115867914,0.46374841833914093,0.2828184818049931,6.048983884131609,0.8647963661088484
Adjusted policy,0.56,1.0559999999999998,58.45,0.9278560113505214,0.46374841836539216,0.28281848184766173,6.054158613352263,0.8647963660535973
Adjusted policy,0.56,1.0559999999999998,58.5,0.9278560110696019,0.4637484183965631,0.2828184818983883,6.059333342573727,0.8647963659879051
Adjusted policy,0.56,1.0559999999999998,58.550000000000004,0.9278560107463281,0.4637484184323651,0.28281848195675385,6.064508071795959,0.8647963659123084
Adjusted policy,0.56,1.0559999999999998,58.6,0.9278560103839262,0.46374841847240633,0.2828184820221713,6.0696828010189,0.8647963658275616
Adjusted policy,0.56,1.0559999999999998,58.650000000000006,0.9278560099865537,0.4637484185161921,0.2828184820938856,6.0748575302424745,0.8647963657346373
Adjusted policy,0.56,1.0559999999999998,58.7,0.9278560095592849,0.46374841856312693,0.28281848217097616,6.08003225946659,0.8647963656347216
Adjusted policy,0.56,1.0559999999999998,58.75,0.9278560091080792,0.4637484186125184,0.28281848225236284,6.085206988691139,0.8647963655292085
Adjusted policy,0.56,1.0559999999999998,58.800000000000004,0.9278560086397307,0.4637484186635832,0.2828184823368148,6.0903817179159985,0.8647963654196864
Adjusted policy,0.56,1.0559999999999998,58.85,0.9278560081618,0.4637484187154549,0.2828184824229633,6.09555644714103,0.8647963653079237
Adjusted policy,0.56,1.0559999999999998,58.900000000000006,0.9278560076825245,0.4637484187671949,0.28281848250931757,6.100731176366087,0.8647963651958464
Adjusted policy,0.56,1.0559999999999998,58.95,0.9278560072107079,0.4637484188178049,0.28281848259428516,6.1059059055910065,0.8647963650855134
Adjusted policy,0.56,1.0559999999999998,59.0,0.927856006755586,0.46374841886624224,0.2828184826761959,6.1110806348156235,0.8647963649790843
Adjusted policy,0.56,1.0559999999999998,59.050000000000004,0.9278560063266693,0.4637484189114384,0.2828184827533309,6.116255364039764,0.8647963648787834
Adjusted policy,0.56,1.0559999999999998,59.1,0.9278560059335602,0.4637484189523197,0.2828184828239549,6.121430093263255,0.864796364786856
Adjusted policy,0.56,1.0559999999999998,59.150000000000006,0.927856005585744,0.46374841898783126,0.2828184828863549,6.126604822485925,0.86479636470552
Adjusted policy,0.56,1.0559999999999998,59.2,0.9278560052923517,0.46374841901696395,0.28281848293888273,6.1317795517076075,0.8647963646369111
Adjusted policy,0.56,1.0559999999999998,59.25,0.9278560050618947,0.46374841903878483,0.28281848298000284,6.136954280928148,0.8647963645830195
Adjusted policy,0.56,1.0559999999999998,59.300000000000004,0.9278560049019694,0.46374841905247066,0.2828184830083462,6.14212901014741,0.8647963645456214
Adjusted policy,0.56,1.0559999999999998,59.35,0.9278560048189304,0.4637484190573451,0.28281848302276913,6.1473037393652765,0.8647963645262028
Adjusted policy,0.56,1.0559999999999998,59.400000000000006,0.9278560048175316,0.4637484190529193,0.28281848302241824,6.1524784685816645,0.8647963645258758
Adjusted policy,0.56,1.0559999999999998,59.45,0.9278560049005338,0.46374841903893665,0.2828184830068016,6.15765319779652,0.8647963645452855
Adjusted policy,0.56,1.0559999999999998,59.5,0.927856005068277,0.46374841901542113,0.282818482975866,6.1628279270098405,0.8647963645845118
Adjusted policy,0.56,1.0559999999999998,59.550000000000004,0.9278560053182177,0.4637484189827297,0.28281848293008044,6.168002656221672,0.8647963646429598
Adjusted policy,0.56,1.0559999999999998,59.6,0.9278560056444282,0.46374841894160906,0.28281848287052713,6.17317738543212,0.8647963647192431
Adjusted policy,0.56,1.0559999999999998,59.650000000000006,0.9278560060370579,0.4637484188932566,0.2828184827989985,6.178352114641365,0.8647963648110586
Adjusted policy,0.56,1.0559999999999998,59.7,0.9278560064817554,0.46374841883938556,0.28281848271810206,6.183526843849666,0.8647963649150499
Adjusted policy,0.56,1.0559999999999998,59.75,0.9278560069590491,0.46374841878229534,0.28281848263137194,6.1887015730573784,0.8647963650266637
Adjusted policy,0.56,1.0559999999999998,59.800000000000004,0.9278560074436871,0.46374841872494565,0.28281848254338887,6.193876302264959,0.8647963651399949
Adjusted policy,0.56,1.0559999999999998,59.85,0.9278560079039322,0.4637484186710366,0.28281848245990715,6.199051031472982,0.8647963652476219
Adjusted policy,0.56,1.0559999999999998,59.900000000000006,0.9278560083008143,0.46374841862509264,0.2828184823879901,6.204225760682157,0.8647963653404318
Adjusted policy,0.56,1.0559999999999998,59.95,0.9278560085873365,0.4637484185925522,0.2828184823361536,6.209400489893335,0.8647963654074341
Adjusted policy,0.56,1.0559999999999998,60.0,0.9278560087076346,0.4637484185798628,0.2828184823145179,6.2145752191075285,0.8647963654355656
