scenario,time,shift,state_y,instant_high_equilibrium,instant_low_equilibrium
Slow forcing,-40.0,0.0,1.0,1.0,-1.0
Slow forcing,-39.955555555555556,4.492760391670616e-06,1.0000001936073717,1.0000044927603917,-0.9999955072396083
Slow forcing,-39.91111111111111,9.025607184672625e-06,1.0000007545926042,1.0000090256071847,-0.9999909743928154
Slow forcing,-39.86666666666667,1.3598897802012682e-05,1.0000016551305206,1.000013598897802,-0.9999864011021979
Slow forcing,-39.82222222222222,1.8212992849454548e-05,1.0000028697939083,1.0000182129928494,-0.9999817870071506
Slow forcing,-39.77777777777778,2.2868256143265525e-05,1.0000043753496868,1.0000228682561432,-0.9999771317438567
Slow forcing,-39.733333333333334,2.7565054739129395e-05,1.0000061505724351,1.0000275650547392,-0.9999724349452609
Slow forcing,-39.68888888888889,3.2303758960726086e-05,1.0000081760738075,1.0000323037589607,-0.9999676962410393
Slow forcing,-39.644444444444446,3.708474242881125e-05,1.0000104341464775,1.000037084742429,-0.9999629152575712
Slow forcing,-39.6,4.190838209021254e-05,1.000012908621372,1.0000419083820902,-0.9999580916179098
Slow forcing,-39.55555555555556,4.677505824790907e-05,1.000015584737065,1.000046775058248,-0.9999532249417521
Slow forcing,-39.51111111111111,5.168515459019435e-05,1.0000184490202917,1.0000516851545902,-0.9999483148454098
Slow forcing,-39.46666666666667,5.663905822142227e-05,1.0000214891766364,1.0000566390582215,-0.9999433609417786
Slow forcing,-39.422222222222224,6.163715969142005e-05,1.0000246939905277,1.0000616371596913,-0.9999383628403086
Slow forcing,-39.37777777777778,6.667985302706748e-05,1.0000280532337495,1.000066679853027,-0.9999333201469729
Slow forcing,-39.333333333333336,7.176753576229307e-05,1.000031557581738,1.0000717675357622,-0.9999282324642377
Slow forcing,-39.28888888888889,7.690060896981992e-05,1.0000351985370077,1.0000769006089698,-0.9999230993910302
Slow forcing,-39.24444444444445,8.207947729232846e-05,1.0000389683590938,1.0000820794772922,-0.9999179205227077
Slow forcing,-39.2,8.730454897378565e-05,1.0000428600004605,1.0000873045489738,-0.9999126954510262
Slow forcing,-39.15555555555556,9.257623589219089e-05,1.0000468670478644,1.000092576235892,-0.9999074237641078
Slow forcing,-39.111111111111114,9.789495359098852e-05,1.00005098366871,1.000097894953591,-0.999902105046409
Slow forcing,-39.06666666666667,0.00010326112131223028,1.000055204561972,1.0001032611213123,-0.9998967388786878
Slow forcing,-39.022222222222226,0.00010867516202898784,1.0000595249132964,1.000108675162029,-0.999891324837971
Slow forcing,-38.977777777777774,0.00011413750247859844,1.000063940353924,1.0001141375024787,-0.9998858624975214
Slow forcing,-38.93333333333333,0.000119648573195994,1.0000684469231094,1.000119648573196,-0.999880351426804
Slow forcing,-38.888888888888886,0.00012520880854744674,1.0000730410337426,1.0001252088085475,-0.9998747911914525
Slow forcing,-38.84444444444444,0.00013081864676456486,1.0000777194408972,1.0001308186467646,-0.9998691813532354
Slow forcing,-38.8,0.0001364785299784547,1.0000824792130554,1.0001364785299784,-0.9998635214700216
Slow forcing,-38.75555555555555,0.00014218890425454973,1.000087317705786,1.0001421889042545,-0.9998578110957455
Slow forcing,-38.71111111111111,0.000147950219627106,1.0000922325376622,1.000147950219627,-0.9998520497803729
Slow forcing,-38.666666666666664,0.00015376293013478096,1.000097221568232,1.0001537629301347,-0.9998462370698652
Slow forcing,-38.62222222222222,0.00015962749385579558,1.0001022828778658,1.0001596274938558,-0.9998403725061442
Slow forcing,-38.577777777777776,0.00016554437294426298,1.0001074147493196,1.0001655443729442,-0.9998344556270558
Slow forcing,-38.53333333333333,0.0001715140336655173,1.0001126156508715,1.0001715140336656,-0.9998284859663344
Slow forcing,-38.48888888888889,0.00017753694643344217,1.0001178842208942,1.0001775369464334,-0.9998224630535666
Slow forcing,-38.44444444444444,0.00018361358584663263,1.0001232192537424,1.0001836135858466,-0.9998163864141534
Slow forcing,-38.4,0.00018974443072564058,1.0001286196868453,1.0001897444307257,-0.9998102555692744
Slow forcing,-38.355555555555554,0.00019592996415046974,1.0001340845888989,1.0001959299641505,-0.9998040700358495
Slow forcing,-38.31111111111111,0.00020217067349848747,1.0001396131490659,1.0002021706734985,-0.9997978293265015
Slow forcing,-38.266666666666666,0.00020846705048192007,1.0001452046670976,1.0002084670504818,-0.9997915329495181
Slow forcing,-38.22222222222222,0.00021481959118701426,1.0001508585442989,1.000214819591187,-0.999785180408813
Slow forcing,-38.17777777777778,0.00022122879611228237,1.0001565742752656,1.0002212287961123,-0.9997787712038877
Slow forcing,-38.13333333333333,0.00022769517020774718,1.0001623514403277,1.0002276951702078,-0.9997723048297923
Slow forcing,-38.08888888888889,0.00023421922291427032,1.0001681896986367,1.0002342192229143,-0.9997657807770858
Slow forcing,-38.044444444444444,0.00024080146820363034,1.000174088781848,1.0002408014682036,-0.9997591985317964
Slow forcing,-38.0,0.0002474424246184343,1.0001800484883405,1.0002474424246184,-0.9997525575753816
Slow forcing,-37.955555555555556,0.0002541426153124458,1.0001860686779331,1.0002541426153124,-0.9997458573846876
Slow forcing,-37.91111111111111,0.00026090256809191333,1.0001921492670536,1.000260902568092,-0.9997390974319081
Slow forcing,-37.86666666666667,0.00026772281545623115,1.0001982902243207,1.0002677228154562,-0.9997322771845437
Slow forcing,-37.82222222222222,0.00027460389463985113,1.0002044915665083,1.00027460389464,-0.9997253961053602
Slow forcing,-37.77777777777778,0.00028154634765419366,1.0002107533548532,1.0002815463476542,-0.9997184536523458
Slow forcing,-37.733333333333334,0.0002885507213296424,1.0002170756916828,1.0002885507213297,-0.9997114492786704
Slow forcing,-37.68888888888889,0.00029561756735853854,1.000223458717331,1.0002956175673585,-0.9997043824326415
Slow forcing,-37.644444444444446,0.0003027474423380924,1.0002299026073227,1.000302747442338,-0.999697252557662
Slow forcing,-37.6,0.00030994090781396065,1.0002364075697994,1.000309940907814,-0.999690059092186
Slow forcing,-37.55555555555556,0.00031719853032365764,1.0002429738431677,1.0003171985303236,-0.9996828014696764
Slow forcing,-37.51111111111111,0.0003245208814410497,1.0002496016939526,1.000324520881441,-0.9996754791185589
Slow forcing,-37.46666666666667,0.00033190853782109935,1.000256291414836,1.000331908537821,-0.9996680914621789
Slow forcing,-37.422222222222224,0.00033936208124419275,1.0002630433228663,1.0003393620812442,-0.9996606379187558
Slow forcing,-37.37777777777778,0.0003468820986623007,1.000269857757824,1.0003468820986623,-0.9996531179013377
Slow forcing,-37.333333333333336,0.0003544691822439727,1.00027673508073,1.000354469182244,-0.999645530817756
Slow forcing,-37.28888888888889,0.0003621239294210809,1.0002836756724856,1.0003621239294211,-0.999637876070579
Slow forcing,-37.24444444444445,0.0003698469429350644,1.00029067993263,1.000369846942935,-0.9996301530570649
Slow forcing,-37.2,0.00037763883088392277,1.000297748278211,1.0003776388308838,-0.9996223611691161
Slow forcing,-37.15555555555556,0.0003855002067697937,1.0003048811427515,1.0003855002067699,-0.9996144997932302
Slow forcing,-37.111111111111114,0.0003934316895464466,1.0003120789753108,1.0003934316895464,-0.9996065683104536
Slow forcing,-37.06666666666666,0.00040143390366785976,1.0003193422396288,1.0004014339036678,-0.9995985660963321
Slow forcing,-37.022222222222226,0.00040950747913638094,1.0003266714133476,1.0004095074791364,-0.9995904925208636
Slow forcing,-36.977777777777774,0.00041765305155238745,1.0003340669873027,1.0004176530515523,-0.9995823469484476
Slow forcing,-36.93333333333333,0.00042587126216303003,1.00034152946488,1.000425871262163,-0.999574128737837
Slow forcing,-36.888888888888886,0.0004341627579129761,1.00034905936143,1.000434162757913,-0.999565837242087
Slow forcing,-36.84444444444444,0.00044252819149423716,1.0003566572037368,1.0004425281914942,-0.9995574718085057
Slow forcing,-36.8,0.00045096822139691165,1.0003643235295374,1.000450968221397,-0.9995490317786031
Slow forcing,-36.75555555555555,0.00045948351196084536,1.000372058887085,1.000459483511961,-0.9995405164880391
Slow forcing,-36.71111111111111,0.0004680747334271247,1.0003798638347547,1.0004680747334271,-0.9995319252665729
Slow forcing,-36.666666666666664,0.00047674256199007015,1.0003877389406852,1.00047674256199,-0.99952325743801
Slow forcing,-36.62222222222222,0.0004854876798499791,1.0003956847824595,1.00048548767985,-0.99951451232015
Slow forcing,-36.577777777777776,0.0004943107752661194,1.000403701946813,1.0004943107752662,-0.9995056892247339
Slow forcing,-36.53333333333333,0.000503212542610639,1.0004117910293726,1.0005032125426105,-0.9994967874573893
Slow forcing,-36.48888888888889,0.0005121936824218089,1.0004199526344233,1.0005121936824217,-0.9994878063175782
Slow forcing,-36.44444444444444,0.0005212549014590997,1.0004281873746987,1.000521254901459,-0.999478745098541
Slow forcing,-36.4,0.0005303969127579245,1.000436495871193,1.000530396912758,-0.9994696030872421
Slow forcing,-36.355555555555554,0.0005396204356852147,1.000444878752995,1.0005396204356851,-0.9994603795643148
Slow forcing,-36.31111111111111,0.00054892619599483,1.00045333665714,1.0005489261959948,-0.9994510738040052
Slow forcing,-36.266666666666666,0.0005583149258846342,1.000461870228481,1.0005583149258845,-0.9994416850741153
Slow forcing,-36.22222222222222,0.0005677873640529047,1.000470480119573,1.0005677873640528,-0.9994322126359471
Slow forcing,-36.17777777777778,0.0005773442557557416,1.0004791669905722,1.0005773442557557,-0.9994226557442443
Slow forcing,-36.13333333333333,0.0005869863528652269,1.0004879315091522,1.0005869863528651,-0.9994130136471348
Slow forcing,-36.08888888888889,0.0005967144139275007,1.0004967743504274,1.0005967144139274,-0.9994032855860725
Slow forcing,-36.044444444444444,0.0006065292042220031,1.0005056961968921,1.000606529204222,-0.999393470795778
Slow forcing,-36.0,0.000616431495820467,1.0005146977383663,1.0006164314958204,-0.9993835685041795
Slow forcing,-35.955555555555556,0.0006264220676470766,1.0005237796719537,1.000626422067647,-0.9993735779323529
Slow forcing,-35.91111111111111,0.0006365017055389602,1.000532942702008,1.000636501705539,-0.999363498294461
Slow forcing,-35.86666666666667,0.0006466712023070151,1.0005421875401053,1.000646671202307,-0.999353328797693
Slow forcing,-35.82222222222222,0.0006569313577976503,1.0005515149050266,1.0006569313577975,-0.9993430686422023
Slow forcing,-35.77777777777778,0.0006672829789545276,1.000560925522746,1.0006672829789545,-0.9993327170210454
Slow forcing,-35.733333333333334,0.0006777268798812214,1.000570420126424,1.0006777268798812,-0.9993222731201188
Slow forcing,-35.68888888888889,0.0006882638819046262,1.0005799994564097,1.0006882638819046,-0.9993117361180954
Slow forcing,-35.644444444444446,0.0006988948136381991,1.0005896642602445,1.0006988948136382,-0.9993011051863618
Slow forcing,-35.6,0.000709620511046451,1.0005994152926736,1.0007096205110464,-0.9992903794889535
Slow forcing,-35.55555555555556,0.0007204418175098555,1.000609253315661,1.00072044181751,-0.9992795581824901
Slow forcing,-35.51111111111111,0.00073135958388984,1.0006191790984094,1.0007313595838898,-0.9992686404161102
Slow forcing,-35.46666666666667,0.0007423746685948608,1.000629193417383,1.0007423746685948,-0.9992576253314052
Slow forcing,-35.422222222222224,0.0007534879376471444,1.0006392970563347,1.0007534879376472,-0.9992465120623528
Slow forcing,-35.37777777777778,0.0007647002647494292,1.0006494908063361,1.0007647002647495,-0.9992352997352506
Slow forcing,-35.333333333333336,0.0007760125313526228,1.0006597754658115,1.0007760125313527,-0.9992239874686474
Slow forcing,-35.28888888888889,0.0007874256267242941,1.0006701518405747,1.0007874256267244,-0.9992125743732757
Slow forcing,-35.24444444444445,0.0007989404480173303,1.0006806207438665,1.0007989404480173,-0.9992010595519827
Slow forcing,-35.2,0.0008105579003394284,1.0006911829963987,1.0008105579003395,-0.9991894420996605
Slow forcing,-35.15555555555555,0.0008222788968230029,1.0007018394263967,1.000822278896823,-0.999177721103177
Slow forcing,-35.111111111111114,0.0008341043586959263,1.0007125908696457,1.000834104358696,-0.9991658956413041
Slow forcing,-35.06666666666666,0.0008460352153529372,1.00072343816954,1.000846035215353,-0.999153964784647
Slow forcing,-35.022222222222226,0.0008580724044272137,1.0007343821771328,1.0008580724044271,-0.9991419275955727
Slow forcing,-34.977777777777774,0.0008702168718629482,1.0007454237511888,1.0008702168718628,-0.999129783128137
Slow forcing,-34.93333333333334,0.0008824695719887539,1.0007565637582378,1.0008824695719887,-0.9991175304280112
Slow forcing,-34.888888888888886,0.0008948314675909055,1.0007678030726306,1.000894831467591,-0.999105168532409
Slow forcing,-34.84444444444444,0.0009073035299882468,1.0007791425765957,1.0009073035299882,-0.9990926964700118
Slow forcing,-34.8,0.0009198867391068472,1.0007905831602988,1.000919886739107,-0.9990801132608932
Slow forcing,-34.75555555555555,0.0009325820835559086,1.0008021257219026,1.000932582083556,-0.999067417916444
Slow forcing,-34.71111111111111,0.0009453905607041725,1.0008137711676277,1.0009453905607042,-0.9990546094392958
Slow forcing,-34.666666666666664,0.0009583131767565767,1.0008255204118157,1.0009583131767565,-0.9990416868232435
Slow forcing,-34.62222222222222,0.000971350946832162,1.0008373743769936,1.000971350946832,-0.9990286490531678
Slow forcing,-34.577777777777776,0.000984504895042645,1.0008493339939382,1.0009845048950425,-0.9990154951049574
Slow forcing,-34.53333333333333,0.0009977760545708259,1.000861400201743,1.0009977760545707,-0.9990022239454291
Slow forcing,-34.48888888888889,0.0010111654677509093,1.0008735739478856,1.001011165467751,-0.9989888345322491
Slow forcing,-34.44444444444444,0.0010246741861485796,1.0008858561882958,1.0010246741861486,-0.9989753258138514
Slow forcing,-34.4,0.0010383032706421558,1.0008982478874255,1.0010383032706422,-0.9989616967293579
Slow forcing,-34.355555555555554,0.001052053791504165,1.0009107500183188,1.0010520537915042,-0.9989479462084958
Slow forcing,-34.31111111111111,0.0010659268284843309,1.0009233635626837,1.0010659268284843,-0.9989340731715157
Slow forcing,-34.266666666666666,0.0010799234708922308,1.0009360895109654,1.0010799234708923,-0.9989200765291077
Slow forcing,-34.22222222222222,0.0010940448176816177,1.0009489288624183,1.0010940448176817,-0.9989059551823184
Slow forcing,-34.17777777777778,0.0011082919775348256,1.000961882625181,1.001108291977535,-0.9988917080224652
Slow forcing,-34.13333333333333,0.001122666068948176,1.000974951816352,1.0011226660689483,-0.9988773339310518
Slow forcing,-34.08888888888889,0.0011371682203181331,1.000988137462065,1.001137168220318,-0.9988628317796818
Slow forcing,-34.044444444444444,0.0011517995700282926,1.0010014405975665,1.0011517995700283,-0.9988482004299717
Slow forcing,-34.0,0.0011665612665366202,1.0010148622672934,1.0011665612665366,-0.9988334387334634
Slow forcing,-33.955555555555556,0.001181454468464191,1.001028403524952,1.0011814544684643,-0.9988185455315358
Slow forcing,-33.91111111111111,0.0011964803446840935,1.0010420654335965,1.001196480344684,-0.9988035196553159
Slow forcing,-33.86666666666667,0.0012116400744112531,1.0010558490657115,1.0012116400744113,-0.9987883599255888
Slow forcing,-33.82222222222222,0.0012269348472932515,1.0010697555032915,1.0012269348472933,-0.9987730651527067
Slow forcing,-33.77777777777778,0.001242365863501734,1.001083785837923,1.0012423658635017,-0.9987576341364983
Slow forcing,-33.733333333333334,0.001257934333824312,1.0010979411708685,1.0012579343338244,-0.9987420656661757
Slow forcing,-33.68888888888889,0.001273641479758303,1.0011122226131492,1.0012736414797583,-0.9987263585202417
Slow forcing,-33.644444444444446,0.0012894885336035508,1.0011266312856302,1.0012894885336034,-0.9987105114663964
Slow forcing,-33.6,0.0013054767385579135,1.0011411683191054,1.0013054767385579,-0.998694523261442
Slow forcing,-33.55555555555556,0.001321607348812168,1.001155834854384,1.0013216073488123,-0.9986783926511879
Slow forcing,-33.51111111111111,0.001337881629646581,1.001170632042377,1.0013378816296465,-0.9986621183703535
Slow forcing,-33.46666666666667,0.0013543008575275623,1.0011855610441864,1.0013543008575276,-0.9986456991424725
Slow forcing,-33.422222222222224,0.0013708663202059875,1.0012006230311916,1.0013708663202059,-0.998629133679794
Slow forcing,-33.37777777777778,0.0013875793168157667,1.0012158191851401,1.0013875793168157,-0.9986124206831842
Slow forcing,-33.333333333333336,0.0014044411579734156,1.0012311506982383,1.0014044411579734,-0.9985955588420266
Slow forcing,-33.28888888888889,0.0014214531658785431,1.0012466187732416,1.0014214531658785,-0.9985785468341215
Slow forcing,-33.24444444444445,0.0014386166744149215,1.0012622246235465,1.001438616674415,-0.9985613833255851
Slow forcing,-33.2,0.0014559330292530557,1.001277969473284,1.001455933029253,-0.9985440669707469
Slow forcing,-33.15555555555555,0.0014734035879530043,1.0012938545574126,1.0014734035879531,-0.998526596412047
Slow forcing,-33.111111111111114,0.0014910297200681991,1.0013098811218124,1.001491029720068,-0.9985089702799318
Slow forcing,-33.06666666666666,0.0015088128072504323,1.001326050423381,1.0015088128072505,-0.9984911871927495
Slow forcing,-33.022222222222226,0.0015267542433555082,1.0013423637301295,1.0015267542433555,-0.9984732457566445
Slow forcing,-32.977777777777774,0.0015448554345496475,1.0013588223212786,1.0015448554345496,-0.9984551445654504
Slow forcing,-32.93333333333333,0.0015631177994173896,1.001375427487358,1.0015631177994173,-0.9984368822005826
Slow forcing,-32.888888888888886,0.0015815427690698285,1.0013921805303037,1.0015815427690697,-0.9984184572309301
Slow forcing,-32.84444444444444,0.001600131787253682,1.0014090827635576,1.0016001317872536,-0.9983998682127463
Slow forcing,-32.8,0.0016188863104621117,1.0014261355121687,1.001618886310462,-0.9983811136895379
Slow forcing,-32.75555555555555,0.001637807808045624,1.0014433401128946,1.0016378078080457,-0.9983621921919543
Slow forcing,-32.71111111111111,0.0016568977623243066,1.001460697914301,1.0016568977623244,-0.9983431022376756
Slow forcing,-32.666666666666664,0.0016761576687008973,1.0014782102768687,1.001676157668701,-0.9983238423312991
Slow forcing,-32.62222222222222,0.001695589035775102,1.0014958785730943,1.001695589035775,-0.998304410964225
Slow forcing,-32.577777777777776,0.0017151933854583305,1.0015137041875966,1.0017151933854582,-0.9982848066145417
Slow forcing,-32.53333333333333,0.0017349722530900149,1.0015316885172219,1.00173497225309,-0.99826502774691
Slow forcing,-32.48888888888889,0.0017549271875544272,1.0015498329711505,1.0017549271875543,-0.9982450728124456
Slow forcing,-32.44444444444444,0.0017750597513989147,1.0015681389710045,1.001775059751399,-0.9982249402486011
Slow forcing,-32.4,0.0017953715209528015,1.0015866079509563,1.0017953715209529,-0.9982046284790472
Slow forcing,-32.355555555555554,0.0018158640864473728,1.0016052413578387,1.0018158640864474,-0.9981841359135526
Slow forcing,-32.31111111111111,0.0018365390521369424,1.0016240406512529,1.0018365390521369,-0.998163460947863
Slow forcing,-32.266666666666666,0.0018573980364210037,1.0016430073036826,1.001857398036421,-0.998142601963579
Slow forcing,-32.22222222222222,0.0018784426719674647,1.0016621428006043,1.0018784426719676,-0.9981215573280325
Slow forcing,-32.17777777777778,0.0018996746058364637,1.0016814486406014,1.0018996746058364,-0.9981003253941635
Slow forcing,-32.13333333333333,0.0019210954996057722,1.0017009263354781,1.0019210954996058,-0.9980789045003943
Slow forcing,-32.08888888888889,0.001942707029497026,1.001720577410375,1.001942707029497,-0.9980572929705029
Slow forcing,-32.044444444444444,0.001964510886503128,1.0017404034038848,1.0019645108865032,-0.9980354891134968
Slow forcing,-32.0,0.0019865087765166462,1.001760405868169,1.0019865087765167,-0.9980134912234834
Slow forcing,-31.955555555555556,0.002008702420459215,1.0017805863690767,1.0020087024204591,-0.9979912975795407
Slow forcing,-31.91111111111111,0.002031093554412018,1.0018009464862638,1.0020310935544121,-0.997968906445588
Slow forcing,-31.866666666666667,0.0020536839297477716,1.0018214878133123,1.0020536839297478,-0.9979463160702522
Slow forcing,-31.822222222222223,0.002076475313263373,1.0018422119578523,1.0020764753132634,-0.9979235246867366
Slow forcing,-31.77777777777778,0.002099469487313802,1.0018631205416835,1.0020994694873138,-0.9979005305126862
Slow forcing,-31.733333333333334,0.0021226682499471006,1.0018842152008993,1.0021226682499471,-0.9978773317500529
Slow forcing,-31.68888888888889,0.002146073415040776,1.00190549758601,1.0021460734150407,-0.9978539265849592
Slow forcing,-31.644444444444446,0.002169686812438863,1.0019269693620685,1.0021696868124388,-0.9978303131875611
Slow forcing,-31.6,0.002193510288090573,1.0019486322087972,1.0021935102880906,-0.9978064897119094
Slow forcing,-31.555555555555557,0.002217545704189863,1.0019704878207156,1.00221754570419,-0.9977824542958101
Slow forcing,-31.511111111111113,0.002241794939316329,1.0019925379072665,1.0022417949393163,-0.9977582050606837
Slow forcing,-31.46666666666667,0.0022662598885771906,1.0020147841929488,1.0022662598885772,-0.9977337401114228
Slow forcing,-31.422222222222224,0.002290942463750524,1.0020372284174461,1.0022909424637505,-0.9977090575362495
Slow forcing,-31.37777777777778,0.0023158445934293227,1.0020598723357588,1.0023158445934293,-0.9976841554065706
Slow forcing,-31.333333333333332,0.0023409682231678155,1.002082717718338,1.0023409682231679,-0.9976590317768322
Slow forcing,-31.288888888888888,0.0023663153156273636,1.002105766351218,1.0023663153156273,-0.9976336846843726
Slow forcing,-31.244444444444444,0.0023918878507254394,1.0021290200361532,1.0023918878507254,-0.9976081121492746
Slow forcing,-31.2,0.0024176878257842773,1.0021524805907527,1.0024176878257842,-0.9975823121742157
Slow forcing,-31.155555555555555,0.0024437172556815183,1.0021761498486186,1.0024437172556815,-0.9975562827443185
Slow forcing,-31.11111111111111,0.0024699781730022755,1.0022000296594846,1.0024699781730022,-0.9975300218269977
Slow forcing,-31.066666666666666,0.002496472628192113,1.0022241218893557,1.0024964726281922,-0.9975035273718079
Slow forcing,-31.022222222222222,0.002523202689711027,1.002248428420649,1.002523202689711,-0.9974767973102889
Slow forcing,-30.977777777777778,0.002550170444189676,1.0022729511523352,1.0025501704441897,-0.9974498295558103
Slow forcing,-30.933333333333334,0.0025773779965856934,1.002297692000083,1.0025773779965856,-0.9974226220034144
Slow forcing,-30.88888888888889,0.0026048274703424166,1.0023226528964035,1.0026048274703425,-0.9973951725296576
Slow forcing,-30.84444444444444,0.002632521007548117,1.0023478357907951,1.0026325210075482,-0.9973674789924519
Slow forcing,-30.799999999999997,0.0026604607690972303,1.0023732426498904,1.0026604607690972,-0.9973395392309028
Slow forcing,-30.755555555555553,0.002688648934852001,1.0023988754576056,1.002688648934852,-0.997311351065148
Slow forcing,-30.71111111111111,0.002717087703806628,1.0024247362152885,1.0027170877038065,-0.9972829122961934
Slow forcing,-30.666666666666664,0.002745779294251911,1.00245082694187,1.002745779294252,-0.9972542207057481
Slow forcing,-30.62222222222222,0.0027747259439414775,1.0024771496740148,1.0027747259439415,-0.9972252740560585
Slow forcing,-30.577777777777776,0.002803929910259597,1.002503706466277,1.0028039299102596,-0.9971960700897404
Slow forcing,-30.53333333333333,0.002833393470390157,1.0025304993912516,1.0028333934703901,-0.9971666065296099
Slow forcing,-30.488888888888887,0.0028631189214872255,1.002557530539732,1.0028631189214872,-0.9971368810785127
Slow forcing,-30.444444444444443,0.002893108580846695,1.0025848020208667,1.0028931085808468,-0.9971068914191533
Slow forcing,-30.4,0.0029233647860796774,1.0026123159623173,1.0029233647860796,-0.9970766352139203
Slow forcing,-30.355555555555554,0.0029538898952874816,1.0026400745104183,1.0029538898952874,-0.9970461101047126
Slow forcing,-30.31111111111111,0.002984686287237256,1.0026680798303382,1.0029846862872374,-0.9970153137127628
Slow forcing,-30.266666666666666,0.0030157563615399686,1.0026963341062414,1.00301575636154,-0.99698424363846
Slow forcing,-30.22222222222222,0.003047102538829297,1.0027248395414523,1.0030471025388292,-0.9969528974611707
Slow forcing,-30.177777777777777,0.0030787272609425253,1.0027535983586198,1.0030787272609425,-0.9969212727390575
Slow forcing,-30.133333333333333,0.0031106329911019344,1.0027826127998847,1.003110632991102,-0.9968893670088981
Slow forcing,-30.08888888888889,0.0031428222140990306,1.0028118851270456,1.003142822214099,-0.996857177785901
Slow forcing,-30.044444444444444,0.0031752974364789373,1.0028414176217295,1.003175297436479,-0.9968247025635211
Slow forcing,-30.0,0.003208061186727454,1.0028712125855619,1.0032080611867276,-0.9967919388132725
Slow forcing,-29.955555555555556,0.003241116015458951,1.002901272340339,1.0032411160154588,-0.996758883984541
Slow forcing,-29.91111111111111,0.003274464495606008,1.0029315992282004,1.003274464495606,-0.996725535504394
Slow forcing,-29.866666666666667,0.0033081092226103924,1.002962195611804,1.0033081092226104,-0.9966918907773896
Slow forcing,-29.822222222222223,0.003342052814616117,1.0029930638745026,1.0033420528146162,-0.9966579471853839
Slow forcing,-29.77777777777778,0.003376297912663582,1.0030242064205215,1.0033762979126635,-0.9966237020873364
Slow forcing,-29.733333333333334,0.0034108471808856327,1.0030556256751368,1.0034108471808856,-0.9965891528191144
Slow forcing,-29.68888888888889,0.003445703306704616,1.003087324084858,1.0034457033067046,-0.9965542966932954
Slow forcing,-29.644444444444446,0.0034808690010321914,1.003119304117607,1.0034808690010322,-0.9965191309989678
Slow forcing,-29.6,0.003516346998469302,1.0031515682629046,1.0035163469984694,-0.9964836530015307
Slow forcing,-29.555555555555557,0.003552140057509318,1.0031841190320538,1.0035521400575094,-0.9964478599424906
Slow forcing,-29.511111111111113,0.0035882509607413405,1.003216958958327,1.0035882509607414,-0.9964117490392587
Slow forcing,-29.46666666666667,0.0036246825150561776,1.0032500905971544,1.003624682515056,-0.9963753174849438
Slow forcing,-29.422222222222224,0.0036614375518539007,1.003283516526312,1.003661437551854,-0.9963385624481461
Slow forcing,-29.37777777777778,0.0036985189272523995,1.0033172393461156,1.0036985189272525,-0.9963014810727476
Slow forcing,-29.333333333333332,0.0037359295222983563,1.0033512616796105,1.0037359295222983,-0.9962640704777016
Slow forcing,-29.288888888888888,0.0037736722431798023,1.0033855861727683,1.0037736722431798,-0.9962263277568202
Slow forcing,-29.244444444444444,0.003811750021439838,1.0034202154946816,1.0038117500214399,-0.9961882499785601
Slow forcing,-29.2,0.003850165814192774,1.0034551523377613,1.0038501658141927,-0.9961498341858073
Slow forcing,-29.155555555555555,0.0038889226043417693,1.0034903994179363,1.0038889226043417,-0.9961110773956582
Slow forcing,-29.11111111111111,0.003928023400797969,1.0035259594748538,1.003928023400798,-0.996071976599202
Slow forcing,-29.066666666666666,0.00396747123870181,1.0035618352720823,1.003967471238702,-0.9960325287612982
Slow forcing,-29.022222222222222,0.004007269179645909,1.0035980295973146,1.004007269179646,-0.9959927308203541
Slow forcing,-28.977777777777778,0.004047420311899449,1.0036345452625741,1.0040474203118994,-0.9959525796881006
Slow forcing,-28.933333333333334,0.004087927750635235,1.003671385104422,1.0040879277506352,-0.9959120722493647
Slow forcing,-28.88888888888889,0.004128794638157497,1.0037085519841664,1.0041287946381574,-0.9958712053618425
Slow forcing,-28.84444444444444,0.004170024144132195,1.003746048788072,1.0041700241441323,-0.9958299758558679
Slow forcing,-28.799999999999997,0.0042116194658190715,1.0037838784275743,1.004211619465819,-0.995788380534181
Slow forcing,-28.755555555555553,0.00425358382830537,1.0038220438394916,1.0042535838283053,-0.9957464161716947
Slow forcing,-28.71111111111111,0.004295920484741473,1.0038605479862424,1.0042959204847415,-0.9957040795152585
Slow forcing,-28.666666666666664,0.004338632716578872,1.0038993938560623,1.0043386327165789,-0.9956613672834211
Slow forcing,-28.62222222222222,0.0043817238338090545,1.0039385844632231,1.004381723833809,-0.9956182761661909
Slow forcing,-28.577777777777776,0.004425197175205217,1.0039781228482538,1.0044251971752052,-0.9955748028247948
Slow forcing,-28.53333333333333,0.004469056108565658,1.0040180120781643,1.0044690561085656,-0.9955309438914344
Slow forcing,-28.488888888888887,0.004513304030958657,1.0040582552466686,1.0045133040309586,-0.9954866959690414
Slow forcing,-28.444444444444443,0.004557944368969945,1.0040988554744124,1.0045579443689698,-0.99544205563103
Slow forcing,-28.4,0.0046029805789515104,1.0041398159092005,1.0046029805789516,-0.9953970194210485
Slow forcing,-28.355555555555554,0.00464841614727314,1.0041811397262277,1.004648416147273,-0.9953515838527268
Slow forcing,-28.31111111111111,0.004694254590575144,1.0042228301283092,1.004694254590575,-0.9953057454094248
Slow forcing,-28.266666666666666,0.004740499456023323,1.0042648903461155,1.0047404994560234,-0.9952595005439767
Slow forcing,-28.22222222222222,0.004787154321566597,1.0043073236384081,1.0047871543215665,-0.9952128456784334
Slow forcing,-28.177777777777777,0.004834222796195394,1.0043501332922762,1.0048342227961955,-0.9951657772038046
Slow forcing,-28.133333333333333,0.004881708520203362,1.0043933226233757,1.0048817085202033,-0.9951182914797967
Slow forcing,-28.08888888888889,0.004929615165450256,1.0044368949761717,1.0049296151654503,-0.9950703848345498
Slow forcing,-28.044444444444444,0.0049779464356273975,1.0044808537241805,1.0049779464356274,-0.9950220535643726
Slow forcing,-28.0,0.005026706066524649,1.0045252022702154,1.0050267060665246,-0.9949732939334753
Slow forcing,-27.955555555555556,0.005075897826300372,1.004569944046633,1.0050758978263004,-0.9949241021736996
Slow forcing,-27.91111111111111,0.005125525515752394,1.0046150825155815,1.0051255255157523,-0.9948744744842476
Slow forcing,-27.866666666666667,0.0051755929685919745,1.0046606211692553,1.005175592968592,-0.9948244070314081
Slow forcing,-27.822222222222223,0.005226104051719521,1.0047065635301422,1.0052261040517194,-0.9947738959482805
Slow forcing,-27.77777777777778,0.0052770626655023805,1.004752913151282,1.0052770626655023,-0.9947229373344976
Slow forcing,-27.733333333333334,0.005328472744054976,1.004799673616523,1.005328472744055,-0.994671527255945
Slow forcing,-27.68888888888889,0.005380338255521271,1.00484684854078,1.0053803382555213,-0.9946196617444787
Slow forcing,-27.644444444444446,0.005432663202358725,1.0048944415702952,1.0054326632023587,-0.9945673367976413
Slow forcing,-27.6,0.005485451621625349,1.0049424563829013,1.0054854516216254,-0.9945145483783746
Slow forcing,-27.555555555555557,0.005538707585268329,1.004990896688288,1.0055387075852684,-0.9944612924147317
Slow forcing,-27.511111111111113,0.005592435200415158,1.0050397662282653,1.005592435200415,-0.9944075647995848
Slow forcing,-27.46666666666667,0.005646638609666682,1.005089068777037,1.0056466386096667,-0.9943533613903334
Slow forcing,-27.422222222222224,0.005701321991393309,1.0051388081414692,1.0057013219913933,-0.9942986780086067
Slow forcing,-27.377777777777776,0.005756489560031891,1.0051889881613634,1.005756489560032,-0.9942435104399681
Slow forcing,-27.333333333333332,0.005812145566386764,1.0052396127097338,1.0058121455663869,-0.9941878544336132
Slow forcing,-27.288888888888888,0.005868294297931383,1.0052906856930839,1.0058682942979313,-0.9941317057020687
Slow forcing,-27.244444444444444,0.005924940079113526,1.0053422110516856,1.0059249400791135,-0.9940750599208865
Slow forcing,-27.2,0.005982087271662172,1.005394192759862,1.0059820872716623,-0.9940179127283378
Slow forcing,-27.155555555555555,0.006039740274896716,1.005446634826271,1.0060397402748966,-0.9939602597251033
Slow forcing,-27.11111111111111,0.006097903526038758,1.0054995412941914,1.0060979035260387,-0.9939020964739612
Slow forcing,-27.066666666666666,0.006156581500526479,1.0055529162418122,1.0061565815005264,-0.9938434184994736
Slow forcing,-27.022222222222222,0.006215778712330604,1.0056067637825217,1.0062157787123307,-0.9937842212876694
Slow forcing,-26.977777777777778,0.006275499714273523,1.0056610880652017,1.0062754997142735,-0.9937245002857265
Slow forcing,-26.933333333333334,0.006335749098350586,1.0057158932745225,1.0063357490983507,-0.9936642509016494
Slow forcing,-26.888888888888886,0.006396531496053477,1.0057711836312389,1.0063965314960535,-0.9936034685039465
Slow forcing,-26.84444444444444,0.006457851578696758,1.0058269633924921,1.0064578515786968,-0.9935421484213033
Slow forcing,-26.799999999999997,0.00651971405774607,1.0058832368521091,1.006519714057746,-0.9934802859422539
Slow forcing,-26.755555555555553,0.006582123685149181,1.0059400083409087,1.006582123685149,-0.9934178763148508
Slow forcing,-26.71111111111111,0.00664508525366969,1.005997282227007,1.0066450852536697,-0.9933549147463303
Slow forcing,-26.666666666666664,0.0067086035972226486,1.0060550629161276,1.0067086035972226,-0.9932913964027773
Slow forcing,-26.62222222222222,0.006772683591213523,1.0061133548519101,1.0067726835912134,-0.9932273164087865
Slow forcing,-26.577777777777776,0.00683733015287856,1.0061721625162272,1.0068373301528786,-0.9931626698471214
Slow forcing,-26.53333333333333,0.0069025482416288295,1.0062314904294973,1.0069025482416287,-0.9930974517583712
Slow forcing,-26.488888888888887,0.006968342859396099,1.006291343151004,1.006968342859396,-0.9930316571406039
Slow forcing,-26.444444444444443,0.007034719050981284,1.0063517252792178,1.0070347190509812,-0.9929652809490187
Slow forcing,-26.4,0.007101681904405989,1.0064126414521166,1.007101681904406,-0.992898318095594
Slow forcing,-26.355555555555554,0.007169236551265878,1.0064740963475147,1.007169236551266,-0.9928307634487341
Slow forcing,-26.31111111111111,0.007237388167087464,1.0065360946833861,1.0072373881670875,-0.9927626118329126
Slow forcing,-26.266666666666666,0.007306141971686639,1.0065986412181998,1.0073061419716867,-0.9926938580283133
Slow forcing,-26.22222222222222,0.00737550322953072,1.0066617407512477,1.0073755032295306,-0.9926244967704693
Slow forcing,-26.177777777777777,0.007445477250102315,1.0067253981229842,1.0074454772501023,-0.9925545227498976
Slow forcing,-26.133333333333333,0.007516069388266441,1.0067896182153606,1.0075160693882665,-0.9924839306117336
Slow forcing,-26.08888888888889,0.00758728504464006,1.0068544059521671,1.0075872850446401,-0.99241271495536
Slow forcing,-26.044444444444444,0.007659129665964117,1.006919766299375,1.007659129665964,-0.9923408703340358
Slow forcing,-26.0,0.007731608745478905,1.0069857042654815,1.0077316087454788,-0.992268391254521
Slow forcing,-25.955555555555556,0.007804727823301021,1.0070522249018585,1.007804727823301,-0.992195272176699
Slow forcing,-25.91111111111111,0.00787849248680448,1.0071193333031023,1.0078784924868045,-0.9921215075131955
Slow forcing,-25.866666666666667,0.007952908371003162,1.007187034607386,1.0079529083710033,-0.9920470916289968
Slow forcing,-25.822222222222223,0.008027981158936942,1.0072553339968158,1.008027981158937,-0.991972018841063
Slow forcing,-25.77777777777778,0.008103716582060291,1.0073242366977886,1.0081037165820603,-0.9918962834179397
Slow forcing,-25.733333333333334,0.008180120420633322,1.0073937479813526,1.0081801204206333,-0.9918198795793667
Slow forcing,-25.68888888888889,0.008257198504116478,1.0074638731635708,1.0082571985041164,-0.9917428014958836
Slow forcing,-25.644444444444446,0.008334956711566826,1.0075346176058868,1.008334956711567,-0.9916650432884332
Slow forcing,-25.6,0.008413400972038076,1.007605986715493,1.008413400972038,-0.991586599027962
Slow forcing,-25.555555555555557,0.008492537264983294,1.0076779859457028,1.0084925372649833,-0.9915074627350167
Slow forcing,-25.511111111111113,0.008572371620659915,1.0077506207963225,1.0085723716206598,-0.9914276283793401
Slow forcing,-25.46666666666667,0.008652910120538376,1.0078238968140298,1.0086529101205384,-0.9913470898794616
Slow forcing,-25.422222222222224,0.008734158897712634,1.007897819592752,1.0087341588977126,-0.9912658411022873
Slow forcing,-25.377777777777776,0.008816124137314868,1.0079723947740478,1.0088161241373148,-0.9911838758626851
Slow forcing,-25.333333333333332,0.008898812076931504,1.0080476280474922,1.0088988120769316,-0.9911011879230684
Slow forcing,-25.288888888888888,0.008982229007023501,1.0081235251510638,1.0089822290070236,-0.9910177709929765
Slow forcing,-25.244444444444444,0.009066381271348874,1.008200091871536,1.009066381271349,-0.9909336187286512
Slow forcing,-25.2,0.009151275267387892,1.0082773340448665,1.009151275267388,-0.9908487247326121
Slow forcing,-25.155555555555555,0.009236917446772108,1.0083552575565977,1.0092369174467721,-0.9907630825532279
Slow forcing,-25.11111111111111,0.009323314315715132,1.0084338683422505,1.0093233143157152,-0.9906766856842849
Slow forcing,-25.066666666666666,0.009410472435447495,1.0085131723877283,1.0094104724354476,-0.9905895275645525
Slow forcing,-25.022222222222222,0.009498398422653593,1.0085931757297202,1.0094983984226535,-0.9905016015773465
Slow forcing,-24.977777777777778,0.009587098949912295,1.0086738844561072,1.0095870989499123,-0.9904129010500877
Slow forcing,-24.933333333333334,0.00967658074613989,1.0087553047063726,1.0096765807461399,-0.9903234192538601
Slow forcing,-24.888888888888886,0.009766850597036438,1.008837442672014,1.0097668505970365,-0.9902331494029636
Slow forcing,-24.84444444444444,0.009857915345535224,1.008920304596959,1.0098579153455352,-0.9901420846544647
Slow forcing,-24.799999999999997,0.009949781892254771,1.009003896777982,1.0099497818922547,-0.9900502181077452
Slow forcing,-24.755555555555553,0.01004245719595404,1.0090882255651277,1.010042457195954,-0.9899575428040459
Slow forcing,-24.71111111111111,0.01013594827399112,1.0091732973621317,1.0101359482739911,-0.9898640517260089
Slow forcing,-24.666666666666664,0.010230262202784328,1.0092591186268507,1.0102302622027843,-0.9897697377972157
Slow forcing,-24.62222222222222,0.01032540611827666,1.0093456958716893,1.0103254061182767,-0.9896745938817233
Slow forcing,-24.577777777777776,0.010421387216403137,1.009433035664034,1.0104213872164032,-0.9895786127835968
Slow forcing,-24.53333333333333,0.01051821275356159,1.0095211446266885,1.0105182127535617,-0.9894817872464384
Slow forcing,-24.488888888888887,0.010615890047086086,1.0096100294383117,1.010615890047086,-0.9893841099529139
Slow forcing,-24.444444444444443,0.010714426475723708,1.00969969683386,1.0107144264757237,-0.9892855735242763
Slow forcing,-24.4,0.010813829480114324,1.0097901536050304,1.0108138294801143,-0.9891861705198857
Slow forcing,-24.355555555555554,0.010914106563273445,1.0098814066007091,1.0109141065632734,-0.9890858934367266
Slow forcing,-24.31111111111111,0.011015265291078154,1.00997346272742,1.0110152652910782,-0.9889847347089219
Slow forcing,-24.266666666666666,0.01111731329275647,1.0100663289497795,1.0111173132927564,-0.9888826867072436
Slow forcing,-24.22222222222222,0.011220258261379365,1.0101600122909515,1.0112202582613794,-0.9887797417386206
Slow forcing,-24.177777777777777,0.011324107954356358,1.010254519833108,1.0113241079543565,-0.9886758920456437
Slow forcing,-24.133333333333333,0.011428870193933547,1.0103498587178903,1.0114288701939336,-0.9885711298060664
Slow forcing,-24.08888888888889,0.011534552867695872,1.0104460361468734,1.0115345528676958,-0.9884654471323041
Slow forcing,-24.044444444444444,0.011641163929071632,1.0105430593820364,1.0116411639290717,-0.9883588360709283
Slow forcing,-24.0,0.011748711397840254,1.0106409357462316,1.0117487113978403,-0.9882512886021597
Slow forcing,-23.955555555555556,0.011857203360643814,1.010739672623661,1.0118572033606439,-0.9881427966393562
Slow forcing,-23.91111111111111,0.011966647971501047,1.0108392774603507,1.011966647971501,-0.988033352028499
Slow forcing,-23.866666666666667,0.012077053452324956,1.0109397577646348,1.012077053452325,-0.9879229465476751
Slow forcing,-23.822222222222223,0.012188428093443152,1.0110411211076356,1.0121884280934432,-0.9878115719065569
Slow forcing,-23.77777777777778,0.01230078025412213,1.0111433751237515,1.0123007802541222,-0.9876992197458778
Slow forcing,-23.733333333333334,0.012414118363093944,1.0112465275111475,1.012414118363094,-0.9875858816369061
Slow forcing,-23.68888888888889,0.012528450919086474,1.0113505860322463,1.0125284509190864,-0.9874715490809135
Slow forcing,-23.644444444444442,0.012643786491356689,1.0114555585142249,1.0126437864913567,-0.9873562135086433
Slow forcing,-23.599999999999998,0.012760133720227499,1.011561452849513,1.0127601337202274,-0.9872398662797724
Slow forcing,-23.555555555555554,0.012877501317627351,1.0116682769962957,1.0128775013176274,-0.9871224986823727
Slow forcing,-23.51111111111111,0.012995898067632988,1.0117760389790162,1.012995898067633,-0.987004101932367
Slow forcing,-23.466666666666665,0.01311533282701597,1.0118847468888887,1.013115332827016,-0.9868846671729841
Slow forcing,-23.42222222222222,0.013235814525791841,1.0119944088844033,1.0132358145257918,-0.9867641854742082
Slow forcing,-23.377777777777776,0.013357352167772655,1.0121050331918449,1.0133573521677726,-0.9866426478322273
Slow forcing,-23.333333333333332,0.013479954831122897,1.0122166281058096,1.0134799548311229,-0.9865200451688771
Slow forcing,-23.288888888888888,0.013603631668918164,1.0123292019897243,1.013603631668918,-0.9863963683310818
Slow forcing,-23.244444444444444,0.013728391909707583,1.0124427632763717,1.0137283919097075,-0.9862716080902925
Slow forcing,-23.2,0.013854244858079092,1.0125573204684155,1.0138542448580792,-0.9861457551419209
Slow forcing,-23.155555555555555,0.013981199895228013,1.0126728821389326,1.013981199895228,-0.9860188001047719
Slow forcing,-23.11111111111111,0.014109266479528653,1.0127894569319424,1.0141092664795286,-0.9858907335204713
Slow forcing,-23.066666666666666,0.014238454147109484,1.0129070535629485,1.0142384541471094,-0.9857615458528906
Slow forcing,-23.022222222222222,0.014368772512430895,1.0130256808194722,1.0143687725124308,-0.9856312274875692
Slow forcing,-22.977777777777778,0.01450023126886704,1.0131453475615986,1.0145002312688671,-0.985499768731133
Slow forcing,-22.933333333333334,0.014632840189289842,1.0132660627225212,1.01463284018929,-0.9853671598107101
Slow forcing,-22.88888888888889,0.01476660912665675,1.0133878353090895,1.0147666091266567,-0.9852333908733433
Slow forcing,-22.844444444444445,0.014901548014602082,1.0135106744023632,1.014901548014602,-0.9850984519853979
Slow forcing,-22.8,0.01503766686803012,1.0136345891581642,1.01503766686803,-0.9849623331319699
Slow forcing,-22.755555555555556,0.01517497578371302,1.0137595888076376,1.015174975783713,-0.9848250242162869
Slow forcing,-22.711111111111112,0.015313484940890831,1.0138856826578098,1.015313484940891,-0.9846865150591092
Slow forcing,-22.666666666666664,0.015453204601874994,1.014012880092156,1.015453204601875,-0.984546795398125
Slow forcing,-22.62222222222222,0.015594145112654851,1.0141411905711644,1.015594145112655,-0.9844058548873451
Slow forcing,-22.577777777777776,0.015736316903507394,1.014270623632909,1.0157363169035074,-0.9842636830964926
Slow forcing,-22.53333333333333,0.015879730489610194,1.014401188893623,1.01587973048961,-0.9841202695103898
Slow forcing,-22.488888888888887,0.016024396471657147,1.0145328960482736,1.016024396471657,-0.9839756035283429
Slow forcing,-22.444444444444443,0.016170325536477733,1.0146657548711442,1.0161703255364778,-0.9838296744635223
Slow forcing,-22.4,0.01631752845765894,1.0147997752164155,1.0163175284576589,-0.983682471542341
Slow forcing,-22.355555555555554,0.016466016096170256,1.0149349670187535,1.0164660160961703,-0.9835339839038297
Slow forcing,-22.31111111111111,0.01661579940099234,1.015071340293895,1.0166157994009923,-0.9833842005990077
Slow forcing,-22.266666666666666,0.016766889409748204,1.0152089051392448,1.0167668894097481,-0.9832331105902518
Slow forcing,-22.22222222222222,0.016919297249337117,1.0153476717344656,1.016919297249337,-0.9830807027506628
Slow forcing,-22.177777777777777,0.01707303413657236,1.0154876503420793,1.0170730341365724,-0.9829269658634276
Slow forcing,-22.133333333333333,0.017228111378821312,1.0156288513080678,1.0172281113788213,-0.9827718886211787
Slow forcing,-22.08888888888889,0.017384540374648868,1.0157712850624772,1.0173845403746489,-0.9826154596253511
Slow forcing,-22.044444444444444,0.017542332614463522,1.015914962120025,1.0175423326144635,-0.9824576673855365
Slow forcing,-22.0,0.0177014996811667,1.0160598930807088,1.0177014996811666,-0.9822985003188333
Slow forcing,-21.955555555555556,0.01786205325080483,1.0162060886304238,1.017862053250805,-0.9821379467491952
Slow forcing,-21.91111111111111,0.018024005093224292,1.0163535595415736,1.0180240050932243,-0.9819759949067757
Slow forcing,-21.866666666666667,0.018187367072729544,1.0165023166736946,1.0181873670727295,-0.9818126329272705
Slow forcing,-21.822222222222223,0.018352151148743473,1.0166523709740733,1.0183521511487434,-0.9816478488512566
Slow forcing,-21.77777777777778,0.018518369376471482,1.0168037334783762,1.0185183693764714,-0.9814816306235286
Slow forcing,-21.733333333333334,0.018686033907567304,1.0169564153112736,1.0186860339075674,-0.9813139660924327
Slow forcing,-21.688888888888886,0.018855156990802927,1.0171104276870737,1.0188551569908029,-0.981144843009197
Slow forcing,-21.644444444444442,0.019025750972739595,1.017265781910355,1.0190257509727396,-0.9809742490272604
Slow forcing,-21.599999999999998,0.01919782829840354,1.0174224893766022,1.0191978282984036,-0.9808021717015964
Slow forcing,-21.555555555555554,0.019371401511962493,1.017580561572848,1.0193714015119626,-0.9806285984880375
Slow forcing,-21.51111111111111,0.019546483257406082,1.0177400100783125,1.0195464832574062,-0.980453516742594
Slow forcing,-21.466666666666665,0.01972308627922876,1.0179008465650516,1.0197230862792288,-0.9802769137207712
Slow forcing,-21.42222222222222,0.019901223423114536,1.0180630827986017,1.0199012234231146,-0.9800987765768855
Slow forcing,-21.377777777777776,0.02008090763662565,1.018226730638633,1.0200809076366257,-0.9799190923633744
Slow forcing,-21.333333333333332,0.020262151969892218,1.0183918020396014,1.0202621519698922,-0.9797378480301078
Slow forcing,-21.288888888888888,0.02044496957630574,1.0185583090514048,1.0204449695763058,-0.9795550304236943
Slow forcing,-21.244444444444444,0.020629373713214258,1.018726263820043,1.0206293737132142,-0.9793706262867857
Slow forcing,-21.2,0.02081537774262034,1.0188956785882768,1.0208153777426203,-0.9791846222573797
Slow forcing,-21.155555555555555,0.021002995131881336,1.019066565696296,1.0210029951318813,-0.9789970048681187
Slow forcing,-21.11111111111111,0.021192239454411947,1.019238937582381,1.021192239454412,-0.978807760545588
Slow forcing,-21.066666666666666,0.0213831243903893,1.0194128067835766,1.0213831243903893,-0.9786168756096107
Slow forcing,-21.022222222222222,0.02157566372746003,1.0195881859363611,1.02157566372746,-0.97842433627254
Slow forcing,-20.977777777777778,0.021769871361449932,1.0197650877773212,1.02176987136145,-0.9782301286385501
Slow forcing,-20.933333333333334,0.021965761297075538,1.0199435251438298,1.0219657612970756,-0.9780342387029245
Slow forcing,-20.88888888888889,0.0221633476486577,1.0201235109747233,1.0221633476486578,-0.9778366523513423
Slow forcing,-20.844444444444445,0.022362644640837894,1.0203050583109856,1.0223626446408378,-0.9776373553591621
Slow forcing,-20.8,0.02256366660929607,1.0204881802964287,1.022563666609296,-0.9774363333907039
Slow forcing,-20.755555555555556,0.02276642800147021,1.0206728901783844,1.02276642800147,-0.9772335719985298
Slow forcing,-20.711111111111112,0.022970943377278903,1.020859201308385,1.022970943377279,-0.9770290566227211
Slow forcing,-20.666666666666664,0.023177227409844584,1.0210471271428627,1.0231772274098445,-0.9768227725901554
Slow forcing,-20.62222222222222,0.02338529488621929,1.0212366812438354,1.0233852948862192,-0.9766147051137807
Slow forcing,-20.577777777777776,0.023595160708112455,1.0214278772796075,1.0235951607081124,-0.9764048392918876
Slow forcing,-20.53333333333333,0.023806839892619426,1.021620729025463,1.0238068398926194,-0.9761931601073806
Slow forcing,-20.488888888888887,0.024020347572952943,1.0218152503643676,1.024020347572953,-0.9759796524270471
Slow forcing,-20.444444444444443,0.024235698999174948,1.022011455287669,1.024235698999175,-0.975764301000825
Slow forcing,-20.4,0.02445290953893101,1.0222093578957994,1.024452909538931,-0.975547090461069
Slow forcing,-20.355555555555554,0.024671994678185722,1.0224089723989844,1.0246719946781857,-0.9753280053218143
Slow forcing,-20.31111111111111,0.024892970021959112,1.0226103131179447,1.0248929700219591,-0.9751070299780409
Slow forcing,-20.266666666666666,0.025115851295065612,1.02281339448461,1.0251158512950655,-0.9748841487049343
Slow forcing,-20.22222222222222,0.02534065434285291,1.0230182310428269,1.025340654342853,-0.9746593456571471
Slow forcing,-20.177777777777777,0.025567395131942828,1.0232248374490733,1.0255673951319428,-0.9744326048680572
Slow forcing,-20.133333333333333,0.02579608975097349,1.0234332284731713,1.0257960897509735,-0.9742039102490265
Slow forcing,-20.08888888888889,0.026026754411341557,1.0236434189990027,1.0260267544113415,-0.9739732455886585
Slow forcing,-20.044444444444444,0.026259405447946877,1.023855424025228,1.0262594054479468,-0.9737405945520531
Slow forcing,-20.0,0.026494059319936654,1.0240692586660032,1.0264940593199368,-0.9735059406800634
Slow forcing,-19.955555555555556,0.026730732611451494,1.0242849381517034,1.0267307326114514,-0.9732692673885485
Slow forcing,-19.91111111111111,0.02696944203237141,1.024502477829638,1.0269694420323714,-0.9730305579676286
Slow forcing,-19.866666666666667,0.027210204419063234,1.0247218931647821,1.0272102044190632,-0.9727897955809368
Slow forcing,-19.822222222222223,0.027453036735127827,1.0249431997404925,1.0274530367351278,-0.9725469632648722
Slow forcing,-19.77777777777778,0.0276979560721485,1.0251664132592382,1.0276979560721484,-0.9723020439278515
Slow forcing,-19.733333333333334,0.027944979650439346,1.0253915495433248,1.0279449796504394,-0.9720550203495607
Slow forcing,-19.688888888888886,0.028194124819794025,1.0256186245356214,1.028194124819794,-0.971805875180206
Slow forcing,-19.644444444444442,0.028445409060234787,1.0258476543002908,1.0284454090602348,-0.9715545909397653
Slow forcing,-19.599999999999998,0.028698849982761697,1.0260786550235157,1.0286988499827616,-0.9713011500172383
Slow forcing,-19.555555555555554,0.028954465330101688,1.0263116430142327,1.0289544653301017,-0.9710455346698983
Slow forcing,-19.51111111111111,0.029212272977457657,1.026546634704857,1.0292122729774578,-0.9707877270225423
Slow forcing,-19.466666666666665,0.029472290933257275,1.0267836466520208,1.0294722909332572,-0.9705277090667427
Slow forcing,-19.42222222222222,0.029734537339901553,1.027022695537298,1.0297345373399016,-0.9702654626600985
Slow forcing,-19.377777777777776,0.02999903047451333,1.0272637981679413,1.0299990304745132,-0.9700009695254866
Slow forcing,-19.333333333333332,0.0302657887496846,1.0275069714776126,1.0302657887496847,-0.9697342112503154
Slow forcing,-19.288888888888888,0.030534830714223665,1.027752232527116,1.0305348307142237,-0.9694651692857763
Slow forcing,-19.244444444444444,0.03080617505390161,1.027999598505132,1.0308061750539017,-0.9691938249460984
Slow forcing,-19.2,0.03107984059219764,1.0282490867289473,1.0310798405921977,-0.9689201594078024
Slow forcing,-19.155555555555555,0.03135584629104364,1.028500714645194,1.0313558462910437,-0.9686441537089564
Slow forcing,-19.11111111111111,0.031634211251567596,1.028754499830574,1.0316342112515675,-0.9683657887484324
Slow forcing,-19.066666666666666,0.03191495471483588,1.0290104599926007,1.0319149547148359,-0.9680850452851641
Slow forcing,-19.022222222222222,0.03219809606259394,1.0292686129703232,1.032198096062594,-0.9678019039374061
Slow forcing,-18.977777777777778,0.032483654818005706,1.0295289767350644,1.0324836548180056,-0.9675163451819943
Slow forcing,-18.933333333333334,0.032771650646391544,1.029791569391149,1.0327716506463915,-0.9672283493536085
Slow forcing,-18.88888888888889,0.03306210335596436,1.030056409176635,1.0330621033559644,-0.9669378966440356
Slow forcing,-18.844444444444445,0.03335503289856332,1.030323514464046,1.0333550328985632,-0.9666449671014367
Slow forcing,-18.8,0.03365045937038645,1.0305929037610952,1.0336504593703864,-0.9663495406296135
Slow forcing,-18.755555555555556,0.033948403012720584,1.0308645957114217,1.0339484030127206,-0.9660515969872794
Slow forcing,-18.71111111111111,0.034248884212668716,1.0311386090953067,1.0342488842126687,-0.9657511157873313
Slow forcing,-18.666666666666664,0.03455192350387574,1.031414962830411,1.0345519235038758,-0.9654480764961243
Slow forcing,-18.62222222222222,0.03485754156725042,1.0316936759724888,1.0348575415672505,-0.9651424584327496
Slow forcing,-18.577777777777776,0.03516575923168599,1.0319747677161197,1.035165759231686,-0.964834240768314
Slow forcing,-18.53333333333333,0.03547659747477672,1.0322582573954242,1.0354765974747768,-0.9645234025252233
Slow forcing,-18.488888888888887,0.035790077423531456,1.0325441644847853,1.0357900774235314,-0.9642099225764685
Slow forcing,-18.444444444444443,0.03610622035508493,1.0328325085995675,1.036106220355085,-0.9638937796449151
Slow forcing,-18.4,0.03642504769740453,1.0331233094968295,1.0364250476974046,-0.9635749523025955
Slow forcing,-18.355555555555554,0.03674658102999406,1.033416587076044,1.036746581029994,-0.9632534189700059
Slow forcing,-18.31111111111111,0.037070842084593575,1.0337123613797985,1.0370708420845935,-0.9629291579154065
Slow forcing,-18.266666666666666,0.037397852745875274,1.0340106525945179,1.0373978527458754,-0.9626021472541247
Slow forcing,-18.22222222222222,0.03772763505213551,1.0343114810511576,1.0377276350521356,-0.9622723649478645
Slow forcing,-18.177777777777777,0.038060211195982276,1.0346148672259157,1.0380602111959822,-0.9619397888040178
Slow forcing,-18.133333333333333,0.0383956035250183,1.0349208317409317,1.0383956035250184,-0.9616043964749817
Slow forcing,-18.08888888888889,0.03873383454251918,1.0352293953649818,1.0387338345425192,-0.9612661654574808
Slow forcing,-18.044444444444444,0.03907492690810756,1.0355405790141776,1.0390749269081077,-0.9609250730918925
Slow forcing,-18.0,0.03941890343842089,1.0358544037526516,1.039418903438421,-0.9605810965615791
Slow forcing,-17.955555555555556,0.039765787107775154,1.036170890793253,1.0397657871077752,-0.9602342128922249
Slow forcing,-17.91111111111111,0.04011560104882247,1.0364900614982204,1.0401156010488224,-0.9598843989511775
Slow forcing,-17.866666666666667,0.04046836855320341,1.0368119373798739,1.0404683685532035,-0.9595316314467965
Slow forcing,-17.822222222222223,0.04082411307219292,1.0371365401012809,1.040824113072193,-0.9591758869278071
Slow forcing,-17.77777777777778,0.04118285821734058,1.0374638914769343,1.0411828582173406,-0.9588171417826594
Slow forcing,-17.73333333333333,0.04154462776110457,1.0377940134734176,1.0415446277611045,-0.9584553722388954
Slow forcing,-17.688888888888886,0.04190944563747907,1.038126928210066,1.0419094456374791,-0.9580905543625209
Slow forcing,-17.644444444444442,0.04227733594261454,1.0384626579596294,1.0422773359426145,-0.9577226640573855
Slow forcing,-17.599999999999998,0.042648322935431415,1.038801225148918,1.0426483229354315,-0.9573516770645686
Slow forcing,-17.555555555555554,0.04302243103822644,1.0391426523594591,1.0430224310382263,-0.9569775689617736
Slow forcing,-17.51111111111111,0.04339968483727201,1.0394869623281295,1.043399684837272,-0.956600315162728
Slow forcing,-17.466666666666665,0.04378010908340659,1.039834177947803,1.0437801090834067,-0.9562198909165934
Slow forcing,-17.42222222222222,0.04416372869261873,1.040184322267972,1.0441637286926186,-0.9558362713073812
Slow forcing,-17.377777777777776,0.04455056874662199,1.0405374184953788,1.0445505687466219,-0.955449431253378
Slow forcing,-17.333333333333332,0.0449406544934212,1.0408934899946332,1.0449406544934212,-0.9550593455065788
Slow forcing,-17.288888888888888,0.04533401134787113,1.041252560288823,1.045334011347871,-0.9546659886521289
Slow forcing,-17.244444444444444,0.045730664892224916,1.041614653060124,1.0457306648922249,-0.9542693351077751
Slow forcing,-17.2,0.046130640876674366,1.0419797921503942,1.0461306408766744,-0.9538693591233256
Slow forcing,-17.155555555555555,0.0465339652198799,1.0423480015617719,1.04653396521988,-0.95346603478012
Slow forcing,-17.11111111111111,0.046940664009491324,1.042719305457253,1.0469406640094914,-0.9530593359905086
Slow forcing,-17.066666666666666,0.04735076350265842,1.0430937281612769,1.0473507635026584,-0.9526492364973416
Slow forcing,-17.022222222222222,0.04776429012653095,1.043471294160287,1.047764290126531,-0.9522357098734691
Slow forcing,-16.977777777777778,0.04818127047874849,1.0438520281033001,1.0481812704787485,-0.9518187295212515
Slow forcing,-16.933333333333334,0.048601731327919284,1.0442359548024551,1.0486017313279192,-0.9513982686720808
Slow forcing,-16.88888888888889,0.049025699614087245,1.0446230992335581,1.0490256996140872,-0.9509743003859128
Slow forcing,-16.844444444444445,0.04945320244918869,1.0450134865366212,1.0494532024491887,-0.9505467975508113
Slow forcing,-16.8,0.049884267117496155,1.0454071420163846,1.0498842671174962,-0.9501157328825038
Slow forcing,-16.755555555555556,0.050318921076050974,1.0458040911428426,1.050318921076051,-0.949681078923949
Slow forcing,-16.71111111111111,0.05075719195508258,1.0462043595517394,1.0507571919550827,-0.9492428080449175
Slow forcing,-16.666666666666664,0.051199107558416015,1.0466079730450824,1.051199107558416,-0.9488008924415839
Slow forcing,-16.62222222222222,0.051644695863865726,1.0470149575916157,1.0516446958638657,-0.9483553041361342
Slow forcing,-16.577777777777776,0.05209398502361626,1.04742533932731,1.0520939850236162,-0.9479060149763837
Slow forcing,-16.53333333333333,0.05254700336458941,1.0478391445558237,1.0525470033645894,-0.9474529966354106
Slow forcing,-16.488888888888887,0.053003779388796766,1.0482563997489598,1.0530037793887967,-0.9469962206112033
Slow forcing,-16.444444444444443,0.05346434177367862,1.048677131547115,1.0534643417736786,-0.9465356582263214
Slow forcing,-16.4,0.053928719372427616,1.0491013667597073,1.0539287193724276,-0.9460712806275724
Slow forcing,-16.355555555555554,0.054396941214297764,1.0495291323656066,1.0543969412142977,-0.9456030587857023
Slow forcing,-16.31111111111111,0.05486903650489737,1.0499604555135327,1.0548690365048974,-0.9451309634951026
Slow forcing,-16.266666666666666,0.055345034626467185,1.050395363522467,1.0553450346264672,-0.9446549653735328
Slow forcing,-16.22222222222222,0.05582496513814136,1.0508338838820241,1.0558249651381413,-0.9441750348618586
Slow forcing,-16.177777777777777,0.05630885777619291,1.0512760442528328,1.056308857776193,-0.9436911422238071
Slow forcing,-16.133333333333333,0.05679674245426122,1.0517218724668902,1.0567967424542613,-0.9432032575457387
Slow forcing,-16.08888888888889,0.057288649263563377,1.0521713965279071,1.0572886492635634,-0.9427113507364366
Slow forcing,-16.044444444444444,0.05778460847308694,1.0526246446116416,1.0577846084730869,-0.942215391526913
Slow forcing,-16.0,0.05828465052976548,1.0530816450662097,1.0582846505297654,-0.9417153494702345
Slow forcing,-15.955555555555556,0.058788806058635075,1.0535424264123967,1.058788806058635,-0.9412111939413649
Slow forcing,-15.911111111111111,0.05929710586297236,1.0540070173439304,1.0592971058629723,-0.9407028941370277
Slow forcing,-15.866666666666667,0.05980958092441312,1.0544754467277695,1.059809580924413,-0.9401904190755869
Slow forcing,-15.822222222222223,0.06032626240305172,1.0549477436043424,1.0603262624030516,-0.9396737375969483
Slow forcing,-15.777777777777779,0.06084718163751976,1.0554239371878,1.0608471816375198,-0.9391528183624802
Slow forcing,-15.73333333333333,0.06137237014504508,1.055904056866233,1.061372370145045,-0.938627629854955
Slow forcing,-15.688888888888886,0.0619018596214893,1.0563881322018787,1.0619018596214893,-0.9380981403785107
Slow forcing,-15.644444444444442,0.06243568194136429,1.0568761929313142,1.0624356819413643,-0.9375643180586357
Slow forcing,-15.599999999999998,0.0629738691578271,1.0573682689656223,1.062973869157827,-0.9370261308421729
Slow forcing,-15.555555555555554,0.0635164535026523,1.0578643903905554,1.0635164535026522,-0.9364835464973477
Slow forcing,-15.51111111111111,0.06406346738618232,1.0583645874666574,1.0640634673861824,-0.9359365326138177
Slow forcing,-15.466666666666665,0.06461494339725385,1.0588688906293964,1.0646149433972538,-0.9353850566027462
Slow forcing,-15.42222222222222,0.0651709143031019,1.0593773304892498,1.0651709143031018,-0.9348290856968982
Slow forcing,-15.377777777777776,0.06573141304923878,1.059889937831792,1.0657314130492388,-0.9342685869507612
Slow forcing,-15.333333333333332,0.06629647275930946,1.0604067436177493,1.0662964727593094,-0.9337035272406905
Slow forcing,-15.288888888888888,0.06686612673492148,1.0609277789830385,1.0668661267349215,-0.9331338732650785
Slow forcing,-15.244444444444444,0.06744040845545023,1.0614530752387887,1.0674404084554503,-0.9325595915445498
Slow forcing,-15.2,0.06801935157781755,1.0619826638713314,1.0680193515778176,-0.9319806484221824
Slow forcing,-15.155555555555555,0.06860298993624464,1.0625165765421871,1.0686029899362446,-0.9313970100637554
Slow forcing,-15.11111111111111,0.06919135754197774,1.063054845088004,1.0691913575419778,-0.9308086424580223
Slow forcing,-15.066666666666666,0.06978448858298719,1.0635975015205061,1.0697844885829872,-0.9302155114170128
Slow forcing,-15.022222222222222,0.07038241742363784,1.0641445780263865,1.0703824174236378,-0.9296175825763622
Slow forcing,-14.977777777777778,0.07098517860433189,1.0646961069672038,1.0709851786043318,-0.9290148213956682
Slow forcing,-14.933333333333334,0.0715928068411224,1.0652521208792392,1.0715928068411225,-0.9284071931588775
Slow forcing,-14.88888888888889,0.07220533702529833,1.0658126524733331,1.0722053370252984,-0.9277946629747017
Slow forcing,-14.844444444444445,0.07282280422293864,1.0663777346347039,1.0728228042229386,-0.9271771957770614
Slow forcing,-14.8,0.07344524367443697,1.0669474004227268,1.073445243674437,-0.9265547563255631
Slow forcing,-14.755555555555553,0.07407269079399527,1.0675216830707108,1.0740726907939953,-0.9259273092060047
Slow forcing,-14.711111111111109,0.07470518116908545,1.068100615985617,1.0747051811690855,-0.9252948188309146
Slow forcing,-14.666666666666664,0.07534275055988038,1.0686842327477895,1.0753427505598805,-0.9246572494401196
Slow forcing,-14.62222222222222,0.0759854348986512,1.0692725671106196,1.0759854348986513,-0.9240145651013488
Slow forcing,-14.577777777777776,0.07663327028913207,1.0698656530002175,1.0766332702891321,-0.923366729710868
Slow forcing,-14.533333333333331,0.07728629300585191,1.0704635245150327,1.077286293005852,-0.9227137069941481
Slow forcing,-14.488888888888887,0.07794453949343118,1.0710662159254551,1.0779445394934313,-0.9220554605065688
Slow forcing,-14.444444444444443,0.07860804636584462,1.0716737616733911,1.0786080463658445,-0.9213919536341554
Slow forcing,-14.399999999999999,0.0792768504056489,1.072286196371798,1.079276850405649,-0.9207231495943511
Slow forcing,-14.355555555555554,0.07995098856317369,1.0729035548042074,1.0799509885631737,-0.9200490114368263
Slow forcing,-14.31111111111111,0.08063049795567767,1.073525871924193,1.0806304979556778,-0.9193695020443223
Slow forcing,-14.266666666666666,0.08131541586646622,1.0741531828548383,1.0813154158664662,-0.9186845841335338
Slow forcing,-14.222222222222221,0.08200577974397301,1.0747855228881409,1.082005779743973,-0.917994220256027
Slow forcing,-14.177777777777777,0.08270162720080264,1.0754229274844138,1.0827016272008025,-0.9172983727991973
Slow forcing,-14.133333333333333,0.08340299601273501,1.0760654322716334,1.083402996012735,-0.916597003987265
Slow forcing,-14.088888888888889,0.0841099241176901,1.076713073044765,1.0841099241176901,-0.9158900758823099
Slow forcing,-14.044444444444444,0.08482244961465371,1.0773658857650554,1.0848224496146537,-0.9151775503853463
Slow forcing,-14.0,0.0855406107625622,1.078023906559282,1.0855406107625623,-0.9144593892374377
Slow forcing,-13.955555555555556,0.08626444597914618,1.0786871717189854,1.0862644459791462,-0.9137355540208538
Slow forcing,-13.911111111111111,0.0869939938397331,1.0793557176996396,1.086993993839733,-0.913006006160267
Slow forcing,-13.866666666666667,0.0877292930760071,1.0800295811198228,1.0877292930760072,-0.9122707069239929
Slow forcing,-13.822222222222223,0.08847038257472652,1.0807087987603123,1.0884703825747266,-0.9115296174252735
Slow forcing,-13.777777777777775,0.08921730137639788,1.0813934075631795,1.089217301376398,-0.9107826986236021
Slow forcing,-13.73333333333333,0.08997008867390553,1.0820834446308203,1.0899700886739054,-0.9100299113260945
Slow forcing,-13.688888888888886,0.0907287838110971,1.082778947224962,1.090728783811097,-0.9092712161889029
Slow forcing,-13.644444444444442,0.09149342628132355,1.083479952765632,1.0914934262813236,-0.9085065737186765
Slow forcing,-13.599999999999998,0.09226405572593332,1.0841864988300753,1.0922640557259333,-0.9077359442740667
Slow forcing,-13.555555555555554,0.09304071193271969,1.0848986231516553,1.0930407119327197,-0.9069592880672803
Slow forcing,-13.51111111111111,0.093823434834322,1.085616363618682,1.093823434834322,-0.906176565165678
Slow forcing,-13.466666666666665,0.09461226450657778,1.0863397582732397,1.0946122645065777,-0.9053877354934222
Slow forcing,-13.42222222222222,0.09540724116682768,1.087068845309932,1.0954072411668276,-0.9045927588331724
Slow forcing,-13.377777777777776,0.09620840517217087,1.0878036630746208,1.0962084051721708,-0.9037915948278291
Slow forcing,-13.333333333333332,0.09701579701767075,1.0885442500631002,1.0970157970176708,-0.9029842029823293
Slow forcing,-13.288888888888888,0.09782945733451082,1.0892906449197353,1.0978294573345109,-0.9021705426654891
Slow forcing,-13.244444444444444,0.09864942688809893,1.0900428864360625,1.0986494268880989,-0.901350573111901
Slow forcing,-13.2,0.09947574657612136,1.0908010135493318,1.0994757465761213,-0.9005242534238787
Slow forcing,-13.155555555555555,0.10030845742654303,1.0915650653410263,1.100308457426543,-0.899691542573457
Slow forcing,-13.11111111111111,0.10114760059555603,1.0923350810353059,1.101147600595556,-0.898852399404444
Slow forcing,-13.066666666666666,0.10199321736547494,1.0931110999974427,1.101993217365475,-0.898006782634525
Slow forcing,-13.022222222222222,0.10284534914257712,1.0938931617321728,1.1028453491425771,-0.8971546508574229
Slow forcing,-12.977777777777778,0.10370403745488904,1.0946813058820306,1.103704037454889,-0.896295962545111
Slow forcing,-12.933333333333334,0.10456932394991708,1.0954755722256186,1.104569323949917,-0.895430676050083
Slow forcing,-12.88888888888889,0.10544125039232242,1.0962760006758328,1.1054412503923223,-0.8945587496076776
Slow forcing,-12.844444444444445,0.10631985866153935,1.0970826312780473,1.1063198586615393,-0.8936801413384606
Slow forcing,-12.8,0.10720519074933618,1.0978955042082317,1.107205190749336,-0.8927948092506638
Slow forcing,-12.755555555555553,0.10809728875731885,1.0987146597710462,1.1080972887573188,-0.8919027112426812
Slow forcing,-12.711111111111109,0.1089961948943747,1.0995401383978491,1.1089961948943747,-0.8910038051056253
Slow forcing,-12.666666666666664,0.10990195147405943,1.1003719806446959,1.1099019514740593,-0.8900980485259405
Slow forcing,-12.62222222222222,0.11081460091192204,1.1012102271902446,1.110814600911922,-0.8891853990880779
Slow forcing,-12.577777777777776,0.11173418572277057,1.1020549188336446,1.1117341857227705,-0.8882658142772294
Slow forcing,-12.533333333333331,0.11266074851787683,1.1029060964923487,1.1126607485178768,-0.8873392514821232
Slow forcing,-12.488888888888887,0.11359433200211941,1.10376380119988,1.1135943320021193,-0.8864056679978806
Slow forcing,-12.444444444444443,0.11453497897106409,1.1046280741035517,1.1145349789710641,-0.8854650210289359
Slow forcing,-12.399999999999999,0.11548273230798237,1.1054989564621127,1.1154827323079823,-0.8845172676920177
Slow forcing,-12.355555555555554,0.11643763498080538,1.1063764896433677,1.1164376349808054,-0.8835623650191946
Slow forcing,-12.31111111111111,0.11739973003901509,1.1072607151217033,1.117399730039015,-0.882600269960985
Slow forcing,-12.266666666666666,0.11836906061046944,1.1081516744756015,1.1183690606104695,-0.8816309393895305
Slow forcing,-12.222222222222221,0.11934566989816354,1.1090494093850514,1.1193456698981636,-0.8806543301018365
Slow forcing,-12.177777777777777,0.1203296011769247,1.1099539616289422,1.1203296011769246,-0.8796703988230753
Slow forcing,-12.133333333333333,0.12132089779004025,1.1108653730823723,1.1213208977900402,-0.8786791022099597
Slow forcing,-12.088888888888889,0.12231960314581962,1.1117836857139094,1.1223196031458196,-0.8776803968541804
Slow forcing,-12.044444444444444,0.12332576071408817,1.1127089415827955,1.123325760714088,-0.8766742392859118
Slow forcing,-12.0,0.124339414022613,1.1136411828360773,1.124339414022613,-0.8756605859773869
Slow forcing,-11.955555555555556,0.12536060665346044,1.1145804517057007,1.1253606066534605,-0.8746393933465395
Slow forcing,-11.911111111111111,0.12638938223928356,1.1155267905055093,1.1263893822392836,-0.8736106177607165
Slow forcing,-11.866666666666667,0.1274257844595412,1.1164802416282238,1.1274257844595412,-0.8725742155404588
Slow forcing,-11.822222222222223,0.12846985703664512,1.1174408475423163,1.1284698570366452,-0.8715301429633548
Slow forcing,-11.777777777777775,0.12952164373203792,1.1184086507888582,1.129521643732038,-0.8704783562679621
Slow forcing,-11.73333333333333,0.1305811883421983,1.1193836939782809,1.1305811883421983,-0.8694188116578017
Slow forcing,-11.688888888888886,0.13164853469457563,1.120366019787083,1.1316485346945757,-0.8683514653054244
Slow forcing,-11.644444444444442,0.13272372664345106,1.1213556709544767,1.1327237266434511,-0.8672762733565489
Slow forcing,-11.599999999999998,0.13380680806572676,1.1223526902789522,1.1338068080657266,-0.8661931919342732
Slow forcing,-11.555555555555554,0.13489782285664143,1.1233571206148079,1.1348978228566415,-0.8651021771433586
Slow forcing,-11.51111111111111,0.1359968149254119,1.1243690048685708,1.1359968149254118,-0.8640031850745881
Slow forcing,-11.466666666666665,0.1371038281908008,1.1253883859954033,1.1371038281908008,-0.8628961718091992
Slow forcing,-11.42222222222222,0.13821890657660937,1.12641530699539,1.1382189065766093,-0.8617810934233906
Slow forcing,-11.377777777777776,0.13934209400709519,1.1274498109098021,1.139342094007095,-0.8606579059929048
Slow forcing,-11.333333333333332,0.14047343440231483,1.1284919408172644,1.1404734344023149,-0.8595265655976851
Slow forcing,-11.288888888888888,0.1416129716733896,1.1295417398298666,1.1416129716733896,-0.8583870283266104
Slow forcing,-11.244444444444444,0.14276074971769578,1.130599251089209,1.1427607497176957,-0.8572392502823042
Slow forcing,-11.2,0.14391681241397825,1.1316645177623619,1.1439168124139782,-0.8560831875860218
Slow forcing,-11.155555555555555,0.1450812036173862,1.132737583037787,1.1450812036173863,-0.8549187963826138
Slow forcing,-11.11111111111111,0.14625396715443223,1.1338184901211443,1.1462539671544323,-0.8537460328455677
Slow forcing,-11.066666666666666,0.14743514681787362,1.1349072822310804,1.1474351468178736,-0.8525648531821264
Slow forcing,-11.022222222222222,0.1486247863615149,1.1360040025948943,1.1486247863615149,-0.8513752136384851
Slow forcing,-10.977777777777778,0.14982292949493323,1.1371086944441762,1.1498229294949331,-0.8501770705050667
Slow forcing,-10.933333333333334,0.15102961987812355,1.1382214010103462,1.1510296198781236,-0.8489703801218764
Slow forcing,-10.88888888888889,0.15224490111606648,1.1393421655201303,1.1522449011160665,-0.8477550988839335
Slow forcing,-10.844444444444445,0.15346881675321605,1.140471031190972,1.153468816753216,-0.8465311832467839
Slow forcing,-10.799999999999997,0.15470141026790807,1.1416080412263503,1.154701410267908,-0.8452985897320919
Slow forcing,-10.755555555555553,0.15594272506668952,1.1427532388110557,1.1559427250666896,-0.8440572749333105
Slow forcing,-10.711111111111109,0.15719280447856737,1.143906667106354,1.1571928044785673,-0.8428071955214327
Slow forcing,-10.666666666666664,0.1584516917491786,1.1450683692451216,1.1584516917491787,-0.8415483082508214
Slow forcing,-10.62222222222222,0.15971943003487854,1.1462383883268592,1.1597194300348785,-0.8402805699651215
Slow forcing,-10.577777777777776,0.16099606239675043,1.147416767412674,1.1609960623967504,-0.8390039376032495
Slow forcing,-10.533333333333331,0.16228163179453414,1.1486035495201607,1.1622816317945341,-0.8377183682054659
Slow forcing,-10.488888888888887,0.1635761810804741,1.149798777618214,1.1635761810804741,-0.8364238189195259
Slow forcing,-10.444444444444443,0.16487975299308733,1.1510024946217778,1.1648797529930874,-0.8351202470069127
Slow forcing,-10.399999999999999,0.16619239015085094,1.1522147433864955,1.1661923901508509,-0.833807609849149
Slow forcing,-10.355555555555554,0.1675141350458087,1.1534355667033203,1.1675141350458087,-0.8324858649541913
Slow forcing,-10.31111111111111,0.16884503003709764,1.154665007293002,1.1688450300370976,-0.8311549699629024
Slow forcing,-10.266666666666666,0.170185117344394,1.1559031078005562,1.170185117344394,-0.829814882655606
Slow forcing,-10.222222222222221,0.17153443904127866,1.1571499107895988,1.1715344390412787,-0.8284655609587214
Slow forcing,-10.177777777777777,0.1728930370485225,1.1584054587366563,1.1728930370485224,-0.8271069629514776
Slow forcing,-10.133333333333333,0.17426095312729148,1.1596697940253633,1.1742609531272914,-0.8257390468727085
Slow forcing,-10.088888888888889,0.17563822887227237,1.160942958940602,1.1756382288722724,-0.8243617711277276
Slow forcing,-10.044444444444444,0.1770249057047173,1.1622249956625683,1.1770249057047173,-0.8229750942952827
Slow forcing,-10.0,0.17842102486540978,1.1635159462607414,1.17842102486541,-0.8215789751345902
Slow forcing,-9.955555555555556,0.17982662740755137,1.1648158526878134,1.1798266274075513,-0.8201733725924486
Slow forcing,-9.911111111111111,0.18124175418956878,1.166124756773493,1.1812417541895688,-0.8187582458104312
Slow forcing,-9.866666666666667,0.18266644586784217,1.1674427002182923,1.1826664458678422,-0.8173335541321578
Slow forcing,-9.82222222222222,0.18410074288935546,1.1687697245871804,1.1841007428893555,-0.8158992571106445
Slow forcing,-9.777777777777775,0.18554468548426767,1.1701058713032066,1.1855446854842677,-0.8144553145157323
Slow forcing,-9.73333333333333,0.18699831365840805,1.1714511816410218,1.1869983136584081,-0.813001686341592
Slow forcing,-9.688888888888886,0.18846166718569232,1.1728056967203302,1.1884616671856922,-0.8115383328143077
Slow forcing,-9.644444444444442,0.18993478560046279,1.174169457499278,1.1899347856004627,-0.8100652143995373
Slow forcing,-9.599999999999998,0.19141770818975237,1.1755425047677417,1.1914177081897523,-0.8085822918102477
Slow forcing,-9.555555555555554,0.19291047398547287,1.176924879140577,1.1929104739854728,-0.8070895260145271
Slow forcing,-9.51111111111111,0.1944131217565271,1.1783166210507474,1.194413121756527,-0.8055868782434729
Slow forcing,-9.466666666666665,0.1959256900008478,1.1797177707424338,1.195925690000848,-0.8040743099991522
Slow forcing,-9.42222222222222,0.19744821693736145,1.1811283682640112,1.1974482169373615,-0.8025517830626385
Slow forcing,-9.377777777777776,0.19898074049787934,1.1825484534610056,1.1989807404978794,-0.8010192595021206
Slow forcing,-9.333333333333332,0.20052329831891647,1.1839780659689387,1.2005232983189165,-0.7994767016810835
Slow forcing,-9.288888888888888,0.20207592773343722,1.1854172452061182,1.2020759277334372,-0.7979240722665628
Slow forcing,-9.244444444444444,0.20363866576253203,1.1868660303663585,1.203638665762532,-0.796361334237468
Slow forcing,-9.2,0.20521154910702233,1.1883244604116086,1.2052115491070223,-0.7947884508929777
Slow forcing,-9.155555555555555,0.20679461413899664,1.1897925740645445,1.2067946141389967,-0.7932053858610033
Slow forcing,-9.11111111111111,0.20838789689327872,1.1912704098010423,1.2083878968932786,-0.7916121031067213
Slow forcing,-9.066666666666666,0.2099914330588277,1.1927580058426377,1.2099914330588277,-0.7900085669411723
Slow forcing,-9.022222222222222,0.2116052579700725,1.1942554001488583,1.2116052579700725,-0.7883947420299275
Slow forcing,-8.977777777777778,0.21322940659817982,1.1957626304095355,1.21322940659818,-0.7867705934018202
Slow forcing,-8.933333333333334,0.21486391354225895,1.1972797340370178,1.214863913542259,-0.785136086457741
Slow forcing,-8.88888888888889,0.21650881302050326,1.1988067481583249,1.2165088130205033,-0.7834911869794967
Slow forcing,-8.844444444444445,0.21816413886126867,1.2003437096072445,1.2181641388612687,-0.7818358611387313
Slow forcing,-8.799999999999997,0.21982992449409303,1.2018906549163406,1.219829924494093,-0.780170075505907
Slow forcing,-8.755555555555553,0.2215062029406541,1.2034476203089306,1.221506202940654,-0.778493797059346
Slow forcing,-8.711111111111109,0.2231930068056714,1.2050146416909489,1.2231930068056713,-0.7768069931943287
Slow forcing,-8.666666666666664,0.22489036826774983,1.2065917546428087,1.2248903682677499,-0.7751096317322501
Slow forcing,-8.62222222222222,0.22659831907016792,1.2081789944111365,1.226598319070168,-0.7734016809298321
Slow forcing,-8.577777777777776,0.22831689051161283,1.2097763959005003,1.2283168905116129,-0.7716831094883871
Slow forcing,-8.533333333333331,0.23004611343686238,1.2113839936650401,1.2300461134368623,-0.7699538865631377
Slow forcing,-8.488888888888887,0.23178601822741587,1.213001821900054,1.2317860182274158,-0.7682139817725842
Slow forcing,-8.444444444444443,0.2335366347920765,1.21462991443353,1.2335366347920764,-0.7664633652079235
Slow forcing,-8.399999999999999,0.23529799255748476,1.2162683047175997,1.2352979925574847,-0.7647020074425153
Slow forcing,-8.355555555555554,0.23707012045860684,1.217917025819971,1.2370701204586068,-0.7629298795413931
Slow forcing,-8.31111111111111,0.23885304692917855,1.2195761104152567,1.2388530469291785,-0.7611469530708215
Slow forcing,-8.266666666666666,0.24064679989210574,1.2212455907763076,1.2406467998921058,-0.7593532001078942
Slow forcing,-8.222222222222221,0.2424514067498257,1.2229254987654326,1.2424514067498258,-0.7575485932501743
Slow forcing,-8.177777777777777,0.24426689437462834,1.2246158658256205,1.2442668943746282,-0.7557331056253717
Slow forcing,-8.133333333333333,0.24609328909894074,1.2263167229716758,1.2460932890989407,-0.7539067109010593
Slow forcing,-8.088888888888889,0.24793061670557756,1.22802810078132,1.2479306167055775,-0.7520693832944224
Slow forcing,-8.044444444444444,0.24977890241795764,1.2297500293862533,1.2497789024179577,-0.7502210975820424
Slow forcing,-8.0,0.25163817089029034,1.2314825384631454,1.2516381708902904,-0.7483618291097096
Slow forcing,-7.955555555555556,0.25350844619773283,1.233225657224622,1.2535084461977328,-0.7464915538022672
Slow forcing,-7.911111111111111,0.25538975182652107,1.234979414410157,1.2553897518265211,-0.7446102481734789
Slow forcing,-7.866666666666667,0.25728211066407647,1.2367438382769818,1.2572821106640766,-0.7427178893359235
Slow forcing,-7.822222222222223,0.2591855449890908,1.2385189565909003,1.2591855449890907,-0.7408144550109093
Slow forcing,-7.777777777777779,0.26110007646159084,1.2403047966171115,1.2611000764615907,-0.7388999235384092
Slow forcing,-7.733333333333334,0.263025726112986,1.2421013851109661,1.263025726112986,-0.736974273887014
Slow forcing,-7.68888888888889,0.26496251433610146,1.2439087483087015,1.2649625143361014,-0.7350374856638986
Slow forcing,-7.644444444444446,0.2669104608751981,1.2457269119181504,1.2669104608751982,-0.7330895391248019
Slow forcing,-7.600000000000001,0.26886958481598344,1.2475559011093975,1.2688695848159834,-0.7311304151840166
Slow forcing,-7.555555555555557,0.2708399045756142,1.2493957405054439,1.2708399045756142,-0.7291600954243858
Slow forcing,-7.511111111111113,0.2728214378926954,1.251246454172795,1.2728214378926954,-0.7271785621073046
Slow forcing,-7.466666666666669,0.27481420181727634,1.2531080656120845,1.2748142018172763,-0.7251857981827237
Slow forcing,-7.422222222222224,0.2768182127008481,1.2549805977486141,1.276818212700848,-0.723181787299152
Slow forcing,-7.37777777777778,0.278833486186344,1.2568640729229266,1.278833486186344,-0.721166513813656
Slow forcing,-7.333333333333329,0.2808600371981468,1.2587585128813243,1.280860037198147,-0.7191399628018532
Slow forcing,-7.288888888888884,0.28289787993210347,1.2606639387663863,1.2828978799321034,-0.7171021200678965
Slow forcing,-7.24444444444444,0.2849470278455556,1.262580371107479,1.2849470278455555,-0.7150529721544444
Slow forcing,-7.199999999999996,0.28700749364738065,1.2645078298112318,1.2870074936473808,-0.7129925063526193
Slow forcing,-7.1555555555555515,0.28907928928805415,1.2664463341520398,1.289079289288054,-0.7109207107119458
Slow forcing,-7.111111111111107,0.29116242594973113,1.2683959027625116,1.2911624259497312,-0.7088375740502688
Slow forcing,-7.066666666666663,0.2932569140363535,1.2703565536239696,1.2932569140363535,-0.7067430859636465
Slow forcing,-7.022222222222219,0.295362763163783,1.2723283040568922,1.295362763163783,-0.704637236836217
Slow forcing,-6.977777777777774,0.2974799821499658,1.2743111707114028,1.2974799821499658,-0.7025200178500342
Slow forcing,-6.93333333333333,0.2996085790051302,1.276305169557732,1.2996085790051302,-0.7003914209948698
Slow forcing,-6.888888888888886,0.30174856092202224,1.2783103158766984,1.3017485609220223,-0.6982514390779777
Slow forcing,-6.8444444444444414,0.3038999342661798,1.2803266242502005,1.30389993426618,-0.6961000657338202
Slow forcing,-6.799999999999997,0.30606270456625256,1.2823541085517025,1.3060627045662525,-0.6939372954337475
Slow forcing,-6.755555555555553,0.30823687650436726,1.284392781936766,1.3082368765043673,-0.6917631234956327
Slow forcing,-6.711111111111109,0.31042245390654477,1.2864426568335499,1.3104224539065448,-0.6895775460934552
Slow forcing,-6.666666666666664,0.3126194397331695,1.2885037449333885,1.3126194397331696,-0.6873805602668305
Slow forcing,-6.62222222222222,0.31482783606951836,1.2905760571813336,1.3148278360695183,-0.6851721639304816
Slow forcing,-6.577777777777776,0.3170476441163483,1.2926596037667677,1.3170476441163483,-0.6829523558836517
Slow forcing,-6.533333333333331,0.3192788641805508,1.294754394114017,1.3192788641805508,-0.6807211358194492
Slow forcing,-6.488888888888887,0.32152149566587307,1.2968604368730035,1.321521495665873,-0.6784785043341269
Slow forcing,-6.444444444444443,0.3237755370637111,1.2989777399099398,1.3237755370637112,-0.6762244629362889
Slow forcing,-6.399999999999999,0.32604098594397907,1.3011063102980374,1.326040985943979,-0.673959014056021
Slow forcing,-6.355555555555554,0.32831783894605704,1.3032461543082894,1.328317838946057,-0.671682161053943
Slow forcing,-6.31111111111111,0.3306060917698223,1.3053972774002502,1.3306060917698224,-0.6693939082301776
Slow forcing,-6.266666666666666,0.33290573916676724,1.307559684212917,1.3329057391667671,-0.6670942608332328
Slow forcing,-6.222222222222221,0.3352167749312071,1.3097333785555996,1.3352167749312072,-0.6647832250687928
Slow forcing,-6.177777777777777,0.33753919189158343,1.3119183633988962,1.3375391918915835,-0.6624608081084166
Slow forcing,-6.133333333333333,0.339872981901864,1.3141146408656903,1.339872981901864,-0.660127018098136
Slow forcing,-6.088888888888889,0.342218135833046,1.3163222122222162,1.342218135833046,-0.657781864166954
Slow forcing,-6.044444444444444,0.344574643564765,1.3185410778691968,1.344574643564765,-0.655425356435235
Slow forcing,-6.0,0.34694249397701293,1.3207712373330212,1.346942493977013,-0.6530575060229871
Slow forcing,-5.955555555555556,0.3493216749419704,1.3230126892570293,1.3493216749419705,-0.6506783250580296
Slow forcing,-5.911111111111111,0.3517121733159572,1.3252654313928158,1.3517121733159572,-0.6482878266840428
Slow forcing,-5.866666666666667,0.35411397493150243,1.3275294605916712,1.3541139749315025,-0.6458860250684976
Slow forcing,-5.822222222222223,0.3565270645895432,1.3298047727960396,1.3565270645895433,-0.6434729354104568
Slow forcing,-5.777777777777779,0.3589514260517501,1.3320913630311093,1.3589514260517501,-0.6410485739482499
Slow forcing,-5.733333333333334,0.36138704203298727,1.3343892253964578,1.3613870420329872,-0.6386129579670128
Slow forcing,-5.68888888888889,0.3638338941939108,1.3366983530577945,1.3638338941939108,-0.6361661058060892
Slow forcing,-5.644444444444446,0.3662919631337067,1.339018738238805,1.3662919631337067,-0.6337080368662933
Slow forcing,-5.600000000000001,0.3687612283829766,1.3413503722130682,1.3687612283829766,-0.6312387716170234
Slow forcing,-5.555555555555557,0.3712416683967706,1.3436932452961075,1.3712416683967705,-0.6287583316032295
Slow forcing,-5.511111111111113,0.3737332605477757,1.346047346837498,1.3737332605477757,-0.6262667394522243
Slow forcing,-5.466666666666669,0.37623598111966017,1.3484126652131359,1.37623598111966,-0.6237640188803398
Slow forcing,-5.422222222222224,0.3787498053005803,1.3507891878175613,1.3787498053005802,-0.6212501946994198
Slow forcing,-5.37777777777778,0.38127470717685163,1.3531769010564414,1.3812747071768516,-0.6187252928231484
Slow forcing,-5.333333333333329,0.3838106597267912,1.3555757903391412,1.3838106597267912,-0.6161893402732088
Slow forcing,-5.288888888888884,0.38635763481472957,1.3579858400714233,1.3863576348147295,-0.6136423651852705
Slow forcing,-5.24444444444444,0.38891560318520596,1.360407033648283,1.388915603185206,-0.6110843968147941
Slow forcing,-5.199999999999996,0.3914845344573389,1.3628393534468854,1.391484534457339,-0.6085154655426611
Slow forcing,-5.1555555555555515,0.3940643971193844,1.3652827808196706,1.3940643971193845,-0.6059356028806155
Slow forcing,-5.111111111111107,0.39665515852348415,1.3677372960875456,1.396655158523484,-0.6033448414765159
Slow forcing,-5.066666666666663,0.39925678488060395,1.3702028785332716,1.399256784880604,-0.6007432151193961
Slow forcing,-5.022222222222219,0.40186924125567125,1.3726795063949366,1.4018692412556713,-0.5981307587443287
Slow forcing,-4.977777777777774,0.4044924915629116,1.3751671568596202,1.4044924915629116,-0.5955075084370884
Slow forcing,-4.93333333333333,0.40712649856139005,1.3776658060571785,1.40712649856139,-0.59287350143861
Slow forcing,-4.888888888888886,0.40977122385076015,1.3801754290541914,1.4097712238507603,-0.5902287761492399
Slow forcing,-4.8444444444444414,0.4124266278672255,1.3826959998480743,1.4124266278672255,-0.5875733721327745
Slow forcing,-4.799999999999997,0.4150926698797154,1.385227491361328,1.4150926698797153,-0.5849073301202846
Slow forcing,-4.755555555555553,0.41776930798628,1.3877698754359835,1.4177693079862799,-0.58223069201372
Slow forcing,-4.711111111111109,0.4204564991107089,1.390323122828174,1.420456499110709,-0.5795435008892911
Slow forcing,-4.666666666666664,0.42315419899937423,1.392887203202924,1.4231541989993741,-0.5768458010006258
Slow forcing,-4.62222222222222,0.4258623622183048,1.3954620851290633,1.4258623622183049,-0.5741376377816951
Slow forcing,-4.577777777777776,0.4285809421504924,1.3980477360743615,1.4285809421504925,-0.5714190578495075
Slow forcing,-4.533333333333331,0.4313098909934351,1.400644122400815,1.4313098909934352,-0.5686901090065649
Slow forcing,-4.488888888888887,0.4340491597569191,1.4032512093601284,1.4340491597569192,-0.5659508402430808
Slow forcing,-4.444444444444443,0.4367986982610459,1.4058689610893889,1.436798698261046,-0.5632013017389541
Slow forcing,-4.399999999999999,0.439558455134503,1.4084973406069141,1.4395584551345029,-0.560441544865497
Slow forcing,-4.355555555555554,0.44232837781308604,1.4111363098083245,1.442328377813086,-0.557671622186914
Slow forcing,-4.31111111111111,0.4451084125384725,1.413785829462769,1.4451084125384726,-0.5548915874615274
Slow forcing,-4.266666666666666,0.4478985043572508,1.4164458592094051,1.4478985043572508,-0.5521014956427492
Slow forcing,-4.222222222222221,0.4506985971202081,1.4191163575540304,1.450698597120208,-0.5493014028797919
Slow forcing,-4.177777777777777,0.45350863348187964,1.421797281865964,1.4535086334818796,-0.5464913665181204
Slow forcing,-4.133333333333333,0.4563285549003612,1.4244885883751122,1.4563285549003613,-0.5436714450996387
Slow forcing,-4.088888888888889,0.45915830163738947,1.4271902321692551,1.4591583016373895,-0.5408416983626105
Slow forcing,-4.044444444444444,0.4619978127586911,1.4299021671915584,1.4619978127586912,-0.5380021872413089
Slow forcing,-4.0,0.464847026134604,1.4326243462382853,1.464847026134604,-0.535152973865396
Slow forcing,-3.9555555555555557,0.46770587844097283,1.4353567209567601,1.4677058784409729,-0.5322941215590271
Slow forcing,-3.9111111111111114,0.47057430516032156,1.4380992418435163,1.4705743051603215,-0.5294256948396785
Slow forcing,-3.866666666666667,0.4734522405833053,1.4408518582427234,1.4734522405833053,-0.5265477594166947
Slow forcing,-3.822222222222223,0.47633961781044243,1.4436145183447935,1.4763396178104424,-0.5236603821895576
Slow forcing,-3.7777777777777786,0.4792363687541312,1.4463871691852643,1.4792363687541312,-0.5207636312458688
Slow forcing,-3.7333333333333343,0.4821424241409511,1.4491697566438926,1.482142424140951,-0.5178575758590489
Slow forcing,-3.68888888888889,0.485057713514252,1.4519622254439946,1.485057713514252,-0.514942286485748
Slow forcing,-3.6444444444444457,0.4879821652370309,1.4547645191520353,1.4879821652370309,-0.5120178347629691
Slow forcing,-3.6000000000000014,0.4909157064951019,1.4575765801774447,1.490915706495102,-0.509084293504898
Slow forcing,-3.555555555555557,0.49385826330055554,1.460398349772706,1.4938582633005555,-0.5061417366994445
Slow forcing,-3.511111111111113,0.4968097604955149,1.463229768033659,1.4968097604955148,-0.5031902395044852
Slow forcing,-3.4666666666666686,0.4997701217561838,1.4660707739000953,1.4997701217561838,-0.5002298782438162
Slow forcing,-3.4222222222222243,0.5027392695971946,1.4689213051565653,1.5027392695971946,-0.4972607304028054
Slow forcing,-3.377777777777773,0.5057171253762511,1.4717812984334784,1.5057171253762511,-0.49428287462374887
Slow forcing,-3.3333333333333286,0.5087036092990692,1.4746506892084321,1.508703609299069,-0.4912963907009308
Slow forcing,-3.2888888888888843,0.511698640424622,1.4775294118078166,1.511698640424622,-0.488301359575378
Slow forcing,-3.24444444444444,0.514702136670679,1.4804173994086811,1.514702136670679,-0.485297863329321
Slow forcing,-3.1999999999999957,0.51771401481965,1.4833145840408488,1.51771401481965,-0.48228598518035004
Slow forcing,-3.1555555555555515,0.5207341905247288,1.486220896589322,1.520734190524729,-0.4792658094752712
Slow forcing,-3.111111111111107,0.52376257831634,1.489136266796922,1.52376257831634,-0.47623742168366
Slow forcing,-3.066666666666663,0.5267990916088865,1.4920606232672349,1.5267990916088865,-0.4732009083911135
Slow forcing,-3.0222222222222186,0.5298436427077998,1.4949938934677869,1.5298436427078,-0.4701563572922002
Slow forcing,-2.9777777777777743,0.5328961428168935,1.4979360037335268,1.5328961428168935,-0.46710385718310654
Slow forcing,-2.93333333333333,0.5359565020460173,1.5008868792705579,1.5359565020460173,-0.4640434979539827
Slow forcing,-2.8888888888888857,0.5390246294190144,1.503846444160151,1.5390246294190144,-0.4609753705809856
Slow forcing,-2.8444444444444414,0.54210043288198,1.5068146213630365,1.54210043288198,-0.45789956711802005
Slow forcing,-2.799999999999997,0.5451838193118198,1.5097913327239605,1.54518381931182,-0.4548161806881802
Slow forcing,-2.755555555555553,0.5482746945251117,1.512776498976536,1.5482746945251118,-0.4517253054748883
Slow forcing,-2.7111111111111086,0.5513729632872632,1.515770039748345,1.551372963287263,-0.44862703671273685
Slow forcing,-2.6666666666666643,0.5544785293219715,1.5187718735663513,1.5544785293219716,-0.4455214706780285
Slow forcing,-2.62222222222222,0.5575912953209783,1.5217819178625591,1.5575912953209783,-0.4424087046790217
Slow forcing,-2.5777777777777757,0.5607111629541229,1.5248000889799778,1.560711162954123,-0.43928883704587707
Slow forcing,-2.5333333333333314,0.5638380328796898,1.5278263021788494,1.5638380328796897,-0.4361619671203102
Slow forcing,-2.488888888888887,0.5669718047550496,1.5308604716431617,1.5669718047550496,-0.4330281952449504
Slow forcing,-2.444444444444443,0.5701123772475927,1.5339025104874453,1.5701123772475927,-0.42988762275240733
Slow forcing,-2.3999999999999986,0.5732596480459536,1.536952330763838,1.5732596480459535,-0.42674035195404636
Slow forcing,-2.3555555555555543,0.5764135138715226,1.5400098434694498,1.5764135138715227,-0.4235864861284774
Slow forcing,-2.31111111111111,0.5795738704902446,1.5430749585539802,1.5795738704902447,-0.42042612950975544
Slow forcing,-2.2666666666666657,0.5827406127247019,1.546147584927646,1.582740612724702,-0.4172593872752981
Slow forcing,-2.2222222222222214,0.5859136344664803,1.5492276304693577,1.5859136344664804,-0.41408636553351974
Slow forcing,-2.177777777777777,0.5890928286888119,1.5523150020352008,1.5890928286888117,-0.41090717131118815
Slow forcing,-2.133333333333333,0.592278087459498,1.5554096054671764,1.592278087459498,-0.40772191254050205
Slow forcing,-2.0888888888888886,0.5954693019541045,1.5585113456022266,1.5954693019541044,-0.4045306980458955
Slow forcing,-2.0444444444444443,0.5986663624694283,1.5616201262815395,1.5986663624694284,-0.4013336375305717
Slow forcing,-2.0,0.6018691584372335,1.5647358503601183,1.6018691584372335,-0.39813084156276646
Slow forcing,-1.9555555555555557,0.6050775784382523,1.5678584197166419,1.6050775784382523,-0.3949224215617477
Slow forcing,-1.9111111111111114,0.6082915102164462,1.5709877352635742,1.6082915102164463,-0.39170848978355377
Slow forcing,-1.8666666666666671,0.6115108406935295,1.5741236969575751,1.6115108406935295,-0.38848915930647054
Slow forcing,-1.8222222222222229,0.6147354559837438,1.5772662038101506,1.6147354559837437,-0.3852645440162562
Slow forcing,-1.7777777777777786,0.6179652414088864,1.5804151538985964,1.6179652414088865,-0.3820347585911136
Slow forcing,-1.7333333333333343,0.6212000815135855,1.5835704443771947,1.6212000815135856,-0.3787999184864145
Slow forcing,-1.68888888888889,0.6244398600808193,1.5867319714886792,1.6244398600808192,-0.3755601399191807
Slow forcing,-1.6444444444444457,0.6276844601476735,1.5898996305759665,1.6276844601476737,-0.37231553985232646
Slow forcing,-1.6000000000000014,0.6309337640213366,1.593073316094141,1.6309337640213366,-0.3690662359786634
Slow forcing,-1.5555555555555571,0.6341876532953233,1.596252921622711,1.6341876532953235,-0.36581234670467666
Slow forcing,-1.5111111111111128,0.6374460088659274,1.5994383398781027,1.6374460088659273,-0.3625539911340726
Slow forcing,-1.4666666666666686,0.6407087109488948,1.6026294627264324,1.640708710948895,-0.3592912890511052
Slow forcing,-1.4222222222222243,0.6439756390963144,1.6058261811965042,1.6439756390963143,-0.3560243609036856
Slow forcing,-1.3777777777777729,0.6472466722137228,1.6090283854930811,1.647246672213723,-0.3527533277862772
Slow forcing,-1.3333333333333286,0.6505216885774133,1.6122359650103817,1.6505216885774132,-0.3494783114225867
Slow forcing,-1.2888888888888843,0.6538005658519531,1.6154488083458347,1.6538005658519532,-0.3461994341480469
Slow forcing,-1.24444444444444,0.6570831811078935,1.6186668033140676,1.6570831811078937,-0.34291681889210646
Slow forcing,-1.1999999999999957,0.6603694108396735,1.6218898369611296,1.6603694108396736,-0.3396305891603265
Slow forcing,-1.1555555555555515,0.6636591309837112,1.6251177955789582,1.6636591309837112,-0.3363408690162888
Slow forcing,-1.1111111111111072,0.6669522169366764,1.628350564720061,1.6669522169366764,-0.3330477830633236
Slow forcing,-1.0666666666666629,0.6702485435739386,1.6315880292124434,1.6702485435739387,-0.3297514564260614
Slow forcing,-1.0222222222222186,0.6735479852681867,1.634830073174741,1.6735479852681867,-0.3264520147318133
Slow forcing,-0.9777777777777743,0.676850415908211,1.638076580031587,1.676850415908211,-0.32314958409178896
Slow forcing,-0.93333333333333,0.6801557089178467,1.6413274325291853,1.6801557089178467,-0.3198442910821533
Slow forcing,-0.8888888888888857,0.6834637372750674,1.644582512751101,1.6834637372750674,-0.3165362627249326
Slow forcing,-0.8444444444444414,0.6867743735312284,1.6478417021342575,1.6867743735312284,-0.3132256264687716
Slow forcing,-0.7999999999999972,0.6900874898304479,1.6511048814851352,1.6900874898304479,-0.3099125101695521
Slow forcing,-0.7555555555555529,0.6934029579291244,1.6543719309961773,1.6934029579291243,-0.30659704207087557
Slow forcing,-0.7111111111111086,0.6967206492155829,1.6576427302623769,1.6967206492155829,-0.30327935078441715
Slow forcing,-0.6666666666666643,0.7000404347298403,1.6609171582980735,1.7000404347298403,-0.29995956527015966
Slow forcing,-0.62222222222222,0.7033621851834908,1.664195093553917,1.7033621851834908,-0.2966378148165092
Slow forcing,-0.5777777777777757,0.7066857709796959,1.6674764139340286,1.7066857709796959,-0.29331422902030413
Slow forcing,-0.5333333333333314,0.7100110622332796,1.67076099681333,1.7100110622332796,-0.2899889377667204
Slow forcing,-0.48888888888888715,0.7133379287909202,1.6740487190550464,1.7133379287909203,-0.2866620712090798
Slow forcing,-0.44444444444444287,0.7166662402514293,1.6773394570283797,1.7166662402514294,-0.28333375974857067
Slow forcing,-0.3999999999999986,0.7199958659861153,1.6806330866263388,1.7199958659861152,-0.2800041340138847
Slow forcing,-0.3555555555555543,0.7233266751592219,1.6839294832837335,1.723326675159222,-0.2766733248407781
Slow forcing,-0.31111111111111,0.7266585367484372,1.6872285219953118,1.7266585367484373,-0.27334146325156283
Slow forcing,-0.2666666666666657,0.7299913195654631,1.6905300773340541,1.729991319565463,-0.27000868043453685
Slow forcing,-0.22222222222222143,0.7333248922766428,1.6938340234695985,1.7333248922766429,-0.26667510772335723
Slow forcing,-0.17777777777777715,0.7366591234236346,1.6971402341868105,1.7366591234236346,-0.2633408765763654
Slow forcing,-0.13333333333333286,0.7399938814441294,1.7004485829044766,1.7399938814441294,-0.26000611855587064
Slow forcing,-0.08888888888888857,0.7433290346926023,1.7037589426941278,1.7433290346926023,-0.25667096530739775
Slow forcing,-0.04444444444444429,0.7466644514610917,1.7070711862989782,1.7466644514610916,-0.2533355485389083
Slow forcing,0.0,0.7500000000000001,1.710385186152979,1.75,-0.2499999999999999
Slow forcing,0.04444444444444429,0.7533355485389083,1.713700814399982,1.7533355485389084,-0.24666445146109173
Slow forcing,0.08888888888888857,0.7566709653073976,1.7170179429129981,1.7566709653073977,-0.24332903469260236
Slow forcing,0.13333333333333286,0.7600061185558706,1.720336443313562,1.7600061185558706,-0.23999388144412936
Slow forcing,0.17777777777777715,0.7633408765763655,1.7236561869911764,1.7633408765763656,-0.2366591234236345
Slow forcing,0.22222222222222143,0.7666751077233573,1.7269770451228486,1.7666751077233573,-0.23332489227664266
Slow forcing,0.2666666666666657,0.7700086804345367,1.7302988886926984,1.7700086804345367,-0.22999131956546326
Slow forcing,0.31111111111111,0.7733414632515628,1.7336215885116422,1.7733414632515627,-0.22665853674843717
Slow forcing,0.3555555555555543,0.7766733248407781,1.7369450152371406,1.776673324840778,-0.2233266751592219
Slow forcing,0.3999999999999986,0.7800041340138848,1.7402690393930054,1.7800041340138848,-0.2199958659861152
Slow forcing,0.44444444444444287,0.7833337597485708,1.7435935313892612,1.7833337597485708,-0.21666624025142922
Slow forcing,0.48888888888888715,0.7866620712090798,1.7469183615420505,1.7866620712090797,-0.21333792879092017
Slow forcing,0.5333333333333314,0.7899889377667203,1.7502434000935843,1.7899889377667204,-0.2100110622332797
Slow forcing,0.5777777777777828,0.7933142290203048,1.7535685172321216,1.7933142290203048,-0.2066857709796952
Slow forcing,0.6222222222222271,0.7966378148165095,1.7568935831119794,1.7966378148165094,-0.20336218518349047
Slow forcing,0.6666666666666714,0.7999595652701602,1.7602184678735655,1.7999595652701603,-0.2000404347298398
Slow forcing,0.7111111111111157,0.8032793507844176,1.763543041663424,1.8032793507844176,-0.1967206492155824
Slow forcing,0.75555555555556,0.806597042070876,1.7668671746542877,1.8065970420708761,-0.193402957929124
Slow forcing,0.8000000000000043,0.8099125101695527,1.7701907370651386,1.8099125101695526,-0.19008748983044732
Slow forcing,0.8444444444444485,0.8132256264687723,1.7735135991812572,1.8132256264687723,-0.18677437353122772
Slow forcing,0.8888888888888928,0.8165362627249332,1.7768356313742657,1.816536262724933,-0.18346373727506682
Slow forcing,0.9333333333333371,0.8198442910821538,1.7801567041221509,1.8198442910821537,-0.18015570891784616
Slow forcing,0.9777777777777814,0.8231495840917895,1.7834766880292676,1.8231495840917895,-0.1768504159082105
Slow forcing,1.0222222222222257,0.8264520147318137,1.7867954538463051,1.8264520147318137,-0.17354798526818627
Slow forcing,1.06666666666667,0.8297514564260619,1.7901128724902244,1.8297514564260617,-0.17024854357393815
Slow forcing,1.1111111111111143,0.8330477830633243,1.793428815064148,1.8330477830633243,-0.16695221693667572
Slow forcing,1.1555555555555586,0.8363408690162893,1.7967431528771993,1.8363408690162895,-0.16365913098371065
Slow forcing,1.2000000000000028,0.8396305891603271,1.800055757464291,1.839630589160327,-0.16036941083967293
Slow forcing,1.2444444444444471,0.8429168188921069,1.803366500605846,1.8429168188921068,-0.1570831811078931
Slow forcing,1.2888888888888914,0.8461994341480473,1.8066752543474522,1.8461994341480472,-0.15380056585195268
Slow forcing,1.3333333333333357,0.8494783114225873,1.8099818910194432,1.8494783114225872,-0.15052168857741266
Slow forcing,1.37777777777778,0.8527533277862779,1.8132862832563954,1.852753327786278,-0.14724667221372212
Slow forcing,1.4222222222222243,0.8560243609036856,1.8165883040165385,1.8560243609036857,-0.1439756390963144
Slow forcing,1.4666666666666686,0.8592912890511052,1.8198878266010736,1.859291289051105,-0.1407087109488948
Slow forcing,1.5111111111111128,0.8625539911340726,1.8231847246733905,1.8625539911340727,-0.1374460088659274
Slow forcing,1.5555555555555571,0.8658123467046767,1.8264788722781764,1.8658123467046765,-0.13418765329532334
Slow forcing,1.6000000000000014,0.8690662359786634,1.8297701438604188,1.8690662359786634,-0.1309337640213366
Slow forcing,1.6444444444444457,0.8723155398523265,1.8330584142842805,1.8723155398523263,-0.12768446014767354
Slow forcing,1.68888888888889,0.8755601399191807,1.8363435588518637,1.8755601399191808,-0.12443986008081931
Slow forcing,1.7333333333333343,0.8787999184864144,1.8396254533218295,1.8787999184864144,-0.12120008151358563
Slow forcing,1.7777777777777786,0.8820347585911136,1.8429039739278938,1.8820347585911135,-0.11796524140888642
Slow forcing,1.8222222222222229,0.8852645440162562,1.8461789973971723,1.8852645440162563,-0.1147354559837438
Slow forcing,1.8666666666666671,0.8884891593064703,1.8494504009683848,1.8884891593064703,-0.11151084069352968
Slow forcing,1.9111111111111114,0.8917084897835537,1.8527180624099029,1.8917084897835537,-0.10829151021644634
Slow forcing,1.9555555555555557,0.8949224215617478,1.8559818600376383,1.894922421561748,-0.10507757843825216
Slow forcing,2.0,0.8981308415627663,1.8592416727327714,1.8981308415627662,-0.10186915843723365
Slow forcing,2.0444444444444443,0.9013336375305716,1.8624973799593034,1.9013336375305716,-0.09866636246942839
Slow forcing,2.0888888888888886,0.9045306980458955,1.865748861781443,1.9045306980458956,-0.09546930195410452
Slow forcing,2.133333333333333,0.907721912540502,1.8689959988807991,1.907721912540502,-0.09227808745949795
Slow forcing,2.177777777777777,0.9109071713111883,1.8722386725734066,1.9109071713111883,-0.08909282868881174
Slow forcing,2.2222222222222214,0.9140863655335199,1.8754767648265438,1.9140863655335199,-0.08591363446648015
Slow forcing,2.2666666666666657,0.9172593872752981,1.8787101582753651,1.917259387275298,-0.0827406127247019
Slow forcing,2.31111111111111,0.9204261295097556,1.881938736239332,1.9204261295097556,-0.07957387049024445
Slow forcing,2.3555555555555543,0.9235864861284773,1.8851623827384343,1.9235864861284773,-0.07641351387152273
Slow forcing,2.3999999999999986,0.9267403519540465,1.88838098250921,1.9267403519540465,-0.07325964804595353
Slow forcing,2.444444444444443,0.9298876227524072,1.891594421020538,1.9298876227524073,-0.07011237724759278
Slow forcing,2.488888888888887,0.9330281952449505,1.8948025844892318,1.9330281952449506,-0.06697180475504949
Slow forcing,2.5333333333333314,0.9361619671203102,1.8980053598953852,1.9361619671203103,-0.06383803287968981
Slow forcing,2.577777777777783,0.9392888370458776,1.901202634997516,1.9392888370458776,-0.06071116295412238
Slow forcing,2.622222222222227,0.9424087046790223,1.9043942983474547,1.9424087046790222,-0.05759129532097773
Slow forcing,2.6666666666666714,0.945521470678029,1.9075802393050172,1.945521470678029,-0.05447852932197095
Slow forcing,2.7111111111111157,0.9486270367127373,1.9107603480524278,1.9486270367127374,-0.05137296328726271
Slow forcing,2.75555555555556,0.9517253054748888,1.9139345156084975,1.9517253054748886,-0.04827469452511124
Slow forcing,2.8000000000000043,0.9548161806881806,1.917102633842565,1.9548161806881805,-0.04518381931181936
Slow forcing,2.8444444444444485,0.9578995671180206,1.9202645954881725,1.9578995671180206,-0.0421004328819794
Slow forcing,2.888888888888893,0.960975370580986,1.923420294156509,1.960975370580986,-0.03902462941901397
Slow forcing,2.933333333333337,0.9640434979539831,1.926569624349568,1.9640434979539831,-0.03595650204601686
Slow forcing,2.9777777777777814,0.9671038571831071,1.9297124814730766,1.967103857183107,-0.032896142816892904
Slow forcing,3.0222222222222257,0.9701563572922007,1.9328487618491337,1.9701563572922007,-0.029843642707799267
Slow forcing,3.06666666666667,0.9732009083911141,1.9359783627285985,1.9732009083911142,-0.02679909160888594
Slow forcing,3.1111111111111143,0.9762374216836605,1.9391011823032054,1.9762374216836605,-0.023762578316339544
Slow forcing,3.1555555555555586,0.9792658094752718,1.9422171197174023,1.9792658094752718,-0.020734190524728247
Slow forcing,3.200000000000003,0.9822859851803505,1.9453260750799266,1.9822859851803505,-0.017714014819649515
Slow forcing,3.244444444444447,0.9852978633293216,1.948427949475086,1.9852978633293215,-0.014702136670678434
Slow forcing,3.2888888888888914,0.9883013595753785,1.9515226449737857,1.9883013595753785,-0.011698640424621543
Slow forcing,3.3333333333333357,0.9912963907009311,1.9546100646442435,1.9912963907009311,-0.008703609299068882
Slow forcing,3.37777777777778,0.9942828746237494,1.9576901125624544,1.9942828746237495,-0.005717125376250576
Slow forcing,3.4222222222222243,0.9972607304028053,1.9607626938223433,1.9972607304028052,-0.0027392695971947267
Slow forcing,3.4666666666666686,1.0002298782438162,1.9638277145456464,2.0002298782438164,0.00022987824381615063
Slow forcing,3.511111111111113,1.0031902395044852,1.966885081891501,2.003190239504485,0.0031902395044851595
Slow forcing,3.555555555555557,1.0061417366994445,1.9699347040657391,2.0061417366994445,0.006141736699444511
Slow forcing,3.6000000000000014,1.009084293504898,1.9729764903299056,2.0090842935048983,0.009084293504898033
Slow forcing,3.6444444444444457,1.0120178347629691,1.9760103510099598,2.012017834762969,0.012017834762969137
Slow forcing,3.68888888888889,1.014942286485748,1.979036197504715,2.014942286485748,0.014942286485748024
Slow forcing,3.7333333333333343,1.017857575859049,1.9820539422939485,2.0178575758590487,0.017857575859048902
Slow forcing,3.7777777777777786,1.0207636312458688,1.9850634989462523,2.0207636312458686,0.020763631245868774
Slow forcing,3.822222222222223,1.0236603821895576,1.9880647821265571,2.023660382189558,0.02366038218955757
Slow forcing,3.866666666666667,1.0265477594166947,1.9910577076033813,2.0265477594166947,0.02654775941669474
Slow forcing,3.9111111111111114,1.0294256948396783,1.9940421922557738,2.029425694839678,0.029425694839678274
Slow forcing,3.9555555555555557,1.0322941215590271,1.997018154079959,2.032294121559027,0.03229412155902711
Slow forcing,4.0,1.0351529738653957,1.9999855121956946,2.0351529738653955,0.03515297386539573
Slow forcing,4.044444444444444,1.038002187241309,2.0029441868523143,2.038002187241309,0.03800218724130899
Slow forcing,4.088888888888889,1.0408416983626105,2.005894099434501,2.0408416983626108,0.040841698362610535
Slow forcing,4.133333333333333,1.043671445099639,2.0088351724677276,2.0436714450996387,0.04367144509963894
Slow forcing,4.177777777777777,1.0464913665181204,2.0117673296234413,2.0464913665181204,0.04649136651812036
Slow forcing,4.222222222222221,1.0493014028797918,2.0146904957239133,2.0493014028797916,0.04930140287979179
Slow forcing,4.266666666666666,1.0521014956427492,2.0176045967468266,2.0521014956427495,0.05210149564274924
Slow forcing,4.31111111111111,1.0548915874615274,2.020509559829548,2.0548915874615274,0.05489158746152745
Slow forcing,4.355555555555554,1.0576716221869138,2.0234053132731127,2.0576716221869136,0.057671622186913796
Slow forcing,4.399999999999999,1.060441544865497,2.0262917865459227,2.0604415448654967,0.06044154486549691
Slow forcing,4.444444444444443,1.063201301738954,2.0291689102871375,2.063201301738954,0.06320130173895411
Slow forcing,4.488888888888887,1.0659508402430808,2.0320366163098034,2.065950840243081,0.06595084024308084
Slow forcing,4.5333333333333385,1.0686901090065652,2.0348948376036535,2.0686901090065652,0.06869010900656525
Slow forcing,4.577777777777783,1.071419057849508,2.0377435083376643,2.071419057849508,0.07141905784950797
Slow forcing,4.622222222222227,1.0741376377816956,2.0405825638622868,2.0741376377816954,0.07413763778169558
Slow forcing,4.666666666666671,1.076845801000626,2.0434119407114246,2.0768458010006263,0.0768458010006261
Slow forcing,4.711111111111116,1.0795435008892917,2.046231576604112,2.079543500889292,0.07954350088929174
Slow forcing,4.75555555555556,1.0822306920137204,2.049041410445911,2.08223069201372,0.08223069201372035
Slow forcing,4.800000000000004,1.0849073301202852,2.051841382330045,2.084907330120285,0.08490733012028517
Slow forcing,4.8444444444444485,1.0875733721327747,2.0546314335382325,2.0875733721327747,0.08757337213277472
Slow forcing,4.888888888888893,1.0902287761492402,2.0574115065412775,2.09022877614924,0.09022877614924019
Slow forcing,4.933333333333337,1.0928735014386106,2.0601815449993515,2.0928735014386106,0.09287350143861062
Slow forcing,4.977777777777781,1.0955075084370889,2.062941493762041,2.095507508437089,0.09550750843708888
Slow forcing,5.022222222222226,1.0981307587443292,2.0656912988680984,2.098130758744329,0.0981307587443292
Slow forcing,5.06666666666667,1.1007432151193968,2.068430907544949,2.1007432151193965,0.10074321511939677
Slow forcing,5.111111111111114,1.1033448414765161,2.071160268207929,2.103344841476516,0.10334484147651612
Slow forcing,5.1555555555555586,1.1059356028806158,2.0738793304592558,2.1059356028806158,0.10593560288061576
Slow forcing,5.200000000000003,1.1085154655426617,2.0765880450867615,2.108515465542662,0.10851546554266167
Slow forcing,5.244444444444447,1.1110843968147943,2.079286364062344,2.1110843968147943,0.11108439681479432
Slow forcing,5.288888888888891,1.1136423651852707,2.0819742405402075,2.113642365185271,0.11364236518527071
Slow forcing,5.333333333333336,1.1161893402732093,2.084651628854806,2.116189340273209,0.11618934027320926
Slow forcing,5.37777777777778,1.1187252928231484,2.087318484518593,2.1187252928231484,0.11872529282314837
Slow forcing,5.422222222222224,1.12125019469942,2.0899747642194897,2.12125019469942,0.12125019469942
Slow forcing,5.466666666666669,1.1237640188803397,2.0926204258181342,2.1237640188803395,0.12376401888033972
Slow forcing,5.511111111111113,1.1262667394522243,2.095255428344898,2.126266739452224,0.12626673945222433
Slow forcing,5.555555555555557,1.1287583316032295,2.097879731996658,2.1287583316032297,0.12875833160322947
Slow forcing,5.600000000000001,1.1312387716170236,2.1004932981333555,2.1312387716170234,0.13123877161702358
Slow forcing,5.644444444444446,1.1337080368662933,2.1030960892743127,2.1337080368662935,0.1337080368662933
Slow forcing,5.68888888888889,1.1361661058060892,2.1056880690943567,2.1361661058060895,0.13616610580608923
Slow forcing,5.733333333333334,1.1386129579670128,2.108269202419687,2.1386129579670126,0.13861295796701278
Slow forcing,5.777777777777779,1.1410485739482499,2.1108394552235694,2.14104857394825,0.14104857394824988
Slow forcing,5.822222222222223,1.1434729354104565,2.1133987946217867,2.1434729354104567,0.14347293541045647
Slow forcing,5.866666666666667,1.1458860250684977,2.115947188867905,2.1458860250684975,0.14588602506849768
Slow forcing,5.911111111111111,1.148287826684043,2.1184846073483308,2.148287826684043,0.14828782668404306
Slow forcing,5.955555555555556,1.1506783250580295,2.1210110205771575,2.1506783250580295,0.15067832505802947
Slow forcing,6.0,1.153057506022987,2.123526400190845,2.153057506022987,0.15305750602298707
Slow forcing,6.044444444444444,1.1554253564352348,2.1260307189426677,2.155425356435235,0.1554253564352348
Slow forcing,6.088888888888889,1.157781864166954,2.128523950697026,2.157781864166954,0.15778186416695394
Slow forcing,6.133333333333333,1.1601270180981362,2.1310060704235174,2.1601270180981365,0.16012701809813623
Slow forcing,6.177777777777777,1.1624608081084165,2.1334770541908843,2.1624608081084165,0.16246080810841645
Slow forcing,6.222222222222221,1.1647832250687928,2.135936879160739,2.164783225068793,0.16478322506879284
Slow forcing,6.266666666666666,1.1670942608332329,2.138385523581149,2.167094260833233,0.16709426083323287
Slow forcing,6.31111111111111,1.1693939082301776,2.140822966780045,2.1693939082301776,0.16939390823017764
Slow forcing,6.355555555555554,1.1716821610539427,2.1432491891584524,2.1716821610539427,0.17168216105394274
Slow forcing,6.399999999999999,1.173959014056021,2.1456641721835936,2.173959014056021,0.173959014056021
Slow forcing,6.444444444444443,1.1762244629362888,2.1480678983817953,2.176224462936289,0.1762244629362888
Slow forcing,6.488888888888887,1.1784785043341268,2.150460351331291,2.1784785043341266,0.17847850433412682
Slow forcing,6.5333333333333385,1.1807211358194494,2.1528415156548233,2.180721135819449,0.18072113581944937
Slow forcing,6.577777777777783,1.182952355883652,2.1552113770121593,2.182952355883652,0.1829523558836521
Slow forcing,6.622222222222227,1.185172163930482,2.1575699220924176,2.185172163930482,0.18517216393048197
Slow forcing,6.666666666666671,1.1873805602668308,2.159917138606292,2.187380560266831,0.1873805602668308
Slow forcing,6.711111111111116,1.1895775460934557,2.1622530152781327,2.1895775460934557,0.18957754609345567
Slow forcing,6.75555555555556,1.191763123495633,2.164577541837896,2.191763123495633,0.19176312349563296
Slow forcing,6.800000000000004,1.193937295433748,2.1668907090129874,2.1939372954337477,0.19393729543374794
Slow forcing,6.8444444444444485,1.1961000657338208,2.1691925085199606,2.1961000657338205,0.19610006573382077
Slow forcing,6.888888888888893,1.1982514390779782,2.171482933056136,2.1982514390779784,0.19825143907797815
Slow forcing,6.933333333333337,1.2003914209948703,2.1737619762910647,2.2003914209948703,0.20039142099487028
Slow forcing,6.977777777777781,1.2025200178500346,2.176029632857936,2.2025200178500346,0.2025200178500346
Slow forcing,7.022222222222226,1.2046372368362175,2.1782858983448357,2.2046372368362173,0.20463723683621748
Slow forcing,7.06666666666667,1.2067430859636468,2.180530769285936,2.2067430859636468,0.20674308596364677
Slow forcing,7.111111111111114,1.2088375740502693,2.182764243152579,2.2088375740502695,0.20883757405026926
Slow forcing,7.1555555555555586,1.2109207107119462,2.184986318344267,2.210920710711946,0.21092071071194618
Slow forcing,7.200000000000003,1.2129925063526195,2.187196994179577,2.2129925063526192,0.21299250635261946
Slow forcing,7.244444444444447,1.2150529721544445,2.189396270886972,2.2150529721544445,0.21505297215444452
Slow forcing,7.288888888888891,1.2171021200678969,2.191584149595565,2.2171021200678966,0.21710212006789686
Slow forcing,7.333333333333336,1.2191399628018535,2.193760632325763,2.2191399628018535,0.21913996280185355
Slow forcing,7.37777777777778,1.221166513813656,2.19592572197989,2.221166513813656,0.22116651381365604
Slow forcing,7.422222222222224,1.223181787299152,2.1980794223326945,2.223181787299152,0.22318178729915195
Slow forcing,7.466666666666669,1.2251857981827239,2.200221738021828,2.225185798182724,0.22518579818272388
Slow forcing,7.511111111111113,1.2271785621073046,2.2023526745382456,2.2271785621073046,0.22717856210730458
Slow forcing,7.555555555555557,1.2291600954243858,2.204472238216548,2.229160095424386,0.22916009542438576
Slow forcing,7.600000000000001,1.2311304151840168,2.206580436225288,2.231130415184017,0.23113041518401678
Slow forcing,7.644444444444446,1.2330895391248018,2.208677276557195,2.233089539124802,0.2330895391248018
Slow forcing,7.68888888888889,1.2350374856638986,2.210762768019401,2.2350374856638986,0.2350374856638986
Slow forcing,7.733333333333334,1.2369742738870138,2.212836920223564,2.2369742738870135,0.23697427388701375
Slow forcing,7.777777777777779,1.2388999235384093,2.2148997435760127,2.2388999235384093,0.23889992353840928
Slow forcing,7.822222222222223,1.240814455010909,2.21695124926781,2.2408144550109093,0.24081445501090903
Slow forcing,7.866666666666667,1.2427178893359236,2.218991449264803,2.242717889335924,0.24271788933592364
Slow forcing,7.911111111111111,1.244610248173479,2.22102035629765,2.244610248173479,0.2446102481734791
Slow forcing,7.955555555555556,1.2464915538022672,2.223037983851799,2.246491553802267,0.24649155380226717
Slow forcing,8.0,1.2483618291097098,2.225044346157476,2.24836182910971,0.24836182910970983
Slow forcing,8.044444444444444,1.2502210975820423,2.2270394581796142,2.2502210975820423,0.25022109758204225
Slow forcing,8.088888888888889,1.2520693832944223,2.229023335607815,2.2520693832944225,0.2520693832944223
Slow forcing,8.133333333333333,1.2539067109010593,2.2309959948462366,2.2539067109010595,0.2539067109010593
Slow forcing,8.177777777777777,1.2557331056253718,2.23295745300354,2.2557331056253718,0.25573310562537177
Slow forcing,8.222222222222221,1.2575485932501742,2.234907727882766,2.257548593250174,0.2575485932501742
Slow forcing,8.266666666666666,1.2593532001078942,2.2368468379712474,2.259353200107894,0.2593532001078942
Slow forcing,8.31111111111111,1.2611469530708215,2.238774802430507,2.2611469530708215,0.2611469530708215
Slow forcing,8.355555555555554,1.262929879541393,2.240691641086151,2.2629298795413932,0.262929879541393
Slow forcing,8.399999999999999,1.2647020074425153,2.2425973744177847,2.2647020074425153,0.26470200744251526
Slow forcing,8.444444444444443,1.2664633652079234,2.2444920235489056,2.2664633652079234,0.26646336520792335
Slow forcing,8.488888888888894,1.2682139817725844,2.2463756102368517,2.2682139817725844,0.2682139817725844
Slow forcing,8.533333333333339,1.269953886563138,2.2482481568627017,2.2699538865631377,0.2699538865631379
Slow forcing,8.577777777777783,1.2716831094883876,2.250109686421257,2.2716831094883876,0.2716831094883876
Slow forcing,8.622222222222227,1.2734016809298325,2.251960222510984,2.2734016809298323,0.2734016809298325
Slow forcing,8.666666666666671,1.2751096317322503,2.2537997893240083,2.27510963173225,0.27510963173225034
Slow forcing,8.711111111111116,1.2768069931943289,2.255628411636128,2.276806993194329,0.2768069931943289
Slow forcing,8.75555555555556,1.2784937970593464,2.257446114796836,2.2784937970593466,0.2784937970593464
Slow forcing,8.800000000000004,1.2801700755059071,2.2592529247193953,2.2801700755059073,0.2801700755059071
Slow forcing,8.844444444444449,1.2818358611387313,2.2610488678709086,2.281835861138731,0.28183586113873127
Slow forcing,8.888888888888893,1.2834911869794967,2.2628339712624683,2.2834911869794965,0.2834911869794967
Slow forcing,8.933333333333337,1.285136086457741,2.264608262439282,2.285136086457741,0.285136086457741
Slow forcing,8.977777777777781,1.2867705934018203,2.2663717694708883,2.2867705934018203,0.2867705934018203
Slow forcing,9.022222222222226,1.2883947420299275,2.2681245209413703,2.2883947420299275,0.28839474202992754
Slow forcing,9.06666666666667,1.2900085669411725,2.2698665459396334,2.2900085669411725,0.2900085669411725
Slow forcing,9.111111111111114,1.2916121031067214,2.271597874049717,2.291612103106721,0.29161210310672137
Slow forcing,9.155555555555559,1.2932053858610035,2.2733185353411423,2.2932053858610035,0.29320538586100353
Slow forcing,9.200000000000003,1.294788450892978,2.2750285603593263,2.2947884508929777,0.2947884508929779
Slow forcing,9.244444444444447,1.2963613342374682,2.2767279801160125,2.296361334237468,0.29636133423746824
Slow forcing,9.288888888888891,1.2979240722665628,2.2784168260797935,2.2979240722665626,0.2979240722665628
Slow forcing,9.333333333333336,1.2994767016810838,2.280095130166632,2.2994767016810838,0.29947670168108376
Slow forcing,9.37777777777778,1.3010192595021206,2.281762924730489,2.3010192595021204,0.3010192595021206
Slow forcing,9.422222222222224,1.3025517830626387,2.2834202425539614,2.302551783062639,0.30255178306263875
Slow forcing,9.466666666666669,1.304074309999152,2.2850671168390004,2.304074309999152,0.3040743099991521
Slow forcing,9.511111111111113,1.305586878243473,2.2867035811976844,2.305586878243473,0.30558687824347297
Slow forcing,9.555555555555557,1.3070895260145274,2.288329669643036,2.3070895260145274,0.30708952601452744
Slow forcing,9.600000000000001,1.3085822918102477,2.2899454165799265,2.3085822918102474,0.30858229181024766
Slow forcing,9.644444444444446,1.3100652143995373,2.291550856796004,2.310065214399537,0.31006521439953727
Slow forcing,9.68888888888889,1.311538332814308,2.29314602545273,2.311538332814308,0.311538332814308
Slow forcing,9.733333333333334,1.3130016863415919,2.2947309580764323,2.313001686341592,0.31300168634159187
Slow forcing,9.777777777777779,1.3144553145157323,2.2963056905494694,2.3144553145157323,0.3144553145157323
Slow forcing,9.822222222222223,1.315899257110645,2.2978702591014173,2.3158992571106447,0.3158992571106449
Slow forcing,9.866666666666667,1.3173335541321578,2.299424700300361,2.3173335541321576,0.3173335541321578
Slow forcing,9.911111111111111,1.3187582458104312,2.300969051044234,2.3187582458104314,0.3187582458104312
Slow forcing,9.955555555555556,1.3201733725924485,2.302503348552226,2.3201733725924485,0.3201733725924485
Slow forcing,10.0,1.32157897513459,2.3040276303562823,2.32157897513459,0.3215789751345901
Slow forcing,10.044444444444444,1.3229750942952827,2.3055419342926378,2.3229750942952827,0.3229750942952827
Slow forcing,10.088888888888889,1.3243617711277276,2.307046298493476,2.3243617711277276,0.32436177112772757
Slow forcing,10.133333333333333,1.3257390468727086,2.308540761378596,2.325739046872709,0.3257390468727086
Slow forcing,10.177777777777777,1.3271069629514773,2.3100253616472233,2.3271069629514773,0.32710696295147734
Slow forcing,10.222222222222221,1.3284655609587213,2.3115001382698344,2.3284655609587213,0.32846556095872126
Slow forcing,10.266666666666666,1.3298148826556058,2.3129651304800976,2.3298148826556058,0.32981488265560577
Slow forcing,10.31111111111111,1.3311549699629024,2.3144203777668744,2.3311549699629026,0.3311549699629024
Slow forcing,10.355555555555554,1.3324858649541913,2.3158659198662908,2.332485864954191,0.3324858649541913
Slow forcing,10.399999999999999,1.333807609849149,2.3173017967539122,2.333807609849149,0.3338076098491489
Slow forcing,10.444444444444443,1.3351202470069126,2.318728048636956,2.3351202470069126,0.33512024700691256
Slow forcing,10.488888888888894,1.336423818919526,2.320144715946635,2.336423818919526,0.3364238189195261
Slow forcing,10.533333333333339,1.337718368205466,2.321551839330517,2.337718368205466,0.3377183682054661
Slow forcing,10.577777777777783,1.3390039376032499,2.3229494596450326,2.33900393760325,0.33900393760324987
Slow forcing,10.622222222222227,1.3402805699651217,2.3243376179480046,2.3402805699651217,0.3402805699651217
Slow forcing,10.666666666666671,1.3415483082508215,2.3257163554912905,2.3415483082508217,0.3415483082508215
Slow forcing,10.711111111111116,1.3428071955214327,2.3270857137134984,2.3428071955214325,0.3428071955214327
Slow forcing,10.75555555555556,1.3440572749333108,2.328445734232777,2.344057274933311,0.34405727493331084
Slow forcing,10.800000000000004,1.345298589732092,2.3297964588397035,2.345298589732092,0.34529858973209193
Slow forcing,10.844444444444449,1.3465311832467841,2.331137929490224,2.346531183246784,0.3465311832467841
Slow forcing,10.888888888888893,1.3477550988839335,2.332470188298721,2.3477550988839333,0.3477550988839335
Slow forcing,10.933333333333337,1.3489703801218764,2.3337932775311048,2.3489703801218766,0.3489703801218764
Slow forcing,10.977777777777781,1.3501770705050669,2.335107239598049,2.350177070505067,0.35017707050506686
Slow forcing,11.022222222222226,1.3513752136384851,2.3364121170482552,2.351375213638485,0.3513752136384851
Slow forcing,11.06666666666667,1.3525648531821264,2.3377079525618334,2.3525648531821264,0.3525648531821264
Slow forcing,11.111111111111114,1.3537460328455677,2.338994788943755,2.3537460328455677,0.3537460328455677
Slow forcing,11.155555555555559,1.354918796382614,2.340272669117378,2.3549187963826137,0.3549187963826139
Slow forcing,11.200000000000003,1.3560831875860218,2.341541636118082,2.3560831875860218,0.35608318758602175
Slow forcing,11.244444444444447,1.3572392502823043,2.342801733086944,2.357239250282304,0.3572392502823043
Slow forcing,11.288888888888891,1.3583870283266108,2.3440530032645497,2.358387028326611,0.35838702832661085
Slow forcing,11.333333333333336,1.3595265655976851,2.34529548998483,2.359526565597685,0.35952656559768514
Slow forcing,11.37777777777778,1.3606579059929051,2.346529236669034,2.3606579059929054,0.36065790599290515
Slow forcing,11.422222222222224,1.361781093423391,2.3477542868197383,2.361781093423391,0.36178109342339093
Slow forcing,11.466666666666669,1.3628961718091994,2.3489706840149713,2.3628961718091994,0.3628961718091994
Slow forcing,11.511111111111113,1.3640031850745884,2.350178471902405,2.3640031850745884,0.3640031850745884
Slow forcing,11.555555555555557,1.3651021771433587,2.3513776941936237,2.365102177143359,0.3651021771433587
Slow forcing,11.600000000000001,1.3661931919342734,2.352568394658494,2.3661931919342734,0.36619319193427335
Slow forcing,11.644444444444446,1.367276273356549,2.3537506171195854,2.3672762733565493,0.3672762733565491
Slow forcing,11.68888888888889,1.3683514653054245,2.354924405446714,2.3683514653054245,0.3683514653054245
Slow forcing,11.733333333333334,1.3694188116578017,2.3560898035515168,2.369418811657802,0.36941881165780166
Slow forcing,11.777777777777779,1.370478356267962,2.3572468553821566,2.370478356267962,0.3704783562679621
Slow forcing,11.822222222222223,1.3715301429633548,2.358395604918068,2.371530142963355,0.37153014296335485
Slow forcing,11.866666666666667,1.3725742155404588,2.359536096164803,2.3725742155404586,0.3725742155404588
Slow forcing,11.911111111111111,1.3736106177607161,2.360668373148958,2.373610617760716,0.37361061776071613
Slow forcing,11.955555555555556,1.3746393933465395,2.3617924799131624,2.3746393933465395,0.3746393933465395
Slow forcing,12.0,1.3756605859773872,2.3629084605111736,2.3756605859773874,0.37566058597738716
Slow forcing,12.044444444444444,1.3766742392859117,2.3640163590030134,2.3766742392859115,0.3766742392859117
Slow forcing,12.088888888888889,1.3776803968541804,2.3651162194502313,2.3776803968541804,0.3776803968541804
Slow forcing,12.133333333333333,1.3786791022099596,2.36620808591119,2.3786791022099596,0.3786791022099596
Slow forcing,12.177777777777777,1.3796703988230752,2.3672920024364803,2.379670398823075,0.3796703988230752
Slow forcing,12.222222222222221,1.3806543301018364,2.3683680130643725,2.3806543301018364,0.38065433010183636
Slow forcing,12.266666666666666,1.3816309393895305,2.3694361618163677,2.3816309393895305,0.3816309393895305
Slow forcing,12.31111111111111,1.382600269960985,2.3704964926928183,2.382600269960985,0.38260026996098495
Slow forcing,12.355555555555554,1.3835623650191946,2.3715490496686176,2.383562365019195,0.3835623650191946
Slow forcing,12.399999999999999,1.3845172676920177,2.3725938766889807,2.3845172676920177,0.38451726769201766
Slow forcing,12.44444444444445,1.3854650210289359,2.3736310176652724,2.385465021028936,0.3854650210289359
Slow forcing,12.488888888888894,1.3864056679978811,2.3746605164709496,2.386405667997881,0.3864056679978811
Slow forcing,12.533333333333339,1.3873392514821232,2.375682416937526,2.387339251482123,0.3873392514821232
Slow forcing,12.577777777777783,1.3882658142772295,2.376696762850664,2.3882658142772293,0.3882658142772295
Slow forcing,12.622222222222227,1.3891853990880783,2.3777035979462897,2.3891853990880785,0.38918539908807825
Slow forcing,12.666666666666671,1.3900980485259407,2.3787029659068146,2.3900980485259407,0.39009804852594065
Slow forcing,12.711111111111116,1.3910038051056255,2.3796949103574137,2.3910038051056253,0.3910038051056255
Slow forcing,12.75555555555556,1.3919027112426814,2.3806794748623696,2.3919027112426816,0.3919027112426814
Slow forcing,12.800000000000004,1.3927948092506637,2.381656702921505,2.3927948092506637,0.3927948092506637
Slow forcing,12.844444444444449,1.3936801413384607,2.3826266379666565,2.3936801413384607,0.39368014133846074
Slow forcing,12.888888888888893,1.3945587496076777,2.3835893233582564,2.3945587496076777,0.3945587496076777
Slow forcing,12.933333333333337,1.3954306760500832,2.3845448023819302,2.395430676050083,0.3954306760500832
Slow forcing,12.977777777777781,1.3962959625451112,2.385493118245223,2.3962959625451115,0.39629596254511124
Slow forcing,13.022222222222226,1.3971546508574229,2.3864343140743376,2.3971546508574226,0.39715465085742285
Slow forcing,13.06666666666667,1.398006782634525,2.3873684329109737,2.398006782634525,0.39800678263452505
Slow forcing,13.111111111111114,1.398852399404444,2.3882955177092215,2.398852399404444,0.39885239940444395
Slow forcing,13.155555555555559,1.3996915425734568,2.389215611332514,2.399691542573457,0.39969154257345685
Slow forcing,13.200000000000003,1.4005242534238787,2.3901287565506633,2.4005242534238787,0.40052425342387865
Slow forcing,13.244444444444447,1.4013505731119011,2.39103499603693,2.401350573111901,0.40135057311190114
Slow forcing,13.288888888888891,1.4021705426654894,2.3919343723651987,2.4021705426654894,0.40217054266548935
Slow forcing,13.333333333333336,1.4029842029823294,2.3928269280071617,2.4029842029823296,0.4029842029823294
Slow forcing,13.37777777777778,1.4037915948278292,2.393712705329625,2.4037915948278292,0.4037915948278292
Slow forcing,13.422222222222224,1.4045927588331726,2.3945917465918205,2.4045927588331724,0.4045927588331726
Slow forcing,13.466666666666669,1.4053877354934223,2.395464093942816,2.4053877354934223,0.40538773549342233
Slow forcing,13.511111111111113,1.4061765651656781,2.396329789418973,2.406176565165678,0.4061765651656781
Slow forcing,13.555555555555557,1.4069592880672803,2.3971888749414547,2.4069592880672803,0.4069592880672803
Slow forcing,13.600000000000001,1.4077359442740667,2.398041392313813,2.4077359442740667,0.4077359442740667
Slow forcing,13.644444444444446,1.4085065737186764,2.3988873832196065,2.408506573718676,0.4085065737186764
Slow forcing,13.68888888888889,1.4092712161889027,2.399726889220114,2.4092712161889027,0.4092712161889027
Slow forcing,13.733333333333334,1.4100299113260946,2.4005599517520553,2.4100299113260943,0.41002991132609456
Slow forcing,13.777777777777779,1.4107826986236023,2.401386612125419,2.4107826986236023,0.4107826986236023
Slow forcing,13.822222222222223,1.4115296174252734,2.402206911521306,2.4115296174252734,0.4115296174252734
Slow forcing,13.866666666666667,1.4122707069239928,2.4030208909898487,2.4122707069239926,0.4122707069239928
Slow forcing,13.911111111111111,1.413006006160267,2.403828591448181,2.413006006160267,0.41300600616026695
Slow forcing,13.955555555555556,1.4137355540208538,2.4046300536784524,2.413735554020854,0.4137355540208538
Slow forcing,14.0,1.414459389237438,2.405425318325913,2.4144593892374377,0.41445938923743797
Slow forcing,14.044444444444444,1.415177550385346,2.4062144258970246,2.415177550385346,0.4151775503853461
Slow forcing,14.088888888888889,1.4158900758823099,2.406997416757658,2.41589007588231,0.41589007588230986
Slow forcing,14.133333333333333,1.416597003987265,2.4077743311313,2.416597003987265,0.41659700398726507
Slow forcing,14.177777777777777,1.4172983727991972,2.408545209097352,2.4172983727991975,0.41729837279919724
Slow forcing,14.222222222222221,1.417994220256027,2.4093100905894405,2.417994220256027,0.41799422025602695
Slow forcing,14.266666666666666,1.4186845841335336,2.4100690153938062,2.4186845841335334,0.4186845841335336
Slow forcing,14.31111111111111,1.4193695020443222,2.410822023147726,2.419369502044322,0.4193695020443222
Slow forcing,14.355555555555554,1.4200490114368263,2.4115691533379793,2.4200490114368263,0.42004901143682627
Slow forcing,14.399999999999999,1.420723149594351,2.41231044529938,2.420723149594351,0.4207231495943511
Slow forcing,14.44444444444445,1.4213919536341555,2.4130459382133256,2.4213919536341555,0.4213919536341555
Slow forcing,14.488888888888894,1.4220554605065687,2.413775671106427,2.4220554605065687,0.4220554605065687
Slow forcing,14.533333333333339,1.422713706994148,2.414499682849148,2.422713706994148,0.422713706994148
Slow forcing,14.577777777777783,1.4233667297108679,2.4152180121545204,2.423366729710868,0.42336672971086786
Slow forcing,14.622222222222227,1.424014565101349,2.415930697576876,2.424014565101349,0.42401456510134894
Slow forcing,14.666666666666671,1.4246572494401197,2.416637777510643,2.42465724944012,0.42465724944011973
Slow forcing,14.711111111111116,1.425294818830915,2.4173392901891733,2.425294818830915,0.4252948188309149
Slow forcing,14.75555555555556,1.425927309206005,2.4180352736836093,2.425927309206005,0.42592730920600497
Slow forcing,14.800000000000004,1.4265547563255632,2.4187257659018075,2.4265547563255634,0.42655475632556317
Slow forcing,14.844444444444449,1.4271771957770614,2.4194108045872778,2.4271771957770616,0.42717719577706137
Slow forcing,14.888888888888893,1.4277946629747018,2.420090427318195,2.427794662974702,0.4277946629747018
Slow forcing,14.933333333333337,1.4284071931588775,2.420764671506411,2.4284071931588773,0.42840719315887754
Slow forcing,14.977777777777781,1.4290148213956682,2.4214335743965476,2.4290148213956684,0.42901482139566816
Slow forcing,15.022222222222226,1.4296175825763622,2.4220971730650915,2.429617582576362,0.4296175825763622
Slow forcing,15.06666666666667,1.430215511417013,2.4227555044195466,2.430215511417013,0.430215511417013
Slow forcing,15.111111111111114,1.4308086424580224,2.423408605197622,2.4308086424580226,0.4308086424580224
Slow forcing,15.155555555555559,1.4313970100637554,2.4240565119664454,2.4313970100637556,0.4313970100637554
Slow forcing,15.200000000000003,1.4319806484221826,2.4246992611218303,2.431980648422183,0.43198064842218264
Slow forcing,15.244444444444447,1.43255959154455,2.4253368888875553,2.4325595915445497,0.4325595915445499
Slow forcing,15.288888888888891,1.4331338732650787,2.4259694313147055,2.4331338732650787,0.4331338732650787
Slow forcing,15.333333333333336,1.4337035272406906,2.4265969242810193,2.4337035272406906,0.4337035272406906
Slow forcing,15.37777777777778,1.4342685869507612,2.4272194034902954,2.434268586950761,0.4342685869507612
Slow forcing,15.422222222222224,1.434829085696898,2.42783690447181,2.434829085696898,0.43482908569689793
Slow forcing,15.466666666666669,1.4353850566027462,2.4284494625797834,2.435385056602746,0.4353850566027462
Slow forcing,15.511111111111113,1.4359365326138178,2.429057112992872,2.435936532613818,0.4359365326138178
Slow forcing,15.555555555555557,1.4364835464973478,2.4296598907136846,2.4364835464973478,0.4364835464973478
Slow forcing,15.600000000000001,1.437026130842173,2.4302578305683475,2.437026130842173,0.437026130842173
Slow forcing,15.644444444444446,1.4375643180586357,2.430850967206074,2.4375643180586355,0.4375643180586357
Slow forcing,15.68888888888889,1.4380981403785107,2.4314393350987977,2.4380981403785107,0.4380981403785107
Slow forcing,15.733333333333334,1.4386276298549547,2.4320229685407946,2.4386276298549547,0.43862762985495474
Slow forcing,15.777777777777779,1.4391528183624802,2.4326019016483755,2.43915281836248,0.4391528183624802
Slow forcing,15.822222222222223,1.4396737375969484,2.4331761683595716,2.4396737375969484,0.4396737375969484
Slow forcing,15.866666666666667,1.4401904190755868,2.4337458024338683,2.440190419075587,0.44019041907558676
Slow forcing,15.911111111111111,1.4407028941370277,2.4343108374519606,2.4407028941370275,0.4407028941370277
Slow forcing,15.955555555555556,1.4412111939413648,2.4348713068155328,2.4412111939413648,0.44121119394136477
Slow forcing,16.0,1.4417153494702346,2.4354272437470694,2.4417153494702344,0.4417153494702346
Slow forcing,16.044444444444444,1.442215391526913,2.4359786812896838,2.442215391526913,0.4422153915269129
Slow forcing,16.08888888888889,1.4427113507364366,2.4365256523069854,2.4427113507364364,0.44271135073643664
Slow forcing,16.133333333333333,1.4432032575457387,2.437068189482954,2.443203257545739,0.44320325754573875
Slow forcing,16.177777777777777,1.4436911422238072,2.437606325321856,2.4436911422238072,0.44369114222380723
Slow forcing,16.22222222222222,1.4441750348618587,2.4381400921481697,2.4441750348618587,0.4441750348618587
Slow forcing,16.266666666666666,1.444654965373533,2.4386695221065446,2.444654965373533,0.444654965373533
Slow forcing,16.31111111111111,1.4451309634951026,2.4391946471617794,2.4451309634951026,0.4451309634951026
Slow forcing,16.355555555555554,1.4456030587857023,2.439715499098817,2.4456030587857023,0.4456030587857023
Slow forcing,16.400000000000006,1.4460712806275724,2.4402321095227766,2.4460712806275726,0.4460712806275724
Slow forcing,16.44444444444445,1.4465356582263216,2.440744509858985,2.4465356582263214,0.4465356582263216
Slow forcing,16.488888888888894,1.4469962206112033,2.441252731353056,2.4469962206112035,0.44699622061120325
Slow forcing,16.53333333333334,1.4474529966354108,2.4417568050709626,2.447452996635411,0.4474529966354108
Slow forcing,16.577777777777783,1.4479060149763838,2.4422567618991544,2.447906014976384,0.4479060149763838
Slow forcing,16.622222222222227,1.4483553041361343,2.442752632544675,2.4483553041361343,0.44835530413613434
Slow forcing,16.66666666666667,1.448800892441584,2.4432444475353114,2.448800892441584,0.44880089244158405
Slow forcing,16.711111111111116,1.4492428080449173,2.443732237219758,2.449242808044917,0.44924280804491734
Slow forcing,16.75555555555556,1.4496810789239492,2.4442160317677963,2.449681078923949,0.44968107892394915
Slow forcing,16.800000000000004,1.4501157328825038,2.444695861170503,2.450115732882504,0.45011573288250384
Slow forcing,16.84444444444445,1.4505467975508113,2.4451717552404575,2.4505467975508113,0.4505467975508113
Slow forcing,16.888888888888893,1.4509743003859128,2.4456437436119915,2.450974300385913,0.4509743003859128
Slow forcing,16.933333333333337,1.4513982686720808,2.4461118557414308,2.4513982686720808,0.45139826867208077
Slow forcing,16.97777777777778,1.4518187295212515,2.4465761209073724,2.4518187295212517,0.45181872952125146
Slow forcing,17.022222222222226,1.452235709873469,2.447036568210966,2.4522357098734693,0.45223570987346906
Slow forcing,17.06666666666667,1.4526492364973418,2.44749322657622,2.452649236497342,0.4526492364973418
Slow forcing,17.111111111111114,1.4530593359905086,2.4479461247503176,2.453059335990509,0.4530593359905086
Slow forcing,17.15555555555556,1.4534660347801203,2.4483952913039455,2.4534660347801203,0.45346603478012026
Slow forcing,17.200000000000003,1.4538693591233258,2.448840754631651,2.453869359123326,0.4538693591233258
Slow forcing,17.244444444444447,1.454269335107775,2.449282542952191,2.454269335107775,0.4542693351077749
Slow forcing,17.28888888888889,1.454665988652129,2.449720684308922,2.454665988652129,0.4546659886521289
Slow forcing,17.333333333333336,1.4550593455065788,2.4501552065701784,2.455059345506579,0.4550593455065788
Slow forcing,17.37777777777778,1.4554494312533781,2.4505861374296845,2.455449431253378,0.4554494312533781
Slow forcing,17.422222222222224,1.4558362713073811,2.4510135044069634,2.455836271307381,0.45583627130738114
Slow forcing,17.46666666666667,1.4562198909165933,2.4514373348477725,2.4562198909165933,0.4562198909165933
Slow forcing,17.511111111111113,1.456600315162728,2.4518576559245426,2.456600315162728,0.45660031516272803
Slow forcing,17.555555555555557,1.4569775689617734,2.4522744946368307,2.4569775689617734,0.45697756896177344
Slow forcing,17.6,1.4573516770645687,2.4526878778117895,2.457351677064569,0.4573516770645687
Slow forcing,17.644444444444446,1.4577226640573853,2.4530978321046364,2.4577226640573855,0.45772266405738526
Slow forcing,17.68888888888889,1.4580905543625209,2.4535043839991553,2.4580905543625207,0.4580905543625209
Slow forcing,17.733333333333334,1.4584553722388953,2.4539075598081794,2.4584553722388955,0.4584553722388953
Slow forcing,17.77777777777778,1.4588171417826594,2.454307385674118,2.458817141782659,0.4588171417826594
Slow forcing,17.822222222222223,1.459175886927807,2.454703887569463,2.459175886927807,0.4591758869278071
Slow forcing,17.866666666666667,1.4595316314467965,2.4550970912973273,2.4595316314467963,0.45953163144679654
Slow forcing,17.91111111111111,1.4598843989511774,2.4554870224919836,2.4598843989511776,0.4598843989511774
Slow forcing,17.955555555555556,1.4602342128922248,2.45587370661941,2.4602342128922245,0.46023421289222477
Slow forcing,18.0,1.460581096561579,2.4562571689778565,2.460581096561579,0.4605810965615791
Slow forcing,18.044444444444444,1.4609250730918926,2.4566374346984,2.4609250730918926,0.46092507309189257
Slow forcing,18.08888888888889,1.461266165457481,2.457014528745539,2.461266165457481,0.461266165457481
Slow forcing,18.133333333333333,1.4616043964749819,2.4573884759177593,2.461604396474982,0.46160439647498186
Slow forcing,18.177777777777777,1.4619397888040178,2.457759300848143,2.4619397888040178,0.46193978880401776
Slow forcing,18.22222222222222,1.4622723649478644,2.4581270280049585,2.4622723649478644,0.4622723649478644
Slow forcing,18.266666666666666,1.4626021472541246,2.458491681692275,2.462602147254125,0.46260214725412463
Slow forcing,18.31111111111111,1.4629291579154067,2.458853286050578,2.462929157915407,0.4629291579154067
Slow forcing,18.355555555555554,1.4632534189700062,2.4592118650573873,2.463253418970006,0.46325341897000616
Slow forcing,18.400000000000006,1.4635749523025954,2.4595674425278973,2.4635749523025954,0.4635749523025954
Slow forcing,18.44444444444445,1.4638937796449152,2.4599200421156024,2.4638937796449154,0.4638937796449152
Slow forcing,18.488888888888894,1.4642099225764686,2.4602696873129517,2.464209922576469,0.46420992257646865
Slow forcing,18.53333333333334,1.4645234025252232,2.460616401451988,2.464523402525223,0.4645234025252232
Slow forcing,18.577777777777783,1.4648342407683141,2.4609602077050132,2.4648342407683144,0.46483424076831414
Slow forcing,18.622222222222227,1.4651424584327495,2.4613011290852422,2.4651424584327497,0.4651424584327495
Slow forcing,18.66666666666667,1.4654480764961244,2.4616391884474753,2.4654480764961244,0.4654480764961244
Slow forcing,18.711111111111116,1.4657511157873313,2.4619744084887696,2.4657511157873313,0.4657511157873313
Slow forcing,18.75555555555556,1.4660515969872794,2.462306811749114,2.4660515969872794,0.4660515969872794
Slow forcing,18.800000000000004,1.4663495406296134,2.462636420612118,2.466349540629613,0.4663495406296134
Slow forcing,18.84444444444445,1.4666449671014365,2.4629632573056894,2.4666449671014368,0.46664496710143655
Slow forcing,18.888888888888893,1.4669378966440356,2.463287343902742,2.4669378966440356,0.4669378966440356
Slow forcing,18.933333333333337,1.4672283493536085,2.4636087023218747,2.4672283493536087,0.46722834935360846
Slow forcing,18.97777777777778,1.4675163451819946,2.4639273543280873,2.467516345181995,0.4675163451819946
Slow forcing,19.022222222222226,1.4678019039374062,2.4642433215334756,2.4678019039374064,0.46780190393740617
Slow forcing,19.06666666666667,1.4680850452851641,2.4645566253979454,2.4680850452851644,0.46808504528516415
Slow forcing,19.111111111111114,1.4683657887484323,2.4648672872299247,2.4683657887484323,0.46836578874843227
Slow forcing,19.15555555555556,1.4686441537089563,2.4651753281870756,2.468644153708956,0.4686441537089563
Slow forcing,19.200000000000003,1.4689201594078025,2.4654807692770206,2.4689201594078023,0.4689201594078025
Slow forcing,19.244444444444447,1.4691938249460983,2.465783631358058,2.4691938249460983,0.4691938249460983
Slow forcing,19.28888888888889,1.4694651692857765,2.4660839351398938,2.4694651692857765,0.46946516928577653
Slow forcing,19.333333333333336,1.4697342112503156,2.466381701184366,2.469734211250316,0.46973421125031556
Slow forcing,19.37777777777778,1.4700009695254865,2.4666769499061787,2.4700009695254863,0.47000096952548653
Slow forcing,19.422222222222224,1.4702654626600986,2.4669697015736314,2.4702654626600986,0.4702654626600986
Slow forcing,19.46666666666667,1.4705277090667428,2.4672599763093603,2.470527709066743,0.4705277090667428
Slow forcing,19.511111111111113,1.4707877270225425,2.4675477940910753,2.4707877270225422,0.47078772702254246
Slow forcing,19.555555555555557,1.4710455346698983,2.467833174752297,2.4710455346698983,0.4710455346698983
Slow forcing,19.6,1.4713011500172384,2.468116137983104,2.471301150017238,0.4713011500172384
Slow forcing,19.644444444444446,1.4715545909397654,2.468396703330871,2.4715545909397654,0.4715545909397654
Slow forcing,19.68888888888889,1.4718058751802061,2.4686748902010245,2.4718058751802063,0.4718058751802061
Slow forcing,19.733333333333334,1.4720550203495606,2.468950717857777,2.4720550203495604,0.4720550203495606
Slow forcing,19.77777777777778,1.4723020439278516,2.469224205424888,2.4723020439278516,0.4723020439278516
Slow forcing,19.822222222222223,1.4725469632648722,2.469495371886407,2.472546963264872,0.4725469632648722
Slow forcing,19.866666666666667,1.4727897955809368,2.4697642360874266,2.472789795580937,0.4727897955809368
Slow forcing,19.91111111111111,1.4730305579676288,2.4700308167348353,2.473030557967629,0.47303055796762883
Slow forcing,19.955555555555556,1.4732692673885486,2.4702951323980686,2.473269267388549,0.4732692673885486
Slow forcing,20.0,1.4735059406800632,2.470557201509866,2.473505940680063,0.47350594068006324
Slow forcing,20.044444444444444,1.4737405945520534,2.4708170423670217,2.473740594552053,0.4737405945520534
Slow forcing,20.08888888888889,1.4739732455886585,2.4710746731311453,2.4739732455886587,0.4739732455886585
Slow forcing,20.133333333333333,1.4742039102490263,2.4713301118294084,2.4742039102490265,0.4742039102490263
Slow forcing,20.177777777777777,1.4744326048680572,2.4715833763553117,2.474432604868057,0.47443260486805716
Slow forcing,20.22222222222222,1.474659345657147,2.471834484469431,2.4746593456571473,0.47465934565714707
Slow forcing,20.266666666666666,1.4748841487049342,2.47208345380018,2.474884148704934,0.47488414870493423
Slow forcing,20.31111111111111,1.4751070299780409,2.472330301844563,2.475107029978041,0.4751070299780409
Slow forcing,20.35555555555556,1.4753280053218143,2.4725750459689317,2.4753280053218143,0.4753280053218143
Slow forcing,20.400000000000006,1.475547090461069,2.4728177034097416,2.475547090461069,0.475547090461069
Slow forcing,20.44444444444445,1.4757643010008252,2.4730582912743078,2.475764301000825,0.47576430100082523
Slow forcing,20.488888888888894,1.4759796524270472,2.4732968265415596,2.475979652427047,0.4759796524270472
Slow forcing,20.53333333333334,1.4761931601073806,2.4735333260627943,2.4761931601073806,0.47619316010738055
Slow forcing,20.577777777777783,1.4764048392918874,2.4737678065624342,2.476404839291887,0.47640483929188737
Slow forcing,20.622222222222227,1.4766147051137808,2.474000284638777,2.476614705113781,0.4766147051137808
Slow forcing,20.66666666666667,1.4768227725901555,2.474230776764751,2.4768227725901557,0.4768227725901555
Slow forcing,20.711111111111116,1.4770290566227209,2.474459299288666,2.4770290566227207,0.4770290566227209
Slow forcing,20.75555555555556,1.4772335719985297,2.474685868434962,2.4772335719985294,0.47723357199852967
Slow forcing,20.800000000000004,1.477436333390704,2.474910500304966,2.477436333390704,0.4774363333907039
Slow forcing,20.84444444444445,1.477637355359162,2.475133210877631,2.477637355359162,0.47763735535916196
Slow forcing,20.888888888888893,1.4778366523513424,2.4753540160102956,2.4778366523513427,0.47783665235134243
Slow forcing,20.933333333333337,1.4780342387029246,2.475572931439419,2.4780342387029246,0.4780342387029246
Slow forcing,20.97777777777778,1.4782301286385502,2.4757899727813357,2.4782301286385504,0.4782301286385502
Slow forcing,21.022222222222226,1.47842433627254,2.4760051555329943,2.47842433627254,0.47842433627254
Slow forcing,21.06666666666667,1.4786168756096107,2.4762184950727018,2.4786168756096107,0.47861687560961075
Slow forcing,21.111111111111114,1.478807760545588,2.476430006660865,2.478807760545588,0.47880776054558805
Slow forcing,21.15555555555556,1.4789970048681187,2.4766397054407285,2.478997004868119,0.4789970048681187
Slow forcing,21.200000000000003,1.4791846222573795,2.476847606439115,2.4791846222573795,0.47918462225737946
Slow forcing,21.244444444444447,1.4793706262867858,2.477053724567159,2.479370626286786,0.47937062628678584
Slow forcing,21.28888888888889,1.4795550304236942,2.4772580746210444,2.479555030423694,0.4795550304236942
Slow forcing,21.333333333333336,1.4797378480301078,2.4774606712827323,2.4797378480301075,0.47973784803010777
Slow forcing,21.37777777777778,1.4799190923633745,2.477661529120699,2.4799190923633745,0.4799190923633745
Slow forcing,21.422222222222224,1.4800987765768854,2.4778606625906585,2.4800987765768854,0.4800987765768854
Slow forcing,21.46666666666667,1.4802769137207714,2.478058086036292,2.4802769137207714,0.4802769137207714
Slow forcing,21.511111111111113,1.480453516742594,2.4782538136899754,2.4804535167425943,0.48045351674259407
Slow forcing,21.555555555555557,1.4806285984880376,2.4784478596734965,2.4806285984880376,0.48062859848803763
Slow forcing,21.6,1.4808021717015964,2.4786402379987815,2.4808021717015967,0.48080217170159645
Slow forcing,21.644444444444446,1.4809742490272606,2.4788309625686074,2.480974249027261,0.4809742490272606
Slow forcing,21.68888888888889,1.4811448430091971,2.479020047177329,2.481144843009197,0.48114484300919713
Slow forcing,21.733333333333334,1.4813139660924326,2.479207505511578,2.481313966092433,0.4813139660924326
Slow forcing,21.77777777777778,1.4814816306235286,2.479393351150991,2.4814816306235286,0.48148163062352856
Slow forcing,21.822222222222223,1.4816478488512566,2.4795775975689054,2.4816478488512566,0.48164784885125655
Slow forcing,21.866666666666667,1.4818126329272705,2.4797602581330755,2.4818126329272703,0.4818126329272705
Slow forcing,21.91111111111111,1.481975994906776,2.4799413461063726,2.481975994906776,0.4819759949067759
Slow forcing,21.955555555555556,1.482137946749195,2.4801208746474894,2.4821379467491953,0.4821379467491951
Slow forcing,22.0,1.4822985003188334,2.4802988568116393,2.4822985003188336,0.48229850031883337
Slow forcing,22.044444444444444,1.4824576673855365,2.4804753055512516,2.4824576673855363,0.4824576673855365
Slow forcing,22.08888888888889,1.4826154596253511,2.4806502337166707,2.482615459625351,0.48261545962535113
Slow forcing,22.133333333333333,1.4827718886211787,2.480823654056841,2.482771888621179,0.4827718886211787
Slow forcing,22.177777777777777,1.4829269658634276,2.480995579220006,2.4829269658634274,0.48292696586342765
Slow forcing,22.22222222222222,1.4830807027506627,2.481166021754385,2.4830807027506627,0.4830807027506627
Slow forcing,22.266666666666666,1.4832331105902519,2.481334994108864,2.483233110590252,0.48323311059025187
Slow forcing,22.31111111111111,1.4833842005990077,2.4815025086336755,2.4833842005990077,0.48338420059900766
Slow forcing,22.35555555555556,1.4835339839038297,2.481668577581073,2.48353398390383,0.48353398390382973
Slow forcing,22.400000000000006,1.4836824715423411,2.4818332131060132,2.483682471542341,0.4836824715423411
Slow forcing,22.44444444444445,1.4838296744635222,2.4819964272668233,2.4838296744635224,0.4838296744635222
Slow forcing,22.488888888888894,1.483975603528343,2.4821582320258746,2.483975603528343,0.4839756035283429
Slow forcing,22.53333333333334,1.4841202695103897,2.482318639250247,2.48412026951039,0.48412026951038967
Slow forcing,22.577777777777783,1.4842636830964928,2.4824776607123984,2.4842636830964926,0.4842636830964928
Slow forcing,22.622222222222227,1.4844058548873453,2.4826353080908174,2.4844058548873456,0.48440585488734533
Slow forcing,22.66666666666667,1.484546795398125,2.48279159297069,2.484546795398125,0.48454679539812506
Slow forcing,22.711111111111116,1.484686515059109,2.4829465268445525,2.484686515059109,0.4846865150591091
Slow forcing,22.75555555555556,1.484825024216287,2.483100121112941,2.484825024216287,0.48482502421628704
Slow forcing,22.800000000000004,1.48496233313197,2.4832523870850456,2.48496233313197,0.4849623331319699
Slow forcing,22.84444444444445,1.485098451985398,2.483403335979352,2.4850984519853982,0.485098451985398
Slow forcing,22.888888888888893,1.4852333908733433,2.483552978924292,2.4852333908733435,0.4852333908733433
Slow forcing,22.933333333333337,1.48536715981071,2.483701326958874,2.48536715981071,0.4853671598107101
Slow forcing,22.97777777777778,1.4854997687311329,2.483848391033332,2.485499768731133,0.4854997687311329
Slow forcing,23.022222222222226,1.4856312274875692,2.4839941820097495,2.485631227487569,0.48563122748756915
Slow forcing,23.06666666666667,1.4857615458528903,2.4841387106626964,2.48576154585289,0.48576154585289033
Slow forcing,23.111111111111114,1.4858907335204714,2.484281987679857,2.4858907335204714,0.4858907335204714
Slow forcing,23.15555555555556,1.4860188001047718,2.4844240236626534,2.486018800104772,0.48601880010477183
Slow forcing,23.200000000000003,1.486145755141921,2.4845648291268674,2.486145755141921,0.48614575514192104
Slow forcing,23.244444444444447,1.4862716080902927,2.4847044145032577,2.4862716080902927,0.4862716080902927
Slow forcing,23.28888888888889,1.486396368331082,2.484842790138182,2.486396368331082,0.4863963683310819
Slow forcing,23.333333333333336,1.4865200451688771,2.4849799662942003,2.486520045168877,0.48652004516887715
Slow forcing,23.37777777777778,1.4866426478322274,2.485115953150692,2.4866426478322277,0.48664264783222744
Slow forcing,23.422222222222224,1.4867641854742082,2.4852507608044565,2.4867641854742084,0.4867641854742082
Slow forcing,23.46666666666667,1.486884667172984,2.4853843992703193,2.4868846671729843,0.48688466717298406
Slow forcing,23.511111111111113,1.487004101932367,2.48551687848173,2.487004101932367,0.487004101932367
Slow forcing,23.555555555555557,1.4871224986823728,2.4856482082913605,2.487122498682373,0.4871224986823728
Slow forcing,23.6,1.4872398662797723,2.485778398471696,2.487239866279772,0.48723986627977234
Slow forcing,23.644444444444446,1.4873562135086433,2.4859074587156256,2.4873562135086433,0.48735621350864333
Slow forcing,23.68888888888889,1.4874715490809134,2.486035398637032,2.4874715490809134,0.4874715490809134
Slow forcing,23.733333333333334,1.487585881636906,2.4861622277713713,2.487585881636906,0.4875858816369061
Slow forcing,23.77777777777778,1.487699219745878,2.486287955576256,2.487699219745878,0.48769921974587804
Slow forcing,23.822222222222223,1.4878115719065568,2.4864125914320296,2.4878115719065566,0.4878115719065568
Slow forcing,23.866666666666667,1.4879229465476749,2.486536144642344,2.487922946547675,0.4879229465476749
Slow forcing,23.91111111111111,1.488033352028499,2.4866586244347273,2.488033352028499,0.48803335202849896
Slow forcing,23.955555555555556,1.4881427966393561,2.486780039961153,2.488142796639356,0.4881427966393561
Slow forcing,24.0,1.4882512886021597,2.486900400298604,2.48825128860216,0.4882512886021597
Slow forcing,24.04444444444445,1.4883588360709283,2.48701971444963,2.4883588360709283,0.48835883607092834
Slow forcing,24.08888888888889,1.488465447132304,2.487137991342914,2.488465447132304,0.488465447132304
Slow forcing,24.13333333333334,1.4885711298060664,2.4872552398338157,2.4885711298060667,0.48857112980606643
Slow forcing,24.177777777777777,1.4886758920456438,2.4873714687049318,2.4886758920456438,0.48867589204564377
Slow forcing,24.22222222222223,1.4887797417386206,2.487486686666641,2.488779741738621,0.4887797417386206
Slow forcing,24.266666666666666,1.4888826867072436,2.487600902357647,2.4888826867072433,0.48888268670724355
Slow forcing,24.311111111111117,1.4889847347089216,2.4877141243455214,2.4889847347089216,0.48898473470892156
Slow forcing,24.355555555555554,1.4890858934367266,2.4878263611272433,2.4890858934367266,0.4890858934367266
Slow forcing,24.400000000000006,1.4891861705198857,2.487937621129734,2.4891861705198854,0.48918617051988567
Slow forcing,24.444444444444443,1.4892855735242765,2.4880479127103867,2.4892855735242767,0.4892855735242765
Slow forcing,24.488888888888894,1.4893841099529137,2.488157244157599,2.4893841099529137,0.4893841099529137
Slow forcing,24.53333333333333,1.4894817872464385,2.488265623691293,2.4894817872464383,0.48948178724643854
Slow forcing,24.577777777777783,1.4895786127835968,2.4883730594634454,2.489578612783597,0.4895786127835968
Slow forcing,24.62222222222222,1.4896745938817233,2.4884795595585976,2.4896745938817233,0.4896745938817233
Slow forcing,24.66666666666667,1.4897697377972157,2.488585131994379,2.4897697377972157,0.48976973779721567
Slow forcing,24.71111111111111,1.4898640517260089,2.488689784722016,2.489864051726009,0.4898640517260089
Slow forcing,24.75555555555556,1.489957542804046,2.4887935256268423,2.4899575428040457,0.4899575428040459
Slow forcing,24.799999999999997,1.490050218107745,2.488896362528805,2.4900502181077453,0.4900502181077451
Slow forcing,24.84444444444445,1.4901420846544648,2.4889983031829677,2.490142084654465,0.49014208465446485
Slow forcing,24.888888888888886,1.4902331494029635,2.4890993552800107,2.4902331494029637,0.4902331494029635
Slow forcing,24.933333333333337,1.4903234192538601,2.489199526446727,2.49032341925386,0.49032341925386014
Slow forcing,24.977777777777774,1.4904129010500877,2.4892988242465184,2.490412901050088,0.4904129010500877
Slow forcing,25.022222222222226,1.4905016015773465,2.4893972561798825,2.4905016015773462,0.49050160157734646
Slow forcing,25.066666666666663,1.4905895275645527,2.489494829684902,2.490589527564553,0.49058952756455265
Slow forcing,25.111111111111114,1.490676685684285,2.489591552137731,2.490676685684285,0.490676685684285
Slow forcing,25.15555555555555,1.4907630825532279,2.4896874308530696,2.4907630825532276,0.49076308255322787
Slow forcing,25.200000000000003,1.4908487247326119,2.4897824730846496,2.490848724732612,0.4908487247326119
Slow forcing,25.24444444444444,1.490933618728651,2.4898766860257036,2.490933618728651,0.49093361872865104
Slow forcing,25.28888888888889,1.4910177709929766,2.4899700768094406,2.4910177709929764,0.4910177709929766
Slow forcing,25.333333333333343,1.4911011879230684,2.490062652509511,2.4911011879230687,0.49110118792306845
Slow forcing,25.37777777777778,1.4911838758626852,2.4901544201404757,2.491183875862685,0.4911838758626852
Slow forcing,25.42222222222223,1.4912658411022874,2.490245386658266,2.4912658411022877,0.49126584110228744
Slow forcing,25.46666666666667,1.4913470898794619,2.490335558960645,2.491347089879462,0.49134708987946185
Slow forcing,25.51111111111112,1.4914276283793402,2.4904249438876627,2.4914276283793404,0.4914276283793402
Slow forcing,25.555555555555557,1.4915074627350169,2.490513548222109,2.491507462735017,0.4915074627350169
Slow forcing,25.60000000000001,1.4915865990279622,2.4906013786899663,2.491586599027962,0.4915865990279622
Slow forcing,25.644444444444446,1.491665043288433,2.4906884419608524,2.491665043288433,0.4916650432884331
Slow forcing,25.688888888888897,1.4917428014958836,2.49077474464847,2.4917428014958833,0.49174280149588356
Slow forcing,25.733333333333334,1.4918198795793667,2.490860293311045,2.4918198795793667,0.4918198795793667
Slow forcing,25.777777777777786,1.49189628341794,2.4909450944517646,2.49189628341794,0.4918962834179399
Slow forcing,25.822222222222223,1.491972018841063,2.4910291545192136,2.491972018841063,0.491972018841063
Slow forcing,25.866666666666674,1.4920470916289967,2.491112479907807,2.4920470916289967,0.49204709162899674
Slow forcing,25.91111111111111,1.4921215075131955,2.491195076958218,2.4921215075131955,0.4921215075131955
Slow forcing,25.955555555555563,1.492195272176699,2.4912769519578046,2.4921952721766987,0.4921952721766989
Slow forcing,26.0,1.4922683912545212,2.4913581111410354,2.4922683912545214,0.49226839125452115
Slow forcing,26.04444444444445,1.492340870334036,2.491438560689908,2.492340870334036,0.49234087033403595
Slow forcing,26.08888888888889,1.49241271495536,2.491518306734366,2.49241271495536,0.4924127149553601
Slow forcing,26.13333333333334,1.4924839306117335,2.491597355352715,2.4924839306117335,0.49248393061173346
Slow forcing,26.177777777777777,1.4925545227498977,2.4916757125720363,2.4925545227498977,0.49255452274989775
Slow forcing,26.22222222222223,1.4926244967704692,2.4917533843685917,2.4926244967704694,0.49262449677046916
Slow forcing,26.266666666666666,1.4926938580283136,2.4918303766682333,2.4926938580283133,0.49269385802831356
Slow forcing,26.311111111111117,1.4927626118329125,2.4919066953468048,2.4927626118329123,0.4927626118329125
Slow forcing,26.355555555555554,1.4928307634487339,2.4919823462305426,2.492830763448734,0.4928307634487339
Slow forcing,26.400000000000006,1.492898318095594,2.4920573350964745,2.4928983180955937,0.4928983180955939
Slow forcing,26.444444444444443,1.4929652809490186,2.4921316676728114,2.4929652809490186,0.4929652809490186
Slow forcing,26.488888888888894,1.4930316571406037,2.4922053496393435,2.4930316571406035,0.4930316571406037
Slow forcing,26.53333333333333,1.4930974517583713,2.4922783866278255,2.4930974517583713,0.4930974517583713
Slow forcing,26.577777777777783,1.4931626698471214,2.4923507842223662,2.4931626698471216,0.4931626698471214
Slow forcing,26.62222222222222,1.4932273164087866,2.4924225479598117,2.4932273164087864,0.4932273164087866
Slow forcing,26.66666666666667,1.4932913964027774,2.492493683330124,2.4932913964027774,0.4932913964027774
Slow forcing,26.71111111111111,1.4933549147463303,2.492564195776762,2.4933549147463303,0.4933549147463303
Slow forcing,26.75555555555556,1.493417876314851,2.492634090697055,2.493417876314851,0.4934178763148509
Slow forcing,26.799999999999997,1.493480285942254,2.492703373442578,2.493480285942254,0.493480285942254
Slow forcing,26.84444444444445,1.4935421484213034,2.4927720493195187,2.4935421484213034,0.4935421484213034
Slow forcing,26.888888888888886,1.4936034685039465,2.4928401235890476,2.4936034685039465,0.49360346850394654
Slow forcing,26.933333333333337,1.4936642509016491,2.4929076014676816,2.493664250901649,0.4936642509016491
Slow forcing,26.977777777777774,1.4937245002857265,2.492974488127647,2.4937245002857265,0.49372450028572645
Slow forcing,27.022222222222226,1.4937842212876695,2.493040788697235,2.4937842212876697,0.4937842212876695
Slow forcing,27.066666666666663,1.4938434184994736,2.4931065082611665,2.4938434184994733,0.49384341849947355
Slow forcing,27.111111111111114,1.4939020964739613,2.493171651860939,2.4939020964739615,0.4939020964739613
Slow forcing,27.15555555555555,1.4939602597251032,2.49323622449518,2.493960259725103,0.49396025972510316
Slow forcing,27.200000000000003,1.4940179127283377,2.49330023112,2.4940179127283377,0.4940179127283377
Slow forcing,27.24444444444444,1.4940750599208865,2.493363676649334,2.4940750599208865,0.4940750599208865
Slow forcing,27.28888888888889,1.4941317057020687,2.493426565955287,2.4941317057020687,0.49413170570206866
Slow forcing,27.333333333333343,1.4941878544336133,2.4934889038684798,2.4941878544336133,0.49418785443361335
Slow forcing,27.37777777777778,1.494243510439968,2.4935506951783792,2.494243510439968,0.49424351043996806
Slow forcing,27.42222222222223,1.4942986780086067,2.493611944633642,2.4942986780086067,0.4942986780086067
Slow forcing,27.46666666666667,1.4943533613903335,2.4936726569424454,2.4943533613903335,0.4943533613903335
Slow forcing,27.51111111111112,1.4944075647995851,2.49373283677282,2.494407564799585,0.49440756479958514
Slow forcing,27.555555555555557,1.4944612924147316,2.4937924887529768,2.494461292414732,0.4944612924147316
Slow forcing,27.60000000000001,1.4945145483783746,2.493851617471635,2.4945145483783744,0.4945145483783746
Slow forcing,27.644444444444446,1.4945673367976413,2.493910227478346,2.4945673367976413,0.4945673367976413
Slow forcing,27.688888888888897,1.4946196617444785,2.4939683232838146,2.4946196617444785,0.49461966174447847
Slow forcing,27.733333333333334,1.494671527255945,2.4940259093602184,2.494671527255945,0.494671527255945
Slow forcing,27.777777777777786,1.4947229373344977,2.4940829901415253,2.4947229373344975,0.4947229373344977
Slow forcing,27.822222222222223,1.4947738959482806,2.494139570023806,2.4947738959482804,0.4947738959482806
Slow forcing,27.866666666666674,1.494824407031408,2.494195653365548,2.494824407031408,0.49482440703140806
Slow forcing,27.91111111111111,1.4948744744842475,2.494251244487964,2.4948744744842477,0.4948744744842475
Slow forcing,27.955555555555563,1.4949241021736996,2.4943063476752996,2.4949241021737,0.49492410217369964
Slow forcing,28.0,1.4949732939334754,2.4943609671751394,2.4949732939334757,0.49497329393347544
Slow forcing,28.04444444444445,1.4950220535643726,2.4944151071987077,2.4950220535643726,0.49502205356437257
Slow forcing,28.08888888888889,1.49507038483455,2.49446877192117,2.49507038483455,0.4950703848345499
Slow forcing,28.13333333333334,1.4951182914797967,2.494521965481931,2.4951182914797965,0.4951182914797967
Slow forcing,28.177777777777777,1.4951657772038047,2.4945746919849308,2.4951657772038045,0.4951657772038047
Slow forcing,28.22222222222223,1.4952128456784335,2.494626955498937,2.4952128456784335,0.4952128456784335
Slow forcing,28.266666666666666,1.4952595005439768,2.494678760057838,2.495259500543977,0.4952595005439768
Slow forcing,28.311111111111117,1.4953057454094247,2.4947301096609307,2.495305745409425,0.49530574540942474
Slow forcing,28.355555555555554,1.495351583852727,2.4947810082732076,2.495351583852727,0.49535158385272693
Slow forcing,28.400000000000006,1.4953970194210486,2.4948314598256416,2.4953970194210484,0.49539701942104863
Slow forcing,28.444444444444443,1.4954420556310302,2.4948814682154685,2.49544205563103,0.49544205563103016
Slow forcing,28.488888888888894,1.4954866959690414,2.494931037306468,2.495486695969041,0.4954866959690414
Slow forcing,28.53333333333333,1.4955309438914344,2.4949801709292387,2.4955309438914344,0.4955309438914344
Slow forcing,28.577777777777783,1.4955748028247948,2.4950288728814796,2.4955748028247946,0.4955748028247948
Slow forcing,28.62222222222222,1.4956182761661911,2.4950771469282578,2.495618276166191,0.49561827616619114
Slow forcing,28.66666666666667,1.4956613672834211,2.4951249968022853,2.495661367283421,0.49566136728342114
Slow forcing,28.71111111111111,1.4957040795152585,2.4951724262041854,2.4957040795152583,0.4957040795152585
Slow forcing,28.75555555555556,1.4957464161716947,2.4952194388027604,2.495746416171695,0.4957464161716947
Slow forcing,28.799999999999997,1.495788380534181,2.4952660382352594,2.495788380534181,0.49578838053418095
Slow forcing,28.84444444444445,1.4958299758558677,2.4953122281076396,2.4958299758558677,0.49582997585586774
Slow forcing,28.888888888888886,1.4958712053618424,2.4953580119948278,2.4958712053618424,0.49587120536184237
Slow forcing,28.933333333333337,1.4959120722493646,2.4954033934409794,2.4959120722493644,0.4959120722493646
Slow forcing,28.977777777777774,1.4959525796881006,2.495448375959738,2.4959525796881006,0.4959525796881006
Slow forcing,29.022222222222226,1.4959927308203542,2.4954929630344864,2.495992730820354,0.4959927308203542
Slow forcing,29.066666666666663,1.496032528761298,2.4955371581186037,2.4960325287612983,0.4960325287612981
Slow forcing,29.111111111111114,1.496071976599202,2.4955809646357143,2.496071976599202,0.4960719765992021
Slow forcing,29.15555555555555,1.4961110773956583,2.4956243859799385,2.4961110773956583,0.4961110773956583
Slow forcing,29.200000000000003,1.4961498341858073,2.495667425516139,2.4961498341858075,0.49614983418580727
Slow forcing,29.24444444444444,1.4961882499785601,2.4957100865801647,2.49618824997856,0.49618824997856015
Slow forcing,29.28888888888889,1.4962263277568202,2.495752372479099,2.49622632775682,0.4962263277568202
Slow forcing,29.333333333333343,1.4962640704777017,2.495794286491494,2.496264070477702,0.4962640704777017
Slow forcing,29.37777777777778,1.4963014810727475,2.495835831867617,2.4963014810727477,0.4963014810727475
Slow forcing,29.42222222222223,1.496338562448146,2.495877011829686,2.496338562448146,0.496338562448146
Slow forcing,29.46666666666667,1.496375317484944,2.495917829572101,2.4963753174849437,0.4963753174849439
Slow forcing,29.51111111111112,1.4964117490392588,2.4959582882616855,2.4964117490392588,0.4964117490392588
Slow forcing,29.555555555555557,1.4964478599424906,2.4959983910379115,2.4964478599424904,0.49644785994249063
Slow forcing,29.60000000000001,1.4964836530015309,2.4960381410131354,2.4964836530015306,0.49648365300153086
Slow forcing,29.644444444444446,1.4965191309989678,2.496077541272823,2.496519130998968,0.49651913099896783
Slow forcing,29.688888888888897,1.4965542966932954,2.496116594875777,2.4965542966932954,0.4965542966932954
Slow forcing,29.733333333333334,1.4965891528191144,2.4961553048543603,2.4965891528191144,0.4965891528191144
Slow forcing,29.777777777777786,1.4966237020873365,2.496193674214724,2.4966237020873363,0.4966237020873365
Slow forcing,29.822222222222223,1.496657947185384,2.4962317059370207,2.4966579471853843,0.49665794718538403
Slow forcing,29.866666666666674,1.4966918907773896,2.496269402975631,2.49669189077739,0.4966918907773896
Slow forcing,29.91111111111111,1.4967255355043938,2.496306768259377,2.496725535504394,0.4967255355043938
Slow forcing,29.955555555555563,1.496758883984541,2.4963438046917408,2.496758883984541,0.49675888398454093
Slow forcing,30.0,1.4967919388132727,2.496380515151076,2.4967919388132724,0.49679193881327266
Slow forcing,30.04444444444445,1.496824702563521,2.496416902490822,2.4968247025635213,0.49682470256352107
Slow forcing,30.08888888888889,1.496857177785901,2.4964529695397153,2.496857177785901,0.496857177785901
Slow forcing,30.13333333333334,1.496889367008898,2.4964887191019955,2.4968893670088983,0.4968893670088981
Slow forcing,30.177777777777777,1.4969212727390575,2.4965241539576177,2.4969212727390575,0.4969212727390575
Slow forcing,30.22222222222223,1.4969528974611708,2.496559276862451,2.4969528974611706,0.4969528974611708
Slow forcing,30.266666666666666,1.4969842436384602,2.4965940905484914,2.49698424363846,0.49698424363846017
Slow forcing,30.311111111111117,1.4970153137127626,2.4966285977240563,2.4970153137127626,0.49701531371276264
Slow forcing,30.355555555555554,1.4970461101047126,2.4966628010739895,2.4970461101047126,0.49704611010471256
Slow forcing,30.400000000000006,1.4970766352139204,2.49669670325986,2.4970766352139204,0.4970766352139204
Slow forcing,30.444444444444443,1.4971068914191532,2.496730306920157,2.497106891419153,0.4971068914191532
Slow forcing,30.488888888888894,1.4971368810785128,2.49676361467049,2.4971368810785126,0.49713688107851284
Slow forcing,30.53333333333333,1.4971666065296099,2.4967966291037795,2.4971666065296096,0.49716660652960987
Slow forcing,30.577777777777783,1.4971960700897406,2.49682935279045,2.497196070089741,0.49719607008974065
Slow forcing,30.62222222222222,1.4972252740560585,2.496861788278625,2.4972252740560585,0.49722527405605854
Slow forcing,30.66666666666667,1.497254220705748,2.496893938094311,2.4972542207057478,0.497254220705748
Slow forcing,30.71111111111111,1.4972829122961935,2.4969258047415908,2.4972829122961935,0.4972829122961935
Slow forcing,30.75555555555556,1.497311351065148,2.4969573907028053,2.497311351065148,0.4973113510651479
Slow forcing,30.799999999999997,1.4973395392309026,2.4969886984387433,2.497339539230903,0.49733953923090257
Slow forcing,30.84444444444445,1.4973674789924518,2.4970197303888204,2.4973674789924516,0.4973674789924518
Slow forcing,30.888888888888886,1.4973951725296577,2.497050488971265,2.4973951725296577,0.4973951725296577
Slow forcing,30.933333333333337,1.4974226220034144,2.4970809765832964,2.4974226220034144,0.49742262200341436
Slow forcing,30.977777777777774,1.4974498295558103,2.497111195601304,2.4974498295558103,0.4974498295558103
Slow forcing,31.022222222222226,1.497476797310289,2.497141148381027,2.4974767973102887,0.49747679731028893
Slow forcing,31.066666666666663,1.4975035273718078,2.497170837257728,2.4975035273718076,0.4975035273718078
Slow forcing,31.111111111111114,1.4975300218269978,2.4972002645463682,2.497530021826998,0.4975300218269978
Slow forcing,31.15555555555555,1.4975562827443185,2.497229432541782,2.4975562827443185,0.4975562827443185
Slow forcing,31.200000000000003,1.497582312174216,2.4972583435188476,2.497582312174216,0.497582312174216
Slow forcing,31.244444444444454,1.4976081121492748,2.4972869997326583,2.497608112149275,0.4976081121492748
Slow forcing,31.28888888888889,1.4976336846843727,2.4973154034186913,2.4976336846843727,0.49763368468437275
Slow forcing,31.333333333333343,1.4976590317768321,2.4973435567929734,2.4976590317768324,0.49765903177683213
Slow forcing,31.37777777777778,1.4976841554065707,2.4973714620522514,2.4976841554065707,0.49768415540657074
Slow forcing,31.42222222222223,1.4977090575362495,2.4973991213741518,2.4977090575362495,0.4977090575362495
Slow forcing,31.46666666666667,1.4977337401114228,2.4974265369173505,2.497733740111423,0.4977337401114228
Slow forcing,31.51111111111112,1.4977582050606837,2.4974537108217287,2.4977582050606837,0.4977582050606837
Slow forcing,31.555555555555557,1.49778245429581,2.4974806452085376,2.49778245429581,0.49778245429581003
Slow forcing,31.60000000000001,1.4978064897119094,2.4975073421805583,2.4978064897119094,0.49780648971190944
Slow forcing,31.644444444444446,1.4978303131875612,2.497533803822256,2.497830313187561,0.4978303131875612
Slow forcing,31.688888888888897,1.497853926584959,2.4975600321999423,2.497853926584959,0.4978539265849591
Slow forcing,31.733333333333334,1.4978773317500529,2.497586029361925,2.497877331750053,0.4978773317500529
Slow forcing,31.777777777777786,1.4979005305126862,2.49761179733867,2.4979005305126862,0.49790053051268623
Slow forcing,31.822222222222223,1.4979235246867366,2.4976373381429435,2.497923524686737,0.4979235246867366
Slow forcing,31.866666666666674,1.4979463160702522,2.497662653769976,2.4979463160702524,0.4979463160702522
Slow forcing,31.91111111111111,1.4979689064455879,2.4976877461976037,2.497968906445588,0.4979689064455879
Slow forcing,31.955555555555563,1.4979912975795409,2.4977126173864215,2.497991297579541,0.49799129757954086
Slow forcing,32.0,1.4980134912234835,2.497737269279931,2.4980134912234835,0.4980134912234835
Slow forcing,32.04444444444445,1.4980354891134968,2.497761703804685,2.498035489113497,0.4980354891134968
Slow forcing,32.08888888888889,1.498057292970503,2.4977859228704373,2.498057292970503,0.49805729297050294
Slow forcing,32.13333333333334,1.498078904500394,2.4978099283702817,2.498078904500394,0.49807890450039394
Slow forcing,32.17777777777778,1.4981003253941636,2.4978337221808005,2.4981003253941636,0.4981003253941636
Slow forcing,32.22222222222223,1.4981215573280326,2.4978573061622016,2.498121557328033,0.49812155732803265
Slow forcing,32.266666666666666,1.498142601963579,2.4978806821584643,2.498142601963579,0.49814260196357907
Slow forcing,32.31111111111112,1.4981634609478631,2.4979038519974734,2.498163460947863,0.4981634609478631
Slow forcing,32.355555555555554,1.4981841359135526,2.497926817491162,2.4981841359135526,0.4981841359135526
Slow forcing,32.400000000000006,1.4982046284790471,2.4979495804356464,2.498204628479047,0.4982046284790471
Slow forcing,32.44444444444444,1.498224940248601,2.4979721426113635,2.498224940248601,0.498224940248601
Slow forcing,32.488888888888894,1.4982450728124457,2.4979945057832063,2.4982450728124457,0.4982450728124457
Slow forcing,32.53333333333333,1.4982650277469098,2.4980166717006536,2.4982650277469096,0.49826502774690984
Slow forcing,32.57777777777778,1.4982848066145418,2.4980386420979093,2.4982848066145418,0.4982848066145418
Slow forcing,32.62222222222222,1.498304410964225,2.4980604186940294,2.498304410964225,0.49830441096422495
Slow forcing,32.66666666666667,1.4983238423312992,2.4980820031930535,2.498323842331299,0.4983238423312992
Slow forcing,32.71111111111111,1.4983431022376756,2.498103397284135,2.4983431022376754,0.49834310223767564
Slow forcing,32.75555555555556,1.4983621921919545,2.498124602641668,2.4983621921919545,0.49836219219195454
Slow forcing,32.8,1.4983811136895377,2.4981456209254174,2.498381113689538,0.49838111368953775
Slow forcing,32.84444444444445,1.4983998682127462,2.498166453780641,2.498399868212746,0.4983998682127462
Slow forcing,32.888888888888886,1.49841845723093,2.498187102838218,2.49841845723093,0.49841845723093003
Slow forcing,32.93333333333334,1.4984368822005825,2.498207569714773,2.4984368822005827,0.49843688220058247
Slow forcing,32.977777777777774,1.4984551445654504,2.4982278560127966,2.49845514456545,0.49845514456545037
Slow forcing,33.022222222222226,1.4984732457566445,2.4982479633207695,2.4984732457566445,0.49847324575664453
Slow forcing,33.06666666666666,1.4984911871927498,2.4982678932132827,2.4984911871927498,0.49849118719274976
Slow forcing,33.111111111111114,1.4985089702799317,2.498287647251157,2.4985089702799317,0.4985089702799317
Slow forcing,33.15555555555555,1.498526596412047,2.4983072269815643,2.498526596412047,0.4985265964120471
Slow forcing,33.2,1.498544066970747,2.4983266339381416,2.498544066970747,0.49854406697074705
Slow forcing,33.244444444444454,1.4985613833255853,2.498345869641113,2.498561383325585,0.4985613833255853
Slow forcing,33.28888888888889,1.4985785468341217,2.4983649355974,2.4985785468341217,0.4985785468341217
Slow forcing,33.33333333333334,1.4985955588420266,2.498383833300742,2.4985955588420268,0.49859555884202655
Slow forcing,33.37777777777778,1.4986124206831843,2.4984025642318066,2.4986124206831843,0.49861242068318434
Slow forcing,33.42222222222223,1.4986291336797941,2.4984211298583023,2.498629133679794,0.4986291336797941
Slow forcing,33.46666666666667,1.4986456991424726,2.498439531635095,2.4986456991424726,0.4986456991424726
Slow forcing,33.51111111111112,1.4986621183703535,2.4984577710043143,2.4986621183703535,0.49866211837035346
Slow forcing,33.55555555555556,1.4986783926511877,2.498475849395466,2.498678392651188,0.49867839265118774
Slow forcing,33.60000000000001,1.498694523261442,2.4984937682255417,2.4986945232614417,0.4986945232614419
Slow forcing,33.644444444444446,1.4987105114663966,2.4985115288991273,2.4987105114663963,0.49871051146639656
Slow forcing,33.6888888888889,1.4987263585202417,2.4985291328085073,2.4987263585202415,0.4987263585202417
Slow forcing,33.733333333333334,1.4987420656661754,2.4985465813337764,2.4987420656661756,0.4987420656661754
Slow forcing,33.777777777777786,1.498757634136498,2.498563875842941,2.4987576341364983,0.4987576341364981
Slow forcing,33.82222222222222,1.4987730651527067,2.498581017692026,2.4987730651527067,0.4987730651527067
Slow forcing,33.866666666666674,1.498788359925589,2.498598008225177,2.498788359925589,0.4987883599255889
Slow forcing,33.91111111111111,1.498803519655316,2.4986148487747664,2.4988035196553158,0.498803519655316
Slow forcing,33.95555555555556,1.498818545531536,2.4986315406614925,2.498818545531536,0.49881854553153593
Slow forcing,34.0,1.4988334387334634,2.498648085194482,2.498833438733463,0.4988334387334634
Slow forcing,34.04444444444445,1.4988482004299717,2.498664483671389,2.498848200429972,0.4988482004299717
Slow forcing,34.08888888888889,1.4988628317796817,2.4986807373784976,2.4988628317796815,0.4988628317796817
Slow forcing,34.13333333333334,1.4988773339310517,2.498696847590816,2.498877333931052,0.4988773339310517
Slow forcing,34.17777777777778,1.498891708022465,2.4987128155721803,2.498891708022465,0.4988917080224651
Slow forcing,34.22222222222223,1.4989059551823185,2.4987286425753443,2.4989059551823187,0.4989059551823185
Slow forcing,34.266666666666666,1.4989200765291077,2.4987443298420833,2.4989200765291075,0.49892007652910775
Slow forcing,34.31111111111112,1.4989340731715155,2.4987598786032827,2.4989340731715153,0.4989340731715155
Slow forcing,34.355555555555554,1.4989479462084958,2.4987752900790374,2.498947946208496,0.4989479462084958
Slow forcing,34.400000000000006,1.4989616967293578,2.498790565478743,2.4989616967293578,0.49896169672935775
Slow forcing,34.44444444444444,1.4989753258138514,2.498805706001189,2.498975325813851,0.4989753258138514
Slow forcing,34.488888888888894,1.498988834532249,2.4988207128346533,2.4989888345322493,0.49898883453224907
Slow forcing,34.53333333333333,1.4990022239454293,2.498835587156989,2.4990022239454293,0.49900222394542926
Slow forcing,34.57777777777778,1.4990154951049575,2.498850330135719,2.4990154951049575,0.49901549510495746
Slow forcing,34.62222222222222,1.4990286490531677,2.498864942928125,2.4990286490531677,0.4990286490531677
Slow forcing,34.66666666666667,1.4990416868232435,2.498879426681335,2.4990416868232437,0.49904168682324346
Slow forcing,34.71111111111111,1.4990546094392958,2.4988937825324133,2.4990546094392956,0.4990546094392958
Slow forcing,34.75555555555556,1.4990674179164443,2.4989080116084468,2.4990674179164443,0.49906741791644427
Slow forcing,34.8,1.499080113260893,2.4989221150266325,2.4990801132608933,0.4990801132608931
Slow forcing,34.84444444444445,1.4990926964700118,2.4989360938943643,2.4990926964700115,0.49909269647001175
Slow forcing,34.888888888888886,1.499105168532409,2.4989499493093157,2.499105168532409,0.49910516853240905
Slow forcing,34.93333333333334,1.4991175304280113,2.4989636823595274,2.4991175304280113,0.4991175304280113
Slow forcing,34.977777777777774,1.4991297831281372,2.498977294123489,2.4991297831281374,0.49912978312813716
Slow forcing,35.022222222222226,1.4991419275955726,2.4989907856702236,2.4991419275955726,0.49914192759557263
Slow forcing,35.06666666666666,1.4991539647846472,2.4990041580593685,2.4991539647846475,0.49915396478464724
Slow forcing,35.111111111111114,1.499165895641304,2.4990174123412596,2.499165895641304,0.4991658956413041
Slow forcing,35.15555555555555,1.4991777211031767,2.4990305495570095,2.4991777211031767,0.4991777211031767
Slow forcing,35.2,1.4991894420996605,2.49904357073859,2.4991894420996603,0.49918944209966054
Slow forcing,35.244444444444454,1.4992010595519827,2.499056476908911,2.4992010595519827,0.4992010595519827
Slow forcing,35.28888888888889,1.4992125743732758,2.4990692690818976,2.499212574373276,0.4992125743732758
Slow forcing,35.33333333333334,1.4992239874686473,2.4990819482625732,2.499223987468647,0.49922398746864727
Slow forcing,35.37777777777778,1.4992352997352507,2.4990945154471307,2.4992352997352505,0.4992352997352507
Slow forcing,35.42222222222223,1.499246512062353,2.4991069716230156,2.499246512062353,0.49924651206235304
Slow forcing,35.46666666666667,1.4992576253314052,2.4991193177689977,2.4992576253314054,0.49925762533140516
Slow forcing,35.51111111111112,1.49926864041611,2.4991315548552486,2.49926864041611,0.49926864041610997
Slow forcing,35.55555555555556,1.49927955818249,2.499143683843418,2.49927955818249,0.49927955818249004
Slow forcing,35.60000000000001,1.4992903794889538,2.499155705686705,2.499290379488954,0.49929037948895383
Slow forcing,35.644444444444446,1.4993011051863618,2.4991676213299345,2.499301105186362,0.49930110518636184
Slow forcing,35.6888888888889,1.4993117361180954,2.4991794317096274,2.4993117361180954,0.49931173611809543
Slow forcing,35.733333333333334,1.4993222731201188,2.4991911377540785,2.499322273120119,0.4993222731201188
Slow forcing,35.777777777777786,1.4993327170210455,2.4992027403834203,2.4993327170210455,0.49933271702104554
Slow forcing,35.82222222222222,1.4993430686422022,2.4992142405097013,2.4993430686422022,0.49934306864220224
Slow forcing,35.866666666666674,1.4993533287976928,2.499225639036953,2.499353328797693,0.4993533287976928
Slow forcing,35.91111111111111,1.4993634982944612,2.4992369368612604,2.4993634982944615,0.49936349829446125
Slow forcing,35.95555555555556,1.4993735779323532,2.4992481348708315,2.499373577932353,0.49937357793235315
Slow forcing,36.0,1.4993835685041796,2.499259233946067,2.4993835685041796,0.49938356850417964
Slow forcing,36.04444444444445,1.4993934707957781,2.4992702349596265,2.499393470795778,0.4993934707957781
Slow forcing,36.08888888888889,1.4994032855860724,2.4992811387764986,2.499403285586072,0.4994032855860724
Slow forcing,36.13333333333334,1.4994130136471346,2.4992919462540657,2.4994130136471346,0.49941301364713464
Slow forcing,36.17777777777778,1.4994226557442443,2.4993026582421716,2.4994226557442443,0.49942265574424427
Slow forcing,36.22222222222223,1.499432212635947,2.4993132755831877,2.4994322126359467,0.49943221263594695
Slow forcing,36.266666666666666,1.4994416850741155,2.499323799112076,2.4994416850741157,0.49944168507411546
Slow forcing,36.31111111111112,1.499451073804005,2.499334229656458,2.499451073804005,0.499451073804005
Slow forcing,36.355555555555554,1.4994603795643149,2.4993445680366744,2.499460379564315,0.4994603795643149
Slow forcing,36.400000000000006,1.499469603087242,2.499354815065851,2.499469603087242,0.4994696030872421
Slow forcing,36.44444444444444,1.499478745098541,2.499364971549962,2.499478745098541,0.49947874509854095
Slow forcing,36.488888888888894,1.4994878063175783,2.499375038287892,2.4994878063175783,0.4994878063175783
Slow forcing,36.53333333333333,1.4994967874573895,2.4993850160714977,2.4994967874573897,0.49949678745738946
Slow forcing,36.57777777777778,1.499505689224734,2.4993949056856697,2.4995056892247343,0.49950568922473404
Slow forcing,36.62222222222222,1.49951451232015,2.4994047079083934,2.4995145123201503,0.4995145123201501
Slow forcing,36.66666666666667,1.4995232574380097,2.4994144235108093,2.4995232574380095,0.49952325743800974
Slow forcing,36.71111111111111,1.499531925266573,2.499424053257273,2.499531925266573,0.4995319252665731
Slow forcing,36.75555555555556,1.4995405164880393,2.4994335979054148,2.4995405164880395,0.4995405164880393
Slow forcing,36.8,1.4995490317786029,2.4994430582061975,2.499549031778603,0.4995490317786029
Slow forcing,36.84444444444445,1.4995574718085056,2.4994524349039757,2.4995574718085054,0.4995574718085056
Slow forcing,36.888888888888886,1.499565837242087,2.499461728736554,2.499565837242087,0.49956583724208703
Slow forcing,36.93333333333334,1.4995741287378368,2.499470940435243,2.499574128737837,0.4995741287378368
Slow forcing,36.977777777777774,1.4995823469484477,2.499480070724917,2.499582346948448,0.4995823469484477
Slow forcing,37.022222222222226,1.4995904925208634,2.4994891203240703,2.4995904925208636,0.4995904925208634
Slow forcing,37.06666666666666,1.4995985660963322,2.499498089944873,2.4995985660963322,0.49959856609633224
Slow forcing,37.111111111111114,1.4996065683104534,2.499506980293226,2.4996065683104534,0.49960656831045336
Slow forcing,37.15555555555555,1.4996144997932304,2.4995157920688165,2.49961449979323,0.49961449979323036
Slow forcing,37.2,1.499622361169116,2.499524525965172,2.499622361169116,0.49962236116911596
Slow forcing,37.244444444444454,1.4996301530570648,2.4995331826697136,2.4996301530570646,0.4996301530570648
Slow forcing,37.28888888888889,1.4996378760705786,2.499541762863812,2.4996378760705786,0.49963787607057863
Slow forcing,37.33333333333334,1.4996455308177559,2.499550267222836,2.499645530817756,0.49964553081775587
Slow forcing,37.37777777777778,1.4996531179013377,2.4995586964162113,2.499653117901338,0.4996531179013377
Slow forcing,37.42222222222223,1.4996606379187556,2.499567051107466,2.4996606379187556,0.4996606379187556
Slow forcing,37.46666666666667,1.499668091462179,2.4995753319542873,2.499668091462179,0.49966809146217894
Slow forcing,37.51111111111112,1.499675479118559,2.4995835396085693,2.499675479118559,0.4996754791185589
Slow forcing,37.55555555555556,1.4996828014696764,2.4995916747164655,2.4996828014696764,0.49968280146967636
Slow forcing,37.60000000000001,1.499690059092186,2.4995997379184396,2.499690059092186,0.499690059092186
Slow forcing,37.644444444444446,1.499697252557662,2.4996077298493145,2.499697252557662,0.49969725255766195
Slow forcing,37.6888888888889,1.4997043824326415,2.49961565113832,2.4997043824326415,0.4997043824326415
Slow forcing,37.733333333333334,1.4997114492786703,2.4996235024091464,2.4997114492786703,0.4997114492786703
Slow forcing,37.777777777777786,1.499718453652346,2.499631284279988,2.499718453652346,0.499718453652346
Slow forcing,37.82222222222222,1.49972539610536,2.499638997363594,2.49972539610536,0.49972539610536004
Slow forcing,37.866666666666674,1.4997322771845438,2.499646642267317,2.4997322771845436,0.4997322771845438
Slow forcing,37.91111111111111,1.499739097431908,2.4996542195931575,2.499739097431908,0.49973909743190803
Slow forcing,37.95555555555556,1.4997458573846876,2.4996617299378143,2.4997458573846876,0.4997458573846876
Slow forcing,38.0,1.4997525575753816,2.4996691738927272,2.4997525575753814,0.4997525575753816
Slow forcing,38.04444444444445,1.4997591985317962,2.499676552044127,2.4997591985317964,0.4997591985317962
Slow forcing,38.08888888888889,1.4997657807770859,2.4996838649730773,2.4997657807770857,0.4997657807770859
Slow forcing,38.13333333333334,1.4997723048297922,2.4996911132555235,2.499772304829792,0.4997723048297922
Slow forcing,38.17777777777778,1.4997787712038877,2.499698297462335,2.4997787712038875,0.4997787712038877
Slow forcing,38.22222222222223,1.499785180408813,2.499705418159352,2.499785180408813,0.4997851804088129
Slow forcing,38.266666666666666,1.499791532949518,2.499712475907427,2.499791532949518,0.49979153294951795
Slow forcing,38.31111111111112,1.4997978293265013,2.4997194712624697,2.4997978293265013,0.4997978293265013
Slow forcing,38.355555555555554,1.4998040700358495,2.4997264047754926,2.4998040700358493,0.4998040700358495
Slow forcing,38.400000000000006,1.4998102555692745,2.4997332769926506,2.4998102555692743,0.4998102555692745
Slow forcing,38.44444444444444,1.4998163864141536,2.4997400884552845,2.4998163864141536,0.4998163864141536
Slow forcing,38.488888888888894,1.4998224630535666,2.4997468396999656,2.4998224630535666,0.4998224630535666
Slow forcing,38.53333333333333,1.4998284859663344,2.499753531258533,2.4998284859663347,0.49982848596633445
Slow forcing,38.57777777777778,1.4998344556270558,2.499760163658141,2.499834455627056,0.49983445562705575
Slow forcing,38.62222222222222,1.499840372506144,2.4997667374212957,2.499840372506144,0.499840372506144
Slow forcing,38.66666666666667,1.4998462370698653,2.499773253065897,2.4998462370698653,0.4998462370698653
Slow forcing,38.71111111111111,1.4998520497803727,2.4997797111052797,2.4998520497803725,0.4998520497803727
Slow forcing,38.75555555555556,1.4998578110957455,2.499786112048253,2.4998578110957457,0.49985781109574545
Slow forcing,38.8,1.4998635214700216,2.499792456399141,2.4998635214700213,0.49986352147002155
Slow forcing,38.84444444444445,1.4998691813532354,2.4997987446578205,2.4998691813532354,0.49986918135323544
Slow forcing,38.888888888888886,1.4998747911914525,2.499804977319761,2.4998747911914525,0.4998747911914525
Slow forcing,38.93333333333334,1.499880351426804,2.4998111548760664,2.499880351426804,0.499880351426804
Slow forcing,38.977777777777774,1.4998858624975215,2.4998172778135066,2.4998858624975213,0.49988586249752154
Slow forcing,39.022222222222226,1.4998913248379708,2.499823346614561,2.4998913248379706,0.49989132483797083
Slow forcing,39.06666666666666,1.499896738878688,2.4998293617574556,2.4998967388786877,0.4998967388786879
Slow forcing,39.111111111111114,1.499902105046409,2.4998353237161974,2.499902105046409,0.499902105046409
Slow forcing,39.155555555555566,1.4999074237641077,2.4998412329606152,2.4999074237641077,0.4999074237641077
Slow forcing,39.2,1.4999126954510262,2.4998470899563934,2.4999126954510262,0.49991269545102623
Slow forcing,39.244444444444454,1.4999179205227078,2.49985289516511,2.499917920522708,0.4999179205227078
Slow forcing,39.28888888888889,1.4999230993910302,2.499858649044272,2.4999230993910304,0.4999230993910302
Slow forcing,39.33333333333334,1.4999282324642378,2.4998643520473527,2.499928232464238,0.4999282324642378
Slow forcing,39.37777777777778,1.4999333201469731,2.4998700046238254,2.4999333201469733,0.4999333201469731
Slow forcing,39.42222222222223,1.4999383628403087,2.499875607219197,2.4999383628403087,0.4999383628403087
Slow forcing,39.46666666666667,1.4999433609417785,2.499881160275048,2.4999433609417787,0.4999433609417785
Slow forcing,39.51111111111112,1.4999483148454098,2.499886664229062,2.49994831484541,0.4999483148454098
Slow forcing,39.55555555555556,1.4999532249417522,2.499892119515063,2.499953224941752,0.4999532249417522
Slow forcing,39.60000000000001,1.49995809161791,2.4998975265630476,2.49995809161791,0.49995809161791005
Slow forcing,39.644444444444446,1.4999629152575713,2.4999028857992194,2.499962915257571,0.4999629152575713
Slow forcing,39.6888888888889,1.499967696241039,2.4999081976460227,2.499967696241039,0.4999676962410391
Slow forcing,39.733333333333334,1.499972434945261,2.499913462522174,2.499972434945261,0.499972434945261
Slow forcing,39.777777777777786,1.4999771317438566,2.499918680842697,2.4999771317438566,0.4999771317438566
Slow forcing,39.82222222222222,1.4999817870071506,2.499923853018954,2.4999817870071506,0.49998178700715057
Slow forcing,39.866666666666674,1.499986401102198,2.499928979458677,2.499986401102198,0.49998640110219794
Slow forcing,39.91111111111111,1.4999909743928153,2.4999340605660016,2.4999909743928153,0.49999097439281526
Slow forcing,39.95555555555556,1.4999955072396083,2.4999390967414987,2.4999955072396083,0.4999955072396083
Slow forcing,40.0,1.5000000000000002,2.4999440883822026,2.5,0.5000000000000002
Fast forcing,-40.0,0.0,1.0,1.0,-1.0
Fast forcing,-39.955555555555556,0.0,1.0,1.0,-1.0
Fast forcing,-39.91111111111111,0.0,1.0,1.0,-1.0
Fast forcing,-39.86666666666667,0.0,1.0,1.0,-1.0
Fast forcing,-39.82222222222222,0.0,1.0,1.0,-1.0
Fast forcing,-39.77777777777778,0.0,1.0,1.0,-1.0
Fast forcing,-39.733333333333334,0.0,1.0,1.0,-1.0
Fast forcing,-39.68888888888889,0.0,1.0,1.0,-1.0
Fast forcing,-39.644444444444446,0.0,1.0,1.0,-1.0
Fast forcing,-39.6,0.0,1.0,1.0,-1.0
Fast forcing,-39.55555555555556,0.0,1.0,1.0,-1.0
Fast forcing,-39.51111111111111,0.0,1.0,1.0,-1.0
Fast forcing,-39.46666666666667,0.0,1.0,1.0,-1.0
Fast forcing,-39.422222222222224,0.0,1.0,1.0,-1.0
Fast forcing,-39.37777777777778,0.0,1.0,1.0,-1.0
Fast forcing,-39.333333333333336,0.0,1.0,1.0,-1.0
Fast forcing,-39.28888888888889,0.0,1.0,1.0,-1.0
Fast forcing,-39.24444444444445,0.0,1.0,1.0,-1.0
Fast forcing,-39.2,0.0,1.0,1.0,-1.0
Fast forcing,-39.15555555555556,0.0,1.0,1.0,-1.0
Fast forcing,-39.111111111111114,0.0,1.0,1.0,-1.0
Fast forcing,-39.06666666666667,0.0,1.0,1.0,-1.0
Fast forcing,-39.022222222222226,0.0,1.0,1.0,-1.0
Fast forcing,-38.977777777777774,0.0,1.0,1.0,-1.0
Fast forcing,-38.93333333333333,0.0,1.0,1.0,-1.0
Fast forcing,-38.888888888888886,0.0,1.0,1.0,-1.0
Fast forcing,-38.84444444444444,0.0,1.0,1.0,-1.0
Fast forcing,-38.8,0.0,1.0,1.0,-1.0
Fast forcing,-38.75555555555555,0.0,1.0,1.0,-1.0
Fast forcing,-38.71111111111111,0.0,1.0,1.0,-1.0
Fast forcing,-38.666666666666664,0.0,1.0,1.0,-1.0
Fast forcing,-38.62222222222222,0.0,1.0,1.0,-1.0
Fast forcing,-38.577777777777776,0.0,1.0,1.0,-1.0
Fast forcing,-38.53333333333333,0.0,1.0,1.0,-1.0
Fast forcing,-38.48888888888889,0.0,1.0,1.0,-1.0
Fast forcing,-38.44444444444444,0.0,1.0,1.0,-1.0
Fast forcing,-38.4,0.0,1.0,1.0,-1.0
Fast forcing,-38.355555555555554,0.0,1.0,1.0,-1.0
Fast forcing,-38.31111111111111,0.0,1.0,1.0,-1.0
Fast forcing,-38.266666666666666,0.0,1.0,1.0,-1.0
Fast forcing,-38.22222222222222,0.0,1.0,1.0,-1.0
Fast forcing,-38.17777777777778,0.0,1.0,1.0,-1.0
Fast forcing,-38.13333333333333,0.0,1.0,1.0,-1.0
Fast forcing,-38.08888888888889,0.0,1.0,1.0,-1.0
Fast forcing,-38.044444444444444,0.0,1.0,1.0,-1.0
Fast forcing,-38.0,0.0,1.0,1.0,-1.0
Fast forcing,-37.955555555555556,0.0,1.0,1.0,-1.0
Fast forcing,-37.91111111111111,0.0,1.0,1.0,-1.0
Fast forcing,-37.86666666666667,0.0,1.0,1.0,-1.0
Fast forcing,-37.82222222222222,0.0,1.0,1.0,-1.0
Fast forcing,-37.77777777777778,0.0,1.0,1.0,-1.0
Fast forcing,-37.733333333333334,0.0,1.0,1.0,-1.0
Fast forcing,-37.68888888888889,0.0,1.0,1.0,-1.0
Fast forcing,-37.644444444444446,0.0,1.0,1.0,-1.0
Fast forcing,-37.6,0.0,1.0,1.0,-1.0
Fast forcing,-37.55555555555556,0.0,1.0,1.0,-1.0
Fast forcing,-37.51111111111111,0.0,1.0,1.0,-1.0
Fast forcing,-37.46666666666667,0.0,1.0,1.0,-1.0
Fast forcing,-37.422222222222224,0.0,1.0,1.0,-1.0
Fast forcing,-37.37777777777778,0.0,1.0,1.0,-1.0
Fast forcing,-37.333333333333336,0.0,1.0,1.0,-1.0
Fast forcing,-37.28888888888889,0.0,1.0,1.0,-1.0
Fast forcing,-37.24444444444445,0.0,1.0,1.0,-1.0
Fast forcing,-37.2,0.0,1.0,1.0,-1.0
Fast forcing,-37.15555555555556,0.0,1.0,1.0,-1.0
Fast forcing,-37.111111111111114,0.0,1.0,1.0,-1.0
Fast forcing,-37.06666666666666,0.0,1.0,1.0,-1.0
Fast forcing,-37.022222222222226,0.0,1.0,1.0,-1.0
Fast forcing,-36.977777777777774,0.0,1.0,1.0,-1.0
Fast forcing,-36.93333333333333,0.0,1.0,1.0,-1.0
Fast forcing,-36.888888888888886,0.0,1.0,1.0,-1.0
Fast forcing,-36.84444444444444,0.0,1.0,1.0,-1.0
Fast forcing,-36.8,0.0,1.0,1.0,-1.0
Fast forcing,-36.75555555555555,0.0,1.0,1.0,-1.0
Fast forcing,-36.71111111111111,0.0,1.0,1.0,-1.0
Fast forcing,-36.666666666666664,0.0,1.0,1.0,-1.0
Fast forcing,-36.62222222222222,0.0,1.0,1.0,-1.0
Fast forcing,-36.577777777777776,0.0,1.0,1.0,-1.0
Fast forcing,-36.53333333333333,0.0,1.0,1.0,-1.0
Fast forcing,-36.48888888888889,0.0,1.0,1.0,-1.0
Fast forcing,-36.44444444444444,0.0,1.0,1.0,-1.0
Fast forcing,-36.4,0.0,1.0,1.0,-1.0
Fast forcing,-36.355555555555554,0.0,1.0,1.0,-1.0
Fast forcing,-36.31111111111111,0.0,1.0,1.0,-1.0
Fast forcing,-36.266666666666666,0.0,1.0,1.0,-1.0
Fast forcing,-36.22222222222222,0.0,1.0,1.0,-1.0
Fast forcing,-36.17777777777778,0.0,1.0,1.0,-1.0
Fast forcing,-36.13333333333333,0.0,1.0,1.0,-1.0
Fast forcing,-36.08888888888889,0.0,1.0,1.0,-1.0
Fast forcing,-36.044444444444444,0.0,1.0,1.0,-1.0
Fast forcing,-36.0,0.0,1.0,1.0,-1.0
Fast forcing,-35.955555555555556,0.0,1.0,1.0,-1.0
Fast forcing,-35.91111111111111,0.0,1.0,1.0,-1.0
Fast forcing,-35.86666666666667,0.0,1.0,1.0,-1.0
Fast forcing,-35.82222222222222,0.0,1.0,1.0,-1.0
Fast forcing,-35.77777777777778,0.0,1.0,1.0,-1.0
Fast forcing,-35.733333333333334,0.0,1.0,1.0,-1.0
Fast forcing,-35.68888888888889,0.0,1.0,1.0,-1.0
Fast forcing,-35.644444444444446,0.0,1.0,1.0,-1.0
Fast forcing,-35.6,0.0,1.0,1.0,-1.0
Fast forcing,-35.55555555555556,0.0,1.0,1.0,-1.0
Fast forcing,-35.51111111111111,0.0,1.0,1.0,-1.0
Fast forcing,-35.46666666666667,0.0,1.0,1.0,-1.0
Fast forcing,-35.422222222222224,0.0,1.0,1.0,-1.0
Fast forcing,-35.37777777777778,0.0,1.0,1.0,-1.0
Fast forcing,-35.333333333333336,0.0,1.0,1.0,-1.0
Fast forcing,-35.28888888888889,0.0,1.0,1.0,-1.0
Fast forcing,-35.24444444444445,0.0,1.0,1.0,-1.0
Fast forcing,-35.2,0.0,1.0,1.0,-1.0
Fast forcing,-35.15555555555555,0.0,1.0,1.0,-1.0
Fast forcing,-35.111111111111114,0.0,1.0,1.0,-1.0
Fast forcing,-35.06666666666666,0.0,1.0,1.0,-1.0
Fast forcing,-35.022222222222226,0.0,1.0,1.0,-1.0
Fast forcing,-34.977777777777774,0.0,1.0,1.0,-1.0
Fast forcing,-34.93333333333334,0.0,1.0,1.0,-1.0
Fast forcing,-34.888888888888886,0.0,1.0,1.0,-1.0
Fast forcing,-34.84444444444444,0.0,1.0,1.0,-1.0
Fast forcing,-34.8,0.0,1.0,1.0,-1.0
Fast forcing,-34.75555555555555,0.0,1.0,1.0,-1.0
Fast forcing,-34.71111111111111,0.0,1.0,1.0,-1.0
Fast forcing,-34.666666666666664,0.0,1.0,1.0,-1.0
Fast forcing,-34.62222222222222,0.0,1.0,1.0,-1.0
Fast forcing,-34.577777777777776,0.0,1.0,1.0,-1.0
Fast forcing,-34.53333333333333,0.0,1.0,1.0,-1.0
Fast forcing,-34.48888888888889,0.0,1.0,1.0,-1.0
Fast forcing,-34.44444444444444,0.0,1.0,1.0,-1.0
Fast forcing,-34.4,0.0,1.0,1.0,-1.0
Fast forcing,-34.355555555555554,0.0,1.0,1.0,-1.0
Fast forcing,-34.31111111111111,0.0,1.0,1.0,-1.0
Fast forcing,-34.266666666666666,0.0,1.0,1.0,-1.0
Fast forcing,-34.22222222222222,0.0,1.0,1.0,-1.0
Fast forcing,-34.17777777777778,0.0,1.0,1.0,-1.0
Fast forcing,-34.13333333333333,0.0,1.0,1.0,-1.0
Fast forcing,-34.08888888888889,0.0,1.0,1.0,-1.0
Fast forcing,-34.044444444444444,0.0,1.0,1.0,-1.0
Fast forcing,-34.0,0.0,1.0,1.0,-1.0
Fast forcing,-33.955555555555556,0.0,1.0,1.0,-1.0
Fast forcing,-33.91111111111111,0.0,1.0,1.0,-1.0
Fast forcing,-33.86666666666667,0.0,1.0,1.0,-1.0
Fast forcing,-33.82222222222222,0.0,1.0,1.0,-1.0
Fast forcing,-33.77777777777778,0.0,1.0,1.0,-1.0
Fast forcing,-33.733333333333334,0.0,1.0,1.0,-1.0
Fast forcing,-33.68888888888889,0.0,1.0,1.0,-1.0
Fast forcing,-33.644444444444446,0.0,1.0,1.0,-1.0
Fast forcing,-33.6,0.0,1.0,1.0,-1.0
Fast forcing,-33.55555555555556,0.0,1.0,1.0,-1.0
Fast forcing,-33.51111111111111,0.0,1.0,1.0,-1.0
Fast forcing,-33.46666666666667,0.0,1.0,1.0,-1.0
Fast forcing,-33.422222222222224,0.0,1.0,1.0,-1.0
Fast forcing,-33.37777777777778,0.0,1.0,1.0,-1.0
Fast forcing,-33.333333333333336,0.0,1.0,1.0,-1.0
Fast forcing,-33.28888888888889,0.0,1.0,1.0,-1.0
Fast forcing,-33.24444444444445,0.0,1.0,1.0,-1.0
Fast forcing,-33.2,0.0,1.0,1.0,-1.0
Fast forcing,-33.15555555555555,0.0,1.0,1.0,-1.0
Fast forcing,-33.111111111111114,0.0,1.0,1.0,-1.0
Fast forcing,-33.06666666666666,0.0,1.0,1.0,-1.0
Fast forcing,-33.022222222222226,0.0,1.0,1.0,-1.0
Fast forcing,-32.977777777777774,0.0,1.0,1.0,-1.0
Fast forcing,-32.93333333333333,0.0,1.0,1.0,-1.0
Fast forcing,-32.888888888888886,0.0,1.0,1.0,-1.0
Fast forcing,-32.84444444444444,0.0,1.0,1.0,-1.0
Fast forcing,-32.8,0.0,1.0,1.0,-1.0
Fast forcing,-32.75555555555555,0.0,1.0,1.0,-1.0
Fast forcing,-32.71111111111111,0.0,1.0,1.0,-1.0
Fast forcing,-32.666666666666664,0.0,1.0,1.0,-1.0
Fast forcing,-32.62222222222222,0.0,1.0,1.0,-1.0
Fast forcing,-32.577777777777776,0.0,1.0,1.0,-1.0
Fast forcing,-32.53333333333333,0.0,1.0,1.0,-1.0
Fast forcing,-32.48888888888889,0.0,1.0,1.0,-1.0
Fast forcing,-32.44444444444444,0.0,1.0,1.0,-1.0
Fast forcing,-32.4,0.0,1.0,1.0,-1.0
Fast forcing,-32.355555555555554,0.0,1.0,1.0,-1.0
Fast forcing,-32.31111111111111,0.0,1.0,1.0,-1.0
Fast forcing,-32.266666666666666,0.0,1.0,1.0,-1.0
Fast forcing,-32.22222222222222,0.0,1.0,1.0,-1.0
Fast forcing,-32.17777777777778,0.0,1.0,1.0,-1.0
Fast forcing,-32.13333333333333,0.0,1.0,1.0,-1.0
Fast forcing,-32.08888888888889,0.0,1.0,1.0,-1.0
Fast forcing,-32.044444444444444,0.0,1.0,1.0,-1.0
Fast forcing,-32.0,0.0,1.0,1.0,-1.0
Fast forcing,-31.955555555555556,0.0,1.0,1.0,-1.0
Fast forcing,-31.91111111111111,0.0,1.0,1.0,-1.0
Fast forcing,-31.866666666666667,0.0,1.0,1.0,-1.0
Fast forcing,-31.822222222222223,0.0,1.0,1.0,-1.0
Fast forcing,-31.77777777777778,0.0,1.0,1.0,-1.0
Fast forcing,-31.733333333333334,0.0,1.0,1.0,-1.0
Fast forcing,-31.68888888888889,0.0,1.0,1.0,-1.0
Fast forcing,-31.644444444444446,0.0,1.0,1.0,-1.0
Fast forcing,-31.6,0.0,1.0,1.0,-1.0
Fast forcing,-31.555555555555557,0.0,1.0,1.0,-1.0
Fast forcing,-31.511111111111113,0.0,1.0,1.0,-1.0
Fast forcing,-31.46666666666667,0.0,1.0,1.0,-1.0
Fast forcing,-31.422222222222224,0.0,1.0,1.0,-1.0
Fast forcing,-31.37777777777778,0.0,1.0,1.0,-1.0
Fast forcing,-31.333333333333332,0.0,1.0,1.0,-1.0
Fast forcing,-31.288888888888888,0.0,1.0,1.0,-1.0
Fast forcing,-31.244444444444444,0.0,1.0,1.0,-1.0
Fast forcing,-31.2,0.0,1.0,1.0,-1.0
Fast forcing,-31.155555555555555,0.0,1.0,1.0,-1.0
Fast forcing,-31.11111111111111,0.0,1.0,1.0,-1.0
Fast forcing,-31.066666666666666,0.0,1.0,1.0,-1.0
Fast forcing,-31.022222222222222,0.0,1.0,1.0,-1.0
Fast forcing,-30.977777777777778,0.0,1.0,1.0,-1.0
Fast forcing,-30.933333333333334,0.0,1.0,1.0,-1.0
Fast forcing,-30.88888888888889,0.0,1.0,1.0,-1.0
Fast forcing,-30.84444444444444,0.0,1.0,1.0,-1.0
Fast forcing,-30.799999999999997,0.0,1.0,1.0,-1.0
Fast forcing,-30.755555555555553,0.0,1.0,1.0,-1.0
Fast forcing,-30.71111111111111,0.0,1.0,1.0,-1.0
Fast forcing,-30.666666666666664,0.0,1.0,1.0,-1.0
Fast forcing,-30.62222222222222,0.0,1.0,1.0,-1.0
Fast forcing,-30.577777777777776,0.0,1.0,1.0,-1.0
Fast forcing,-30.53333333333333,0.0,1.0,1.0,-1.0
Fast forcing,-30.488888888888887,0.0,1.0,1.0,-1.0
Fast forcing,-30.444444444444443,0.0,1.0,1.0,-1.0
Fast forcing,-30.4,0.0,1.0,1.0,-1.0
Fast forcing,-30.355555555555554,0.0,1.0,1.0,-1.0
Fast forcing,-30.31111111111111,0.0,1.0,1.0,-1.0
Fast forcing,-30.266666666666666,0.0,1.0,1.0,-1.0
Fast forcing,-30.22222222222222,0.0,1.0,1.0,-1.0
Fast forcing,-30.177777777777777,0.0,1.0,1.0,-1.0
Fast forcing,-30.133333333333333,0.0,1.0,1.0,-1.0
Fast forcing,-30.08888888888889,0.0,1.0,1.0,-1.0
Fast forcing,-30.044444444444444,0.0,1.0,1.0,-1.0
Fast forcing,-30.0,0.0,1.0,1.0,-1.0
Fast forcing,-29.955555555555556,0.0,1.0,1.0,-1.0
Fast forcing,-29.91111111111111,0.0,1.0,1.0,-1.0
Fast forcing,-29.866666666666667,0.0,1.0,1.0,-1.0
Fast forcing,-29.822222222222223,0.0,1.0,1.0,-1.0
Fast forcing,-29.77777777777778,0.0,1.0,1.0,-1.0
Fast forcing,-29.733333333333334,0.0,1.0,1.0,-1.0
Fast forcing,-29.68888888888889,0.0,1.0,1.0,-1.0
Fast forcing,-29.644444444444446,0.0,1.0,1.0,-1.0
Fast forcing,-29.6,0.0,1.0,1.0,-1.0
Fast forcing,-29.555555555555557,0.0,1.0,1.0,-1.0
Fast forcing,-29.511111111111113,0.0,1.0,1.0,-1.0
Fast forcing,-29.46666666666667,0.0,1.0,1.0,-1.0
Fast forcing,-29.422222222222224,0.0,1.0,1.0,-1.0
Fast forcing,-29.37777777777778,0.0,1.0,1.0,-1.0
Fast forcing,-29.333333333333332,0.0,1.0,1.0,-1.0
Fast forcing,-29.288888888888888,0.0,1.0,1.0,-1.0
Fast forcing,-29.244444444444444,0.0,1.0,1.0,-1.0
Fast forcing,-29.2,0.0,1.0,1.0,-1.0
Fast forcing,-29.155555555555555,0.0,1.0,1.0,-1.0
Fast forcing,-29.11111111111111,0.0,1.0,1.0,-1.0
Fast forcing,-29.066666666666666,0.0,1.0,1.0,-1.0
Fast forcing,-29.022222222222222,0.0,1.0,1.0,-1.0
Fast forcing,-28.977777777777778,0.0,1.0,1.0,-1.0
Fast forcing,-28.933333333333334,0.0,1.0,1.0,-1.0
Fast forcing,-28.88888888888889,0.0,1.0,1.0,-1.0
Fast forcing,-28.84444444444444,0.0,1.0,1.0,-1.0
Fast forcing,-28.799999999999997,0.0,1.0,1.0,-1.0
Fast forcing,-28.755555555555553,0.0,1.0,1.0,-1.0
Fast forcing,-28.71111111111111,0.0,1.0,1.0,-1.0
Fast forcing,-28.666666666666664,0.0,1.0,1.0,-1.0
Fast forcing,-28.62222222222222,0.0,1.0,1.0,-1.0
Fast forcing,-28.577777777777776,0.0,1.0,1.0,-1.0
Fast forcing,-28.53333333333333,0.0,1.0,1.0,-1.0
Fast forcing,-28.488888888888887,0.0,1.0,1.0,-1.0
Fast forcing,-28.444444444444443,0.0,1.0,1.0,-1.0
Fast forcing,-28.4,0.0,1.0,1.0,-1.0
Fast forcing,-28.355555555555554,0.0,1.0,1.0,-1.0
Fast forcing,-28.31111111111111,0.0,1.0,1.0,-1.0
Fast forcing,-28.266666666666666,0.0,1.0,1.0,-1.0
Fast forcing,-28.22222222222222,0.0,1.0,1.0,-1.0
Fast forcing,-28.177777777777777,0.0,1.0,1.0,-1.0
Fast forcing,-28.133333333333333,0.0,1.0,1.0,-1.0
Fast forcing,-28.08888888888889,0.0,1.0,1.0,-1.0
Fast forcing,-28.044444444444444,0.0,1.0,1.0,-1.0
Fast forcing,-28.0,0.0,1.0,1.0,-1.0
Fast forcing,-27.955555555555556,0.0,1.0,1.0,-1.0
Fast forcing,-27.91111111111111,0.0,1.0,1.0,-1.0
Fast forcing,-27.866666666666667,0.0,1.0,1.0,-1.0
Fast forcing,-27.822222222222223,0.0,1.0,1.0,-1.0
Fast forcing,-27.77777777777778,0.0,1.0,1.0,-1.0
Fast forcing,-27.733333333333334,0.0,1.0,1.0,-1.0
Fast forcing,-27.68888888888889,0.0,1.0,1.0,-1.0
Fast forcing,-27.644444444444446,0.0,1.0,1.0,-1.0
Fast forcing,-27.6,0.0,1.0,1.0,-1.0
Fast forcing,-27.555555555555557,0.0,1.0,1.0,-1.0
Fast forcing,-27.511111111111113,0.0,1.0,1.0,-1.0
Fast forcing,-27.46666666666667,0.0,1.0,1.0,-1.0
Fast forcing,-27.422222222222224,0.0,1.0,1.0,-1.0
Fast forcing,-27.377777777777776,0.0,1.0,1.0,-1.0
Fast forcing,-27.333333333333332,0.0,1.0,1.0,-1.0
Fast forcing,-27.288888888888888,0.0,1.0,1.0,-1.0
Fast forcing,-27.244444444444444,0.0,1.0,1.0,-1.0
Fast forcing,-27.2,0.0,1.0,1.0,-1.0
Fast forcing,-27.155555555555555,0.0,1.0,1.0,-1.0
Fast forcing,-27.11111111111111,0.0,1.0,1.0,-1.0
Fast forcing,-27.066666666666666,0.0,1.0,1.0,-1.0
Fast forcing,-27.022222222222222,0.0,1.0,1.0,-1.0
Fast forcing,-26.977777777777778,0.0,1.0,1.0,-1.0
Fast forcing,-26.933333333333334,0.0,1.0,1.0,-1.0
Fast forcing,-26.888888888888886,0.0,1.0,1.0,-1.0
Fast forcing,-26.84444444444444,0.0,1.0,1.0,-1.0
Fast forcing,-26.799999999999997,0.0,1.0,1.0,-1.0
Fast forcing,-26.755555555555553,0.0,1.0,1.0,-1.0
Fast forcing,-26.71111111111111,0.0,1.0,1.0,-1.0
Fast forcing,-26.666666666666664,0.0,1.0,1.0,-1.0
Fast forcing,-26.62222222222222,0.0,1.0,1.0,-1.0
Fast forcing,-26.577777777777776,0.0,1.0,1.0,-1.0
Fast forcing,-26.53333333333333,0.0,1.0,1.0,-1.0
Fast forcing,-26.488888888888887,0.0,1.0,1.0,-1.0
Fast forcing,-26.444444444444443,0.0,1.0,1.0,-1.0
Fast forcing,-26.4,0.0,1.0,1.0,-1.0
Fast forcing,-26.355555555555554,0.0,1.0,1.0,-1.0
Fast forcing,-26.31111111111111,0.0,1.0,1.0,-1.0
Fast forcing,-26.266666666666666,0.0,1.0,1.0,-1.0
Fast forcing,-26.22222222222222,0.0,1.0,1.0,-1.0
Fast forcing,-26.177777777777777,0.0,1.0,1.0,-1.0
Fast forcing,-26.133333333333333,0.0,1.0,1.0,-1.0
Fast forcing,-26.08888888888889,0.0,1.0,1.0,-1.0
Fast forcing,-26.044444444444444,0.0,1.0,1.0,-1.0
Fast forcing,-26.0,0.0,1.0,1.0,-1.0
Fast forcing,-25.955555555555556,0.0,1.0,1.0,-1.0
Fast forcing,-25.91111111111111,0.0,1.0,1.0,-1.0
Fast forcing,-25.866666666666667,0.0,1.0,1.0,-1.0
Fast forcing,-25.822222222222223,0.0,1.0,1.0,-1.0
Fast forcing,-25.77777777777778,0.0,1.0,1.0,-1.0
Fast forcing,-25.733333333333334,0.0,1.0,1.0,-1.0
Fast forcing,-25.68888888888889,0.0,1.0,1.0,-1.0
Fast forcing,-25.644444444444446,0.0,1.0,1.0,-1.0
Fast forcing,-25.6,0.0,1.0,1.0,-1.0
Fast forcing,-25.555555555555557,0.0,1.0,1.0,-1.0
Fast forcing,-25.511111111111113,0.0,1.0,1.0,-1.0
Fast forcing,-25.46666666666667,0.0,1.0,1.0,-1.0
Fast forcing,-25.422222222222224,0.0,1.0,1.0,-1.0
Fast forcing,-25.377777777777776,0.0,1.0,1.0,-1.0
Fast forcing,-25.333333333333332,0.0,1.0,1.0,-1.0
Fast forcing,-25.288888888888888,0.0,1.0,1.0,-1.0
Fast forcing,-25.244444444444444,0.0,1.0,1.0,-1.0
Fast forcing,-25.2,0.0,1.0,1.0,-1.0
Fast forcing,-25.155555555555555,0.0,1.0,1.0,-1.0
Fast forcing,-25.11111111111111,0.0,1.0,1.0,-1.0
Fast forcing,-25.066666666666666,0.0,1.0,1.0,-1.0
Fast forcing,-25.022222222222222,0.0,1.0,1.0,-1.0
Fast forcing,-24.977777777777778,0.0,1.0,1.0,-1.0
Fast forcing,-24.933333333333334,0.0,1.0,1.0,-1.0
Fast forcing,-24.888888888888886,0.0,1.0,1.0,-1.0
Fast forcing,-24.84444444444444,0.0,1.0,1.0,-1.0
Fast forcing,-24.799999999999997,0.0,1.0,1.0,-1.0
Fast forcing,-24.755555555555553,0.0,1.0,1.0,-1.0
Fast forcing,-24.71111111111111,0.0,1.0,1.0,-1.0
Fast forcing,-24.666666666666664,0.0,1.0,1.0,-1.0
Fast forcing,-24.62222222222222,0.0,1.0,1.0,-1.0
Fast forcing,-24.577777777777776,0.0,1.0,1.0,-1.0
Fast forcing,-24.53333333333333,0.0,1.0,1.0,-1.0
Fast forcing,-24.488888888888887,0.0,1.0,1.0,-1.0
Fast forcing,-24.444444444444443,0.0,1.0,1.0,-1.0
Fast forcing,-24.4,0.0,1.0,1.0,-1.0
Fast forcing,-24.355555555555554,0.0,1.0,1.0,-1.0
Fast forcing,-24.31111111111111,0.0,1.0,1.0,-1.0
Fast forcing,-24.266666666666666,0.0,1.0,1.0,-1.0
Fast forcing,-24.22222222222222,0.0,1.0,1.0,-1.0
Fast forcing,-24.177777777777777,0.0,1.0,1.0,-1.0
Fast forcing,-24.133333333333333,0.0,1.0,1.0,-1.0
Fast forcing,-24.08888888888889,0.0,1.0,1.0,-1.0
Fast forcing,-24.044444444444444,0.0,1.0,1.0,-1.0
Fast forcing,-24.0,0.0,1.0,1.0,-1.0
Fast forcing,-23.955555555555556,0.0,1.0,1.0,-1.0
Fast forcing,-23.91111111111111,0.0,1.0,1.0,-1.0
Fast forcing,-23.866666666666667,0.0,1.0,1.0,-1.0
Fast forcing,-23.822222222222223,0.0,1.0,1.0,-1.0
Fast forcing,-23.77777777777778,0.0,1.0,1.0,-1.0
Fast forcing,-23.733333333333334,0.0,1.0,1.0,-1.0
Fast forcing,-23.68888888888889,0.0,1.0,1.0,-1.0
Fast forcing,-23.644444444444442,0.0,1.0,1.0,-1.0
Fast forcing,-23.599999999999998,0.0,1.0,1.0,-1.0
Fast forcing,-23.555555555555554,0.0,1.0,1.0,-1.0
Fast forcing,-23.51111111111111,0.0,1.0,1.0,-1.0
Fast forcing,-23.466666666666665,0.0,1.0,1.0,-1.0
Fast forcing,-23.42222222222222,0.0,1.0,1.0,-1.0
Fast forcing,-23.377777777777776,0.0,1.0,1.0,-1.0
Fast forcing,-23.333333333333332,0.0,1.0,1.0,-1.0
Fast forcing,-23.288888888888888,0.0,1.0,1.0,-1.0
Fast forcing,-23.244444444444444,0.0,1.0,1.0,-1.0
Fast forcing,-23.2,0.0,1.0,1.0,-1.0
Fast forcing,-23.155555555555555,0.0,1.0,1.0,-1.0
Fast forcing,-23.11111111111111,0.0,1.0,1.0,-1.0
Fast forcing,-23.066666666666666,0.0,1.0,1.0,-1.0
Fast forcing,-23.022222222222222,0.0,1.0,1.0,-1.0
Fast forcing,-22.977777777777778,0.0,1.0,1.0,-1.0
Fast forcing,-22.933333333333334,0.0,1.0,1.0,-1.0
Fast forcing,-22.88888888888889,0.0,1.0,1.0,-1.0
Fast forcing,-22.844444444444445,0.0,1.0,1.0,-1.0
Fast forcing,-22.8,0.0,1.0,1.0,-1.0
Fast forcing,-22.755555555555556,0.0,1.0,1.0,-1.0
Fast forcing,-22.711111111111112,0.0,1.0,1.0,-1.0
Fast forcing,-22.666666666666664,0.0,1.0,1.0,-1.0
Fast forcing,-22.62222222222222,0.0,1.0,1.0,-1.0
Fast forcing,-22.577777777777776,0.0,1.0,1.0,-1.0
Fast forcing,-22.53333333333333,0.0,1.0,1.0,-1.0
Fast forcing,-22.488888888888887,0.0,1.0,1.0,-1.0
Fast forcing,-22.444444444444443,0.0,1.0,1.0,-1.0
Fast forcing,-22.4,0.0,1.0,1.0,-1.0
Fast forcing,-22.355555555555554,0.0,1.0,1.0,-1.0
Fast forcing,-22.31111111111111,0.0,1.0,1.0,-1.0
Fast forcing,-22.266666666666666,0.0,1.0,1.0,-1.0
Fast forcing,-22.22222222222222,0.0,1.0,1.0,-1.0
Fast forcing,-22.177777777777777,0.0,1.0,1.0,-1.0
Fast forcing,-22.133333333333333,0.0,1.0,1.0,-1.0
Fast forcing,-22.08888888888889,0.0,1.0,1.0,-1.0
Fast forcing,-22.044444444444444,0.0,1.0,1.0,-1.0
Fast forcing,-22.0,0.0,1.0,1.0,-1.0
Fast forcing,-21.955555555555556,0.0,1.0,1.0,-1.0
Fast forcing,-21.91111111111111,0.0,1.0,1.0,-1.0
Fast forcing,-21.866666666666667,0.0,1.0,1.0,-1.0
Fast forcing,-21.822222222222223,0.0,1.0,1.0,-1.0
Fast forcing,-21.77777777777778,0.0,1.0,1.0,-1.0
Fast forcing,-21.733333333333334,0.0,1.0,1.0,-1.0
Fast forcing,-21.688888888888886,0.0,1.0,1.0,-1.0
Fast forcing,-21.644444444444442,0.0,1.0,1.0,-1.0
Fast forcing,-21.599999999999998,0.0,1.0,1.0,-1.0
Fast forcing,-21.555555555555554,0.0,1.0,1.0,-1.0
Fast forcing,-21.51111111111111,0.0,1.0,1.0,-1.0
Fast forcing,-21.466666666666665,0.0,1.0,1.0,-1.0
Fast forcing,-21.42222222222222,0.0,1.0,1.0,-1.0
Fast forcing,-21.377777777777776,0.0,1.0,1.0,-1.0
Fast forcing,-21.333333333333332,0.0,1.0,1.0,-1.0
Fast forcing,-21.288888888888888,0.0,1.0,1.0,-1.0
Fast forcing,-21.244444444444444,0.0,1.0,1.0,-1.0
Fast forcing,-21.2,0.0,1.0,1.0,-1.0
Fast forcing,-21.155555555555555,0.0,1.0,1.0,-1.0
Fast forcing,-21.11111111111111,0.0,1.0,1.0,-1.0
Fast forcing,-21.066666666666666,0.0,1.0,1.0,-1.0
Fast forcing,-21.022222222222222,0.0,1.0,1.0,-1.0
Fast forcing,-20.977777777777778,0.0,1.0,1.0,-1.0
Fast forcing,-20.933333333333334,0.0,1.0,1.0,-1.0
Fast forcing,-20.88888888888889,0.0,1.0,1.0,-1.0
Fast forcing,-20.844444444444445,0.0,1.0,1.0,-1.0
Fast forcing,-20.8,0.0,1.0,1.0,-1.0
Fast forcing,-20.755555555555556,0.0,1.0,1.0,-1.0
Fast forcing,-20.711111111111112,0.0,1.0,1.0,-1.0
Fast forcing,-20.666666666666664,0.0,1.0,1.0,-1.0
Fast forcing,-20.62222222222222,0.0,1.0,1.0,-1.0
Fast forcing,-20.577777777777776,0.0,1.0,1.0,-1.0
Fast forcing,-20.53333333333333,0.0,1.0,1.0,-1.0
Fast forcing,-20.488888888888887,0.0,1.0,1.0,-1.0
Fast forcing,-20.444444444444443,0.0,1.0,1.0,-1.0
Fast forcing,-20.4,0.0,1.0,1.0,-1.0
Fast forcing,-20.355555555555554,0.0,1.0,1.0,-1.0
Fast forcing,-20.31111111111111,0.0,1.0,1.0,-1.0
Fast forcing,-20.266666666666666,0.0,1.0,1.0,-1.0
Fast forcing,-20.22222222222222,0.0,1.0,1.0,-1.0
Fast forcing,-20.177777777777777,0.0,1.0,1.0,-1.0
Fast forcing,-20.133333333333333,0.0,1.0,1.0,-1.0
Fast forcing,-20.08888888888889,0.0,1.0,1.0,-1.0
Fast forcing,-20.044444444444444,0.0,1.0,1.0,-1.0
Fast forcing,-20.0,0.0,1.0,1.0,-1.0
Fast forcing,-19.955555555555556,0.0,1.0,1.0,-1.0
Fast forcing,-19.91111111111111,0.0,1.0,1.0,-1.0
Fast forcing,-19.866666666666667,0.0,1.0,1.0,-1.0
Fast forcing,-19.822222222222223,0.0,1.0,1.0,-1.0
Fast forcing,-19.77777777777778,0.0,1.0,1.0,-1.0
Fast forcing,-19.733333333333334,0.0,1.0,1.0,-1.0
Fast forcing,-19.688888888888886,0.0,1.0,1.0,-1.0
Fast forcing,-19.644444444444442,0.0,1.0,1.0,-1.0
Fast forcing,-19.599999999999998,0.0,1.0,1.0,-1.0
Fast forcing,-19.555555555555554,0.0,1.0,1.0,-1.0
Fast forcing,-19.51111111111111,0.0,1.0,1.0,-1.0
Fast forcing,-19.466666666666665,0.0,1.0,1.0,-1.0
Fast forcing,-19.42222222222222,0.0,1.0,1.0,-1.0
Fast forcing,-19.377777777777776,0.0,1.0,1.0,-1.0
Fast forcing,-19.333333333333332,0.0,1.0,1.0,-1.0
Fast forcing,-19.288888888888888,0.0,1.0,1.0,-1.0
Fast forcing,-19.244444444444444,0.0,1.0,1.0,-1.0
Fast forcing,-19.2,0.0,1.0,1.0,-1.0
Fast forcing,-19.155555555555555,0.0,1.0,1.0,-1.0
Fast forcing,-19.11111111111111,0.0,1.0,1.0,-1.0
Fast forcing,-19.066666666666666,0.0,1.0,1.0,-1.0
Fast forcing,-19.022222222222222,0.0,1.0,1.0,-1.0
Fast forcing,-18.977777777777778,0.0,1.0,1.0,-1.0
Fast forcing,-18.933333333333334,0.0,1.0,1.0,-1.0
Fast forcing,-18.88888888888889,0.0,1.0,1.0,-1.0
Fast forcing,-18.844444444444445,0.0,1.0,1.0,-1.0
Fast forcing,-18.8,0.0,1.0,1.0,-1.0
Fast forcing,-18.755555555555556,0.0,1.0,1.0,-1.0
Fast forcing,-18.71111111111111,0.0,1.0,1.0,-1.0
Fast forcing,-18.666666666666664,0.0,1.0,1.0,-1.0
Fast forcing,-18.62222222222222,0.0,1.0,1.0,-1.0
Fast forcing,-18.577777777777776,0.0,1.0,1.0,-1.0
Fast forcing,-18.53333333333333,0.0,1.0,1.0,-1.0
Fast forcing,-18.488888888888887,0.0,1.0,1.0,-1.0
Fast forcing,-18.444444444444443,0.0,1.0,1.0,-1.0
Fast forcing,-18.4,0.0,1.0,1.0,-1.0
Fast forcing,-18.355555555555554,0.0,1.0,1.0,-1.0
Fast forcing,-18.31111111111111,0.0,1.0,1.0,-1.0
Fast forcing,-18.266666666666666,0.0,1.0,1.0,-1.0
Fast forcing,-18.22222222222222,0.0,1.0,1.0,-1.0
Fast forcing,-18.177777777777777,0.0,1.0,1.0,-1.0
Fast forcing,-18.133333333333333,0.0,1.0,1.0,-1.0
Fast forcing,-18.08888888888889,0.0,1.0,1.0,-1.0
Fast forcing,-18.044444444444444,0.0,1.0,1.0,-1.0
Fast forcing,-18.0,0.0,1.0,1.0,-1.0
Fast forcing,-17.955555555555556,0.0,1.0,1.0,-1.0
Fast forcing,-17.91111111111111,0.0,1.0,1.0,-1.0
Fast forcing,-17.866666666666667,0.0,1.0,1.0,-1.0
Fast forcing,-17.822222222222223,0.0,1.0,1.0,-1.0
Fast forcing,-17.77777777777778,0.0,1.0,1.0,-1.0
Fast forcing,-17.73333333333333,0.0,1.0,1.0,-1.0
Fast forcing,-17.688888888888886,0.0,1.0,1.0,-1.0
Fast forcing,-17.644444444444442,0.0,1.0,1.0,-1.0
Fast forcing,-17.599999999999998,0.0,1.0,1.0,-1.0
Fast forcing,-17.555555555555554,0.0,1.0,1.0,-1.0
Fast forcing,-17.51111111111111,0.0,1.0,1.0,-1.0
Fast forcing,-17.466666666666665,0.0,1.0,1.0,-1.0
Fast forcing,-17.42222222222222,0.0,1.0,1.0,-1.0
Fast forcing,-17.377777777777776,0.0,1.0,1.0,-1.0
Fast forcing,-17.333333333333332,0.0,1.0,1.0,-1.0
Fast forcing,-17.288888888888888,0.0,1.0,1.0,-1.0
Fast forcing,-17.244444444444444,0.0,1.0,1.0,-1.0
Fast forcing,-17.2,0.0,1.0,1.0,-1.0
Fast forcing,-17.155555555555555,0.0,1.0,1.0,-1.0
Fast forcing,-17.11111111111111,0.0,1.0,1.0,-1.0
Fast forcing,-17.066666666666666,0.0,1.0,1.0,-1.0
Fast forcing,-17.022222222222222,0.0,1.0,1.0,-1.0
Fast forcing,-16.977777777777778,0.0,1.0,1.0,-1.0
Fast forcing,-16.933333333333334,0.0,1.0,1.0,-1.0
Fast forcing,-16.88888888888889,0.0,1.0,1.0,-1.0
Fast forcing,-16.844444444444445,0.0,1.0,1.0,-1.0
Fast forcing,-16.8,0.0,1.0,1.0,-1.0
Fast forcing,-16.755555555555556,0.0,1.0,1.0,-1.0
Fast forcing,-16.71111111111111,0.0,1.0,1.0,-1.0
Fast forcing,-16.666666666666664,0.0,1.0,1.0,-1.0
Fast forcing,-16.62222222222222,0.0,1.0,1.0,-1.0
Fast forcing,-16.577777777777776,0.0,1.0,1.0,-1.0
Fast forcing,-16.53333333333333,0.0,1.0,1.0,-1.0
Fast forcing,-16.488888888888887,0.0,1.0,1.0,-1.0
Fast forcing,-16.444444444444443,0.0,1.0,1.0,-1.0
Fast forcing,-16.4,0.0,1.0,1.0,-1.0
Fast forcing,-16.355555555555554,0.0,1.0,1.0,-1.0
Fast forcing,-16.31111111111111,0.0,1.0,1.0,-1.0
Fast forcing,-16.266666666666666,0.0,1.0,1.0,-1.0
Fast forcing,-16.22222222222222,0.0,1.0,1.0,-1.0
Fast forcing,-16.177777777777777,0.0,1.0,1.0,-1.0
Fast forcing,-16.133333333333333,0.0,1.0,1.0,-1.0
Fast forcing,-16.08888888888889,0.0,1.0,1.0,-1.0
Fast forcing,-16.044444444444444,0.0,1.0,1.0,-1.0
Fast forcing,-16.0,0.0,1.0,1.0,-1.0
Fast forcing,-15.955555555555556,0.0,1.0,1.0,-1.0
Fast forcing,-15.911111111111111,0.0,1.0,1.0,-1.0
Fast forcing,-15.866666666666667,0.0,1.0,1.0,-1.0
Fast forcing,-15.822222222222223,0.0,1.0,1.0,-1.0
Fast forcing,-15.777777777777779,0.0,1.0,1.0,-1.0
Fast forcing,-15.73333333333333,0.0,1.0,1.0,-1.0
Fast forcing,-15.688888888888886,0.0,1.0,1.0,-1.0
Fast forcing,-15.644444444444442,0.0,1.0,1.0,-1.0
Fast forcing,-15.599999999999998,0.0,1.0,1.0,-1.0
Fast forcing,-15.555555555555554,0.0,1.0,1.0,-1.0
Fast forcing,-15.51111111111111,0.0,1.0,1.0,-1.0
Fast forcing,-15.466666666666665,0.0,1.0,1.0,-1.0
Fast forcing,-15.42222222222222,0.0,1.0,1.0,-1.0
Fast forcing,-15.377777777777776,0.0,1.0,1.0,-1.0
Fast forcing,-15.333333333333332,0.0,1.0,1.0,-1.0
Fast forcing,-15.288888888888888,0.0,1.0,1.0,-1.0
Fast forcing,-15.244444444444444,0.0,1.0,1.0,-1.0
Fast forcing,-15.2,0.0,1.0,1.0,-1.0
Fast forcing,-15.155555555555555,0.0,1.0,1.0,-1.0
Fast forcing,-15.11111111111111,0.0,1.0,1.0,-1.0
Fast forcing,-15.066666666666666,0.0,1.0,1.0,-1.0
Fast forcing,-15.022222222222222,0.0,1.0,1.0,-1.0
Fast forcing,-14.977777777777778,0.0,1.0,1.0,-1.0
Fast forcing,-14.933333333333334,0.0,1.0,1.0,-1.0
Fast forcing,-14.88888888888889,0.0,1.0,1.0,-1.0
Fast forcing,-14.844444444444445,0.0,1.0,1.0,-1.0
Fast forcing,-14.8,0.0,1.0,1.0,-1.0
Fast forcing,-14.755555555555553,0.0,1.0,1.0,-1.0
Fast forcing,-14.711111111111109,0.0,1.0,1.0,-1.0
Fast forcing,-14.666666666666664,0.0,1.0,1.0,-1.0
Fast forcing,-14.62222222222222,0.0,1.0,1.0,-1.0
Fast forcing,-14.577777777777776,0.0,1.0,1.0,-1.0
Fast forcing,-14.533333333333331,0.0,1.0,1.0,-1.0
Fast forcing,-14.488888888888887,0.0,1.0,1.0,-1.0
Fast forcing,-14.444444444444443,0.0,1.0,1.0,-1.0
Fast forcing,-14.399999999999999,0.0,1.0,1.0,-1.0
Fast forcing,-14.355555555555554,0.0,1.0,1.0,-1.0
Fast forcing,-14.31111111111111,0.0,1.0,1.0,-1.0
Fast forcing,-14.266666666666666,0.0,1.0,1.0,-1.0
Fast forcing,-14.222222222222221,0.0,1.0,1.0,-1.0
Fast forcing,-14.177777777777777,0.0,1.0,1.0,-1.0
Fast forcing,-14.133333333333333,0.0,1.0,1.0,-1.0
Fast forcing,-14.088888888888889,0.0,1.0,1.0,-1.0
Fast forcing,-14.044444444444444,0.0,1.0,1.0,-1.0
Fast forcing,-14.0,0.0,1.0,1.0,-1.0
Fast forcing,-13.955555555555556,0.0,1.0,1.0,-1.0
Fast forcing,-13.911111111111111,0.0,1.0,1.0,-1.0
Fast forcing,-13.866666666666667,0.0,1.0,1.0,-1.0
Fast forcing,-13.822222222222223,0.0,1.0,1.0,-1.0
Fast forcing,-13.777777777777775,0.0,1.0,1.0,-1.0
Fast forcing,-13.73333333333333,0.0,1.0,1.0,-1.0
Fast forcing,-13.688888888888886,0.0,1.0,1.0,-1.0
Fast forcing,-13.644444444444442,0.0,1.0,1.0,-1.0
Fast forcing,-13.599999999999998,0.0,1.0,1.0,-1.0
Fast forcing,-13.555555555555554,0.0,1.0,1.0,-1.0
Fast forcing,-13.51111111111111,0.0,1.0,1.0,-1.0
Fast forcing,-13.466666666666665,0.0,1.0,1.0,-1.0
Fast forcing,-13.42222222222222,0.0,1.0,1.0,-1.0
Fast forcing,-13.377777777777776,0.0,1.0,1.0,-1.0
Fast forcing,-13.333333333333332,0.0,1.0,1.0,-1.0
Fast forcing,-13.288888888888888,0.0,1.0,1.0,-1.0
Fast forcing,-13.244444444444444,0.0,1.0,1.0,-1.0
Fast forcing,-13.2,0.0,1.0,1.0,-1.0
Fast forcing,-13.155555555555555,0.0,1.0,1.0,-1.0
Fast forcing,-13.11111111111111,0.0,1.0,1.0,-1.0
Fast forcing,-13.066666666666666,0.0,1.0,1.0,-1.0
Fast forcing,-13.022222222222222,0.0,1.0,1.0,-1.0
Fast forcing,-12.977777777777778,0.0,1.0,1.0,-1.0
Fast forcing,-12.933333333333334,0.0,1.0,1.0,-1.0
Fast forcing,-12.88888888888889,0.0,1.0,1.0,-1.0
Fast forcing,-12.844444444444445,0.0,1.0,1.0,-1.0
Fast forcing,-12.8,0.0,1.0,1.0,-1.0
Fast forcing,-12.755555555555553,0.0,1.0,1.0,-1.0
Fast forcing,-12.711111111111109,0.0,1.0,1.0,-1.0
Fast forcing,-12.666666666666664,0.0,1.0,1.0,-1.0
Fast forcing,-12.62222222222222,0.0,1.0,1.0,-1.0
Fast forcing,-12.577777777777776,0.0,1.0,1.0,-1.0
Fast forcing,-12.533333333333331,0.0,1.0,1.0,-1.0
Fast forcing,-12.488888888888887,0.0,1.0,1.0,-1.0
Fast forcing,-12.444444444444443,0.0,1.0,1.0,-1.0
Fast forcing,-12.399999999999999,0.0,1.0,1.0,-1.0
Fast forcing,-12.355555555555554,0.0,1.0,1.0,-1.0
Fast forcing,-12.31111111111111,0.0,1.0,1.0,-1.0
Fast forcing,-12.266666666666666,0.0,1.0,1.0,-1.0
Fast forcing,-12.222222222222221,0.0,1.0,1.0,-1.0
Fast forcing,-12.177777777777777,0.0,1.0,1.0,-1.0
Fast forcing,-12.133333333333333,0.0,1.0,1.0,-1.0
Fast forcing,-12.088888888888889,0.0,1.0,1.0,-1.0
Fast forcing,-12.044444444444444,0.0,1.0,1.0,-1.0
Fast forcing,-12.0,0.0,1.0,1.0,-1.0
Fast forcing,-11.955555555555556,0.0,1.0,1.0,-1.0
Fast forcing,-11.911111111111111,0.0,1.0,1.0,-1.0
Fast forcing,-11.866666666666667,0.0,1.0,1.0,-1.0
Fast forcing,-11.822222222222223,0.0,1.0,1.0,-1.0
Fast forcing,-11.777777777777775,0.0,1.0,1.0,-1.0
Fast forcing,-11.73333333333333,0.0,1.0,1.0,-1.0
Fast forcing,-11.688888888888886,0.0,1.0,1.0,-1.0
Fast forcing,-11.644444444444442,0.0,1.0,1.0,-1.0
Fast forcing,-11.599999999999998,0.0,1.0,1.0,-1.0
Fast forcing,-11.555555555555554,0.0,1.0,1.0,-1.0
Fast forcing,-11.51111111111111,0.0,1.0,1.0,-1.0
Fast forcing,-11.466666666666665,0.0,1.0,1.0,-1.0
Fast forcing,-11.42222222222222,0.0,1.0,1.0,-1.0
Fast forcing,-11.377777777777776,0.0,1.0,1.0,-1.0
Fast forcing,-11.333333333333332,0.0,1.0,1.0,-1.0
Fast forcing,-11.288888888888888,0.0,1.0,1.0,-1.0
Fast forcing,-11.244444444444444,0.0,1.0,1.0,-1.0
Fast forcing,-11.2,0.0,1.0,1.0,-1.0
Fast forcing,-11.155555555555555,0.0,1.0,1.0,-1.0
Fast forcing,-11.11111111111111,0.0,1.0,1.0,-1.0
Fast forcing,-11.066666666666666,0.0,1.0,1.0,-1.0
Fast forcing,-11.022222222222222,0.0,1.0,1.0,-1.0
Fast forcing,-10.977777777777778,0.0,1.0,1.0,-1.0
Fast forcing,-10.933333333333334,0.0,1.0,1.0,-1.0
Fast forcing,-10.88888888888889,0.0,1.0,1.0,-1.0
Fast forcing,-10.844444444444445,0.0,1.0,1.0,-1.0
Fast forcing,-10.799999999999997,0.0,1.0,1.0,-1.0
Fast forcing,-10.755555555555553,0.0,1.0,1.0,-1.0
Fast forcing,-10.711111111111109,0.0,1.0,1.0,-1.0
Fast forcing,-10.666666666666664,0.0,1.0,1.0,-1.0
Fast forcing,-10.62222222222222,0.0,1.0,1.0,-1.0
Fast forcing,-10.577777777777776,0.0,1.0,1.0,-1.0
Fast forcing,-10.533333333333331,0.0,1.0,1.0,-1.0
Fast forcing,-10.488888888888887,0.0,1.0,1.0,-1.0
Fast forcing,-10.444444444444443,0.0,1.0,1.0,-1.0
Fast forcing,-10.399999999999999,0.0,1.0,1.0,-1.0
Fast forcing,-10.355555555555554,0.0,1.0,1.0,-1.0
Fast forcing,-10.31111111111111,0.0,1.0,1.0,-1.0
Fast forcing,-10.266666666666666,0.0,1.0,1.0,-1.0
Fast forcing,-10.222222222222221,0.0,1.0,1.0,-1.0
Fast forcing,-10.177777777777777,0.0,1.0,1.0,-1.0
Fast forcing,-10.133333333333333,0.0,1.0,1.0,-1.0
Fast forcing,-10.088888888888889,0.0,1.0,1.0,-1.0
Fast forcing,-10.044444444444444,0.0,1.0,1.0,-1.0
Fast forcing,-10.0,0.0,1.0,1.0,-1.0
Fast forcing,-9.955555555555556,0.0,1.0,1.0,-1.0
Fast forcing,-9.911111111111111,0.0,1.0,1.0,-1.0
Fast forcing,-9.866666666666667,0.0,1.0,1.0,-1.0
Fast forcing,-9.82222222222222,0.0,1.0,1.0,-1.0
Fast forcing,-9.777777777777775,0.0,1.0,1.0,-1.0
Fast forcing,-9.73333333333333,0.0,1.0,1.0,-1.0
Fast forcing,-9.688888888888886,0.0,1.0,1.0,-1.0
Fast forcing,-9.644444444444442,0.0,1.0,1.0,-1.0
Fast forcing,-9.599999999999998,0.0,1.0,1.0,-1.0
Fast forcing,-9.555555555555554,0.0,1.0,1.0,-1.0
Fast forcing,-9.51111111111111,0.0,1.0,1.0,-1.0
Fast forcing,-9.466666666666665,0.0,1.0,1.0,-1.0
Fast forcing,-9.42222222222222,0.0,1.0,1.0,-1.0
Fast forcing,-9.377777777777776,0.0,1.0,1.0,-1.0
Fast forcing,-9.333333333333332,0.0,1.0,1.0,-1.0
Fast forcing,-9.288888888888888,0.0,1.0,1.0,-1.0
Fast forcing,-9.244444444444444,0.0,1.0,1.0,-1.0
Fast forcing,-9.2,0.0,1.0,1.0,-1.0
Fast forcing,-9.155555555555555,0.0,1.0,1.0,-1.0
Fast forcing,-9.11111111111111,0.0,1.0,1.0,-1.0
Fast forcing,-9.066666666666666,0.0,1.0,1.0,-1.0
Fast forcing,-9.022222222222222,0.0,1.0,1.0,-1.0
Fast forcing,-8.977777777777778,0.0,1.0,1.0,-1.0
Fast forcing,-8.933333333333334,0.0,1.0,1.0,-1.0
Fast forcing,-8.88888888888889,0.0,1.0,1.0,-1.0
Fast forcing,-8.844444444444445,0.0,1.0,1.0,-1.0
Fast forcing,-8.799999999999997,0.0,1.0,1.0,-1.0
Fast forcing,-8.755555555555553,0.0,1.0,1.0,-1.0
Fast forcing,-8.711111111111109,0.0,1.0,1.0,-1.0
Fast forcing,-8.666666666666664,0.0,1.0,1.0,-1.0
Fast forcing,-8.62222222222222,0.0,1.0,1.0,-1.0
Fast forcing,-8.577777777777776,0.0,1.0,1.0,-1.0
Fast forcing,-8.533333333333331,0.0,1.0,1.0,-1.0
Fast forcing,-8.488888888888887,0.0,1.0,1.0,-1.0
Fast forcing,-8.444444444444443,0.0,1.0,1.0,-1.0
Fast forcing,-8.399999999999999,0.0,1.0,1.0,-1.0
Fast forcing,-8.355555555555554,0.0,1.0,1.0,-1.0
Fast forcing,-8.31111111111111,0.0,1.0,1.0,-1.0
Fast forcing,-8.266666666666666,0.0,1.0,1.0,-1.0
Fast forcing,-8.222222222222221,0.0,1.0,1.0,-1.0
Fast forcing,-8.177777777777777,0.0,1.0,1.0,-1.0
Fast forcing,-8.133333333333333,0.0,1.0,1.0,-1.0
Fast forcing,-8.088888888888889,0.0,1.0,1.0,-1.0
Fast forcing,-8.044444444444444,0.0,1.0,1.0,-1.0
Fast forcing,-8.0,0.0,1.0,1.0,-1.0
Fast forcing,-7.955555555555556,0.0,1.0,1.0,-1.0
Fast forcing,-7.911111111111111,0.0,1.0,1.0,-1.0
Fast forcing,-7.866666666666667,0.0,1.0,1.0,-1.0
Fast forcing,-7.822222222222223,0.0,1.0,1.0,-1.0
Fast forcing,-7.777777777777779,0.0,1.0,1.0,-1.0
Fast forcing,-7.733333333333334,0.0,1.0,1.0,-1.0
Fast forcing,-7.68888888888889,0.0,1.0,1.0,-1.0
Fast forcing,-7.644444444444446,0.0,1.0,1.0,-1.0
Fast forcing,-7.600000000000001,0.0,1.0,1.0,-1.0
Fast forcing,-7.555555555555557,0.0,1.0,1.0,-1.0
Fast forcing,-7.511111111111113,0.0,1.0,1.0,-1.0
Fast forcing,-7.466666666666669,0.0,1.0,1.0,-1.0
Fast forcing,-7.422222222222224,0.0,1.0,1.0,-1.0
Fast forcing,-7.37777777777778,0.0,1.0,1.0,-1.0
Fast forcing,-7.333333333333329,0.0,1.0,1.0,-1.0
Fast forcing,-7.288888888888884,0.0,1.0,1.0,-1.0
Fast forcing,-7.24444444444444,0.0,1.0,1.0,-1.0
Fast forcing,-7.199999999999996,0.0,1.0,1.0,-1.0
Fast forcing,-7.1555555555555515,0.0,1.0,1.0,-1.0
Fast forcing,-7.111111111111107,0.0,1.0,1.0,-1.0
Fast forcing,-7.066666666666663,0.0,1.0,1.0,-1.0
Fast forcing,-7.022222222222219,0.0,1.0,1.0,-1.0
Fast forcing,-6.977777777777774,0.0,1.0,1.0,-1.0
Fast forcing,-6.93333333333333,0.0,1.0,1.0,-1.0
Fast forcing,-6.888888888888886,0.0,1.0,1.0,-1.0
Fast forcing,-6.8444444444444414,0.0,1.0,1.0,-1.0
Fast forcing,-6.799999999999997,0.0,1.0,1.0,-1.0
Fast forcing,-6.755555555555553,0.0,1.0,1.0,-1.0
Fast forcing,-6.711111111111109,0.0,1.0,1.0,-1.0
Fast forcing,-6.666666666666664,0.0,1.0,1.0,-1.0
Fast forcing,-6.62222222222222,0.0,1.0,1.0,-1.0
Fast forcing,-6.577777777777776,0.0,1.0,1.0,-1.0
Fast forcing,-6.533333333333331,0.0,1.0,1.0,-1.0
Fast forcing,-6.488888888888887,0.0,1.0,1.0,-1.0
Fast forcing,-6.444444444444443,0.0,1.0,1.0,-1.0
Fast forcing,-6.399999999999999,0.0,1.0,1.0,-1.0
Fast forcing,-6.355555555555554,0.0,1.0,1.0,-1.0
Fast forcing,-6.31111111111111,8.326672684688674e-17,1.0,1.0,-0.9999999999999999
Fast forcing,-6.266666666666666,8.326672684688674e-17,1.0,1.0,-0.9999999999999999
Fast forcing,-6.222222222222221,8.326672684688674e-17,1.0,1.0,-0.9999999999999999
Fast forcing,-6.177777777777777,8.326672684688674e-17,1.0,1.0,-0.9999999999999999
Fast forcing,-6.133333333333333,1.6653345369377348e-16,1.0,1.0000000000000002,-0.9999999999999998
Fast forcing,-6.088888888888889,1.6653345369377348e-16,1.0,1.0000000000000002,-0.9999999999999998
Fast forcing,-6.044444444444444,2.498001805406602e-16,1.0,1.0000000000000002,-0.9999999999999998
Fast forcing,-6.0,3.3306690738754696e-16,1.0,1.0000000000000004,-0.9999999999999997
Fast forcing,-5.955555555555556,4.163336342344337e-16,1.0,1.0000000000000004,-0.9999999999999996
Fast forcing,-5.911111111111111,5.828670879282072e-16,1.0,1.0000000000000007,-0.9999999999999994
Fast forcing,-5.866666666666667,7.494005416219807e-16,1.0,1.0000000000000007,-0.9999999999999992
Fast forcing,-5.822222222222223,9.992007221626409e-16,1.0000000000000002,1.0000000000000009,-0.999999999999999
Fast forcing,-5.777777777777779,1.3322676295501878e-15,1.0000000000000002,1.0000000000000013,-0.9999999999999987
Fast forcing,-5.733333333333334,1.7486012637846216e-15,1.0000000000000002,1.0000000000000018,-0.9999999999999982
Fast forcing,-5.68888888888889,2.248201624865942e-15,1.0000000000000004,1.0000000000000022,-0.9999999999999978
Fast forcing,-5.644444444444446,2.914335439641036e-15,1.0000000000000007,1.0000000000000029,-0.9999999999999971
Fast forcing,-5.600000000000001,3.83026943495679e-15,1.000000000000001,1.0000000000000038,-0.9999999999999962
Fast forcing,-5.555555555555557,4.9960036108132044e-15,1.0000000000000013,1.0000000000000049,-0.999999999999995
Fast forcing,-5.511111111111113,6.494804694057166e-15,1.0000000000000018,1.0000000000000064,-0.9999999999999936
Fast forcing,-5.466666666666669,8.493206138382448e-15,1.0000000000000022,1.0000000000000084,-0.9999999999999916
Fast forcing,-5.422222222222224,1.1157741397482823e-14,1.0000000000000029,1.000000000000011,-0.9999999999999889
Fast forcing,-5.37777777777778,1.457167719820518e-14,1.0000000000000038,1.0000000000000147,-0.9999999999999855
Fast forcing,-5.333333333333329,1.8984813721090177e-14,1.0000000000000049,1.000000000000019,-0.999999999999981
Fast forcing,-5.288888888888884,2.481348460037225e-14,1.0000000000000064,1.0000000000000249,-0.9999999999999751
Fast forcing,-5.24444444444444,3.239075674343894e-14,1.0000000000000084,1.0000000000000324,-0.9999999999999676
Fast forcing,-5.199999999999996,4.2299497238218464e-14,1.000000000000011,1.0000000000000422,-0.9999999999999577
Fast forcing,-5.1555555555555515,5.520583989948591e-14,1.0000000000000142,1.0000000000000553,-0.9999999999999448
Fast forcing,-5.111111111111107,7.210898544940392e-14,1.0000000000000182,1.0000000000000722,-0.9999999999999278
Fast forcing,-5.066666666666663,9.409140133698202e-14,1.0000000000000238,1.0000000000000941,-0.9999999999999059
Fast forcing,-5.022222222222219,1.2281842209915794e-13,1.0000000000000313,1.0000000000001228,-0.9999999999998772
Fast forcing,-4.977777777777774,1.6037171590710386e-13,1.0000000000000406,1.0000000000001603,-0.9999999999998397
Fast forcing,-4.93333333333333,2.0941581801992015e-13,1.0000000000000528,1.0000000000002094,-0.9999999999997906
Fast forcing,-4.888888888888886,2.7336466423832917e-13,1.0000000000000688,1.0000000000002733,-0.9999999999997267
Fast forcing,-4.8444444444444414,3.5696445799260346e-13,1.0000000000000897,1.000000000000357,-0.9999999999996431
Fast forcing,-4.799999999999997,4.660438701620251e-13,1.0000000000001168,1.000000000000466,-0.9999999999995339
Fast forcing,-4.755555555555553,6.084299730702014e-13,1.0000000000001523,1.0000000000006084,-0.9999999999993916
Fast forcing,-4.711111111111109,7.943645741192995e-13,1.000000000000199,1.0000000000007945,-0.9999999999992056
Fast forcing,-4.666666666666664,1.0371703496048212e-12,1.0000000000002596,1.0000000000010372,-0.9999999999989628
Fast forcing,-4.62222222222222,1.354166778710919e-12,1.0000000000003388,1.0000000000013543,-0.9999999999986459
Fast forcing,-4.577777777777776,1.7679191444130993e-12,1.000000000000442,1.000000000001768,-0.9999999999982321
Fast forcing,-4.533333333333331,2.3082369349225473e-12,1.0000000000005775,1.0000000000023082,-0.9999999999976917
Fast forcing,-4.488888888888887,3.013672644769372e-12,1.0000000000007538,1.0000000000030136,-0.9999999999969863
Fast forcing,-4.444444444444443,3.934685910422786e-12,1.000000000000984,1.0000000000039346,-0.9999999999960654
Fast forcing,-4.399999999999999,5.1370574460918306e-12,1.0000000000012848,1.000000000005137,-0.999999999994863
Fast forcing,-4.355555555555554,6.70705158078988e-12,1.0000000000016773,1.000000000006707,-0.9999999999932929
Fast forcing,-4.31111111111111,8.756745328852844e-12,1.0000000000021896,1.0000000000087568,-0.9999999999912432
Fast forcing,-4.266666666666666,1.143277139625809e-11,1.0000000000028586,1.0000000000114329,-0.9999999999885673
Fast forcing,-4.222222222222221,1.4926726521480305e-11,1.000000000003732,1.0000000000149267,-0.9999999999850733
Fast forcing,-4.177777777777777,1.9488410885060148e-11,1.0000000000048723,1.0000000000194884,-0.9999999999805116
Fast forcing,-4.133333333333333,2.544414678951057e-11,1.0000000000063611,1.000000000025444,-0.9999999999745559
Fast forcing,-4.088888888888889,3.322001007610709e-11,1.0000000000083051,1.00000000003322,-0.99999999996678
Fast forcing,-4.044444444444444,4.3372222480186906e-11,1.0000000000108433,1.0000000000433722,-0.9999999999566278
Fast forcing,-4.0,5.662703639330857e-11,1.0000000000141571,1.0000000000566271,-0.999999999943373
Fast forcing,-3.9555555555555557,7.393252676735074e-11,1.0000000000184834,1.0000000000739324,-0.9999999999260675
Fast forcing,-3.9111111111111114,9.652670329707291e-11,1.000000000024132,1.0000000000965268,-0.9999999999034733
Fast forcing,-3.866666666666667,1.2602577315057317e-10,1.0000000000315068,1.0000000001260259,-0.9999999998739743
Fast forcing,-3.822222222222223,1.6453988171960532e-10,1.000000000041135,1.00000000016454,-0.9999999998354601
Fast forcing,-3.7777777777777786,2.1482415846207914e-10,1.0000000000537062,1.0000000002148242,-0.9999999997851758
Fast forcing,-3.7333333333333343,2.804754761775996e-10,1.000000000070119,1.0000000002804754,-0.9999999997195246
Fast forcing,-3.68888888888889,3.661902447937848e-10,1.0000000000915477,1.0000000003661902,-0.9999999996338098
Fast forcing,-3.6444444444444457,4.780998930087321e-10,1.000000000119525,1.0000000004780998,-0.9999999995219001
Fast forcing,-3.6000000000000014,6.242096006747744e-10,1.0000000001560525,1.0000000006242096,-0.9999999993757904
Fast forcing,-3.555555555555557,8.149713404126402e-10,1.000000000203743,1.0000000008149714,-0.9999999991850287
Fast forcing,-3.511111111111113,1.0640307801512705e-09,1.000000000266008,1.0000000010640309,-0.9999999989359692
Fast forcing,-3.4666666666666686,1.3892040851004595e-09,1.0000000003473013,1.000000001389204,-0.9999999986107959
Fast forcing,-3.4222222222222243,1.8137519819383385e-09,1.0000000004534384,1.000000001813752,-0.999999998186248
Fast forcing,-3.377777777777773,2.3680440108808654e-09,1.0000000005920113,1.000000002368044,-0.999999997631956
Fast forcing,-3.3333333333333286,3.091730454984898e-09,1.0000000007729328,1.0000000030917304,-0.9999999969082696
Fast forcing,-3.2888888888888843,4.036579237531868e-09,1.000000001009145,1.0000000040365793,-0.9999999959634207
Fast forcing,-3.24444444444444,5.270178710103934e-09,1.000000001317545,1.0000000052701787,-0.9999999947298213
Fast forcing,-3.1999999999999957,6.880772618345077e-09,1.0000000017201933,1.0000000068807726,-0.9999999931192274
Fast forcing,-3.1555555555555515,8.983572302723175e-09,1.0000000022458932,1.0000000089835723,-0.9999999910164277
Fast forcing,-3.111111111111107,1.1728998439153315e-08,1.00000000293225,1.0000000117289984,-0.9999999882710016
Fast forcing,-3.066666666666663,1.5313440931974398e-08,1.0000000038283605,1.000000015313441,-0.999999984686559
Fast forcing,-3.0222222222222186,1.9993307676102745e-08,1.000000004998327,1.0000000199933077,-0.9999999800066923
Fast forcing,-2.9777777777777743,2.6103365718954663e-08,1.0000000065258416,1.0000000261033657,-0.9999999738966343
Fast forcing,-2.93333333333333,3.408068918742124e-08,1.0000000085201723,1.0000000340806892,-0.9999999659193108
Fast forcing,-2.8888888888888857,4.449592369559774e-08,1.0000000111239808,1.0000000444959236,-0.9999999555040763
Fast forcing,-2.8444444444444414,5.809410760782008e-08,1.0000000145235268,1.0000000580941075,-0.9999999419058924
Fast forcing,-2.799999999999997,7.584796640758285e-08,1.0000000189619915,1.0000000758479664,-0.9999999241520336
Fast forcing,-2.755555555555553,9.902749570356306e-08,1.0000000247568737,1.0000000990274958,-0.9999999009725042
Fast forcing,-2.7111111111111086,1.2929080797641213e-07,1.0000000323227014,1.000000129290808,-0.999999870709192
Fast forcing,-2.6666666666666643,1.6880274303354703e-07,1.0000000422006845,1.0000001688027431,-0.999999831197257
Fast forcing,-2.62222222222222,2.203897268016064e-07,1.0000000550974297,1.000000220389727,-0.9999997796102732
Fast forcing,-2.5777777777777757,2.877419543467763e-07,1.000000071935485,1.0000002877419543,-0.9999997122580456
Fast forcing,-2.5333333333333314,3.756773617191733e-07,1.0000000939193336,1.0000003756773617,-0.9999996243226383
Fast forcing,-2.488888888888887,4.90486269016932e-07,1.0000001226215556,1.000000490486269,-0.999999509513731
Fast forcing,-2.444444444444443,6.403813456179464e-07,1.0000001600953166,1.0000006403813457,-0.9999993596186544
Fast forcing,-2.3999999999999986,8.360850878297299e-07,1.0000002090212379,1.0000008360850878,-0.9999991639149122
Fast forcing,-2.3555555555555543,1.0915968290947653e-06,1.000000272899149,1.0000010915968292,-0.9999989084031708
Fast forcing,-2.31111111111111,1.425194148862996e-06,1.0000003562984376,1.000001425194149,-0.9999985748058511
Fast forcing,-2.2666666666666657,1.8607403116654986e-06,1.0000004651849081,1.0000018607403116,-0.9999981392596884
Fast forcing,-2.2222222222222214,2.429391253833124e-06,1.0000006073475234,1.000002429391254,-0.9999975706087462
Fast forcing,-2.177777777777777,3.171824216025021e-06,1.00000079295556,1.000003171824216,-0.999996828175784
Fast forcing,-2.133333333333333,4.1411474253072456e-06,1.0000010352860143,1.0000041411474254,-0.9999958588525747
Fast forcing,-2.0888888888888886,5.406698935062071e-06,1.0000013516732982,1.000005406698935,-0.999994593301065
Fast forcing,-2.0444444444444443,7.059006317644556e-06,1.0000017647491324,1.0000070590063177,-0.9999929409936823
Fast forcing,-2.0,9.21626190331093e-06,1.0000023040613037,1.0000092162619034,-0.9999907837380967
Fast forcing,-1.9555555555555557,1.2032776614268048e-05,1.0000030081870432,1.0000120327766142,-0.9999879672233858
Fast forcing,-1.9111111111111114,1.5710016868480947e-05,1.000003927492095,1.0000157100168685,-0.9999842899831315
Fast forcing,-1.8666666666666671,2.051101362687824e-05,1.0000051277327469,1.0000205110136269,-0.9999794889863731
Fast forcing,-1.8222222222222229,2.6779173569468906e-05,1.0000066947581745,1.0000267791735695,-0.9999732208264305
Fast forcing,-1.7777777777777786,3.4962836762159055e-05,1.0000087406491613,1.0000349628367622,-0.9999650371632378
Fast forcing,-1.7333333333333343,4.564733535086796e-05,1.0000114117315133,1.000045647335351,-0.9999543526646492
Fast forcing,-1.68888888888889,5.9596842871961764e-05,1.000014899036299,1.000059596842872,-0.9999404031571281
Fast forcing,-1.6444444444444457,7.780900153012138e-05,1.0000194519530727,1.00007780900153,-0.9999221909984699
Fast forcing,-1.6000000000000014,0.00010158622442971166,1.0000253960493144,1.0001015862244298,-0.9998984137755703
Fast forcing,-1.5555555555555571,0.00013262875502842442,1.000033156324921,1.0001326287550285,-0.9998673712449716
Fast forcing,-1.5111111111111128,0.00017315610961685102,1.000043287554951,1.0001731561096168,-0.9998268438903831
Fast forcing,-1.4666666666666686,0.0002260655370896203,1.0000565138745072,1.0002260655370896,-0.9997739344629104
Fast forcing,-1.4222222222222243,0.0002951387409896311,1.0000737804074114,1.0002951387409897,-0.9997048612590104
Fast forcing,-1.3777777777777729,0.00038531149769466255,1.000096320583183,1.0003853114976946,-0.9996146885023054
Fast forcing,-1.3333333333333286,0.0005030251956997245,1.0001257438719107,1.0005030251956997,-0.9994969748043003
Fast forcing,-1.2888888888888843,0.0006566849969971422,1.000164150069812,1.0006566849969971,-0.9993433150030029
Fast forcing,-1.24444444444444,0.0008572566353706734,1.0002142780645182,1.0008572566353706,-0.9991427433646294
Fast forcing,-1.1999999999999957,0.0011190432507550974,1.0002796993043355,1.001119043250755,-0.9988809567492449
Fast forcing,-1.1555555555555515,0.001460695631558595,1.0003650691014145,1.0014606956315586,-0.9985393043684414
Fast forcing,-1.1111111111111072,0.0019065243946221055,1.0004764525354966,1.0019065243946221,-0.9980934756053779
Fast forcing,-1.0666666666666629,0.0024882016202616986,1.0006217462275082,1.0024882016202616,-0.9975117983797384
Fast forcing,-1.0222222222222186,0.0032469628950625995,1.0008112226694925,1.0032469628950627,-0.9967530371049373
Fast forcing,-0.9777777777777743,0.004236449029092815,1.0010582301760085,1.0042364490290927,-0.9957635509709072
Fast forcing,-0.93333333333333,0.005526359849154089,1.0013800885754274,1.0055263598491542,-0.9944736401508459
Fast forcing,-0.8888888888888857,0.007207129330739387,1.0017992279727017,1.0072071293307394,-0.9927928706692606
Fast forcing,-0.8444444444444414,0.009395868837049404,1.0023446239296478,1.0093958688370495,-0.9906041311629505
Fast forcing,-0.7999999999999972,0.012243856729740071,1.0030535847408268,1.01224385672974,-0.98775614327026
Fast forcing,-0.7555555555555529,0.01594586532921624,1.0039739407057728,1.0159458653292162,-0.9840541346707837
Fast forcing,-0.7111111111111086,0.020751587334979005,1.0051666635358634,1.020751587334979,-0.9792484126650209
Fast forcing,-0.6666666666666643,0.026979314943137656,1.006708894265704,1.0269793149431377,-0.9730206850568623
Fast forcing,-0.62222222222222,0.03503177471546609,1.0086972606404818,1.035031774715466,-0.964968225284534
Fast forcing,-0.5777777777777757,0.04541353798042619,1.0112511936486075,1.0454135379804261,-0.9545864620195739
Fast forcing,-0.5333333333333314,0.05874858419514717,1.0145156727203941,1.0587485841951472,-0.9412514158048528
Fast forcing,-0.48888888888888715,0.07579524335312093,1.0186624060534568,1.075795243353121,-0.9242047566468791
Fast forcing,-0.44444444444444287,0.09745375369299694,1.0238878723711873,1.097453753692997,-0.9025462463070031
Fast forcing,-0.3999999999999986,0.1247590447408845,1.0304059611665777,1.1247590447408844,-0.8752409552591155
Fast forcing,-0.3555555555555543,0.1588484433538779,1.0384323408263363,1.158848443353878,-0.8411515566461221
Fast forcing,-0.31111111111111,0.20089183248611164,1.0481575830033756,1.2008918324861115,-0.7991081675138884
Fast forcing,-0.2666666666666657,0.2519724222991145,1.0597072076708405,1.2519724222991144,-0.7480275777008856
Fast forcing,-0.22222222222222143,0.3129127909890686,1.073090085908776,1.3129127909890685,-0.6870872090109315
Fast forcing,-0.17777777777777715,0.3840562630128641,1.0881425724376343,1.384056263012864,-0.6159437369871359
Fast forcing,-0.13333333333333286,0.46503827830858224,1.10448338954466,1.4650382783085822,-0.5349617216914178
Fast forcing,-0.08888888888888857,0.5546096656233737,1.1215001353553113,1.5546096656233737,-0.44539033437662634
Fast forcing,-0.04444444444444429,0.6505884087068415,1.138386595658039,1.6505884087068416,-0.34941159129315846
Fast forcing,0.0,0.75,1.1542363717978084,1.75,-0.25
Fast forcing,0.04444444444444429,0.8494115912931584,1.1681752605591322,1.8494115912931584,-0.15058840870684165
Fast forcing,0.08888888888888857,0.9453903343766263,1.1794942204982282,1.9453903343766263,-0.05460966562337366
Fast forcing,0.13333333333333286,1.0349617216914178,1.1877410440196867,2.0349617216914178,0.03496172169141776
Fast forcing,0.17777777777777715,1.115943736987136,1.1927464289848986,2.115943736987136,0.11594373698713589
Fast forcing,0.22222222222222143,1.1870872090109315,1.1945880939978806,2.1870872090109312,0.18708720901093145
Fast forcing,0.2666666666666657,1.2480275777008856,1.1935177195756392,2.248027577700886,0.24802757770088557
Fast forcing,0.31111111111111,1.2991081675138885,1.1898803409280392,2.2991081675138885,0.29910816751388847
Fast forcing,0.3555555555555543,1.341151556646122,1.1840473724279927,2.341151556646122,0.34115155664612207
Fast forcing,0.3999999999999986,1.3752409552591156,1.1763718289222242,2.3752409552591156,0.3752409552591156
Fast forcing,0.44444444444444287,1.4025462463070029,1.16716467719306,2.402546246307003,0.40254624630700286
Fast forcing,0.48888888888888715,1.424204756646879,1.156686761803007,2.424204756646879,0.42420475664687896
Fast forcing,0.5333333333333314,1.4412514158048528,1.145150194055403,2.441251415804853,0.44125141580485283
Fast forcing,0.5777777777777828,1.4545864620195756,1.132724413024824,2.4545864620195754,0.45458646201957564
Fast forcing,0.6222222222222271,1.4649682252845353,1.1195438311686376,2.4649682252845353,0.4649682252845353
Fast forcing,0.6666666666666714,1.4730206850568632,1.1057153697058852,2.4730206850568632,0.47302068505686323
Fast forcing,0.7111111111111157,1.4792484126650218,1.0913251120338336,2.479248412665022,0.47924841266502183
Fast forcing,0.75555555555556,1.4840541346707845,1.0764438324409316,2.4840541346707843,0.4840541346707845
Fast forcing,0.8000000000000043,1.4877561432702606,1.061131421534581,2.4877561432702606,0.4877561432702606
Fast forcing,0.8444444444444485,1.490604131162951,1.0454403395758398,2.490604131162951,0.490604131162951
Fast forcing,0.8888888888888928,1.492792870669261,1.029418257795375,2.492792870669261,0.49279287066926103
Fast forcing,0.9333333333333371,1.4944736401508463,1.0131100395234292,2.4944736401508463,0.49447364015084627
Fast forcing,0.9777777777777814,1.4957635509709075,0.9965591908355618,2.4957635509709073,0.4957635509709075
Fast forcing,1.0222222222222257,1.4967530371049376,0.9798088858035864,2.496753037104938,0.49675303710493757
Fast forcing,1.06666666666667,1.4975117983797386,0.9629026492116711,2.4975117983797386,0.4975117983797386
Fast forcing,1.1111111111111143,1.498093475605378,0.9458847615068694,2.498093475605378,0.4980934756053781
Fast forcing,1.1555555555555586,1.4985393043684414,0.9288004368641898,2.4985393043684416,0.4985393043684414
Fast forcing,1.2000000000000028,1.498880956749245,0.911695815183814,2.498880956749245,0.49888095674924493
Fast forcing,1.2444444444444471,1.4991427433646294,0.8946178018450874,2.4991427433646294,0.4991427433646294
Fast forcing,1.2888888888888914,1.4993433150030029,0.8776137844656914,2.499343315003003,0.4993433150030029
Fast forcing,1.3333333333333357,1.4994969748043003,0.8607312530653992,2.4994969748043,0.49949697480430033
Fast forcing,1.37777777777778,1.4996146885023054,0.8440173483349767,2.499614688502305,0.4996146885023054
Fast forcing,1.4222222222222243,1.4997048612590103,0.8275183616663103,2.4997048612590103,0.49970486125901026
Fast forcing,1.4666666666666686,1.4997739344629104,0.8112792097679146,2.4997739344629104,0.4997739344629104
Fast forcing,1.5111111111111128,1.4998268438903832,0.7953429057619411,2.499826843890383,0.49982684389038323
Fast forcing,1.5555555555555571,1.4998673712449715,0.7797500473701952,2.4998673712449717,0.4998673712449715
Fast forcing,1.6000000000000014,1.4998984137755702,0.7645383410123562,2.49989841377557,0.4998984137755702
Fast forcing,1.6444444444444457,1.4999221909984697,0.7497421782937136,2.4999221909984697,0.4999221909984697
Fast forcing,1.68888888888889,1.499940403157128,0.7353922784819237,2.4999404031571277,0.49994040315712795
Fast forcing,1.7333333333333343,1.499954352664649,0.7215154072595191,2.4999543526646493,0.49995435266464905
Fast forcing,1.7777777777777786,1.4999650371632378,0.7081341784513806,2.499965037163238,0.4999650371632378
Fast forcing,1.8222222222222229,1.4999732208264305,0.6952669417416196,2.4999732208264307,0.4999732208264305
Fast forcing,1.8666666666666671,1.4999794889863731,0.6829277558289896,2.499979488986373,0.4999794889863731
Fast forcing,1.9111111111111114,1.4999842899831317,0.6711264431913214,2.4999842899831317,0.4999842899831317
Fast forcing,1.9555555555555557,1.4999879672233858,0.6598687198182485,2.499987967223386,0.4999879672233858
Fast forcing,2.0,1.4999907837380966,0.6491563910289131,2.4999907837380966,0.4999907837380966
Fast forcing,2.0444444444444443,1.4999929409936823,0.638987602889425,2.4999929409936823,0.4999929409936823
Fast forcing,2.0888888888888886,1.499994593301065,0.62935713780691,2.499994593301065,0.499994593301065
Fast forcing,2.133333333333333,1.4999958588525746,0.6202567425550898,2.4999958588525746,0.4999958588525746
Fast forcing,2.177777777777777,1.499996828175784,0.6116754772397418,2.4999968281757843,0.49999682817578406
Fast forcing,2.2222222222222214,1.499997570608746,0.6036000744149815,2.499997570608746,0.49999757060874606
Fast forcing,2.2666666666666657,1.4999981392596884,0.5960152986358892,2.4999981392596884,0.4999981392596884
Fast forcing,2.31111111111111,1.499998574805851,0.5889042980397171,2.499998574805851,0.4999985748058511
Fast forcing,2.3555555555555543,1.4999989084031708,0.5822489409967119,2.499998908403171,0.49999890840317085
Fast forcing,2.3999999999999986,1.4999991639149122,0.5760301323559776,2.499999163914912,0.49999916391491217
Fast forcing,2.444444444444443,1.4999993596186543,0.5702281052591279,2.4999993596186543,0.49999935961865427
Fast forcing,2.488888888888887,1.499999509513731,0.5648226858354857,2.499999509513731,0.49999950951373107
Fast forcing,2.5333333333333314,1.4999996243226383,0.5597935292986381,2.4999996243226383,0.49999962432263834
Fast forcing,2.577777777777783,1.4999997122580457,0.5551203269879971,2.4999997122580457,0.49999971225804574
Fast forcing,2.622222222222227,1.499999779610273,0.5507829847604824,2.499999779610273,0.4999997796102731
Fast forcing,2.6666666666666714,1.4999998311972569,0.546761773802065,2.4999998311972567,0.4999998311972569
Fast forcing,2.7111111111111157,1.499999870709192,0.5430374554424726,2.4999998707091917,0.49999987070919194
Fast forcing,2.75555555555556,1.4999999009725042,0.5395913819057481,2.4999999009725045,0.49999990097250424
Fast forcing,2.8000000000000043,1.4999999241520336,0.5364055751527284,2.499999924152034,0.49999992415203365
Fast forcing,2.8444444444444485,1.4999999419058925,0.5334627860836607,2.4999999419058927,0.4999999419058925
Fast forcing,2.888888888888893,1.4999999555040764,0.5307465363868603,2.4999999555040766,0.4999999555040764
Fast forcing,2.933333333333337,1.4999999659193106,0.5282411452747416,2.4999999659193106,0.4999999659193106
Fast forcing,2.9777777777777814,1.4999999738966343,0.525931743241548,2.4999999738966343,0.4999999738966343
Fast forcing,3.0222222222222257,1.4999999800066923,0.5238042748451055,2.4999999800066925,0.4999999800066923
Fast forcing,3.06666666666667,1.4999999846865593,0.5218454923482982,2.4999999846865593,0.49999998468655926
Fast forcing,3.1111111111111143,1.4999999882710016,0.5200429418858299,2.499999988271002,0.49999998827100156
Fast forcing,3.1555555555555586,1.499999991016428,0.5183849436412757,2.499999991016428,0.4999999910164279
Fast forcing,3.200000000000003,1.4999999931192274,0.516860567344572,2.4999999931192276,0.4999999931192274
Fast forcing,3.244444444444447,1.4999999947298215,0.5154596042307589,2.4999999947298215,0.4999999947298215
Fast forcing,3.2888888888888914,1.4999999959634207,0.5141725364420674,2.499999995963421,0.4999999959634207
Fast forcing,3.3333333333333357,1.4999999969082696,0.5129905047089672,2.4999999969082696,0.4999999969082696
Fast forcing,3.37777777777778,1.499999997631956,0.5119052750127377,2.499999997631956,0.499999997631956
Fast forcing,3.4222222222222243,1.499999998186248,0.5109092048126616,2.499999998186248,0.49999999818624796
Fast forcing,3.4666666666666686,1.499999998610796,0.5099952093154034,2.4999999986107957,0.4999999986107959
Fast forcing,3.511111111111113,1.4999999989359691,0.5091567281713559,2.4999999989359694,0.49999999893596914
Fast forcing,3.555555555555557,1.4999999991850286,0.5083876929023196,2.499999999185029,0.4999999991850286
Fast forcing,3.6000000000000014,1.4999999993757904,0.5076824952961643,2.4999999993757904,0.4999999993757904
Fast forcing,3.6444444444444457,1.4999999995219002,0.5070359569447513,2.4999999995219,0.4999999995219002
Fast forcing,3.68888888888889,1.4999999996338098,0.5064433000527395,2.49999999963381,0.4999999996338098
Fast forcing,3.7333333333333343,1.4999999997195246,0.5059001196024264,2.499999999719525,0.4999999997195246
Fast forcing,3.7777777777777786,1.4999999997851758,0.505402356926958,2.499999999785176,0.49999999978517584
Fast forcing,3.822222222222223,1.49999999983546,0.5049462747149058,2.49999999983546,0.49999999983546006
Fast forcing,3.866666666666667,1.4999999998739741,0.5045284334479753,2.499999999873974,0.49999999987397414
Fast forcing,3.9111111111111114,1.4999999999034732,0.5041456692548009,2.499999999903473,0.4999999999034732
Fast forcing,3.9555555555555557,1.4999999999260676,0.5037950731502512,2.4999999999260676,0.4999999999260676
Fast forcing,4.0,1.4999999999433729,0.5034739716190312,2.499999999943373,0.49999999994337285
Fast forcing,4.044444444444444,1.4999999999566276,0.5031799084940751,2.4999999999566276,0.4999999999566276
Fast forcing,4.088888888888889,1.49999999996678,0.5029106280752709,2.49999999996678,0.4999999999667799
Fast forcing,4.133333333333333,1.499999999974556,0.5026640594295072,2.499999999974556,0.4999999999745559
Fast forcing,4.177777777777777,1.4999999999805116,0.5024383018118314,2.4999999999805116,0.4999999999805116
Fast forcing,4.222222222222221,1.4999999999850733,0.5022316111455498,2.4999999999850733,0.4999999999850733
Fast forcing,4.266666666666666,1.4999999999885671,0.5020423875000654,2.4999999999885674,0.49999999998856715
Fast forcing,4.31111111111111,1.4999999999912434,0.5018691635054177,2.4999999999912434,0.49999999999124345
Fast forcing,4.355555555555554,1.499999999993293,0.5017105936442411,2.499999999993293,0.4999999999932929
Fast forcing,4.399999999999999,1.499999999994863,0.5015654443637154,2.4999999999948628,0.499999999994863
Fast forcing,4.444444444444443,1.4999999999960654,0.5014325849520671,2.4999999999960654,0.49999999999606537
Fast forcing,4.488888888888887,1.4999999999969864,0.5013109791269715,2.4999999999969864,0.4999999999969864
Fast forcing,4.5333333333333385,1.4999999999976918,0.5011996772853167,2.4999999999976916,0.49999999999769185
Fast forcing,4.577777777777783,1.499999999998232,0.5010978093669766,2.499999999998232,0.4999999999982321
Fast forcing,4.622222222222227,1.4999999999986457,0.5010045782873747,2.4999999999986455,0.49999999999864575
Fast forcing,4.666666666666671,1.4999999999989628,0.500919253896767,2.4999999999989626,0.49999999999896283
Fast forcing,4.711111111111116,1.4999999999992055,0.5008411674264546,2.4999999999992055,0.4999999999992055
Fast forcing,4.75555555555556,1.4999999999993916,0.5007697063848676,2.4999999999993916,0.4999999999993916
Fast forcing,4.800000000000004,1.4999999999995342,0.5007043098689021,2.499999999999534,0.49999999999953415
Fast forcing,4.8444444444444485,1.499999999999643,0.5006444642581668,2.499999999999643,0.49999999999964295
Fast forcing,4.888888888888893,1.4999999999997264,0.500589699262223,2.4999999999997264,0.49999999999972644
Fast forcing,4.933333333333337,1.4999999999997904,0.5005395842928189,2.4999999999997904,0.4999999999997904
Fast forcing,4.977777777777781,1.4999999999998397,0.5004937251354077,2.4999999999998397,0.4999999999998397
Fast forcing,5.022222222222226,1.499999999999877,0.5004517608958835,2.499999999999877,0.499999999999877
Fast forcing,5.06666666666667,1.4999999999999059,0.500413361200479,2.499999999999906,0.49999999999990585
Fast forcing,5.111111111111114,1.4999999999999278,0.5003782236283095,2.499999999999928,0.49999999999992784
Fast forcing,5.1555555555555586,1.4999999999999447,0.5003460713576775,2.499999999999945,0.4999999999999447
Fast forcing,5.200000000000003,1.4999999999999578,0.5003166510087167,2.499999999999958,0.4999999999999578
Fast forcing,5.244444444444447,1.4999999999999676,0.500289730666272,2.4999999999999676,0.4999999999999676
Fast forcing,5.288888888888891,1.4999999999999751,0.5002650980682535,2.499999999999975,0.49999999999997513
Fast forcing,5.333333333333336,1.499999999999981,0.5002425589457768,2.499999999999981,0.4999999999999809
Fast forcing,5.37777777777778,1.4999999999999853,0.5002219355026072,2.4999999999999853,0.49999999999998535
Fast forcing,5.422222222222224,1.499999999999989,0.5002030650223124,2.499999999999989,0.4999999999999889
Fast forcing,5.466666666666669,1.4999999999999916,0.5001857985925627,2.4999999999999916,0.49999999999999156
Fast forcing,5.511111111111113,1.4999999999999936,0.5001699999368112,2.499999999999994,0.49999999999999356
Fast forcing,5.555555555555557,1.4999999999999951,0.5001555443444015,2.499999999999995,0.4999999999999951
Fast forcing,5.600000000000001,1.4999999999999962,0.5001423176908975,2.4999999999999964,0.4999999999999962
Fast forcing,5.644444444444446,1.499999999999997,0.5001302155410712,2.499999999999997,0.4999999999999969
Fast forcing,5.68888888888889,1.4999999999999978,0.500119142327645,2.499999999999998,0.4999999999999978
Fast forcing,5.733333333333334,1.4999999999999982,0.5001090105994093,2.4999999999999982,0.4999999999999982
Fast forcing,5.777777777777779,1.4999999999999987,0.5000997403329204,2.4999999999999987,0.49999999999999867
Fast forcing,5.822222222222223,1.4999999999999991,0.5000912583024035,2.499999999999999,0.4999999999999991
Fast forcing,5.866666666666667,1.4999999999999993,0.5000834975029871,2.499999999999999,0.49999999999999933
Fast forcing,5.911111111111111,1.4999999999999993,0.5000763966227605,2.499999999999999,0.49999999999999933
Fast forcing,5.955555555555556,1.4999999999999996,0.5000698995595465,2.4999999999999996,0.49999999999999956
Fast forcing,6.0,1.4999999999999996,0.5000639549786169,2.4999999999999996,0.49999999999999956
Fast forcing,6.044444444444444,1.4999999999999996,0.5000585159078891,2.4999999999999996,0.49999999999999956
Fast forcing,6.088888888888889,1.4999999999999998,0.5000535393674458,2.5,0.4999999999999998
Fast forcing,6.133333333333333,1.4999999999999998,0.5000489860304661,2.5,0.4999999999999998
Fast forcing,6.177777777777777,1.5,0.5000448199129236,2.5,0.5
Fast forcing,6.222222222222221,1.5,0.5000410080896058,2.5,0.5
Fast forcing,6.266666666666666,1.5,0.5000375204342363,2.5,0.5
Fast forcing,6.31111111111111,1.5,0.5000343293816522,2.5,0.5
Fast forcing,6.355555555555554,1.5,0.5000314097101706,2.5,0.5
Fast forcing,6.399999999999999,1.5,0.5000287383424357,2.5,0.5
Fast forcing,6.444444444444443,1.5,0.500026294163174,2.5,0.5
Fast forcing,6.488888888888887,1.5,0.5000240578524314,2.5,0.5
Fast forcing,6.5333333333333385,1.5,0.5000220117329709,2.5,0.5
Fast forcing,6.577777777777783,1.5,0.5000201396306378,2.5,0.5
Fast forcing,6.622222222222227,1.5,0.500018426746585,2.5,0.5
Fast forcing,6.666666666666671,1.5,0.5000168595403569,2.5,0.5
Fast forcing,6.711111111111116,1.5,0.5000154256229064,2.5,0.5
Fast forcing,6.75555555555556,1.5,0.500014113658705,2.5,0.5
Fast forcing,6.800000000000004,1.5,0.500012913276171,2.5,0.5
Fast forcing,6.8444444444444485,1.5,0.5000118149857112,2.5,0.5
Fast forcing,6.888888888888893,1.5,0.5000108101047285,2.5,0.5
Fast forcing,6.933333333333337,1.5,0.5000098906890041,2.5,0.5
Fast forcing,6.977777777777781,1.5,0.5000090494699136,2.5,0.5
Fast forcing,7.022222222222226,1.5,0.5000082797969782,2.5,0.5
Fast forcing,7.06666666666667,1.5,0.500007575585302,2.5,0.5
Fast forcing,7.111111111111114,1.5,0.500006931267477,2.5,0.5
Fast forcing,7.1555555555555586,1.5,0.5000063417495776,2.5,0.5
Fast forcing,7.200000000000003,1.5,0.5000058023708959,2.5,0.5
Fast forcing,7.244444444444447,1.5,0.500005308867101,2.5,0.5
Fast forcing,7.288888888888891,1.5,0.5000048573365317,2.5,0.5
Fast forcing,7.333333333333336,1.5,0.5000044442093527,2.5,0.5
Fast forcing,7.37777777777778,1.5,0.5000040662193367,2.5,0.5
Fast forcing,7.422222222222224,1.5,0.5000037203780436,2.5,0.5
Fast forcing,7.466666666666669,1.5,0.5000034039511966,2.5,0.5
Fast forcing,7.511111111111113,1.5,0.5000031144370666,2.5,0.5
Fast forcing,7.555555555555557,1.5,0.5000028495466954,2.5,0.5
Fast forcing,7.600000000000001,1.5,0.5000026071857999,2.5,0.5
Fast forcing,7.644444444444446,1.5,0.5000023854382157,2.5,0.5
Fast forcing,7.68888888888889,1.5,0.500002182550749,2.5,0.5
Fast forcing,7.733333333333334,1.5,0.5000019969193154,2.5,0.5
Fast forcing,7.777777777777779,1.5,0.5000018270762591,2.5,0.5
Fast forcing,7.822222222222223,1.5,0.5000016716787496,2.5,0.5
Fast forcing,7.866666666666667,1.5,0.5000015294981656,2.5,0.5
Fast forcing,7.911111111111111,1.5,0.500001399410381,2.5,0.5
Fast forcing,7.955555555555556,1.5,0.5000012803868785,2.5,0.5
Fast forcing,8.0,1.5,0.5000011714866176,2.5,0.5
Fast forcing,8.044444444444444,1.5,0.5000010718485944,2.5,0.5
Fast forcing,8.088888888888889,1.5,0.5000009806850352,2.5,0.5
Fast forcing,8.133333333333333,1.5,0.5000008972751675,2.5,0.5
Fast forcing,8.177777777777777,1.5,0.5000008209595219,2.5,0.5
Fast forcing,8.222222222222221,1.5,0.5000007511347182,2.5,0.5
Fast forcing,8.266666666666666,1.5,0.5000006872486947,2.5,0.5
Fast forcing,8.31111111111111,1.5,0.5000006287963438,2.5,0.5
Fast forcing,8.355555555555554,1.5,0.5000005753155183,2.5,0.5
Fast forcing,8.399999999999999,1.5,0.5000005263833778,2.5,0.5
Fast forcing,8.444444444444443,1.5,0.5000004816130451,2.5,0.5
Fast forcing,8.488888888888894,1.5,0.500000440650548,2.5,0.5
Fast forcing,8.533333333333339,1.5,0.5000004031720204,2.5,0.5
Fast forcing,8.577777777777783,1.5,0.5000003688811417,2.5,0.5
Fast forcing,8.622222222222227,1.5,0.5000003375067943,2.5,0.5
Fast forcing,8.666666666666671,1.5,0.5000003088009194,2.5,0.5
Fast forcing,8.711111111111116,1.5,0.5000002825365566,2.5,0.5
Fast forcing,8.75555555555556,1.5,0.5000002585060488,2.5,0.5
Fast forcing,8.800000000000004,1.5,0.5000002365194007,2.5,0.5
Fast forcing,8.844444444444449,1.5,0.5000002164027768,2.5,0.5
Fast forcing,8.888888888888893,1.5,0.5000001979971264,2.5,0.5
Fast forcing,8.933333333333337,1.5,0.5000001811569267,2.5,0.5
Fast forcing,8.977777777777781,1.5,0.5000001657490318,2.5,0.5
Fast forcing,9.022222222222226,1.5,0.5000001516516206,2.5,0.5
Fast forcing,9.06666666666667,1.5,0.5000001387532327,2.5,0.5
Fast forcing,9.111111111111114,1.5,0.500000126951888,2.5,0.5
Fast forcing,9.155555555555559,1.5,0.5000001161542801,2.5,0.5
Fast forcing,9.200000000000003,1.5,0.5000001062750382,2.5,0.5
Fast forcing,9.244444444444447,1.5,0.500000097236053,2.5,0.5
Fast forcing,9.288888888888891,1.5,0.5000000889658583,2.5,0.5
Fast forcing,9.333333333333336,1.5,0.5000000813990665,2.5,0.5
Fast forcing,9.37777777777778,1.5,0.500000074475851,2.5,0.5
Fast forcing,9.422222222222224,1.5,0.5000000681414742,2.5,0.5
Fast forcing,9.466666666666669,1.5,0.5000000623458536,2.5,0.5
Fast forcing,9.511111111111113,1.5,0.5000000570431664,2.5,0.5
Fast forcing,9.555555555555557,1.5,0.5000000521914875,2.5,0.5
Fast forcing,9.600000000000001,1.5,0.5000000477524571,2.5,0.5
Fast forcing,9.644444444444446,1.5,0.5000000436909786,2.5,0.5
Fast forcing,9.68888888888889,1.5,0.50000003997494,2.5,0.5
Fast forcing,9.733333333333334,1.5,0.5000000365749607,2.5,0.5
Fast forcing,9.777777777777779,1.5,0.5000000334641591,2.5,0.5
Fast forcing,9.822222222222223,1.5,0.5000000306179399,2.5,0.5
Fast forcing,9.866666666666667,1.5,0.5000000280137993,2.5,0.5
Fast forcing,9.911111111111111,1.5,0.5000000256311482,2.5,0.5
Fast forcing,9.955555555555556,1.5,0.5000000234511481,2.5,0.5
Fast forcing,10.0,1.5,0.500000021456563,2.5,0.5
Fast forcing,10.044444444444444,1.5,0.500000019631623,2.5,0.5
Fast forcing,10.088888888888889,1.5,0.5000000179618991,2.5,0.5
Fast forcing,10.133333333333333,1.5,0.5000000164341899,2.5,0.5
Fast forcing,10.177777777777777,1.5,0.5000000150364166,2.5,0.5
Fast forcing,10.222222222222221,1.5,0.5000000137575278,2.5,0.5
Fast forcing,10.266666666666666,1.5,0.5000000125874119,2.5,0.5
Fast forcing,10.31111111111111,1.5,0.5000000115168176,2.5,0.5
Fast forcing,10.355555555555554,1.5,0.5000000105372804,2.5,0.5
Fast forcing,10.399999999999999,1.5,0.5000000096410555,2.5,0.5
Fast forcing,10.444444444444443,1.5,0.5000000088210571,2.5,0.5
Fast forcing,10.488888888888894,1.5,0.5000000080708017,2.5,0.5
Fast forcing,10.533333333333339,1.5,0.5000000073843575,2.5,0.5
Fast forcing,10.577777777777783,1.5,0.5000000067562974,2.5,0.5
Fast forcing,10.622222222222227,1.5,0.5000000061816556,2.5,0.5
Fast forcing,10.666666666666671,1.5,0.5000000056558888,2.5,0.5
Fast forcing,10.711111111111116,1.5,0.5000000051748397,2.5,0.5
Fast forcing,10.75555555555556,1.5,0.5000000047347053,2.5,0.5
Fast forcing,10.800000000000004,1.5,0.5000000043320054,2.5,0.5
Fast forcing,10.844444444444449,1.5,0.5000000039635564,2.5,0.5
Fast forcing,10.888888888888893,1.5,0.5000000036264449,2.5,0.5
Fast forcing,10.933333333333337,1.5,0.5000000033180059,2.5,0.5
Fast forcing,10.977777777777781,1.5,0.5000000030358003,2.5,0.5
Fast forcing,11.022222222222226,1.5,0.500000002777597,2.5,0.5
Fast forcing,11.06666666666667,1.5,0.5000000025413548,2.5,0.5
Fast forcing,11.111111111111114,1.5,0.5000000023252056,2.5,0.5
Fast forcing,11.155555555555559,1.5,0.5000000021274403,2.5,0.5
Fast forcing,11.200000000000003,1.5,0.5000000019464957,2.5,0.5
Fast forcing,11.244444444444447,1.5,0.500000001780941,2.5,0.5
Fast forcing,11.288888888888891,1.5,0.5000000016294669,2.5,0.5
Fast forcing,11.333333333333336,1.5,0.5000000014908763,2.5,0.5
Fast forcing,11.37777777777778,1.5,0.5000000013640731,2.5,0.5
Fast forcing,11.422222222222224,1.5,0.5000000012480549,2.5,0.5
Fast forcing,11.466666666666669,1.5,0.5000000011419043,2.5,0.5
Fast forcing,11.511111111111113,1.5,0.5000000010447823,2.5,0.5
Fast forcing,11.555555555555557,1.5,0.5000000009559206,2.5,0.5
Fast forcing,11.600000000000001,1.5,0.5000000008746168,2.5,0.5
Fast forcing,11.644444444444446,1.5,0.5000000008002283,2.5,0.5
Fast forcing,11.68888888888889,1.5,0.5000000007321667,2.5,0.5
Fast forcing,11.733333333333334,1.5,0.5000000006698938,2.5,0.5
Fast forcing,11.777777777777779,1.5,0.5000000006129175,2.5,0.5
Fast forcing,11.822222222222223,1.5,0.500000000560787,2.5,0.5
Fast forcing,11.866666666666667,1.5,0.5000000005130906,2.5,0.5
Fast forcing,11.911111111111111,1.5,0.5000000004694508,2.5,0.5
Fast forcing,11.955555555555556,1.5,0.5000000004295226,2.5,0.5
Fast forcing,12.0,1.5,0.5000000003929906,2.5,0.5
Fast forcing,12.044444444444444,1.5,0.5000000003595657,2.5,0.5
Fast forcing,12.088888888888889,1.5,0.5000000003289836,2.5,0.5
Fast forcing,12.133333333333333,1.5,0.5000000003010027,2.5,0.5
Fast forcing,12.177777777777777,1.5,0.5000000002754016,2.5,0.5
Fast forcing,12.222222222222221,1.5,0.500000000251978,2.5,0.5
Fast forcing,12.266666666666666,1.5,0.5000000002305466,2.5,0.5
Fast forcing,12.31111111111111,1.5,0.5000000002109379,2.5,0.5
Fast forcing,12.355555555555554,1.5,0.5000000001929971,2.5,0.5
Fast forcing,12.399999999999999,1.5,0.5000000001765822,2.5,0.5
Fast forcing,12.44444444444445,1.5,0.5000000001615634,2.5,0.5
Fast forcing,12.488888888888894,1.5,0.500000000147822,2.5,0.5
Fast forcing,12.533333333333339,1.5,0.5000000001352494,2.5,0.5
Fast forcing,12.577777777777783,1.5,0.500000000123746,2.5,0.5
Fast forcing,12.622222222222227,1.5,0.5000000001132211,2.5,0.5
Fast forcing,12.666666666666671,1.5,0.5000000001035914,2.5,0.5
Fast forcing,12.711111111111116,1.5,0.5000000000947806,2.5,0.5
Fast forcing,12.75555555555556,1.5,0.5000000000867193,2.5,0.5
Fast forcing,12.800000000000004,1.5,0.5000000000793435,2.5,0.5
Fast forcing,12.844444444444449,1.5,0.5000000000725953,2.5,0.5
Fast forcing,12.888888888888893,1.5,0.5000000000664208,2.5,0.5
Fast forcing,12.933333333333337,1.5,0.5000000000607715,2.5,0.5
Fast forcing,12.977777777777781,1.5,0.5000000000556027,2.5,0.5
Fast forcing,13.022222222222226,1.5,0.5000000000508735,2.5,0.5
Fast forcing,13.06666666666667,1.5,0.5000000000465467,2.5,0.5
Fast forcing,13.111111111111114,1.5,0.5000000000425877,2.5,0.5
Fast forcing,13.155555555555559,1.5,0.5000000000389655,2.5,0.5
Fast forcing,13.200000000000003,1.5,0.5000000000356514,2.5,0.5
Fast forcing,13.244444444444447,1.5,0.500000000032619,2.5,0.5
Fast forcing,13.288888888888891,1.5,0.5000000000298447,2.5,0.5
Fast forcing,13.333333333333336,1.5,0.5000000000273063,2.5,0.5
Fast forcing,13.37777777777778,1.5,0.5000000000249838,2.5,0.5
Fast forcing,13.422222222222224,1.5,0.5000000000228589,2.5,0.5
Fast forcing,13.466666666666669,1.5,0.5000000000209147,2.5,0.5
Fast forcing,13.511111111111113,1.5,0.5000000000191358,2.5,0.5
Fast forcing,13.555555555555557,1.5,0.5000000000175083,2.5,0.5
Fast forcing,13.600000000000001,1.5,0.5000000000160192,2.5,0.5
Fast forcing,13.644444444444446,1.5,0.5000000000146567,2.5,0.5
Fast forcing,13.68888888888889,1.5,0.5000000000134102,2.5,0.5
Fast forcing,13.733333333333334,1.5,0.5000000000122696,2.5,0.5
Fast forcing,13.777777777777779,1.5,0.500000000011226,2.5,0.5
Fast forcing,13.822222222222223,1.5,0.5000000000102712,2.5,0.5
Fast forcing,13.866666666666667,1.5,0.5000000000093977,2.5,0.5
Fast forcing,13.911111111111111,1.5,0.5000000000085983,2.5,0.5
Fast forcing,13.955555555555556,1.5,0.500000000007867,2.5,0.5
Fast forcing,14.0,1.5,0.5000000000071979,2.5,0.5
Fast forcing,14.044444444444444,1.5,0.5000000000065857,2.5,0.5
Fast forcing,14.088888888888889,1.5,0.5000000000060256,2.5,0.5
Fast forcing,14.133333333333333,1.5,0.500000000005513,2.5,0.5
Fast forcing,14.177777777777777,1.5,0.5000000000050442,2.5,0.5
Fast forcing,14.222222222222221,1.5,0.5000000000046152,2.5,0.5
Fast forcing,14.266666666666666,1.5,0.5000000000042226,2.5,0.5
Fast forcing,14.31111111111111,1.5,0.5000000000038635,2.5,0.5
Fast forcing,14.355555555555554,1.5,0.5000000000035348,2.5,0.5
Fast forcing,14.399999999999999,1.5,0.5000000000032343,2.5,0.5
Fast forcing,14.44444444444445,1.5,0.5000000000029593,2.5,0.5
Fast forcing,14.488888888888894,1.5,0.5000000000027075,2.5,0.5
Fast forcing,14.533333333333339,1.5,0.5000000000024771,2.5,0.5
Fast forcing,14.577777777777783,1.5,0.5000000000022665,2.5,0.5
Fast forcing,14.622222222222227,1.5,0.5000000000020737,2.5,0.5
Fast forcing,14.666666666666671,1.5,0.5000000000018974,2.5,0.5
Fast forcing,14.711111111111116,1.5,0.5000000000017361,2.5,0.5
Fast forcing,14.75555555555556,1.5,0.5000000000015884,2.5,0.5
Fast forcing,14.800000000000004,1.5,0.5000000000014533,2.5,0.5
Fast forcing,14.844444444444449,1.5,0.5000000000013297,2.5,0.5
Fast forcing,14.888888888888893,1.5,0.5000000000012166,2.5,0.5
Fast forcing,14.933333333333337,1.5,0.5000000000011132,2.5,0.5
Fast forcing,14.977777777777781,1.5,0.5000000000010185,2.5,0.5
Fast forcing,15.022222222222226,1.5,0.5000000000009319,2.5,0.5
Fast forcing,15.06666666666667,1.5,0.5000000000008527,2.5,0.5
Fast forcing,15.111111111111114,1.5,0.5000000000007802,2.5,0.5
Fast forcing,15.155555555555559,1.5,0.5000000000007138,2.5,0.5
Fast forcing,15.200000000000003,1.5,0.500000000000653,2.5,0.5
Fast forcing,15.244444444444447,1.5,0.5000000000005974,2.5,0.5
Fast forcing,15.288888888888891,1.5,0.5000000000005467,2.5,0.5
Fast forcing,15.333333333333336,1.5,0.5000000000005,2.5,0.5
Fast forcing,15.37777777777778,1.5,0.5000000000004575,2.5,0.5
Fast forcing,15.422222222222224,1.5,0.5000000000004186,2.5,0.5
Fast forcing,15.466666666666669,1.5,0.500000000000383,2.5,0.5
Fast forcing,15.511111111111113,1.5,0.5000000000003504,2.5,0.5
Fast forcing,15.555555555555557,1.5,0.5000000000003206,2.5,0.5
Fast forcing,15.600000000000001,1.5,0.5000000000002933,2.5,0.5
Fast forcing,15.644444444444446,1.5,0.5000000000002685,2.5,0.5
Fast forcing,15.68888888888889,1.5,0.5000000000002456,2.5,0.5
Fast forcing,15.733333333333334,1.5,0.5000000000002248,2.5,0.5
Fast forcing,15.777777777777779,1.5,0.5000000000002056,2.5,0.5
Fast forcing,15.822222222222223,1.5,0.5000000000001881,2.5,0.5
Fast forcing,15.866666666666667,1.5,0.5000000000001721,2.5,0.5
Fast forcing,15.911111111111111,1.5,0.5000000000001575,2.5,0.5
Fast forcing,15.955555555555556,1.5,0.5000000000001442,2.5,0.5
Fast forcing,16.0,1.5,0.5000000000001319,2.5,0.5
Fast forcing,16.044444444444444,1.5,0.5000000000001207,2.5,0.5
Fast forcing,16.08888888888889,1.5,0.5000000000001105,2.5,0.5
Fast forcing,16.133333333333333,1.5,0.500000000000101,2.5,0.5
Fast forcing,16.177777777777777,1.5,0.5000000000000925,2.5,0.5
Fast forcing,16.22222222222222,1.5,0.5000000000000846,2.5,0.5
Fast forcing,16.266666666666666,1.5,0.5000000000000774,2.5,0.5
Fast forcing,16.31111111111111,1.5,0.5000000000000708,2.5,0.5
Fast forcing,16.355555555555554,1.5,0.5000000000000648,2.5,0.5
Fast forcing,16.400000000000006,1.5,0.5000000000000593,2.5,0.5
Fast forcing,16.44444444444445,1.5,0.5000000000000542,2.5,0.5
Fast forcing,16.488888888888894,1.5,0.5000000000000496,2.5,0.5
Fast forcing,16.53333333333334,1.5,0.5000000000000455,2.5,0.5
Fast forcing,16.577777777777783,1.5,0.5000000000000416,2.5,0.5
Fast forcing,16.622222222222227,1.5,0.5000000000000381,2.5,0.5
Fast forcing,16.66666666666667,1.5,0.5000000000000349,2.5,0.5
Fast forcing,16.711111111111116,1.5,0.5000000000000319,2.5,0.5
Fast forcing,16.75555555555556,1.5,0.5000000000000292,2.5,0.5
Fast forcing,16.800000000000004,1.5,0.5000000000000268,2.5,0.5
Fast forcing,16.84444444444445,1.5,0.5000000000000244,2.5,0.5
Fast forcing,16.888888888888893,1.5,0.5000000000000223,2.5,0.5
Fast forcing,16.933333333333337,1.5,0.5000000000000204,2.5,0.5
Fast forcing,16.97777777777778,1.5,0.5000000000000187,2.5,0.5
Fast forcing,17.022222222222226,1.5,0.5000000000000172,2.5,0.5
Fast forcing,17.06666666666667,1.5,0.5000000000000158,2.5,0.5
Fast forcing,17.111111111111114,1.5,0.5000000000000143,2.5,0.5
Fast forcing,17.15555555555556,1.5,0.5000000000000131,2.5,0.5
Fast forcing,17.200000000000003,1.5,0.500000000000012,2.5,0.5
Fast forcing,17.244444444444447,1.5,0.500000000000011,2.5,0.5
Fast forcing,17.28888888888889,1.5,0.50000000000001,2.5,0.5
Fast forcing,17.333333333333336,1.5,0.5000000000000091,2.5,0.5
Fast forcing,17.37777777777778,1.5,0.5000000000000083,2.5,0.5
Fast forcing,17.422222222222224,1.5,0.5000000000000077,2.5,0.5
Fast forcing,17.46666666666667,1.5,0.500000000000007,2.5,0.5
Fast forcing,17.511111111111113,1.5,0.5000000000000063,2.5,0.5
Fast forcing,17.555555555555557,1.5,0.5000000000000058,2.5,0.5
Fast forcing,17.6,1.5,0.5000000000000053,2.5,0.5
Fast forcing,17.644444444444446,1.5,0.5000000000000049,2.5,0.5
Fast forcing,17.68888888888889,1.5,0.5000000000000044,2.5,0.5
Fast forcing,17.733333333333334,1.5,0.5000000000000041,2.5,0.5
Fast forcing,17.77777777777778,1.5,0.5000000000000038,2.5,0.5
Fast forcing,17.822222222222223,1.5,0.5000000000000034,2.5,0.5
Fast forcing,17.866666666666667,1.5,0.5000000000000032,2.5,0.5
Fast forcing,17.91111111111111,1.5,0.5000000000000029,2.5,0.5
Fast forcing,17.955555555555556,1.5,0.5000000000000026,2.5,0.5
Fast forcing,18.0,1.5,0.5000000000000023,2.5,0.5
Fast forcing,18.044444444444444,1.5,0.5000000000000022,2.5,0.5
Fast forcing,18.08888888888889,1.5,0.500000000000002,2.5,0.5
Fast forcing,18.133333333333333,1.5,0.5000000000000019,2.5,0.5
Fast forcing,18.177777777777777,1.5,0.5000000000000017,2.5,0.5
Fast forcing,18.22222222222222,1.5,0.5000000000000016,2.5,0.5
Fast forcing,18.266666666666666,1.5,0.5000000000000014,2.5,0.5
Fast forcing,18.31111111111111,1.5,0.5000000000000013,2.5,0.5
Fast forcing,18.355555555555554,1.5,0.5000000000000012,2.5,0.5
Fast forcing,18.400000000000006,1.5,0.5000000000000011,2.5,0.5
Fast forcing,18.44444444444445,1.5,0.500000000000001,2.5,0.5
Fast forcing,18.488888888888894,1.5,0.5000000000000009,2.5,0.5
Fast forcing,18.53333333333334,1.5,0.5000000000000008,2.5,0.5
Fast forcing,18.577777777777783,1.5,0.5000000000000008,2.5,0.5
Fast forcing,18.622222222222227,1.5,0.5000000000000007,2.5,0.5
Fast forcing,18.66666666666667,1.5,0.5000000000000007,2.5,0.5
Fast forcing,18.711111111111116,1.5,0.5000000000000006,2.5,0.5
Fast forcing,18.75555555555556,1.5,0.5000000000000006,2.5,0.5
Fast forcing,18.800000000000004,1.5,0.5000000000000006,2.5,0.5
Fast forcing,18.84444444444445,1.5,0.5000000000000004,2.5,0.5
Fast forcing,18.888888888888893,1.5,0.5000000000000004,2.5,0.5
Fast forcing,18.933333333333337,1.5,0.5000000000000003,2.5,0.5
Fast forcing,18.97777777777778,1.5,0.5000000000000003,2.5,0.5
Fast forcing,19.022222222222226,1.5,0.5000000000000002,2.5,0.5
Fast forcing,19.06666666666667,1.5,0.5000000000000002,2.5,0.5
Fast forcing,19.111111111111114,1.5,0.5000000000000002,2.5,0.5
Fast forcing,19.15555555555556,1.5,0.5000000000000002,2.5,0.5
Fast forcing,19.200000000000003,1.5,0.5000000000000002,2.5,0.5
Fast forcing,19.244444444444447,1.5,0.5000000000000002,2.5,0.5
Fast forcing,19.28888888888889,1.5,0.5000000000000002,2.5,0.5
Fast forcing,19.333333333333336,1.5,0.5000000000000002,2.5,0.5
Fast forcing,19.37777777777778,1.5,0.5000000000000002,2.5,0.5
Fast forcing,19.422222222222224,1.5,0.5000000000000002,2.5,0.5
Fast forcing,19.46666666666667,1.5,0.5000000000000002,2.5,0.5
Fast forcing,19.511111111111113,1.5,0.5000000000000002,2.5,0.5
Fast forcing,19.555555555555557,1.5,0.5000000000000002,2.5,0.5
Fast forcing,19.6,1.5,0.5000000000000002,2.5,0.5
Fast forcing,19.644444444444446,1.5,0.5000000000000002,2.5,0.5
Fast forcing,19.68888888888889,1.5,0.5000000000000002,2.5,0.5
Fast forcing,19.733333333333334,1.5,0.5000000000000002,2.5,0.5
Fast forcing,19.77777777777778,1.5,0.5000000000000002,2.5,0.5
Fast forcing,19.822222222222223,1.5,0.5000000000000002,2.5,0.5
Fast forcing,19.866666666666667,1.5,0.5000000000000002,2.5,0.5
Fast forcing,19.91111111111111,1.5,0.5000000000000002,2.5,0.5
Fast forcing,19.955555555555556,1.5,0.5000000000000002,2.5,0.5
Fast forcing,20.0,1.5,0.5000000000000002,2.5,0.5
Fast forcing,20.044444444444444,1.5,0.5000000000000002,2.5,0.5
Fast forcing,20.08888888888889,1.5,0.5000000000000002,2.5,0.5
Fast forcing,20.133333333333333,1.5,0.5000000000000002,2.5,0.5
Fast forcing,20.177777777777777,1.5,0.5000000000000002,2.5,0.5
Fast forcing,20.22222222222222,1.5,0.5000000000000002,2.5,0.5
Fast forcing,20.266666666666666,1.5,0.5000000000000002,2.5,0.5
Fast forcing,20.31111111111111,1.5,0.5000000000000002,2.5,0.5
Fast forcing,20.35555555555556,1.5,0.5000000000000002,2.5,0.5
Fast forcing,20.400000000000006,1.5,0.5000000000000002,2.5,0.5
Fast forcing,20.44444444444445,1.5,0.5000000000000002,2.5,0.5
Fast forcing,20.488888888888894,1.5,0.5000000000000002,2.5,0.5
Fast forcing,20.53333333333334,1.5,0.5000000000000002,2.5,0.5
Fast forcing,20.577777777777783,1.5,0.5000000000000002,2.5,0.5
Fast forcing,20.622222222222227,1.5,0.5000000000000002,2.5,0.5
Fast forcing,20.66666666666667,1.5,0.5000000000000002,2.5,0.5
Fast forcing,20.711111111111116,1.5,0.5000000000000002,2.5,0.5
Fast forcing,20.75555555555556,1.5,0.5000000000000002,2.5,0.5
Fast forcing,20.800000000000004,1.5,0.5000000000000002,2.5,0.5
Fast forcing,20.84444444444445,1.5,0.5000000000000002,2.5,0.5
Fast forcing,20.888888888888893,1.5,0.5000000000000002,2.5,0.5
Fast forcing,20.933333333333337,1.5,0.5000000000000002,2.5,0.5
Fast forcing,20.97777777777778,1.5,0.5000000000000002,2.5,0.5
Fast forcing,21.022222222222226,1.5,0.5000000000000002,2.5,0.5
Fast forcing,21.06666666666667,1.5,0.5000000000000002,2.5,0.5
Fast forcing,21.111111111111114,1.5,0.5000000000000002,2.5,0.5
Fast forcing,21.15555555555556,1.5,0.5000000000000002,2.5,0.5
Fast forcing,21.200000000000003,1.5,0.5000000000000002,2.5,0.5
Fast forcing,21.244444444444447,1.5,0.5000000000000002,2.5,0.5
Fast forcing,21.28888888888889,1.5,0.5000000000000002,2.5,0.5
Fast forcing,21.333333333333336,1.5,0.5000000000000002,2.5,0.5
Fast forcing,21.37777777777778,1.5,0.5000000000000002,2.5,0.5
Fast forcing,21.422222222222224,1.5,0.5000000000000002,2.5,0.5
Fast forcing,21.46666666666667,1.5,0.5000000000000002,2.5,0.5
Fast forcing,21.511111111111113,1.5,0.5000000000000002,2.5,0.5
Fast forcing,21.555555555555557,1.5,0.5000000000000002,2.5,0.5
Fast forcing,21.6,1.5,0.5000000000000002,2.5,0.5
Fast forcing,21.644444444444446,1.5,0.5000000000000002,2.5,0.5
Fast forcing,21.68888888888889,1.5,0.5000000000000002,2.5,0.5
Fast forcing,21.733333333333334,1.5,0.5000000000000002,2.5,0.5
Fast forcing,21.77777777777778,1.5,0.5000000000000002,2.5,0.5
Fast forcing,21.822222222222223,1.5,0.5000000000000002,2.5,0.5
Fast forcing,21.866666666666667,1.5,0.5000000000000002,2.5,0.5
Fast forcing,21.91111111111111,1.5,0.5000000000000002,2.5,0.5
Fast forcing,21.955555555555556,1.5,0.5000000000000002,2.5,0.5
Fast forcing,22.0,1.5,0.5000000000000002,2.5,0.5
Fast forcing,22.044444444444444,1.5,0.5000000000000002,2.5,0.5
Fast forcing,22.08888888888889,1.5,0.5000000000000002,2.5,0.5
Fast forcing,22.133333333333333,1.5,0.5000000000000002,2.5,0.5
Fast forcing,22.177777777777777,1.5,0.5000000000000002,2.5,0.5
Fast forcing,22.22222222222222,1.5,0.5000000000000002,2.5,0.5
Fast forcing,22.266666666666666,1.5,0.5000000000000002,2.5,0.5
Fast forcing,22.31111111111111,1.5,0.5000000000000002,2.5,0.5
Fast forcing,22.35555555555556,1.5,0.5000000000000002,2.5,0.5
Fast forcing,22.400000000000006,1.5,0.5000000000000002,2.5,0.5
Fast forcing,22.44444444444445,1.5,0.5000000000000002,2.5,0.5
Fast forcing,22.488888888888894,1.5,0.5000000000000002,2.5,0.5
Fast forcing,22.53333333333334,1.5,0.5000000000000002,2.5,0.5
Fast forcing,22.577777777777783,1.5,0.5000000000000002,2.5,0.5
Fast forcing,22.622222222222227,1.5,0.5000000000000002,2.5,0.5
Fast forcing,22.66666666666667,1.5,0.5000000000000002,2.5,0.5
Fast forcing,22.711111111111116,1.5,0.5000000000000002,2.5,0.5
Fast forcing,22.75555555555556,1.5,0.5000000000000002,2.5,0.5
Fast forcing,22.800000000000004,1.5,0.5000000000000002,2.5,0.5
Fast forcing,22.84444444444445,1.5,0.5000000000000002,2.5,0.5
Fast forcing,22.888888888888893,1.5,0.5000000000000002,2.5,0.5
Fast forcing,22.933333333333337,1.5,0.5000000000000002,2.5,0.5
Fast forcing,22.97777777777778,1.5,0.5000000000000002,2.5,0.5
Fast forcing,23.022222222222226,1.5,0.5000000000000002,2.5,0.5
Fast forcing,23.06666666666667,1.5,0.5000000000000002,2.5,0.5
Fast forcing,23.111111111111114,1.5,0.5000000000000002,2.5,0.5
Fast forcing,23.15555555555556,1.5,0.5000000000000002,2.5,0.5
Fast forcing,23.200000000000003,1.5,0.5000000000000002,2.5,0.5
Fast forcing,23.244444444444447,1.5,0.5000000000000002,2.5,0.5
Fast forcing,23.28888888888889,1.5,0.5000000000000002,2.5,0.5
Fast forcing,23.333333333333336,1.5,0.5000000000000002,2.5,0.5
Fast forcing,23.37777777777778,1.5,0.5000000000000002,2.5,0.5
Fast forcing,23.422222222222224,1.5,0.5000000000000002,2.5,0.5
Fast forcing,23.46666666666667,1.5,0.5000000000000002,2.5,0.5
Fast forcing,23.511111111111113,1.5,0.5000000000000002,2.5,0.5
Fast forcing,23.555555555555557,1.5,0.5000000000000002,2.5,0.5
Fast forcing,23.6,1.5,0.5000000000000002,2.5,0.5
Fast forcing,23.644444444444446,1.5,0.5000000000000002,2.5,0.5
Fast forcing,23.68888888888889,1.5,0.5000000000000002,2.5,0.5
Fast forcing,23.733333333333334,1.5,0.5000000000000002,2.5,0.5
Fast forcing,23.77777777777778,1.5,0.5000000000000002,2.5,0.5
Fast forcing,23.822222222222223,1.5,0.5000000000000002,2.5,0.5
Fast forcing,23.866666666666667,1.5,0.5000000000000002,2.5,0.5
Fast forcing,23.91111111111111,1.5,0.5000000000000002,2.5,0.5
Fast forcing,23.955555555555556,1.5,0.5000000000000002,2.5,0.5
Fast forcing,24.0,1.5,0.5000000000000002,2.5,0.5
Fast forcing,24.04444444444445,1.5,0.5000000000000002,2.5,0.5
Fast forcing,24.08888888888889,1.5,0.5000000000000002,2.5,0.5
Fast forcing,24.13333333333334,1.5,0.5000000000000002,2.5,0.5
Fast forcing,24.177777777777777,1.5,0.5000000000000002,2.5,0.5
Fast forcing,24.22222222222223,1.5,0.5000000000000002,2.5,0.5
Fast forcing,24.266666666666666,1.5,0.5000000000000002,2.5,0.5
Fast forcing,24.311111111111117,1.5,0.5000000000000002,2.5,0.5
Fast forcing,24.355555555555554,1.5,0.5000000000000002,2.5,0.5
Fast forcing,24.400000000000006,1.5,0.5000000000000002,2.5,0.5
Fast forcing,24.444444444444443,1.5,0.5000000000000002,2.5,0.5
Fast forcing,24.488888888888894,1.5,0.5000000000000002,2.5,0.5
Fast forcing,24.53333333333333,1.5,0.5000000000000002,2.5,0.5
Fast forcing,24.577777777777783,1.5,0.5000000000000002,2.5,0.5
Fast forcing,24.62222222222222,1.5,0.5000000000000002,2.5,0.5
Fast forcing,24.66666666666667,1.5,0.5000000000000002,2.5,0.5
Fast forcing,24.71111111111111,1.5,0.5000000000000002,2.5,0.5
Fast forcing,24.75555555555556,1.5,0.5000000000000002,2.5,0.5
Fast forcing,24.799999999999997,1.5,0.5000000000000002,2.5,0.5
Fast forcing,24.84444444444445,1.5,0.5000000000000002,2.5,0.5
Fast forcing,24.888888888888886,1.5,0.5000000000000002,2.5,0.5
Fast forcing,24.933333333333337,1.5,0.5000000000000002,2.5,0.5
Fast forcing,24.977777777777774,1.5,0.5000000000000002,2.5,0.5
Fast forcing,25.022222222222226,1.5,0.5000000000000002,2.5,0.5
Fast forcing,25.066666666666663,1.5,0.5000000000000002,2.5,0.5
Fast forcing,25.111111111111114,1.5,0.5000000000000002,2.5,0.5
Fast forcing,25.15555555555555,1.5,0.5000000000000002,2.5,0.5
Fast forcing,25.200000000000003,1.5,0.5000000000000002,2.5,0.5
Fast forcing,25.24444444444444,1.5,0.5000000000000002,2.5,0.5
Fast forcing,25.28888888888889,1.5,0.5000000000000002,2.5,0.5
Fast forcing,25.333333333333343,1.5,0.5000000000000002,2.5,0.5
Fast forcing,25.37777777777778,1.5,0.5000000000000002,2.5,0.5
Fast forcing,25.42222222222223,1.5,0.5000000000000002,2.5,0.5
Fast forcing,25.46666666666667,1.5,0.5000000000000002,2.5,0.5
Fast forcing,25.51111111111112,1.5,0.5000000000000002,2.5,0.5
Fast forcing,25.555555555555557,1.5,0.5000000000000002,2.5,0.5
Fast forcing,25.60000000000001,1.5,0.5000000000000002,2.5,0.5
Fast forcing,25.644444444444446,1.5,0.5000000000000002,2.5,0.5
Fast forcing,25.688888888888897,1.5,0.5000000000000002,2.5,0.5
Fast forcing,25.733333333333334,1.5,0.5000000000000002,2.5,0.5
Fast forcing,25.777777777777786,1.5,0.5000000000000002,2.5,0.5
Fast forcing,25.822222222222223,1.5,0.5000000000000002,2.5,0.5
Fast forcing,25.866666666666674,1.5,0.5000000000000002,2.5,0.5
Fast forcing,25.91111111111111,1.5,0.5000000000000002,2.5,0.5
Fast forcing,25.955555555555563,1.5,0.5000000000000002,2.5,0.5
Fast forcing,26.0,1.5,0.5000000000000002,2.5,0.5
Fast forcing,26.04444444444445,1.5,0.5000000000000002,2.5,0.5
Fast forcing,26.08888888888889,1.5,0.5000000000000002,2.5,0.5
Fast forcing,26.13333333333334,1.5,0.5000000000000002,2.5,0.5
Fast forcing,26.177777777777777,1.5,0.5000000000000002,2.5,0.5
Fast forcing,26.22222222222223,1.5,0.5000000000000002,2.5,0.5
Fast forcing,26.266666666666666,1.5,0.5000000000000002,2.5,0.5
Fast forcing,26.311111111111117,1.5,0.5000000000000002,2.5,0.5
Fast forcing,26.355555555555554,1.5,0.5000000000000002,2.5,0.5
Fast forcing,26.400000000000006,1.5,0.5000000000000002,2.5,0.5
Fast forcing,26.444444444444443,1.5,0.5000000000000002,2.5,0.5
Fast forcing,26.488888888888894,1.5,0.5000000000000002,2.5,0.5
Fast forcing,26.53333333333333,1.5,0.5000000000000002,2.5,0.5
Fast forcing,26.577777777777783,1.5,0.5000000000000002,2.5,0.5
Fast forcing,26.62222222222222,1.5,0.5000000000000002,2.5,0.5
Fast forcing,26.66666666666667,1.5,0.5000000000000002,2.5,0.5
Fast forcing,26.71111111111111,1.5,0.5000000000000002,2.5,0.5
Fast forcing,26.75555555555556,1.5,0.5000000000000002,2.5,0.5
Fast forcing,26.799999999999997,1.5,0.5000000000000002,2.5,0.5
Fast forcing,26.84444444444445,1.5,0.5000000000000002,2.5,0.5
Fast forcing,26.888888888888886,1.5,0.5000000000000002,2.5,0.5
Fast forcing,26.933333333333337,1.5,0.5000000000000002,2.5,0.5
Fast forcing,26.977777777777774,1.5,0.5000000000000002,2.5,0.5
Fast forcing,27.022222222222226,1.5,0.5000000000000002,2.5,0.5
Fast forcing,27.066666666666663,1.5,0.5000000000000002,2.5,0.5
Fast forcing,27.111111111111114,1.5,0.5000000000000002,2.5,0.5
Fast forcing,27.15555555555555,1.5,0.5000000000000002,2.5,0.5
Fast forcing,27.200000000000003,1.5,0.5000000000000002,2.5,0.5
Fast forcing,27.24444444444444,1.5,0.5000000000000002,2.5,0.5
Fast forcing,27.28888888888889,1.5,0.5000000000000002,2.5,0.5
Fast forcing,27.333333333333343,1.5,0.5000000000000002,2.5,0.5
Fast forcing,27.37777777777778,1.5,0.5000000000000002,2.5,0.5
Fast forcing,27.42222222222223,1.5,0.5000000000000002,2.5,0.5
Fast forcing,27.46666666666667,1.5,0.5000000000000002,2.5,0.5
Fast forcing,27.51111111111112,1.5,0.5000000000000002,2.5,0.5
Fast forcing,27.555555555555557,1.5,0.5000000000000002,2.5,0.5
Fast forcing,27.60000000000001,1.5,0.5000000000000002,2.5,0.5
Fast forcing,27.644444444444446,1.5,0.5000000000000002,2.5,0.5
Fast forcing,27.688888888888897,1.5,0.5000000000000002,2.5,0.5
Fast forcing,27.733333333333334,1.5,0.5000000000000002,2.5,0.5
Fast forcing,27.777777777777786,1.5,0.5000000000000002,2.5,0.5
Fast forcing,27.822222222222223,1.5,0.5000000000000002,2.5,0.5
Fast forcing,27.866666666666674,1.5,0.5000000000000002,2.5,0.5
Fast forcing,27.91111111111111,1.5,0.5000000000000002,2.5,0.5
Fast forcing,27.955555555555563,1.5,0.5000000000000002,2.5,0.5
Fast forcing,28.0,1.5,0.5000000000000002,2.5,0.5
Fast forcing,28.04444444444445,1.5,0.5000000000000002,2.5,0.5
Fast forcing,28.08888888888889,1.5,0.5000000000000002,2.5,0.5
Fast forcing,28.13333333333334,1.5,0.5000000000000002,2.5,0.5
Fast forcing,28.177777777777777,1.5,0.5000000000000002,2.5,0.5
Fast forcing,28.22222222222223,1.5,0.5000000000000002,2.5,0.5
Fast forcing,28.266666666666666,1.5,0.5000000000000002,2.5,0.5
Fast forcing,28.311111111111117,1.5,0.5000000000000002,2.5,0.5
Fast forcing,28.355555555555554,1.5,0.5000000000000002,2.5,0.5
Fast forcing,28.400000000000006,1.5,0.5000000000000002,2.5,0.5
Fast forcing,28.444444444444443,1.5,0.5000000000000002,2.5,0.5
Fast forcing,28.488888888888894,1.5,0.5000000000000002,2.5,0.5
Fast forcing,28.53333333333333,1.5,0.5000000000000002,2.5,0.5
Fast forcing,28.577777777777783,1.5,0.5000000000000002,2.5,0.5
Fast forcing,28.62222222222222,1.5,0.5000000000000002,2.5,0.5
Fast forcing,28.66666666666667,1.5,0.5000000000000002,2.5,0.5
Fast forcing,28.71111111111111,1.5,0.5000000000000002,2.5,0.5
Fast forcing,28.75555555555556,1.5,0.5000000000000002,2.5,0.5
Fast forcing,28.799999999999997,1.5,0.5000000000000002,2.5,0.5
Fast forcing,28.84444444444445,1.5,0.5000000000000002,2.5,0.5
Fast forcing,28.888888888888886,1.5,0.5000000000000002,2.5,0.5
Fast forcing,28.933333333333337,1.5,0.5000000000000002,2.5,0.5
Fast forcing,28.977777777777774,1.5,0.5000000000000002,2.5,0.5
Fast forcing,29.022222222222226,1.5,0.5000000000000002,2.5,0.5
Fast forcing,29.066666666666663,1.5,0.5000000000000002,2.5,0.5
Fast forcing,29.111111111111114,1.5,0.5000000000000002,2.5,0.5
Fast forcing,29.15555555555555,1.5,0.5000000000000002,2.5,0.5
Fast forcing,29.200000000000003,1.5,0.5000000000000002,2.5,0.5
Fast forcing,29.24444444444444,1.5,0.5000000000000002,2.5,0.5
Fast forcing,29.28888888888889,1.5,0.5000000000000002,2.5,0.5
Fast forcing,29.333333333333343,1.5,0.5000000000000002,2.5,0.5
Fast forcing,29.37777777777778,1.5,0.5000000000000002,2.5,0.5
Fast forcing,29.42222222222223,1.5,0.5000000000000002,2.5,0.5
Fast forcing,29.46666666666667,1.5,0.5000000000000002,2.5,0.5
Fast forcing,29.51111111111112,1.5,0.5000000000000002,2.5,0.5
Fast forcing,29.555555555555557,1.5,0.5000000000000002,2.5,0.5
Fast forcing,29.60000000000001,1.5,0.5000000000000002,2.5,0.5
Fast forcing,29.644444444444446,1.5,0.5000000000000002,2.5,0.5
Fast forcing,29.688888888888897,1.5,0.5000000000000002,2.5,0.5
Fast forcing,29.733333333333334,1.5,0.5000000000000002,2.5,0.5
Fast forcing,29.777777777777786,1.5,0.5000000000000002,2.5,0.5
Fast forcing,29.822222222222223,1.5,0.5000000000000002,2.5,0.5
Fast forcing,29.866666666666674,1.5,0.5000000000000002,2.5,0.5
Fast forcing,29.91111111111111,1.5,0.5000000000000002,2.5,0.5
Fast forcing,29.955555555555563,1.5,0.5000000000000002,2.5,0.5
Fast forcing,30.0,1.5,0.5000000000000002,2.5,0.5
Fast forcing,30.04444444444445,1.5,0.5000000000000002,2.5,0.5
Fast forcing,30.08888888888889,1.5,0.5000000000000002,2.5,0.5
Fast forcing,30.13333333333334,1.5,0.5000000000000002,2.5,0.5
Fast forcing,30.177777777777777,1.5,0.5000000000000002,2.5,0.5
Fast forcing,30.22222222222223,1.5,0.5000000000000002,2.5,0.5
Fast forcing,30.266666666666666,1.5,0.5000000000000002,2.5,0.5
Fast forcing,30.311111111111117,1.5,0.5000000000000002,2.5,0.5
Fast forcing,30.355555555555554,1.5,0.5000000000000002,2.5,0.5
Fast forcing,30.400000000000006,1.5,0.5000000000000002,2.5,0.5
Fast forcing,30.444444444444443,1.5,0.5000000000000002,2.5,0.5
Fast forcing,30.488888888888894,1.5,0.5000000000000002,2.5,0.5
Fast forcing,30.53333333333333,1.5,0.5000000000000002,2.5,0.5
Fast forcing,30.577777777777783,1.5,0.5000000000000002,2.5,0.5
Fast forcing,30.62222222222222,1.5,0.5000000000000002,2.5,0.5
Fast forcing,30.66666666666667,1.5,0.5000000000000002,2.5,0.5
Fast forcing,30.71111111111111,1.5,0.5000000000000002,2.5,0.5
Fast forcing,30.75555555555556,1.5,0.5000000000000002,2.5,0.5
Fast forcing,30.799999999999997,1.5,0.5000000000000002,2.5,0.5
Fast forcing,30.84444444444445,1.5,0.5000000000000002,2.5,0.5
Fast forcing,30.888888888888886,1.5,0.5000000000000002,2.5,0.5
Fast forcing,30.933333333333337,1.5,0.5000000000000002,2.5,0.5
Fast forcing,30.977777777777774,1.5,0.5000000000000002,2.5,0.5
Fast forcing,31.022222222222226,1.5,0.5000000000000002,2.5,0.5
Fast forcing,31.066666666666663,1.5,0.5000000000000002,2.5,0.5
Fast forcing,31.111111111111114,1.5,0.5000000000000002,2.5,0.5
Fast forcing,31.15555555555555,1.5,0.5000000000000002,2.5,0.5
Fast forcing,31.200000000000003,1.5,0.5000000000000002,2.5,0.5
Fast forcing,31.244444444444454,1.5,0.5000000000000002,2.5,0.5
Fast forcing,31.28888888888889,1.5,0.5000000000000002,2.5,0.5
Fast forcing,31.333333333333343,1.5,0.5000000000000002,2.5,0.5
Fast forcing,31.37777777777778,1.5,0.5000000000000002,2.5,0.5
Fast forcing,31.42222222222223,1.5,0.5000000000000002,2.5,0.5
Fast forcing,31.46666666666667,1.5,0.5000000000000002,2.5,0.5
Fast forcing,31.51111111111112,1.5,0.5000000000000002,2.5,0.5
Fast forcing,31.555555555555557,1.5,0.5000000000000002,2.5,0.5
Fast forcing,31.60000000000001,1.5,0.5000000000000002,2.5,0.5
Fast forcing,31.644444444444446,1.5,0.5000000000000002,2.5,0.5
Fast forcing,31.688888888888897,1.5,0.5000000000000002,2.5,0.5
Fast forcing,31.733333333333334,1.5,0.5000000000000002,2.5,0.5
Fast forcing,31.777777777777786,1.5,0.5000000000000002,2.5,0.5
Fast forcing,31.822222222222223,1.5,0.5000000000000002,2.5,0.5
Fast forcing,31.866666666666674,1.5,0.5000000000000002,2.5,0.5
Fast forcing,31.91111111111111,1.5,0.5000000000000002,2.5,0.5
Fast forcing,31.955555555555563,1.5,0.5000000000000002,2.5,0.5
Fast forcing,32.0,1.5,0.5000000000000002,2.5,0.5
Fast forcing,32.04444444444445,1.5,0.5000000000000002,2.5,0.5
Fast forcing,32.08888888888889,1.5,0.5000000000000002,2.5,0.5
Fast forcing,32.13333333333334,1.5,0.5000000000000002,2.5,0.5
Fast forcing,32.17777777777778,1.5,0.5000000000000002,2.5,0.5
Fast forcing,32.22222222222223,1.5,0.5000000000000002,2.5,0.5
Fast forcing,32.266666666666666,1.5,0.5000000000000002,2.5,0.5
Fast forcing,32.31111111111112,1.5,0.5000000000000002,2.5,0.5
Fast forcing,32.355555555555554,1.5,0.5000000000000002,2.5,0.5
Fast forcing,32.400000000000006,1.5,0.5000000000000002,2.5,0.5
Fast forcing,32.44444444444444,1.5,0.5000000000000002,2.5,0.5
Fast forcing,32.488888888888894,1.5,0.5000000000000002,2.5,0.5
Fast forcing,32.53333333333333,1.5,0.5000000000000002,2.5,0.5
Fast forcing,32.57777777777778,1.5,0.5000000000000002,2.5,0.5
Fast forcing,32.62222222222222,1.5,0.5000000000000002,2.5,0.5
Fast forcing,32.66666666666667,1.5,0.5000000000000002,2.5,0.5
Fast forcing,32.71111111111111,1.5,0.5000000000000002,2.5,0.5
Fast forcing,32.75555555555556,1.5,0.5000000000000002,2.5,0.5
Fast forcing,32.8,1.5,0.5000000000000002,2.5,0.5
Fast forcing,32.84444444444445,1.5,0.5000000000000002,2.5,0.5
Fast forcing,32.888888888888886,1.5,0.5000000000000002,2.5,0.5
Fast forcing,32.93333333333334,1.5,0.5000000000000002,2.5,0.5
Fast forcing,32.977777777777774,1.5,0.5000000000000002,2.5,0.5
Fast forcing,33.022222222222226,1.5,0.5000000000000002,2.5,0.5
Fast forcing,33.06666666666666,1.5,0.5000000000000002,2.5,0.5
Fast forcing,33.111111111111114,1.5,0.5000000000000002,2.5,0.5
Fast forcing,33.15555555555555,1.5,0.5000000000000002,2.5,0.5
Fast forcing,33.2,1.5,0.5000000000000002,2.5,0.5
Fast forcing,33.244444444444454,1.5,0.5000000000000002,2.5,0.5
Fast forcing,33.28888888888889,1.5,0.5000000000000002,2.5,0.5
Fast forcing,33.33333333333334,1.5,0.5000000000000002,2.5,0.5
Fast forcing,33.37777777777778,1.5,0.5000000000000002,2.5,0.5
Fast forcing,33.42222222222223,1.5,0.5000000000000002,2.5,0.5
Fast forcing,33.46666666666667,1.5,0.5000000000000002,2.5,0.5
Fast forcing,33.51111111111112,1.5,0.5000000000000002,2.5,0.5
Fast forcing,33.55555555555556,1.5,0.5000000000000002,2.5,0.5
Fast forcing,33.60000000000001,1.5,0.5000000000000002,2.5,0.5
Fast forcing,33.644444444444446,1.5,0.5000000000000002,2.5,0.5
Fast forcing,33.6888888888889,1.5,0.5000000000000002,2.5,0.5
Fast forcing,33.733333333333334,1.5,0.5000000000000002,2.5,0.5
Fast forcing,33.777777777777786,1.5,0.5000000000000002,2.5,0.5
Fast forcing,33.82222222222222,1.5,0.5000000000000002,2.5,0.5
Fast forcing,33.866666666666674,1.5,0.5000000000000002,2.5,0.5
Fast forcing,33.91111111111111,1.5,0.5000000000000002,2.5,0.5
Fast forcing,33.95555555555556,1.5,0.5000000000000002,2.5,0.5
Fast forcing,34.0,1.5,0.5000000000000002,2.5,0.5
Fast forcing,34.04444444444445,1.5,0.5000000000000002,2.5,0.5
Fast forcing,34.08888888888889,1.5,0.5000000000000002,2.5,0.5
Fast forcing,34.13333333333334,1.5,0.5000000000000002,2.5,0.5
Fast forcing,34.17777777777778,1.5,0.5000000000000002,2.5,0.5
Fast forcing,34.22222222222223,1.5,0.5000000000000002,2.5,0.5
Fast forcing,34.266666666666666,1.5,0.5000000000000002,2.5,0.5
Fast forcing,34.31111111111112,1.5,0.5000000000000002,2.5,0.5
Fast forcing,34.355555555555554,1.5,0.5000000000000002,2.5,0.5
Fast forcing,34.400000000000006,1.5,0.5000000000000002,2.5,0.5
Fast forcing,34.44444444444444,1.5,0.5000000000000002,2.5,0.5
Fast forcing,34.488888888888894,1.5,0.5000000000000002,2.5,0.5
Fast forcing,34.53333333333333,1.5,0.5000000000000002,2.5,0.5
Fast forcing,34.57777777777778,1.5,0.5000000000000002,2.5,0.5
Fast forcing,34.62222222222222,1.5,0.5000000000000002,2.5,0.5
Fast forcing,34.66666666666667,1.5,0.5000000000000002,2.5,0.5
Fast forcing,34.71111111111111,1.5,0.5000000000000002,2.5,0.5
Fast forcing,34.75555555555556,1.5,0.5000000000000002,2.5,0.5
Fast forcing,34.8,1.5,0.5000000000000002,2.5,0.5
Fast forcing,34.84444444444445,1.5,0.5000000000000002,2.5,0.5
Fast forcing,34.888888888888886,1.5,0.5000000000000002,2.5,0.5
Fast forcing,34.93333333333334,1.5,0.5000000000000002,2.5,0.5
Fast forcing,34.977777777777774,1.5,0.5000000000000002,2.5,0.5
Fast forcing,35.022222222222226,1.5,0.5000000000000002,2.5,0.5
Fast forcing,35.06666666666666,1.5,0.5000000000000002,2.5,0.5
Fast forcing,35.111111111111114,1.5,0.5000000000000002,2.5,0.5
Fast forcing,35.15555555555555,1.5,0.5000000000000002,2.5,0.5
Fast forcing,35.2,1.5,0.5000000000000002,2.5,0.5
Fast forcing,35.244444444444454,1.5,0.5000000000000002,2.5,0.5
Fast forcing,35.28888888888889,1.5,0.5000000000000002,2.5,0.5
Fast forcing,35.33333333333334,1.5,0.5000000000000002,2.5,0.5
Fast forcing,35.37777777777778,1.5,0.5000000000000002,2.5,0.5
Fast forcing,35.42222222222223,1.5,0.5000000000000002,2.5,0.5
Fast forcing,35.46666666666667,1.5,0.5000000000000002,2.5,0.5
Fast forcing,35.51111111111112,1.5,0.5000000000000002,2.5,0.5
Fast forcing,35.55555555555556,1.5,0.5000000000000002,2.5,0.5
Fast forcing,35.60000000000001,1.5,0.5000000000000002,2.5,0.5
Fast forcing,35.644444444444446,1.5,0.5000000000000002,2.5,0.5
Fast forcing,35.6888888888889,1.5,0.5000000000000002,2.5,0.5
Fast forcing,35.733333333333334,1.5,0.5000000000000002,2.5,0.5
Fast forcing,35.777777777777786,1.5,0.5000000000000002,2.5,0.5
Fast forcing,35.82222222222222,1.5,0.5000000000000002,2.5,0.5
Fast forcing,35.866666666666674,1.5,0.5000000000000002,2.5,0.5
Fast forcing,35.91111111111111,1.5,0.5000000000000002,2.5,0.5
Fast forcing,35.95555555555556,1.5,0.5000000000000002,2.5,0.5
Fast forcing,36.0,1.5,0.5000000000000002,2.5,0.5
Fast forcing,36.04444444444445,1.5,0.5000000000000002,2.5,0.5
Fast forcing,36.08888888888889,1.5,0.5000000000000002,2.5,0.5
Fast forcing,36.13333333333334,1.5,0.5000000000000002,2.5,0.5
Fast forcing,36.17777777777778,1.5,0.5000000000000002,2.5,0.5
Fast forcing,36.22222222222223,1.5,0.5000000000000002,2.5,0.5
Fast forcing,36.266666666666666,1.5,0.5000000000000002,2.5,0.5
Fast forcing,36.31111111111112,1.5,0.5000000000000002,2.5,0.5
Fast forcing,36.355555555555554,1.5,0.5000000000000002,2.5,0.5
Fast forcing,36.400000000000006,1.5,0.5000000000000002,2.5,0.5
Fast forcing,36.44444444444444,1.5,0.5000000000000002,2.5,0.5
Fast forcing,36.488888888888894,1.5,0.5000000000000002,2.5,0.5
Fast forcing,36.53333333333333,1.5,0.5000000000000002,2.5,0.5
Fast forcing,36.57777777777778,1.5,0.5000000000000002,2.5,0.5
Fast forcing,36.62222222222222,1.5,0.5000000000000002,2.5,0.5
Fast forcing,36.66666666666667,1.5,0.5000000000000002,2.5,0.5
Fast forcing,36.71111111111111,1.5,0.5000000000000002,2.5,0.5
Fast forcing,36.75555555555556,1.5,0.5000000000000002,2.5,0.5
Fast forcing,36.8,1.5,0.5000000000000002,2.5,0.5
Fast forcing,36.84444444444445,1.5,0.5000000000000002,2.5,0.5
Fast forcing,36.888888888888886,1.5,0.5000000000000002,2.5,0.5
Fast forcing,36.93333333333334,1.5,0.5000000000000002,2.5,0.5
Fast forcing,36.977777777777774,1.5,0.5000000000000002,2.5,0.5
Fast forcing,37.022222222222226,1.5,0.5000000000000002,2.5,0.5
Fast forcing,37.06666666666666,1.5,0.5000000000000002,2.5,0.5
Fast forcing,37.111111111111114,1.5,0.5000000000000002,2.5,0.5
Fast forcing,37.15555555555555,1.5,0.5000000000000002,2.5,0.5
Fast forcing,37.2,1.5,0.5000000000000002,2.5,0.5
Fast forcing,37.244444444444454,1.5,0.5000000000000002,2.5,0.5
Fast forcing,37.28888888888889,1.5,0.5000000000000002,2.5,0.5
Fast forcing,37.33333333333334,1.5,0.5000000000000002,2.5,0.5
Fast forcing,37.37777777777778,1.5,0.5000000000000002,2.5,0.5
Fast forcing,37.42222222222223,1.5,0.5000000000000002,2.5,0.5
Fast forcing,37.46666666666667,1.5,0.5000000000000002,2.5,0.5
Fast forcing,37.51111111111112,1.5,0.5000000000000002,2.5,0.5
Fast forcing,37.55555555555556,1.5,0.5000000000000002,2.5,0.5
Fast forcing,37.60000000000001,1.5,0.5000000000000002,2.5,0.5
Fast forcing,37.644444444444446,1.5,0.5000000000000002,2.5,0.5
Fast forcing,37.6888888888889,1.5,0.5000000000000002,2.5,0.5
Fast forcing,37.733333333333334,1.5,0.5000000000000002,2.5,0.5
Fast forcing,37.777777777777786,1.5,0.5000000000000002,2.5,0.5
Fast forcing,37.82222222222222,1.5,0.5000000000000002,2.5,0.5
Fast forcing,37.866666666666674,1.5,0.5000000000000002,2.5,0.5
Fast forcing,37.91111111111111,1.5,0.5000000000000002,2.5,0.5
Fast forcing,37.95555555555556,1.5,0.5000000000000002,2.5,0.5
Fast forcing,38.0,1.5,0.5000000000000002,2.5,0.5
Fast forcing,38.04444444444445,1.5,0.5000000000000002,2.5,0.5
Fast forcing,38.08888888888889,1.5,0.5000000000000002,2.5,0.5
Fast forcing,38.13333333333334,1.5,0.5000000000000002,2.5,0.5
Fast forcing,38.17777777777778,1.5,0.5000000000000002,2.5,0.5
Fast forcing,38.22222222222223,1.5,0.5000000000000002,2.5,0.5
Fast forcing,38.266666666666666,1.5,0.5000000000000002,2.5,0.5
Fast forcing,38.31111111111112,1.5,0.5000000000000002,2.5,0.5
Fast forcing,38.355555555555554,1.5,0.5000000000000002,2.5,0.5
Fast forcing,38.400000000000006,1.5,0.5000000000000002,2.5,0.5
Fast forcing,38.44444444444444,1.5,0.5000000000000002,2.5,0.5
Fast forcing,38.488888888888894,1.5,0.5000000000000002,2.5,0.5
Fast forcing,38.53333333333333,1.5,0.5000000000000002,2.5,0.5
Fast forcing,38.57777777777778,1.5,0.5000000000000002,2.5,0.5
Fast forcing,38.62222222222222,1.5,0.5000000000000002,2.5,0.5
Fast forcing,38.66666666666667,1.5,0.5000000000000002,2.5,0.5
Fast forcing,38.71111111111111,1.5,0.5000000000000002,2.5,0.5
Fast forcing,38.75555555555556,1.5,0.5000000000000002,2.5,0.5
Fast forcing,38.8,1.5,0.5000000000000002,2.5,0.5
Fast forcing,38.84444444444445,1.5,0.5000000000000002,2.5,0.5
Fast forcing,38.888888888888886,1.5,0.5000000000000002,2.5,0.5
Fast forcing,38.93333333333334,1.5,0.5000000000000002,2.5,0.5
Fast forcing,38.977777777777774,1.5,0.5000000000000002,2.5,0.5
Fast forcing,39.022222222222226,1.5,0.5000000000000002,2.5,0.5
Fast forcing,39.06666666666666,1.5,0.5000000000000002,2.5,0.5
Fast forcing,39.111111111111114,1.5,0.5000000000000002,2.5,0.5
Fast forcing,39.155555555555566,1.5,0.5000000000000002,2.5,0.5
Fast forcing,39.2,1.5,0.5000000000000002,2.5,0.5
Fast forcing,39.244444444444454,1.5,0.5000000000000002,2.5,0.5
Fast forcing,39.28888888888889,1.5,0.5000000000000002,2.5,0.5
Fast forcing,39.33333333333334,1.5,0.5000000000000002,2.5,0.5
Fast forcing,39.37777777777778,1.5,0.5000000000000002,2.5,0.5
Fast forcing,39.42222222222223,1.5,0.5000000000000002,2.5,0.5
Fast forcing,39.46666666666667,1.5,0.5000000000000002,2.5,0.5
Fast forcing,39.51111111111112,1.5,0.5000000000000002,2.5,0.5
Fast forcing,39.55555555555556,1.5,0.5000000000000002,2.5,0.5
Fast forcing,39.60000000000001,1.5,0.5000000000000002,2.5,0.5
Fast forcing,39.644444444444446,1.5,0.5000000000000002,2.5,0.5
Fast forcing,39.6888888888889,1.5,0.5000000000000002,2.5,0.5
Fast forcing,39.733333333333334,1.5,0.5000000000000002,2.5,0.5
Fast forcing,39.777777777777786,1.5,0.5000000000000002,2.5,0.5
Fast forcing,39.82222222222222,1.5,0.5000000000000002,2.5,0.5
Fast forcing,39.866666666666674,1.5,0.5000000000000002,2.5,0.5
Fast forcing,39.91111111111111,1.5,0.5000000000000002,2.5,0.5
Fast forcing,39.95555555555556,1.5,0.5000000000000002,2.5,0.5
Fast forcing,40.0,1.5,0.5000000000000002,2.5,0.5
