forcing_rate,adviser_lag,time,actual_culture,estimated_culture,aid,nu,adoption,group_A_exposure,group_B_exposure
0.10000000000000001,0,0,0,0,0.49375703109374641,1.2149831253750085,0.92414181997875655,0.080000000000000002,0.080000000000000002
0.10000000000000001,0,0.050000000000000003,-6.3178009772806173e-06,-6.3178009772806173e-06,0.49375911714267756,1.2149781188575737,0.91811127131743753,0.11440577407534433,0.095811409360096328
0.10000000000000001,0,0.10000000000000001,-1.2698778178268845e-05,-1.2698778178268845e-05,0.4937612240515083,1.2149730622763799,0.91262234693145439,0.14602351690625565,0.11055748747523311
0.10000000000000001,0,0.15000000000000002,-1.9143560120230267e-05,-1.9143560120230267e-05,0.49376335202776617,1.214967955133361,0.90760750189255213,0.17509531272639206,0.12431590784012328
0.10000000000000001,0,0.20000000000000001,-2.5652781508290114e-05,-2.5652781508290114e-05,0.49376550128102187,1.2149627969255477,0.90300847789704963,0.2018392373138575,0.13715763593967106
0.10000000000000001,0,0.25,-3.2227083295114473e-05,-3.2227083295114473e-05,0.49376767202290889,1.2149575871450184,0.89877537025928544,0.22645224394653846,0.14914766686427641
0.10000000000000001,0,0.30000000000000004,-3.8867112740949212e-05,-3.8867112740949212e-05,0.49376986446714355,1.2149523252788554,0.89486552316204471,0.24911263000925701,0.16034566497075436
0.10000000000000001,0,0.35000000000000003,-4.5573523474412572e-05,-4.5573523474412572e-05,0.49377207882954477,1.2149470108090925,0.89124245866901586,0.26998215006907333,0.17080651754645484
0.10000000000000001,0,0.40000000000000002,-5.2346975553688941e-05,-5.2346975553688941e-05,0.49377431532805449,1.2149416432126692,0.88787491911168648,0.28920783246980353,0.18058081430079284
0.10000000000000001,0,0.45000000000000001,-5.9188135528467263e-05,-5.9188135528467263e-05,0.49377657418275794,1.2149362219613808,0.88473604043753173,0.30692354987027992,0.18971526469246913
0.10000000000000001,0,0.5,-6.6097676502141457e-05,-6.6097676502141457e-05,0.49377885561590451,1.2149307465218291,0.88180265454445983,0.32325138290386202,0.1982530621639586
0.10000000000000001,0,0.55000000000000004,-7.307627819509633e-05,-7.307627819509633e-05,0.49378115985192828,1.2149252163553721,0.87905470529351692,0.3383028108012377,0.20623420389025032
0.10000000000000001,0,0.60000000000000009,-8.012462700784329e-05,-8.012462700784329e-05,0.49378348711746894,1.2149196309180745,0.87647476141279401,0.35217975665591544,0.21369577316748337
0.10000000000000001,0,0.65000000000000002,-8.724341608542461e-05,-8.724341608542461e-05,0.49378583764139328,1.214913989660656,0.87404761260251529,0.36497550796860723,0.22067218935816452
0.10000000000000001,0,0.70000000000000007,-9.4433345382075935e-05,-9.4433345382075935e-05,0.49378821165481634,1.2149082920284406,0.87175993273514873,0.37677553226005861,0.22719543086556857
0.10000000000000001,0,0.75,-0.00010169512172637737,-0.00010169512172637737,0.49379060939112301,1.2149025374613045,0.86960000066416376,0.38765820071159662,0.23329523406933828
0.10000000000000001,0,0.80000000000000004,-0.00010902945888725658,-0.00010902945888725658,0.49379303108598965,1.2148967253936247,0.86755746521972055,0.39769543537919538,0.23899927283536448
0.10000000000000001,0,0.85000000000000009,-0.00011643707764050118,-0.00011643707764050118,0.49379547697740633,1.2148908552542248,0.86562315073995733,0.40695328616661081,0.24433331941618619
0.10000000000000001,0,0.90000000000000002,-0.00012391870583574734,-0.00012391870583574734,0.49379794730569876,1.2148849264663228,0.86378889223107769,0.41549245026538134,0.24932139074432741
0.10000000000000001,0,0.95000000000000007,-0.00013147507846417319,-0.00013147507846417319,0.49380044231355064,1.2148789384474783,0.86204739782731277,0.42336873783079387,0.25398588052232413
0.10000000000000001,0,1,-0.00013910693772687402,-0.00013910693772687402,0.49380296224602632,1.214872890609537,0.86039213160665784,0.43063349357904179,0.2583476800590398
0.10000000000000001,0,1.05,-0.00014681503310379895,-0.00014681503310379895,0.49380550735059359,1.2148667823585753,0.85881721475271389,0.43733397693816511,0.26242628817460295
0.10000000000000001,0,1.1000000000000001,-0.00015460012142315429,-0.00015460012142315429,0.49380807787714642,1.2148606130948485,0.85731734187918907,0.44351370596850936,0.2662399115974014
0.10000000000000001,0,1.1500000000000001,-0.00016246296693182328,-0.00016246296693182328,0.49381067407802837,1.2148543822127318,0.85588770900168132,0.44921277049325586,0.26980555737461492
0.10000000000000001,0,1.2000000000000002,-0.00017040434136586253,-0.00017040434136586253,0.49381329620805586,1.2148480891006657,0.85452395263965009,0.45446811494268502,0.2731391171860077
0.10000000000000001,0,1.25,-0.0001784250240221927,-0.0001784250240221927,0.49381594452454169,1.2148417331410999,0.85322209719634889,0.45931379693812985,0.2762554452901313
0.10000000000000001,0,1.3,-0.00018652580183058017,-0.00018652580183058017,0.49381861928731902,1.2148353137104342,0.85197850923105545,0.46378122374881586,0.27916843060027197
0.10000000000000001,0,1.3500000000000001,-0.0001947074694263478,-0.0001947074694263478,0.49382132075876528,1.2148288301789634,0.85078985914628558,0.46789936514825087,0.28189106230925315
0.10000000000000001,0,1.4000000000000001,-0.00020297082922391224,-0.00020297082922391224,0.49382404920382639,1.2148222819108165,0.84965308701899089,0.47169495060354993,0.28443549138235369
0.10000000000000001,0,1.4500000000000002,-0.00021131669149047834,-0.00021131669149047834,0.49382680489004116,1.2148156682639011,0.84856537332314375,0.47519264848771953,0.28681308711272602
0.10000000000000001,0,1.5,-0.00021974587442116506,-0.00021974587442116506,0.49382958808756611,1.2148089885898414,0.84752411358888835,0.47841522911650136,0.28903448926164677
0.10000000000000001,0,1.55,-0.00022825920421411415,-0.00022825920421411415,0.49383239906920023,1.2148022422339195,0.84652689614285037,0.48138371517796447,0.29110965669001726
0.10000000000000001,0,1.6000000000000001,-0.00023685751514655918,-0.00023685751514655918,0.49383523811041014,1.2147954285350158,0.84557148228160406,0.48411752117846218,0.29304791289203008
0.10000000000000001,0,1.6500000000000001,-0.0002455416496515815,-0.0002455416496515815,0.49383810548935531,1.2147885468255473,0.84465578968384081,0.48663457714700498,0.29485798718636619
0.10000000000000001,0,1.7000000000000002,-0.00025431245839551428,-0.00025431245839551428,0.4938410014869139,1.2147815964314066,0.84377787716326602,0.48895144568880228,0.29654805393166472
0.10000000000000001,0,1.75,-0.00026317080035599899,-0.00026317080035599899,0.49384392638670815,1.2147745766719005,0.84293593145819812,0.49108342870542132,0.29812576877514874
0.10000000000000001,0,1.8,-0.0002721175429007962,-0.0002721175429007962,0.4938468804751307,1.2147674868596863,0.84212825555744764,0.49304466477711395,0.29959830223789985
0.10000000000000001,0,1.8500000000000001,-0.00028115356186724248,-0.00028115356186724248,0.49384986404137071,1.2147603263007103,0.84135325839828967,0.49484821835592618,0.30097237091604184
0.10000000000000001,0,1.9000000000000001,-0.00029027974164239794,-0.00029027974164239794,0.49385287737744032,1.2147530942941431,0.84060944565830131,0.49650616296883066,0.30225426682941464
0.10000000000000001,0,1.9500000000000002,-0.00029949697524401814,-0.00029949697524401814,0.49385592077820145,1.2147457901323166,0.83989541144847268,0.4980296590157669,0.30344988507075216
0.10000000000000001,0,2,-0.0003088061644020933,-0.0003088061644020933,0.49385899454139259,1.2147384131006578,0.83920983120826342,0.49942902117294002,0.30456474860227362
0.10000000000000001,0,2.0500000000000003,-0.00031820821964111178,-0.00031820821964111178,0.4938620989676562,1.214730962477625,0.83855145509050844,0.50071378409252776,0.30560403225628313
0.10000000000000001,0,2.1000000000000001,-0.00032770406036325433,-0.00032770406036325433,0.4938652343605659,1.2147234375346418,0.83791910213434695,0.50189276214187772,0.306572584947431
0.10000000000000001,0,2.1499999999999999,-0.00033729461493202753,-0.00033729461493202753,0.49386840102665419,1.2147158375360299,0.83731165501774307,0.50297410415844623,0.30747495034923539
0.10000000000000001,0,2.2000000000000002,-0.00034698082075676354,-0.00034698082075676354,0.4938715992754405,1.2147081617389426,0.83672805533549233,0.50396534343110866,0.30831538609780368
0.10000000000000001,0,2.25,-0.00035676362437805676,-0.00035676362437805676,0.49387482941945915,1.214700409393298,0.83616729934675249,0.5048734440450473,0.30909788179882219
0.10000000000000001,0,2.3000000000000003,-0.00036664398155344686,-0.00036664398155344686,0.49387809177428788,1.214692579741709,0.83562843412354193,0.50570484478145405,0.30982617612653801
0.10000000000000001,0,2.3500000000000001,-0.00037662285734442111,-0.00037662285734442111,0.49388138665857639,1.2146846720194167,0.83511055404878454,0.50646549971047661,0.31050377283061248
0.10000000000000001,0,2.4000000000000004,-0.00038670122620377195,-0.00038670122620377195,0.49388471439407527,1.2146766854542195,0.8346127976740817,0.50716091231881677,0.31113395494014501
0.10000000000000001,0,2.4500000000000002,-0.00039688007206385863,-0.00039688007206385863,0.49388807530566509,1.2146686192664036,0.83413434481828708,0.50779617083758433,0.31171979893799345
0.10000000000000001,0,2.5,-0.00040716038842567785,-0.00040716038842567785,0.49389146972138598,1.2146604726686736,0.83367441395659692,0.50837597947286295,0.31226418770675562
0.10000000000000001,0,2.5500000000000003,-0.00041754317844855225,-0.00041754317844855225,0.49389489797246694,1.2146522448660795,0.83323225982013893,0.50890468729626337,0.31276982265569869
0.10000000000000001,0,2.6000000000000001,-0.00042802945504086953,-0.00042802945504086953,0.49389836039335605,1.2146439350559455,0.83280717118781589,0.50938631454745442,0.31323923498193634
0.10000000000000001,0,2.6500000000000004,-0.00043862024095125247,-0.00043862024095125247,0.49390185732175063,1.2146355424277984,0.83239846886418356,0.50982457696885664,0.31367479622496652
0.10000000000000001,0,2.7000000000000002,-0.00044931656886075283,-0.00044931656886075283,0.4939053890986273,1.2146270661632943,0.83200550383490668,0.510222908804294,0.31407872827637079
0.10000000000000001,0,2.75,-0.00046011948147581998,-0.00046011948147581998,0.49390895606827306,1.2146185054361447,0.83162765558754426,0.5105844850110739,0.3144531129864952
0.10000000000000001,0,2.8000000000000003,-0.00047103003162196372,-0.00047103003162196372,0.49391255857831612,1.2146098594120411,0.83126433051264736,0.51091223976997702,0.31479990067358044
0.10000000000000001,0,2.8500000000000001,-0.00048204928233834391,-0.00048204928233834391,0.49391619697975703,1.2146011272485833,0.83091496043282065,0.51120888382526875,0.31512091815579318
0.10000000000000001,0,2.9000000000000004,-0.00049317830697302495,-0.00049317830697302495,0.49391987162700018,1.2145923080951997,0.83057900127176731,0.51147692196742967,0.31541787662725213
0.10000000000000001,0,2.9500000000000002,-0.00050441818927914636,-0.00050441818927914636,0.49392358287788563,1.2145834010930745,0.83025593180992663,0.51171866844792446,0.31569237886552504
0.10000000000000001,0,3,-0.00051577002351199533,-0.00051577002351199533,0.49392733109372106,1.2145744053750693,0.82994525251885221,0.51193626119705116,0.31594592597199106
0.10000000000000001,0,3.0500000000000003,-0.00052723491452667467,-0.00052723491452667467,0.49393111663931405,1.2145653200656461,0.8296464844667818,0.51213167476008081,0.31617992363429254
0.10000000000000001,0,3.1000000000000001,-0.00053881397787670568,-0.00053881397787670568,0.49393493988300474,1.2145561442807886,0.82935916829937062,0.51230673227786394,0.31639568800245144
0.10000000000000001,0,3.1500000000000004,-0.00055050833991360433,-0.00055050833991360433,0.49393880119669842,1.2145468771279238,0.82908286329903669,0.5124631168380771,0.31659445127022667
0.10000000000000001,0,3.2000000000000002,-0.00056231913788713111,-0.00056231913788713111,0.49394270095589904,1.2145375177058424,0.82881714652588678,0.51260238252328683,0.31677736705328757
0.10000000000000001,0,3.25,-0.00057424752004632139,-0.00057424752004632139,0.49394663953974222,1.2145280651046184,0.82856161200561018,0.51272596452263597,0.31694551540120997
0.10000000000000001,0,3.3000000000000003,-0.00058629464574165178,-0.00058629464574165178,0.49395061733102918,1.2145185184055298,0.82831586987917594,0.51283518623484903,0.31709990690271528
0.10000000000000001,0,3.3500000000000001,-0.00059846168552780282,-0.00059846168552780282,0.49395463471626067,1.2145088766809744,0.82807954571807463,0.51293126877433515,0.31724148731218732
0.10000000000000001,0,3.4000000000000004,-0.00061074982126740039,-0.00061074982126740039,0.49395869208567095,1.2144991389943898,0.82785227983194565,0.51301533848207648,0.31737114155230628
0.10000000000000001,0,3.4500000000000002,-0.00062316024623551808,-0.00062316024623551808,0.49396278983326269,1.2144893044001694,0.82763372662534929,0.513088434132979,0.31748969753888662
0.10000000000000001,0,3.5,-0.0006356941652251759,-0.0006356941652251759,0.49396692835684164,1.21447937194358,0.82742355398107481,0.51315151343667598,0.31759792971685319
0.10000000000000001,0,3.5500000000000003,-0.00064835279465379485,-0.00064835279465379485,0.49397110805805167,1.2144693406606759,0.82722144267279629,0.5132054589602042,0.31769656234949734
0.10000000000000001,0,3.6000000000000001,-0.00066113736267019814,-0.00066113736267019814,0.49397532934241029,1.2144592095782152,0.82702708581111706,0.51325108363475225,0.31778627261224029
0.10000000000000001,0,3.6500000000000004,-0.00067404910926278515,-0.00067404910926278515,0.4939795926193441,1.2144489777135741,0.82684018832689354,0.51328913600868542,0.31786769354213196
0.10000000000000001,0,3.7000000000000002,-0.00068708928636864797,-0.00068708928636864797,0.49398389830222511,1.2144386440746597,0.82666046649560165,0.51332030540904727,0.3179414168943136
0.10000000000000001,0,3.75,-0.00070025915798326238,-0.00070025915798326238,0.49398824680840697,1.2144282076598234,0.82648764749705594,0.51334522697873919,0.31800799589805395
0.10000000000000001,0,3.8000000000000003,-0.0007135600002714129,-0.0007135600002714129,0.49399263855926118,1.2144176674577729,0.82632146890842828,0.51336448451567729,0.31806794729655036
0.10000000000000001,0,3.8500000000000001,-0.00072699310167890813,-0.00072699310167890813,0.49399707398021442,1.2144070224474854,0.82616167830448195,0.51337861478419777,0.31812175376721519
0.10000000000000001,0,3.9000000000000004,-0.00074055976304512351,-0.00074055976304512351,0.49400155350078562,1.2143962715981147,0.82600803286357738,0.51338811122950934,0.31816986610545867
0.10000000000000001,0,3.9500000000000002,-0.0007542612977166186,-0.0007542612977166186,0.49400607755462328,1.2143854138689039,0.82586029898623825,0.51339342727664017,0.31821270524097645
0.10000000000000001,0,4,-0.00076809903166153055,-0.00076809903166153055,0.49401064657954336,1.2143744482090961,0.82571825193093107,0.51339497939784517,0.31825066412864228
0.10000000000000001,0,4.0499999999999998,-0.00078207430358496533,-0.00078207430358496533,0.49401526101756749,1.2143633735578381,0.82558167546161987,0.51339314986346196,0.31828410949201968
0.10000000000000001,0,4.1000000000000005,-0.00079618846504547888,-0.00079618846504547888,0.49401992131496131,1.2143521888440929,0.82545036150955342,0.5133882892531153,0.31831338344735305
0.10000000000000001,0,4.1500000000000004,-0.00081044288057209113,-0.00081044288057209113,0.49402462792227297,1.2143408929865449,0.82532410985169757,0.51338071880417102,0.31833880503589823
0.10000000000000001,0,4.2000000000000002,-0.0008248389277827593,-0.0008248389277827593,0.49402938129437268,1.2143294848935056,0.82520272780818016,0.51337073267433864,0.31836067169245391
0.10000000000000001,0,4.25,-0.00083937799750330412,-0.00083937799750330412,0.49403418189049142,1.2143179634628205,0.82508602996108016,0.51335860019532276,0.31837926067795347
0.10000000000000001,0,4.2999999999999998,-0.00085406149388773142,-0.00085406149388773142,0.49403903017426115,1.2143063275817731,0.82497383789646339,0.51334456818694685,0.31839483050137146
0.10000000000000001,0,4.3500000000000005,-0.00086889083453918861,-0.00086889083453918861,0.4940439266137544,1.2142945761269894,0.82486597990979849,0.51332886220221918,0.31840762194237171
0.10000000000000001,0,4.4000000000000004,-0.00088386745063202723,-0.00088386745063202723,0.49404887168152484,1.2142827079643406,0.82476229073208873,0.51331168782265324,0.31841785906583026
0.10000000000000001,0,4.4500000000000002,-0.00089899278703479838,-0.00089899278703479838,0.49405386585464772,1.2142707219488453,0.82466261131409824,0.51329323274401284,0.31842575047150667
0.10000000000000001,0,4.5,-0.00091426830243439283,-0.00091426830243439283,0.4940589096147609,1.2142586169245737,0.82456678858411891,0.51327366803846286,0.3184314902437787
0.10000000000000001,0,4.5499999999999998,-0.00092969546946074125,-0.00092969546946074125,0.49406400344810608,1.2142463917245454,0.824474675225364,0.51325314951338641,0.31843525890852425
0.10000000000000001,0,4.6000000000000005,-0.00094527577481295488,-0.00094527577481295488,0.49406914784557032,1.2142340451706313,0.82438612945887857,0.51323181890793712,0.31843722430586197
0.10000000000000001,0,4.6500000000000004,-0.00096101071938622137,-0.00096101071938622137,0.49407434330272809,1.2142215760734525,0.82430101483310081,0.51320980496172075,0.31843754239327288
0.10000000000000001,0,4.7000000000000002,-0.00097690181839969032,-0.00097690181839969032,0.49407959031988347,1.2142089832322795,0.82421920002120319,0.51318722439000286,0.31843635799362913
0.10000000000000001,0,4.75,-0.00099295060152544538,-0.00099295060152544538,0.49408488940211259,1.2141962654349296,0.82414055862732072,0.51316418279983933,0.31843380550265349
0.10000000000000001,0,4.8000000000000007,-0.0010091586130184271,-0.0010091586130184271,0.49409024105930671,1.2141834214576639,0.82406496900276016,0.51314077558152538,0.31843000957033402
0.10000000000000001,0,4.8500000000000005,-0.0010255274118473356,-0.0010255274118473356,0.49409564580621534,1.2141704500650832,0.82399231407327367,0.51311708880975859,0.31842508577081885
0.10000000000000001,0,4.9000000000000004,-0.0010420585718266544,-0.0010420585718266544,0.49410110416248992,1.2141573500100242,0.82392248117846001,0.5130932001889138,0.3184191412753154
0.10000000000000001,0,4.9500000000000002,-0.0010587536817494878,-0.0010587536817494878,0.49410661665272748,1.214144120033454,0.82385536191396469,0.51306917987204914,0.31841227545937584
0.10000000000000001,0,5,-0.001075614345521639,-0.001075614345521639,0.49411218380651517,1.2141307588643635,0.82379085193099055,0.51304509027223266,0.31840458009153522
0.10000000000000001,0,5.0500000000000007,-0.001092642182296632,-0.001092642182296632,0.49411780615847467,1.2141172652196608,0.82372885081624414,0.51302098727765333,0.31839614007309408
0.10000000000000001,0,5.1000000000000005,-0.0011098388266115866,-0.0011098388266115866,0.49412348424830715,1.2141036378040628,0.82366926194133527,0.51299692070308289,0.31838703385505995
0.10000000000000001,0,5.1500000000000004,-0.001127205928524493,-0.001127205928524493,0.49412921862083853,1.2140898753099874,0.82361199232252369,0.51297293480718487,0.31837733387696027
0.10000000000000001,0,5.2000000000000002,-0.0011447451537521247,-0.0011447451537521247,0.49413500982606501,1.2140759764174438,0.82355695248645167,0.51294906878387481,0.31836710698120796
0.10000000000000001,0,5.25,-0.0011624581838093071,-0.0011624581838093071,0.49414085841919908,1.2140619397939221,0.82350405633954349,0.5129253571882898,0.31835641478792148
0.10000000000000001,0,5.3000000000000007,-0.0011803467161490802,-0.0011803467161490802,0.49414676496071591,1.2140477640942819,0.82345322104145746,0.51290183031175152,0.31834531403736116
0.10000000000000001,0,5.3500000000000005,-0.0011984124643037704,-0.0011984124643037704,0.49415273001639975,1.2140334479606407,0.8234043668829677,0.51287851452010946,0.31833385690714039
0.10000000000000001,0,5.4000000000000004,-0.0012166571580274974,-0.0012166571580274974,0.49415875415739097,1.2140189900222615,0.82335741716864508,0.51285543256985089,0.31832209131137396
0.10000000000000001,0,5.4500000000000002,-0.0012350825434393471,-0.0012350825434393471,0.49416483796023358,1.2140043888954393,0.8233122981047083,0.51283260391636298,0.31831006118892241
0.10000000000000001,0,5.5,-0.0012536903831678156,-0.0012536903831678156,0.49417098200692267,1.2139896431833856,0.82326893869240325,0.51281004502873517,0.31829780678789338
0.10000000000000001,0,5.5500000000000007,-0.0012724824564962615,-0.0012724824564962615,0.49417718688495255,1.2139747514761139,0.82322727062727008,0.5127877697254849,0.31828536495356108
0.10000000000000001,0,5.6000000000000005,-0.0012914605595093591,-0.0012914605595093591,0.49418345318736506,1.2139597123503238,0.82318722820464951,0.51276578954559648,0.3182727694268625
0.10000000000000001,0,5.6500000000000004,-0.0013106265052408366,-0.0013106265052408366,0.49418978151279847,1.2139445243692837,0.82314874822319684,0.51274411397252184,0.31826005106615551
0.10000000000000001,0,5.7000000000000002,-0.0013299821238218997,-0.0013299821238218997,0.49419617246553632,1.2139291860827126,0.82311176986657775,0.51272275007385471,0.31824723778571851
0.10000000000000001,0,5.75,-0.0013495292626311394,-0.0013495292626311394,0.49420262665555703,1.213913696026663,0.82307623463797286,0.51270170323066178,0.31823435500685177
0.10000000000000001,0,5.8000000000000007,-0.0013692697864452212,-0.0013692697864452212,0.49420914469858351,1.2138980527233996,0.82304208626830355,0.51268097717434746,0.31822142577160478
0.10000000000000001,0,5.8500000000000005,-0.001389205577590823,-0.001389205577590823,0.49421572721613366,1.2138822546812793,0.82300927063323615,0.51266057415955346,0.3182084709214511
0.10000000000000001,0,5.9000000000000004,-0.0014093385360975977,-0.0014093385360975977,0.49422237483557041,1.2138663003946311,0.82297773567367138,0.51264049512943155,0.31819550926607049
0.10000000000000001,0,5.9500000000000002,-0.0014296705798521026,-0.0014296705798521026,0.49422908819015293,1.2138501883436328,0.82294743131869164,0.51262073985351708,0.31818255773315618
0.10000000000000001,0,6,-0.00145020364475313,-0.00145020364475313,0.4942358679190878,1.2138339169941892,0.82291830941101907,0.5126013070438501,0.31816963150254046
0.10000000000000001,0,6.0500000000000007,-0.0014709396848677297,-0.0014709396848677297,0.49424271466758035,1.2138174847978072,0.82289032363503378,0.51258219445499653,0.31815674412793099
0.10000000000000001,0,6.1000000000000005,-0.0014918806725885757,-0.0014918806725885757,0.49424962908688691,1.2138008901914712,0.8228634294474011,0.51256339897361847,0.31814390764954931
0.10000000000000001,0,6.1500000000000004,-0.0015130285987924028,-0.0015130285987924028,0.49425661183436703,1.2137841315975193,0.82283758401035167,0.51254491670324209,0.31813113270096532
0.10000000000000001,0,6.2000000000000002,-0.0015343854729994643,-0.0015343854729994643,0.49426366357353585,1.213767207423514,0.82281274612766098,0.51252674304987511,0.31811842861341894
0.10000000000000001,0,6.25,-0.0015559533235340779,-0.0015559533235340779,0.49427078497411764,1.2137501160621176,0.82278887618336982,0.51250887281412194,0.31810580352092188
0.10000000000000001,0,6.3000000000000007,-0.0015777341976863917,-0.0015777341976863917,0.49427797671209872,1.213732855890963,0.8227659360832863,0.51249130029544721,0.31809326446943176
0.10000000000000001,0,6.3500000000000005,-0.0015997301618751081,-0.0015997301618751081,0.49428523946978142,1.2137154252725246,0.82274388919931229,0.51247401941423676,0.31808081753339112
0.10000000000000001,0,6.4000000000000004,-0.0016219433018113722,-0.0016219433018113722,0.49429257393583825,1.2136978225539881,0.82272270031662731,0.51245702385730707,0.31806846794292359
0.10000000000000001,0,6.4500000000000002,-0.0016443757226636767,-0.0016443757226636767,0.49429998080536619,1.2136800460671211,0.82270233557510231,0.51244030693484788,0.31805622004692813
0.10000000000000001,0,6.5,-0.0016670295492240861,-0.0016670295492240861,0.4943074607799417,1.21366209412814,0.82268276241324134,0.51242386146184415,0.31804407728757456
0.10000000000000001,0,6.5500000000000007,-0.0016899069260752752,-0.0016899069260752752,0.49431501456767568,1.2136439650375783,0.8226639495287591,0.51240768014508975,0.31803204245544964
0.10000000000000001,0,6.6000000000000005,-0.0017130100177589476,-0.0017130100177589476,0.49432264288326944,1.2136256570801534,0.82264586682754803,0.51239175549585647,0.31802011767756433
0.10000000000000001,0,6.6500000000000004,-0.0017363410089450324,-0.0017363410089450324,0.49433034644807017,1.2136071685246315,0.82262848537805411,0.51237607988023526,0.31800830448060829
0.10000000000000001,0,6.7000000000000002,-0.0017599021046023054,-0.0017599021046023054,0.49433812599012755,1.2135884976236937,0.82261177736728253,0.51236064555854488,0.31799660384595357
0.10000000000000001,0,6.75,-0.0017836955301699518,-0.0017836955301699518,0.49434598224425025,1.2135696426137994,0.82259571605838933,0.51234544471584631,0.31798501625769349
0.10000000000000001,0,6.8000000000000007,-0.0018077235317302445,-0.0018077235317302445,0.49435391595206296,1.213550601715049,0.82258027574981918,0.51233046948565719,0.31797354174503234
0.10000000000000001,0,6.8500000000000005,-0.0018319883761823137,-0.0018319883761823137,0.4943619278620639,1.2135313731310466,0.82256543173594465,0.51231571196895365,0.31796217992034065
0.10000000000000001,0,6.9000000000000004,-0.0018564923514169931,-0.0018564923514169931,0.49437001872968245,1.2135119550487621,0.82255116026916386,0.5123011642505535,0.31795093001419139
0.10000000000000001,0,6.9500000000000002,-0.0018812377664928865,-0.0018812377664928865,0.4943781893169385,1.2134923456393474,0.82253743852341532,0.51228681841497159,0.3179397909086924
0.10000000000000001,0,7,-0.0019062269518134169,-0.0019062269518134169,0.49438644039249852,1.2134725430580036,0.82252424455906081,0.51227266656383774,0.31792876117042979
0.10000000000000001,0,7.0500000000000007,-0.0019314622593050088,-0.0019314622593050088,0.49439477273411842,1.2134525454381155,0.8225115572890962,0.51225870083696901,0.31791783908433829
0.10000000000000001,0,7.1000000000000005,-0.0019569460625962405,-0.0019569460625962405,0.49440318712553677,1.2134323508987117,0.82249935644664285,0.51224491343918777,0.3179070226898128
0.10000000000000001,0,7.1500000000000004,-0.0019826807571984755,-0.0019826807571984755,0.49441168435771754,1.2134119575414779,0.82248762255367303,0.51223129667497669,0.31789630982037709
0.10000000000000001,0,7.2000000000000002,-0.0020086687606870584,-0.0020086687606870584,0.49442026522890997,1.2133913634506159,0.82247633689092581,0.51221784299306161,0.31788569814822432
0.10000000000000001,0,7.25,-0.0020349125128839018,-0.0020349125128839018,0.49442893054470866,1.213370566692699,0.82246548146849285,0.51220454491107892,0.31787518515639279
0.10000000000000001,0,7.3000000000000007,-0.002061414476041282,-0.002061414476041282,0.49443768111811454,1.2133495653165249,0.82245503899773642,0.51219139495827393,0.3178647681189361
0.10000000000000001,0,7.3500000000000005,-0.0020881771350263274,-0.0020881771350263274,0.49444651776959558,1.2133283573529705,0.82244499286481954,0.51217838582239206,0.3178544442049242
0.10000000000000001,0,7.4000000000000004,-0.0021152029975069486,-0.0021152029975069486,0.4944554413271483,1.2133069408148442,0.82243532710451528,0.51216551030062385,0.31784421046355865
0.10000000000000001,0,7.4500000000000002,-0.0021424945941386124,-0.0021424945941386124,0.49446445262635924,1.2132853136967376,0.82242602637528117,0.5121527613110548,0.31783406384347884
0.10000000000000001,0,7.5,-0.0021700544787523271,-0.0021700544787523271,0.49447355251046737,1.2132634739748784,0.82241707593525448,0.51214013189948704,0.31782400120892973
0.10000000000000001,0,7.5500000000000007,-0.0021978852285436407,-0.0021978852285436407,0.49448274183042618,1.2132414196069772,0.82240846161914172,0.51212761524261752,0.3178140193533161
0.10000000000000001,0,7.6000000000000005,-0.0022259894442626504,-0.0022259894442626504,0.49449202144496657,1.21321914853208,0.82240016981597297,0.51211520464858296,0.31780411501068356
0.10000000000000001,0,7.6500000000000004,-0.0022543697504052228,-0.0022543697504052228,0.49450139222065997,1.2131966586704159,0.82239218744769083,0.51210289355587935,0.31779428486566574
0.10000000000000001,0,7.7000000000000002,-0.0022830287954049965,-0.0022830287954049965,0.49451085503198167,1.213173947923244,0.82238450194854718,0.51209067553166532,0.31778452556243691
0.10000000000000001,0,7.75,-0.00231196925182679,-0.00231196925182679,0.49452041076137482,1.2131510141727004,0.82237710124527752,0.51207854427045885,0.31777483371320975
0.10000000000000001,0,7.8000000000000007,-0.0023411938165607098,-0.0023411938165607098,0.49453006029931434,1.2131278552816456,0.82236997373802223,0.51206649359423462,0.317765205906818
0.10000000000000001,0,7.8500000000000005,-0.0023707052110175397,-0.0023707052110175397,0.49453980454437163,1.213104469093508,0.82236310828196757,0.51205451745493324,0.3177556387179224
0.10000000000000001,0,7.9000000000000004,-0.002400506181325068,-0.002400506181325068,0.4945496444032792,1.2130808534321298,0.82235649416967538,0.51204260994038886,0.31774612871738117
0.10000000000000001,0,7.9500000000000002,-0.0024305994985253199,-0.0024305994985253199,0.49455958079099599,1.2130570061016097,0.82235012111407146,0.51203076528468516,0.31773667248432269
0.10000000000000001,0,8,-0.0024609879587730787,-0.0024609879587730787,0.4945696146307727,1.2130329248861453,0.82234397923206382,0.51201897788394957,0.31772726662046141
0.10000000000000001,0,8.0500000000000007,-0.0024916743835351062,-0.0024916743835351062,0.49457974685421779,1.2130086075498772,0.82233805902875956,0.51200724225158323,0.3177179077341673
0.10000000000000001,0,8.0999999999999996,-0.0025226616197906834,-0.0025226616197906834,0.49458997840136359,1.2129840518367272,0.82233235138273164,0.51199555298673605,0.3177085924286715
0.10000000000000001,0,8.1500000000000004,-0.0025539525402327552,-0.0025539525402327552,0.49460031022073259,1.2129592554702417,0.82232684753108387,0.51198390483972633,0.31769931734139145
0.10000000000000001,0,8.2000000000000011,-0.0025855500434704701,-0.0025855500434704701,0.49461074326940457,1.2129342161534289,0.8223215390553773,0.51197229268176814,0.31769007913396508
0.10000000000000001,0,8.25,-0.0026174570542323843,-0.0026174570542323843,0.49462127851308357,1.2129089315685995,0.82231641786833654,0.51196071150791511,0.31768087449716792
0.10000000000000001,0,8.3000000000000007,-0.0026496765235708101,-0.0026496765235708101,0.49463191692616526,1.2128833993772032,0.82231147620097644,0.5119491564369294,0.31767170015450974
0.10000000000000001,0,8.3499999999999996,-0.0026822114290669464,-0.0026822114290669464,0.49464265949180491,1.2128576172196681,0.82230670659015137,0.51193762270881027,0.31766255286476225
0.10000000000000001,0,8.4000000000000004,-0.002715064775037248,-0.002715064775037248,0.49465350720198531,1.2128315827152352,0.82230210186653463,0.51192610568073282,0.31765342942367847
0.10000000000000001,0,8.4500000000000011,-0.0027482395927402566,-0.0027482395927402566,0.4946644610575851,1.2128052934617957,0.82229765514303177,0.51191460082214468,0.31764432666516051
0.10000000000000001,0,8.5,-0.0027817389405849985,-0.0027817389405849985,0.49467552206844773,1.2127787470357252,0.82229335980363583,0.51190310370976855,0.31763524146213495
0.10000000000000001,0,8.5500000000000007,-0.0028155659043395832,-0.0028155659043395832,0.49468669125345016,1.2127519409917193,0.82228920949272566,0.511891610023261,0.31762617072739485
0.10000000000000001,0,8.5999999999999996,-0.0028497235973412756,-0.0028497235973412756,0.49469796964057233,1.2127248728626263,0.82228519810481771,0.51188011554227375,0.31761711141466564
0.10000000000000001,0,8.6500000000000004,-0.0028842151607071393,-0.0028842151607071393,0.49470935826696671,1.2126975401592799,0.82228131977477092,0.51186861614566803,0.31760806052015489
0.10000000000000001,0,8.7000000000000011,-0.0029190437635455988,-0.0029190437635455988,0.49472085817902806,1.2126699403703325,0.82227756886845527,0.51185710781362947,0.31759901508484323
0.10000000000000001,0,8.75,-0.002954212603169022,-0.002954212603169022,0.49473247043246366,1.2126420709620873,0.82227393997388554,0.51184558663343216,0.31758997219777568
0.10000000000000001,0,8.8000000000000007,-0.0029897249053068538,-0.0029897249053068538,0.49474419609236375,1.2126139293783269,0.82227042789282612,0.51183404880960059,0.31758092900061163
0.10000000000000001,0,8.8499999999999996,-0.0030255839243199982,-0.0030255839243199982,0.49475603623327236,1.2125855130401464,0.82226702763131876,0.51182249062723817,0.31757188267712955
0.10000000000000001,0,8.9000000000000004,-0.0030617929434155139,-0.0030617929434155139,0.49476799193925797,1.2125568193457807,0.82226373439134948,0.51181090842839772,0.31756283044557659
0.10000000000000001,0,8.9500000000000011,-0.0030983552748624797,-0.0030983552748624797,0.49478006430398491,1.2125278456704363,0.82226054356415956,0.51179929865884055,0.31755376957555853
0.10000000000000001,0,9,-0.0031352742602085027,-0.0031352742602085027,0.49479225443078506,1.212498589366116,0.8222574507220487,0.51178765784315416,0.31754469738089935
0.10000000000000001,0,9.0500000000000007,-0.0031725532704971584,-0.0031725532704971584,0.49480456343272927,1.2124690477614497,0.82225445161152955,0.51177598258729551,0.31753561122044704
0.10000000000000001,0,9.0999999999999996,-0.003210195706485753,-0.003210195706485753,0.49481699243269955,1.2124392181615211,0.82225154214656837,0.51176426957816112,0.31752650849815256
0.10000000000000001,0,9.1500000000000004,-0.0032482049988643109,-0.0032482049988643109,0.49482954256346112,1.2124090978476934,0.8222487184019488,0.51175251558092083,0.31751738666258505
0.10000000000000001,0,9.2000000000000011,-0.0032865846084750771,-0.0032865846084750771,0.49484221496773528,1.2123786840774353,0.82224597660679732,0.51174071743486704,0.31750824320604915
0.10000000000000001,0,9.25,-0.0033253380265325025,-0.0033253380265325025,0.49485501079827154,1.2123479740841483,0.82224331313830801,0.51172887204852524,0.31749907566347141
0.10000000000000001,0,9.3000000000000007,-0.0033644687748443413,-0.0033644687748443413,0.49486793121792111,1.2123169650769892,0.82224072451570096,0.51171697639477665,0.31748988161122071
0.10000000000000001,0,9.3499999999999996,-0.0034039804060329573,-0.0034039804060329573,0.49488097739970954,1.212285654240697,0.82223820739445719,0.51170502750674096,0.31748065866602965
0.10000000000000001,0,9.4000000000000004,-0.0034438765037576435,-0.0034438765037576435,0.49489415052691055,1.2122540387354146,0.82223575856086117,0.51169302247516701,0.31747140448418265
0.10000000000000001,0,9.4500000000000011,-0.0034841606829371582,-0.0034841606829371582,0.49490745179311912,1.2122221156965141,0.82223337492689441,0.51168095844808248,0.317462116761137
0.10000000000000001,0,9.5,-0.0035248365899732239,-0.0035248365899732239,0.49492088240232557,1.2121898822344186,0.82223105352551218,0.5116688326334482,0.31745279323174264
0.10000000000000001,0,9.5500000000000007,-0.0035659079029744549,-0.0035659079029744549,0.4949344435689893,1.2121573354344257,0.82222879150634509,0.5116566423055684,0.31744343167122729
0.10000000000000001,0,9.6000000000000014,-0.0036073783319805638,-0.0036073783319805638,0.49494813651811298,1.2121244723565288,0.82222658613185973,0.51164438481600427,0.31743402989711283
0.10000000000000001,0,9.6500000000000004,-0.0036492516191874947,-0.0036492516191874947,0.49496196248531676,1.2120912900352396,0.82222443477070783,0.51163205755683849,0.31742458576100596
0.10000000000000001,0,9.7000000000000011,-0.0036915315391729603,-0.0036915315391729603,0.49497592271691282,1.2120577854794092,0.82222233489243524,0.51161965793832653,0.31741509714291899
0.10000000000000001,0,9.75,-0.0037342218991220709,-0.0037342218991220709,0.49499001846997986,1.2120239556720485,0.82222028406617798,0.51160718343612255,0.31740556196128916
0.10000000000000001,0,9.8000000000000007,-0.0037773265390539006,-0.0037773265390539006,0.49500425101243789,1.2119897975701488,0.82221827995525376,0.51159463156663854,0.31739597816725323
0.10000000000000001,0,9.8500000000000014,-0.0038208493320481267,-0.0038208493320481267,0.49501862162312299,1.2119553081045049,0.82221632031385317,0.51158199989096842,0.31738634374467684
0.10000000000000001,0,9.9000000000000004,-0.0038647941844722703,-0.0038647941844722703,0.49503313159186246,1.2119204841795301,0.82221440298360149,0.51156928601549878,0.31737665670961068
0.10000000000000001,0,9.9500000000000011,-0.003909165036209061,-0.003909165036209061,0.49504778221954987,1.2118853226730804,0.82221252589004934,0.51155648759003114,0.3173669151093147
0.10000000000000001,0,10,-0.0039539658608843693,-0.0039539658608843693,0.4950625748182203,1.2118498204362713,0.82221068703916222,0.51154360230424656,0.31735711702099328
0.10000000000000001,0,10.050000000000001,-0.0039992006660951639,-0.0039992006660951639,0.49507751071112555,1.2118139742932985,0.82220888451386875,0.51153062788334613,0.31734726055038381
0.10000000000000001,0,10.100000000000001,-0.0040448734936379864,-0.0040448734936379864,0.49509259122977556,1.2117777810485386,0.82220711647073363,0.51151756208369947,0.31733734383034223
0.10000000000000001,0,10.15,-0.0040909884197375766,-0.0040909884197375766,0.49510781772303225,1.2117412374647225,0.8222053811368204,0.51150440268933384,0.31732736501956815
0.10000000000000001,0,10.200000000000001,-0.0041375495552755121,-0.0041375495552755121,0.49512319154830436,1.2117043402840697,0.82220367680680673,0.51149114751009539,0.3173173223016123
0.10000000000000001,0,10.25,-0.0041845610460192161,-0.0041845610460192161,0.49513871407446541,1.2116670862212831,0.82220200184041681,0.51147779438231722,0.31730721388430938
0.10000000000000001,0,10.300000000000001,-0.0042320270728511628,-0.0042320270728511628,0.49515438668198336,1.2116294719632397,0.82220035466023622,0.51146434117282402,0.31729703799977949
0.10000000000000001,0,10.350000000000001,-0.0042799518519977776,-0.0042799518519977776,0.49517021076299628,1.2115914941688088,0.82219873374997199,0.51145078578710768,0.31728679290514028
0.10000000000000001,0,10.4,-0.004328339635258859,-0.004328339635258859,0.495186187721388,1.2115531494686687,0.82219713765322311,0.5114371261825057,0.31727647688407373
0.10000000000000001,0,10.450000000000001,-0.0043771947102367609,-0.0043771947102367609,0.49520231897286393,1.2115144344651265,0.82219556496787116,0.51142336032828206,0.31726608823946623
0.10000000000000001,0,10.5,-0.0044265214005654828,-0.0044265214005654828,0.49521860594502659,1.2114753457319363,0.82219401434210015,0.51140948618217053,0.317255625288692
0.10000000000000001,0,10.550000000000001,-0.0044763240661400095,-0.0044763240661400095,0.49523505007745122,1.2114358798141172,0.82219248447668392,0.51139550174337967,0.31724508637200155
0.10000000000000001,0,10.600000000000001,-0.0045266071033451347,-0.0045266071033451347,0.49525165282176176,1.2113960332277718,0.82219097412076037,0.51138140502609053,0.31723446984742554
0.10000000000000001,0,10.65,-0.0045773749452845099,-0.0045773749452845099,0.49526841564170593,1.2113558024599056,0.82218948207046594,0.51136719406504949,0.31722377409102326
0.10000000000000001,0,10.700000000000001,-0.0046286320620092724,-0.0046286320620092724,0.49528534001323116,1.2113151839682452,0.82218800716728868,0.51135286691729198,0.31721299749652532
0.10000000000000001,0,10.75,-0.0046803829607464792,-0.0046803829607464792,0.49530242742455971,1.2112741741810569,0.82218654829622628,0.51133842166095134,0.31720213847452233
0.10000000000000001,0,10.800000000000001,-0.0047326321861274421,-0.0047326321861274421,0.49531967937626431,1.2112327694969656,0.8221851043838353,0.51132385639212308,0.31719119545135482
0.10000000000000001,0,10.850000000000001,-0.0047853843204153472,-0.0047853843204153472,0.49533709738134307,1.2111909662847764,0.82218367439625661,0.51130916922074987,0.31718016686785661
0.10000000000000001,0,10.9,-0.0048386439837330222,-0.0048386439837330222,0.495354682965295,1.2111487608832918,0.82218225733730421,0.51129435826649472,0.31716905117810812
0.10000000000000001,0,10.950000000000001,-0.0048924158342898176,-0.0048924158342898176,0.49537243766619454,1.2111061496011331,0.82218085224670279,0.51127942165557128,0.31715784684835102
0.10000000000000001,0,11,-0.0049467045686083476,-0.0049467045686083476,0.49539036303476675,1.2110631287165599,0.82217945819856098,0.51126435751949662,0.31714655235622086
0.10000000000000001,0,11.050000000000001,-0.0050015149217504211,-0.0050015149217504211,0.49540846063446176,1.2110196944772917,0.82217807430016421,0.51124916399673515,0.31713516619044951
0.10000000000000001,0,11.100000000000001,-0.0050568516675427617,-0.0050568516675427617,0.49542673204152926,1.2109758431003297,0.82217669969117713,0.51123383923820065,0.31712368685119313
0.10000000000000001,0,11.15,-0.0051127196188017338,-0.0051127196188017338,0.49544517884509287,1.2109315707717772,0.82217533354333694,0.51121838141758402,0.31711211285113899
0.10000000000000001,0,11.200000000000001,-0.0051691236275576789,-0.0051691236275576789,0.49546380264722406,1.2108868736466623,0.82217397506072865,0.51120278874747371,0.31710044271754495
0.10000000000000001,0,11.25,-0.0052260685852783782,-0.0052260685852783782,0.49548260506301595,1.2108417478487619,0.82217262347443043,0.51118705943359688,0.31708867498446136
0.10000000000000001,0,11.300000000000001,-0.0052835594230916921,-0.0052835594230916921,0.49550158772065689,1.2107961894704233,0.82217127803905332,0.51117119164825464,0.31707680818800066
0.10000000000000001,0,11.350000000000001,-0.0053416011120075236,-0.0053416011120075236,0.49552075226150372,1.2107501945723911,0.8221699380373354,0.51115518359287604,0.31706484087581516
0.10000000000000001,0,11.4,-0.0054001986631387272,-0.0054001986631387272,0.49554010034015467,1.2107037591836287,0.82216860277634696,0.51113903346783207,0.31705277160181189
0.10000000000000001,0,11.450000000000001,-0.0054593571279210051,-0.0054593571279210051,0.49555963362452204,1.210656879301147,0.82216727158720793,0.51112273947959963,0.31704059892680514
0.10000000000000001,0,11.5,-0.0055190815983320995,-0.0055190815983320995,0.49557935379590451,1.2106095508898289,0.82216594382441266,0.51110629984341927,0.31702832141847825
0.10000000000000001,0,11.550000000000001,-0.0055793772071094164,-0.0055793772071094164,0.49559926254905906,1.2105617698822582,0.82216461886486503,0.511089712782554,0.3170159376508262
0.10000000000000001,0,11.600000000000001,-0.0056402491279669755,-0.0056402491279669755,0.49561936159227243,1.2105135321785463,0.82216329610673078,0.51107297652527395,0.31700344620325466
0.10000000000000001,0,11.65,-0.0057017025758107302,-0.0057017025758107302,0.49563965264743259,1.2104648336461616,0.82216197496821375,0.51105608930068558,0.31699084565950958
0.10000000000000001,0,11.700000000000001,-0.0057637428069529399,-0.0057637428069529399,0.49566013745009913,1.2104156701197621,0.82216065488636192,0.51103904933453115,0.31697813460661173
0.10000000000000001,0,11.75,-0.0058263751193248616,-0.0058263751193248616,0.49568081774957357,1.2103660374010234,0.82215933531600949,0.51102185484607743,0.31696531163397196
0.10000000000000001,0,11.800000000000001,-0.0058896048526884803,-0.0058896048526884803,0.49570169530896951,1.2103159312584733,0.82215801572896297,0.51100450404721676,0.3169523753328603
0.10000000000000001,0,11.850000000000001,-0.0059534373888461539,-0.0059534373888461539,0.49572277190528158,1.2102653474273242,0.82215669561353366,0.51098699514490331,0.31693932429640459
0.10000000000000001,0,11.9,-0.006017878151849192,-0.006017878151849192,0.49574404932945448,1.2102142816093091,0.82215537447452791,0.51096932634804504,0.31692615712029309
0.10000000000000001,0,11.950000000000001,-0.0060829326082046343,-0.0060829326082046343,0.49576552938645108,1.2101627294725172,0.82215405183379808,0.51095149587997435,0.31691287240435545
0.10000000000000001,0,12,-0.0061486062670800794,-0.0061486062670800794,0.49578721389363684,1.2101106866552718,0.82215272723146082,0.51093350199761889,0.31689946875519692
0.10000000000000001,0,12.050000000000001,-0.006214904680507157,-0.006214904680507157,0.49580910468285266,1.2100581487611535,0.82215140022019351,0.51091534293902119,0.31688594477773474
0.10000000000000001,0,12.100000000000001,-0.0062818334435828255,-0.0062818334435828255,0.49583120360451954,1.210005111349153,0.82215007036187371,0.51089701689283185,0.31687229907008707
0.10000000000000001,0,12.15,-0.0063493981946686883,-0.0063493981946686883,0.49585351252034399,1.2099515699511743,0.8221487372340518,0.51087852207119333,0.31685853023453392
0.10000000000000001,0,12.200000000000001,-0.0064176046155885649,-0.0064176046155885649,0.49587603330638308,1.2098975200646807,0.82214740042602974,0.51085985667529188,0.31684463687188069
0.10000000000000001,0,12.25,-0.0064864584318236555,-0.0064864584318236555,0.49589876785310888,1.2098429571525389,0.82214605953921782,0.51084101890405498,0.31683061758250819
0.10000000000000001,0,12.300000000000001,-0.0065559654127056305,-0.0065559654127056305,0.49592171806547236,1.2097878766428662,0.82214471418699731,0.51082200695761903,0.31681647096661963
0.10000000000000001,0,12.350000000000001,-0.0066261313716074934,-0.0066261313716074934,0.49594488586296626,1.2097322739288809,0.82214336399421395,0.51080281903685043,0.31680219562388268
0.10000000000000001,0,12.4,-0.0066969621661318226,-0.0066969621661318226,0.49596827317968728,1.2096761443687505,0.82214200859642905,0.51078345334022046,0.31678779015266906
0.10000000000000001,0,12.450000000000001,-0.0067684636982970423,-0.0067684636982970423,0.49599188196439759,1.2096194832854457,0.82214064763905759,0.51076390805933203,0.31677325314909216
0.10000000000000001,0,12.5,-0.0068406419147204623,-0.0068406419147204623,0.49601571418058532,1.2095622859665951,0.82213928077651588,0.51074418137439848,0.31675858320604372
0.10000000000000001,0,12.550000000000001,-0.0069135028067992491,-0.0069135028067992491,0.49603977180652425,1.2095045476643418,0.82213790767151218,0.51072427145097199,0.31674377891243177
0.10000000000000001,0,12.600000000000001,-0.0069870524108884644,-0.0069870524108884644,0.49606405683533256,1.2094462635952019,0.82213652799460002,0.51070417643922261,0.31672883885281977
0.10000000000000001,0,12.65,-0.0070612968084760291,-0.0070612968084760291,0.49608857127503075,1.2093874289399262,0.82213514142412769,0.5106838944770643,0.31671376160766979
0.10000000000000001,0,12.700000000000001,-0.0071362421263552632,-0.0071362421263552632,0.49611331714859846,1.2093280388433636,0.82213374764670732,0.51066342369843021,0.31669854575438888
0.10000000000000001,0,12.75,-0.0072118945367937856,-0.0072118945367937856,0.4961382964940303,1.2092680884143272,0.82213234635833132,0.51064276224799299,0.31668318986938221
0.10000000000000001,0,12.800000000000001,-0.0072882602576997361,-0.0072882602576997361,0.49616351136439069,1.2092075727254621,0.82213093726626374,0.5106219083036323,0.31666769253131238
0.10000000000000001,0,12.850000000000001,-0.0073653455527846034,-0.0073653455527846034,0.49618896382786776,1.2091464868131172,0.8221295200827704,0.51060086001585137,0.31665205231149757
0.10000000000000001,0,12.9,-0.0074431567317226645,-0.0074431567317226645,0.49621465596782582,1.2090848256772182,0.82212809452144309,0.51057961547284125,0.31663626776833614
0.10000000000000001,0,12.950000000000001,-0.0075217001503069432,-0.0075217001503069432,0.49624058988285696,1.2090225842811431,0.82212666030519976,0.51055817278526638,0.31662033746021923
0.10000000000000001,0,13,-0.0076009822106017713,-0.0076009822106017713,0.49626676768683142,1.2089597575516045,0.82212521716210096,0.51053653004648936,0.31660425993914809
0.10000000000000001,0,13.050000000000001,-0.007681009361091529,-0.007681009361091529,0.49629319150894652,1.2088963403785282,0.82212376482613292,0.5105146853428385,0.31658803375213768
0.10000000000000001,0,13.100000000000001,-0.0077617880968256087,-0.0077617880968256087,0.49631986349377494,1.2088323276149402,0.82212230303739031,0.51049263675783596,0.31657165744169269
0.10000000000000001,0,13.15,-0.0078433249595595469,-0.0078433249595595469,0.49634678580131081,1.2087677140768538,0.82212083154180715,0.51047038237186659,0.31655512954558557
0.10000000000000001,0,13.200000000000001,-0.0079256265378920797,-0.0079256265378920797,0.49637396060701544,1.2087024945431628,0.8221193500905849,0.51044792025878793,0.31653844859616637
0.10000000000000001,0,13.25,-0.0080086994673980796,-0.0080086994673980796,0.49640139010186085,1.2086366637555337,0.8221178584394736,0.51042524848097903,0.31652161311943616
0.10000000000000001,0,13.300000000000001,-0.0080925504307573174,-0.0080925504307573174,0.49642907649237239,1.2085702164183061,0.82211635634805347,0.51040236508432613,0.31650462163411475
0.10000000000000001,0,13.350000000000001,-0.0081771861578786471,-0.0081771861578786471,0.49645702200066993,1.2085031471983922,0.82211484357917319,0.51037926809464373,0.31648747265093397
0.10000000000000001,0,13.4,-0.00826261342601981,-0.00826261342601981,0.496485228863561,1.2084354507274535,0.82211331989869119,0.51035595551703106,0.31647016467238748
0.10000000000000001,0,13.450000000000001,-0.0083488390599027809,-0.0083488390599027809,0.49651369932989575,1.2083671216082501,0.82211178507567562,0.51033242533965917,0.31645269619316796
0.10000000000000001,0,13.5,-0.0084358699318239395,-0.0084358699318239395,0.49654243567426964,1.208298154381753,0.82211023888321377,0.51030867554349046,0.3164350657015228
0.10000000000000001,0,13.550000000000001,-0.0085237129617598256,-0.0085237129617598256,0.49657144018155958,1.208228543564257,0.82210868109998081,0.5102847041194275,0.31641727168175982
0.10000000000000001,0,13.600000000000001,-0.0086123751174674145,-0.0086123751174674145,0.49660071515241877,1.2081582836341949,0.82210711151272164,0.51026050909438836,0.31639931261813309
0.10000000000000001,0,13.65,-0.0087018634145796872,-0.0087018634145796872,0.49663026290330864,1.2080873690320593,0.82210552990910191,0.51023608846146806,0.31638118698388085
0.10000000000000001,0,13.700000000000001,-0.00879218491669553,-0.00879218491669553,0.49666008576652798,1.2080157941603329,0.82210393607346621,0.51021144013980446,0.31636289323500255
0.10000000000000001,0,13.75,-0.0088833467354644292,-0.0088833467354644292,0.49669018609024146,1.2079435533834204,0.82210232979655606,0.51018656207270208,0.31634442982528377
0.10000000000000001,0,13.800000000000001,-0.0089753560306655156,-0.0089753560306655156,0.49672056623850536,1.207870641027587,0.82210071087078063,0.51016145218182474,0.31632579519904952
0.10000000000000001,0,13.850000000000001,-0.0090682200102809463,-0.0090682200102809463,0.49675122859129178,1.2077970513808995,0.82209907909128277,0.51013610837917633,0.31630698779292599
0.10000000000000001,0,13.9,-0.009161945930563329,-0.009161945930563329,0.49678217554451126,1.207722778693173,0.82209743425631288,0.51011052857211103,0.31628800603651991
0.10000000000000001,0,13.950000000000001,-0.0092565410960972171,-0.0092565410960972171,0.49681340951003272,1.2076478171759215,0.82209577616708474,0.51008471066308203,0.31626884835228147
0.10000000000000001,0,14,-0.0093520128598544947,-0.0093520128598544947,0.49684493291570186,1.2075721610023156,0.82209410462728294,0.51005865254585769,0.31624951315482019
0.10000000000000001,0,14.050000000000001,-0.0094483686232433202,-0.0094483686232433202,0.49687674820535749,1.2074958043071418,0.82209241944239508,0.51003235209993392,0.31622999884994202
0.10000000000000001,0,14.100000000000001,-0.0095456158361507271,-0.0095456158361507271,0.4969088578388452,1.2074187411867714,0.82209072041904108,0.5100058071848701,0.31621030383367732
0.10000000000000001,0,14.15,-0.0096437619969786045,-0.0096437619969786045,0.49694126429202978,1.2073409656991285,0.8220890073644711,0.50997901563627812,0.31619042649156825
0.10000000000000001,0,14.200000000000001,-0.0097428146526728557,-0.0097428146526728557,0.49697397005680433,1.2072624718636695,0.82208728008640553,0.50995197526519309,0.3161703651984844
0.10000000000000001,0,14.25,-0.0098427813987455454,-0.0098427813987455454,0.49700697764109791,1.2071832536613649,0.82208553839338661,0.50992468386255219,0.31615011831923628
0.10000000000000001,0,14.300000000000001,-0.0099436698792903112,-0.0099436698792903112,0.49704028956888052,1.2071033050346867,0.82208378209581867,0.50989713921051372,0.31612968421025484
0.10000000000000001,0,14.350000000000001,-0.01004548778698993,-0.01004548778698993,0.49707390838016552,1.2070226198876026,0.82208201100786338,0.50986933910234111,0.31610906122260651
0.10000000000000001,0,14.4,-0.010148242863117102,-0.010148242863117102,0.49710783663100999,1.2069411920855759,0.82208022495036803,0.50984128137258244,0.31608824770661259
0.10000000000000001,0,14.450000000000001,-0.010251942897527138,-0.010251942897527138,0.49714207689351236,1.2068590154555701,0.82207842374285367,0.50981296381728813,0.31606724199936059
0.10000000000000001,0,14.5,-0.010356595728643083,-0.010356595728643083,0.4971766317558074,1.2067760837860622,0.8220766071985619,0.50978438414605465,0.3160460424172839
0.10000000000000001,0,14.550000000000001,-0.010462209243433107,-0.010462209243433107,0.49721150381519452,1.2066923908435332,0.82207477513580807,0.50975554009683244,0.3160246472739528
0.10000000000000001,0,14.600000000000001,-0.010568791377379379,-0.010568791377379379,0.49724669569719543,1.2066079303267307,0.82207292737283322,0.50972642938389823,0.3160030548718224
0.10000000000000001,0,14.65,-0.010676350114438914,-0.010676350114438914,0.497282210039446,1.2065226959053295,0.8220710637290547,0.50969704971067864,0.31598126350413308
0.10000000000000001,0,14.700000000000001,-0.010784893486995965,-0.010784893486995965,0.49731804949412362,1.2064366812141032,0.82206918402553364,0.50966739877498601,0.31595927145566488
0.10000000000000001,0,14.75,-0.01089442957580568,-0.01089442957580568,0.49735421672937691,1.2063498798494952,0.82206728808485796,0.50963747426857053,0.31593707700263168
0.10000000000000001,0,14.800000000000001,-0.011004966509928861,-0.011004966509928861,0.49739071442930444,1.2062622853696694,0.82206537573063598,0.50960727387291327,0.31591467841200715
0.10000000000000001,0,14.850000000000001,-0.011116512466658048,-0.011116512466658048,0.49742754529393007,1.2061738912945679,0.82206344678680821,0.50957679525318544,0.31589207394057406
0.10000000000000001,0,14.9,-0.011229075671433879,-0.011229075671433879,0.49746471203917569,1.2060846911059782,0.82206150107696918,0.50954603605229853,0.31586926183398695
0.10000000000000001,0,14.950000000000001,-0.0113426643977525,-0.0113426643977525,0.49750221739683026,1.2059946782476074,0.82205953842390367,0.50951499388697075,0.31584624032614056
0.10000000000000001,0,15,-0.011457286967063263,-0.011457286967063263,0.49754006411451612,1.2059038461251612,0.82205755864953689,0.50948366634773323,0.31582300763913423
0.10000000000000001,0,15.050000000000001,-0.011572951748656459,-0.011572951748656459,0.49757825495565222,1.2058121881064345,0.82205556157549675,0.50945205100480417,0.31579956198412396
0.10000000000000001,0,15.100000000000001,-0.011689667159541409,-0.011689667159541409,0.4976167926994135,1.2057196975214075,0.82205354702448907,0.50942014542175162,0.315775901563353
0.10000000000000001,0,15.15,-0.01180744166431404,-0.01180744166431404,0.49765568014068728,1.2056263676623504,0.82205151482268513,0.50938794717887403,0.31575202457365276
0.10000000000000001,0,15.200000000000001,-0.011926283775014413,-0.011926283775014413,0.49769492009002642,1.2055321917839363,0.82204946480292662,0.50935545390433035,0.31572792921110121
0.10000000000000001,0,15.25,-0.012046202050973454,-0.012046202050973454,0.49773451537359836,1.2054371631033638,0.82204739679061789,0.50932266313801744,0.31570361365027277
0.10000000000000001,0,15.300000000000001,-0.012167205098648916,-0.012167205098648916,0.49777446883313115,1.2053412748004853,0.82204531060862318,0.50928957238256012,0.31567907605266776
0.10000000000000001,0,15.350000000000001,-0.012289301571450584,-0.012289301571450584,0.49781478332585588,1.2052445200179458,0.82204320608228354,0.50925617914716736,0.31565431457231402
0.10000000000000001,0,15.4,-0.012412500169553902,-0.012412500169553902,0.49785546172444484,1.2051468918613324,0.82204108303634038,0.50922248092011091,0.31562932735183868
0.10000000000000001,0,15.450000000000001,-0.01253680963970265,-0.01253680963970265,0.49789650691391318,1.2050483834066084,0.82203894129598432,0.50918847518122201,0.3156041125247403
0.10000000000000001,0,15.5,-0.012662238774999605,-0.012662238774999605,0.49793792179334684,1.2049489876959676,0.82203678068720532,0.50915415940589925,0.31557866821610103
0.10000000000000001,0,15.550000000000001,-0.012788796414685652,-0.012788796414685652,0.49797970928854557,1.2048486977074904,0.82203460103663051,0.50911953106299224,0.31555299254217567
0.10000000000000001,0,15.600000000000001,-0.012916491443906691,-0.012916491443906691,0.49802187233325562,1.2047475064001862,0.82203240217104301,0.50908458760892994,0.31552708360929521
0.10000000000000001,0,15.65,-0.013045332793468426,-0.013045332793468426,0.49806441387629929,1.2046454066968817,0.82203018391677019,0.50904932648045631,0.31550093951252134
0.10000000000000001,0,15.700000000000001,-0.013175329439578446,-0.013175329439578446,0.49810733688149011,1.2045423914844238,0.8220279460991311,0.50901374508834285,0.31547455833449056
0.10000000000000001,0,15.75,-0.013306490403575889,-0.013306490403575889,0.49815064432754314,1.2044384536138963,0.8220256885421342,0.50897784081444075,0.31544793814488348
0.10000000000000001,0,15.800000000000001,-0.01343882475164809,-0.01343882475164809,0.49819433920798195,1.2043335859008433,0.82202341106861498,0.50894161101444213,0.31542107700095789
0.10000000000000001,0,15.850000000000001,-0.013572341594533853,-0.013572341594533853,0.49823842453104017,1.2042277811255035,0.82202111350100393,0.50890505302871336,0.31539397294958238
0.10000000000000001,0,15.9,-0.013707050087213714,-0.013707050087213714,0.49828290331955943,1.2041210320330571,0.82201879566291358,0.50886816420356917,0.31536662403120741
0.10000000000000001,0,15.950000000000001,-0.013842959428586342,-0.013842959428586342,0.49832777861088251,1.2040133313338819,0.82201645738173701,0.50883094192535161,0.31533902828621185
0.10000000000000001,0,16,-0.013980078861131265,-0.013980078861131265,0.49837305345674199,1.2039046717038191,0.82201409848687312,0.50879338359534976,0.31531118375030059
0.10000000000000001,0,16.050000000000001,-0.014118417670557446,-0.014118417670557446,0.4984187309231442,1.2037950457844537,0.82201171879824797,0.50875548647291546,0.31528308842502584
0.10000000000000001,0,16.100000000000001,-0.014257985185437569,-0.014257985185437569,0.49846481409024829,1.203684446183404,0.82200931813931644,0.50871724785706485,0.31525474031187373
0.10000000000000001,0,16.150000000000002,-0.014398790776827864,-0.014398790776827864,0.49851130605224109,1.2035728654746214,0.8220068963322944,0.50867866502481651,0.31522613740111521
0.10000000000000001,0,16.199999999999999,-0.014540843857873138,-0.014540843857873138,0.49855820991720629,1.2034602961987046,0.82200445319923887,0.50863973524123485,0.31519727767330302
0.10000000000000001,0,16.25,-0.014684153883396826,-0.014684153883396826,0.49860552880189563,1.2033467308754506,0.82200198856268036,0.50860045576617163,0.31516815910038098
0.10000000000000001,0,16.300000000000001,-0.014828730349475761,-0.014828730349475761,0.49865326583951386,1.2032321619851667,0.8219995022455846,0.50856082385412138,0.3151387796456962
0.10000000000000001,0,16.350000000000001,-0.014974582792999559,-0.014974582792999559,0.49870142418624924,1.2031165819530016,0.82199699407087778,0.5085208367495796,0.31510913726329509
0.10000000000000001,0,16.400000000000002,-0.015121720791214193,-0.015121720791214193,0.4987500070043685,1.2029999831895157,0.82199446386077202,0.5084804916802943,0.31507922989688436
0.10000000000000001,0,16.449999999999999,-0.015270153961249743,-0.015270153961249743,0.4987990174693076,1.2028823580736618,0.82199191143612504,0.50843978585080274,0.31504905547883816
0.10000000000000001,0,16.5,-0.015419891959631858,-0.015419891959631858,0.49884845876951023,1.2027636989531754,0.82198933661606866,0.50839871643864076,0.31501861192963188
0.10000000000000001,0,16.550000000000001,-0.015570944481776781,-0.015570944481776781,0.49889833410626128,1.2026439981449728,0.82198673921814491,0.50835728059561769,0.31498789715808406
0.10000000000000001,0,16.600000000000001,-0.015723321261469796,-0.015723321261469796,0.49894864669351441,1.2025232479355652,0.82198411905917945,0.50831547545654432,0.31495690906278717
0.10000000000000001,0,16.650000000000002,-0.015877032070326653,-0.015877032070326653,0.49899939975771451,1.2024014405814853,0.82198147595713267,0.50827329815780664,0.31492564553510827
0.10000000000000001,0,16.699999999999999,-0.016032086717237888,-0.016032086717237888,0.49905059653761391,1.2022785683097263,0.82197880973416093,0.50823074586817452,0.31489410446414084
0.10000000000000001,0,16.75,-0.016188495047795824,-0.016188495047795824,0.49910224028408351,1.2021546233181997,0.82197612021605115,0.50818781578375261,0.31486228373586983
0.10000000000000001,0,16.800000000000001,-0.016346266943703554,-0.016346266943703554,0.49915433425991723,1.2020295977761988,0.8219734072161069,0.50814450497039731,0.31483018120848116
0.10000000000000001,0,16.850000000000001,-0.016505412322166638,-0.016505412322166638,0.49920688173963162,1.2019034838248841,0.82197067055148509,0.50810081052342415,0.3147977947377783
0.10000000000000001,0,16.900000000000002,-0.016665941135266059,-0.016665941135266059,0.49925988600925841,1.2017762735777797,0.82196791003836966,0.50805672951875491,0.31476512216892805
0.10000000000000001,0,16.949999999999999,-0.016827863369313075,-0.016827863369313075,0.49931335035913876,1.2016479591380671,0.82196512549252609,0.50801225902159641,0.31473216133842274
0.10000000000000001,0,17,-0.016991189044185669,-0.016991189044185669,0.49936727809700754,1.2015185325671818,0.82196231672999442,0.50796739609425035,0.31469891007560924
0.10000000000000001,0,17.050000000000001,-0.017155928212645416,-0.017155928212645416,0.49942167254968839,1.2013879858807479,0.82195948356714743,0.50792213779587214,0.31466536620268026
0.10000000000000001,0,17.100000000000001,-0.017322090959636043,-0.017322090959636043,0.49947653704708145,1.2012563110870043,0.82195662582032603,0.50787648117705986,0.31463152753368306
0.10000000000000001,0,17.150000000000002,-0.017489687401562107,-0.017489687401562107,0.49953187492947493,1.2011235001692602,0.82195374330526949,0.507830423272153,0.31459739187310232
0.10000000000000001,0,17.199999999999999,-0.017658727685548121,-0.017658727685548121,0.49958768954730015,1.2009895450864796,0.82195083583655293,0.50778396109212032,0.31456295701457293
0.10000000000000001,0,17.25,-0.017829221988678111,-0.017829221988678111,0.4996439842608808,1.2008544377738859,0.82194790322725075,0.50773709162091718,0.31452822074027825
0.10000000000000001,0,17.300000000000001,-0.018001180517214554,-0.018001180517214554,0.4997007624401747,1.2007181701435807,0.8219449452890355,0.5076898118181925,0.31449318082159033
0.10000000000000001,0,17.350000000000001,-0.018174613505797525,-0.018174613505797525,0.4997580274645097,1.2005807340851766,0.82194196183293367,0.50764211863122444,0.3144578350215077
0.10000000000000001,0,17.400000000000002,-0.018349531216622899,-0.018349531216622899,0.49981578272231197,1.2004421214664511,0.82193895267094941,0.50759400901896556,0.31442218109944658
0.10000000000000001,0,17.449999999999999,-0.018525943938599809,-0.018525943938599809,0.49987403161082822,1.2003023241340123,0.82193591761877138,0.50754547999107691,0.31438621681894213
0.10000000000000001,0,17.5,-0.018703861986487144,-0.018703861986487144,0.4999327775358402,1.2001613339139834,0.82193285649128556,0.50749652853697391,0.31434993993397192
0.10000000000000001,0,17.550000000000001,-0.01888329570000849,-0.01888329570000849,0.49999202391059694,1.2000191426145672,0.82192976909716231,0.50744715154430142,0.31431334817277068
0.10000000000000001,0,17.600000000000001,-0.019064255442945918,-0.019064255442945918,0.50005177414169633,1.1998757420599289,0.82192665524708508,0.5073973459347032,0.31427643926509485
0.10000000000000001,0,17.650000000000002,-0.019246751602211454,-0.019246751602211454,0.50011203167474694,1.1997311239806072,0.82192351475067593,0.50734710861159971,0.31423921093196111
0.10000000000000001,0,17.699999999999999,-0.019430794586897112,-0.019430794586897112,0.50017279994667685,1.1995852801279756,0.82192034741779751,0.50729643647319089,0.31420166088778706
0.10000000000000001,0,17.75,-0.019616394827302312,-0.019616394827302312,0.50023408240141676,1.1994382022365997,0.82191715305892699,0.50724532641651143,0.31416378684116647
0.10000000000000001,0,17.800000000000001,-0.01980356277393899,-0.01980356277393899,0.50029588248957124,1.1992898820250291,0.8219139314848759,0.50719377533512355,0.31412558649467032
0.10000000000000001,0,17.850000000000001,-0.019992308896513655,-0.019992308896513655,0.50035820366808248,1.1991403111966019,0.82191068250613664,0.507141780113186,0.31408705754409194
0.10000000000000001,0,17.900000000000002,-0.020182643682887264,-0.020182643682887264,0.50042104939988719,1.1989894814402706,0.82190740593214417,0.50708933761863895,0.31404819767755626
0.10000000000000001,0,17.949999999999999,-0.020374577638011114,-0.020374577638011114,0.50048442315356467,1.1988373844314448,0.82190410157073224,0.5070364446982446,0.31400900457491271
0.10000000000000001,0,18,-0.020568121282839913,-0.020568121282839913,0.50054832840297891,1.1986840118328506,0.82190076922806865,0.50698309817722209,0.3139694759078307
0.10000000000000001,0,18.050000000000001,-0.020763285153220994,-0.020763285153220994,0.50061276862691073,1.1985293552954142,0.82189740870935546,0.50692929486621674,0.31392960934101777
0.10000000000000001,0,18.100000000000001,-0.020960079798760023,-0.020960079798760023,0.50067774730868386,1.1983734064591587,0.82189401982057508,0.50687503157834179,0.31388940253497954
0.10000000000000001,0,18.150000000000002,-0.021158515781662134,-0.021158515781662134,0.50074326792037183,1.1982161569911076,0.82189060237156686,0.5068203051590342,0.31384885315074057
0.10000000000000001,0,18.199999999999999,-0.021358603675549582,-0.021358603675549582,0.50080933396459715,1.1980575984849668,0.82188715617597086,0.50676511248540956,0.31380795884985402
0.10000000000000001,0,18.25,-0.021560354064254397,-0.021560354064254397,0.50087594893986487,1.1978977225443244,0.82188368103673015,0.5067094503260654,0.31376671727313549
0.10000000000000001,0,18.300000000000001,-0.021763777540586737,-0.021763777540586737,0.50094311634376298,1.1977365207749688,0.82188017676020719,0.50665331547570469,0.31372512606134212
0.10000000000000001,0,18.350000000000001,-0.021968884705078164,-0.021968884705078164,0.50101083967642923,1.1975739847765698,0.82187664315221409,0.50659670471693685,0.31368318284934188
0.10000000000000001,0,18.400000000000002,-0.022175686164700201,-0.022175686164700201,0.50107912244012787,1.197410106143693,0.82187308001865989,0.50653961482881338,0.3136408852678545
0.10000000000000001,0,18.449999999999999,-0.02238419253155758,-0.02238419253155758,0.50114796813881779,1.1972448764668373,0.821869487166074,0.50648204259295859,0.31359823094468159
0.10000000000000001,0,18.5,-0.022594414421555905,-0.022594414421555905,0.50121738027771312,1.1970782873334884,0.82186586440146092,0.50642398479223028,0.31355521750467269
0.10000000000000001,0,18.550000000000001,-0.022806362453044245,-0.022806362453044245,0.50128736236283455,1.196910330329197,0.82186221153175887,0.50636543820495372,0.31351184256894327
0.10000000000000001,0,18.600000000000001,-0.023020047245431413,-0.023020047245431413,0.50135791790055284,1.1967409970386731,0.82185852836317985,0.50630639959777468,0.31346810375385648
0.10000000000000001,0,18.650000000000002,-0.023235479417776872,-0.023235479417776872,0.50142905038597352,1.1965702790736634,0.82185481470070809,0.50624686572017563,0.31342399867028342
0.10000000000000001,0,18.699999999999999,-0.02345266958735525,-0.02345266958735525,0.50150076332514304,1.1963981680196567,0.82185107034803473,0.50618683330370118,0.31337952492365528
0.10000000000000001,0,18.75,-0.023671628368194919,-0.023671628368194919,0.50157306023324644,1.1962246554402085,0.8218472951082012,0.50612629906893614,0.31333468011532106
0.10000000000000001,0,18.800000000000001,-0.023892366369589906,-0.023892366369589906,0.50164594461331369,1.1960497329280471,0.82184348878523505,0.50606525974328131,0.31328946184572426
0.10000000000000001,0,18.850000000000001,-0.024114894194585602,-0.024114894194585602,0.50171941996631153,1.1958733920808522,0.82183965118704683,0.50600371209257344,0.31324386771991292
0.10000000000000001,0,18.900000000000002,-0.024339222438437641,-0.024339222438437641,0.50179348979063454,1.195695624502477,0.82183578212458652,0.5059416529110633,0.31319789534600467
0.10000000000000001,0,18.949999999999999,-0.024565361687044207,-0.024565361687044207,0.50186815758158765,1.1955164218041896,0.82183188140021379,0.50587907889365935,0.31315154231388947
0.10000000000000001,0,19,-0.024793322515351171,-0.024793322515351171,0.50194342683085946,1.1953357756059373,0.82182794881941168,0.50581598676778616,0.31310480621788128
0.10000000000000001,0,19.050000000000001,-0.025023115485730607,-0.025023115485730607,0.50201930102598713,1.1951536775376308,0.8218239841872067,0.50575237325311129,0.31305768465006428
0.10000000000000001,0,19.100000000000001,-0.025254751146331841,-0.025254751146331841,0.50209578364931418,1.194970119241646,0.82181998730912742,0.50568823507192673,0.31301017520223429
0.10000000000000001,0,19.150000000000002,-0.025488240029405515,-0.025488240029405515,0.50217287815499667,1.1947850924280079,0.82181595799161433,0.50562356895388427,0.31296227546692212
0.10000000000000001,0,19.200000000000003,-0.02572359264960028,-0.02572359264960028,0.50225058803855138,1.1945985887074766,0.8218118960417734,0.50555837163366646,0.31291398303724766
0.10000000000000001,0,19.25,-0.025960819502232238,-0.025960819502232238,0.5023289167653735,1.1944105997631036,0.82180780126677855,0.50549263984479043,0.3128652955061324
0.10000000000000001,0,19.300000000000001,-0.026199931061526578,-0.026199931061526578,0.5024078677938939,1.1942211172946546,0.82180367347323091,0.50542637031273807,0.31281621046539954
0.10000000000000001,0,19.350000000000001,-0.026440937778832233,-0.026440937778832233,0.5024874445749905,1.1940301330200227,0.82179951246677896,0.50535955975060931,0.31276672550528917
0.10000000000000001,0,19.400000000000002,-0.026683850080808393,-0.026683850080808393,0.50256765055138863,1.1938376386766671,0.82179531805230999,0.50529220486049109,0.31271683821491819
0.10000000000000001,0,19.450000000000003,-0.026928678367583871,-0.026928678367583871,0.50264848915705407,1.1936436260230703,0.82179109003501571,0.50522430234373994,0.31266654618421164
0.10000000000000001,0,19.5,-0.027175433010888428,-0.027175433010888428,0.5027299638165752,1.1934480868402195,0.82178682822264038,0.50515584892337018,0.31261584700783529
0.10000000000000001,0,19.550000000000001,-0.027424124352156888,-0.027424124352156888,0.50281207793921612,1.1932510129458813,0.82178253242892574,0.50508684137912008,0.31256473829124148
0.10000000000000001,0,19.600000000000001,-0.027674762700604816,-0.027674762700604816,0.50289483491241482,1.1930523962102044,0.82177820246271827,0.50501727645211836,0.31251321763589318
0.10000000000000001,0,19.650000000000002,-0.027927358331277387,-0.027927358331277387,0.50297823815045528,1.1928522284389074,0.82177383813057225,0.50494715085702868,0.31246128264080097
0.10000000000000001,0,19.700000000000003,-0.028181921483069763,-0.028181921483069763,0.50306229103406519,1.1926505015182436,0.82176943924158319,0.50487646132646236,0.31240893091001354
0.10000000000000001,0,19.75,-0.028438462356720217,-0.028438462356720217,0.5031469969313731,1.1924472073647046,0.82176500560518306,0.50480520459538336,0.31235616005061145
0.10000000000000001,0,19.800000000000001,-0.028696991112775669,-0.028696991112775669,0.5032323591972373,1.1922423379266305,0.82176053703201313,0.50473337741072044,0.31230296767459126
0.10000000000000001,0,19.850000000000001,-0.028957517869529093,-0.028957517869529093,0.50331838117256433,1.1920358851858455,0.8217560333339623,0.50466097653222353,0.31224935139933296
0.10000000000000001,0,19.900000000000002,-0.029220052700929929,-0.029220052700929929,0.50340506618361913,1.1918278411593139,0.82175149432369377,0.50458799872787063,0.31219530884718139
0.10000000000000001,0,19.950000000000003,-0.029484605634466601,-0.029484605634466601,0.50349241754132601,1.1916181979008176,0.82174691981397818,0.50451444076713348,0.31214083764467287
0.10000000000000001,0,20,-0.029751186649021912,-0.029751186649021912,0.50358043851241641,1.1914069475702005,0.82174230961715877,0.5044402994154068,0.31208593542193691
0.10000000000000001,0,20.050000000000001,-0.03001980567270077,-0.03001980567270077,0.50366913240119049,1.1911940822371427,0.82173766354506617,0.50436557143290961,0.31203059981280445
0.10000000000000001,0,20.100000000000001,-0.030290472580630924,-0.030290472580630924,0.5037585024699891,1.190979594072026,0.8217329814097043,0.50429025358136403,0.31197482845615265
0.10000000000000001,0,20.150000000000002,-0.030563197192736438,-0.030563197192736438,0.50384855196120071,1.1907634752931182,0.82172826302503055,0.50421434264175957,0.31191861899901735
0.10000000000000001,0,20.200000000000003,-0.030837989271484265,-0.030837989271484265,0.50393928409824251,1.1905457181642178,0.82172350821015039,0.50413783544650792,0.31186196910200381
0.10000000000000001,0,20.25,-0.031114858519603869,-0.031114858519603869,0.50403070208480716,1.1903263149964627,0.82171871678546771,0.50406072884483422,0.31180487643459681
0.10000000000000001,0,20.300000000000001,-0.03139381457778026,-0.03139381457778026,0.50412280910410123,1.190105258150157,0.82171388856648797,0.50398301962717829,0.31174733866223636
0.10000000000000001,0,20.350000000000001,-0.031674867022320363,-0.031674867022320363,0.5042156083123025,1.189882540050474,0.82170902337148888,0.50390470462415704,0.3116893534643228
0.10000000000000001,0,20.400000000000002,-0.031958025362793359,-0.031958025362793359,0.50430910282809305,1.1896581532125767,0.82170412101858692,0.50382578067526373,0.31163091852939812
0.10000000000000001,0,20.450000000000003,-0.032243299039644388,-0.032243299039644388,0.50440329579532273,1.1894320900912254,0.82169918132799813,0.50374624463596684,0.3115720315550497
0.10000000000000001,0,20.5,-0.032530697421782773,-0.032530697421782773,0.5044981903074609,1.1892043432620938,0.82169420412249305,0.50366609337905766,0.31151269024818168
0.10000000000000001,0,20.550000000000001,-0.032820229804144598,-0.032820229804144598,0.50459378943355193,1.1889749053594754,0.82168918922666556,0.50358532379222354,0.31145289232552381
0.10000000000000001,0,20.600000000000001,-0.033111905405229292,-0.033111905405229292,0.50469009621740224,1.1887437690782345,0.82168413646566385,0.50350393277407557,0.31139263551428426
0.10000000000000001,0,20.650000000000002,-0.03340573336461182,-0.03340573336461182,0.50478711367675844,1.1885109271757797,0.82167904566403904,0.5034219172308606,0.31133191755285045
0.10000000000000001,0,20.700000000000003,-0.033701722740429318,-0.033701722740429318,0.50488484480247775,1.1882763724740533,0.82167391664535927,0.50333927407608525,0.31127073619144346
0.10000000000000001,0,20.75,-0.033999882506843646,-0.033999882506843646,0.50498329252783791,1.1880400979331889,0.82166874923324151,0.50325600023528094,0.31120908919263113
0.10000000000000001,0,20.800000000000001,-0.034300221551479507,-0.034300221551479507,0.50508245981121991,1.1878020964530722,0.82166354325445423,0.50317209265813967,0.31114697433160499
0.10000000000000001,0,20.850000000000001,-0.034602748672838392,-0.034602748672838392,0.50518234956351937,1.1875623610475534,0.82165829854473782,0.50308754834024805,0.31108438939612659
0.10000000000000001,0,20.900000000000002,-0.034907472577689391,-0.034907472577689391,0.50528296465957601,1.1873208848170176,0.82165301494116616,0.50300236429064216,0.31102133218632405
0.10000000000000001,0,20.950000000000003,-0.035214401878436469,-0.035214401878436469,0.50538430794307188,1.1870776609366274,0.82164769227221757,0.50291653750478549,0.31095780051881228
0.10000000000000001,0,21,-0.035523545090462967,-0.035523545090462967,0.50548638222565412,1.1868326826584301,0.82164233037233347,0.50283006500797078,0.310893792222731
0.10000000000000001,0,21.050000000000001,-0.035834910629454146,-0.035834910629454146,0.5055891902860512,1.1865859433134771,0.82163692907707375,0.50274294384211526,0.31082930514174462
0.10000000000000001,0,21.100000000000001,-0.036148506808696849,-0.036148506808696849,0.50569273483549193,1.1863374363948194,0.82163148822394017,0.50265517107790925,0.31076433713700963
0.10000000000000001,0,21.150000000000002,-0.036464341836358549,-0.036464341836358549,0.50579701861266113,1.1860871553296133,0.8216260076525751,0.50256674381592503,0.31069888608772839
0.10000000000000001,0,21.200000000000003,-0.036782423812744755,-0.036782423812744755,0.50590204429709074,1.1858350936869821,0.82162048720456193,0.50247765918103648,0.31063294989025531
0.10000000000000001,0,21.25,-0.037102760727535919,-0.037102760727535919,0.50600781452684795,1.185581245135565,0.8216149267230386,0.50238791431450358,0.31056652645672483
0.10000000000000001,0,21.300000000000001,-0.037425360457004744,-0.037425360457004744,0.50611433190255462,1.1853256034338688,0.82160932605234904,0.50229750636807413,0.31049961371416779
0.10000000000000001,0,21.350000000000001,-0.037750230761213047,-0.037750230761213047,0.50622159898646157,1.1850681624324921,0.82160368503794712,0.50220643250445629,0.31043220960508483
0.10000000000000001,0,21.400000000000002,-0.038077379281190329,-0.038077379281190329,0.50632961829169865,1.1848089160999231,0.82159800352677681,0.50211468990851293,0.31036431209044402
0.10000000000000001,0,21.450000000000003,-0.038406813536093688,-0.038406813536093688,0.50643839227880938,1.1845478585308575,0.82159228136834273,0.50202227581353331,0.31029591915607091
0.10000000000000001,0,21.5,-0.038738540920349673,-0.038738540920349673,0.50654792342100941,1.1842849837895775,0.82158651841632457,0.50192918753686755,0.31022702882109815
0.10000000000000001,0,21.550000000000001,-0.039072568700779256,-0.039072568700779256,0.50665821411768797,1.1840202861175488,0.82158071452500225,0.50183542236273326,0.31015763911094368
0.10000000000000001,0,21.600000000000001,-0.039408904013705649,-0.039408904013705649,0.50676926672514644,1.1837537598596486,0.8215748695506353,0.50174097759506819,0.31008774807013123
0.10000000000000001,0,21.650000000000002,-0.039747553862046613,-0.039747553862046613,0.50688108355563766,1.1834853994664696,0.82156898335118944,0.50164585057389655,0.31001735376742767
0.10000000000000001,0,21.700000000000003,-0.040088525112391159,-0.040088525112391159,0.50699366687640079,1.183215199496638,0.82156305578693178,0.5015500386711248,0.30994645429450229
0.10000000000000001,0,21.75,-0.040431824492061723,-0.040431824492061723,0.50710701886861975,1.1829431547153126,0.82155708672099115,0.50145353929765113,0.30987504776762875
0.10000000000000001,0,21.800000000000001,-0.040777458586162357,-0.040777458586162357,0.50722114174159505,1.1826692598201718,0.82155107601918453,0.50135634990200928,0.30980313232791579
0.10000000000000001,0,21.850000000000001,-0.041125433834613728,-0.041125433834613728,0.50733603762644952,1.182393509696521,0.82154502354945724,0.50125846796443552,0.30973070614074355
0.10000000000000001,0,21.900000000000002,-0.041475756529175692,-0.041475756529175692,0.50745170860062205,1.182115899358507,0.82153892918129534,0.5011598909902425,0.30965776739507828
0.10000000000000001,0,21.950000000000003,-0.041828432810458185,-0.041828432810458185,0.50756815669164423,1.1818364239400538,0.8215327927854601,0.50106061650638689,0.30958431430334216
0.10000000000000001,0,22,-0.042183468664921307,-0.042183468664921307,0.50768538387614992,1.1815550786972402,0.82152661423440054,0.50096064206511703,0.30951034510251191
0.10000000000000001,0,22.050000000000001,-0.042540869921865163,-0.042540869921865163,0.50780339203981262,1.1812718591044498,0.82152039340369476,0.50085996525858634,0.30943585805712182
0.10000000000000001,0,22.100000000000001,-0.042900642250410653,-0.042900642250410653,0.50792218308429971,1.1809867605976807,0.82151413017487962,0.50075858374831828,0.30936085146484588
0.10000000000000001,0,22.150000000000002,-0.043262791156471983,-0.043262791156471983,0.50804175883651159,1.1806997787923721,0.82150782443521553,0.5006564952630751,0.30928532365611727
0.10000000000000001,0,22.200000000000003,-0.043627321979721273,-0.043627321979721273,0.50816212105952241,1.1804109094571462,0.82150147606759827,0.50055369749917444,0.30920927297832129
0.10000000000000001,0,22.25,-0.043994239890547168,-0.043994239890547168,0.50828327146051133,1.1801201484947728,0.82149508495998391,0.50045018821396559,0.30913269781178127
0.10000000000000001,0,22.300000000000001,-0.04436354988700747,-0.04436354988700747,0.50840521168975683,1.1798274919445835,0.82148865100207391,0.50034596519723673,0.30905559656476084
0.10000000000000001,0,22.350000000000001,-0.044735256791776951,-0.044735256791776951,0.50852794328990181,1.1795329361042357,0.82148217408639967,0.50024102628975275,0.30897796767927238
0.10000000000000001,0,22.400000000000002,-0.045109365249091822,-0.045109365249091822,0.50865146784221349,1.1792364771786876,0.82147565410917611,0.50013536938746816,0.30889980963241753
0.10000000000000001,0,22.450000000000003,-0.045485879721691158,-0.045485879721691158,0.50877578682179625,1.1789381116276889,0.82146909097066101,0.50002899243430443,0.30882112093447284
0.10000000000000001,0,22.5,-0.04586480448775658,-0.04586480448775658,0.50890090164123647,1.1786378360610323,0.82146248457509063,0.49992189341016385,0.30874190012570596
0.10000000000000001,0,22.550000000000001,-0.046246143637851615,-0.046246143637851615,0.50902681365117186,1.1783356472371875,0.82145583483026763,0.49981407032085579,0.30866214577390405
0.10000000000000001,0,22.600000000000001,-0.046629901071860977,-0.046629901071860977,0.50915352412086812,1.1780315421099166,0.82144914164687188,0.49970552119661027,0.30858185647460001
0.10000000000000001,0,22.650000000000002,-0.047016080495931346,-0.047016080495931346,0.50928103425612103,1.1777255177853094,0.82144240493756826,0.49959624410585224,0.30850103085597907
0.10000000000000001,0,22.700000000000003,-0.04740468541941513,-0.04740468541941513,0.50940934525164505,1.1774175713960517,0.82143562461598341,0.49948623719091206,0.30841966759045047
0.10000000000000001,0,22.75,-0.047795719151817184,-0.047795719151817184,0.50953845820018451,1.1771077003195571,0.82142880059581569,0.49937549872722087,0.30833776541331948
0.10000000000000001,0,22.800000000000001,-0.048189184799746966,-0.048189184799746966,0.50966837412749133,1.1767959020940209,0.82142193279966802,0.49926402698200256,0.30825532307777787
0.10000000000000001,0,22.850000000000001,-0.048585085263876185,-0.048585085263876185,0.50979909399131962,1.1764821744208329,0.82141502115707499,0.49915182022362858,0.30817233935674804
0.10000000000000001,0,22.900000000000002,-0.048983423235903781,-0.048983423235903781,0.50993061862828615,1.1761665152921132,0.82140806559594959,0.49903887680201514,0.30808881307455821
0.10000000000000001,0,22.950000000000003,-0.049384201195529158,-0.049384201195529158,0.51006294890312442,1.1758489226325013,0.82140106604754648,0.49892519511922834,0.30800474309443598
0.10000000000000001,0,23,-0.049787421407434945,-0.049787421407434945,0.51019608556940133,1.1755293946334369,0.82139402244849125,0.49881077363347398,0.30792012831774485
0.10000000000000001,0,23.050000000000001,-0.050193085918280866,-0.050193085918280866,0.5103300293028904,1.1752079296730631,0.82138693474071167,0.49869561085938846,0.3078349676847319
0.10000000000000001,0,23.100000000000001,-0.050601196553708795,-0.050601196553708795,0.51046478070638834,1.1748845263046679,0.82137980287014678,0.49857970536623603,0.30774926017616161
0.10000000000000001,0,23.150000000000002,-0.051011754915362154,-0.051011754915362154,0.51060034026968149,1.1745591833527644,0.82137262678510892,0.49846305577561839,0.30766300481520853
0.10000000000000001,0,23.200000000000003,-0.05142476237791916,-0.05142476237791916,0.51073670846315133,1.1742318996884367,0.82136540643517242,0.49834566076030268,0.30757620066898367
0.10000000000000001,0,23.25,-0.051840220086142225,-0.051840220086142225,0.51087388568697856,1.1739026743512515,0.82135814177147048,0.49822751904577317,0.30748884684906774
0.10000000000000001,0,23.300000000000001,-0.05225812895194476,-0.05225812895194476,0.51101187224226174,1.1735715066185717,0.82135083274926912,0.49810862941611289,0.30740094251042643
0.10000000000000001,0,23.350000000000001,-0.052678489651476146,-0.052678489651476146,0.51115066835225431,1.1732383959545896,0.82134347933370133,0.49798899072582037,0.30731248684807999
0.10000000000000001,0,23.400000000000002,-0.053101302622226981,-0.053101302622226981,0.51129027412680539,1.1729033420956669,0.82133608150378234,0.49786860190852295,0.3072234790947645
0.10000000000000001,0,23.450000000000003,-0.053526568060155488,-0.053526568060155488,0.51143068963479754,1.1725663448764858,0.82132863922557309,0.49774746193293318,0.3071339185418282
0.10000000000000001,0,23.5,-0.053954285916836611,-0.053954285916836611,0.51157191489028908,1.1722274042633061,0.82132115247358595,0.49762556983337097,0.30704380452358193
0.10000000000000001,0,23.550000000000001,-0.054384455896635361,-0.054384455896635361,0.51171394979566642,1.1718865204904005,0.82131362122734874,0.49750292470114149,0.30695313641844468
0.10000000000000001,0,23.600000000000001,-0.054817077453905377,-0.054817077453905377,0.51185679417076613,1.1715436939901613,0.82130604547125785,0.49737952569579053,0.30686191365303195
0.10000000000000001,0,23.650000000000002,-0.05525214979021472,-0.05525214979021472,0.51200044771246611,1.1711989254900812,0.82129842519509322,0.49725537205005788,0.30677013570344014
0.10000000000000001,0,23.700000000000003,-0.055689671851599939,-0.055689671851599939,0.5121449100832246,1.170852215800261,0.82129076039347193,0.4971304630672258,0.30667780209544787
0.10000000000000001,0,23.75,-0.056129642325849965,-0.056129642325849965,0.51229018087842204,1.1705035658917871,0.82128305106482202,0.49700479811479092,0.30658491240418068
0.10000000000000001,0,23.800000000000001,-0.056572059639821475,-0.056572059639821475,0.51243625957863326,1.1701529770112802,0.82127529721046721,0.49687837661838774,0.30649146625378104
0.10000000000000001,0,23.850000000000001,-0.057016921956786822,-0.057016921956786822,0.51258314557740203,1.169800450614235,0.82126749883440608,0.4967511980598921,0.30639746331763046
0.10000000000000001,0,23.900000000000002,-0.05746422717381635,-0.05746422717381635,0.51273083812598164,1.169445988497644,0.82125965594437311,0.49662326198363282,0.30630290331966603
0.10000000000000001,0,23.950000000000003,-0.057913972919196685,-0.057913972919196685,0.51287933647794581,1.1690895924529301,0.82125176855476878,0.49649456801464015,0.30620778603733678
0.10000000000000001,0,24,-0.058366156549885986,-0.058366156549885986,0.51302863977793756,1.1687312645329497,0.8212438366919983,0.49636511589256671,0.30611211130670618
0.10000000000000001,0,24.050000000000001,-0.058820775149008311,-0.058820775149008311,0.51317874706285438,1.1683710070491495,0.82123586038562402,0.49623490541710857,0.30601587901534166
0.10000000000000001,0,24.100000000000001,-0.059277825523388006,-0.059277825523388006,0.51332965727379898,1.1680088225428824,0.82122783966295798,0.49610393641846434,0.30591908909854143
0.10000000000000001,0,24.150000000000002,-0.059737304201126357,-0.059737304201126357,0.51348136919815257,1.1676447139244337,0.82121977455826045,0.4959722088199281,0.30582174155069797
0.10000000000000001,0,24.200000000000003,-0.060199207429221142,-0.060199207429221142,0.51363388166716284,1.1672786839988092,0.82121166511045107,0.49583972261754278,0.30572383642146661
0.10000000000000001,0,24.25,-0.060663531171231549,-0.060663531171231549,0.51378719334806655,1.1669107359646402,0.82120351136482928,0.49570647788769251,0.30562537381607796
0.10000000000000001,0,24.300000000000001,-0.061130271104989496,-0.061130271104989496,0.51394130281375849,1.1665408732469795,0.82119531337311258,0.49557247478806232,0.30552635389597416
0.10000000000000001,0,24.350000000000001,-0.061599422620358515,-0.061599422620358515,0.51409620850439386,1.1661690995894547,0.82118707119246237,0.49543771355460253,0.30542677687964254
0.10000000000000001,0,24.400000000000002,-0.06207098081704291,-0.06207098081704291,0.5142519087981684,1.1657954188843958,0.82117878488416052,0.4953021944971352,0.30532664304352114
0.10000000000000001,0,24.450000000000003,-0.062544940502447396,-0.062544940502447396,0.51440840202164251,1.165419835148058,0.8211704545126054,0.49516591799624038,0.30522595272285058
0.10000000000000001,0,24.5,-0.063021296189589918,-0.063021296189589918,0.5145656863631104,1.165042352728535,0.82116208014529357,0.49502888450405919,0.3051247063123454
0.10000000000000001,0,24.550000000000001,-0.063500042095068265,-0.063500042095068265,0.51472375991298613,1.1646629762088332,0.82115366185445449,0.4948910945516512,0.30502290426656037
0.10000000000000001,0,24.600000000000001,-0.063981172137082459,-0.063981172137082459,0.51488262058065548,1.1642817106064267,0.82114519972100752,0.49475254876554386,0.30492054709982497
0.10000000000000001,0,24.650000000000002,-0.06446467993351486,-0.06446467993351486,0.51504226634096373,1.163898560781687,0.82113669383990751,0.49461324789017641,0.30481763538598655
0.10000000000000001,0,24.700000000000003,-0.064950558800068517,-0.064950558800068517,0.5152026949868741,1.1635135320315022,0.82112814430274106,0.49447319271388929,0.30471416976062399
0.10000000000000001,0,24.75,-0.065438801748466086,-0.065438801748466086,0.51536390421098011,1.1631266298936478,0.82111955120664371,0.49433238410041841,0.3046101509193897
0.10000000000000001,0,24.800000000000001,-0.065929401484710923,-0.065929401484710923,0.51552589155158668,1.162737860276192,0.82111091465333819,0.49419082300745887,0.30450557962364699
0.10000000000000001,0,24.850000000000001,-0.066422350407410943,-0.066422350407410943,0.51568865451915102,1.1623472291540375,0.82110223474985056,0.49404851047905524,0.30440045669785293
0.10000000000000001,0,24.900000000000002,-0.066917640606168005,-0.066917640606168005,0.51585219053443176,1.1619547427173638,0.82109351161059652,0.49390544764743355,0.30429478302798774
0.10000000000000001,0,24.950000000000003,-0.067415263860032951,-0.067415263860032951,0.51601649688301754,1.161560407480758,0.8210847453572343,0.49376163573270321,0.30418855956219193
0.10000000000000001,0,25,-0.06791521163602951,-0.06791521163602951,0.51618157071790216,1.1611642302770349,0.82107593611723118,0.49361707604146232,0.30408178731268748
0.10000000000000001,0,25.050000000000001,-0.06841747508774644,-0.06841747508774644,0.51634740908740262,1.1607662181902336,0.82106708402208783,0.49347176996534226,0.30397446735805839
0.10000000000000001,0,25.100000000000001,-0.06892204505400118,-0.06892204505400118,0.51651400902657107,1.1603663783362295,0.82105818920616902,0.49332571898052535,0.30386660084496875
0.10000000000000001,0,25.150000000000002,-0.069428912057575592,-0.069428912057575592,0.5166813674062003,1.1599647182251192,0.82104925180708521,0.49317892464927054,0.30375818898839291
0.10000000000000001,0,25.200000000000003,-0.069938066304025159,-0.069938066304025159,0.51684948098081818,1.1595612456460362,0.82104027196857332,0.49303138862448187,0.30364923306943431
0.10000000000000001,0,25.25,-0.070449497680563494,-0.070449497680563494,0.51701834634096766,1.1591559687816775,0.82103124984682208,0.49288311265835349,0.30353973442981008
0.10000000000000001,0,25.300000000000001,-0.070963195755023273,-0.070963195755023273,0.51718796012363955,1.158748895703265,0.82102218561414042,0.49273409860813677,0.30342969446873458
0.10000000000000001,0,25.350000000000001,-0.071479149774894779,-0.071479149774894779,0.51735831877855021,1.1583400349314794,0.82101307943152901,0.49258434839681281,0.30331911466781841
0.10000000000000001,0,25.400000000000002,-0.071997348666443972,-0.071997348666443972,0.51752941864935365,1.1579293952415513,0.82100393147051176,0.49243386404387818,0.30320799657266406
0.10000000000000001,0,25.450000000000003,-0.07251778103391078,-0.07251778103391078,0.51770125587684346,1.1575169858955756,0.82099474190614163,0.49228264766681606,0.30309634180089057
0.10000000000000001,0,25.5,-0.073040435158789274,-0.073040435158789274,0.51787382668740634,1.1571028159502248,0.82098551092022598,0.49213070147651888,0.30298415203746176
0.10000000000000001,0,25.550000000000001,-0.073565298999191189,-0.073565298999191189,0.5180471271055257,1.1566868949467384,0.82097623870321956,0.49197802777634531,0.30287142903260755
0.10000000000000001,0,25.600000000000001,-0.074092360189293369,-0.074092360189293369,0.51822115304823357,1.1562692326842394,0.8209669254534333,0.49182462896243373,0.30275817460330801
0.10000000000000001,0,25.650000000000002,-0.074621606038871163,-0.074621606038871163,0.5183959002310119,1.1558498394455714,0.82095757137482883,0.49167050752480579,0.30264439063665094
0.10000000000000001,0,25.700000000000003,-0.075153023532918223,-0.075153023532918223,0.5185713644443628,1.1554287253335291,0.82094817667467024,0.49151566604879626,0.30253007909337165
0.10000000000000001,0,25.75,-0.075686599331354673,-0.075686599331354673,0.51874754128984579,1.1550059009043701,0.82093874156230351,0.49136010721634316,0.30241524200988606
0.10000000000000001,0,25.800000000000001,-0.07622231976882414,-0.07622231976882414,0.51892442625541335,1.1545813769870079,0.82092926625033613,0.49120383380667348,0.30229988149712572
0.10000000000000001,0,25.850000000000001,-0.076760170854580784,-0.076760170854580784,0.51910201462265837,1.1541551649056199,0.82091975095948788,0.49104684869591991,0.30218399973448595
0.10000000000000001,0,25.900000000000002,-0.077300138272467747,-0.077300138272467747,0.51928030175779538,1.1537272757812911,0.82091019592838677,0.49088915485520257,0.3020675989571957
0.10000000000000001,0,25.950000000000003,-0.07784220738098821,-0.07784220738098821,0.51945928283184362,1.1532977212035753,0.82090060140821375,0.49073075534681854,0.30195068146222825
0.10000000000000001,0,26,-0.078386363213469062,-0.078386363213469062,0.51963895290084183,1.1528665130379796,0.82089096763391434,0.49057165333866476,0.30183324964808933
0.10000000000000001,0,26.050000000000001,-0.078932590478319506,-0.078932590478319506,0.51981930681233168,1.152433663650404,0.82088129485402073,0.49041185209350741,0.30171530597440843
0.10000000000000001,0,26.100000000000001,-0.079480873559384282,-0.079480873559384282,0.52000033951545177,1.1519991851629157,0.82087158332289012,0.49025135496681949,0.30159685297190342
0.10000000000000001,0,26.150000000000002,-0.080031196516393371,-0.080031196516393371,0.52018204574702642,1.1515630902071365,0.82086183330265239,0.49009016541578665,0.30147789324277557
0.10000000000000001,0,26.200000000000003,-0.080583543085508302,-0.080583543085508302,0.52036442012022077,1.1511253917114701,0.82085204506330012,0.48992828700123303,0.30135842946105718
0.10000000000000001,0,26.25,-0.081137896679966515,-0.081137896679966515,0.52054745708041639,1.1506861030070006,0.82084221888147801,0.4897657233849097,0.30123846437307344
0.10000000000000001,0,26.300000000000001,-0.08169424039082393,-0.08169424039082393,0.52073115113900503,1.1502452372663878,0.82083235503877505,0.48960247832469178,0.3011180007978993
0.10000000000000001,0,26.350000000000001,-0.082252556987796654,-0.082252556987796654,0.52091549660687642,1.1498028081434966,0.82082245382031993,0.48943855567022937,0.3009970416276937
0.10000000000000001,0,26.400000000000002,-0.082812828920202808,-0.082812828920202808,0.52110048765060657,1.1493588296385442,0.82081251551448864,0.48927395936159696,0.30087558982779078
0.10000000000000001,0,26.450000000000003,-0.083375038318004663,-0.083375038318004663,0.52128611833158811,1.1489133160041884,0.82080254041452283,0.48910869343348712,0.30075364843643021
0.10000000000000001,0,26.5,-0.083939166992951841,-0.083939166992951841,0.52147238272080154,1.1484662814700763,0.82079252882286569,0.48894276202749337,0.30063122056400771
0.10000000000000001,0,26.550000000000001,-0.084505196439826402,-0.084505196439826402,0.52165927470818163,1.148017740700364,0.82078248105901563,0.48877616941501228,0.30050830939172501
0.10000000000000001,0,26.600000000000001,-0.085073107837789416,-0.085073107837789416,0.52184678801197282,1.1475677087712652,0.82077239744690755,0.48860891995582001,0.30038491817062229
0.10000000000000001,0,26.650000000000002,-0.085642882051830641,-0.085642882051830641,0.52203491633012855,1.1471162008076914,0.82076227830147441,0.48844101809306151,0.30026105023589833
0.10000000000000001,0,26.700000000000003,-0.08621449963432079,-0.08621449963432079,0.52222365329254627,1.1466632320978889,0.82075212395170472,0.48827246836412552,0.300136708985281
0.10000000000000001,0,26.75,-0.086787940826666937,-0.086787940826666937,0.52241299237532457,1.1462088182992209,0.82074193473179069,0.48810327539293918,0.30001189788498622
0.10000000000000001,0,26.800000000000001,-0.087363185561071907,-0.087363185561071907,0.52260292684869092,1.1457529755631417,0.82073171098095132,0.48793344392076271,0.29988662048030623
0.10000000000000001,0,26.850000000000001,-0.087940213462396638,-0.087940213462396638,0.52279345007006417,1.1452957198318459,0.82072145304419175,0.48776297881059605,0.29976088039682031
0.10000000000000001,0,26.900000000000002,-0.088519003850126815,-0.088519003850126815,0.52298455522965359,1.1448370674488313,0.82071116127348676,0.48759188503448425,0.29963468133557747
0.10000000000000001,0,26.950000000000003,-0.089099535740443991,-0.089099535740443991,0.52317623537748525,1.1443770350940354,0.82070083602887833,0.48742016765300544,0.2995080270656002
0.10000000000000001,0,27,-0.089681787848399377,-0.089681787848399377,0.52336848340280062,1.1439156398332784,0.82069047767897096,0.48724783179622827,0.2993809214170593
0.10000000000000001,0,27.050000000000001,-0.090265738590193684,-0.090265738590193684,0.52356129228310777,1.1434528985205412,0.82068008660031411,0.48707488265542359,0.29925336827846799
0.10000000000000001,0,27.100000000000001,-0.090851366085558757,-0.090851366085558757,0.52375465479397898,1.1429888284944505,0.82066966317515644,0.48690132549481585,0.29912537160124664
0.10000000000000001,0,27.150000000000002,-0.091438648160244801,-0.091438648160244801,0.52394856354489872,1.142523447492243,0.82065920778706158,0.48672716569266,0.29899693541500538
0.10000000000000001,0,27.200000000000003,-0.092027562348610564,-0.092027562348610564,0.52414301112660699,1.1420567732961431,0.82064872081386731,0.48655240882092904,0.29886806385689574
0.10000000000000001,0,27.25,-0.092618085896316857,-0.092618085896316857,0.52433799008629545,1.1415888237928908,0.82063820263025022,0.48637706066416031,0.29873876117758463
0.10000000000000001,0,27.300000000000001,-0.093210195763123935,-0.093210195763123935,0.52453349281654171,1.1411196172402998,0.82062765364936852,0.48620112685953598,0.29860903160423663
0.10000000000000001,0,27.350000000000001,-0.093803868625790876,-0.093803868625790876,0.52472951149252689,1.1406491724179355,0.82061707427679409,0.48602461321236956,0.29847887946262436
0.10000000000000001,0,27.400000000000002,-0.09439908088107804,-0.09439908088107804,0.52492603843564023,1.1401775077544634,0.82060646492260048,0.48584752562153438,0.29834830914933264
0.10000000000000001,0,27.450000000000003,-0.094995808648851016,-0.094995808648851016,0.52512306577005674,1.1397046421518637,0.82059582600342995,0.48566987008360785,0.29821732513020904
0.10000000000000001,0,27.5,-0.095594027775286444,-0.095594027775286444,0.52532058547083893,1.1392305948699866,0.82058515794197973,0.48549165270121192,0.29808593194235966
0.10000000000000001,0,27.550000000000001,-0.096193713836178307,-0.096193713836178307,0.52551858943683427,1.1387553853515977,0.82057446116636945,0.48531287968074327,0.29795413419363465
0.10000000000000001,0,27.600000000000001,-0.096794842140344478,-0.096794842140344478,0.52571706960180598,1.1382790329556656,0.82056373610952449,0.48513355732374558,0.29782193656055889
0.10000000000000001,0,27.650000000000002,-0.097397387733132695,-0.097397387733132695,0.52591601772624241,1.1378015574570182,0.82055298320871339,0.48495369201617367,0.29768934378566253
0.10000000000000001,0,27.700000000000003,-0.098001325400025568,-0.098001325400025568,0.52611542536888112,1.1373229791146853,0.82054220290537605,0.48477329021980142,0.29755636067516694
0.10000000000000001,0,27.75,-0.098606629670342949,-0.098606629670342949,0.52631528421172924,1.1368433178918498,0.82053139564537791,0.48459235847002402,0.29742299209798134
0.10000000000000001,0,27.800000000000001,-0.099213274821041614,-0.099213274821041614,0.52651558578530733,1.1363625941152624,0.82052056187982891,0.4844109033843052,0.29728924298696519
0.10000000000000001,0,27.850000000000001,-0.099821234880610787,-0.099821234880610787,0.5267163214682431,1.1358808284762165,0.82050970206660145,0.48422893168552172,0.29715511834341107
0.10000000000000001,0,27.900000000000002,-0.10043048363306264,-0.10043048363306264,0.5269174825536147,1.1353980418713248,0.82049881667268687,0.48404645024445458,0.29702062324570427
0.10000000000000001,0,27.950000000000003,-0.10104099462201679,-0.10104099462201679,0.52711906040285128,1.1349142550331568,0.82048790617239298,0.48386346605455471,0.2968857628433178
0.10000000000000001,0,28,-0.1016527411548776,-0.1016527411548776,0.52732104620262088,1.1344294891137099,0.82047697103602069,0.48367998606644463,0.29675054232097497
0.10000000000000001,0,28.050000000000001,-0.10226569630710303,-0.10226569630710303,0.52752343093987175,1.1339437657443077,0.82046601174091682,0.48349601737163489,0.29661496693935352
0.10000000000000001,0,28.100000000000001,-0.1028798329265635,-0.1028798329265635,0.52772620574917439,1.1334571062019814,0.82045502876963528,0.48331156714038837,0.29647904202007214
0.10000000000000001,0,28.150000000000002,-0.10349512363799039,-0.10349512363799039,0.52792936161502202,1.132969532123947,0.82044402261033467,0.48312664263053562,0.29634277294613576
0.10000000000000001,0,28.200000000000003,-0.1041115408475116,-0.1041115408475116,0.52813288936914027,1.1324810655140634,0.82043299375663914,0.48294125119142811,0.29620616516211623
0.10000000000000001,0,28.25,-0.10472905674727356,-0.10472905674727356,0.52833677979494054,1.1319917284921426,0.82042194270700852,0.48275540026137892,0.29606922417345399
0.10000000000000001,0,28.300000000000001,-0.105347643320148,-0.105347643320148,0.52854102373390044,1.1315015430386388,0.82041086996389367,0.48256909736126796,0.29593195554520157
0.10000000000000001,0,28.350000000000001,-0.10596727234452173,-0.10596727234452173,0.52874561186785207,1.131010531517155,0.82039977603294933,0.48238235008698899,0.29579436490052841
0.10000000000000001,0,28.400000000000002,-0.1065879153991682,-0.1065879153991682,0.52895053466793318,1.1305187167969604,0.82038866142257549,0.48219516610341523,0.29565645791930772
0.10000000000000001,0,28.450000000000003,-0.10720954386819873,-0.10720954386819873,0.52915578282227882,1.1300261212265308,0.82037752664406105,0.48200755314256055,0.29551824033710583
0.10000000000000001,0,28.5,-0.10783212894609204,-0.10783212894609204,0.52936134682799441,1.1295327676128133,0.82036637221260433,0.4818195190086132,0.29537971794489398
0.10000000000000001,0,28.550000000000001,-0.10845564164280061,-0.10845564164280061,0.52956721703053156,1.1290386791267242,0.82035519864948059,0.48163107159251911,0.29524089658980307
0.10000000000000001,0,28.600000000000001,-0.1090800527889309,-0.1090800527889309,0.52977338380801209,1.1285438788607709,0.82034400648563277,0.48144221889879202,0.2951017821772417
0.10000000000000001,0,28.650000000000002,-0.10970533304099697,-0.10970533304099697,0.52997983754508837,1.1280483898917879,0.82033279626062661,0.4812529690296633,0.29496238066679442
0.10000000000000001,0,28.700000000000003,-0.11033145288674484,-0.11033145288674484,0.53018656847679524,1.1275522356556913,0.8203215685037456,0.48106333007233854,0.29482269806172978
0.10000000000000001,0,28.75,-0.11095838265054539,-0.11095838265054539,0.530393566687139,1.1270554399508663,0.82031032375038548,0.48087331022503688,0.29468274042394543
0.10000000000000001,0,28.800000000000001,-0.11158609249885484,-0.11158609249885484,0.53060082246397056,1.1265580260864707,0.82029906254167095,0.48068291774411698,0.29454251386139102
0.10000000000000001,0,28.850000000000001,-0.11221455244573915,-0.11221455244573915,0.53080832590660376,1.1260600178241509,0.82028778542359915,0.48049216095631786,0.29440202453113429
0.10000000000000001,0,28.900000000000002,-0.11284373235846201,-0.11284373235846201,0.53101606694517278,1.1255614393315854,0.82027649294626104,0.48030104826476522,0.29426127864059631
0.10000000000000001,0,28.950000000000003,-0.11347360196313268,-0.11347360196313268,0.53122403566312748,1.1250623144084939,0.82026518566295126,0.48010958814698002,0.29412028244681238
0.10000000000000001,0,29,-0.11410413085041274,-0.11410413085041274,0.53143222206131002,1.1245626670528559,0.82025386412932944,0.47991778914788707,0.29397904225439037
0.10000000000000001,0,29.050000000000001,-0.11473528848127884,-0.11473528848127884,0.53164061599494949,1.1240625216121212,0.82024252890278992,0.47972565987082061,0.29383756441283915
0.10000000000000001,0,29.100000000000001,-0.11536704419283915,-0.11536704419283915,0.53184920729773955,1.1235619024854251,0.82023118054220401,0.47953320896952428,0.29369585531393988
0.10000000000000001,0,29.150000000000002,-0.11599936720420155,-0.11599936720420155,0.53205798590996367,1.1230608338160872,0.82021981960819135,0.47934044514414365,0.2935539213898325
0.10000000000000001,0,29.200000000000003,-0.11663222662239106,-0.11663222662239106,0.5322669416295519,1.1225593400890754,0.82020844666408554,0.47914737714420763,0.29341176911248984
0.10000000000000001,0,29.25,-0.11726559144831405,-0.11726559144831405,0.53247606405728221,1.1220574462625226,0.82019706227775069,0.47895401378159713,0.29326940499525245
0.10000000000000001,0,29.300000000000001,-0.11789943058276708,-0.11789943058276708,0.53268534309072724,1.1215551765822547,0.82018566702441231,0.47876036395649796,0.29312683559709612
0.10000000000000001,0,29.350000000000001,-0.11853371283248734,-0.11853371283248734,0.53289476843059258,1.1210525557665778,0.82017426148842543,0.47856643667785503,0.29298406752562528
0.10000000000000001,0,29.400000000000002,-0.11916840691624286,-0.11916840691624286,0.53310432963607723,1.1205496088734146,0.82016284624278446,0.47837224091538111,0.29284110740934061
0.10000000000000001,0,29.450000000000003,-0.1198034814709599,-0.1198034814709599,0.53331401640604348,1.1200463606254956,0.82015142186321222,0.47817778571533998,0.29269796192158071
0.10000000000000001,0,29.5,-0.12043890505788449,-0.12043890505788449,0.53352381841828422,1.1195428357961179,0.82013998893097417,0.47798308015897162,0.29255463776219232
0.10000000000000001,0,29.550000000000001,-0.12107464616877611,-0.12107464616877611,0.53373372521510354,1.1190390594837514,0.82012854802923385,0.47778813337187082,0.29241114166369198
0.10000000000000001,0,29.600000000000001,-0.12171067323213057,-0.12171067323213057,0.53394372630780884,1.1185350568612586,0.82011709974227121,0.47759295454064327,0.29226748039696387
0.10000000000000001,0,29.650000000000002,-0.12234695461942971,-0.12234695461942971,0.53415381137226536,1.118030852706563,0.82010564465547309,0.47739755291417418,0.29212366077108937
0.10000000000000001,0,29.700000000000003,-0.12298345865141522,-0.12298345865141522,0.53436396994873125,1.1175264721230449,0.8200941833558113,0.47720193779440812,0.29197968962918147
0.10000000000000001,0,29.75,-0.12362015360438411,-0.12362015360438411,0.5345741913914428,1.1170219406605373,0.82008271643251462,0.47700611852153885,0.29183557384210068
0.10000000000000001,0,29.800000000000001,-0.12425700771650283,-0.12425700771650283,0.53478446538012692,1.1165172830876953,0.82007124447764546,0.47681010445850891,0.29169132030192568
0.10000000000000001,0,29.850000000000001,-0.12489398919413736,-0.12489398919413736,0.53499478142185652,1.1160125245875443,0.82005976808629544,0.47661390497971756,0.29154693591705488
0.10000000000000001,0,29.900000000000002,-0.12553106621819735,-0.12553106621819735,0.535205128897008,1.1155076906471808,0.8200482878561044,0.47641752946883575,0.29140242761081225
0.10000000000000001,0,29.950000000000003,-0.12616820695049066,-0.12616820695049066,0.5354154973423797,1.1150028063782886,0.82003680438581772,0.47622098733062834,0.29125780232543397
0.10000000000000001,0,30,-0.12680537954008603,-0.12680537954008603,0.53562587630626135,1.1144978968649728,0.82002531827258873,0.47602428802168095,0.2911130670333093
0.10000000000000001,0,30.050000000000001,-0.12744255212968145,-0.12744255212968145,0.5358362552154935,1.1139929874828156,0.8200138301077381,0.47582744110493214,0.2909682287573509
0.10000000000000001,0,30.100000000000001,-0.12807969286197471,-0.12807969286197471,0.53604662348003418,1.1134881036479178,0.82000234047441767,0.47563045628529765,0.29082329458453188
0.10000000000000001,0,30.150000000000002,-0.12871676988603475,-0.12871676988603475,0.53625697070967671,1.1129832702967759,0.81999084997630256,0.47543334308328261,0.29067827153826337
0.10000000000000001,0,30.200000000000003,-0.12935375136366933,-0.12935375136366933,0.53646728639222963,1.1124785126586489,0.81997935921654608,0.47523611106657848,0.29053316666503531
0.10000000000000001,0,30.25,-0.12999060547578792,-0.12999060547578792,0.53667755984477461,1.111973856372541,0.81996786879214856,0.47503876986692656,0.29038798704682378
0.10000000000000001,0,30.300000000000001,-0.13062730042875689,-0.13062730042875689,0.53688778074080179,1.1114693262220756,0.81995637929985798,0.47484132913875571,0.29024273978096482
0.10000000000000001,0,30.350000000000001,-0.1312638044607424,-0.1312638044607424,0.53709793859945121,1.110964947361317,0.81994489133821324,0.47464379855011718,0.29009743197374532
0.10000000000000001,0,30.400000000000002,-0.13190008584804147,-0.13190008584804147,0.53730802282978163,1.110460745208524,0.81993340550776728,0.47444618777927156,0.28995207073799656
0.10000000000000001,0,30.450000000000003,-0.13253611291139597,-0.13253611291139597,0.53751802301990881,1.1099567447522187,0.81992192241006345,0.47424850651522549,0.28980666319347603
0.10000000000000001,0,30.5,-0.13317185402228757,-0.13317185402228757,0.53772792879570197,1.1094529708903151,0.81991044264593804,0.47405076446051536,0.28966121646882259
0.10000000000000001,0,30.550000000000001,-0.13380727760921221,-0.13380727760921221,0.53793772967925158,1.1089494487697962,0.81989896681372088,0.47385297133453486,0.28951573770386996
0.10000000000000001,0,30.600000000000001,-0.13444235216392925,-0.13444235216392925,0.53814741518749531,1.1084462035500111,0.81988749550791007,0.47365513687570471,0.28937023405110451
0.10000000000000001,0,30.650000000000002,-0.1350770462476848,-0.1350770462476848,0.53835697507387903,1.1079432598226904,0.81987602931889247,0.47345727084078054,0.28922471267505273
0.10000000000000001,0,30.700000000000003,-0.13571132849740503,-0.13571132849740503,0.53856639898311098,1.1074406424405336,0.81986456883428338,0.47325938299959752,0.28907918074838262
0.10000000000000001,0,30.75,-0.136345167631858,-0.136345167631858,0.53877567640904622,1.106938376618289,0.81985311464246136,0.47306148312354807,0.28893364544350564
0.10000000000000001,0,30.800000000000001,-0.13697853245778105,-0.13697853245778105,0.53898479721892056,1.1064364866745906,0.81984166733887121,0.4728635809660906,0.28878811391846404
0.10000000000000001,0,30.850000000000001,-0.13761139187597057,-0.13761139187597057,0.53919375115613277,1.1059349972252812,0.81983022753563894,0.47266568623367372,0.28864259329594993
0.10000000000000001,0,30.900000000000002,-0.13824371488733292,-0.13824371488733292,0.53940252787399279,1.1054339331024172,0.81981879583238793,0.47246780865638932,0.28849709071466195
0.10000000000000001,0,30.950000000000003,-0.13887547059889324,-0.13887547059889324,0.53961111720441346,1.1049333187094077,0.8198073728033104,0.47226995801305016,0.28835161335065906
0.10000000000000001,0,31,-0.13950662822975934,-0.13950662822975934,0.53981950906412002,1.1044331782461119,0.81979595903764502,0.47207214404421699,0.28820616834889978
0.10000000000000001,0,31.050000000000001,-0.14013715711703939,-0.14013715711703939,0.54002769328699685,1.1039335361112075,0.81978455512362514,0.47187437648829078,0.28806076284969367
0.10000000000000001,0,31.100000000000001,-0.1407670267217101,-0.1407670267217101,0.5402356596809097,1.1034344167658168,0.8197731616472429,0.47167666507390937,0.28791540398541099
0.10000000000000001,0,31.150000000000002,-0.14139620663443292,-0.14139620663443292,0.54044339835666266,1.1029358439440096,0.81976177919158688,0.47147901951551302,0.28777009887824356
0.10000000000000001,0,31.200000000000003,-0.14202466658131724,-0.14202466658131724,0.54065089931861254,1.1024378416353298,0.81975040833663604,0.47128144951130735,0.28762485463875848
0.10000000000000001,0,31.25,-0.14265237642962664,-0.14265237642962664,0.5408581524541467,1.1019404341100478,0.81973904965938915,0.47108396474285219,0.28747967836498661
0.10000000000000001,0,31.300000000000001,-0.14327930619342732,-0.14327930619342732,0.54106514799539429,1.1014436448110536,0.819727703734208,0.47088657487550406,0.28733457714178695
0.10000000000000001,0,31.350000000000001,-0.14390542603917514,-0.14390542603917514,0.54127187612323224,1.1009474973042426,0.81971637113325535,0.47068928955894118,0.28718955804022844
0.10000000000000001,0,31.400000000000002,-0.14453070629124121,-0.14453070629124121,0.54147832695143294,1.1004520153165609,0.81970505242690705,0.4704921184269984,0.28704462811673126
0.10000000000000001,0,31.450000000000003,-0.14515511743737147,-0.14515511743737147,0.54168449071605707,1.0999572222814631,0.81969374818401775,0.47029507109604118,0.28689979441170793
0.10000000000000001,0,31.5,-0.14577863013408002,-0.14577863013408002,0.54189035783684925,1.0994631411915619,0.81968245897191927,0.4700981571611067,0.28675506394744765
0.10000000000000001,0,31.550000000000001,-0.14640121521197338,-0.14640121521197338,0.54209591867453166,1.0989697951811239,0.81967118535603312,0.46990138618903932,0.28661044372498323
0.10000000000000001,0,31.600000000000001,-0.14702284368100388,-0.14702284368100388,0.54230116347653234,1.0984772076563223,0.81965992789897357,0.46970476770785069,0.28646594071968379
0.10000000000000001,0,31.650000000000002,-0.14764348673565034,-0.14764348673565034,0.54250608292152269,1.0979854009883454,0.81964868715903061,0.46950831119152664,0.28632156187530472
0.10000000000000001,0,31.700000000000003,-0.14826311576002416,-0.14826311576002416,0.54271066756131536,1.0974943978528431,0.81963746369243462,0.46931202607643413,0.28617731410647496
0.10000000000000001,0,31.75,-0.14888170233289849,-0.14888170233289849,0.54291490788928576,1.097004221065714,0.81962625804600842,0.46911592183880929,0.28603320433689688
0.10000000000000001,0,31.800000000000001,-0.14949921823266049,-0.14949921823266049,0.54311879463432533,1.0965148928776192,0.81961507076529194,0.46892000788194588,0.28588923944583455
0.10000000000000001,0,31.850000000000001,-0.15011563544218171,-0.15011563544218171,0.54332231862210301,1.0960264353069527,0.81960390239575298,0.46872429354541678,0.28574542626986216
0.10000000000000001,0,31.900000000000002,-0.15073092615360861,-0.15073092615360861,0.54352547063677858,1.0955388704717313,0.81959275347811211,0.46852878813609439,0.28560177161967443
0.10000000000000001,0,31.950000000000003,-0.15134506277306908,-0.15134506277306908,0.54372824143677223,1.0950522205517466,0.8195816245467421,0.46833350094036325,0.2854582822863872
0.10000000000000001,0,32,-0.15195801792529445,-0.15195801792529445,0.54393062214920418,1.0945665068419099,0.81957051613028664,0.4681384412221733,0.28531496503995402
0.10000000000000001,0,32.050000000000004,-0.15256976445815534,-0.15256976445815534,0.54413260380919792,1.094081750857925,0.81955942875364451,0.4679436182115812,0.28517182662232382
0.10000000000000001,0,32.100000000000001,-0.15318027544710944,-0.15318027544710944,0.54433417738544854,1.0935979742749236,0.81954836294046862,0.46774904108842646,0.28502887373796698
0.10000000000000001,0,32.149999999999999,-0.15378952419956127,-0.15378952419956127,0.54453533414748934,1.0931151980460256,0.81953731921532025,0.46755471896579071,0.28488611304439365
0.10000000000000001,0,32.200000000000003,-0.1543974842591305,-0.1543974842591305,0.54473606541947139,1.0926334429932687,0.81952629810462907,0.46736066087788702,0.28474355114529198
0.10000000000000001,0,32.25,-0.15500412940982908,-0.15500412940982908,0.5449363625026401,1.0921527299936638,0.81951530013559892,0.46716687577702748,0.28460119458891114
0.10000000000000001,0,32.300000000000004,-0.15560943368014657,-0.15560943368014657,0.54513621670643841,1.0916730799045478,0.81950432583220922,0.46697337254431498,0.2844590498743147
0.10000000000000001,0,32.350000000000001,-0.15621337134703944,-0.15621337134703944,0.54533561969676814,1.0911945127277565,0.81949337570745062,0.46678016001870892,0.28431712346813098
0.10000000000000001,0,32.399999999999999,-0.15681591693982755,-0.15681591693982755,0.54553456306393733,1.0907170486465503,0.81948245025094479,0.4665872470491102,0.28417542183442562
0.10000000000000001,0,32.450000000000003,-0.15741704524399378,-0.15741704524399378,0.54573303834246423,1.0902407079780858,0.81947154991115501,0.46639464257391311,0.28403395148019372
0.10000000000000001,0,32.5,-0.15801673130488558,-0.15801673130488558,0.5459310373719295,1.0897655103073691,0.81946067516078003,0.46620235541843907,0.28389271882985534
0.10000000000000001,0,32.550000000000004,-0.15861495043132112,-0.15861495043132112,0.54612855206197508,1.0892914750512597,0.81944982652134368,0.466010394117716,0.28375173013513116
0.10000000000000001,0,32.600000000000001,-0.1592116781990941,-0.1592116781990941,0.54632557431893203,1.088818621634563,0.8194390044746197,0.46581876727856547,0.28361099167722148
0.10000000000000001,0,32.649999999999999,-0.15980689045438118,-0.15980689045438118,0.54652209602432478,1.0883469695416206,0.81942820949567063,0.46562748347062149,0.2834705097007203
0.10000000000000001,0,32.700000000000003,-0.16040056331704813,-0.16040056331704813,0.54671810946722743,1.0878765372786541,0.81941744205437828,0.46543655119033545,0.28333029039923735
0.10000000000000001,0,32.75,-0.16099267318385518,-0.16099267318385518,0.5469136068545396,1.087407343549105,0.81940670261610082,0.4652459788460499,0.28319033990908787
0.10000000000000001,0,32.800000000000004,-0.16158319673156157,-0.16158319673156157,0.54710858037094456,1.0869394071097329,0.81939599164167609,0.4650557747586575,0.28305066430896236
0.10000000000000001,0,32.850000000000001,-0.16217211091992725,-0.16217211091992725,0.54730302243589102,1.0864727461538615,0.81938530958699485,0.46486594717236068,0.28291126962349095
0.10000000000000001,0,32.899999999999999,-0.16275939299461328,-0.16275939299461328,0.54749692562512287,1.0860073784997051,0.81937465690236222,0.46467650427004731,0.28277216182861431
0.10000000000000001,0,32.950000000000003,-0.16334502048997837,-0.16334502048997837,0.54769028252114904,1.0855433219492423,0.81936403403187275,0.46448745418779813,0.28263334685667557
0.10000000000000001,0,33,-0.16392897123177264,-0.16392897123177264,0.54788308560995447,1.0850805945361093,0.81935344141301736,0.46429880502304249,0.2824948305991451
0.10000000000000001,0,33.050000000000004,-0.1645112233397282,-0.1645112233397282,0.54807532785021496,1.0846192131594841,0.81934287947674567,0.46411056483087615,0.28235661890489272
0.10000000000000001,0,33.100000000000001,-0.16509175523004524,-0.16509175523004524,0.54826700212603519,1.0841591948975156,0.81933234864820537,0.46392274160305885,0.28221871757191991
0.10000000000000001,0,33.149999999999999,-0.16567054561777539,-0.16567054561777539,0.5484581013497819,1.0837005567605233,0.81932184934838037,0.4637353432242059,0.28208113233046489
0.10000000000000001,0,33.200000000000003,-0.16624757351910016,-0.16624757351910016,0.54864861851024826,1.0832433155754042,0.81931138199684861,0.46354837739969007,0.28194386881539502
0.10000000000000001,0,33.25,-0.16682281825350509,-0.16682281825350509,0.54883854692293066,1.0827874873849663,0.81930094701388978,0.46336185162731924,0.28180693255386763
0.10000000000000001,0,33.300000000000004,-0.16739625944585135,-0.16739625944585135,0.54902787986057444,1.0823330883346214,0.81929054480241059,0.46317577360434481,0.28167032911846196
0.10000000000000001,0,33.350000000000001,-0.16796787702834143,-0.16796787702834143,0.54921661057551574,1.0818801346187621,0.81928017575643708,0.46299015088185203,0.28153406400219633
0.10000000000000001,0,33.399999999999999,-0.16853765124238262,-0.16853765124238262,0.54940473258529288,1.081428641795297,0.819269840270198,0.4628049909210199,0.2813981426298755
0.10000000000000001,0,33.450000000000003,-0.16910556264034571,-0.16910556264034571,0.54959223955020509,1.0809786250795077,0.81925953873374635,0.46262030110178326,0.28126257036489816
0.10000000000000001,0,33.5,-0.16967159208722021,-0.16967159208722021,0.54977912515245753,1.0805300996341018,0.81924927153040583,0.46243608870853853,0.28112735250630017
0.10000000000000001,0,33.550000000000004,-0.17023572076216753,-0.17023572076216753,0.54996538300348607,1.0800830807916333,0.8192390390357045,0.46225236092687222,0.28099249428796874
0.10000000000000001,0,33.600000000000001,-0.1707979301599693,-0.1707979301599693,0.55015100714045395,1.0796375828629106,0.81922884161741594,0.46206912484799373,0.2808580008793457
0.10000000000000001,0,33.649999999999999,-0.1713582020923754,-0.1713582020923754,0.55033599158633262,1.0791936201928016,0.81921867963633144,0.46188638747755079,0.28072387738693866
0.10000000000000001,0,33.700000000000003,-0.17191651868934815,-0.17191651868934815,0.55052033042591608,1.0787512069778014,0.81920855344738608,0.4617041557455086,0.28059012885595835
0.10000000000000001,0,33.75,-0.17247286240020554,-0.17247286240020554,0.55070401769268185,1.0783103575375634,0.81919846340075653,0.46152243651377189,0.28045676027140048
0.10000000000000001,0,33.800000000000004,-0.17302721599466384,-0.17302721599466384,0.5508870478853497,1.0778710850751607,0.81918840984255781,0.46134123657823001,0.28032377655789037
0.10000000000000001,0,33.850000000000001,-0.17357956256377877,-0.17357956256377877,0.55106941542111609,1.0774334029893213,0.81917839311475671,0.46116056266190519,0.28019118257760961
0.10000000000000001,0,33.899999999999999,-0.17412988552078779,-0.17412988552078779,0.55125111477590572,1.0769973245378262,0.81916841355392433,0.46098042139588358,0.28005898312562183
0.10000000000000001,0,33.950000000000003,-0.17467816860185259,-0.17467816860185259,0.55143214047407407,1.0765628628622221,0.81915847148845,0.46080081928470912,0.27992718292191771
0.10000000000000001,0,34,-0.17522439586670299,-0.17522439586670299,0.55161248740687774,1.0761300302234933,0.819148567233836,0.46062176265292021,0.27979578659949589
0.10000000000000001,0,34.050000000000004,-0.17576855169918393,-0.17576855169918393,0.55179215041835705,1.075698838995943,0.81913870109850151,0.46044325769547784,0.27966479871319005
0.10000000000000001,0,34.100000000000001,-0.17631062080770432,-0.17631062080770432,0.55197112439091933,1.0752693014617936,0.81912887339468221,0.46026531072522986,0.27953422380024256
0.10000000000000001,0,34.149999999999999,-0.17685058822559127,-0.17685058822559127,0.55214940432051085,1.074841429630774,0.81911908441904202,0.46008792787855157,0.2794040663127379
0.10000000000000001,0,34.200000000000003,-0.17738843931134793,-0.17738843931134793,0.55232698550508441,1.0744152347877973,0.81910933446932777,0.45991111519068567,0.2792743306261205
0.10000000000000001,0,34.25,-0.1779241597488174,-0.1779241597488174,0.55250386321790379,1.0739907282770309,0.81909962383762125,0.45973487859863482,0.27914502104558508
0.10000000000000001,0,34.300000000000004,-0.17845773554725392,-0.17845773554725392,0.55268003276189637,1.0735679213714486,0.81908995280678731,0.45955922394100013,0.27901614180856565
0.10000000000000001,0,34.350000000000001,-0.17898915304130097,-0.17898915304130097,0.55285548958178887,1.0731468250037066,0.81908032164992883,0.4593841569593603,0.27888769708495081
0.10000000000000001,0,34.399999999999999,-0.17951839889087867,-0.17951839889087867,0.55303022939511526,1.0727274494517234,0.81907073063183855,0.45920968330042006,0.27875969097578956
0.10000000000000001,0,34.450000000000003,-0.18004546008098088,-0.18004546008098088,0.55320424790474276,1.0723098050286173,0.81906118001144146,0.4590358085181544,0.27863212751125316
0.10000000000000001,0,34.5,-0.18057032392138275,-0.18057032392138275,0.5533775408469005,1.0718939019674387,0.81905167004421908,0.45886253807517779,0.27850501064861921
0.10000000000000001,0,34.550000000000004,-0.18109297804626129,-0.18109297804626129,0.55355010408887095,1.0714797501867097,0.81904220098360769,0.45868987734256517,0.27837834427104124
0.10000000000000001,0,34.600000000000001,-0.18161341041372814,-0.18161341041372814,0.55372193377944756,1.0710673589293258,0.81903277308036104,0.45851783159735282,0.27825213218787148
0.10000000000000001,0,34.649999999999999,-0.18213160930527725,-0.18213160930527725,0.55389302604956403,1.0706567374810463,0.81902338657886808,0.45834640601694704,0.27812637813729957
0.10000000000000001,0,34.700000000000003,-0.18264756332514881,-0.18264756332514881,0.55406337708034825,1.0702478950071641,0.81901404170941705,0.45817560566966803,0.27800108579207483
0.10000000000000001,0,34.75,-0.18316126139960859,-0.18316126139960859,0.55423298313212654,1.0698408404828963,0.81900473867751789,0.45800543550490375,0.27787625876781669
0.10000000000000001,0,34.800000000000004,-0.18367269277614698,-0.18367269277614698,0.55440184079549515,1.0694355820908117,0.81899547770139469,0.45783590040272826,0.27775190059226518
0.10000000000000001,0,34.850000000000001,-0.18418184702259649,-0.18418184702259649,0.5545699466260986,1.0690321280973634,0.81898625900147903,0.45766700512836106,0.27762801470750437
0.10000000000000001,0,34.899999999999999,-0.1846887140261709,-0.1846887140261709,0.55473729726045073,1.0686304865749181,0.81897708278455095,0.45749875437070869,0.2775046044999176
0.10000000000000001,0,34.950000000000003,-0.18519328399242568,-0.18519328399242568,0.55490388931925594,1.0682306656337857,0.81896794924991545,0.4573311527244493,0.27738167328577767
0.10000000000000001,0,35,-0.18569554744414257,-0.18569554744414257,0.55506971984441622,1.0678326723734011,0.81895885858959172,0.4571642046697183,0.27725922430431355
0.10000000000000001,0,35.050000000000004,-0.18619549522013917,-0.18619549522013917,0.55523478581121666,1.0674365140530799,0.81894981098864561,0.4569979145708401,0.2771372607170659
0.10000000000000001,0,35.100000000000001,-0.18669311847400413,-0.18669311847400413,0.55539908429886953,1.0670421976827131,0.81894080662560131,0.4568322866871054,0.27701578561124207
0.10000000000000001,0,35.149999999999999,-0.1871884086727611,-0.1871884086727611,0.55556261231928372,1.066649730433719,0.81893184567286936,0.4566673251885946,0.27689480200477717
0.10000000000000001,0,35.200000000000003,-0.18768135759546115,-0.18768135759546115,0.55572536730771971,1.0662591184614727,0.8189229282971271,0.45650303417004806,0.27677431285081178
0.10000000000000001,0,35.25,-0.188171957331706,-0.188171957331706,0.55588734667459183,1.0658703679809796,0.81891405465958822,0.45633941765578256,0.27665432103929477
0.10000000000000001,0,35.300000000000004,-0.18866020028010361,-0.18866020028010361,0.55604854791017866,1.0654834850155712,0.81890522491609685,0.4561764795886552,0.27653482939341917
0.10000000000000001,0,35.350000000000001,-0.18914607914665721,-0.18914607914665721,0.55620896849961765,1.0650984756009176,0.81889643921698452,0.45601422379607398,0.2764158406586012
0.10000000000000001,0,35.399999999999999,-0.18962958694308957,-0.18962958694308957,0.55636860615868788,1.0647153452191491,0.81888769770662495,0.45585265392605628,0.27629735748171064
0.10000000000000001,0,35.450000000000003,-0.19011071698510384,-0.19011071698510384,0.55652745876495868,1.064334098964099,0.81887900052187856,0.45569177344957046,0.27617938241253281
0.10000000000000001,0,35.5,-0.19058946289058221,-0.19058946289058221,0.55668552421127404,1.0639547418929423,0.81887034779301404,0.45553158592941878,0.27606191799133439
0.10000000000000001,0,35.550000000000004,-0.1910658185777247,-0.1910658185777247,0.55684280046349222,1.0635772788876185,0.81886173964542153,0.45537209476309265,0.27594496666437995
0.10000000000000001,0,35.600000000000001,-0.19153977826312921,-0.19153977826312921,0.55699928547617605,1.0632017148571775,0.81885317619629761,0.45521330328061671,0.27582853081803355
0.10000000000000001,0,35.649999999999999,-0.1920113364598135,-0.1920113364598135,0.55715497760076327,1.062828053758168,0.8188446575568914,0.45505521470801574,0.27571261276532882
0.10000000000000001,0,35.700000000000003,-0.19248048797518258,-0.19248048797518258,0.55730987512283947,1.0624562997051852,0.81883618383363355,0.45489783214648188,0.27559721473849857
0.10000000000000001,0,35.75,-0.19294722790894048,-0.19294722790894048,0.5574639764244973,1.0620864565812065,0.81882775512821671,0.45474115857476405,0.27548233888985318
0.10000000000000001,0,35.800000000000004,-0.19341155165095097,-0.19341155165095097,0.55761727986873555,1.0617185283150345,0.81881937153700102,0.45458519686621457,0.27536798729794859
0.10000000000000001,0,35.850000000000001,-0.19387345487904575,-0.19387345487904575,0.55776978407311073,1.0613525182245342,0.81881103315011439,0.45442994981192825,0.27525416197598296
0.10000000000000001,0,35.899999999999999,-0.19433293355678405,-0.19433293355678405,0.55792148777621076,1.0609884293370941,0.81880274005062159,0.45427542014140809,0.27514086487936246
0.10000000000000001,0,35.950000000000003,-0.19478998393116376,-0.19478998393116376,0.55807238973892637,1.0606262646265767,0.81879449231413082,0.45412161053219424,0.27502809790937527
0.10000000000000001,0,36,-0.19524460253028605,-0.19524460253028605,0.55822248881495851,1.0602660268440995,0.81878629000921077,0.45396852359988932,0.27491586290991388
0.10000000000000001,0,36.050000000000004,-0.19569678616097541,-0.19569678616097541,0.55837178376919472,1.0599077189539325,0.8187781331989904,0.45381616186001633,0.27480416165418525
0.10000000000000001,0,36.100000000000001,-0.1961465319063557,-0.1961465319063557,0.55852027381822544,1.0595513428362588,0.81877002194431292,0.45366452765314391,0.27469299581834905
0.10000000000000001,0,36.149999999999999,-0.19659383712338527,-0.19659383712338527,0.55866795809159697,1.0591969005801671,0.81876195630846993,0.45351362303574549,0.27458236694284416
0.10000000000000001,0,36.200000000000003,-0.1970386994403506,-0.1970386994403506,0.5588148358062538,1.0588443940649908,0.8187539363438584,0.45336345014395307,0.27447227655968426
0.10000000000000001,0,36.25,-0.19748111675432209,-0.19748111675432209,0.5589609062245291,1.0584938250611302,0.81874596208942063,0.45321401112567783,0.274362726172522
0.10000000000000001,0,36.300000000000004,-0.19792108722857221,-0.19792108722857221,0.55910616864695828,1.0581451952473,0.81873803358320973,0.45306530796779704,0.2742537171925874
0.10000000000000001,0,36.350000000000001,-0.1983586092899573,-0.1983586092899573,0.55925062269154224,1.0577985055402985,0.81873015085888246,0.45291734256850935,0.27414525096489528
0.10000000000000001,0,36.399999999999999,-0.19879368162626665,-0.19879368162626665,0.55939426792503644,1.0574537569799125,0.81872231394472861,0.45277011672012424,0.2740373287635306
0.10000000000000001,0,36.450000000000003,-0.19922630318353679,-0.19922630318353679,0.55953710399945988,1.0571109504012963,0.81871452286337498,0.45262363210876161,0.27392995179195406
0.10000000000000001,0,36.5,-0.19965647316333546,-0.19965647316333546,0.55967913058667695,1.0567700865919754,0.81870677763194777,0.4524778903247742,0.27382312118648244
0.10000000000000001,0,36.550000000000004,-0.20008419102001665,-0.20008419102001665,0.55982034745920828,1.0564311660979,0.81869907826248589,0.45233289287770528,0.27371683802109742
0.10000000000000001,0,36.600000000000001,-0.2005094564579451,-0.2005094564579451,0.55996075463230588,1.0560941888824658,0.81869142476238588,0.45218864120959545,0.27361110331173744
0.10000000000000001,0,36.649999999999999,-0.20093226942869591,-0.20093226942869591,0.56010035208998143,1.0557591549840446,0.81868381713466976,0.4520451367004506,0.27350591801822594
0.10000000000000001,0,36.700000000000003,-0.20135263012822738,-0.20135263012822738,0.5602391398969333,1.0554260642473601,0.81867625537786115,0.45190238065968386,0.27340128304199046
0.10000000000000001,0,36.75,-0.2017705389940298,-0.2017705389940298,0.56037711813703817,1.0550949164711083,0.81866873948525543,0.45176037429734522,0.27329719921772677
0.10000000000000001,0,36.800000000000004,-0.20218599670225296,-0.20218599670225296,0.56051428698177463,1.0547657112437407,0.81866126944337181,0.45161911866895071,0.27319366729716149
0.10000000000000001,0,36.850000000000001,-0.20259900416480997,-0.20259900416480997,0.56065064684557109,1.0544384475706294,0.81865384523193485,0.45147861466712624,0.2730906879462543
0.10000000000000001,0,36.899999999999999,-0.20300956252646329,-0.20300956252646329,0.56078619810638597,1.0541131245446735,0.81864646683094844,0.45133886327322248,0.27298826182181873
0.10000000000000001,0,36.950000000000003,-0.20341767316189124,-0.20341767316189124,0.56092094121808744,1.0537897410765902,0.81863913421523682,0.45119986533192008,0.27288638950345728
0.10000000000000001,0,37,-0.20382333767273708,-0.20382333767273708,0.56105487667868037,1.053468295971167,0.81863184735534567,0.45106162160096919,0.27278507150742776
0.10000000000000001,0,37.050000000000004,-0.20422655788464295,-0.20422655788464295,0.56118800498318677,1.0531487880403516,0.81862460621522826,0.45092413275602122,0.27268430829209783
0.10000000000000001,0,37.100000000000001,-0.20462733584426832,-0.20462733584426832,0.56132032694690037,1.0528312153274391,0.81861741075204308,0.45078739938878742,0.27258410025857632
0.10000000000000001,0,37.149999999999999,-0.20502567381629583,-0.20502567381629583,0.56145184331753539,1.052515576037915,0.81861026091760425,0.45065142200828073,0.27248444775019354
0.10000000000000001,0,37.200000000000003,-0.20542157428042512,-0.20542157428042512,0.56158255491379616,1.0522018682068892,0.8186031566605575,0.45051620104378259,0.27238535105148415
0.10000000000000001,0,37.25,-0.20581503992835487,-0.20581503992835487,0.56171246262438135,1.0518900897014847,0.81859609792835109,0.45038173684817812,0.27228681038732311
0.10000000000000001,0,37.300000000000004,-0.20620607366075699,-0.20620607366075699,0.56184156726668844,1.0515802385599478,0.81858908466807412,0.45024802970029976,0.27218882592286775
0.10000000000000001,0,37.350000000000001,-0.20659467858424074,-0.20659467858424074,0.56196986998232112,1.0512723120424292,0.81858211682522852,0.45011507980492343,0.27209139776495711
0.10000000000000001,0,37.399999999999999,-0.20698085800831106,-0.20698085800831106,0.56209737188936215,1.0509663074655309,0.81857519433951098,0.44998288728905839,0.27199452596562101
0.10000000000000001,0,37.450000000000003,-0.20736461544232043,-0.20736461544232043,0.56222407414646747,1.050662222048478,0.81856831713666844,0.44985145219317235,0.27189821052835061
0.10000000000000001,0,37.5,-0.20774595459241546,-0.20774595459241546,0.56234997797726716,1.0503600528545587,0.81856148512621285,0.44972077446724268,0.27180245141095216
0.10000000000000001,0,37.550000000000004,-0.20812487935848095,-0.20812487935848095,0.56247508461596218,1.0500597969216907,0.81855469823887883,0.44959085401876031,0.27170724850234901
0.10000000000000001,0,37.600000000000001,-0.20850139383108024,-0.20850139383108024,0.56259939535890591,1.0497614511386257,0.81854795639084776,0.44946169067972752,0.27161260164556988
0.10000000000000001,0,37.649999999999999,-0.20887550228839513,-0.20887550228839513,0.56272291172721245,1.04946501185469,0.81854125949763046,0.44933328420812041,0.27151851062895782
0.10000000000000001,0,37.700000000000003,-0.20924720919316459,-0.20924720919316459,0.5628456351943083,1.0491704755336599,0.81853460747188511,0.44920563428515242,0.27142497518736114
0.10000000000000001,0,37.75,-0.20961651918962487,-0.20961651918962487,0.56296756729354358,1.0488778384954953,0.81852800022103922,0.44907874051572694,0.2713319950044214
0.10000000000000001,0,37.800000000000004,-0.20998343710045081,-0.20998343710045081,0.56308870961718194,1.0485870969187634,0.81852143764715735,0.44895260243278867,0.27123956971406477
0.10000000000000001,0,37.850000000000001,-0.21034796792370011,-0.21034796792370011,0.56320906371920887,1.0482982470738986,0.81851491964817946,0.44882721950335491,0.27114769890136053
0.10000000000000001,0,37.899999999999999,-0.21071011682976132,-0.21071011682976132,0.56332863134283362,1.0480112847771992,0.81850844611965368,0.44870259113400701,0.27105638210290967
0.10000000000000001,0,37.950000000000003,-0.21106988915830691,-0.21106988915830691,0.5634474143120769,1.0477262056510155,0.81850201695608671,0.44857871667362231,0.27096561880692638
0.10000000000000001,0,38,-0.21142729041525074,-0.21142729041525074,0.56356541444477926,1.0474430053325297,0.81849563205103526,0.44845559541112695,0.27087540845317704
0.10000000000000001,0,38.050000000000004,-0.21178232626971388,-0.21178232626971388,0.56368263361266646,1.0471616793296004,0.81848929129505987,0.4483332265660504,0.27078575043293857
0.10000000000000001,0,38.100000000000001,-0.21213500255099643,-0.21213500255099643,0.56379907374034877,1.0468822230231629,0.81848299457066709,0.44821160926966153,0.27069664408914029
0.10000000000000001,0,38.149999999999999,-0.21248532524555835,-0.21248532524555835,0.56391473670191539,1.046604631915403,0.81847674174798934,0.44809074256140347,0.27060808871951941
0.10000000000000001,0,38.200000000000003,-0.2128333004940097,-0.2128333004940097,0.56402962457814554,1.0463289010124506,0.81847053270465342,0.44797062548402317,0.27052008358302504
0.10000000000000001,0,38.25,-0.21317893458811032,-0.21317893458811032,0.56414373949637797,1.0460550252086929,0.81846436731603722,0.44785125699607065,0.27043262788836475
0.10000000000000001,0,38.300000000000004,-0.21352223396778092,-0.21352223396778092,0.56425708358282378,1.0457829994012229,0.81845824545475332,0.44773263599933011,0.27034572080182256
0.10000000000000001,0,38.350000000000001,-0.21386320521812546,-0.21386320521812546,0.56436965901162783,1.0455128183720932,0.81845216698978707,0.44761476133161821,0.27025936144565244
0.10000000000000001,0,38.400000000000006,-0.2142018550664665,-0.2142018550664665,0.5644814680038901,1.0452444767906637,0.81844613178597958,0.4474976317639287,0.27017354889798156
0.10000000000000001,0,38.450000000000003,-0.21453819037939281,-0.21453819037939281,0.56459251275505162,1.044977969387876,0.81844013970440865,0.44738124600547224,0.27008828219442838
0.10000000000000001,0,38.5,-0.21487221815982235,-0.21487221815982235,0.56470279557384639,1.0447132906227685,0.81843419060326728,0.44726560271238541,0.27000356033048167
0.10000000000000001,0,38.550000000000004,-0.21520394554407843,-0.21520394554407843,0.56481231889241612,1.0444504346582013,0.81842828433883719,0.44715070049588335,0.26991938226368661
0.10000000000000001,0,38.600000000000001,-0.21553337979898179,-0.21553337979898179,0.56492108510997907,1.0441893957360502,0.81842242076615501,0.44703653792563036,0.2698357469146847
0.10000000000000001,0,38.650000000000006,-0.21586052831895902,-0.21586052831895902,0.5650290966678837,1.0439301679970792,0.81841659973897107,0.4469231135241023,0.26975265316615282
0.10000000000000001,0,38.700000000000003,-0.21618539862316727,-0.21618539862316727,0.56513635604865942,1.0436727454832173,0.81841082110859531,0.44681042574771596,0.26967009985868878
0.10000000000000001,0,38.75,-0.21650799835263612,-0.21650799835263612,0.56524286577153182,1.0434171221483235,0.81840508472123596,0.44669847295073462,0.26958808578275195
0.10000000000000001,0,38.800000000000004,-0.21682833526742737,-0.21682833526742737,0.56534862826380528,1.0431632921668672,0.81839939041754683,0.44658725345250538,0.2695066096978635
0.10000000000000001,0,38.850000000000001,-0.21714641724381351,-0.21714641724381351,0.56545364626521732,1.0429112489634784,0.81839373803887439,0.4464767655712214,0.2694256703387235
0.10000000000000001,0,38.900000000000006,-0.21746225227147525,-0.21746225227147525,0.56555792241364233,1.0426609862072584,0.81838812742637101,0.4463670075515917,0.26934526639651357
0.10000000000000001,0,38.950000000000003,-0.2177758484507179,-0.2177758484507179,0.56566145938347845,1.0424124974796516,0.81838255841918239,0.44625797759193314,0.26926539652777332
0.10000000000000001,0,39,-0.21808721398970904,-0.21808721398970904,0.56576425988473589,1.0421657762766339,0.8183770308533731,0.44614967383558912,0.26918605935296902
0.10000000000000001,0,39.050000000000004,-0.21839635720173567,-0.21839635720173567,0.56586632666213077,1.0419208160108862,0.81837154456186767,0.44604209437242381,0.26910725345737974
0.10000000000000001,0,39.100000000000001,-0.21870328650248269,-0.21870328650248269,0.56596766245922348,1.0416776100978635,0.81836609937503724,0.44593523724613471,0.26902897739328802
0.10000000000000001,0,39.150000000000006,-0.21900801040733364,-0.21900801040733364,0.56606827002128834,1.0414361519489079,0.81836069512155651,0.4458291004631259,0.26895122968246377
0.10000000000000001,0,39.200000000000003,-0.21931053752869259,-0.21931053752869259,0.56616815229390927,1.0411964344946176,0.81835533162915908,0.44572368199868612,0.26887400881792761
0.10000000000000001,0,39.25,-0.2196108765733284,-0.2196108765733284,0.56626731215171067,1.0409584508358944,0.81835000872491748,0.4456189797962134,0.26879731326398254
0.10000000000000001,0,39.300000000000004,-0.21990903633974274,-0.21990903633974274,0.56636575249960353,1.0407221940009515,0.81834472623467469,0.44551499175523024,0.26872114145350079
0.10000000000000001,0,39.350000000000001,-0.22020502571556022,-0.22020502571556022,0.56646347627192339,1.0404876569473838,0.81833948398125378,0.44541171570393168,0.26864549178145336
0.10000000000000001,0,39.400000000000006,-0.22049885367494276,-0.22049885367494276,0.56656048643157741,1.0402548325642142,0.81833428178332157,0.44530914938188843,0.26857036260100214
0.10000000000000001,0,39.450000000000003,-0.22079052927602744,-0.22079052927602744,0.56665678595094215,1.0400237137177388,0.81832911946082965,0.44520729057014824,0.26849575225871047
0.10000000000000001,0,39.5,-0.22108006165838923,-0.22108006165838923,0.56675237775363518,1.0397942933912756,0.81832399682867507,0.44510613699875012,0.26842165907131271
0.10000000000000001,0,39.550000000000004,-0.22136746004052776,-0.22136746004052776,0.56684726499635241,1.0395665640087541,0.81831891370258036,0.44500568635507309,0.26834808132499788
0.10000000000000001,0,39.600000000000001,-0.2216527337173787,-0.2216527337173787,0.56694145074790325,1.0393405182050321,0.81831386989767851,0.44490593628390651,0.26827501727733211
0.10000000000000001,0,39.650000000000006,-0.22193589205785175,-0.22193589205785175,0.56703493810152006,1.0391161485563518,0.81830886522744017,0.44480688438723082,0.26820246515837493
0.10000000000000001,0,39.700000000000003,-0.22221694450239182,-0.22221694450239182,0.56712773017405338,1.0388934475822718,0.81830389950351345,0.4447085282289433,0.26813042317231994
0.10000000000000001,0,39.75,-0.22249590056056817,-0.22249590056056817,0.56721983010517574,1.0386724077475782,0.81829897253609896,0.44461086534164768,0.26805888949925177
0.10000000000000001,0,39.800000000000004,-0.22277276980868777,-0.22277276980868777,0.56731124105659381,1.0384530214641747,0.81829408413448101,0.44451389323262552,0.26798786229660948
0.10000000000000001,0,39.850000000000001,-0.22304756188743563,-0.22304756188743563,0.56740196613288452,1.0382352812810771,0.81828923410733112,0.44441760938610814,0.26791733969994891
0.10000000000000001,0,39.900000000000006,-0.22332028649954114,-0.22332028649954114,0.56749200857038073,1.0380191794310862,0.81828442226240949,0.44432201125896731,0.26784731982259463
0.10000000000000001,0,39.950000000000003,-0.22359095340747132,-0.22359095340747132,0.56758137163868416,1.037804708067158,0.81827964840527645,0.44422709626694362,0.26777780075377305
0.10000000000000001,0,40,-0.22385957243115018,-0.22385957243115018,0.56767005857992936,1.0375918594081694,0.81827491233689842,0.44413286176049638,0.26770878055510972
0.10000000000000001,0,40.050000000000004,-0.22412615344570544,-0.22412615344570544,0.56775807265447675,1.0373806256292557,0.81827021386094489,0.44403930508018491,0.26764025726898794
0.10000000000000001,0,40.100000000000001,-0.22439070637924211,-0.22439070637924211,0.567845417140178,1.0371709988635727,0.81826555278184754,0.44394642355536523,0.2675722289196471
0.10000000000000001,0,40.150000000000006,-0.22465324121064298,-0.22465324121064298,0.56793209533164923,1.0369629712040418,0.81826092890230095,0.44385421448166834,0.26750469351085365
0.10000000000000001,0,40.200000000000003,-0.22491376796739637,-0.22491376796739637,0.5680181105395542,1.0367565347050698,0.81825634202391251,0.44376267512739503,0.26743764902690054
0.10000000000000001,0,40.25,-0.22517229672345179,-0.22517229672345179,0.56810346601097494,1.0365516815736602,0.81825179194631525,0.44367180272907392,0.26737109343223542
0.10000000000000001,0,40.300000000000004,-0.22542883759710231,-0.22542883759710231,0.56818816512688808,1.0363484036954687,0.81824727846729473,0.44358159449368806,0.26730502467229561
0.10000000000000001,0,40.350000000000001,-0.2256834007488947,-0.2256834007488947,0.56827221128138206,1.036146692924683,0.81824280138352967,0.44349204760440863,0.2672394406749522
0.10000000000000001,0,40.400000000000006,-0.22593599637956727,-0.22593599637956727,0.5683556078423162,1.035946541178441,0.8182383604915483,0.44340315922667312,0.26717433935196605
0.10000000000000001,0,40.450000000000003,-0.22618663472801523,-0.22618663472801523,0.56843835819014721,1.0357479403436467,0.81823395558849732,0.44331492651144733,0.26710971859985955
0.10000000000000001,0,40.5,-0.22643532606928363,-0.22643532606928363,0.56852046571726733,1.0355508822785584,0.81822958647232669,0.44322734659250834,0.26704557629960618
0.10000000000000001,0,40.550000000000004,-0.22668208071258819,-0.22668208071258819,0.56860193382735036,1.0353553588143591,0.81822525294098714,0.44314041657458764,0.26698191031454166
0.10000000000000001,0,40.600000000000001,-0.22692690899936369,-0.22692690899936369,0.56868276593470746,1.0351613617567021,0.81822095479026591,0.44305413350945855,0.2669187184859434
0.10000000000000001,0,40.650000000000006,-0.22716982130133984,-0.22716982130133984,0.56876296544295035,1.034968882936919,0.81821669181442014,0.44296849443454839,0.26685599864183068
0.10000000000000001,0,40.700000000000003,-0.22741082801864548,-0.22741082801864548,0.56884253571585763,1.0347779142819415,0.81821246380548263,0.44288349640392716,0.2667937486063286
0.10000000000000001,0,40.75,-0.22764993957793983,-0.22764993957793983,0.56892148028736611,1.0345884473103213,0.81820827055656764,0.44279913643798863,0.26673196618520051
0.10000000000000001,0,40.800000000000004,-0.2278871664305718,-0.2278871664305718,0.56899980260807115,1.0344004737406292,0.8182041118620319,0.44271541153659122,0.26667064916948136
0.10000000000000001,0,40.850000000000001,-0.22812251905076658,-0.22812251905076658,0.56907750613612096,1.0342139852733097,0.81819998751564715,0.44263231867783437,0.26660979533700768
0.10000000000000001,0,40.900000000000006,-0.22835600793384023,-0.22835600793384023,0.56915459433662718,1.0340289735920947,0.81819589731020892,0.44254985482025516,0.26654940245351255
0.10000000000000001,0,40.950000000000003,-0.22858764359444145,-0.22858764359444145,0.56923107068108414,1.0338454303653981,0.81819184103801712,0.44246801690677834,0.26648946827339132
0.10000000000000001,0,41,-0.2288174365648209,-0.2288174365648209,0.56930693864679771,1.0336633472476855,0.81818781849166122,0.44238680186875107,0.2664299905402453
0.10000000000000001,0,41.050000000000004,-0.22904539739312785,-0.22904539739312785,0.5693822017163227,1.0334827158808255,0.81818382946454671,0.44230620662839565,0.26637096698730905
0.10000000000000001,0,41.100000000000001,-0.22927153664173439,-0.22927153664173439,0.56945686336688039,1.0333035279194871,0.81817987375059631,0.44222622809801104,0.26631239533786832
0.10000000000000001,0,41.150000000000006,-0.22949586488558651,-0.22949586488558651,0.56953092700546426,1.0331257751868856,0.81817595114256003,0.44214686317425717,0.2662542733057745
0.10000000000000001,0,41.200000000000003,-0.22971839271058217,-0.22971839271058217,0.56960439622236858,1.0329494490663154,0.81817206142837207,0.44206810872585262,0.2661965985961624
0.10000000000000001,0,41.25,-0.22993913071197714,-0.22993913071197714,0.56967727451569583,1.0327745411623299,0.81816820439554183,0.44198996160496989,0.26613936890502798
0.10000000000000001,0,41.300000000000004,-0.23015808949281677,-0.23015808949281677,0.56974956538612032,1.0326010430733112,0.81816437983934487,0.44191241867028658,0.26608258191729822
0.10000000000000001,0,41.350000000000001,-0.23037527966239518,-0.23037527966239518,0.56982127233637947,1.0324289463926892,0.81816058755226528,0.44183547676417162,0.26602623531149855
0.10000000000000001,0,41.400000000000006,-0.23059071183474067,-0.23059071183474067,0.56989239887077359,1.0322582427101434,0.81815682732709738,0.44175913272032913,0.26597032675900895
0.10000000000000001,0,41.450000000000003,-0.23080439662712782,-0.23080439662712782,0.56996294849467499,1.0320889236127799,0.81815309895586863,0.44168338335796459,0.26591485392338132
0.10000000000000001,0,41.5,-0.23101634465861615,-0.23101634465861615,0.5700329247140451,1.0319209806862917,0.81814940222978738,0.44160822548267353,0.26585981446089407
0.10000000000000001,0,41.550000000000004,-0.23122656654861451,-0.23122656654861451,0.57010233103496089,1.0317544055160939,0.81814573693981796,0.44153365589120319,0.26580520602179197
0.10000000000000001,0,41.600000000000001,-0.23143507291547186,-0.23143507291547186,0.57017117093494429,1.0315891897561336,0.81814210287747569,0.44145967137719605,0.26575102625165925
0.10000000000000001,0,41.650000000000006,-0.23164187437509395,-0.23164187437509395,0.57023944787823,1.031425325092248,0.81813849983543152,0.44138626873502723,0.26569727279237271
0.10000000000000001,0,41.700000000000003,-0.23184698153958538,-0.23184698153958538,0.57030716543816928,1.0312628029483937,0.8181349276075196,0.4413134447588461,0.26564394328208357
0.10000000000000001,0,41.75,-0.23205040501591762,-0.23205040501591762,0.57037432711672764,1.0311016149198535,0.81813138598773616,0.44124119623393254,0.26559103535367512
0.10000000000000001,0,41.800000000000004,-0.23225215540462252,-0.23225215540462252,0.57044093641374449,1.0309417526070133,0.81812787476782356,0.44116951991747938,0.2655385466311439
0.10000000000000001,0,41.850000000000001,-0.23245224329850994,-0.23245224329850994,0.57050699682650985,1.0307832076163763,0.81812439373761947,0.44109841254136267,0.26548647473052828
0.10000000000000001,0,41.900000000000006,-0.23265067928141209,-0.23265067928141209,0.57057251184934976,1.0306259715615604,0.81812094269333713,0.44102787087765888,0.26543481727337914
0.10000000000000001,0,41.950000000000003,-0.23284747392695104,-0.23284747392695104,0.5706374849732192,1.0304700360642738,0.81811752142946992,0.44095789168003813,0.26538357187543982
0.10000000000000001,0,42,-0.23304263779733214,-0.23304263779733214,0.57070191968530393,1.0303153927552706,0.81811412974112485,0.44088847170144652,0.26533273615052744
0.10000000000000001,0,42.050000000000004,-0.23323618144216096,-0.23323618144216096,0.57076581946862959,1.030162033275289,0.81811076742317967,0.44081960768704181,0.26528230770920724
0.10000000000000001,0,42.100000000000001,-0.23342811539728481,-0.23342811539728481,0.57082918780167979,1.0300099492759685,0.8181074342700787,0.4407512963735476,0.26523228415893313
0.10000000000000001,0,42.150000000000006,-0.23361845018365837,-0.23361845018365837,0.57089202810195516,1.0298591325553075,0.81810413007618943,0.44068353449354991,0.265182663105275
0.10000000000000001,0,42.200000000000003,-0.23380719630623309,-0.23380719630623309,0.57095434386053123,1.0297095747347249,0.81810085463642579,0.44061631878165231,0.26513344215352536
0.10000000000000001,0,42.25,-0.23399436425286968,-0.23399436425286968,0.57101613857406863,1.0295612674222352,0.8180976077468527,0.44054964597940466,0.26508461890997503
0.10000000000000001,0,42.300000000000004,-0.23417996449327497,-0.23417996449327497,0.57107741569920889,1.0294142023218986,0.81809438920498279,0.44048351283592169,0.26503619098214981
0.10000000000000001,0,42.350000000000001,-0.23436400747796063,-0.23436400747796063,0.5711381786862566,1.0292683711529842,0.81809119880947245,0.44041791610110625,0.26498815597729808
0.10000000000000001,0,42.400000000000006,-0.23454650363722615,-0.23454650363722615,0.5711984309788426,1.0291237656507777,0.81808803635893401,0.44035285250839373,0.26494051149842196
0.10000000000000001,0,42.450000000000003,-0.23472746338016354,-0.23472746338016354,0.57125817601359652,1.0289803775673683,0.81808490165021941,0.44028831875434959,0.26489325513969458
0.10000000000000001,0,42.5,-0.23490689709368501,-0.23490689709368501,0.57131741721982465,1.0288381986724209,0.81808179448279206,0.44022431158055264,0.26484638450714415
0.10000000000000001,0,42.550000000000004,-0.23508481514157223,-0.23508481514157223,0.57137615801919706,1.0286972207539271,0.81807871465665916,0.4401608277288529,0.26479989720751101
0.10000000000000001,0,42.600000000000001,-0.23526122786354919,-0.23526122786354919,0.57143440182544059,1.0285574356189426,0.81807566197279546,0.440097863940976,0.26475379084808615
0.10000000000000001,0,42.650000000000006,-0.23543614557437453,-0.23543614557437453,0.57149215204404002,1.028418835094304,0.8180726362324855,0.44003541695875897,0.26470806303735667
0.10000000000000001,0,42.700000000000003,-0.23560957856295756,-0.23560957856295756,0.57154941207194543,1.0282814110273308,0.81806963723679971,0.43997348352078458,0.26466271138452607
0.10000000000000001,0,42.75,-0.23578153709149396,-0.23578153709149396,0.57160618522259576,1.0281451554657701,0.81806666478675694,0.43991206036467828,0.26461773350020917
0.10000000000000001,0,42.800000000000004,-0.23595203139462392,-0.23595203139462392,0.57166247494305589,1.0280100601366657,0.81806371868388306,0.43985114423231864,0.26457312699771401
0.10000000000000001,0,42.850000000000001,-0.23612107167860996,-0.23612107167860996,0.57171828461034324,1.0278761169351762,0.81806079873087978,0.43979073187521406,0.26452888949432268
0.10000000000000001,0,42.900000000000006,-0.23628866812053601,-0.23628866812053601,0.57177361758448342,1.0277433177972397,0.81805790473211226,0.43973082005729663,0.2644850186119822
0.10000000000000001,0,42.950000000000003,-0.23645483086752661,-0.23645483086752661,0.57182847721561059,1.0276116546825345,0.81805503649362954,0.4396714055523866,0.26444151197681853
0.10000000000000001,0,43,-0.23661957003598638,-0.23661957003598638,0.57188286684371659,1.0274811195750801,0.81805219382242944,0.43961248513357731,0.26439836721688437
0.10000000000000001,0,43.050000000000004,-0.23678289571085903,-0.23678289571085903,0.57193678979840634,1.0273517044838247,0.81804937652467702,0.43955405555179444,0.26435558195755365
0.10000000000000001,0,43.100000000000001,-0.23694481794490602,-0.23694481794490602,0.57199024939865961,1.0272234014432169,0.81804658440594247,0.43949611355069046,0.2643131538253703
0.10000000000000001,0,43.150000000000006,-0.23710534675800543,-0.23710534675800543,0.57204324895259939,1.0270962025137613,0.81804381727508313,0.43943865592653714,0.26427108046195141
0.10000000000000001,0,43.200000000000003,-0.2372644921364685,-0.2372644921364685,0.57209579175726655,1.0269700997825602,0.8180410749410888,0.43938167946448126,0.26422935950926585
0.10000000000000001,0,43.25,-0.23742226403237623,-0.23742226403237623,0.57214788109840031,1.0268450853638391,0.81803835721410167,0.4393251809591821,0.26418798861461529
0.10000000000000001,0,43.300000000000004,-0.2375786723629342,-0.2375786723629342,0.57219952025022602,1.0267211513994574,0.81803566390448768,0.43926915720745308,0.26414696542922428
0.10000000000000001,0,43.350000000000001,-0.23773372700984544,-0.23773372700984544,0.57225071247524739,1.0265982900594062,0.81803299482264424,0.43921360500743994,0.26410628760823757
0.10000000000000001,0,43.400000000000006,-0.23788743781870231,-0.23788743781870231,0.57230146095794188,1.0264764937009394,0.81803034977932398,0.43915852116227272,0.26406595281167311
0.10000000000000001,0,43.450000000000003,-0.23803981459839529,-0.23803981459839529,0.57235176899569251,1.0263557544103379,0.81802772858621364,0.43910390248554976,0.26402595870574708
0.10000000000000001,0,43.5,-0.23819086712054025,-0.23819086712054025,0.57240163982247938,1.0262360644260495,0.81802513105650365,0.43904974580601425,0.26398630296398712
0.10000000000000001,0,43.550000000000004,-0.23834060511892236,-0.23834060511892236,0.57245107665196548,1.0261174160352828,0.81802255700519255,0.43899604796878233,0.26394698326755101
0.10000000000000001,0,43.600000000000001,-0.23848903828895784,-0.23848903828895784,0.57250008268514618,1.0259998015556491,0.81802000624886018,0.43894280583048195,0.26390799730416553
0.10000000000000001,0,43.650000000000006,-0.23863617628717251,-0.23863617628717251,0.57254866111017688,1.0258832133355755,0.81801747860465168,0.43889001624566232,0.26386934276510365
0.10000000000000001,0,43.700000000000003,-0.23878202873069629,-0.23878202873069629,0.5725968151022065,1.0257676437547043,0.81801497388827282,0.43883767604275081,0.26383101733983111
0.10000000000000001,0,43.75,-0.23892660519677525,-0.23892660519677525,0.57264454782321561,1.0256530852242824,0.81801249191698511,0.43878578207700636,0.26379301872880995
0.10000000000000001,0,43.800000000000004,-0.23906991522229898,-0.23906991522229898,0.57269186242186132,1.0255395301875327,0.81801003251038595,0.43873433123632244,0.26375534464475808
0.10000000000000001,0,43.850000000000001,-0.23921196830334412,-0.23921196830334412,0.57273876203332585,1.0254269711200179,0.81800759548875068,0.43868332040844532,0.26371799280494662
0.10000000000000001,0,43.900000000000006,-0.2393527738947345,-0.2393527738947345,0.57278524977917178,1.0253154005299876,0.81800518067338546,0.43863274649205447,0.26368096093403615
0.10000000000000001,0,43.950000000000003,-0.23949234140961462,-0.23949234140961462,0.57283132876720066,1.0252048109587184,0.81800278788591996,0.4385826063903292,0.26364424676275433
0.10000000000000001,0,44,-0.23963068021904077,-0.23963068021904077,0.57287700209131875,1.0250951949808349,0.81800041694825021,0.43853289701115078,0.26360784802808845
0.10000000000000001,0,44.050000000000004,-0.23976779965158573,-0.23976779965158573,0.57292227283140618,1.0249865452046252,0.81799806768289163,0.4384836152713365,0.26357176247438707
0.10000000000000001,0,44.100000000000001,-0.23990370899295832,-0.23990370899295832,0.57296714403927274,1.0248788543057454,0.81799573991350849,0.43843475810230154,0.26353598785476123
0.10000000000000001,0,44.150000000000006,-0.2400384174856382,-0.2400384174856382,0.57301161872890427,1.0247721150506297,0.81799343346537656,0.43838632245454479,0.26350052193217827
0.10000000000000001,0,44.200000000000003,-0.24017193432852391,-0.24017193432852391,0.57305569998933403,1.0246663200255983,0.81799114816554608,0.43833830529835521,0.26346536247964047
0.10000000000000001,0,44.25,-0.24030426867659616,-0.24030426867659616,0.57309939084312522,1.0245614619764993,0.8179888838424636,0.43829070361813471,0.26343050727884026
0.10000000000000001,0,44.300000000000004,-0.24043542964059361,-0.24043542964059361,0.57314269429823417,1.0244575336842379,0.81798664032481594,0.4382435143977339,0.26339595411668426
0.10000000000000001,0,44.350000000000001,-0.24056542628670363,-0.24056542628670363,0.57318561334790852,1.0243545279650195,0.81798441743941119,0.43819673459482933,0.26336170077923177
0.10000000000000001,0,44.400000000000006,-0.24069426763626539,-0.24069426763626539,0.57322815097058899,1.0242524376705864,0.8179822150155025,0.43815036119680351,0.26332774506557888
0.10000000000000001,0,44.450000000000003,-0.24082196266548639,-0.24082196266548639,0.57327031012981577,1.024151255688442,0.81798003288541943,0.43810439123207207,0.26329408479082034
0.10000000000000001,0,44.5,-0.24094852030517239,-0.24094852030517239,0.57331209377413961,1.024050974942065,0.81797787088169782,0.43805882172763994,0.26326071777516424
0.10000000000000001,0,44.550000000000004,-0.24107394944046939,-0.24107394944046939,0.57335350483703629,1.0239515883911128,0.81797572883808678,0.4380136497247159,0.26322764184812586
0.10000000000000001,0,44.600000000000001,-0.24119825891061819,-0.24119825891061819,0.57339454623682584,1.023853089031618,0.81797360658876239,0.43796887227195513,0.26319485484722782
0.10000000000000001,0,44.650000000000006,-0.2413214575087215,-0.2413214575087215,0.5734352208765956,1.0237554698961706,0.81797150396825502,0.43792448642481191,0.2631623546179323
0.10000000000000001,0,44.700000000000003,-0.24144355398152317,-0.24144355398152317,0.57347553164412723,1.0236587240540946,0.817969420811828,0.43788048924881851,0.26313013901436771
0.10000000000000001,0,44.75,-0.24156455702919866,-0.24156455702919866,0.57351548141182773,1.0235628446116134,0.8179673569560445,0.43783687782460479,0.26309820590041405
0.10000000000000001,0,44.800000000000004,-0.24168447530515763,-0.24168447530515763,0.57355507303666386,1.0234678247120066,0.81796531223926039,0.43779364925247366,0.26306655315071004
0.10000000000000001,0,44.850000000000001,-0.24180331741585809,-0.24180331741585809,0.57359430936010125,1.023373657535757,0.81796328650178052,0.43775080065434807,0.26303517865114512
0.10000000000000001,0,44.900000000000006,-0.24192109192063066,-0.24192109192063066,0.57363319320804629,1.0232803363006888,0.81796127958541676,0.43770832917090385,0.26300408029840022
0.10000000000000001,0,44.950000000000003,-0.24203780733151561,-0.24203780733151561,0.57367172737231842,1.0231878543064357,0.81795929133218404,0.4376662319517049,0.26297325599810006
0.10000000000000001,0,45,-0.24215347211310878,-0.24215347211310878,0.57370991462797738,1.0230962048928542,0.81795732158187384,0.437624506136154,0.2629427036611412
0.10000000000000001,0,45.050000000000004,-0.24226809468241958,-0.24226809468241958,0.57374775779249354,1.0230053812980155,0.81795537017220743,0.43758314885298683,0.2629124212035116
0.10000000000000001,0,45.100000000000001,-0.24238168340873817,-0.24238168340873817,0.57378525962902627,1.022915376890337,0.81795343694991385,0.43754215729929058,0.26288240656118406
0.10000000000000001,0,45.150000000000006,-0.24249424661351404,-0.24249424661351404,0.57382242288494012,1.0228261850761438,0.81795152176040387,0.43750152866717068,0.2628526576764183
0.10000000000000001,0,45.200000000000003,-0.24260579257024317,-0.24260579257024317,0.57385925029176754,1.0227377992997579,0.81794962445037112,0.43746126016628817,0.26282317250238707
0.10000000000000001,0,45.25,-0.24271632950436636,-0.24271632950436636,0.57389574456517534,1.0226502130435791,0.8179477448672634,0.43742134901753893,0.26279394900182146
0.10000000000000001,0,45.300000000000004,-0.24282586559317609,-0.24282586559317609,0.57393190840493402,1.0225634198281583,0.81794588285895464,0.43738179244981196,0.26276498514636654
0.10000000000000001,0,45.350000000000001,-0.24293440896573315,-0.24293440896573315,0.57396774449489008,1.0224774132122638,0.81794403827389117,0.43734258770155959,0.26273627891695228
0.10000000000000001,0,45.400000000000006,-0.24304196770279271,-0.24304196770279271,0.57400325550294173,1.0223921867929398,0.81794221096150943,0.43730373202510037,0.26270782830474182
0.10000000000000001,0,45.450000000000003,-0.24314854983673895,-0.24314854983673895,0.57403844408101723,1.0223077342055586,0.8179404007727189,0.43726522269157536,0.26267963131221678
0.10000000000000001,0,45.5,-0.24325416335152897,-0.24325416335152897,0.57407331286505658,1.0222240491238641,0.81793860756024328,0.43722705699447784,0.26265168595396005
0.10000000000000001,0,45.550000000000004,-0.24335881618264496,-0.24335881618264496,0.57410786447499529,1.0221411252600112,0.81793683117861604,0.43718923224967776,0.26262399025669764
0.10000000000000001,0,45.600000000000001,-0.24346251621705495,-0.24346251621705495,0.57414210151475198,1.0220589563645952,0.81793507148362354,0.43715174578986027,0.26259654225815865
0.10000000000000001,0,45.650000000000006,-0.24356527129318212,-0.24356527129318212,0.57417602657221789,1.021977536226677,0.81793332833099019,0.43711459495129984,0.26256934000431492
0.10000000000000001,0,45.700000000000003,-0.24366708920088176,-0.24366708920088176,0.57420964221924908,1.0218968586738022,0.81793160157410139,0.43707777705090306,0.26254238154456305
0.10000000000000001,0,45.75,-0.2437679776814265,-0.2437679776814265,0.57424295101166234,1.0218169175720104,0.81792989106822955,0.43704128942804271,0.26251566494049444
0.10000000000000001,0,45.800000000000004,-0.24386794442749921,-0.24386794442749921,0.57427595548923183,1.0217377068258435,0.81792819667331629,0.43700512947611525,0.26248918827290996
0.10000000000000001,0,45.850000000000001,-0.24396699708319342,-0.24396699708319342,0.57430865817568988,1.0216592203783443,0.81792651824863616,0.43696929458490719,0.26246294962926586
0.10000000000000001,0,45.900000000000006,-0.24406514324402134,-0.24406514324402134,0.57434106157872977,1.0215814522110485,0.81792485565486661,0.43693378216252809,0.26243694710843568
0.10000000000000001,0,45.950000000000003,-0.24416239045692878,-0.24416239045692878,0.574373168171597,1.0215043963881671,0.81792320875313163,0.43689858962847433,0.26241117881953979
0.10000000000000001,0,46,-0.24425874622031757,-0.24425874622031757,0.57440498041929866,1.0214280469936832,0.81792157740477489,0.43686371441191446,0.26238564288164484
0.10000000000000001,0,46.050000000000004,-0.24435421798407475,-0.24435421798407475,0.57443650081092168,1.021352398053788,0.81791996147163737,0.43682915395354022,0.26236033742405929
0.10000000000000001,0,46.100000000000001,-0.24444881314960873,-0.24444881314960873,0.57446773179007138,1.0212774437038286,0.81791836081660652,0.43679490570932522,0.26233526058695
0.10000000000000001,0,46.150000000000006,-0.24454253906989104,-0.24454253906989104,0.57449867578436109,1.0212031781175333,0.81791677530420692,0.43676096715453411,0.26231041052200665
0.10000000000000001,0,46.200000000000003,-0.24463540304950654,-0.24463540304950654,0.57452933520542937,1.0211295955069695,0.81791520480100666,0.43672733578632467,0.26228578539287845
0.10000000000000001,0,46.25,-0.24472741234470763,-0.24472741234470763,0.57455971244895743,1.0210566901225022,0.8179136491756045,0.4366940091232866,0.2622613833751099
0.10000000000000001,0,46.300000000000004,-0.24481857416347655,-0.24481857416347655,0.57458980989468988,1.0209844562527441,0.81791210829797256,0.43666098470025771,0.26223720265530054
0.10000000000000001,0,46.350000000000001,-0.24490889566559237,-0.24490889566559237,0.57461962990645721,1.0209128882245027,0.81791058203792166,0.43662826005676264,0.26221324142921459
0.10000000000000001,0,46.400000000000006,-0.24499838396270468,-0.24499838396270468,0.57464917483219913,1.020841980402722,0.81790907026246518,0.43659583271744062,0.26218949789857099
0.10000000000000001,0,46.450000000000003,-0.24508704611841223,-0.24508704611841223,0.57467844700399184,1.0207717271904195,0.81790757284048388,0.43656370023118424,0.26216597027758237
0.10000000000000001,0,46.5,-0.24517488914834812,-0.24517488914834812,0.574707448738075,1.02070212302862,0.81790608964602907,0.43653186019406554,0.26214265679640975
0.10000000000000001,0,46.550000000000004,-0.24526192002026931,-0.24526192002026931,0.574736182334882,1.0206331623962832,0.8179046205521312,0.43650031020248176,0.26211955569409195
0.10000000000000001,0,46.600000000000001,-0.24534814565415219,-0.24534814565415219,0.57476465007907129,1.0205648398102289,0.8179031654331772,0.43646904787176921,0.26209666522146202
0.10000000000000001,0,46.650000000000006,-0.24543357292229345,-0.24543357292229345,0.57479285423955961,1.0204971498250568,0.8179017241641563,0.43643807082861436,0.26207398363953727
0.10000000000000001,0,46.700000000000003,-0.2455182086494147,-0.2455182086494147,0.57482079706955647,1.0204300870330645,0.8179002966204606,0.4364073767090787,0.26205150921909715
0.10000000000000001,0,46.75,-0.24560205961277398,-0.24560205961277398,0.57484848080660123,1.020363646064157,0.81789888267806932,0.43637696316049207,0.26202924024108015
0.10000000000000001,0,46.800000000000004,-0.24568513254227997,-0.24568513254227997,0.57487590767260077,1.0202978215857581,0.81789748221394265,0.43634682784547069,0.26200717499743015
0.10000000000000001,0,46.850000000000001,-0.2457674341206125,-0.2457674341206125,0.57490307987386891,1.0202326083027147,0.81789609510645278,0.43631696844631507,0.26198531179202272
0.10000000000000001,0,46.900000000000006,-0.24584897098334649,-0.24584897098334649,0.57492999960116786,1.0201680009571972,0.81789472123568208,0.43628738266804407,0.26196364894130314
0.10000000000000001,0,46.950000000000003,-0.24592974971908055,-0.24592974971908055,0.57495666902975029,1.0201039943285992,0.8178933604834121,0.43625806823831931,0.26194218477426601
0.10000000000000001,0,47,-0.24600977686957032,-0.24600977686957032,0.57498309031940331,1.0200405832334321,0.81789201273263434,0.43622902290251753,0.26192091763140773
0.10000000000000001,0,47.050000000000004,-0.2460890589298651,-0.2460890589298651,0.57500926561449406,1.0199777625252142,0.81789067786640868,0.43620024441220434,0.26189984586228293
0.10000000000000001,0,47.100000000000001,-0.24616760234844942,-0.24616760234844942,0.57503519704401596,1.0199155270943616,0.81788935576589716,0.4361717305052667,0.26187896782129477
0.10000000000000001,0,47.150000000000006,-0.24624541352738746,-0.24624541352738746,0.57506088672163647,1.0198538718680725,0.81788804631198186,0.4361434789220342,0.26185828187104548
0.10000000000000001,0,47.200000000000003,-0.24632249882247234,-0.24632249882247234,0.57508633670976694,1.0197927918965592,0.8178867493914177,0.43611548747677481,0.26183778639807892
0.10000000000000001,0,47.25,-0.24639886454337828,-0.24639886454337828,0.57511154912563267,1.0197322820984815,0.81788546488952507,0.43608775397392091,0.26181747979444475
0.10000000000000001,0,47.300000000000004,-0.24647451695381678,-0.24647451695381678,0.57513652603949661,1.0196723375052081,0.81788419269364732,0.4360602762365981,0.2617973604632986
0.10000000000000001,0,47.350000000000001,-0.24654946227169602,-0.24654946227169602,0.5751612695042233,1.0196129531898641,0.8178829326920164,0.43603305210041682,0.26177742681804694
0.10000000000000001,0,47.400000000000006,-0.24662370666928365,-0.24662370666928365,0.57518578155760902,1.0195541242617383,0.81788168477320511,0.43600607941073882,0.26175767728197846
0.10000000000000001,0,47.450000000000003,-0.24669725627337277,-0.24669725627337277,0.57521006422243637,1.0194958458661527,0.8178804488261292,0.43597935602351778,0.26173811028845617
0.10000000000000001,0,47.5,-0.24677011716545164,-0.24677011716545164,0.57523411950653036,1.0194381131843271,0.81787922474039743,0.43595287980832637,0.26171872428144427
0.10000000000000001,0,47.550000000000004,-0.24684229538187502,-0.24684229538187502,0.57525794940281538,1.019380921433243,0.81787801240681324,0.43592664865218195,0.26169951771614275
0.10000000000000001,0,47.600000000000001,-0.2469137969140402,-0.2469137969140402,0.57528155588937246,1.019324265865506,0.81787681171782545,0.43590066046278197,0.26168048905950336
0.10000000000000001,0,47.650000000000006,-0.24698462770856455,-0.24698462770856455,0.57530494092949869,1.0192681417692031,0.81787562256773072,0.43587491316976273,0.26166163679040016
0.10000000000000001,0,47.700000000000003,-0.24705479366746635,-0.24705479366746635,0.57532810647176635,1.0192125444677607,0.81787444485242677,0.43584940472259187,0.26164295939922783
0.10000000000000001,0,47.75,-0.24712430064834837,-0.24712430064834837,0.57535105445008417,1.019157469319798,0.81787327846851643,0.4358241330837076,0.26162445538670204
0.10000000000000001,0,47.800000000000004,-0.24719315446458351,-0.24719315446458351,0.57537378678375783,1.0191029117189812,0.817872123311565,0.43579909621551643,0.26160612326163368
0.10000000000000001,0,47.850000000000001,-0.24726136088550343,-0.24726136088550343,0.57539630537755293,1.0190488670938729,0.81787097927352315,0.43577429206151252,0.26158796153774144
0.10000000000000001,0,47.900000000000006,-0.24732892563658926,-0.24732892563658926,0.57541861212175738,1.0189953309077822,0.81786984625132975,0.4357497186114776,0.2615699687448676
0.10000000000000001,0,47.950000000000003,-0.24739585439966488,-0.24739585439966488,0.57544070889224586,1.0189422986586099,0.81786872414509171,0.43572537388463461,0.26155214342552879
0.10000000000000001,0,48,-0.24746215281309197,-0.24746215281309197,0.57546259755054352,1.0188897658786955,0.81786761285415566,0.43570125590456676,0.26153448413133867
0.10000000000000001,0,48.050000000000004,-0.24752782647196742,-0.24752782647196742,0.57548427994389162,1.0188377281346601,0.81786651227903306,0.43567736271241814,0.26151698942505569
0.10000000000000001,0,48.100000000000001,-0.24759288092832279,-0.24759288092832279,0.57550575790531322,1.0187861810272483,0.8178654223207168,0.43565369235997087,0.26149965787908808
0.10000000000000001,0,48.150000000000006,-0.24765732169132587,-0.24765732169132587,0.57552703325367982,1.0187351201911683,0.81786434288048471,0.4356302429076695,0.26148248807504737
0.10000000000000001,0,48.200000000000003,-0.24772115422748359,-0.24772115422748359,0.5755481077937783,1.0186845412949321,0.81786327386004931,0.43560701242613598,0.26146547860404068
0.10000000000000001,0,48.25,-0.24778438396084723,-0.24778438396084723,0.5755689833163784,1.0186344400406917,0.81786221516190838,0.43558399899971645,0.26144862806739411
0.10000000000000001,0,48.300000000000004,-0.24784701627321912,-0.24784701627321912,0.57558966159830149,1.0185848121640764,0.81786116668975128,0.4355612007306035,0.26143193507749846
0.10000000000000001,0,48.350000000000001,-0.24790905650436135,-0.24790905650436135,0.57561014440248914,1.018535653434026,0.81786012834878008,0.43553861574207631,0.26141539825846805
0.10000000000000001,0,48.400000000000006,-0.24797050995220507,-0.24797050995220507,0.5756304334780723,1.0184869596526265,0.81785910004579854,0.43551624217940049,0.26139901624630513
0.10000000000000001,0,48.450000000000003,-0.24803138187306262,-0.24803138187306262,0.57565053056044113,1.0184387266549413,0.81785808168892649,0.43549407820693092,0.26138278768826001
0.10000000000000001,0,48.5,-0.24809167748183991,-0.24809167748183991,0.57567043737131574,1.0183909503088422,0.81785707318679468,0.43547212199995955,0.26136671124107969
0.10000000000000001,0,48.550000000000004,-0.24815140195225105,-0.24815140195225105,0.57569015561881609,1.0183436265148413,0.81785607444707742,0.4354503717298514,0.26135078556783514
0.10000000000000001,0,48.600000000000001,-0.24821056041703332,-0.24821056041703332,0.57570968699753389,1.0182967512059187,0.81785508537446783,0.43542882554398887,0.26133500933369613
0.10000000000000001,0,48.650000000000006,-0.24826915796816451,-0.24826915796816451,0.5757290331886038,1.0182503203473507,0.81785410587837837,0.43540748164675525,0.26131938122334591
0.10000000000000001,0,48.700000000000003,-0.24832719965708039,-0.24832719965708039,0.57574819585977532,1.0182043299365391,0.81785313587114439,0.43538633826417833,0.2613038999316814
0.10000000000000001,0,48.75,-0.24838469049489367,-0.24838469049489367,0.57576717666063904,1.0181587760144664,0.817852175263863,0.43536539362957538,0.26128856416361063
0.10000000000000001,0,48.800000000000004,-0.24844163545261441,-0.24844163545261441,0.57578597721360558,1.0181136546873466,0.81785122396824228,0.43534464599509926,0.26127337263568096
0.10000000000000001,0,48.850000000000001,-0.24849803946137028,-0.24849803946137028,0.57580459917060733,1.0180689619905423,0.81785028189663322,0.435324093621343,0.26125832407273242
0.10000000000000001,0,48.900000000000006,-0.24855390741262928,-0.24855390741262928,0.57582304414657759,1.0180246940482138,0.81784934896209416,0.43530373477399548,0.26124341720677052
0.10000000000000001,0,48.950000000000003,-0.24860924415842162,-0.24860924415842162,0.57584131374342873,1.017980847015771,0.81784842507847078,0.43528356772557109,0.26122865077744284
0.10000000000000001,0,49,-0.2486640545115637,-0.2486640545115637,0.57585940955012727,1.0179374170796944,0.81784751016047319,0.43526359076023641,0.26121402353349926
0.10000000000000001,0,49.050000000000004,-0.24871834324588221,-0.24871834324588221,0.57587733314276646,1.0178944004573605,0.81784660412373622,0.43524380217975672,0.26119953423462028
0.10000000000000001,0,49.100000000000001,-0.24877211509643904,-0.24877211509643904,0.57589508608464168,1.0178517933968598,0.81784570688484448,0.43522420030858583,0.26118518165299448
0.10000000000000001,0,49.150000000000006,-0.24882537475975669,-0.24882537475975669,0.57591266992632439,1.0178095921768213,0.81784481836130463,0.43520478349612141,0.26117096457402811
0.10000000000000001,0,49.200000000000003,-0.24887812689404465,-0.24887812689404465,0.5759300862057366,1.0177677931062321,0.81784393847145176,0.43518555011414983,0.26115688179556862
0.10000000000000001,0,49.25,-0.24893037611942562,-0.24893037611942562,0.57594733644822615,1.0177263925242572,0.81784306713426724,0.43516649854750267,0.26114293212502532
0.10000000000000001,0,49.300000000000004,-0.2489821270181628,-0.2489821270181628,0.57596442216664123,1.017685386800061,0.81784220426909793,0.43514762717594802,0.26112911437376812
0.10000000000000001,0,49.350000000000001,-0.24903338413488754,-0.24903338413488754,0.57598134486140595,1.0176447723326256,0.81784134979525414,0.43512893434534017,0.26111542734818854
0.10000000000000001,0,49.400000000000006,-0.24908415197682693,-0.24908415197682693,0.5759981060205952,1.0176045455505716,0.81784050363291516,0.43511041840560205,0.2611018698609443
0.10000000000000001,0,49.450000000000003,-0.2491344350140321,-0.2491344350140321,0.57601470712001013,1.0175647029119756,0.81783966570389632,0.43509207781249493,0.26108844076307425
0.10000000000000001,0,49.5,-0.24918423767960662,-0.24918423767960662,0.5760311496232533,1.0175252409041919,0.81783883593011375,0.43507391099007398,0.26107513890117029
0.10000000000000001,0,49.550000000000004,-0.24923356436993532,-0.24923356436993532,0.576047434981805,1.0174861560436679,0.81783801423491265,0.43505591638120011,0.26106196313219376
0.10000000000000001,0,49.600000000000001,-0.24928241944491325,-0.24928241944491325,0.57606356463509789,1.0174474448757651,0.81783720054222309,0.43503809244017788,0.26104891232201127
0.10000000000000001,0,49.650000000000006,-0.24933080722817427,-0.24933080722817427,0.57607954001059281,1.0174091039745772,0.81783639477616399,0.43502043762872883,0.26103598534450306
0.10000000000000001,0,49.700000000000003,-0.24937873200732091,-0.24937873200732091,0.57609536252385518,1.0173711299427475,0.81783559686101737,0.43500295041570952,0.26102318108146494
0.10000000000000001,0,49.75,-0.24942619803415284,-0.24942619803415284,0.57611103357862958,1.0173335194112889,0.81783480672145126,0.43498562927937406,0.26101049842304913
0.10000000000000001,0,49.800000000000004,-0.24947320952489654,-0.24947320952489654,0.57612655456691619,1.0172962690394012,0.81783402428287977,0.43496847271098116,0.26099793626849105
0.10000000000000001,0,49.850000000000001,-0.24951977066043446,-0.24951977066043446,0.57614192686904619,1.0172593755142891,0.81783324947183444,0.43495147921854505,0.26098549352686717
0.10000000000000001,0,49.900000000000006,-0.24956588558653409,-0.24956588558653409,0.5761571518537576,1.0172228355509818,0.81783248221623184,0.43493464732953058,0.26097316911762974
0.10000000000000001,0,49.950000000000003,-0.2496115584140769,-0.2496115584140769,0.57617223087827041,1.017186645892151,0.81783172244541968,0.43491797559129264,0.26096096197066493
0.10000000000000001,0,50,-0.24965679321928769,-0.24965679321928769,0.57618716528836289,1.0171508033079291,0.8178309700898807,0.43490146256805851,0.26094887102561964
0.10000000000000001,0,50.050000000000004,-0.24970159404396297,-0.24970159404396297,0.57620195641844651,1.0171153045957284,0.81783022508047698,0.43488510683325454,0.26093689523024366
0.10000000000000001,0,50.100000000000001,-0.24974596489569981,-0.24974596489569981,0.57621660559164178,1.0170801465800596,0.81782948734711691,0.43486890695597596,0.26092503353749175
0.10000000000000001,0,50.150000000000006,-0.24978990974812393,-0.24978990974812393,0.57623111411985362,1.0170453261123513,0.81782875681672385,0.43485286148039981,0.26091328490113347
0.10000000000000001,0,50.200000000000003,-0.24983343254111817,-0.24983343254111817,0.57624548330384628,1.0170108400707689,0.81782803341840293,0.43483696897808655,0.26090164828678336
0.10000000000000001,0,50.25,-0.24987653718104999,-0.24987653718104999,0.57625971443331903,1.0169766853600344,0.81782731708680689,0.43482122808208679,0.26089012267904665
0.10000000000000001,0,50.300000000000004,-0.24991922754099916,-0.24991922754099916,0.57627380878698109,1.0169428589112453,0.81782660775438931,0.43480563740842315,0.26087870706489691
0.10000000000000001,0,50.350000000000001,-0.24996150746098453,-0.24996150746098453,0.57628776763262646,1.0169093576816965,0.81782590535479449,0.434790195590402,0.26086740044091494
0.10000000000000001,0,50.400000000000006,-0.25000338074819151,-0.25000338074819151,0.57630159222720923,1.0168761786546978,0.81782520982212703,0.43477490127118695,0.26085620181167474
0.10000000000000001,0,50.450000000000003,-0.2500448511771976,-0.2500448511771976,0.57631528381691766,1.0168433188393975,0.81782452109063808,0.43475975310060544,0.26084511018902706
0.10000000000000001,0,50.5,-0.25008592249019879,-0.25008592249019879,0.57632884363724934,1.0168107752706015,0.81782383909472744,0.43474474973515165,0.26083412459206035
0.10000000000000001,0,50.550000000000004,-0.25012659839723489,-0.25012659839723489,0.57634227291308526,1.0167785450085953,0.81782316376915831,0.43472988984013755,0.26082324404751805
0.10000000000000001,0,50.600000000000001,-0.2501668825764144,-0.2501668825764144,0.57635557285876426,1.0167466251389656,0.81782249504938032,0.43471517209294142,0.26081246759044846
0.10000000000000001,0,50.650000000000006,-0.2502067786741391,-0.2502067786741391,0.57636874467815713,1.0167150127724229,0.81782183287185672,0.43470059518630605,0.26080179426486644
0.10000000000000001,0,50.700000000000003,-0.25024629030532775,-0.25024629030532775,0.57638178956474051,1.0166837050446227,0.81782117717429426,0.43468615783063563,0.26079122312420333
0.10000000000000001,0,50.75,-0.25028542105363955,-0.25028542105363955,0.57639470870167031,1.0166526991159912,0.8178205278956695,0.43467185875424347,0.26078075323132377
0.10000000000000001,0,50.800000000000004,-0.25032417447169708,-0.25032417447169708,0.57640750326185597,1.0166219921715456,0.8178198849759506,0.43465769670049992,0.26077038365788652
0.10000000000000001,0,50.850000000000001,-0.25036255408130775,-0.25036255408130775,0.57642017440803295,1.0165915814207209,0.81781924835540754,0.43464367042083224,0.26076011348282729
0.10000000000000001,0,50.900000000000006,-0.25040056337368632,-0.25040056337368632,0.57643272329283668,1.0165614640971918,0.81781861797341149,0.43462977866252595,0.26074994178974154
0.10000000000000001,0,50.950000000000003,-0.25043820580967491,-0.25043820580967491,0.57644515105887462,1.0165316374587008,0.81781799376661568,0.43461602015027972,0.26073986766294399
0.10000000000000001,0,51,-0.25047548481996351,-0.25047548481996351,0.57645745883879973,1.0165020987868807,0.8178173756738909,0.43460239363345254,0.26072989019723869
0.10000000000000001,0,51.050000000000004,-0.25051240380530959,-0.25051240380530959,0.57646964774913179,1.0164728454020837,0.81781676363857436,0.43458889791914057,0.26072000850559623
0.10000000000000001,0,51.100000000000001,-0.25054896613675648,-0.25054896613675648,0.57648171889690758,1.0164438746474218,0.81781615760186621,0.43457553179825448,0.2607102217029042
0.10000000000000001,0,51.150000000000006,-0.25058517515585205,-0.25058517515585205,0.57649367339770174,1.0164151838455158,0.81781555750637402,0.43456229407595032,0.26070052891205686
0.10000000000000001,0,51.200000000000003,-0.2506210341748652,-0.2506210341748652,0.57650551234506831,1.0163867703718361,0.81781496329525527,0.43454918356619199,0.26069092926306719
0.10000000000000001,0,51.25,-0.25065654647700308,-0.25065654647700308,0.57651723682296674,1.0163586316248798,0.81781437491181441,0.43453619908946778,0.26068142189269805
0.10000000000000001,0,51.300000000000004,-0.25069171531662643,-0.25069171531662643,0.57652884790583248,1.0163307650260021,0.81781379229944728,0.43452333947288418,0.26067200594448309
0.10000000000000001,0,51.350000000000001,-0.25072654391946492,-0.25072654391946492,0.57654034665864851,1.0163031680192436,0.8178132154018225,0.43451060355184684,0.26066268056900294
0.10000000000000001,0,51.400000000000006,-0.2507610354828308,-0.2507610354828308,0.57655173413701566,1.0162758380711623,0.81781264416319177,0.43449799017253993,0.26065344492428527
0.10000000000000001,0,51.450000000000003,-0.25079519317583243,-0.25079519317583243,0.57656301138722332,1.0162487726706639,0.81781207852872073,0.43448549819441362,0.26064429817619472
0.10000000000000001,0,51.5,-0.25082902013958708,-0.25082902013958708,0.57657417944631939,1.0162219693288335,0.81781151844472888,0.43447312649189102,0.26063523949867967
0.10000000000000001,0,51.550000000000004,-0.25086251948743177,-0.25086251948743177,0.57658523934217998,1.016195425578768,0.81781096385873331,0.43446087395450395,0.26062626807374378
0.10000000000000001,0,51.600000000000001,-0.25089569430513486,-0.25089569430513486,0.5765961920935796,1.0161691389754088,0.81781041471918436,0.4344487394846695,0.26061738309100829
0.10000000000000001,0,51.650000000000006,-0.25092854765110506,-0.25092854765110506,0.57660703871025965,1.0161431070953768,0.81780987097478575,0.43443672199231659,0.26060858374673279
0.10000000000000001,0,51.700000000000003,-0.25096108255660127,-0.25096108255660127,0.57661778019299803,1.0161173275368047,0.81780933257328869,0.43442482038557345,0.26059986924216105
0.10000000000000001,0,51.75,-0.25099330202593961,-0.25099330202593961,0.57662841753367766,1.0160917979191735,0.81780879945965335,0.43441303355672717,0.26059123878105928
0.10000000000000001,0,51.800000000000004,-0.25102520903670161,-0.25102520903670161,0.57663895171535451,1.0160665158831492,0.81780827158072367,0.43440136041907806,0.26058269157622044
0.10000000000000001,0,51.850000000000001,-0.25105680653993928,-0.25105680653993928,0.57664938371232599,1.0160414790904175,0.81780774888843266,0.43438979992953874,0.26057422685300458
0.10000000000000001,0,51.900000000000006,-0.25108809746038135,-0.25108809746038135,0.57665971449019893,1.0160166852235226,0.81780723133253774,0.43437835103447708,0.26056584384019194
0.10000000000000001,0,51.950000000000003,-0.25111908469663696,-0.25111908469663696,0.57666994500595659,1.0159921319857041,0.81780671886369638,0.43436701269381212,0.26055754177422313
0.10000000000000001,0,52,-0.25114977112139897,-0.25114977112139897,0.57668007620802586,1.0159678171007378,0.81780621143292298,0.43435578387548635,0.26054931989798785
0.10000000000000001,0,52.050000000000004,-0.25118015958164674,-0.25118015958164674,0.57669010903634421,1.0159437383127738,0.81780570899135618,0.43434466355307977,0.26054117746028188
0.10000000000000001,0,52.100000000000001,-0.25121025289884696,-0.25121025289884696,0.57670004442242639,1.0159198933861766,0.81780521149025953,0.43433365070579816,0.26053311371576737
0.10000000000000001,0,52.150000000000006,-0.25124005386915449,-0.25124005386915449,0.57670988328942985,1.0158962801053684,0.81780471888118078,0.4343227443200548,0.26052512792527266
0.10000000000000001,0,52.200000000000003,-0.25126956526361133,-0.25126956526361133,0.57671962655222131,1.0158728962746688,0.81780423111619105,0.43431194339186846,0.26051721935626482
0.10000000000000001,0,52.25,-0.25129878982834525,-0.25129878982834525,0.57672927511744199,1.0158497397181392,0.81780374814812673,0.43430124692929722,0.26050938728333173
0.10000000000000001,0,52.300000000000004,-0.25132773028476707,-0.25132773028476707,0.57673882988357261,1.0158268082794257,0.81780326993076102,0.4342906539541303,0.26050163098850637
0.10000000000000001,0,52.350000000000001,-0.25135638932976684,-0.25135638932976684,0.57674829174099829,1.015804099821604,0.8178027964188217,0.43428016350205834,0.26049394976126972
0.10000000000000001,0,52.400000000000006,-0.25138476963590939,-0.25138476963590939,0.57675766157207342,1.0157816122270238,0.81780232756778426,0.43426977462054356,0.26048634289806616
0.10000000000000001,0,52.450000000000003,-0.25141287385162836,-0.25141287385162836,0.57676694025118491,1.0157593433971561,0.81780186333336091,0.43425948636361039,0.26047880970116666
0.10000000000000001,0,52.5,-0.25144070460141971,-0.25144070460141971,0.57677612864481698,1.0157372912524392,0.81780140367060783,0.43424929778277849,0.26047134947671446
0.10000000000000001,0,52.550000000000004,-0.25146826448603343,-0.25146826448603343,0.57678522761161399,1.0157154537321265,0.81780094853257479,0.43423920791335796,0.26046396153178758
0.10000000000000001,0,52.600000000000001,-0.25149555608266511,-0.25149555608266511,0.57679423800244356,1.0156938287941355,0.81780049787381015,0.43422921580992141,0.26045664518188333
0.10000000000000001,0,52.650000000000006,-0.25152258194514571,-0.25152258194514571,0.57680316066045956,1.015672414414897,0.81780005165262781,0.43421932056927032,0.26044939975573161
0.10000000000000001,0,52.700000000000003,-0.25154934460413075,-0.25154934460413075,0.57681199642116454,1.0156512085892051,0.817799609825825,0.43420952127688123,0.26044222458392924
0.10000000000000001,0,52.75,-0.25157584656728815,-0.25157584656728815,0.57682074611247147,1.0156302093300684,0.81779917235097799,0.43419981703012295,0.26043511900383692
0.10000000000000001,0,52.800000000000004,-0.25160209031948499,-0.25160209031948499,0.57682941055476544,1.0156094146685628,0.81779873918597523,0.43419020693350052,0.26042808235853482
0.10000000000000001,0,52.850000000000001,-0.25162807832297357,-0.25162807832297357,0.57683799056096563,1.0155888226536824,0.817798310288816,0.43418069009660004,0.26042111399635137
0.10000000000000001,0,52.900000000000006,-0.25165381301757572,-0.25165381301757572,0.57684648693658536,1.0155684313521951,0.81779788561761191,0.43417126563407288,0.26041421327082592
0.10000000000000001,0,52.950000000000003,-0.25167929682086709,-0.25167929682086709,0.57685490047979349,1.0155482388484955,0.81779746513072349,0.43416193266699099,0.26040737954096255
0.10000000000000001,0,53,-0.25170453212835864,-0.25170453212835864,0.57686323198147416,1.0155282432444619,0.81779704878696458,0.43415269032490289,0.26040061217163341
0.10000000000000001,0,53.050000000000004,-0.25172952131367915,-0.25172952131367915,0.57687148222528684,1.0155084426593115,0.81779663654581225,0.43414353774792114,0.26039391053398947
0.10000000000000001,0,53.100000000000001,-0.25175426672875506,-0.25175426672875506,0.57687965198772628,1.0154888352294569,0.8177962283675515,0.43413447408817174,0.26038727400573602
0.10000000000000001,0,53.150000000000006,-0.2517787707039898,-0.2517787707039898,0.57688774203818116,1.0154694191083651,0.81779582421329233,0.43412549850993593,0.26038070197113206
0.10000000000000001,0,53.200000000000003,-0.2518030355484418,-0.2518030355484418,0.57689575313899288,1.015450192466417,0.81779542404479155,0.43411661018781517,0.2603741938205702
0.10000000000000001,0,53.25,-0.25182706355000206,-0.25182706355000206,0.57690368604551479,1.0154311534907645,0.81779502782401214,0.43410780830224927,0.2603677489495958
0.10000000000000001,0,53.300000000000004,-0.2518508569755698,-0.2518508569755698,0.5769115415061693,1.0154123003851936,0.81779463551235743,0.43409909203171815,0.26036136675722327
0.10000000000000001,0,53.350000000000001,-0.25187441807122707,-0.25187441807122707,0.57691932026250636,1.0153936313699847,0.81779424706951009,0.43409046054095884,0.2603550466434067
0.10000000000000001,0,53.400000000000006,-0.25189774906241313,-0.25189774906241313,0.57692702304926025,1.0153751446817754,0.81779386245644281,0.43408191301144722,0.26034878801547301
0.10000000000000001,0,53.450000000000003,-0.25192085215409676,-0.25192085215409676,0.57693465059440718,1.0153568385734226,0.81779348163736898,0.43407344866114245,0.26034259029225937
0.10000000000000001,0,53.5,-0.25194372953094796,-0.25194372953094796,0.57694220361922166,1.0153387113138679,0.81779310457520171,0.43406506669844436,0.2603364528943351
0.10000000000000001,0,53.550000000000004,-0.25196638335750832,-0.25196638335750832,0.57694968283833248,1.015320761188002,0.81779273123352569,0.43405676634214319,0.26033037524820951
0.10000000000000001,0,53.600000000000001,-0.25198881577836074,-0.25198881577836074,0.57695708895977937,1.0153029864965295,0.81779236157619706,0.43404854681733335,0.26032435678543175
0.10000000000000001,0,53.650000000000006,-0.25201102891829702,-0.25201102891829702,0.57696442268506776,1.0152853855558372,0.8177919955671703,0.4340404073536448,0.26031839694218384
0.10000000000000001,0,53.700000000000003,-0.25203302488248569,-0.25203302488248569,0.57697168470922444,1.0152679566978613,0.8177916331704993,0.43403234718522632,0.26031249515924537
0.10000000000000001,0,53.75,-0.25205480575663802,-0.25205480575663802,0.57697887572085238,1.0152506982699543,0.81779127435045484,0.43402436555190499,0.26030665088220906
0.10000000000000001,0,53.800000000000004,-0.25207637360717261,-0.25207637360717261,0.57698599640218484,1.0152336086347564,0.81779091907169965,0.43401646170094754,0.26030086356182458
0.10000000000000001,0,53.850000000000001,-0.25209773048137973,-0.25209773048137973,0.57699304742914026,1.0152166861700633,0.8177905672994682,0.434008634888849,0.26029513265434856
0.10000000000000001,0,53.900000000000006,-0.25211887840758351,-0.25211887840758351,0.57700002947137474,1.0151999292687006,0.81779021899969206,0.43400088438257334,0.2602894576217788
0.10000000000000001,0,53.950000000000003,-0.25213981939530428,-0.25213981939530428,0.57700694319233692,1.0151833363383913,0.81778987413901294,0.43399320945967196,0.26028383793185117
0.10000000000000001,0,54,-0.25216055543541888,-0.25216055543541888,0.57701378924931956,1.015166905801633,0.81778953268463039,0.43398560940670478,0.26027827305767653
0.10000000000000001,0,54.050000000000004,-0.25218108850031995,-0.25218108850031995,0.57702056829351345,1.0151506360955678,0.81778919460392363,0.43397808351538963,0.26027276247689574
0.10000000000000001,0,54.100000000000001,-0.25220142054407441,-0.25220142054407441,0.57702728097005873,1.0151345256718589,0.81778885986379379,0.43397063107590461,0.26026730567023132
0.10000000000000001,0,54.150000000000006,-0.25222155350258124,-0.25222155350258124,0.57703392791809738,1.0151185729965662,0.81778852842966698,0.43396325136676933,0.26026190211931305
0.10000000000000001,0,54.200000000000003,-0.25224148929372686,-0.25224148929372686,0.57704050977082455,1.0151027765500211,0.81778820026807908,0.43395594368100787,0.26025655131219988
0.10000000000000001,0,54.25,-0.2522612298175409,-0.2522612298175409,0.5770470271555399,1.0150871348267041,0.81778787534835018,0.43394870734310076,0.26025125274693295
0.10000000000000001,0,54.300000000000004,-0.25228077695635015,-0.25228077695635015,0.57705348069369844,1.0150716463351237,0.8177875536386856,0.43394154166945081,0.26024600592313396
0.10000000000000001,0,54.350000000000001,-0.25230013257493122,-0.25230013257493122,0.57705987100096112,1.0150563095976932,0.81778723510786966,0.4339344459855049,0.26024081034561658
0.10000000000000001,0,54.400000000000006,-0.25231929852066265,-0.25231929852066265,0.57706619868724451,1.0150411231506131,0.81778691972492112,0.43392741962224685,0.26023566552361244
0.10000000000000001,0,54.450000000000003,-0.25233827662367581,-0.25233827662367581,0.57707246435677129,1.015026085543749,0.81778660745894505,0.43392046191467842,0.26023057097041957
0.10000000000000001,0,54.5,-0.25235706869700425,-0.25235706869700425,0.57707866860811907,1.0150111953405141,0.81778629827913452,0.43391357220180166,0.26022552620337025
0.10000000000000001,0,54.550000000000004,-0.25237567653673276,-0.25237567653673276,0.57708481203427009,1.0149964511177518,0.8177859921548698,0.43390674982761085,0.26022053074401424
0.10000000000000001,0,54.600000000000001,-0.25239410192214456,-0.25239410192214456,0.57709089522265899,1.0149818514656184,0.81778568905586968,0.43389999414259994,0.26021558411841111
0.10000000000000001,0,54.650000000000006,-0.25241234661586831,-0.25241234661586831,0.5770969187552224,1.0149673949874662,0.8177853889523452,0.43389330450529379,0.26021068585742912
0.10000000000000001,0,54.700000000000003,-0.25243041236402297,-0.25243041236402297,0.57710288320844583,1.01495308029973,0.81778509181510628,0.43388668028330935,0.26020583549694393
0.10000000000000001,0,54.75,-0.25244830089636272,-0.25244830089636272,0.57710878915341202,1.014938906031811,0.81778479761557432,0.43388012085345484,0.26020103257783422
0.10000000000000001,0,54.800000000000004,-0.25246601392641993,-0.25246601392641993,0.57711463715584832,1.0149248708259639,0.81778450632565025,0.43387362560037329,0.26019627664566825
0.10000000000000001,0,54.850000000000001,-0.25248355315164761,-0.25248355315164761,0.57712042777617301,1.0149109733371848,0.81778421791739098,0.43386719391323814,0.26019156724997755
0.10000000000000001,0,54.900000000000006,-0.25250092025356052,-0.25250092025356052,0.57712616156954266,1.0148972122330975,0.81778393236244462,0.43386082518000751,0.26018690394301253
0.10000000000000001,0,54.950000000000003,-0.2525181168978754,-0.2525181168978754,0.57713183908589771,1.0148835861938454,0.81778364963119621,0.43385451877874498,0.26018228627787565
0.10000000000000001,0,55,-0.25253514473465039,-0.25253514473465039,0.57713746087000939,1.0148700939119775,0.81778336969499188,0.43384827410005894,0.26017771381325633
0.10000000000000001,0,55.050000000000004,-0.2525520053984226,-0.2525520053984226,0.57714302746152413,1.014856734092342,0.81778309252754888,0.43384209056161599,0.26017318611647716
0.10000000000000001,0,55.100000000000001,-0.25256870050834546,-0.25256870050834546,0.57714853939500965,1.0148435054519769,0.81778281810163511,0.43383596757425286,0.26016870275628523
0.10000000000000001,0,55.150000000000006,-0.25258523166832469,-0.25258523166832469,0.5771539971999996,1.0148304067200009,0.81778254639052717,0.43382990455667791,0.2601642633059551
0.10000000000000001,0,55.200000000000003,-0.25260160046715369,-0.25260160046715369,0.57715940140103805,1.0148174366375087,0.81778227736769771,0.43382390093246065,0.26015986734262753
0.10000000000000001,0,55.25,-0.25261780847864662,-0.25261780847864662,0.57716475251772403,1.0148045939574624,0.81778201100667924,0.43381795612872143,0.26015551444700707
0.10000000000000001,0,55.300000000000004,-0.25263385726177245,-0.25263385726177245,0.57717005106025754,1.0147918774553819,0.81778174728106001,0.43381206957610779,0.26015120420333121
0.10000000000000001,0,55.350000000000001,-0.2526497483607858,-0.2526497483607858,0.57717529753940411,1.0147792859054301,0.81778148616457125,0.43380624070963447,0.26014693619952117
0.10000000000000001,0,55.400000000000006,-0.2526654833053591,-0.2526654833053591,0.57718049246383996,1.0147668180867842,0.81778122763122052,0.43380046896996605,0.26014271002742656
0.10000000000000001,0,55.450000000000003,-0.2526810636107113,-0.2526810636107113,0.5771856363338177,1.0147544727988376,0.81778097165543295,0.4337947538047216,0.26013852528307446
0.10000000000000001,0,55.5,-0.25269649077773765,-0.25269649077773765,0.57719072964486096,1.0147422488523337,0.81778071821215281,0.43378909466937837,0.26013438156683394
0.10000000000000001,0,55.550000000000004,-0.25271176629313724,-0.25271176629313724,0.57719577288780655,1.0147301450692643,0.81778046727686682,0.43378349102735447,0.26013027848340781
0.10000000000000001,0,55.600000000000001,-0.25272689162954004,-0.25272689162954004,0.57720076654884633,1.0147181602827688,0.81778021882550345,0.43377794234884837,0.26012621564156191
0.10000000000000001,0,55.650000000000006,-0.25274186824563283,-0.25274186824563283,0.57720571110956875,1.014706293337035,0.81777997283416914,0.43377244810801419,0.26012219265350356
0.10000000000000001,0,55.700000000000003,-0.25275669758628438,-0.25275669758628438,0.57721060704700022,1.0146945430871994,0.81777972927867448,0.4337670077780505,0.26011820913382044
0.10000000000000001,0,55.75,-0.25277138108266878,-0.25277138108266878,0.57721545483364567,1.0146829083992503,0.81777948813381218,0.43376162082378267,0.2601142646978904
0.10000000000000001,0,55.800000000000004,-0.25278592015238932,-0.25278592015238932,0.57722025493753004,1.0146713881499279,0.8177792493750986,0.43375628672074712,0.26011035896590395
0.10000000000000001,0,55.850000000000001,-0.25280031619959997,-0.25280031619959997,0.5772250078222374,1.0146599812266301,0.81777901297997191,0.43375100496768315,0.26010649156548976
0.10000000000000001,0,55.900000000000006,-0.25281457061512663,-0.25281457061512663,0.57722971394695188,1.0146486865273154,0.8177787789251455,0.43374577505766421,0.26010266212558647
0.10000000000000001,0,55.950000000000003,-0.25282868477658704,-0.25282868477658704,0.57723437376649689,1.0146375029604073,0.81777854718775878,0.4337405964905548,0.26009887027905665
0.10000000000000001,0,56,-0.25284266004851053,-0.25284266004851053,0.5772389877313745,1.0146264294447012,0.81777831774512544,0.43373546877043534,0.26009511566211602
0.10000000000000001,0,56.050000000000004,-0.25285649778245545,-0.25285649778245545,0.57724355628780455,1.0146154649092691,0.81777809057462458,0.43373039140448427,0.26009139791407293
0.10000000000000001,0,56.100000000000001,-0.2528701993171269,-0.2528701993171269,0.57724807987776328,1.0146046082933682,0.81777786565370125,0.43372536390296196,0.26008771667730263
0.10000000000000001,0,56.150000000000006,-0.2528837659784931,-0.2528837659784931,0.57725255893902183,1.0145938585463476,0.81777764295993982,0.43372038577993466,0.26008407159737884
0.10000000000000001,0,56.200000000000003,-0.25289719907990066,-0.25289719907990066,0.57725699390518437,1.0145832146275575,0.81777742247117458,0.43371545655437699,0.26008046232328647
0.10000000000000001,0,56.25,-0.25291049992218873,-0.25291049992218873,0.57726138520572545,1.014572675506259,0.81777720416560273,0.43371057575129146,0.26007688850763799
0.10000000000000001,0,56.300000000000004,-0.25292366979380343,-0.25292366979380343,0.57726573326602837,1.014562240161532,0.81777698802186183,0.43370574290248382,0.26007334980681757
0.10000000000000001,0,56.350000000000001,-0.25293670997090922,-0.25293670997090922,0.57727003850742142,1.0145519075821885,0.81777677401903948,0.43370095754663252,0.26006984588097515
0.10000000000000001,0,56.400000000000006,-0.2529496217175019,-0.2529496217175019,0.57727430134721547,1.0145416767666828,0.8177765621365769,0.43369621922829099,0.26006637639379465
0.10000000000000001,0,56.450000000000003,-0.25296240628551825,-0.25296240628551825,0.57727852219873987,1.0145315467230243,0.81777635235403034,0.43369152749546136,0.26006294101195859
0.10000000000000001,0,56.5,-0.25297506491494687,-0.25297506491494687,0.57728270147137961,1.0145215164686889,0.8177761446506584,0.43368688189537768,0.2600595394042331
0.10000000000000001,0,56.550000000000004,-0.25298759883393657,-0.25298759883393657,0.57728683957061044,1.0145115850305348,0.81777593900479384,0.43368228196813796,0.26005617124009589
0.10000000000000001,0,56.600000000000001,-0.25300000925890465,-0.25300000925890465,0.57729093689803512,1.0145017514447157,0.81777573539546988,0.43367772726315051,0.2600528361932084
0.10000000000000001,0,56.650000000000006,-0.25301229739464426,-0.25301229739464426,0.57729499385141847,1.0144920147565957,0.81777553380347356,0.4336732173497983,0.26004953394365038
0.10000000000000001,0,56.700000000000003,-0.25302446443443044,-0.25302446443443044,0.5772990108247229,1.014482374020665,0.81777533420889226,0.43366875179256442,0.26004626417262716
0.10000000000000001,0,56.75,-0.25303651156012574,-0.25303651156012574,0.57730298820814263,1.0144728283004576,0.81777513659217915,0.43366433016179395,0.26004302656473921
0.10000000000000001,0,56.800000000000004,-0.25304843994228488,-0.25304843994228488,0.57730692638813874,1.014463376668467,0.81777494093393721,0.43365995203148916,0.26003982080749305
0.10000000000000001,0,56.850000000000001,-0.25306025074025851,-0.25306025074025851,0.57731082574747317,1.0144540182060644,0.81777474721482568,0.43365561697835264,0.26003664659107761
0.10000000000000001,0,56.900000000000006,-0.25307194510229536,-0.25307194510229536,0.57731468666524277,1.0144447520034172,0.81777455541556099,0.43365132458177214,0.26003350360834121
0.10000000000000001,0,56.950000000000003,-0.25308352416564539,-0.25308352416564539,0.57731850951691288,1.0144355771594091,0.81777436551697946,0.43364707442443889,0.26003039155490337
0.10000000000000001,0,57,-0.25309498905666006,-0.25309498905666006,0.57732229467435081,1.0144264927815581,0.81777417750013204,0.43364286609328989,0.26002731012933633
0.10000000000000001,0,57.050000000000004,-0.2531063408908929,-0.2531063408908929,0.57732604250585873,1.0144174979859391,0.81777399134637985,0.43363869918046455,0.26002425903334919
0.10000000000000001,0,57.100000000000001,-0.25311758077319901,-0.25311758077319901,0.57732975337620696,1.0144085918971033,0.81777380703746227,0.43363457328396704,0.26002123797191073
0.10000000000000001,0,57.150000000000006,-0.25312870979783375,-0.25312870979783375,0.57733342764666606,1.0143997736480015,0.81777362455550384,0.43363048800772469,0.26001824665324347
0.10000000000000001,0,57.200000000000003,-0.25313972904855009,-0.25313972904855009,0.5773370656750394,1.0143910423799054,0.81777344388293183,0.43362644296073372,0.26001528478862468
0.10000000000000001,0,57.25,-0.25315063959869627,-0.25315063959869627,0.57734066781569515,1.0143823972423316,0.81777326500227276,0.43362243775498216,0.26001235209192758
0.10000000000000001,0,57.300000000000004,-0.25316144251131129,-0.25316144251131129,0.5773442344195977,1.0143738373929654,0.81777308789579883,0.43361847200184173,0.26000944827883737
0.10000000000000001,0,57.350000000000001,-0.25317213883922079,-0.25317213883922079,0.57734776583433967,1.0143653619975848,0.81777291254499118,0.43361454530661914,0.26000657306567682
0.10000000000000001,0,57.400000000000006,-0.25318272962513116,-0.25318272962513116,0.57735126240417278,1.0143569702299853,0.81777273893193014,0.43361065728262421,0.26000372617237627
0.10000000000000001,0,57.450000000000003,-0.2531932159017235,-0.2531932159017235,0.57735472447003877,1.0143486612719068,0.81777256704019674,0.43360680756029468,0.26000090732438647
0.10000000000000001,0,57.5,-0.25320359869174641,-0.25320359869174641,0.5773581523696002,1.0143404343129594,0.81777239685277414,0.43360299576591299,0.25999811624814745
0.10000000000000001,0,57.550000000000004,-0.25321387900810821,-0.25321387900810821,0.57736154643727089,1.0143322885505499,0.81777222835295882,0.43359922153081187,0.25999535267303064
0.10000000000000001,0,57.600000000000001,-0.25322405785396829,-0.25322405785396829,0.57736490700424592,1.0143242231898097,0.81777206152417536,0.43359548448948865,0.25999261633091941
0.10000000000000001,0,57.650000000000006,-0.25323413622282753,-0.25323413622282753,0.57736823439853169,1.0143162374435239,0.81777189634989733,0.43359178427878597,0.2599899069560177
0.10000000000000001,0,57.700000000000003,-0.25324411509861855,-0.25324411509861855,0.57737152894497556,1.0143083305320586,0.81777173281364757,0.43358812053787849,0.25998722428482934
0.10000000000000001,0,57.75,-0.25325399545579402,-0.25325399545579402,0.57737479096529509,1.0143005016832918,0.81777157089905184,0.43358449290880052,0.25998456805625364
0.10000000000000001,0,57.800000000000004,-0.25326377825941526,-0.25326377825941526,0.5773780207781074,1.0142927501325423,0.81777141058991976,0.43358090103725067,0.25998193801173924
0.10000000000000001,0,57.850000000000001,-0.25327346446524002,-0.25327346446524002,0.57738121869895764,1.0142850751225017,0.81777125187032629,0.4335773445734093,0.25997933389544187
0.10000000000000001,0,57.900000000000006,-0.2532830550198088,-0.2532830550198088,0.57738438504034839,1.0142774759031639,0.8177710947246708,0.43357382317250376,0.25997675545432813
0.10000000000000001,0,57.950000000000003,-0.25329255086053093,-0.25329255086053093,0.57738752011176697,1.0142699517317593,0.81777093913768173,0.43357033649485788,0.25997420243817032
0.10000000000000001,0,58,-0.25330195291577001,-0.25330195291577001,0.57739062421971488,1.0142625018726843,0.81777078509434686,0.43356688420516054,0.25997167459937554
0.10000000000000001,0,58.050000000000004,-0.25331126210492805,-0.25331126210492805,0.5773936976677343,1.0142551255974377,0.81777063257973959,0.43356346597068945,0.25996917169259282
0.10000000000000001,0,58.100000000000001,-0.25332047933852969,-0.25332047933852969,0.57739674075643688,1.0142478221845515,0.81777048157871568,0.43356008145822555,0.2599666934740425
0.10000000000000001,0,58.150000000000006,-0.25332960551830486,-0.25332960551830486,0.57739975378353081,1.014240590919526,0.8177703320754548,0.43355673032939379,0.25996423970051102
0.10000000000000001,0,58.200000000000003,-0.25333864153727126,-0.25333864153727126,0.57740273704384748,1.014233431094766,0.81777018405464996,0.43355341225269017,0.2599618101318904
0.10000000000000001,0,58.25,-0.25334758827981607,-0.25334758827981607,0.57740569082936932,1.0142263420095137,0.8177700375022765,0.43355012691128286,0.25995940453281363
0.10000000000000001,0,58.300000000000004,-0.25335644662177653,-0.25335644662177653,0.5774086154292557,1.0142193229697862,0.81776989240380005,0.43354687398481473,0.25995702266877946
0.10000000000000001,0,58.350000000000001,-0.25336521743052048,-0.25336521743052048,0.57741151112986988,1.0142123732883122,0.81776974874495323,0.43354365315727256,0.25995466430781211
0.10000000000000001,0,58.400000000000006,-0.25337390156502543,-0.25337390156502543,0.57741437821480524,1.0142054922844674,0.81776960651157893,0.43354046411537517,0.25995232922010292
0.10000000000000001,0,58.450000000000003,-0.2533824998759579,-0.2533824998759579,0.57741721696491088,1.0141986792842139,0.81776946568956244,0.43353730654787276,0.25995001717784583
0.10000000000000001,0,58.5,-0.25339101320575086,-0.25339101320575086,0.5774200276583179,1.0141919336200369,0.81776932626483101,0.43353418014553452,0.25994772795521975
0.10000000000000001,0,58.550000000000004,-0.25339944238868162,-0.25339944238868162,0.57742281057046463,1.0141852546308849,0.81776918822340039,0.43353108460159939,0.25994546132846952
0.10000000000000001,0,58.600000000000001,-0.25340778825094817,-0.25340778825094817,0.57742556597412198,1.0141786416621072,0.81776905155144353,0.4335280196124629,0.2599432170760369
0.10000000000000001,0,58.650000000000006,-0.25341605161074571,-0.25341605161074571,0.57742829413941898,1.0141720940653944,0.81776891623536085,0.4335249848783751,0.25994099497869533
0.10000000000000001,0,58.700000000000003,-0.25342423327834146,-0.25342423327834146,0.57743099533386677,1.0141656111987196,0.81776878226182981,0.43352198010392318,0.25993879481963783
0.10000000000000001,0,58.75,-0.2534323340561499,-0.2534323340561499,0.57743366982238442,1.0141591924262774,0.81776864961780915,0.43351900499807317,0.25993661638447241
0.10000000000000001,0,58.800000000000004,-0.25344035473880622,-0.25344035473880622,0.57743631786732219,1.0141528371184267,0.81776851829048014,0.43351605927354414,0.25993445946107557
0.10000000000000001,0,58.850000000000001,-0.25344829611324027,-0.25344829611324027,0.57743893972848659,1.0141465446516322,0.81776838826709697,0.43351314264529023,0.25993232383925619
0.10000000000000001,0,58.900000000000006,-0.25345615895874896,-0.25345615895874896,0.57744153566316425,1.0141403144084058,0.81776825953472798,0.43351025482786287,0.25993020931018185
0.10000000000000001,0,58.950000000000003,-0.25346394404706829,-0.25346394404706829,0.57744410592614526,1.0141341457772513,0.81776813207986465,0.43350739553142909,0.25992811566551982
0.10000000000000001,0,59,-0.25347165214244516,-0.25347165214244516,0.57744665076974733,1.0141280381526063,0.8177680058894361,0.43350456447204838,0.25992604269960656
0.10000000000000001,0,59.050000000000004,-0.25347928400170794,-0.25347928400170794,0.57744917044383903,1.0141219909347863,0.81776788095146891,0.4335017613783394,0.25992399021084506
0.10000000000000001,0,59.100000000000001,-0.25348684037433628,-0.25348684037433628,0.57745166519586244,1.0141160035299301,0.81776775725355288,0.43349898597592801,0.25992195799839285
0.10000000000000001,0,59.150000000000006,-0.25349432200253164,-0.25349432200253164,0.57745413527085709,1.014110075349943,0.81776763478350745,0.43349623799417153,0.25991994586357992
0.10000000000000001,0,59.200000000000003,-0.25350172962128481,-0.25350172962128481,0.57745658091148155,1.0141042058124443,0.81776751352924526,0.43349351716478102,0.25991795360960218
0.10000000000000001,0,59.25,-0.25350906395844569,-0.25350906395844569,0.57745900235803704,1.0140983943407111,0.81776739347871641,0.43349082322122245,0.25991598104138075
0.10000000000000001,0,59.300000000000004,-0.25351632573478999,-0.25351632573478999,0.5774613998484891,1.0140926403636261,0.81776727461990595,0.43348815589870593,0.25991402796554625
0.10000000000000001,0,59.350000000000001,-0.25352351566408665,-0.25352351566408665,0.57746377361848999,1.0140869433156239,0.81776715694087587,0.43348551493456988,0.25991209419050781
0.10000000000000001,0,59.400000000000006,-0.25353063445316426,-0.25353063445316426,0.57746612390140084,1.014081302636638,0.81776704042982196,0.43348290006886753,0.25991017952656492
0.10000000000000001,0,59.450000000000003,-0.25353768280197697,-0.25353768280197697,0.57746845092831267,1.0140757177720496,0.81776692507513427,0.43348031104496287,0.25990828378602182
0.10000000000000001,0,59.5,-0.25354466140366994,-0.25354466140366994,0.5774707549280691,1.0140701881726342,0.81776681086544012,0.43347774760994229,0.25990640678326266
0.10000000000000001,0,59.550000000000004,-0.25355157094464353,-0.25355157094464353,0.57747303612728629,1.0140647132945129,0.81776669778960731,0.4334752095146498,0.25990454833474713
0.10000000000000001,0,59.600000000000001,-0.25355841210461838,-0.25355841210461838,0.57747529475037562,1.0140592925990985,0.81776658583669326,0.43347269651315234,0.25990270825888495
0.10000000000000001,0,59.650000000000006,-0.2535651855566976,-0.2535651855566976,0.57747753101956345,1.0140539255530476,0.81776647499581867,0.43347020836144229,0.2599008863757486
0.10000000000000001,0,59.700000000000003,-0.25357189196743107,-0.25357189196743107,0.57747974515491252,1.0140486116282099,0.81776636525594493,0.43346774481518419,0.25989908250658289
0.10000000000000001,0,59.75,-0.25357853199687691,-0.25357853199687691,0.5774819373743425,1.014043350301578,0.81776625660554148,0.43346530562631258,0.25989729647307047
0.10000000000000001,0,59.800000000000004,-0.25358510629866371,-0.25358510629866371,0.57748410789365012,1.0140381410552397,0.81776614903340628,0.43346289055135589,0.25989552809908673
0.10000000000000001,0,59.850000000000001,-0.25359161552005183,-0.25359161552005183,0.57748625692652977,1.0140329833763284,0.81776604252939278,0.43346049935878211,0.25989377721224921
0.10000000000000001,0,59.900000000000006,-0.25359806030199383,-0.25359806030199383,0.57748838468459318,1.0140278767569764,0.81776593708291923,0.43345813181387638,0.25989204364069624
0.10000000000000001,0,59.950000000000003,-0.25360444127919479,-0.25360444127919479,0.57749049137738973,1.0140228206942645,0.81776583268350778,0.43345578768419984,0.25989032721423361
0.10000000000000001,0,60,-0.25361075908017205,-0.25361075908017205,0.57749257721242553,1.0140178146901786,0.81776572932078417,0.43345346673957386,0.2598886277643202
0.10000000000000001,6,0,0,0,0.49375703109374641,1.2149831253750085,0.92414181997875655,0.080000000000000002,0.080000000000000002
0.10000000000000001,6,0.050000000000000003,-6.3178009772806173e-06,0,0.49375703109374641,1.2149831253750085,0.91811125195714705,0.1144058554678519,0.095811452771822778
0.10000000000000001,6,0.10000000000000001,-1.2698778178268845e-05,0,0.49375703109374641,1.2149831253750085,0.91262226821646852,0.14602383125780213,0.11055765739178666
0.10000000000000001,6,0.15000000000000002,-1.9143560120230267e-05,0,0.49375703109374641,1.2149831253750085,0.9076073222793194,0.17509599640781198,0.12431628212517855
0.10000000000000001,6,0.20000000000000001,-2.5652781508290114e-05,0,0.49375703109374641,1.2149831253750085,0.90300815463711348,0.20184041342040643,0.13715828766915436
0.10000000000000001,6,0.25,-3.2227083295114473e-05,0,0.49375703109374641,1.2149831253750085,0.89877485962968151,0.22645402394100048,0.14914866471664423
0.10000000000000001,6,0.30000000000000004,-3.8867112740949212e-05,0,0.49375703109374641,1.2149831253750085,0.8948647806254949,0.24911511513249082,0.1603470735732703
0.10000000000000001,6,0.35000000000000003,-4.5573523474412572e-05,0,0.49375703109374641,1.2149831253750085,0.89124143898927244,0.26998543255498847,0.17080839778392487
0.10000000000000001,6,0.40000000000000002,-5.2346975553688941e-05,0,0.49375703109374641,1.2149831253750085,0.88787357643928244,0.28921199659534269,0.18058322359222276
0.10000000000000001,6,0.45000000000000001,-5.9188135528467263e-05,0,0.49375703109374641,1.2149831253750085,0.88473432837573363,0.30692867286562031,0.18971825724018659
0.10000000000000001,6,0.5,-6.6097676502141457e-05,0,0.49375703109374641,1.2149831253750085,0.88180052620143468,0.32325753574380284,0.19825668917901462
0.10000000000000001,6,0.55000000000000004,-7.307627819509633e-05,0,0.49375703109374641,1.2149831253750085,0.87905211332483268,0.33831005889520355,0.2062385137972686
0.10000000000000001,6,0.60000000000000009,-8.012462700784329e-05,0,0.49375703109374641,1.2149831253750085,0.8764716580572689,0.35218816045105317,0.21370081179156686
0.10000000000000001,6,0.65000000000000002,-8.724341608542461e-05,0,0.49375703109374641,1.2149831253750085,0.87404394971302546,0.36498512347830719,0.22067800009611846
0.10000000000000001,6,0.70000000000000007,-9.4433345382075935e-05,0,0.49375703109374641,1.2149831253750085,0.87175566180598318,0.37678641152817238,0.22720205484329359
0.10000000000000001,6,0.75,-0.00010169512172637737,0,0.49375703109374641,1.2149831253750085,0.86959507285566051,0.38767039222109989,0.23330271028696922
0.10000000000000001,6,0.80000000000000004,-0.00010902945888725658,0,0.49375703109374641,1.2149831253750085,0.86755183138123848,0.39770898441274116,0.23900763830153007
0.10000000000000001,6,0.85000000000000009,-0.00011643707764050118,0,0.49375703109374641,1.2149831253750085,0.86561676143121091,0.4069682351253634,0.24434260927253873
0.10000000000000001,6,0.90000000000000002,-0.00012391870583574734,0,0.49375703109374641,1.2149831253750085,0.86378169774260782,0.41550883895153218,0.24933163838134209
0.10000000000000001,6,0.95000000000000007,-0.00013147507846417319,0,0.49375703109374641,1.2149831253750085,0.8620393481998927,0.42338660369858128,0.25399711768727351
0.10000000000000001,6,1,-0.00013910693772687402,0,0.49375703109374641,1.2149831253750085,0.86038317665045527,0.43065287195794871,0.25835993695677634
0.10000000000000001,6,1.05,-0.00014681503310379895,0,0.49375703109374641,1.2149831253750085,0.85880730406565786,0.43735490123236709,0.26243959356202229
0.10000000000000001,6,1.1000000000000001,-0.00015460012142315429,0,0.49375703109374641,1.2149831253750085,0.85730642486504494,0.44353620783498321,0.26625429287193886
0.10000000000000001,6,1.1500000000000001,-0.00016246296693182328,0,0.49375703109374641,1.2149831253750085,0.85587573488784197,0.44923688000154199,0.26982104065743129
0.10000000000000001,6,1.2000000000000002,-0.00017040434136586253,0,0.49375703109374641,1.2149831253750085,0.85451087049435148,0.45449386071860254,0.27315572740031757
0.10000000000000001,6,1.25,-0.0001784250240221927,0,0.49375703109374641,1.2149831253750085,0.85320785594579907,0.4593412062929394,0.2762732062349274
0.10000000000000001,6,1.3,-0.00018652580183058017,0,0.49375703109374641,1.2149831253750085,0.85196305767632874,0.46381032279620776,0.27918736502000857
0.10000000000000001,6,1.3500000000000001,-0.0001947074694263478,0,0.49375703109374641,1.2149831253750085,0.85077314597959264,0.46793017891023153,0.28191119195967751
0.10000000000000001,6,1.4000000000000001,-0.00020297082922391224,0,0.49375703109374641,1.2149831253750085,0.84963506083985951,0.47172750310651629,0.28445683709277064
0.10000000000000001,6,1.4500000000000002,-0.00021131669149047834,0,0.49375703109374641,1.2149831253750085,0.84854598265421266,0.4752269628501139,0.28683566884501993
0.10000000000000001,6,1.5,-0.00021974587442116506,0,0.49375703109374641,1.2149831253750085,0.84750330689111919,0.47845132762904335,0.28905832616631144
0.10000000000000001,6,1.55,-0.00022825920421411415,0,0.49375703109374641,1.2149831253750085,0.84650462183047193,0.48142161937679762,0.29113476715924647
0.10000000000000001,6,1.6000000000000001,-0.00023685751514655918,0,0.49375703109374641,1.2149831253750085,0.8455476887369282,0.48415725191247494,0.29307431461016442
0.10000000000000001,6,1.6500000000000001,-0.0002455416496515815,0,0.49375703109374641,1.2149831253750085,0.84463042527106835,0.48667615464023312,0.29488569717799895
0.10000000000000001,6,1.7000000000000002,-0.00025431245839551428,0,0.49375703109374641,1.2149831253750085,0.84375089024213479,0.48899488959769571,0.29657708860730331
0.10000000000000001,6,1.75,-0.00026317080035599899,0,0.49375703109374641,1.2149831253750085,0.84290727039713054,0.4911287581719796,0.29815614397470508
0.10000000000000001,6,1.8,-0.0002721175429007962,0,0.49375703109374641,1.2149831253750085,0.84209786874609327,0.49309189847847334,0.29963003327219573
0.10000000000000001,6,1.8500000000000001,-0.00028115356186724248,0,0.49375703109374641,1.2149831253750085,0.84132109425939805,0.49489737455067934,0.30100547260643473
0.10000000000000001,6,1.9000000000000001,-0.00029027974164239794,0,0.49375703109374641,1.2149831253750085,0.8405754526591418,0.49655725953990959,0.30228875354549223
0.10000000000000001,6,1.9500000000000002,-0.00029949697524401814,0,0.49375703109374641,1.2149831253750085,0.83985953811193226,0.49808271351049299,0.30348577076622835
0.10000000000000001,6,2,-0.0003088061644020933,0,0.49375703109374641,1.2149831253750085,0.83917202612283381,0.49948405084142256,0.30460204684953851
0.10000000000000001,6,2.0500000000000003,-0.00031820821964111178,0,0.49375703109374641,1.2149831253750085,0.83851166691991852,0.50077080592313028,0.30564275627921567
0.10000000000000001,6,2.1000000000000001,-0.00032770406036325433,0,0.49375703109374641,1.2149831253750085,0.83787727962656144,0.50195179289471903,0.3066127476527501
0.10000000000000001,6,2.1499999999999999,-0.00033729461493202753,0,0.49375703109374641,1.2149831253750085,0.83726774701330819,0.50303516039709117,0.30751656435647473
0.10000000000000001,6,2.2000000000000002,-0.00034698082075676354,0,0.49375703109374641,1.2149831253750085,0.83668201077515025,0.50402844155278759,0.30835846376804954
0.10000000000000001,6,2.25,-0.00035676362437805676,0,0.49375703109374641,1.2149831253750085,0.83611906727836005,0.50493860030934778,0.30914243526221519
0.10000000000000001,6,2.3000000000000003,-0.00036664398155344686,0,0.49375703109374641,1.2149831253750085,0.83557796370845394,0.50577207533708135,0.30987221730841602
0.10000000000000001,6,2.3500000000000001,-0.00037662285734442111,0,0.49375703109374641,1.2149831253750085,0.83505779456768081,0.50653482062051136,0.31055131347642317
0.10000000000000001,6,2.4000000000000004,-0.00038670122620377195,0,0.49375703109374641,1.2149831253750085,0.83455769853176565,0.5072323395856585,0.31118300663960996
0.10000000000000001,6,2.4500000000000002,-0.00039688007206385863,0,0.49375703109374641,1.2149831253750085,0.83407685554804856,0.5078697204261422,0.31177037314801637
0.10000000000000001,6,2.5,-0.00040716038842567785,0,0.49375703109374641,1.2149831253750085,0.83361448422388407,0.50845166733258329,0.3123162957733035
0.10000000000000001,6,2.5500000000000003,-0.00041754317844855225,0,0.49375703109374641,1.2149831253750085,0.83316983942556777,0.50898252938205735,0.31282347583470094
0.10000000000000001,6,2.6000000000000001,-0.00042802945504086953,0,0.49375703109374641,1.2149831253750085,0.83274221006948546,0.50946632683990145,0.31329444445934912
0.10000000000000001,6,2.6500000000000004,-0.00043862024095125247,0,0.49375703109374641,1.2149831253750085,0.83233091709931228,0.50990677549374319,0.31373157313603639
0.10000000000000001,6,2.7000000000000002,-0.00044931656886075283,0,0.49375703109374641,1.2149831253750085,0.83193531164085532,0.51030730965123927,0.3141370837240231
0.10000000000000001,6,2.75,-0.00046011948147581998,0,0.49375703109374641,1.2149831253750085,0.83155477332232774,0.51067110435057139,0.31451305805864066
0.10000000000000001,6,2.8000000000000003,-0.00047103003162196372,0,0.49375703109374641,1.2149831253750085,0.83118870867469108,0.51100109386950632,0.31486144645967734
0.10000000000000001,6,2.8500000000000001,-0.00048204928233834391,0,0.49375703109374641,1.2149831253750085,0.83083654966007126,0.51129998906618968,0.3151840757630705
0.10000000000000001,6,2.9000000000000004,-0.00049317830697302495,0,0.49375703109374641,1.2149831253750085,0.83049775234029399,0.51157029486019723,0.31548265719592983
0.10000000000000001,6,2.9500000000000002,-0.00050441818927914636,0,0.49375703109374641,1.2149831253750085,0.83017179563192267,0.51181432564648743,0.3157587935832934
0.10000000000000001,6,3,-0.00051577002351199533,0,0.49375703109374641,1.2149831253750085,0.82985818014005652,0.5120342195124582,0.31601398608779002
0.10000000000000001,6,3.0500000000000003,-0.00052723491452667467,0,0.49375703109374641,1.2149831253750085,0.82955642706333232,0.5122319511737331,0.31624964047154147
0.10000000000000001,6,3.1000000000000001,-0.00053881397787670568,0,0.49375703109374641,1.2149831253750085,0.82926607717411338,0.51240934395454785,0.31646707297178156
0.10000000000000001,6,3.1500000000000004,-0.00055050833991360433,0,0.49375703109374641,1.2149831253750085,0.82898668987733004,0.51256808113861707,0.31666751588166736
0.10000000000000001,6,3.2000000000000002,-0.00056231913788713111,0,0.49375703109374641,1.2149831253750085,0.8287178423509568,0.51270971701635382,0.31685212292775838
0.10000000000000001,6,3.25,-0.00057424752004632139,0,0.49375703109374641,1.2149831253750085,0.82845912873336613,0.51283568699349202,0.31702197428076123
0.10000000000000001,6,3.3000000000000003,-0.00058629464574165178,0,0.49375703109374641,1.2149831253750085,0.82821015927247588,0.51294731469706967,0.31717808066131253
0.10000000000000001,6,3.3500000000000001,-0.00059846168552780282,0,0.49375703109374641,1.2149831253750085,0.82797055964066446,0.51304582148020528,0.31732138796567028
0.10000000000000001,6,3.4000000000000004,-0.00061074982126740039,0,0.49375703109374641,1.2149831253750085,0.82773997024192469,0.51313233393211521,0.31745278126778248
0.10000000000000001,6,3.4500000000000002,-0.00062316024623551808,0,0.49375703109374641,1.2149831253750085,0.82751804556821029,0.5132078910845681,0.31757308864351702
0.10000000000000001,6,3.5,-0.0006356941652251759,0,0.49375703109374641,1.2149831253750085,0.82730445358233295,0.51327345091219767,0.31768308470617679
0.10000000000000001,6,3.5500000000000003,-0.00064835279465379485,0,0.49375703109374641,1.2149831253750085,0.82709887513024605,0.51332989625514724,0.31778349389544558
0.10000000000000001,6,3.6000000000000001,-0.00066113736267019814,0,0.49375703109374641,1.2149831253750085,0.82690100338674155,0.51337804032594248,0.3178749935708996
0.10000000000000001,6,3.6500000000000004,-0.00067404910926278515,0,0.49375703109374641,1.2149831253750085,0.82671054333845617,0.51341863196248738,0.31795821696121707
0.10000000000000001,6,3.7000000000000002,-0.00068708928636864797,0,0.49375703109374641,1.2149831253750085,0.82652721130794737,0.51345236078907874,0.31803375602022005
0.10000000000000001,6,3.75,-0.00070025915798326238,0,0.49375703109374641,1.2149831253750085,0.82635073451303265,0.51347986225041231,0.31810216418169113
0.10000000000000001,6,3.8000000000000003,-0.0007135600002714129,0,0.49375703109374641,1.2149831253750085,0.82618085055937918,0.5135017204506469,0.31816395839894351
0.10000000000000001,6,3.8500000000000001,-0.00072699310167890813,0,0.49375703109374641,1.2149831253750085,0.82601730704077647,0.51351847246959004,0.31821962156626044
0.10000000000000001,6,3.9000000000000004,-0.00074055976304512351,0,0.49375703109374641,1.2149831253750085,0.82585986114473753,0.51353061207310979,0.31826960470127325
0.10000000000000001,6,3.9500000000000002,-0.0007542612977166186,0,0.49375703109374641,1.2149831253750085,0.82570827927083923,0.51353859301210347,0.318314328961045
0.10000000000000001,6,4,-0.00076809903166153055,0,0.49375703109374641,1.2149831253750085,0.82556233666625045,0.51354283208900486,0.3183541875324728
0.10000000000000001,6,4.0499999999999998,-0.00078207430358496533,0,0.49375703109374641,1.2149831253750085,0.8254218170730877,0.51354371190852743,0.3183895473755568
0.10000000000000001,6,4.1000000000000005,-0.00079618846504547888,0,0.49375703109374641,1.2149831253750085,0.82528651239003847,0.51354158338921085,0.3184207508473022
0.10000000000000001,6,4.1500000000000004,-0.00081044288057209113,0,0.49375703109374641,1.2149831253750085,0.82515622235065478,0.51353676811233884,0.31844811723402189
0.10000000000000001,6,4.2000000000000002,-0.0008248389277827593,0,0.49375703109374641,1.2149831253750085,0.82503075422067262,0.51352956058479748,0.31847194421980463
0.10000000000000001,6,4.25,-0.00083937799750330412,0,0.49375703109374641,1.2149831253750085,0.82490992251667739,0.51352023049244166,0.31849250931891637
0.10000000000000001,6,4.2999999999999998,-0.00085406149388773142,0,0.49375703109374641,1.2149831253750085,0.82479354874796296,0.51350902501220286,0.31851007129699305
0.10000000000000001,6,4.3500000000000005,-0.00086889083453918861,0,0.49375703109374641,1.2149831253750085,0.82468146112133878,0.51349617004866466,0.31852487119045286
0.10000000000000001,6,4.4000000000000004,-0.00088386745063202723,0,0.49375703109374641,1.2149831253750085,0.82457349426810278,0.51348187154815417,0.318537133327287
0.10000000000000001,6,4.4500000000000002,-0.00089899278703479838,0,0.49375703109374641,1.2149831253750085,0.82446948902760553,0.51346631757159811,0.31854706657225401
0.10000000000000001,6,4.5,-0.00091426830243439283,0,0.49375703109374641,1.2149831253750085,0.82436929220510036,0.51344967956005061,0.31855486527771393
0.10000000000000001,6,4.5499999999999998,-0.00092969546946074125,0,0.49375703109374641,1.2149831253750085,0.82427275634899155,0.51343211369177311,0.31856071023982813
0.10000000000000001,6,4.6000000000000005,-0.00094527577481295488,0,0.49375703109374641,1.2149831253750085,0.82417973953366874,0.51341376207826073,0.31856476957098345
0.10000000000000001,6,4.6500000000000004,-0.00096101071938622137,0,0.49375703109374641,1.2149831253750085,0.82409010514904957,0.51339475383323052,0.31856719950286394
0.10000000000000001,6,4.7000000000000002,-0.00097690181839969032,0,0.49375703109374641,1.2149831253750085,0.82400372169793423,0.51337520604859066,0.31856814513459825
0.10000000000000001,6,4.75,-0.00099295060152544538,0,0.49375703109374641,1.2149831253750085,0.82392046260226015,0.51335522471140793,0.31856774114040637
0.10000000000000001,6,4.8000000000000007,-0.0010091586130184271,0,0.49375703109374641,1.2149831253750085,0.82384020601933439,0.51333490559588979,0.31856611245117306
0.10000000000000001,6,4.8500000000000005,-0.0010255274118473356,0,0.49375703109374641,1.2149831253750085,0.82376283466910283,0.51331433516440139,0.31856337492437253
0.10000000000000001,6,4.9000000000000004,-0.0010420585718266544,0,0.49375703109374641,1.2149831253750085,0.8236882356735048,0.51329359151153231,0.31855963601677023
0.10000000000000001,6,4.9500000000000002,-0.0010587536817494878,0,0.49375703109374641,1.2149831253750085,0.82361630039810263,0.51327274517152655,0.31855499538712578
0.10000000000000001,6,5,-0.001075614345521639,0,0.49375703109374641,1.2149831253750085,0.8235469242522806,0.51325185894373393,0.31854954508911976
0.10000000000000001,6,5.0500000000000007,-0.001092642182296632,0,0.49375703109374641,1.2149831253750085,0.82348000656939768,0.51323098911024112,0.31854337031308122
0.10000000000000001,6,5.1000000000000005,-0.0011098388266115866,0,0.49375703109374641,1.2149831253750085,0.82341545045587183,0.51321018588031064,0.31853654979978147
0.10000000000000001,6,5.1500000000000004,-0.001127205928524493,0,0.49375703109374641,1.2149831253750085,0.82335316265101099,0.51318949390903867,0.31852915627998635
0.10000000000000001,6,5.2000000000000002,-0.0011447451537521247,0,0.49375703109374641,1.2149831253750085,0.82329305339268932,0.51316895278691532,0.3185212568881377
0.10000000000000001,6,5.25,-0.0011624581838093071,0,0.49375703109374641,1.2149831253750085,0.82323503628678341,0.51314859746546249,0.31851291353692801
0.10000000000000001,6,5.3000000000000007,-0.0011803467161490802,0,0.49375703109374641,1.2149831253750085,0.82317902818071964,0.51312845863287759,0.3185041832598185
0.10000000000000001,6,5.3500000000000005,-0.0011984124643037704,0,0.49375703109374641,1.2149831253750085,0.82312494904148414,0.51310856305361474,0.31849511852855056
0.10000000000000001,6,5.4000000000000004,-0.0012166571580274974,0,0.49375703109374641,1.2149831253750085,0.82307272183843994,0.51308893388583443,0.31848576755269953
0.10000000000000001,6,5.4500000000000002,-0.0012350825434393471,0,0.49375703109374641,1.2149831253750085,0.82302227243128645,0.51306959099065064,0.31847617456832145
0.10000000000000001,6,5.5,-0.0012536903831678156,0,0.49375703109374641,1.2149831253750085,0.82297352946349855,0.51305055124710741,0.31846638012274153
0.10000000000000001,6,5.5500000000000007,-0.0012724824564962615,0,0.49375703109374641,1.2149831253750085,0.82292642426157281,0.51303182888681553,0.31845642136253466
0.10000000000000001,6,5.6000000000000005,-0.0012914605595093591,0,0.49375703109374641,1.2149831253750085,0.82288089074040471,0.51301343586217807,0.31844633233174768
0.10000000000000001,6,5.6500000000000004,-0.0013106265052408366,0,0.49375703109374641,1.2149831253750085,0.82283686530597189,0.51299538205209927,0.31843614418510902
0.10000000000000001,6,5.7000000000000002,-0.0013299821238218997,0,0.49375703109374641,1.2149831253750085,0.82279428673881294,0.51297767492668733,0.31842588513211068
0.10000000000000001,6,5.75,-0.0013495292626311394,0,0.49375703109374641,1.2149831253750085,0.82275309612828629,0.51296032027843852,0.3184155808951003
0.10000000000000001,6,5.8000000000000007,-0.0013692697864452212,0,0.49375703109374641,1.2149831253750085,0.82271323678110631,0.51294332227571504,0.31840525483211163
0.10000000000000001,6,5.8500000000000005,-0.001389205577590823,0,0.49375703109374641,1.2149831253750085,0.82267465413766572,0.51292668360777327,0.3183949280993002
0.10000000000000001,6,5.9000000000000004,-0.0014093385360975977,0,0.49375703109374641,1.2149831253750085,0.82263729569213928,0.51291040563389578,0.31838461981069238
0.10000000000000001,6,5.9500000000000002,-0.0014296705798521026,0,0.49375703109374641,1.2149831253750085,0.82260111091549981,0.51289448852004471,0.31837434718730473
0.10000000000000001,6,6,-0.00145020364475313,0,0.49375703109374641,1.2149831253750085,0.82256605125681137,0.51287893119610406,0.31836412559682875
0.10000000000000001,6,6.0500000000000007,-0.0014709396848677297,-6.3178009772806173e-06,0.49375911714267756,1.2149781188575737,0.82253210715035796,0.51286366811798823,0.3183539291371309
0.10000000000000001,6,6.1000000000000005,-0.0014918806725885757,-1.2698778178268845e-05,0.4937612240515083,1.2149730622763799,0.82249927643148824,0.51284862624815541,0.31834372588282162
0.10000000000000001,6,6.1500000000000004,-0.0015130285987924028,-1.9143560120230267e-05,0.49376335202776617,1.214967955133361,0.82246751068765722,0.51283381878903733,0.31833353617030269
0.10000000000000001,6,6.2000000000000002,-0.0015343854729994643,-2.5652781508290114e-05,0.49376550128102187,1.2149627969255477,0.82243676746877148,0.51281924851568472,0.31832337331222582
0.10000000000000001,6,6.25,-0.0015559533235340779,-3.2227083295114473e-05,0.49376767202290889,1.2149575871450184,0.82240700513947695,0.51280491873566059,0.31831325018259732
0.10000000000000001,6,6.3000000000000007,-0.0015777341976863917,-3.8867112740949212e-05,0.49376986446714355,1.2149523252788554,0.82237818361272974,0.51279083163459827,0.31830317827595489
0.10000000000000001,6,6.3500000000000005,-0.0015997301618751081,-4.5573523474412572e-05,0.49377207882954477,1.2149470108090925,0.82235026429296909,0.51277698837304542,0.31829316780255934
0.10000000000000001,6,6.4000000000000004,-0.0016219433018113722,-5.2346975553688941e-05,0.49377431532805449,1.2149416432126692,0.82232321002203046,0.51276338920945241,0.31828322779567103
0.10000000000000001,6,6.4500000000000002,-0.0016443757226636767,-5.9188135528467263e-05,0.49377657418275794,1.2149362219613808,0.82229698502665227,0.51275003360386007,0.31827336620659963
0.10000000000000001,6,6.5,-0.0016670295492240861,-6.6097676502141457e-05,0.49377885561590451,1.2149307465218291,0.82227155486757764,0.51273692030468043,0.31826358998886106
0.10000000000000001,6,6.5500000000000007,-0.0016899069260752752,-7.307627819509633e-05,0.49378115985192828,1.2149252163553721,0.82224688639027044,0.51272404742195443,0.31825390517330793
0.10000000000000001,6,6.6000000000000005,-0.0017130100177589476,-8.012462700784329e-05,0.49378348711746894,1.2149196309180745,0.82222294767726412,0.51271141249046714,0.31824431693609945
0.10000000000000001,6,6.6500000000000004,-0.0017363410089450324,-8.724341608542461e-05,0.49378583764139328,1.214913989660656,0.82219970800216435,0.51269901252610672,0.31823482966137706
0.10000000000000001,6,6.7000000000000002,-0.0017599021046023054,-9.4433345382075935e-05,0.49378821165481634,1.2149082920284406,0.82217713778532042,0.51268684407884824,0.31822544700051225
0.10000000000000001,6,6.75,-0.0017836955301699518,-0.00010169512172637737,0.49379060939112301,1.2149025374613045,0.82215520855118618,0.51267490328574605,0.31821617192979268
0.10000000000000001,6,6.8000000000000007,-0.0018077235317302445,-0.00010902945888725658,0.49379303108598965,1.2148967253936247,0.82213389288738181,0.51266318592731797,0.31820700680841263
0.10000000000000001,6,6.8500000000000005,-0.0018319883761823137,-0.00011643707764050118,0.49379547697740633,1.2148908552542248,0.82211316440547888,0.51265168749070444,0.31819795343863427
0.10000000000000001,6,6.9000000000000004,-0.0018564923514169931,-0.00012391870583574734,0.49379794730569876,1.2148849264663228,0.82209299770351718,0.5126404032429851,0.31818901312998565
0.10000000000000001,6,6.9500000000000002,-0.0018812377664928865,-0.00013147507846417319,0.49380044231355064,1.2148789384474783,0.82207336833027223,0.51262932831803665,0.31818018676936233
0.10000000000000001,6,7,-0.0019062269518134169,-0.00013910693772687402,0.49380296224602632,1.214872890609537,0.8220542527487037,0.5126184577092201,0.31817147483955444
0.10000000000000001,6,7.0500000000000007,-0.0019314622593050088,-0.00014681503310379895,0.49380550735059359,1.2148667823585753,0.82203562829572352,0.51260778606032609,0.3181628773296063
0.10000000000000001,6,7.1000000000000005,-0.0019569460625962405,-0.00015460012142315429,0.49380807787714642,1.2148606130948485,0.82201747315610485,0.51259730797872227,0.31815439392144229
0.10000000000000001,6,7.1500000000000004,-0.0019826807571984755,-0.00016246296693182328,0.49381067407802837,1.2148543822127318,0.82199976632886884,0.51258701797959261,0.31814602397874536
0.10000000000000001,6,7.2000000000000002,-0.0020086687606870584,-0.00017040434136586253,0.49381329620805586,1.2148480891006657,0.82198248759624026,0.51257691050867071,0.31813776657777126
0.10000000000000001,6,7.25,-0.0020349125128839018,-0.0001784250240221927,0.49381594452454169,1.2148417331410999,0.82196561749394481,0.5125669799664283,0.31812962053757937
0.10000000000000001,6,7.3000000000000007,-0.002061414476041282,-0.00018652580183058017,0.49381861928731902,1.2148353137104342,0.82194913728263119,0.51255722072737231,0.31812158444639843
0.10000000000000001,6,7.3500000000000005,-0.0020881771350263274,-0.0001947074694263478,0.49382132075876528,1.2148288301789634,0.82193302892036924,0.51254762715546875,0.31811365668480712
0.10000000000000001,6,7.4000000000000004,-0.0021152029975069486,-0.00020297082922391224,0.49382404920382639,1.2148222819108165,0.82191727503617074,0.51253819361670983,0.31810583544640714
0.10000000000000001,6,7.4500000000000002,-0.0021424945941386124,-0.00021131669149047834,0.49382680489004116,1.2148156682639011,0.82190185890448042,0.51252891448984272,0.31809811875666744
0.10000000000000001,6,7.5,-0.0021700544787523271,-0.00021974587442116506,0.49382958808756611,1.2148089885898414,0.82188676442058495,0.51251978417627775,0.31809050449061887
0.10000000000000001,6,7.5500000000000007,-0.0021978852285436407,-0.00022825920421411415,0.49383239906920023,1.2148022422339195,0.82187197607688733,0.51251079711019343,0.31808299039007659
0.10000000000000001,6,7.6000000000000005,-0.0022259894442626504,-0.00023685751514655918,0.49383523811041014,1.2147954285350158,0.82185747893999128,0.51250194776985569,0.31807557408106962
0.10000000000000001,6,7.6500000000000004,-0.0022543697504052228,-0.0002455416496515815,0.49383810548935531,1.2147885468255473,0.82184325862854635,0.51249323069116981,0.31806825309215575
0.10000000000000001,6,7.7000000000000002,-0.0022830287954049965,-0.00025431245839551428,0.4938410014869139,1.2147815964314066,0.82182930129179543,0.51248464048448139,0.31806102487430038
0.10000000000000001,6,7.75,-0.00231196925182679,-0.00026317080035599899,0.49384392638670815,1.2147745766719005,0.82181559358877565,0.51247617185564542,0.31805388682299784
0.10000000000000001,6,7.8000000000000007,-0.0023411938165607098,-0.0002721175429007962,0.4938468804751307,1.2147674868596863,0.82180212266891606,0.5124678195988146,0.31804683628175612
0.10000000000000001,6,7.8500000000000005,-0.0023707052110175397,-0.00028115356186724248,0.49384986404137071,1.2147603263007103,0.82178887615463958,0.5124595785283369,0.31803987050609689
0.10000000000000001,6,7.9000000000000004,-0.002400506181325068,-0.00029027974164239794,0.49385287737744032,1.2147530942941431,0.82177584212121635,0.51245144356876193,0.31803298672843039
0.10000000000000001,6,7.9500000000000002,-0.0024305994985253199,-0.00029949697524401814,0.49385592077820145,1.2147457901323166,0.82176300907982081,0.51244340973351543,0.31802618215115652
0.10000000000000001,6,8,-0.0024609879587730787,-0.0003088061644020933,0.49385899454139259,1.2147384131006578,0.82175036596043782,0.51243547212731699,0.31801945395476056
0.10000000000000001,6,8.0500000000000007,-0.0024916743835351062,-0.00031820821964111178,0.4938620989676562,1.214730962477625,0.82173790209544584,0.51242762594922053,0.31801279930586263
0.10000000000000001,6,8.0999999999999996,-0.0025226616197906834,-0.00032770406036325433,0.4938652343605659,1.2147234375346418,0.82172560720388887,0.51241986649435067,0.31800621536401413
0.10000000000000001,6,8.1500000000000004,-0.0025539525402327552,-0.00033729461493202753,0.49386840102665419,1.2147158375360299,0.8217134713763925,0.51241218915462694,0.31799969928746497
0.10000000000000001,6,8.2000000000000011,-0.0025855500434704701,-0.00034698082075676354,0.4938715992754405,1.2147081617389426,0.82170148506067597,0.51240458941877232,0.31799324823812597
0.10000000000000001,6,8.25,-0.0026174570542323843,-0.00035676362437805676,0.49387482941945915,1.214700409393298,0.82168963904761527,0.51239706287189868,0.31798685938594895
0.10000000000000001,6,8.3000000000000007,-0.0026496765235708101,-0.00036664398155344686,0.49387809177428788,1.214692579741709,0.8216779244578083,0.51238960519496402,0.31798052991294995
0.10000000000000001,6,8.3499999999999996,-0.0026822114290669464,-0.00037662285734442111,0.49388138665857639,1.2146846720194167,0.8216663327285999,0.51238221216439506,0.31797425701709786
0.10000000000000001,6,8.4000000000000004,-0.002715064775037248,-0.00038670122620377195,0.49388471439407527,1.2146766854542195,0.82165485560151375,0.51237487965217032,0.31796803791629324
0.10000000000000001,6,8.4500000000000011,-0.0027482395927402566,-0.00039688007206385863,0.49388807530566509,1.2146686192664036,0.8216434851100507,0.51236760362665668,0.31796186985266112
0.10000000000000001,6,8.5,-0.0027817389405849985,-0.00040716038842567785,0.49389146972138598,1.2146604726686736,0.82163221356780258,0.51236038015449437,0.31795575009738059
0.10000000000000001,6,8.5500000000000007,-0.0028155659043395832,-0.00041754317844855225,0.49389489797246694,1.2146522448660795,0.82162103355683502,0.51235320540382467,0.31794967595627638
0.10000000000000001,6,8.5999999999999996,-0.0028497235973412756,-0.00042802945504086953,0.49389836039335605,1.2146439350559455,0.8216099379173446,0.51234607563937307,0.31794364476939274
0.10000000000000001,6,8.6500000000000004,-0.0028842151607071393,-0.00043862024095125247,0.49390185732175063,1.2146355424277984,0.82159891973955967,0.51233898719982751,0.31793765389746176
0.10000000000000001,6,8.7000000000000011,-0.0029190437635455988,-0.00044931656886075283,0.4939053890986273,1.2146270661632943,0.82158797235117975,0.51233193652147002,0.31793170074163396
0.10000000000000001,6,8.75,-0.002954212603169022,-0.00046011948147581998,0.49390895606827306,1.2146185054361447,0.82157708930858453,0.51232492012944397,0.31792578273990213
0.10000000000000001,6,8.8000000000000007,-0.0029897249053068538,-0.00047103003162196372,0.49391255857831612,1.2146098594120411,0.82156626438758162,0.51231793463595221,0.3179198973680713
0.10000000000000001,6,8.8499999999999996,-0.0030255839243199982,-0.00048204928233834391,0.49391619697975703,1.2146011272485833,0.82155549157449526,0.51231097673874049,0.31791404214083263
0.10000000000000001,6,8.9000000000000004,-0.0030617929434155139,-0.00049317830697302495,0.49391987162700018,1.2145923080951997,0.82154476505763752,0.51230404321929868,0.31790821461253449
0.10000000000000001,6,8.9500000000000011,-0.0030983552748624797,-0.00050441818927914636,0.49392358287788563,1.2145834010930745,0.82153407921913957,0.5122971309408576,0.31790241237770117
0.10000000000000001,6,9,-0.0031352742602085027,-0.00051577002351199533,0.49392733109372106,1.2145744053750693,0.82152342862711092,0.51229023684625896,0.3178966330713498
0.10000000000000001,6,9.0500000000000007,-0.0031725532704971584,-0.00052723491452667467,0.49393111663931405,1.2145653200656461,0.82151280802810256,0.51228335795577784,0.31789087436915542
0.10000000000000001,6,9.0999999999999996,-0.003210195706485753,-0.00053881397787670568,0.49393493988300474,1.2145561442807886,0.82150221233984633,0.51227649136497422,0.31788513398751461
0.10000000000000001,6,9.1500000000000004,-0.0032482049988643109,-0.00055050833991360433,0.49393880119669842,1.2145468771279238,0.82149163664424318,0.51226963424265237,0.31787940968355799
0.10000000000000001,6,9.2000000000000011,-0.0032865846084750771,-0.00056231913788713111,0.49394270095589904,1.2145375177058424,0.82148107618057076,0.51226278382900636,0.31787369925516185
0.10000000000000001,6,9.25,-0.0033253380265325025,-0.00057424752004632139,0.49394663953974222,1.2145280651046184,0.8214705263388884,0.51225593743402897,0.31786800054100917
0.10000000000000001,6,9.3000000000000007,-0.0033644687748443413,-0.00058629464574165178,0.49395061733102918,1.2145185184055298,0.8214599826536062,0.51224909243626249,0.31786231142075055
0.10000000000000001,6,9.3499999999999996,-0.0034039804060329573,-0.00059846168552780282,0.49395463471626067,1.2145088766809744,0.82144944079719506,0.51224224628196968,0.31785662981531487
0.10000000000000001,6,9.4000000000000004,-0.0034438765037576435,-0.00061074982126740039,0.49395869208567095,1.2144991389943898,0.82143889657462388,0.5122353964821601,0.31785095368602712
0.10000000000000001,6,9.4500000000000011,-0.0034841606829371582,-0.00062316024623551808,0.49396278983326269,1.2144893044001694,0.82142834591916591,0.51222854060486789,0.31784528103072485
0.10000000000000001,6,9.5,-0.0035248365899732239,-0.0006356941652251759,0.49396692835684164,1.21447937194358,0.82141778488546546,0.5122216762800107,0.3178396098870746
0.10000000000000001,6,9.5500000000000007,-0.0035659079029744549,-0.00064835279465379485,0.49397110805805167,1.2144693406606759,0.82140720964480363,0.51221480119555141,0.31783393833122831
0.10000000000000001,6,9.6000000000000014,-0.0036073783319805638,-0.00066113736267019814,0.49397532934241029,1.2144592095782152,0.82139661648016149,0.51220791309555458,0.31782826447693796
0.10000000000000001,6,9.6500000000000004,-0.0036492516191874947,-0.00067404910926278515,0.4939795926193441,1.2144489777135741,0.82138600178144328,0.51220100977837635,0.31782258647480388
0.10000000000000001,6,9.7000000000000011,-0.0036915315391729603,-0.00068708928636864797,0.49398389830222511,1.2144386440746597,0.82137536204089756,0.51219408909483222,0.31781690251155903
0.10000000000000001,6,9.75,-0.0037342218991220709,-0.00070025915798326238,0.49398824680840697,1.2144282076598234,0.8213646938487198,0.51218714894635831,0.31781121080937214
0.10000000000000001,6,9.8000000000000007,-0.0037773265390539006,-0.0007135600002714129,0.49399263855926118,1.2144176674577729,0.8213539938888289,0.51218018728318582,0.31780550962515369
0.10000000000000001,6,9.8500000000000014,-0.0038208493320481267,-0.00072699310167890813,0.49399707398021442,1.2144070224474854,0.82134325893480631,0.51217320210254536,0.31779979724984658
0.10000000000000001,6,9.9000000000000004,-0.0038647941844722703,-0.00074055976304512351,0.49400155350078562,1.2143962715981147,0.82133248584598639,0.51216619144691844,0.31779407200768589
0.10000000000000001,6,9.9500000000000011,-0.003909165036209061,-0.0007542612977166186,0.49400607755462328,1.2143854138689039,0.82132167156368996,0.51215915340235496,0.31778833225541037
0.10000000000000001,6,10,-0.0039539658608843693,-0.00076809903166153055,0.49401064657954336,1.2143744482090961,0.82131081310758713,0.5121520860968729,0.3177825763814085
0.10000000000000001,6,10.050000000000001,-0.0039992006660951639,-0.00078207430358496533,0.49401526101756749,1.2143633735578381,0.82129990757218208,0.51214498769895944,0.31777680280478304
0.10000000000000001,6,10.100000000000001,-0.0040448734936379864,-0.00079618846504547888,0.49401992131496131,1.2143521888440929,0.82128895212340669,0.51213785641618903,0.31777100997431662
0.10000000000000001,6,10.15,-0.0040909884197375766,-0.00081044288057209113,0.49402462792227297,1.2143408929865449,0.82127794399531429,0.51213069049397897,0.31776519636732148
0.10000000000000001,6,10.200000000000001,-0.0041375495552755121,-0.0008248389277827593,0.49402938129437268,1.2143294848935056,0.82126688048702268,0.51212348821386056,0.3177593604891763
0.10000000000000001,6,10.25,-0.0041845610460192161,-0.00083937799750330412,0.49403418189049142,1.2143179634628205,0.82125575896016956,0.51211624789066001,0.31775350087378923
0.10000000000000001,6,10.300000000000001,-0.0042320270728511628,-0.00085406149388773142,0.49403903017426115,1.2143063275817731,0.82124457683557617,0.51210896787271232,0.3177476160810076
0.10000000000000001,6,10.350000000000001,-0.0042799518519977776,-0.00086889083453918861,0.4940439266137544,1.2142945761269894,0.82123333159053824,0.51210164654001211,0.31774170469670104
0.10000000000000001,6,10.4,-0.004328339635258859,-0.00088386745063202723,0.49404887168152484,1.2142827079643406,0.82122202075622042,0.51209428230287202,0.31773576533163261
0.10000000000000001,6,10.450000000000001,-0.0043771947102367609,-0.00089899278703479838,0.49405386585464772,1.2142707219488453,0.82121064191512272,0.51208687360063998,0.31772979662046363
0.10000000000000001,6,10.5,-0.0044265214005654828,-0.00091426830243439283,0.4940589096147609,1.2142586169245737,0.82119919269862751,0.51207941890043274,0.31772379722091548
0.10000000000000001,6,10.550000000000001,-0.0044763240661400095,-0.00092969546946074125,0.49406400344810608,1.2142463917245454,0.82118767078462762,0.5120719166958948,0.31771776581304462
0.10000000000000001,6,10.600000000000001,-0.0045266071033451347,-0.00094527577481295488,0.49406914784557032,1.2142340451706313,0.8211760738952395,0.512064365505984,0.3177117010985846
0.10000000000000001,6,10.65,-0.0045773749452845099,-0.00096101071938622137,0.49407434330272809,1.2142215760734525,0.82116439979460021,0.5120567638737904,0.31770560180031149
0.10000000000000001,6,10.700000000000001,-0.0046286320620092724,-0.00097690181839969032,0.49407959031988347,1.2142089832322795,0.82115264628674978,0.51204911036539213,0.31769946666138771
0.10000000000000001,6,10.75,-0.0046803829607464792,-0.00099295060152544538,0.49408488940211259,1.2141962654349296,0.82114081121360238,0.51204140356875327,0.31769329444463895
0.10000000000000001,6,10.800000000000001,-0.0047326321861274421,-0.0010091586130184271,0.49409024105930671,1.2141834214576639,0.82112889245300513,0.51203364209266822,0.31768708393172029
0.10000000000000001,6,10.850000000000001,-0.0047853843204153472,-0.0010255274118473356,0.49409564580621534,1.2141704500650832,0.82111688791688764,0.51202582456575796,0.31768083392212576
0.10000000000000001,6,10.9,-0.0048386439837330222,-0.0010420585718266544,0.49410110416248992,1.2141573500100242,0.82110479554950211,0.51201794963552072,0.31767454323199773
0.10000000000000001,6,10.950000000000001,-0.0048924158342898176,-0.0010587536817494878,0.49410661665272748,1.214144120033454,0.821092613325757,0.51201001596744478,0.31766821069269041
0.10000000000000001,6,11,-0.0049467045686083476,-0.001075614345521639,0.49411218380651517,1.2141307588643635,0.82108033924945734,0.51200202224397673,0.31766183515081775
0.10000000000000001,6,11.050000000000001,-0.0050015149217504211,-0.001092642182296632,0.49411780615847467,1.2141172652196608,0.82106797135141985,0.51199396716321799,0.31765541547087101
0.10000000000000001,6,11.100000000000001,-0.0050568516675427617,-0.0011098388266115866,0.49412348424830715,1.2141036378040628,0.82105550768832114,0.51198584943852299,0.31764895053039649
0.10000000000000001,6,11.15,-0.0051127196188017338,-0.001127205928524493,0.49412921862083853,1.2140898753099874,0.82104294634097796,0.5119776677974428,0.31764243922100116
0.10000000000000001,6,11.200000000000001,-0.0051691236275576789,-0.0011447451537521247,0.49413500982606501,1.2140759764174438,0.82103028541299305,0.51196942098093101,0.31763588044736774
0.10000000000000001,6,11.25,-0.0052260685852783782,-0.0011624581838093071,0.49414085841919908,1.2140619397939221,0.82101752302941966,0.51196110774256254,0.31762927312640171
0.10000000000000001,6,11.300000000000001,-0.0052835594230916921,-0.0011803467161490802,0.49414676496071591,1.2140477640942819,0.8210046573354397,0.51195272684775339,0.31762261618658466
0.10000000000000001,6,11.350000000000001,-0.0053416011120075236,-0.0011984124643037704,0.49415273001639975,1.2140334479606407,0.82099168649506615,0.51194427707298917,0.3176159085674759
0.10000000000000001,6,11.4,-0.0054001986631387272,-0.0012166571580274974,0.49415875415739097,1.2140189900222615,0.82097860868987749,0.51193575720506834,0.31760914921930244
0.10000000000000001,6,11.450000000000001,-0.0054593571279210051,-0.0012350825434393471,0.49416483796023358,1.2140043888954393,0.820965422117793,0.51192716604036625,0.31760233710257907
0.10000000000000001,6,11.5,-0.0055190815983320995,-0.0012536903831678156,0.49417098200692267,1.2139896431833856,0.82095212499190284,0.51191850238412651,0.31759547118769899
0.10000000000000001,6,11.550000000000001,-0.0055793772071094164,-0.0012724824564962615,0.49417718688495255,1.2139747514761139,0.8209387155393566,0.51190976504978558,0.31758855045443696
0.10000000000000001,6,11.600000000000001,-0.0056402491279669755,-0.0012914605595093591,0.49418345318736506,1.2139597123503238,0.82092519200032388,0.51190095285833792,0.31758157389130459
0.10000000000000001,6,11.65,-0.0057017025758107302,-0.0013106265052408366,0.49418978151279847,1.2139445243692837,0.8209115526270353,0.51189206463774606,0.31757454049470041
0.10000000000000001,6,11.700000000000001,-0.0057637428069529399,-0.0013299821238219136,0.49419617246553632,1.2139291860827126,0.82089779568291354,0.51188309922240371,0.3175674492677944
0.10000000000000001,6,11.75,-0.0058263751193248616,-0.0013495292626311394,0.49420262665555703,1.213913696026663,0.82088391944180306,0.51187405545265818,0.31756029921908896
0.10000000000000001,6,11.800000000000001,-0.0058896048526884803,-0.0013692697864452212,0.49420914469858351,1.2138980527233996,0.82086992218686528,0.51186493217411444,0.31755308936288651
0.10000000000000001,6,11.850000000000001,-0.0059534373888461539,-0.001389205577590823,0.49421572721613366,1.2138822546812793,0.82085580220890264,0.51185572823660885,0.31754581872316678
0.10000000000000001,6,11.9,-0.006017878151849192,-0.0014093385360975977,0.49422237483557041,1.2138663003946311,0.82084155780653012,0.51184644249428957,0.31753848632770698
0.10000000000000001,6,11.950000000000001,-0.0060829326082046343,-0.0014296705798521026,0.49422908819015293,1.2138501883436328,0.8208271872849191,0.5118370738048017,0.3175310912097225
0.10000000000000001,6,12,-0.0061486062670800794,-0.00145020364475313,0.4942358679190878,1.2138339169941892,0.82081268895510828,0.5118276210288738,0.31752363240704806
0.10000000000000001,6,12.050000000000001,-0.006214904680507157,-0.0014709396848677297,0.49424271466758035,1.2138174847978072,0.82079806113330678,0.5118180830298823,0.31751610896145255
0.10000000000000001,6,12.100000000000001,-0.0062818334435828255,-0.0014918806725885757,0.49424962908688691,1.2138008901914712,0.82078330214016926,0.51180845867338676,0.31750851991819007
0.10000000000000001,6,12.15,-0.0063493981946686883,-0.0015130285987924028,0.49425661183436703,1.2137841315975193,0.82076841030005954,0.51179874682664706,0.317500864325718
0.10000000000000001,6,12.200000000000001,-0.0064176046155885649,-0.0015343854729994643,0.49426366357353585,1.213767207423514,0.82075338394031716,0.51178894635813676,0.31749314123551242
0.10000000000000001,6,12.25,-0.0064864584318236555,-0.0015559533235340779,0.49427078497411764,1.2137501160621176,0.82073822139054375,0.51177905613706631,0.31748534970191333
0.10000000000000001,6,12.300000000000001,-0.0065559654127056305,-0.0015777341976863917,0.49427797671209872,1.213732855890963,0.82072292098192412,0.51176907503292979,0.31747748878192944
0.10000000000000001,6,12.350000000000001,-0.0066261313716074934,-0.0015997301618751081,0.49428523946978142,1.2137154252725246,0.82070748104659608,0.51175900191508705,0.31746955753493444
0.10000000000000001,6,12.4,-0.0066969621661318226,-0.0016219433018113722,0.49429257393583825,1.2136978225539881,0.82069189991708946,0.51174883565239615,0.31746155502218615
0.10000000000000001,6,12.450000000000001,-0.0067684636982970423,-0.0016443757226636767,0.49429998080536619,1.2136800460671211,0.82067617592584319,0.51173857511290932,0.31745348030609827
0.10000000000000001,6,12.5,-0.0068406419147204623,-0.0016670295492240861,0.4943074607799417,1.21366209412814,0.82066030740482154,0.51172821916364464,0.3174453324491977
0.10000000000000001,6,12.550000000000001,-0.0069135028067992491,-0.0016899069260752752,0.49431501456767568,1.2136439650375783,0.82064429268524253,0.51171776667044855,0.31743711051269696
0.10000000000000001,6,12.600000000000001,-0.0069870524108884644,-0.0017130100177589476,0.49432264288326944,1.2136256570801534,0.82062813009678992,0.51170721649741047,0.31742881355728347
0.10000000000000001,6,12.65,-0.0070612968084760291,-0.0017363410089450324,0.49433034644807017,1.2136071685246315,0.82061181796591642,0.5116965675055466,0.3174204406479007
0.10000000000000001,6,12.700000000000001,-0.0071362421263552632,-0.0017599021046023054,0.49433812599012755,1.2135884976236937,0.8205953546168705,0.51168581855371531,0.31741199084711141
0.10000000000000001,6,12.75,-0.0072118945367937856,-0.0017836955301699518,0.49434598224425025,1.2135696426137994,0.82057873837062412,0.51167496849775329,0.31740346321722729
0.10000000000000001,6,12.800000000000001,-0.0072882602576997361,-0.0018077235317302445,0.49435391595206296,1.213550601715049,0.82056196754454103,0.51166401619030855,0.31739485681959095
0.10000000000000001,6,12.850000000000001,-0.0073653455527846034,-0.0018319883761823137,0.4943619278620639,1.2135313731310466,0.82054504045201904,0.51165296048062636,0.31738617071400238
0.10000000000000001,6,12.9,-0.0074431567317226645,-0.0018564923514169931,0.49437001872968245,1.2135119550487621,0.82052795540207912,0.51164180021426686,0.3173774039584083
0.10000000000000001,6,12.950000000000001,-0.0075217001503069432,-0.0018812377664928865,0.4943781893169385,1.2134923456393474,0.82051071069891923,0.51163053423277938,0.31736855560877547
0.10000000000000001,6,13,-0.0076009822106017713,-0.0019062269518134169,0.49438644039249852,1.2134725430580036,0.82049330464145542,0.51161916137335306,0.31735962471907087
0.10000000000000001,6,13.050000000000001,-0.007681009361091529,-0.0019314622593050088,0.49439477273411842,1.2134525454381155,0.8204757355228699,0.51160768046846938,0.31735061034126899
0.10000000000000001,6,13.100000000000001,-0.0077617880968256087,-0.0019569460625962405,0.49440318712553677,1.2134323508987117,0.82045800163018712,0.51159609034557774,0.31734151152530826
0.10000000000000001,6,13.15,-0.0078433249595595469,-0.0019826807571984755,0.49441168435771754,1.2134119575414779,0.82044010124389743,0.51158438982681731,0.31733232731891869
0.10000000000000001,6,13.200000000000001,-0.0079256265378920797,-0.0020086687606870584,0.49442026522890997,1.2133913634506159,0.82042203263765023,0.51157257772880771,0.3173230567672411
0.10000000000000001,6,13.25,-0.0080086994673980796,-0.0020349125128839018,0.49442893054470866,1.213370566692699,0.82040379407803687,0.51156065286253172,0.3173136989121606
0.10000000000000001,6,13.300000000000001,-0.0080925504307573174,-0.002061414476041282,0.49443768111811454,1.2133495653165249,0.82038538382448178,0.5115486140333324,0.31730425279127533
0.10000000000000001,6,13.350000000000001,-0.0081771861578786471,-0.0020881771350263274,0.49444651776959558,1.2133283573529705,0.82036680012926688,0.51153646004104736,0.31729471743642212
0.10000000000000001,6,13.4,-0.00826261342601981,-0.0021152029975069486,0.4944554413271483,1.2133069408148442,0.82034804123686611,0.51152418967939461,0.31728509187472975
0.10000000000000001,6,13.450000000000001,-0.0083488390599027809,-0.0021424945941386124,0.49446445262635924,1.2132853136967376,0.82032910538206882,0.51151180173415556,0.31727537513425669
0.10000000000000001,6,13.5,-0.0084358699318239395,-0.0021700544787523271,0.49447355251046737,1.2132634739748784,0.82030999079167821,0.51149929498500324,0.31726556623652774
0.10000000000000001,6,13.550000000000001,-0.0085237129617598256,-0.0021978852285436407,0.49448274183042618,1.2132414196069772,0.82029069568345347,0.5114866682043836,0.31725566419908685
0.10000000000000001,6,13.600000000000001,-0.0086123751174674145,-0.0022259894442626504,0.49449202144496657,1.21321914853208,0.82027121826597882,0.51147392015755233,0.3172456680348309
0.10000000000000001,6,13.65,-0.0087018634145796872,-0.0022543697504052228,0.49450139222065997,1.2131966586704159,0.82025155673849592,0.51146104960252226,0.31723557675149439
0.10000000000000001,6,13.700000000000001,-0.00879218491669553,-0.0022830287954049965,0.49451085503198167,1.213173947923244,0.82023170929066003,0.51144805528988635,0.3172253893514218
0.10000000000000001,6,13.75,-0.0088833467354644292,-0.00231196925182679,0.49452041076137482,1.2131510141727004,0.82021167410224605,0.51143493596255685,0.31721510483154142
0.10000000000000001,6,13.800000000000001,-0.0089753560306655156,-0.0023411938165607098,0.49453006029931434,1.2131278552816456,0.82019144934282773,0.5114216903554587,0.31720472218345391
0.10000000000000001,6,13.850000000000001,-0.0090682200102809463,-0.0023707052110175397,0.49453980454437163,1.213104469093508,0.82017103317145779,0.51140831719521684,0.31719424039354821
0.10000000000000001,6,13.9,-0.009161945930563329,-0.002400506181325068,0.4945496444032792,1.2130808534321298,0.82015042373637292,0.51139481519987406,0.3171836584430579
0.10000000000000001,6,13.950000000000001,-0.0092565410960972171,-0.0024305994985253199,0.49455958079099599,1.2130570061016097,0.82012961917474714,0.51138118307868174,0.31717297530797167
0.10000000000000001,6,14,-0.0093520128598544947,-0.0024609879587730787,0.4945696146307727,1.2130329248861453,0.82010861761252241,0.51136741953199771,0.31716218995871026
0.10000000000000001,6,14.050000000000001,-0.0094483686232433202,-0.0024916743835351062,0.49457974685421779,1.2130086075498772,0.82008741716433864,0.51135352325133521,0.31715130135948372
0.10000000000000001,6,14.100000000000001,-0.0095456158361507271,-0.0025226616197906834,0.49458997840136359,1.2129840518367272,0.82006601593358885,0.51133949291959657,0.31714030846724139
0.10000000000000001,6,14.15,-0.0096437619969786045,-0.0025539525402327552,0.49460031022073259,1.2129592554702417,0.82004441201262679,0.51132532721153467,0.31712921023012797
0.10000000000000001,6,14.200000000000001,-0.0097428146526728557,-0.0025855500434704701,0.49461074326940457,1.2129342161534289,0.82002260348215894,0.51131102479293722,0.31711800558872927
0.10000000000000001,6,14.25,-0.0098427813987455454,-0.0026174570542323843,0.49462127851308357,1.2129089315685995,0.82000058840918622,0.511296584317676,0.31710669348238169
0.10000000000000001,6,14.300000000000001,-0.0099436698792903112,-0.0026496765235708101,0.49463191692616526,1.2128833993772032,0.81997836484915698,0.51128200443108351,0.31709527284100819
0.10000000000000001,6,14.350000000000001,-0.01004548778698993,-0.0026822114290669464,0.49464265949180491,1.2128576172196681,0.81995593084487606,0.51126728376831265,0.31708374258801725
0.10000000000000001,6,14.4,-0.010148242863117102,-0.002715064775037248,0.49465350720198531,1.2128315827152352,0.81993328442649716,0.51125242095454404,0.31707210163964078
0.10000000000000001,6,14.450000000000001,-0.010251942897527138,-0.0027482395927402566,0.4946644610575851,1.2128052934617957,0.81991042361146749,0.511237414605062,0.31706034890443585
0.10000000000000001,6,14.5,-0.010356595728643083,-0.0027817389405849985,0.49467552206844773,1.2127787470357252,0.81988734640437799,0.51122226332513943,0.31704848328310326
0.10000000000000001,6,14.550000000000001,-0.010462209243433107,-0.0028155659043395832,0.49468669125345016,1.2127519409917193,0.81986405079674796,0.51120696570979041,0.3170365036685267
0.10000000000000001,6,14.600000000000001,-0.010568791377379379,-0.0028497235973412756,0.49469796964057233,1.2127248728626263,0.81984053476677665,0.51119152034345028,0.31702440894593653
0.10000000000000001,6,14.65,-0.010676350114438914,-0.0028842151607071393,0.49470935826696671,1.2126975401592799,0.81981679627909076,0.51117592579964077,0.31701219799310171
0.10000000000000001,6,14.700000000000001,-0.010784893486995965,-0.0029190437635455988,0.49472085817902806,1.2126699403703325,0.81979283328451624,0.51116018064068025,0.31699986968045429
0.10000000000000001,6,14.75,-0.01089442957580568,-0.002954212603169022,0.49473247043246366,1.2126420709620873,0.81976864371990621,0.51114428341749851,0.31698742287105025
0.10000000000000001,6,14.800000000000001,-0.011004966509928861,-0.0029897249053068538,0.49474419609236375,1.2126139293783269,0.81974422550805448,0.51112823266961349,0.31697485642026996
0.10000000000000001,6,14.850000000000001,-0.011116512466658048,-0.0030255839243199982,0.49475603623327236,1.2125855130401464,0.81971957655772376,0.51111202692533042,0.31696216917516318
0.10000000000000001,6,14.9,-0.011229075671433879,-0.0030617929434155139,0.49476799193925797,1.2125568193457807,0.81969469476382006,0.51109566470222145,0.31694935997334184
0.10000000000000001,6,14.950000000000001,-0.0113426643977525,-0.0030983552748624797,0.49478006430398491,1.2125278456704363,0.81966957800774154,0.51107914450794512,0.31693642764132446
0.10000000000000001,6,15,-0.011457286967063263,-0.0031352742602085027,0.49479225443078506,1.212498589366116,0.81964422415676508,0.5110624648391332,0.31692337099596379
0.10000000000000001,6,15.050000000000001,-0.011572951748656459,-0.0031725532704971584,0.49480456343272927,1.2124690477614497,0.81961863106170718,0.51104562417700816,0.31691018885148642
0.10000000000000001,6,15.100000000000001,-0.011689667159541409,-0.003210195706485753,0.49481699243269955,1.2124392181615211,0.81959279655956863,0.51102862099262936,0.31689688001050109
0.10000000000000001,6,15.15,-0.01180744166431404,-0.0032482049988643109,0.49482954256346112,1.2124090978476934,0.81956671847234142,0.51101145374454038,0.3168834432672456
0.10000000000000001,6,15.200000000000001,-0.011926283775014413,-0.0032865846084750771,0.49484221496773528,1.2123786840774353,0.81954039460709094,0.51099412087916662,0.31686987740690803
0.10000000000000001,6,15.25,-0.012046202050973454,-0.0033253380265325025,0.49485501079827154,1.2123479740841483,0.81951382275597695,0.51097662083102446,0.31685618120512388
0.10000000000000001,6,15.300000000000001,-0.012167205098648916,-0.0033644687748443413,0.49486793121792111,1.2123169650769892,0.81948700069616309,0.51095895202264696,0.31684235342781886
0.10000000000000001,6,15.350000000000001,-0.012289301571450584,-0.0034039804060329573,0.49488097739970954,1.212285654240697,0.8194599261896498,0.51094111286431465,0.31682839283129194
0.10000000000000001,6,15.4,-0.012412500169553902,-0.0034438765037576435,0.49489415052691055,1.2122540387354146,0.81943259698306492,0.5109231017536765,0.31681429816243356
0.10000000000000001,6,15.450000000000001,-0.01253680963970265,-0.0034841606829371582,0.49490745179311912,1.2122221156965141,0.81940501080744677,0.51090491707534935,0.31680006815897416
0.10000000000000001,6,15.5,-0.012662238774999605,-0.0035248365899732239,0.49492088240232557,1.2121898822344186,0.8193771653780566,0.5108865572005804,0.31678570154965718
0.10000000000000001,6,15.550000000000001,-0.012788796414685652,-0.0035659079029744549,0.4949344435689893,1.2121573354344257,0.81934905839425365,0.51086802048706093,0.31677119705423185
0.10000000000000001,6,15.600000000000001,-0.012916491443906691,-0.0036073783319805638,0.49494813651811298,1.2121244723565288,0.81932068753946785,0.51084930527897721,0.31675655338316083
0.10000000000000001,6,15.65,-0.013045332793468426,-0.0036492516191874947,0.49496196248531676,1.2120912900352396,0.81929205048130693,0.51083040990738482,0.3167417692369367
0.10000000000000001,6,15.700000000000001,-0.013175329439578446,-0.0036915315391729603,0.49497592271691282,1.2120577854794092,0.81926314487183272,0.5108113326909941,0.31672684330490308
0.10000000000000001,6,15.75,-0.013306490403575889,-0.0037342218991220709,0.49499001846997986,1.2120239556720485,0.81923396834804008,0.5107920719374518,0.31671177426347452
0.10000000000000001,6,15.800000000000001,-0.01343882475164809,-0.0037773265390539006,0.49500425101243789,1.2119897975701488,0.81920451853121135,0.51077262594179274,0.31669656077772718
0.10000000000000001,6,15.850000000000001,-0.013572341594533853,-0.0038208493320481267,0.49501862162312299,1.2119553081045049,0.8191747930242409,0.51075299298006982,0.31668120150915025
0.10000000000000001,6,15.9,-0.013707050087213714,-0.0038647941844722703,0.49503313159186246,1.2119204841795301,0.81914478941479618,0.51073317131713369,0.31666569510582349
0.10000000000000001,6,15.950000000000001,-0.013842959428586342,-0.003909165036209061,0.49504778221954987,1.2118853226730804,0.81911450527400342,0.5107131592032873,0.31665004020598753
0.10000000000000001,6,16,-0.013980078861131265,-0.0039539658608843693,0.4950625748182203,1.2118498204362713,0.81908393815659786,0.51069295487492916,0.31663423543734781
0.10000000000000001,6,16.050000000000001,-0.014118417670557446,-0.0039992006660951639,0.49507751071112555,1.2118139742932985,0.81905308560100731,0.5106725565549205,0.31661827941656046
0.10000000000000001,6,16.100000000000001,-0.014257985185437569,-0.0040448734936379864,0.49509259122977556,1.2117777810485386,0.81902194512930748,0.5106519624525433,0.31660217074908792
0.10000000000000001,6,16.150000000000002,-0.014398790776827864,-0.0040909884197375766,0.49510781772303225,1.2117412374647225,0.81899051424708935,0.51063117076317499,0.31658590802931108
0.10000000000000001,6,16.199999999999999,-0.014540843857873138,-0.0041375495552755121,0.49512319154830436,1.2117043402840697,0.81895879044327968,0.51061017966780509,0.31656948984078581
0.10000000000000001,6,16.25,-0.014684153883396826,-0.0041845610460192161,0.49513871407446541,1.2116670862212831,0.81892677118995416,0.51058898733251867,0.31655291475653136
0.10000000000000001,6,16.300000000000001,-0.014828730349475761,-0.0042320270728511628,0.49515438668198336,1.2116294719632397,0.8188944539421833,0.51056759190807499,0.31653618133923828
0.10000000000000001,6,16.350000000000001,-0.014974582792999559,-0.0042799518519977776,0.49517021076299628,1.2115914941688088,0.81886183613795249,0.51054599152970404,0.31651928814128277
0.10000000000000001,6,16.400000000000002,-0.015121720791214193,-0.004328339635258859,0.495186187721388,1.2115531494686687,0.81882891519819556,0.51052418431724877,0.31650223370443609
0.10000000000000001,6,16.449999999999999,-0.015270153961249743,-0.0043771947102367384,0.49520231897286393,1.2115144344651265,0.81879568852698281,0.51050216837577822,0.31648501655915529
0.10000000000000001,6,16.5,-0.015419891959631858,-0.0044265214005654828,0.49521860594502659,1.2114753457319363,0.81876215351190529,0.51047994179679668,0.31646763522334381
0.10000000000000001,6,16.550000000000001,-0.015570944481776781,-0.0044763240661400095,0.49523505007745122,1.2114358798141172,0.81872830752469228,0.51045750266017553,0.31645008820046855
0.10000000000000001,6,16.600000000000001,-0.015723321261469796,-0.0045266071033451347,0.49525165282176176,1.2113960332277718,0.81869414792048145,0.51043484903193359,0.3164323739812745
0.10000000000000001,6,16.650000000000002,-0.015877032070326653,-0.0045773749452845099,0.49526841564170593,1.2113558024599056,0.81865967203470347,0.51041197895494883,0.31641449105210107
0.10000000000000001,6,16.699999999999999,-0.016032086717237888,-0.0046286320620092421,0.49528534001323116,1.2113151839682452,0.81862487718693566,0.51038889046052027,0.31639643788442523
0.10000000000000001,6,16.75,-0.016188495047795824,-0.0046803829607464792,0.49530242742455971,1.2112741741810569,0.81858976067938205,0.51036558156352729,0.3163782129386753
0.10000000000000001,6,16.800000000000001,-0.016346266943703554,-0.0047326321861274421,0.49531967937626431,1.2112327694969656,0.81855431979711146,0.51034205026336765,0.31635981466350627
0.10000000000000001,6,16.850000000000001,-0.016505412322166638,-0.0047853843204153472,0.49533709738134307,1.2111909662847764,0.81851855180821742,0.51031829454452993,0.31634124149527149
0.10000000000000001,6,16.900000000000002,-0.016665941135266059,-0.0048386439837330222,0.495354682965295,1.2111487608832918,0.81848245396382591,0.51029431237659517,0.31632249185788952
0.10000000000000001,6,16.949999999999999,-0.016827863369313075,-0.0048924158342898176,0.49537243766619454,1.2111061496011331,0.81844602349799878,0.51027010171384257,0.3163035641629855
0.10000000000000001,6,17,-0.016991189044185669,-0.0049467045686083476,0.49539036303476675,1.2110631287165599,0.81840925762757943,0.51024566049463382,0.31628445681018746
0.10000000000000001,6,17.050000000000001,-0.017155928212645416,-0.0050015149217504211,0.49540846063446176,1.2110196944772917,0.81837215355202775,0.51022098664075066,0.31626516818745593
0.10000000000000001,6,17.100000000000001,-0.017322090959636043,-0.0050568516675427617,0.49542673204152926,1.2109758431003297,0.81833470845329415,0.51019607805686029,0.31624569667132701
0.10000000000000001,6,17.150000000000002,-0.017489687401562107,-0.0051127196188017338,0.49544517884509287,1.2109315707717772,0.81829691949577632,0.5101709326302839,0.31622604062694859
0.10000000000000001,6,17.199999999999999,-0.017658727685548121,-0.0051691236275576789,0.49546380264722406,1.2108868736466623,0.8182587838264106,0.51014554823124192,0.31620619840778852
0.10000000000000001,6,17.25,-0.017829221988678111,-0.0052260685852783782,0.49548260506301595,1.2108417478487619,0.81822029857494161,0.51011992271375162,0.3161861683548951
0.10000000000000001,6,17.300000000000001,-0.018001180517214554,-0.0052835594230916921,0.49550158772065689,1.2107961894704233,0.81818146085442156,0.51009405391735152,0.31616594879558846
0.10000000000000001,6,17.350000000000001,-0.018174613505797525,-0.0053416011120075236,0.49552075226150372,1.2107501945723911,0.81814226776198418,0.51006793966982689,0.3161455380414635
0.10000000000000001,6,17.400000000000002,-0.018349531216622899,-0.0054001986631387272,0.49554010034015467,1.2107037591836287,0.81810271637808607,0.51004157778424963,0.31612493439025408
0.10000000000000001,6,17.449999999999999,-0.018525943938599809,-0.0054593571279210051,0.49555963362452204,1.210656879301147,0.81806280376304563,0.51001496604618013,0.31610413613476762
0.10000000000000001,6,17.5,-0.018703861986487144,-0.0055190815983320995,0.49557935379590451,1.2106095508898289,0.81802252696142674,0.50998810222956326,0.31608314155166561
0.10000000000000001,6,17.550000000000001,-0.01888329570000849,-0.0055793772071094164,0.49559926254905906,1.2105617698822582,0.81798188300034469,0.50996098409020751,0.31606194890558531
0.10000000000000001,6,17.600000000000001,-0.019064255442945918,-0.0056402491279669755,0.49561936159227243,1.2105135321785463,0.8179408688898373,0.50993360936709631,0.31604055644838719
0.10000000000000001,6,17.650000000000002,-0.019246751602211454,-0.0057017025758107284,0.49563965264743259,1.2104648336461616,0.81789948162312442,0.50990597578321106,0.31601896241861077
0.10000000000000001,6,17.699999999999999,-0.019430794586897112,-0.0057637428069529208,0.49566013745009913,1.2104156701197621,0.8178577181766794,0.50987808104558252,0.315997165041353
0.10000000000000001,6,17.75,-0.019616394827302312,-0.0058263751193248616,0.49568081774957357,1.2103660374010234,0.81781557551016781,0.50984992284480568,0.31597516252844127
0.10000000000000001,6,17.800000000000001,-0.01980356277393899,-0.0058896048526884803,0.49570169530896951,1.2103159312584733,0.81777305056631444,0.50982149885425732,0.31595295307877092
0.10000000000000001,6,17.850000000000001,-0.019992308896513655,-0.0059534373888461539,0.49572277190528158,1.2102653474273242,0.81773014027075941,0.50979280672924909,0.31593053487868006
0.10000000000000001,6,17.900000000000002,-0.020182643682887264,-0.0060178781518492111,0.49574404932945448,1.2102142816093091,0.81768684153195836,0.50976384410635522,0.31590790610223163
0.10000000000000001,6,17.949999999999999,-0.020374577638011114,-0.0060829326082046248,0.49576552938645108,1.2101627294725172,0.8176431512411908,0.50973460860315023,0.31588506491127488
0.10000000000000001,6,18,-0.020568121282839913,-0.0061486062670800794,0.49578721389363684,1.2101106866552718,0.81759906627273282,0.50970509781859263,0.31586200945515708
0.10000000000000001,6,18.050000000000001,-0.020763285153220994,-0.006214904680507157,0.49580910468285266,1.2100581487611535,0.81755458348425492,0.50967530933429095,0.31583873786995675
0.10000000000000001,6,18.100000000000001,-0.020960079798760023,-0.0062818334435828255,0.49583120360451954,1.210005111349153,0.81750969971750465,0.50964524071688977,0.31581524827710988
0.10000000000000001,6,18.150000000000002,-0.021158515781662134,-0.0063493981946686883,0.49585351252034399,1.2099515699511743,0.81746441179933393,0.50961488952180989,0.31579153878130001
0.10000000000000001,6,18.199999999999999,-0.021358603675549582,-0.0064176046155885649,0.49587603330638308,1.2098975200646807,0.81741871654086873,0.50958425328920709,0.31576760747241217
0.10000000000000001,6,18.25,-0.021560354064254397,-0.0064864584318236555,0.49589876785310888,1.2098429571525389,0.81737261073325063,0.50955332952665278,0.31574345243510493
0.10000000000000001,6,18.300000000000001,-0.021763777540586737,-0.0065559654127056305,0.49592171806547236,1.2097878766428662,0.81732609115308841,0.50952211573088402,0.31571907173694042
0.10000000000000001,6,18.350000000000001,-0.021968884705078164,-0.0066261313716074934,0.49594488586296626,1.2097322739288809,0.81727915456052191,0.50949060937887203,0.31569446343267676
0.10000000000000001,6,18.400000000000002,-0.022175686164700201,-0.0066969621661318434,0.49596827317968728,1.2096761443687505,0.81723179769967358,0.50945880792972864,0.31566962556357525
0.10000000000000001,6,18.449999999999999,-0.02238419253155758,-0.0067684636982970423,0.49599188196439759,1.2096194832854457,0.81718401729899914,0.50942670882591068,0.31564455615688775
0.10000000000000001,6,18.5,-0.022594414421555905,-0.0068406419147204623,0.49601571418058532,1.2095622859665951,0.81713581007143421,0.50939430949334297,0.3156192532257569
0.10000000000000001,6,18.550000000000001,-0.022806362453044245,-0.0069135028067992491,0.49603977180652425,1.2095045476643418,0.81708717271440146,0.50936160734079117,0.31559371476940368
0.10000000000000001,6,18.600000000000001,-0.023020047245431413,-0.0069870524108884644,0.49606405683533256,1.2094462635952019,0.81703810190974102,0.50932859975881473,0.31556793877347666
0.10000000000000001,6,18.650000000000002,-0.023235479417776872,-0.0070612968084760291,0.49608857127503075,1.2093874289399262,0.81698859432362814,0.50929528411863079,0.31554192321043667
0.10000000000000001,6,18.699999999999999,-0.02345266958735525,-0.0071362421263552632,0.49611331714859846,1.2093280388433636,0.81693864660654325,0.50926165777122245,0.31551566603985254
0.10000000000000001,6,18.75,-0.023671628368194919,-0.0072118945367937856,0.4961382964940303,1.2092680884143272,0.81688825539335741,0.50922771804701972,0.31548916520848053
0.10000000000000001,6,18.800000000000001,-0.023892366369589906,-0.0072882602576997361,0.49616351136439069,1.2092075727254621,0.81683741730359583,0.50919346225648643,0.31546241865000324
0.10000000000000001,6,18.850000000000001,-0.024114894194585602,-0.0073653455527846034,0.49618896382786776,1.2091464868131172,0.8167861289419468,0.50915888769194362,0.31543542428430171
0.10000000000000001,6,18.900000000000002,-0.024339222438437641,-0.0074431567317226645,0.49621465596782582,1.2090848256772182,0.81673438689907862,0.50912399163095978,0.31540818001613508
0.10000000000000001,6,18.949999999999999,-0.024565361687044207,-0.0075217001503069432,0.49624058988285696,1.2090225842811431,0.81668218775282875,0.50908877134164132,0.31538068373310174
0.10000000000000001,6,19,-0.024793322515351171,-0.0076009822106017713,0.49626676768683142,1.2089597575516045,0.81662952806734013,0.50905322407716413,0.31535293330761793
0.10000000000000001,6,19.050000000000001,-0.025023115485730607,-0.007681009361091529,0.49629319150894652,1.2088963403785282,0.81657640438850998,0.50901734705155766,0.31532492660634115
0.10000000000000001,6,19.100000000000001,-0.025254751146331841,-0.0077617880968256087,0.49631986349377494,1.2088323276149402,0.8165228132500757,0.50898113746999352,0.31529666147846713
0.10000000000000001,6,19.150000000000002,-0.025488240029405515,-0.0078433249595595469,0.49634678580131081,1.2087677140768538,0.8164687511715244,0.50894459251664415,0.31526813576001894
0.10000000000000001,6,19.200000000000003,-0.02572359264960028,-0.0079256265378920797,0.49637396060701544,1.2087024945431628,0.81641421465869746,0.50890770935721896,0.31523934727318181
0.10000000000000001,6,19.25,-0.025960819502232238,-0.0080086994673980796,0.49640139010186085,1.2086366637555337,0.81635920020426922,0.50887048514061228,0.31521029382582244
0.10000000000000001,6,19.300000000000001,-0.026199931061526578,-0.0080925504307573174,0.49642907649237239,1.2085702164183061,0.81630370428799282,0.50883291699912303,0.31518097321142186
0.10000000000000001,6,19.350000000000001,-0.026440937778832233,-0.0081771861578786471,0.49645702200066993,1.2085031471983922,0.81624772337678309,0.50879500204767958,0.3151513832092952
0.10000000000000001,6,19.400000000000002,-0.026683850080808393,-0.00826261342601981,0.496485228863561,1.2084354507274535,0.81619125392471426,0.50875673738250948,0.31512152158497192
0.10000000000000001,6,19.450000000000003,-0.026928678367583871,-0.0083488390599027809,0.49651369932989575,1.2083671216082501,0.81613429237300472,0.5087181200796882,0.31509138609061105
0.10000000000000001,6,19.5,-0.027175433010888428,-0.0084358699318239395,0.49654243567426964,1.208298154381753,0.81607683515006546,0.50867914719400531,0.31506097446532361
0.10000000000000001,6,19.550000000000001,-0.027424124352156888,-0.0085237129617598256,0.49657144018155958,1.208228543564257,0.81601887867168466,0.50863981575858297,0.31503028443527797
0.10000000000000001,6,19.600000000000001,-0.027674762700604816,-0.0086123751174674145,0.49660071515241877,1.2081582836341949,0.81596041934142582,0.50860012278568523,0.31499931371346035
0.10000000000000001,6,19.650000000000002,-0.027927358331277387,-0.0087018634145796872,0.49663026290330864,1.2080873690320593,0.81590145355131205,0.50856006526915276,0.31496805999896466
0.10000000000000001,6,19.700000000000003,-0.028181921483069763,-0.00879218491669553,0.49666008576652798,1.2080157941603329,0.81584197768287448,0.50851964018890194,0.31493652097568553
0.10000000000000001,6,19.75,-0.028438462356720217,-0.0088833467354644292,0.49669018609024146,1.2079435533834204,0.815781988108637,0.50847884451792236,0.3149046943102885
0.10000000000000001,6,19.800000000000001,-0.028696991112775669,-0.0089753560306655156,0.49672056623850536,1.207870641027587,0.81572148119115362,0.50843767521518113,0.31487257765425725
0.10000000000000001,6,19.850000000000001,-0.028957517869529093,-0.0090682200102809463,0.49675122859129178,1.2077970513808995,0.81566045327764636,0.50839612919414434,0.31484016865366982
0.10000000000000001,6,19.900000000000002,-0.029220052700929929,-0.0091619459305633481,0.49678217554451126,1.207722778693173,0.81559890070736907,0.5083542033622811,0.31480746493717199
0.10000000000000001,6,19.950000000000003,-0.029484605634466601,-0.0092565410960972171,0.49681340951003272,1.2076478171759215,0.81553681980921433,0.50831189460507042,0.31477446412025428
0.10000000000000001,6,20,-0.029751186649021912,-0.0093520128598544947,0.49684493291570186,1.2075721610023156,0.81547420690249228,0.50826919978956198,0.31474116380476236
0.10000000000000001,6,20.050000000000001,-0.03001980567270077,-0.0094483686232433202,0.49687674820535749,1.2074958043071418,0.81541105829757621,0.50822611576667454,0.31470756157851837
0.10000000000000001,6,20.100000000000001,-0.030290472580630924,-0.0095456158361507271,0.4969088578388452,1.2074187411867714,0.8153473702962778,0.50818263937154062,0.3146736550152997
0.10000000000000001,6,20.150000000000002,-0.030563197192736438,-0.0096437619969786045,0.49694126429202978,1.2073409656991285,0.81528313919203843,0.50813876742249664,0.31463944167506597
0.10000000000000001,6,20.200000000000003,-0.030837989271484265,-0.0097428146526728557,0.49697397005680433,1.2072624718636695,0.81521836127001923,0.5080944967193155,0.3146049191043277
0.10000000000000001,6,20.25,-0.031114858519603869,-0.0098427813987455454,0.49700697764109791,1.2071832536613649,0.81515303280717488,0.50804982404128152,0.31457008483654764
0.10000000000000001,6,20.300000000000001,-0.03139381457778026,-0.0099436698792903112,0.49704028956888052,1.2071033050346867,0.81508715007239796,0.50800474614570568,0.3145349363924676
0.10000000000000001,6,20.350000000000001,-0.031674867022320363,-0.01004548778698993,0.49707390838016552,1.2070226198876026,0.81502070932681669,0.50795925976748035,0.31449947128025252
0.10000000000000001,6,20.400000000000002,-0.031958025362793359,-0.010148242863117125,0.49710783663100999,1.2069411920855759,0.81495370682433144,0.50791336162027123,0.31446368699534366
0.10000000000000001,6,20.450000000000003,-0.032243299039644388,-0.010251942897527138,0.49714207689351236,1.2068590154555701,0.81488613881247762,0.50786704839994568,0.31442758101991392
0.10000000000000001,6,20.5,-0.032530697421782773,-0.010356595728643083,0.4971766317558074,1.2067760837860622,0.81481800153369888,0.50782031679083606,0.31439115082181601
0.10000000000000001,6,20.550000000000001,-0.032820229804144598,-0.010462209243433107,0.49721150381519452,1.2066923908435332,0.81474929122711592,0.50777316347543633,0.31435439385291658
0.10000000000000001,6,20.600000000000001,-0.033111905405229292,-0.010568791377379379,0.49724669569719543,1.2066079303267307,0.81468000412755259,0.50772558512467669,0.31431730755085663
0.10000000000000001,6,20.650000000000002,-0.03340573336461182,-0.010676350114438914,0.497282210039446,1.2065226959053295,0.81461013645975455,0.50767757835412697,0.31427988934729212
0.10000000000000001,6,20.700000000000003,-0.033701722740429318,-0.010784893486995965,0.49731804949412362,1.2064366812141032,0.81453968444672509,0.50762913977883584,0.3142421366577951
0.10000000000000001,6,20.75,-0.033999882506843646,-0.01089442957580568,0.49735421672937691,1.2063498798494952,0.81446864430705812,0.50758026599167683,0.31420404688554732
0.10000000000000001,6,20.800000000000001,-0.034300221551479507,-0.011004966509928861,0.49739071442930444,1.2062622853696694,0.81439701225595473,0.50753095356801647,0.3141656174210119
0.10000000000000001,6,20.850000000000001,-0.034602748672838392,-0.011116512466658048,0.49742754529393007,1.2061738912945679,0.81432478450607559,0.50748119906879263,0.31412684564168608
0.10000000000000001,6,20.900000000000002,-0.034907472577689391,-0.011229075671433879,0.49746471203917569,1.2060846911059782,0.81425195726807276,0.50743099904102618,0.31408772891214598
0.10000000000000001,6,20.950000000000003,-0.035214401878436469,-0.0113426643977525,0.49750221739683026,1.2059946782476074,0.81417852675090641,0.50738035001655124,0.31404826458429436
0.10000000000000001,6,21,-0.035523545090462967,-0.011457286967063263,0.49754006411451612,1.2059038461251612,0.8141044891620427,0.50732924850975025,0.31400844999772437
0.10000000000000001,6,21.050000000000001,-0.035834910629454146,-0.011572951748656459,0.49757825495565222,1.2058121881064345,0.81402984070763407,0.5072776910150798,0.31396828248011149
0.10000000000000001,6,21.100000000000001,-0.036148506808696849,-0.011689667159541409,0.4976167926994135,1.2057196975214075,0.81395457759278322,0.50722567400517393,0.31392775934754485
0.10000000000000001,6,21.150000000000002,-0.036464341836358549,-0.011807441664314043,0.49765568014068728,1.2056263676623504,0.81387869602198837,0.50717319393031135,0.31388687790471126
0.10000000000000001,6,21.200000000000003,-0.036782423812744755,-0.01192628377501443,0.49769492009002642,1.2055321917839363,0.81380219219987626,0.50712024722003124,0.31384563544484295
0.10000000000000001,6,21.25,-0.037102760727535919,-0.012046202050973454,0.49773451537359836,1.2054371631033638,0.81372506233231734,0.50706683028768562,0.31380402924934236
0.10000000000000001,6,21.300000000000001,-0.037425360457004744,-0.012167205098648916,0.49777446883313115,1.2053412748004853,0.81364730262802887,0.50701293953871329,0.31376205658699485
0.10000000000000001,6,21.350000000000001,-0.037750230761213047,-0.012289301571450584,0.49781478332585588,1.2052445200179458,0.81356890930076808,0.50695857138342237,0.31371971471268251
0.10000000000000001,6,21.400000000000002,-0.038077379281190329,-0.012412500169553902,0.49785546172444484,1.2051468918613324,0.81348987856836652,0.50690372222405045,0.3136770008687349
0.10000000000000001,6,21.450000000000003,-0.038406813536093688,-0.01253680963970265,0.49789650691391318,1.2050483834066084,0.81341020664564434,0.5068483883980931,0.3136339122922871
0.10000000000000001,6,21.5,-0.038738540920349673,-0.012662238774999605,0.49793792179334684,1.2049489876959676,0.81332988975428755,0.50679256625035596,0.3135904462070217
0.10000000000000001,6,21.550000000000001,-0.039072568700779256,-0.012788796414685652,0.49797970928854557,1.2048486977074904,0.81324892412030025,0.50673625210343543,0.31354659982546573
0.10000000000000001,6,21.600000000000001,-0.039408904013705649,-0.012916491443906691,0.49802187233325562,1.2047475064001862,0.8131673059751745,0.50667944226439088,0.3135023703492314
0.10000000000000001,6,21.650000000000002,-0.039747553862046613,-0.013045332793468426,0.49806441387629929,1.2046454066968817,0.81308503155690315,0.50662213302912862,0.31345775496913653
0.10000000000000001,6,21.700000000000003,-0.040088525112391159,-0.013175329439578455,0.49810733688149011,1.2045423914844238,0.81300209711066262,0.50656432068321955,0.31341275086539239
0.10000000000000001,6,21.75,-0.040431824492061723,-0.013306490403575889,0.49815064432754314,1.2044384536138963,0.81291849888927259,0.50650600150023961,0.31336735520783626
0.10000000000000001,6,21.800000000000001,-0.040777458586162357,-0.01343882475164809,0.49819433920798195,1.2043335859008433,0.81283423315354042,0.50644717173871734,0.3133215651561877
0.10000000000000001,6,21.850000000000001,-0.041125433834613728,-0.013572341594533853,0.49823842453104017,1.2042277811255035,0.81274929617259395,0.50638782763877821,0.31327537786030624
0.10000000000000001,6,21.900000000000002,-0.041475756529175692,-0.01370705008721371,0.49828290331955943,1.2041210320330571,0.81266368422431257,0.50632796541957115,0.31322879046042923
0.10000000000000001,6,21.950000000000003,-0.041828432810458185,-0.013842959428586342,0.49832777861088251,1.2040133313338819,0.81257739359596204,0.50626758127856564,0.3131818000873684
0.10000000000000001,6,22,-0.042183468664921307,-0.013980078861131265,0.49837305345674199,1.2039046717038191,0.81249042058514176,0.5062066713938046,0.31313440386264246
0.10000000000000001,6,22.050000000000001,-0.042540869921865163,-0.014118417670557446,0.4984187309231442,1.2037950457844537,0.81240276150115165,0.50614523193020178,0.31308659889852541
0.10000000000000001,6,22.100000000000001,-0.042900642250410653,-0.014257985185437569,0.49846481409024829,1.203684446183404,0.8123144126668872,0.50608325905097085,0.31303838229798742
0.10000000000000001,6,22.150000000000002,-0.043262791156471983,-0.014398790776827864,0.49851130605224109,1.2035728654746214,0.81222537042137077,0.50602074893527105,0.312989751154508
0.10000000000000001,6,22.200000000000003,-0.043627321979721273,-0.014540843857873138,0.49855820991720629,1.2034602961987046,0.81213563111879994,0.5059576977607837,0.31294070255258494
0.10000000000000001,6,22.25,-0.043994239890547168,-0.014684153883396826,0.49860552880189563,1.2033467308754506,0.81204519112097984,0.50589410162507609,0.31289123357044107
0.10000000000000001,6,22.300000000000001,-0.04436354988700747,-0.014828730349475761,0.49865326583951386,1.2032321619851667,0.81195404680829042,0.50582995664492869,0.31284134127759605
0.10000000000000001,6,22.350000000000001,-0.044735256791776951,-0.014974582792999559,0.49870142418624924,1.2031165819530016,0.81186219457696418,0.50576525891689839,0.31279102273522169
0.10000000000000001,6,22.400000000000002,-0.045109365249091822,-0.015121720791214193,0.4987500070043685,1.2029999831895157,0.81176963084056231,0.50570000452568953,0.31274027499672286
0.10000000000000001,6,22.450000000000003,-0.045485879721691158,-0.015270153961249758,0.4987990174693076,1.2028823580736618,0.81167635203125299,0.50563418954978989,0.31268909510814757
0.10000000000000001,6,22.5,-0.04586480448775658,-0.015419891959631858,0.49884845876951023,1.2027636989531754,0.81158235460070616,0.50556781006256479,0.31263748010849529
0.10000000000000001,6,22.550000000000001,-0.046246143637851615,-0.015570944481776781,0.49889833410626128,1.2026439981449728,0.81148763502072974,0.50550086213019374,0.31258542702995257
0.10000000000000001,6,22.600000000000001,-0.046629901071860977,-0.015723321261469796,0.49894864669351441,1.2025232479355652,0.81139218978376781,0.50543334180783828,0.31253293289808792
0.10000000000000001,6,22.650000000000002,-0.047016080495931346,-0.015877032070326653,0.49899939975771451,1.2024014405814853,0.81129601540338714,0.50536524513542458,0.31247999473203442
0.10000000000000001,6,22.700000000000003,-0.04740468541941513,-0.016032086717237898,0.49905059653761391,1.2022785683097263,0.81119910841487253,0.50529656813442791,0.31242660954469137
0.10000000000000001,6,22.75,-0.047795719151817184,-0.016188495047795824,0.49910224028408351,1.2021546233181997,0.81110146537605854,0.50522730680704442,0.31237277434297439
0.10000000000000001,6,22.800000000000001,-0.048189184799746966,-0.016346266943703554,0.49915433425991723,1.2020295977761988,0.8110030828685203,0.50515745713913685,0.31231848612814495
0.10000000000000001,6,22.850000000000001,-0.048585085263876185,-0.016505412322166638,0.49920688173963162,1.2019034838248841,0.81090395749924804,0.50508701510833864,0.31226374189624856
0.10000000000000001,6,22.900000000000002,-0.048983423235903781,-0.016665941135266059,0.49925988600925841,1.2017762735777797,0.81080408590293351,0.50501597669870391,0.31220853863869302
0.10000000000000001,6,22.950000000000003,-0.049384201195529158,-0.016827863369313124,0.49931335035913876,1.2016479591380671,0.81070346474499089,0.50494433792328852,0.31215287334299546
0.10000000000000001,6,23,-0.049787421407434945,-0.016991189044185669,0.49936727809700754,1.2015185325671818,0.81060209072038436,0.50487209480237549,0.3120967429927537
0.10000000000000001,6,23.050000000000001,-0.050193085918280866,-0.017155928212645416,0.49942167254968839,1.2013879858807479,0.81049996054539164,0.50479924326199155,0.3120401445661492
0.10000000000000001,6,23.100000000000001,-0.050601196553708795,-0.017322090959636043,0.49947653704708145,1.2012563110870043,0.8103970709705961,0.5047257792607317,0.3119830750382408
0.10000000000000001,6,23.150000000000002,-0.051011754915362154,-0.017489687401562107,0.49953187492947493,1.2011235001692602,0.81029341877707006,0.50465169874135407,0.31192553138043422
0.10000000000000001,6,23.200000000000003,-0.05142476237791916,-0.017658727685548159,0.49958768954730015,1.2009895450864796,0.81018900077837996,0.50457699764060604,0.31186751056118356
0.10000000000000001,6,23.25,-0.051840220086142225,-0.017829221988678111,0.4996439842608808,1.2008544377738859,0.81008381382228756,0.50450167189596506,0.3118090095465505
0.10000000000000001,6,23.300000000000001,-0.05225812895194476,-0.018001180517214554,0.4997007624401747,1.2007181701435807,0.80997785479192375,0.50442571744695652,0.31175002530059798
0.10000000000000001,6,23.350000000000001,-0.052678489651476146,-0.018174613505797525,0.4997580274645097,1.2005807340851766,0.80987112060660305,0.50434913023271222,0.31169055478567093
0.10000000000000001,6,23.400000000000002,-0.053101302622226981,-0.018349531216622899,0.49981578272231197,1.2004421214664511,0.80976360822244076,0.50427190618742568,0.31163059496261675
0.10000000000000001,6,23.450000000000003,-0.053526568060155488,-0.018525943938599833,0.49987403161082822,1.2003023241340123,0.80965531463293827,0.50419404123536637,0.3115701427909976
0.10000000000000001,6,23.5,-0.053954285916836611,-0.018703861986487144,0.4999327775358402,1.2001613339139834,0.80954623686970306,0.50411553128710918,0.31150919522934717
0.10000000000000001,6,23.550000000000001,-0.054384455896635361,-0.01888329570000849,0.49999202391059694,1.2000191426145672,0.80943637200346974,0.50403637223864117,0.31144774923552476
0.10000000000000001,6,23.600000000000001,-0.054817077453905377,-0.019064255442945918,0.50005177414169633,1.1998757420599289,0.80932571714558743,0.50395655997500355,0.31138580176721864
0.10000000000000001,6,23.650000000000002,-0.05525214979021472,-0.019246751602211454,0.50011203167474694,1.1997311239806072,0.80921426945014285,0.50387609038012804,0.31132334978265114
0.10000000000000001,6,23.700000000000003,-0.055689671851599939,-0.019430794586897119,0.50017279994667685,1.1995852801279756,0.80910202611688697,0.50379495935452789,0.31126039024153868
0.10000000000000001,6,23.75,-0.056129642325849965,-0.019616394827302312,0.50023408240141676,1.1994382022365997,0.80898898439513156,0.50371316284250189,0.31119692010635847
0.10000000000000001,6,23.800000000000001,-0.056572059639821475,-0.01980356277393899,0.50029588248957124,1.1992898820250291,0.80887514158243345,0.50363069680547601,0.31113293634169842
0.10000000000000001,6,23.850000000000001,-0.057016921956786822,-0.019992308896513655,0.50035820366808248,1.1991403111966019,0.80876049501358593,0.50354755710023746,0.31106843591115996
0.10000000000000001,6,23.900000000000002,-0.05746422717381635,-0.020182643682887264,0.50042104939988719,1.1989894814402706,0.80864504207694121,0.50346373963267133,0.31100341578272106
0.10000000000000001,6,23.950000000000003,-0.057913972919196685,-0.020374577638011114,0.50048442315356467,1.1988373844314448,0.80852878021002217,0.5033792402983942,0.31093787292663466
0.10000000000000001,6,24,-0.058366156549885986,-0.020568121282839913,0.50054832840297891,1.1986840118328506,0.80841170690178787,0.50329405499513102,0.31087180431679012
0.10000000000000001,6,24.050000000000001,-0.058820775149008311,-0.020763285153220994,0.50061276862691073,1.1985293552954142,0.80829381969461478,0.50320817963114561,0.3108052069317026
0.10000000000000001,6,24.100000000000001,-0.059277825523388006,-0.020960079798760023,0.50067774730868386,1.1983734064591587,0.80817511618570559,0.5031216101269248,0.31073807775507228
0.10000000000000001,6,24.150000000000002,-0.059737304201126357,-0.021158515781662134,0.50074326792037183,1.1982161569911076,0.808055594028107,0.50303434241217981,0.3106704137760456
0.10000000000000001,6,24.200000000000003,-0.060199207429221142,-0.021358603675549582,0.50080933396459715,1.1980575984849668,0.80793525093151752,0.50294637242023177,0.31060221198931243
0.10000000000000001,6,24.25,-0.060663531171231549,-0.021560354064254397,0.50087594893986487,1.1978977225443244,0.80781408466306592,0.50285769608184594,0.31053346939517212
0.10000000000000001,6,24.300000000000001,-0.061130271104989496,-0.021763777540586737,0.50094311634376298,1.1977365207749688,0.80769209304824441,0.50276830932057959,0.31046418299970213
0.10000000000000001,6,24.350000000000001,-0.061599422620358515,-0.021968884705078164,0.50101083967642923,1.1975739847765698,0.80756927397217926,0.50267820805170937,0.31039434981516201
0.10000000000000001,6,24.400000000000002,-0.06207098081704291,-0.022175686164700201,0.50107912244012787,1.197410106143693,0.80744562538142084,0.50258738818680315,0.31032396686076619
0.10000000000000001,6,24.450000000000003,-0.062544940502447396,-0.02238419253155758,0.50114796813881779,1.1972448764668373,0.80732114528644072,0.50249584564600158,0.3102530311639588
0.10000000000000001,6,24.5,-0.063021296189589918,-0.022594414421555905,0.50121738027771312,1.1970782873334884,0.80719583176501941,0.50240357638007482,0.3101815397623241
0.10000000000000001,6,24.550000000000001,-0.063500042095068265,-0.022806362453044245,0.50128736236283455,1.196910330329197,0.80706968296671033,0.50231057640431942,0.31010948970626506
0.10000000000000001,6,24.600000000000001,-0.063981172137082459,-0.023020047245431413,0.50135791790055284,1.1967409970386731,0.80694269711122879,0.50221684176527381,0.31003687805710634
0.10000000000000001,6,24.650000000000002,-0.06446467993351486,-0.023235479417776872,0.50142905038597352,1.1965702790736634,0.80681487247522943,0.50212236839100455,0.30996370187941974
0.10000000000000001,6,24.700000000000003,-0.064950558800068517,-0.023452669587355285,0.50150076332514304,1.1963981680196567,0.80668620741179886,0.50202715228124772,0.30988995825302335
0.10000000000000001,6,24.75,-0.065438801748466086,-0.023671628368194919,0.50157306023324644,1.1962246554402085,0.80655670034590932,0.50193118943183124,0.30981564426706454
0.10000000000000001,6,24.800000000000001,-0.065929401484710923,-0.023892366369589906,0.50164594461331369,1.1960497329280471,0.80642634977683514,0.50183447585122354,0.30974075702280313
0.10000000000000001,6,24.850000000000001,-0.066422350407410943,-0.024114894194585602,0.50171941996631153,1.1958733920808522,0.80629515428032172,0.50173700757169193,0.3096652936355172
0.10000000000000001,6,24.900000000000002,-0.066917640606168005,-0.024339222438437641,0.50179348979063454,1.195695624502477,0.80616311251016415,0.5016387806516357,0.30958925123537501
0.10000000000000001,6,24.950000000000003,-0.067415263860032951,-0.024565361687044221,0.50186815758158765,1.1955164218041896,0.80603022319938655,0.50153979117178671,0.3095126269675858
0.10000000000000001,6,25,-0.06791521163602951,-0.024793322515351171,0.50194342683085946,1.1953357756059373,0.80589648516120882,0.50144003522796632,0.30943541799214086
0.10000000000000001,6,25.050000000000001,-0.06841747508774644,-0.025023115485730607,0.50201930102598713,1.1951536775376308,0.80576189728999215,0.50133950892308943,0.30935762148345775
0.10000000000000001,6,25.100000000000001,-0.06892204505400118,-0.025254751146331841,0.50209578364931418,1.194970119241646,0.80562645856235027,0.50123820836110822,0.30927923463023937
0.10000000000000001,6,25.150000000000002,-0.069428912057575592,-0.025488240029405515,0.50217287815499667,1.1947850924280079,0.80549016803862139,0.50113612964558352,0.30920025463586037
0.10000000000000001,6,25.200000000000003,-0.069938066304025159,-0.02572359264960028,0.50225058803855138,1.1945985887074766,0.80535302486488858,0.50103326888557642,0.30912067871959259
0.10000000000000001,6,25.25,-0.070449497680563494,-0.025960819502232238,0.5023289167653735,1.1944105997631036,0.80521502827574498,0.50092962221155002,0.30904050411898265
0.10000000000000001,6,25.300000000000001,-0.070963195755023273,-0.026199931061526578,0.5024078677938939,1.1942211172946546,0.80507617759799321,0.5008251858039714,0.30895972809369221
0.10000000000000001,6,25.350000000000001,-0.071479149774894779,-0.026440937778832233,0.5024874445749905,1.1940301330200227,0.80493647225547849,0.50071995593730645,0.30887834793111529
0.10000000000000001,6,25.400000000000002,-0.071997348666443972,-0.026683850080808393,0.50256765055138863,1.1938376386766671,0.80479591176750098,0.50061392893848167,0.30879636094252139
0.10000000000000001,6,25.450000000000003,-0.07251778103391078,-0.026928678367583871,0.50264848915705407,1.1936436260230703,0.80465449573649217,0.50050710098674867,0.30871376444002002
0.10000000000000001,6,25.5,-0.073040435158789274,-0.027175433010888428,0.5027299638165752,1.1934480868402195,0.80451222386730947,0.50039946836362592,0.30863055576630805
0.10000000000000001,6,25.550000000000001,-0.073565298999191189,-0.027424124352156888,0.50281207793921612,1.1932510129458813,0.80436909596139405,0.50029102736232012,0.3085467322860781
0.10000000000000001,6,25.600000000000001,-0.074092360189293369,-0.027674762700604816,0.50289483491241482,1.1930523962102044,0.80422511192032009,0.5001817743030128,0.30846229138735254
0.10000000000000001,6,25.650000000000002,-0.074621606038871163,-0.027927358331277387,0.50297823815045528,1.1928522284389074,0.80408027174869645,0.50007170554407954,0.30837723048286569
0.10000000000000001,6,25.700000000000003,-0.075153023532918223,-0.028181921483069763,0.50306229103406519,1.1926505015182436,0.80393457555611325,0.49996081748441557,0.30829154701087541
0.10000000000000001,6,25.75,-0.075686599331354673,-0.028438462356720217,0.5031469969313731,1.1924472073647046,0.80378802355842094,0.49984910655959952,0.30820523843558723
0.10000000000000001,6,25.800000000000001,-0.07622231976882414,-0.028696991112775669,0.5032323591972373,1.1922423379266305,0.80364061607863579,0.49973656923463,0.30811830224737291
0.10000000000000001,6,25.850000000000001,-0.076760170854580784,-0.028957517869529093,0.50331838117256433,1.1920358851858455,0.80349235354776172,0.49962320199596694,0.30803073596296748
0.10000000000000001,6,25.900000000000002,-0.077300138272467747,-0.029220052700929929,0.50340506618361913,1.1918278411593139,0.80334323650582296,0.49950900134561227,0.30794253712582514
0.10000000000000001,6,25.950000000000003,-0.07784220738098821,-0.029484605634466601,0.50349241754132601,1.1916181979008176,0.80319326560340387,0.4993939637999622,0.30785370330681949
0.10000000000000001,6,26,-0.078386363213469062,-0.029751186649021912,0.50358043851241641,1.1914069475702005,0.80304244160398863,0.49927808589616507,0.30776423210546811
0.10000000000000001,6,26.050000000000001,-0.078932590478319506,-0.03001980567270077,0.50366913240119049,1.1911940822371427,0.80289076538740434,0.49916136420871754,0.3076741211518661
0.10000000000000001,6,26.100000000000001,-0.079480873559384282,-0.030290472580630924,0.5037585024699891,1.190979594072026,0.80273823795465993,0.49904379537903298,0.30758336810951015
0.10000000000000001,6,26.150000000000002,-0.080031196516393371,-0.030563197192736438,0.50384855196120071,1.1907634752931182,0.80258486043448751,0.49892537616071458,0.30749197067919615
0.10000000000000001,6,26.200000000000003,-0.080583543085508302,-0.030837989271484265,0.50393928409824251,1.1905457181642178,0.80243063408049908,0.49880610337553727,0.30739992659635273
0.10000000000000001,6,26.25,-0.081137896679966515,-0.031114858519603869,0.50403070208480716,1.1903263149964627,0.80227556025129221,0.4986859737105942,0.30730723361796269
0.10000000000000001,6,26.300000000000001,-0.08169424039082393,-0.03139381457778026,0.50412280910410123,1.190105258150157,0.80211964043942918,0.49856498397487181,0.30721388954165274
0.10000000000000001,6,26.350000000000001,-0.082252556987796654,-0.031674867022320363,0.5042156083123025,1.189882540050474,0.80196287626291674,0.49844313100197352,0.30711989219891372
0.10000000000000001,6,26.400000000000002,-0.082812828920202808,-0.031958025362793359,0.50430910282809305,1.1896581532125767,0.8018052694687744,0.49832041166966939,0.30702523945785476
0.10000000000000001,6,26.450000000000003,-0.083375038318004663,-0.032243299039644388,0.50440329579532273,1.1894320900912254,0.80164682193613179,0.49819682291343892,0.30692992922523554
0.10000000000000001,6,26.5,-0.083939166992951841,-0.032530697421782773,0.5044981903074609,1.1892043432620938,0.80148753567832054,0.4980723617292826,0.30683395944748554
0.10000000000000001,6,26.550000000000001,-0.084505196439826402,-0.032820229804144598,0.50459378943355193,1.1889749053594754,0.80132741284426467,0.49794702516909845,0.30673732811102777
0.10000000000000001,6,26.600000000000001,-0.085073107837789416,-0.033111905405229292,0.50469009621740224,1.1887437690782345,0.80116645571947309,0.49782081033191522,0.30664003324222444
0.10000000000000001,6,26.650000000000002,-0.085642882051830641,-0.03340573336461182,0.50478711367675844,1.1885109271757797,0.80100466672694504,0.49769371435427928,0.3065420729072616
0.10000000000000001,6,26.700000000000003,-0.08621449963432079,-0.033701722740429318,0.50488484480247775,1.1882763724740533,0.80084204842829421,0.49756573440308755,0.30644344521229033
0.10000000000000001,6,26.75,-0.086787940826666937,-0.033999882506843646,0.50498329252783791,1.1880400979331889,0.80067860352540365,0.49743686767416212,0.30634414830414169
0.10000000000000001,6,26.800000000000001,-0.087363185561071907,-0.034300221551479507,0.50508245981121991,1.1878020964530722,0.800514334862923,0.49730711139985984,0.30624418037193274
0.10000000000000001,6,26.850000000000001,-0.087940213462396638,-0.034602748672838392,0.50518234956351937,1.1875623610475534,0.80034924543192087,0.49717646286901251,0.30614353964988117
0.10000000000000001,6,26.900000000000002,-0.088519003850126815,-0.034907472577689391,0.50528296465957601,1.1873208848170176,0.80018333837500755,0.49704491946249085,0.30604222442164541
0.10000000000000001,6,26.950000000000003,-0.089099535740443991,-0.035214401878436469,0.50538430794307188,1.1870776609366274,0.80001661699324556,0.49691247870768729,0.30594023302650802
0.10000000000000001,6,27,-0.089681787848399377,-0.035523545090462967,0.50548638222565412,1.1868326826584301,0.79984908474334038,0.49677913822465575,0.30583756385412147
0.10000000000000001,6,27.050000000000001,-0.090265738590193684,-0.035834910629454146,0.5055891902860512,1.1865859433134771,0.7996807452154282,0.49664489548503843,0.30573421532348455
0.10000000000000001,6,27.100000000000001,-0.090851366085558757,-0.036148506808696849,0.50569273483549193,1.1863374363948194,0.79951160216387762,0.49650974811976656,0.30563018591404556
0.10000000000000001,6,27.150000000000002,-0.091438648160244801,-0.036464341836358549,0.50579701861266113,1.1860871553296133,0.79934165949982117,0.49637369379744017,0.30552547415155973
0.10000000000000001,6,27.200000000000003,-0.092027562348610564,-0.036782423812744755,0.50590204429709074,1.1858350936869821,0.79917092129440914,0.49623673025043163,0.30542007861337406
0.10000000000000001,6,27.25,-0.092618085896316857,-0.037102760727535919,0.50600781452684795,1.185581245135565,0.79899939178170198,0.49609885529263953,0.30531399793205316
0.10000000000000001,6,27.300000000000001,-0.093210195763123935,-0.037425360457004744,0.50611433190255462,1.1853256034338688,0.7988270753606489,0.49596006682329291,0.30520723079687306
0.10000000000000001,6,27.350000000000001,-0.093803868625790876,-0.037750230761213047,0.50622159898646157,1.1850681624324921,0.79865397659643589,0.49582036282105624,0.30509977595382487
0.10000000000000001,6,27.400000000000002,-0.09439908088107804,-0.038077379281190329,0.50632961829169865,1.1848089160999231,0.79848010022149507,0.49567974133268339,0.30499163220477199
0.10000000000000001,6,27.450000000000003,-0.094995808648851016,-0.038406813536093688,0.50643839227880938,1.1845478585308575,0.79830545113645746,0.49553820046047214,0.30488279840640292
0.10000000000000001,6,27.5,-0.095594027775286444,-0.038738540920349673,0.50654792342100941,1.1842849837895775,0.79813003441134334,0.49539573835276768,0.30477327346962296
0.10000000000000001,6,27.550000000000001,-0.096193713836178307,-0.039072568700779256,0.50665821411768797,1.1840202861175488,0.7979538552872798,0.49525235320176564,0.30466305636002755
0.10000000000000001,6,27.600000000000001,-0.096794842140344478,-0.039408904013705649,0.50676926672514644,1.1837537598596486,0.79777691917903804,0.49510804325286428,0.30455214610009962
0.10000000000000001,6,27.650000000000002,-0.097397387733132695,-0.039747553862046613,0.50688108355563766,1.1834853994664696,0.79759923167868352,0.4949628068298153,0.3044405417737745
0.10000000000000001,6,27.700000000000003,-0.098001325400025568,-0.040088525112391159,0.50699366687640079,1.183215199496638,0.79742079856063786,0.49481664237992373,0.30432824253401425
0.10000000000000001,6,27.75,-0.098606629670342949,-0.040431824492061723,0.50710701886861975,1.1829431547153126,0.79724162578844704,0.494669548543546,0.30421524761403507
0.10000000000000001,6,27.800000000000001,-0.099213274821041614,-0.040777458586162357,0.50722114174159505,1.1826692598201718,0.79706171951141658,0.49452152408557809,0.30410155631730335
0.10000000000000001,6,27.850000000000001,-0.099821234880610787,-0.041125433834613728,0.50733603762644952,1.182393509696521,0.79688108604428698,0.49437256759082426,0.30398716797601588
0.10000000000000001,6,27.900000000000002,-0.10043048363306264,-0.041475756529175692,0.50745170860062205,1.182115899358507,0.7966997318979725,0.49422267785034796,0.30387208200718974
0.10000000000000001,6,27.950000000000003,-0.10104099462201679,-0.041828432810458185,0.50756815669164423,1.1818364239400538,0.79651766376937183,0.49407185370520662,0.30375629788704628
0.10000000000000001,6,28,-0.1016527411548776,-0.042183468664921307,0.50768538387614992,1.1815550786972402,0.7963348885452417,0.49392009408395654,0.30363981516098965
0.10000000000000001,6,28.050000000000001,-0.10226569630710303,-0.042540869921865163,0.50780339203981262,1.1812718591044498,0.79615141330567041,0.49376739802702796,0.30352263344980579
0.10000000000000001,6,28.100000000000001,-0.1028798329265635,-0.042900642250410653,0.50792218308429971,1.1809867605976807,0.79596724532649654,0.49361376469133039,0.30340475245138443
0.10000000000000001,6,28.150000000000002,-0.10349512363799039,-0.043262791156471983,0.50804175883651159,1.1806997787923721,0.79578239208094381,0.49345919334113614,0.30328617193934171
0.10000000000000001,6,28.200000000000003,-0.1041115408475116,-0.043627321979721273,0.50816212105952241,1.1804109094571462,0.79559686124073548,0.49330368333129077,0.30316689175992551
0.10000000000000001,6,28.25,-0.10472905674727356,-0.043994239890547168,0.50828327146051133,1.1801201484947728,0.79541066067696098,0.49314723408879729,0.30304691182858212
0.10000000000000001,6,28.300000000000001,-0.105347643320148,-0.04436354988700747,0.50840521168975683,1.1798274919445835,0.79522379846096525,0.49298984509882388,0.30292623212756481
0.10000000000000001,6,28.350000000000001,-0.10596727234452173,-0.044735256791776951,0.50852794328990181,1.1795329361042357,0.79503628286553141,0.49283151590118174,0.30280485270596386
0.10000000000000001,6,28.400000000000002,-0.1065879153991682,-0.045109365249091822,0.50865146784221349,1.1792364771786876,0.79484812236663416,0.49267224610332205,0.30268277368353774
0.10000000000000001,6,28.450000000000003,-0.10720954386819873,-0.045485879721691158,0.50877578682179625,1.1789381116276889,0.79465932564603481,0.49251203541589983,0.30255999525972666
0.10000000000000001,6,28.5,-0.10783212894609204,-0.04586480448775658,0.50890090164123647,1.1786378360610323,0.79446990159499931,0.49235088371695285,0.30243651772922653
0.10000000000000001,6,28.550000000000001,-0.10845564164280061,-0.046246143637851615,0.50902681365117186,1.1783356472371875,0.79427985931941458,0.49218879115074354,0.30231234150550462
0.10000000000000001,6,28.600000000000001,-0.1090800527889309,-0.046629901071860977,0.50915352412086812,1.1780315421099166,0.79408920814089012,0.49202575803644871,0.30218746710087124
0.10000000000000001,6,28.650000000000002,-0.10970533304099697,-0.047016080495931346,0.50928103425612103,1.1777255177853094,0.79389795758784065,0.49186178441338874,0.30206189502057645
0.10000000000000001,6,28.700000000000003,-0.11033145288674484,-0.04740468541941513,0.50940934525164505,1.1774175713960517,0.79370611740709507,0.49169687059997769,0.30193562589343004
0.10000000000000001,6,28.75,-0.11095838265054539,-0.047795719151817184,0.50953845820018451,1.1771077003195571,0.79351369756089163,0.49153101699656376,0.30180866042911014
0.10000000000000001,6,28.800000000000001,-0.11158609249885484,-0.048189184799746966,0.50966837412749133,1.1767959020940209,0.79332070823073286,0.49136422411480296,0.30168099942378201
0.10000000000000001,6,28.850000000000001,-0.11221455244573915,-0.048585085263876185,0.50979909399131962,1.1764821744208329,0.79312715982020587,0.49119649260015968,0.30155264376511609
0.10000000000000001,6,28.900000000000002,-0.11284373235846201,-0.048983423235903781,0.50993061862828615,1.1761665152921132,0.79293306295668176,0.49102782323640853,0.3014235944339913
0.10000000000000001,6,28.950000000000003,-0.11347360196313268,-0.049384201195529158,0.51006294890312442,1.1758489226325013,0.7927384284922453,0.49085821693763315,0.30129385250388901
0.10000000000000001,6,29,-0.11410413085041274,-0.049787421407434945,0.51019608556940133,1.1755293946334369,0.79254326750420612,0.49068767473321812,0.30116341913898309
0.10000000000000001,6,29.050000000000001,-0.11473528848127884,-0.050193085918280866,0.5103300293028904,1.1752079296730631,0.79234759129554289,0.49051619775133032,0.30103229559193173
0.10000000000000001,6,29.100000000000001,-0.11536704419283915,-0.050601196553708795,0.51046478070638834,1.1748845263046679,0.79215141139563694,0.49034378720638555,0.30090048320237611
0.10000000000000001,6,29.150000000000002,-0.11599936720420155,-0.051011754915362154,0.51060034026968149,1.1745591833527644,0.79195473956165008,0.49017044439599655,0.30076798339715199
0.10000000000000001,6,29.200000000000003,-0.11663222662239106,-0.05142476237791916,0.51073670846315133,1.1742318996884367,0.79175758778090921,0.48999617071289803,0.30063479769321932
0.10000000000000001,6,29.25,-0.11726559144831405,-0.051840220086142225,0.51087388568697856,1.1739026743512515,0.79155996827465247,0.48982096767734595,0.30050092770431514
0.10000000000000001,6,29.300000000000001,-0.11789943058276708,-0.05225812895194476,0.51101187224226174,1.1735715066185717,0.79136189350350661,0.48964483699548539,0.30036637515233611
0.10000000000000001,6,29.350000000000001,-0.11853371283248734,-0.052678489651476146,0.51115066835225431,1.1732383959545896,0.79116337617505617,0.48946778064918478,0.30023114188445521
0.10000000000000001,6,29.400000000000002,-0.11916840691624286,-0.053101302622226981,0.51129027412680539,1.1729033420956669,0.79096442923819854,0.4892898008103907,0.30009522985823794
0.10000000000000001,6,29.450000000000003,-0.1198034814709599,-0.053526568060155488,0.51143068963479754,1.1725663448764858,0.7907650658539519,0.48911089943058073,0.29995864106887715
0.10000000000000001,6,29.5,-0.12043890505788449,-0.053954285916836611,0.51157191489028908,1.1722274042633061,0.79056529943659304,0.48893107875080144,0.29982137764149425
0.10000000000000001,6,29.550000000000001,-0.12107464616877611,-0.054384455896635361,0.51171394979566642,1.1718865204904005,0.79036514364098343,0.48875034111650706,0.29968344179739242
0.10000000000000001,6,29.600000000000001,-0.12171067323213057,-0.054817077453905377,0.51185679417076613,1.1715436939901613,0.79016461236504365,0.4885686890102825,0.2995448358619418
0.10000000000000001,6,29.650000000000002,-0.12234695461942971,-0.05525214979021472,0.51200044771246611,1.1711989254900812,0.78996371975205948,0.48838612507464169,0.29940556227004689
0.10000000000000001,6,29.700000000000003,-0.12298345865141522,-0.055689671851599939,0.5121449100832246,1.170852215800261,0.78976248019199358,0.48820265211548836,0.29926562356759029
0.10000000000000001,6,29.75,-0.12362015360438411,-0.056129642325849965,0.51229018087842204,1.1705035658917871,0.78956090832211057,0.48801827309236606,0.29912502241012145
0.10000000000000001,6,29.800000000000001,-0.12425700771650283,-0.056572059639821475,0.51243625957863326,1.1701529770112802,0.78935901902722039,0.4878329911016242,0.29898376156006062
0.10000000000000001,6,29.850000000000001,-0.12489398919413736,-0.057016921956786822,0.51258314557740203,1.169800450614235,0.78915682743984927,0.48764680935862581,0.29884184388368795
0.10000000000000001,6,29.900000000000002,-0.12553106621819735,-0.05746422717381635,0.51273083812598164,1.169445988497644,0.7889543489406512,0.48745973118512342,0.2986992723491862
0.10000000000000001,6,29.950000000000003,-0.12616820695049066,-0.057913972919196685,0.51287933647794581,1.1690895924529301,0.78875159915937088,0.48727176000793032,0.29855605002700814
0.10000000000000001,6,30,-0.12680537954008603,-0.058366156549885986,0.51302863977793756,1.1687312645329497,0.78854859397667165,0.48708289937501242,0.29841218009383713
0.10000000000000001,6,30.050000000000001,-0.12744255212968145,-0.058820775149008311,0.51317874706285438,1.1683710070491495,0.78834534952714752,0.48689315299512742,0.29826766584141118
0.10000000000000001,6,30.100000000000001,-0.12807969286197471,-0.059277825523388006,0.51332965727379898,1.1680088225428824,0.78814188220383474,0.48670252480713833,0.29812251069147955
0.10000000000000001,6,30.150000000000002,-0.12871676988603475,-0.059737304201126357,0.51348136919815257,1.1676447139244337,0.78793820866452835,0.48651101908489014,0.29797671821811517
0.10000000000000001,6,30.200000000000003,-0.12935375136366933,-0.060199207429221142,0.51363388166716284,1.1672786839988092,0.78773434581606216,0.48631864014727721,0.29783029208950051
0.10000000000000001,6,30.25,-0.12999060547578792,-0.060663531171231549,0.51378719334806655,1.1669107359646402,0.78753031081273073,0.48612539224764723,0.29768323604146679
0.10000000000000001,6,30.300000000000001,-0.13062730042875689,-0.061130271104989496,0.51394130281375849,1.1665408732469795,0.78732612107222766,0.4859312799207709,0.29753555395463771
0.10000000000000001,6,30.350000000000001,-0.1312638044607424,-0.061599422620358515,0.51409620850439386,1.1661690995894547,0.78712179426777673,0.48573630783693766,0.29738724982512654
0.10000000000000001,6,30.400000000000002,-0.13190008584804147,-0.06207098081704291,0.5142519087981684,1.1657954188843958,0.78691734833193239,0.48554048083203838,0.29723832776878745
0.10000000000000001,6,30.450000000000003,-0.13253611291139597,-0.062544940502447396,0.51440840202164251,1.165419835148058,0.78671280145842459,0.48534380391949783,0.2970887920232268
0.10000000000000001,6,30.5,-0.13317185402228757,-0.063021296189589918,0.5145656863631104,1.165042352728535,0.78650817210254609,0.48514628228887269,0.29693864694817051
0.10000000000000001,6,30.550000000000001,-0.13380727760921221,-0.063500042095068265,0.51472375991298613,1.1646629762088332,0.78630347898058628,0.48494792129592768,0.29678789702478359
0.10000000000000001,6,30.600000000000001,-0.13444235216392925,-0.063981172137082459,0.51488262058065548,1.1642817106064267,0.78609874106881494,0.4847487264490043,0.29663654685453716
0.10000000000000001,6,30.650000000000002,-0.1350770462476848,-0.06446467993351486,0.51504226634096373,1.163898560781687,0.78589397760252422,0.4845487033964968,0.29648460115822023
0.10000000000000001,6,30.700000000000003,-0.13571132849740503,-0.064950558800068517,0.5152026949868741,1.1635135320315022,0.78568920807564036,0.48434785792024854,0.29633206477569096
0.10000000000000001,6,30.75,-0.136345167631858,-0.065438801748466086,0.51536390421098011,1.1631266298936478,0.78548445224141683,0.48414619593968317,0.29617894266696426
0.10000000000000001,6,30.800000000000001,-0.13697853245778105,-0.065929401484710923,0.51552589155158668,1.162737860276192,0.78527973011472618,0.4839437235314849,0.29602523991523116
0.10000000000000001,6,30.850000000000001,-0.13761139187597057,-0.066422350407410943,0.51568865451915102,1.1623472291540375,0.78507506197647203,0.48374044696964136,0.29587096173240657
0.10000000000000001,6,30.900000000000002,-0.13824371488733292,-0.066917640606168005,0.51585219053443176,1.1619547427173638,0.78487046838063668,0.48353637279066369,0.2957161134678008
0.10000000000000001,6,30.950000000000003,-0.13887547059889324,-0.067415263860032951,0.51601649688301754,1.161560407480758,0.78466597015678552,0.48333150781384732,0.29556070061030154
0.10000000000000001,6,31,-0.13950662822975934,-0.06791521163602951,0.51618157071790216,1.1611642302770349,0.78446158836562518,0.48312585876150166,0.29540472874298973
0.10000000000000001,6,31.050000000000001,-0.14013715711703939,-0.06841747508774644,0.51634740908740262,1.1607662181902336,0.78425734433608718,0.48291943260685483,0.29524820358987941
0.10000000000000001,6,31.100000000000001,-0.1407670267217101,-0.06892204505400118,0.51651400902657107,1.1603663783362295,0.78405325966320338,0.48271223648433426,0.29509113099600798
0.10000000000000001,6,31.150000000000002,-0.14139620663443292,-0.069428912057575592,0.5166813674062003,1.1599647182251192,0.78384935620500085,0.48250427769799198,0.29493351693354775
0.10000000000000001,6,31.200000000000003,-0.14202466658131724,-0.069938066304025159,0.51684948098081818,1.1595612456460362,0.78364565608226977,0.4822955637456437,0.29477536750813471
0.10000000000000001,6,31.25,-0.14265237642962664,-0.070449497680563494,0.51701834634096766,1.1591559687816775,0.78344218167778656,0.48208610232275623,0.29461668896028959
0.10000000000000001,6,31.300000000000001,-0.14327930619342732,-0.070963195755023273,0.51718796012363955,1.158748895703265,0.7832389556351953,0.48187590131263497,0.29445748766348923
0.10000000000000001,6,31.350000000000001,-0.14390542603917514,-0.071479149774894779,0.51735831877855021,1.1583400349314794,0.78303600085776215,0.48166496876946374,0.29429777012044489
0.10000000000000001,6,31.400000000000002,-0.14453070629124121,-0.071997348666443972,0.51752941864935365,1.1579293952415513,0.78283334050720821,0.4814533129007475,0.29413754295914546
0.10000000000000001,6,31.450000000000003,-0.14515511743737147,-0.07251778103391078,0.51770125587684346,1.1575169858955756,0.78263099800283698,0.48124094205571077,0.29397681293022326
0.10000000000000001,6,31.5,-0.14577863013408002,-0.073040435158789274,0.51787382668740634,1.1571028159502248,0.78242899702116731,0.48102786472620329,0.293815586907199
0.10000000000000001,6,31.550000000000001,-0.14640121521197338,-0.073565298999191189,0.5180471271055257,1.1566868949467384,0.78222736149628569,0.48081408956666344,0.29365387189116426
0.10000000000000001,6,31.600000000000001,-0.14702284368100388,-0.074092360189293369,0.51822115304823357,1.1562692326842394,0.78202611562113444,0.48059962543969337,0.29349167502145845
0.10000000000000001,6,31.650000000000002,-0.14764348673565034,-0.074621606038871163,0.5183959002310119,1.1558498394455714,0.78182528384995031,0.48038448149379509,0.29332900359389819
0.10000000000000001,6,31.700000000000003,-0.14826311576002416,-0.075153023532918223,0.5185713644443628,1.1554287253335291,0.78162489089797993,0.48016866720023421,0.29316586507000969
0.10000000000000001,6,31.75,-0.14888170233289849,-0.075686599331354673,0.51874754128984579,1.1550059009043701,0.78142496171817999,0.47995219190697441,0.29300226697215143
0.10000000000000001,6,31.800000000000001,-0.14949921823266049,-0.07622231976882414,0.51892442625541335,1.1545813769870079,0.7812255215202385,0.47973506521500453,0.29283821697035328
0.10000000000000001,6,31.850000000000001,-0.15011563544218171,-0.076760170854580784,0.51910201462265837,1.1541551649056199,0.78102659576415956,0.47951729691575923,0.29267372287299953
0.10000000000000001,6,31.900000000000002,-0.15073092615360861,-0.077300138272467747,0.51928030175779538,1.1537272757812911,0.78082821015903403,0.47929889697964062,0.29250879262056184
0.10000000000000001,6,31.950000000000003,-0.15134506277306908,-0.07784220738098821,0.51945928283184362,1.1532977212035753,0.78063039066276163,0.47907987557207271,0.29234343428718679
0.10000000000000001,6,32,-0.15195801792529445,-0.078386363213469062,0.51963895290084183,1.1528665130379796,0.78043316348051939,0.47886024305572095,0.29217765608081753
0.10000000000000001,6,32.050000000000004,-0.15256976445815534,-0.078932590478319548,0.51981930681233168,1.152433663650404,0.78023655506234735,0.47864000998331685,0.29201146634231701
0.10000000000000001,6,32.100000000000001,-0.15318027544710944,-0.079480873559384282,0.52000033951545177,1.1519991851629157,0.78004059210023446,0.47841918708552911,0.29184487354406413
0.10000000000000001,6,32.149999999999999,-0.15378952419956127,-0.080031196516393316,0.52018204574702642,1.1515630902071365,0.77984530152508313,0.47819778525832141,0.29167788628849028
0.10000000000000001,6,32.200000000000003,-0.1543974842591305,-0.080583543085508302,0.52036442012022077,1.1511253917114701,0.77965071050393542,0.47797581555423785,0.29151051330702688
0.10000000000000001,6,32.25,-0.15500412940982908,-0.081137896679966515,0.52054745708041639,1.1506861030070006,0.77945684643784574,0.47775328918205745,0.29134276345993243
0.10000000000000001,6,32.300000000000004,-0.15560943368014657,-0.081694240390823972,0.52073115113900503,1.1502452372663878,0.77926373696078621,0.47753021751925701,0.29117464573746865
0.10000000000000001,6,32.350000000000001,-0.15621337134703944,-0.082252556987796654,0.52091549660687642,1.1498028081434966,0.7790714099399727,0.47730661214172493,0.29100616926289496
0.10000000000000001,6,32.399999999999999,-0.15681591693982755,-0.08281282892020278,0.52110048765060646,1.1493588296385444,0.7788798934780029,0.47708248487516508,0.29083734329775085
0.10000000000000001,6,32.450000000000003,-0.15741704524399378,-0.083375038318004663,0.52128611833158811,1.1489133160041884,0.7786892159140345,0.47685784784181817,0.29066817724665128
0.10000000000000001,6,32.5,-0.15801673130488558,-0.083939166992951841,0.52147238272080154,1.1484662814700763,0.77849940579029986,0.47663271314578798,0.29049868062044321
0.10000000000000001,6,32.550000000000004,-0.15861495043132112,-0.08450519643982643,0.52165927470818163,1.148017740700364,0.77831049187289503,0.47640709308237361,0.29032886305814631
0.10000000000000001,6,32.600000000000001,-0.1592116781990941,-0.085073107837789416,0.52184678801197282,1.1475677087712652,0.77812250314645171,0.47618100015203985,0.29015873433422529
0.10000000000000001,6,32.649999999999999,-0.15980689045438118,-0.085642882051830599,0.52203491633012855,1.1471162008076914,0.77793546880851994,0.47595444703171902,0.2899883043517586
0.10000000000000001,6,32.700000000000003,-0.16040056331704813,-0.08621449963432079,0.52222365329254627,1.1466632320978889,0.77774941826784494,0.47572744658422594,0.28981758314067263
0.10000000000000001,6,32.75,-0.16099267318385518,-0.086787940826666937,0.52241299237532457,1.1462088182992209,0.77756438114126336,0.47550001185877777,0.2896465808566363
0.10000000000000001,6,32.800000000000004,-0.16158319673156157,-0.087363185561071949,0.52260292684869103,1.1457529755631415,0.7773803872496029,0.47527215608551793,0.28947530778042374
0.10000000000000001,6,32.850000000000001,-0.16217211091992725,-0.087940213462396638,0.52279345007006417,1.1452957198318459,0.77719746661298239,0.4750438926669458,0.28930377431755444
0.10000000000000001,6,32.899999999999999,-0.16275939299461328,-0.088519003850126801,0.52298455522965359,1.1448370674488313,0.7770156494458953,0.47481523516915086,0.28913199099801928
0.10000000000000001,6,32.950000000000003,-0.16334502048997837,-0.089099535740443991,0.52317623537748525,1.1443770350940354,0.77683496615247905,0.47458619731575225,0.28895996847589994
0.10000000000000001,6,33,-0.16392897123177264,-0.089681787848399377,0.52336848340280062,1.1439156398332784,0.77665544732235925,0.47435679298744393,0.28878771752869142
0.10000000000000001,6,33.050000000000004,-0.1645112233397282,-0.090265738590193711,0.52356129228310777,1.1434528985205412,0.77647712372747069,0.47412703623004454,0.28861524905613511
0.10000000000000001,6,33.100000000000001,-0.16509175523004524,-0.090851366085558757,0.52375465479397898,1.1429888284944505,0.77630002632025208,0.47389694127395376,0.28844257407837154
0.10000000000000001,6,33.149999999999999,-0.16567054561777539,-0.091438648160244815,0.52394856354489872,1.142523447492243,0.77612418623361423,0.47366652256791381,0.28826970373322081
0.10000000000000001,6,33.200000000000003,-0.16624757351910016,-0.092027562348610564,0.52414301112660699,1.1420567732961431,0.77594963477682977,0.47343579478651693,0.28809664927377343
0.10000000000000001,6,33.25,-0.16682281825350509,-0.092618085896316857,0.52433799008629545,1.1415888237928908,0.77577640340238729,0.47320477262851285,0.28792342207234384
0.10000000000000001,6,33.300000000000004,-0.16739625944585135,-0.093210195763123976,0.52453349281654171,1.1411196172402998,0.77560452372805755,0.47297347099613396,0.28775003361635609
0.10000000000000001,6,33.350000000000001,-0.16796787702834143,-0.093803868625790876,0.52472951149252689,1.1406491724179355,0.77543402752493684,0.47274190495734797,0.28757649550927528
0.10000000000000001,6,33.399999999999999,-0.16853765124238262,-0.094399080881077957,0.52492603843564023,1.1401775077544634,0.77526494671109158,0.47251008974233472,0.28740281946782964
0.10000000000000001,6,33.450000000000003,-0.16910556264034571,-0.094995808648851016,0.52512306577005674,1.1397046421518637,0.77509731334654564,0.47227804074777285,0.28722901731956901
0.10000000000000001,6,33.5,-0.16967159208722021,-0.095594027775286444,0.52532058547083893,1.1392305948699866,0.7749311596273718,0.4720457735344803,0.28705510100115728
0.10000000000000001,6,33.550000000000004,-0.17023572076216753,-0.096193713836178418,0.52551858943683438,1.1387553853515975,0.77476651787914474,0.47181330382082776,0.28688108255715289
0.10000000000000001,6,33.600000000000001,-0.1707979301599693,-0.096794842140344478,0.52571706960180598,1.1382790329556656,0.77460342055001508,0.47158064747434775,0.28670697413903085
0.10000000000000001,6,33.649999999999999,-0.1713582020923754,-0.097397387733132654,0.52591601772624241,1.1378015574570182,0.77444190020366388,0.47134782050395851,0.28653278800419929
0.10000000000000001,6,33.700000000000003,-0.17191651868934815,-0.098001325400025568,0.52611542536888112,1.1373229791146853,0.77428198951239702,0.47111483905522361,0.28635853651476439
0.10000000000000001,6,33.75,-0.17247286240020554,-0.098606629670342949,0.52631528421172924,1.1368433178918498,0.7741237212506441,0.47088171941106871,0.28618423213579719
0.10000000000000001,6,33.800000000000004,-0.17302721599466384,-0.099213274821041669,0.52651558578530733,1.1363625941152624,0.7739671282891204,0.47064847800037485,0.28600988743285527
0.10000000000000001,6,33.850000000000001,-0.17357956256377877,-0.099821234880610787,0.5267163214682431,1.1358808284762165,0.77381224358992051,0.47041513141687014,0.28583551506851357
0.10000000000000001,6,33.899999999999999,-0.17412988552078779,-0.10043048363306262,0.5269174825536147,1.1353980418713248,0.77365910020275208,0.47018169645024854,0.2856611277976685
0.10000000000000001,6,33.950000000000003,-0.17467816860185259,-0.10104099462201679,0.52711906040285128,1.1349142550331568,0.77350773124568883,0.46994818998846688,0.28548673846782596
0.10000000000000001,6,34,-0.17522439586670299,-0.1016527411548776,0.52732104620262088,1.1344294891137099,0.77335816989360773,0.46971462900258448,0.28531236002354288
0.10000000000000001,6,34.050000000000004,-0.17576855169918393,-0.10226569630710303,0.52752343093987175,1.1339437657443077,0.77321044938359129,0.46948103062523228,0.28513800549756618
0.10000000000000001,6,34.100000000000001,-0.17631062080770432,-0.1028798329265635,0.52772620574917439,1.1334571062019814,0.77306460300156044,0.46924741211217763,0.28496368800957539
0.10000000000000001,6,34.149999999999999,-0.17685058822559127,-0.10349512363799036,0.52792936161502202,1.132969532123947,0.77292066407326798,0.46901379085058442,0.28478942076470798
0.10000000000000001,6,34.200000000000003,-0.17738843931134793,-0.1041115408475116,0.52813288936914027,1.1324810655140634,0.77277866595511979,0.46878018435847435,0.28461521705141335
0.10000000000000001,6,34.25,-0.1779241597488174,-0.10472905674727356,0.52833677979494054,1.1319917284921426,0.77263864202485155,0.46854661027819855,0.28444109023883174
0.10000000000000001,6,34.300000000000004,-0.17845773554725392,-0.10534764332014798,0.52854102373390044,1.1315015430386388,0.77250062567208744,0.46831308636672847,0.28426705377389666
0.10000000000000001,6,34.350000000000001,-0.17898915304130097,-0.10596727234452173,0.52874561186785207,1.131010531517155,0.77236465028880597,0.46807963048557721,0.28409312117835761
0.10000000000000001,6,34.399999999999999,-0.17951839889087867,-0.10658791539916818,0.52895053466793318,1.1305187167969604,0.77223074925974611,0.46784626059315904,0.28391930604592097
0.10000000000000001,6,34.450000000000003,-0.18004546008098088,-0.10720954386819873,0.52915578282227882,1.1300261212265308,0.77209895595277389,0.46761299474239876,0.28374562203970671
0.10000000000000001,6,34.5,-0.18057032392138275,-0.10783212894609204,0.52936134682799441,1.1295327676128133,0.77196930370924366,0.46737985108639946,0.28357208289021779
0.10000000000000001,6,34.550000000000004,-0.18109297804626129,-0.10845564164280067,0.52956721703053167,1.129038679126724,0.77184182583437788,0.46714684789497801,0.28339870239402065
0.10000000000000001,6,34.600000000000001,-0.18161341041372814,-0.1090800527889309,0.52977338380801209,1.1285438788607709,0.77171655558769514,0.46691400358487922,0.28322549441333378
0.10000000000000001,6,34.649999999999999,-0.18213160930527725,-0.10970533304099694,0.52997983754508837,1.1280483898917879,0.77159352616885091,0.4666813366503334,0.28305247286495988
0.10000000000000001,6,34.700000000000003,-0.18264756332514881,-0.11033145288674484,0.53018656847679524,1.1275522356556913,0.77147277069958986,0.46644886560068094,0.28287965171736523
0.10000000000000001,6,34.75,-0.18316126139960859,-0.11095838265054539,0.530393566687139,1.1270554399508663,0.77135432222236577,0.46621660906508267,0.28270704499519567
0.10000000000000001,6,34.800000000000004,-0.18367269277614698,-0.11158609249885489,0.53060082246397056,1.1265580260864707,0.77123821368758905,0.46598458574312823,0.28253466676990924
0.10000000000000001,6,34.850000000000001,-0.18418184702259649,-0.11221455244573915,0.53080832590660376,1.1260600178241509,0.77112447793988936,0.46575281441347777,0.28236253115958204
0.10000000000000001,6,34.899999999999999,-0.1846887140261709,-0.11284373235846196,0.53101606694517278,1.1255614393315854,0.77101314770491236,0.46552131393272977,0.2821906523265863
0.10000000000000001,6,34.950000000000003,-0.18519328399242568,-0.11347360196313268,0.53122403566312748,1.1250623144084939,0.77090425557649445,0.46529010322762226,0.28201904447377102
0.10000000000000001,6,35,-0.18569554744414257,-0.11410413085041274,0.53143222206131002,1.1245626670528559,0.77079783400405755,0.46505920128371991,0.28184772183978324
0.10000000000000001,6,35.050000000000004,-0.18619549522013917,-0.1147352884812789,0.53164061599494961,1.1240625216121209,0.77069391528006981,0.46482862713374323,0.28167669869416545
0.10000000000000001,6,35.100000000000001,-0.18669311847400413,-0.11536704419283915,0.53184920729773955,1.1235619024854251,0.77059253152741247,0.46459839984869483,0.28150598933286791
0.10000000000000001,6,35.149999999999999,-0.1871884086727611,-0.11599936720420148,0.53205798590996356,1.1230608338160875,0.77049371468649752,0.46436853853493687,0.28133560807481106
0.10000000000000001,6,35.200000000000003,-0.18768135759546115,-0.11663222662239106,0.5322669416295519,1.1225593400890754,0.77039749650197631,0.46413906234037583,0.28116556926013636
0.10000000000000001,6,35.25,-0.188171957331706,-0.11726559144831405,0.53247606405728221,1.1220574462625226,0.77030390850888419,0.46390999047290821,0.28099588725078245
0.10000000000000001,6,35.300000000000004,-0.18866020028010361,-0.11789943058276714,0.53268534309072724,1.1215551765822547,0.77021298201797961,0.46368134222320534,0.28082657643136882
0.10000000000000001,6,35.350000000000001,-0.18914607914665721,-0.11853371283248734,0.53289476843059258,1.1210525557665778,0.7701247480985931,0.46345313683229233,0.28065765117940333
0.10000000000000001,6,35.399999999999999,-0.18962958694308957,-0.11916840691624281,0.53310432963607723,1.1205496088734146,0.77003923756314407,0.4632253935865564,0.28048912589084696
0.10000000000000001,6,35.450000000000003,-0.19011071698510384,-0.1198034814709599,0.53331401640604348,1.1200463606254956,0.76995648095394109,0.46299813176853988,0.28032101495420342
0.10000000000000001,6,35.5,-0.19058946289058221,-0.12043890505788449,0.53352381841828422,1.1195428357961179,0.76987650852956779,0.46277137065669238,0.28015333275050641
0.10000000000000001,6,35.550000000000004,-0.1910658185777247,-0.1210746461687762,0.53373372521510354,1.1190390594837514,0.76979935025025681,0.46254512954612659,0.27998609365815552
0.10000000000000001,6,35.600000000000001,-0.19153977826312921,-0.12171067323213057,0.53394372630780884,1.1185350568612586,0.76972503576224582,0.46231942775054252,0.27981931205142196
0.10000000000000001,6,35.649999999999999,-0.1920113364598135,-0.1223469546194296,0.53415381137226536,1.118030852706563,0.76965359438136138,0.46209428459069229,0.27965300229440626
0.10000000000000001,6,35.700000000000003,-0.19248048797518258,-0.12298345865141522,0.53436396994873125,1.1175264721230449,0.76958505507607766,0.46186971937476007,0.27948717873222878
0.10000000000000001,6,35.75,-0.19294722790894048,-0.12362015360438411,0.5345741913914428,1.1170219406605373,0.76951944645029746,0.46164575137603081,0.27932185568123652
0.10000000000000001,6,35.800000000000004,-0.19341155165095097,-0.12425700771650286,0.53478446538012692,1.1165172830876953,0.76945679672609812,0.46142239981322203,0.27915704742000647
0.10000000000000001,6,35.850000000000001,-0.19387345487904575,-0.12489398919413736,0.53499478142185652,1.1160125245875443,0.76939713372669727,0.46119968383885224,0.27899276818292884
0.10000000000000001,6,35.899999999999999,-0.19433293355678405,-0.12553106621819732,0.535205128897008,1.1155076906471808,0.76934048485988005,0.46097762254102009,0.27882903215815114
0.10000000000000001,6,35.950000000000003,-0.19478998393116376,-0.12616820695049066,0.5354154973423797,1.1150028063782886,0.76928687710213983,0.46075623496396789,0.27866585349166556
0.10000000000000001,6,36,-0.19524460253028605,-0.12680537954008603,0.53562587630626135,1.1144978968649728,0.76923633698377858,0.46053554015280418,0.27850324629932083
0.10000000000000001,6,36.050000000000004,-0.19569678616097541,-0.12744255212968145,0.5358362552154935,1.1139929874828156,0.76918889057521944,0.46031555722775785,0.27834122468854183
0.10000000000000001,6,36.100000000000001,-0.1961465319063557,-0.12807969286197471,0.53604662348003418,1.1134881036479178,0.76914456346342197,0.46009630524208622,0.27817980271165244
0.10000000000000001,6,36.149999999999999,-0.19659383712338527,-0.1287167698860347,0.53625697070967671,1.1129832702967759,0.76910338072713791,0.45987780291942598,0.27801899426882476
0.10000000000000001,6,36.200000000000003,-0.1970386994403506,-0.12935375136366933,0.53646728639222963,1.1124785126586489,0.76906536693168259,0.45966006902945683,0.27785881323565426
0.10000000000000001,6,36.25,-0.19748111675432209,-0.12999060547578792,0.53667755984477461,1.111973856372541,0.76903054610371047,0.45944312226275519,0.27769927342320722
0.10000000000000001,6,36.300000000000004,-0.19792108722857221,-0.13062730042875695,0.53688778074080179,1.1114693262220756,0.76899894171449112,0.45922698121590638,0.27754038856433494
0.10000000000000001,6,36.350000000000001,-0.1983586092899573,-0.1312638044607424,0.53709793859945121,1.110964947361317,0.76897057666234381,0.45901166438114444,0.27738217230474727
0.10000000000000001,6,36.399999999999999,-0.19879368162626665,-0.13190008584804147,0.53730802282978163,1.110460745208524,0.76894547325438589,0.45879719013863735,0.27722463819746057
0.10000000000000001,6,36.450000000000003,-0.19922630318353679,-0.13253611291139597,0.53751802301990881,1.1099567447522187,0.7689236531878112,0.45858357675060463,0.27706779969954909
0.10000000000000001,6,36.5,-0.19965647316333546,-0.13317185402228757,0.53772792879570197,1.1094529708903151,0.76890513753091227,0.45837084235645226,0.27691167017012808
0.10000000000000001,6,36.550000000000004,-0.20008419102001665,-0.13380727760921221,0.53793772967925158,1.1089494487697962,0.76888994670406474,0.45815900496811213,0.27675626286849647
0.10000000000000001,6,36.600000000000001,-0.2005094564579451,-0.13444235216392925,0.53814741518749531,1.1084462035500111,0.76887810046088667,0.45794808246477137,0.27660159095136821
0.10000000000000001,6,36.649999999999999,-0.20093226942869591,-0.13507704624768477,0.53835697507387903,1.1079432598226904,0.76886961786979224,0.45773809258617809,0.27644766746811966
0.10000000000000001,6,36.700000000000003,-0.20135263012822738,-0.13571132849740503,0.53856639898311098,1.1074406424405336,0.76886451729615113,0.45752905292370977,0.27629450535298256
0.10000000000000001,6,36.75,-0.2017705389940298,-0.136345167631858,0.53877567640904622,1.106938376618289,0.76886281638527543,0.45732098090838968,0.27614211741310968
0.10000000000000001,6,36.800000000000004,-0.20218599670225296,-0.13697853245778113,0.53898479721892056,1.1064364866745906,0.76886453204644478,0.45711389379503886,0.27599051631144245
0.10000000000000001,6,36.850000000000001,-0.20259900416480997,-0.13761139187597057,0.53919375115613277,1.1059349972252812,0.76886968043818782,0.45690780864174818,0.27583971454330841
0.10000000000000001,6,36.899999999999999,-0.20300956252646329,-0.13824371488733295,0.53940252787399279,1.1054339331024172,0.76887827693718125,0.45670274232490121,0.27568972446608603
0.10000000000000001,6,36.950000000000003,-0.20341767316189124,-0.13887547059889324,0.53961111720441346,1.1049333187094077,0.76889033610821167,0.45649871156977279,0.27554055834682883
0.10000000000000001,6,37,-0.20382333767273708,-0.13950662822975934,0.53981950906412002,1.1044331782461119,0.76890587171438574,0.45629573288196229,0.27539222826840198
0.10000000000000001,6,37.050000000000004,-0.20422655788464295,-0.1401371571170395,0.54002769328699685,1.1039335361112075,0.76892489668700614,0.45609382256183123,0.27524474615623051
0.10000000000000001,6,37.100000000000001,-0.20462733584426832,-0.1407670267217101,0.5402356596809097,1.1034344167658168,0.7689474231069604,0.45589299669816796,0.27509812377242182
0.10000000000000001,6,37.149999999999999,-0.20502567381629583,-0.14139620663443289,0.54044339835666266,1.1029358439440096,0.76897346218650098,0.45569327116078434,0.27495237270984585
0.10000000000000001,6,37.200000000000003,-0.20542157428042512,-0.14202466658131724,0.54065089931861254,1.1024378416353298,0.76900302425135469,0.45549466159248098,0.27480750438640739
0.10000000000000001,6,37.25,-0.20581503992835487,-0.14265237642962664,0.5408581524541467,1.1019404341100478,0.76903611872318056,0.45529718340063596,0.27466353003947186
0.10000000000000001,6,37.300000000000004,-0.20620607366075699,-0.14327930619342732,0.54106514799539429,1.1014436448110536,0.76907275410239972,0.45510085174867132,0.27452046072040276
0.10000000000000001,6,37.350000000000001,-0.20659467858424074,-0.14390542603917514,0.54127187612323224,1.1009474973042426,0.76911293795141811,0.45490568154765287,0.27437830728917234
0.10000000000000001,6,37.399999999999999,-0.20698085800831106,-0.14453070629124115,0.54147832695143283,1.1004520153165611,0.76915667687826206,0.45471168744827734,0.27423708040900457
0.10000000000000001,6,37.450000000000003,-0.20736461544232043,-0.14515511743737147,0.54168449071605707,1.0999572222814631,0.76920397652065098,0.45451888383350281,0.27409679054101083
0.10000000000000001,6,37.5,-0.20774595459241546,-0.14577863013408002,0.54189035783684925,1.0994631411915619,0.76925484153052615,0.45432728481207663,0.27395744793877791
0.10000000000000001,6,37.550000000000004,-0.20812487935848095,-0.14640121521197341,0.54209591867453166,1.0989697951811239,0.76930927555905659,0.45413690421321518,0.27381906264286854
0.10000000000000001,6,37.600000000000001,-0.20850139383108024,-0.14702284368100388,0.54230116347653234,1.0984772076563223,0.76936728124214471,0.45394775558269168,0.2736816444751945
0.10000000000000001,6,37.649999999999999,-0.20887550228839513,-0.14764348673565031,0.54250608292152269,1.0979854009883454,0.76942886018644963,0.45375985218058595,0.27354520303322205
0.10000000000000001,6,37.700000000000003,-0.20924720919316459,-0.14826311576002416,0.54271066756131536,1.0974943978528431,0.76949401294752784,0.45357320694495329,0.27340974767688819
0.10000000000000001,6,37.75,-0.20961651918962487,-0.14888170233289849,0.54291490788928576,1.097004221065714,0.76956273901165539,0.45338783251774412,0.27327528755021258
0.10000000000000001,6,37.800000000000004,-0.20998343710045081,-0.14949921823266057,0.54311879463432533,1.0965148928776192,0.7696350367934649,0.45320374122779122,0.27314183155398652
0.10000000000000001,6,37.850000000000001,-0.21034796792370011,-0.15011563544218171,0.54332231862210301,1.0960264353069527,0.76971090361733208,0.45302094504849005,0.27300938832869737
0.10000000000000001,6,37.899999999999999,-0.21071011682976132,-0.15073092615360856,0.54352547063677858,1.0955388704717313,0.76979033570686572,0.4528394556267159,0.27287796626775257
0.10000000000000001,6,37.950000000000003,-0.21106988915830691,-0.15134506277306908,0.54372824143677223,1.0950522205517466,0.76987332817445187,0.45265928429224078,0.27274757352070356
0.10000000000000001,6,38,-0.21142729041525074,-0.15195801792529445,0.54393062214920418,1.0945665068419099,0.76995987501084262,0.45248044205213744,0.27261821798883512
0.10000000000000001,6,38.050000000000004,-0.21178232626971388,-0.15256976445815534,0.54413260380919792,1.094081750857925,0.77004996907483492,0.45230293957498502,0.27248990731559941
0.10000000000000001,6,38.100000000000001,-0.21213500255099643,-0.15318027544710944,0.54433417738544854,1.0935979742749236,0.77014360208307675,0.45212678716968996,0.2723626488743745
0.10000000000000001,6,38.149999999999999,-0.21248532524555835,-0.15378952419956127,0.54453533414748934,1.0931151980460256,0.77024076460004531,0.45195199476373643,0.27223644975602679
0.10000000000000001,6,38.200000000000003,-0.2128333004940097,-0.1543974842591305,0.54473606541947139,1.0926334429932687,0.77034144602823651,0.45177857188567988,0.27211131675875699
0.10000000000000001,6,38.25,-0.21317893458811032,-0.15500412940982908,0.5449363625026401,1.0921527299936638,0.77044563459860527,0.45160652765669795,0.2719872563827101
0.10000000000000001,6,38.300000000000004,-0.21352223396778092,-0.15560943368014657,0.54513621670643841,1.0916730799045478,0.77055331736130084,0.45143587079601205,0.27186427483182701
0.10000000000000001,6,38.350000000000001,-0.21386320521812546,-0.15621337134703944,0.54533561969676814,1.0911945127277565,0.77066448017673306,0.45126660964499477,0.27174237802541973
0.10000000000000001,6,38.400000000000006,-0.2142018550664665,-0.15681591693982769,0.54553456306393733,1.0907170486465503,0.77077910770701297,0.45109875221477497,0.27162157162194783
0.10000000000000001,6,38.450000000000003,-0.21453819037939281,-0.15741704524399378,0.54573303834246423,1.0902407079780858,0.77089718340780544,0.45093230626215736,0.27150186105747748
0.10000000000000001,6,38.5,-0.21487221815982235,-0.15801673130488558,0.5459310373719295,1.0897655103073691,0.7710186895492912,0.45076727914517195,0.27138325146514308
0.10000000000000001,6,38.550000000000004,-0.21520394554407843,-0.15861495043132112,0.54612855206197508,1.0892914750512597,0.7711436072279465,0.45060367752873659,0.27126574752464838
0.10000000000000001,6,38.600000000000001,-0.21553337979898179,-0.1592116781990941,0.54632557431893203,1.088818621634563,0.77127191631747427,0.45044150780749959,0.27114935368220899
0.10000000000000001,6,38.650000000000006,-0.21586052831895902,-0.15980689045438129,0.54652209602432478,1.0883469695416206,0.77140359548728055,0.45028077598723587,0.27103407408367591
0.10000000000000001,6,38.700000000000003,-0.21618539862316727,-0.16040056331704813,0.54671810946722743,1.0878765372786541,0.77153862220078662,0.45012148765194521,0.27091991256017733
0.10000000000000001,6,38.75,-0.21650799835263612,-0.16099267318385518,0.5469136068545396,1.087407343549105,0.77167697271540536,0.44996364794761934,0.27080687262045605
0.10000000000000001,6,38.800000000000004,-0.21682833526742737,-0.16158319673156157,0.54710858037094456,1.0869394071097329,0.7718186220841603,0.44980726157797601,0.27069495744791888
0.10000000000000001,6,38.850000000000001,-0.21714641724381351,-0.16217211091992725,0.54730302243589102,1.0864727461538615,0.77196354415877022,0.44965233280845535,0.27058416990097289
0.10000000000000001,6,38.900000000000006,-0.21746225227147525,-0.16275939299461334,0.54749692562512287,1.0860073784997051,0.77211171159401948,0.44949886547477524,0.27047451251522159
0.10000000000000001,6,38.950000000000003,-0.2177758484507179,-0.16334502048997837,0.54769028252114904,1.0855433219492423,0.77226309585324193,0.44934686299234139,0.27036598750609492
0.10000000000000001,6,39,-0.21808721398970904,-0.16392897123177264,0.54788308560995447,1.0850805945361093,0.77241766721473892,0.44919632836280848,0.27025859677048769
0.10000000000000001,6,39.050000000000004,-0.21839635720173567,-0.1645112233397282,0.54807532785021496,1.0846192131594841,0.77257539477895654,0.44904726417408836,0.27015234188597986
0.10000000000000001,6,39.100000000000001,-0.21870328650248269,-0.16509175523004524,0.54826700212603519,1.0841591948975156,0.7727362464762445,0.4488996725901015,0.27004722410621257
0.10000000000000001,6,39.150000000000006,-0.21900801040733364,-0.1656705456177755,0.5484581013497819,1.0837005567605233,0.77290018907502533,0.44875355532656785,0.26994324435099365
0.10000000000000001,6,39.200000000000003,-0.21931053752869259,-0.16624757351910016,0.54864861851024826,1.0832433155754042,0.77306718819019282,0.44860891360913319,0.26984040318970776
0.10000000000000001,6,39.25,-0.2196108765733284,-0.16682281825350509,0.54883854692293066,1.0827874873849663,0.77323720829157172,0.44846574811012668,0.26973870081660278
0.10000000000000001,6,39.300000000000004,-0.21990903633974274,-0.16739625944585135,0.54902787986057444,1.0823330883346214,0.77341021271997246,0.44832405905729189,0.26963813708899842
0.10000000000000001,6,39.350000000000001,-0.22020502571556022,-0.16796787702834143,0.54921661057551574,1.0818801346187621,0.7735861637058159,0.44818384644749315,0.26953871161824833
0.10000000000000001,6,39.400000000000006,-0.22049885367494276,-0.16853765124238268,0.54940473258529288,1.081428641795297,0.7737650223733421,0.448045109729591,0.26944042364098952
0.10000000000000001,6,39.450000000000003,-0.22079052927602744,-0.16910556264034571,0.54959223955020509,1.0809786250795077,0.77394674876116021,0.44790784789420224,0.26934327204894887
0.10000000000000001,6,39.5,-0.22108006165838923,-0.16967159208722021,0.54977912515245753,1.0805300996341018,0.77413130183916101,0.44777205948777665,0.26924725540097999
0.10000000000000001,6,39.550000000000004,-0.22136746004052776,-0.17023572076216753,0.54996538300348607,1.0800830807916333,0.7743186395267414,0.44763774261959305,0.2691523719288782
0.10000000000000001,6,39.600000000000001,-0.2216527337173787,-0.1707979301599693,0.55015100714045395,1.0796375828629106,0.77450871871222471,0.44750489496403573,0.2690586195387335
0.10000000000000001,6,39.650000000000006,-0.22193589205785175,-0.17135820209237551,0.55033599158633273,1.0791936201928014,0.77470149527331589,0.44737351375970447,0.26896599580931557
0.10000000000000001,6,39.700000000000003,-0.22221694450239182,-0.17191651868934815,0.55052033042591608,1.0787512069778014,0.77489692409843802,0.44724359580691081,0.26887449798898416
0.10000000000000001,6,39.75,-0.22249590056056817,-0.17247286240020554,0.55070401769268185,1.0783103575375634,0.77509495910879245,0.44711513746511389,0.26878412299261911
0.10000000000000001,6,39.800000000000004,-0.22277276980868777,-0.17302721599466384,0.5508870478853497,1.0778710850751607,0.77529555328098743,0.44698813465184761,0.26869486740006276
0.10000000000000001,6,39.850000000000001,-0.22304756188743563,-0.17357956256377877,0.55106941542111609,1.0774334029893213,0.77549865867007983,0.44686258284469355,0.26860672745756947
0.10000000000000001,6,39.900000000000006,-0.22332028649954114,-0.17412988552078784,0.55125111477590572,1.0769973245378262,0.77570422643287762,0.44673847708785086,0.26851969908375523
0.10000000000000001,6,39.950000000000003,-0.22359095340747132,-0.17467816860185259,0.55143214047407407,1.0765628628622221,0.77591220685134543,0.44661581200485723,0.26843377788154127
0.10000000000000001,6,40,-0.22385957243115018,-0.17522439586670299,0.55161248740687774,1.0761300302234933,0.77612254935596481,0.44649458181901347,0.26834895915758561
0.10000000000000001,6,40.050000000000004,-0.22412615344570544,-0.17576855169918393,0.55179215041835705,1.075698838995943,0.77633520254889354,0.44637478038306361,0.26826523795069601
0.10000000000000001,6,40.100000000000001,-0.22439070637924211,-0.17631062080770432,0.55197112439091933,1.0752693014617936,0.77655011425589293,0.44625640114697696,0.26818260898694529
0.10000000000000001,6,40.150000000000006,-0.22465324121064298,-0.17685058822559135,0.55214940432051096,1.0748414296307736,0.7767672315766273,0.44613943707541154,0.26810106660854505
0.10000000000000001,6,40.200000000000003,-0.22491376796739637,-0.17738843931134793,0.55232698550508441,1.0744152347877973,0.77698650086546139,0.4460238807713755,0.26802060489577484
0.10000000000000001,6,40.25,-0.22517229672345179,-0.1779241597488174,0.55250386321790379,1.0739907282770309,0.77720786778077777,0.44590972445238947,0.26794121762933731
0.10000000000000001,6,40.300000000000004,-0.22542883759710231,-0.17845773554725392,0.55268003276189637,1.0735679213714486,0.77743127731793471,0.44579695994985236,0.26786289829855725
0.10000000000000001,6,40.350000000000001,-0.2256834007488947,-0.17898915304130097,0.55285548958178887,1.0731468250037066,0.77765667384302573,0.44568557871274095,0.26778564010782757
0.10000000000000001,6,40.400000000000006,-0.22593599637956727,-0.17951839889087873,0.55303022939511526,1.0727274494517234,0.77788400112740774,0.44557557181443164,0.26770943598149721
0.10000000000000001,6,40.450000000000003,-0.22618663472801523,-0.18004546008098088,0.55320424790474276,1.0723098050286173,0.77811320238281645,0.445466929961713,0.2676342785677811
0.10000000000000001,6,40.5,-0.22643532606928363,-0.18057032392138275,0.5533775408469005,1.0718939019674387,0.77834422029690153,0.4453596435050588,0.26756016024227153
0.10000000000000001,6,40.550000000000004,-0.22668208071258819,-0.18109297804626129,0.55355010408887095,1.0714797501867097,0.77857699706900085,0.44525370244922979,0.26748707311163145
0.10000000000000001,6,40.600000000000001,-0.22692690899936369,-0.18161341041372814,0.55372193377944756,1.0710673589293258,0.77881147444598486,0.44514909646327344,0.26741500901804971
0.10000000000000001,6,40.650000000000006,-0.22716982130133984,-0.1821316093052773,0.55389302604956403,1.0706567374810463,0.77904759375799959,0.44504581488899053,0.2673439595450377
0.10000000000000001,6,40.700000000000003,-0.22741082801864548,-0.18264756332514881,0.55406337708034825,1.0702478950071641,0.7792852959539357,0.44494384674693788,0.2672739160251475
0.10000000000000001,6,40.75,-0.22764993957793983,-0.18316126139960859,0.55423298313212654,1.0698408404828963,0.77952452163645569,0.44484318073903506,0.26720486955019196
0.10000000000000001,6,40.800000000000004,-0.2278871664305718,-0.18367269277614698,0.55440184079549515,1.0694355820908117,0.77976521109641317,0.44474380524684592,0.26713681098454589
0.10000000000000001,6,40.850000000000001,-0.22812251905076658,-0.18418184702259649,0.5545699466260986,1.0690321280973634,0.78000730434649346,0.44464570832460198,0.26706973098210912
0.10000000000000001,6,40.900000000000006,-0.22835600793384023,-0.18468871402617093,0.55473729726045073,1.0686304865749181,0.78025074117993831,0.44454887775261354,0.2670036199740945
0.10000000000000001,6,40.950000000000003,-0.22858764359444145,-0.18519328399242568,0.55490388931925594,1.0682306656337857,0.78049546122357771,0.44445330109237069,0.26693846815237743
0.10000000000000001,6,41,-0.2288174365648209,-0.18569554744414257,0.55506971984441622,1.0678326723734011,0.78074140393780411,0.44435896560222637,0.26687426551457233
0.10000000000000001,6,41.050000000000004,-0.22904539739312785,-0.18619549522013917,0.55523478581121666,1.0674365140530799,0.78098850867199388,0.44426585828702592,0.26681100185397522
0.10000000000000001,6,41.100000000000001,-0.22927153664173439,-0.18669311847400413,0.55539908429886953,1.0670421976827131,0.78123671470125167,0.44417396590383074,0.2667486667735029
0.10000000000000001,6,41.150000000000006,-0.22949586488558651,-0.18718840867276121,0.55556261231928372,1.066649730433719,0.78148596126489112,0.44408327497050476,0.26668724969632673
0.10000000000000001,6,41.200000000000003,-0.22971839271058217,-0.18768135759546115,0.55572536730771971,1.0662591184614727,0.78173618760615526,0.44399377177671534,0.26662673987390323
0.10000000000000001,6,41.25,-0.22993913071197714,-0.188171957331706,0.55588734667459183,1.0658703679809796,0.78198733301255741,0.4439054423965651,0.26656712639227059
0.10000000000000001,6,41.300000000000004,-0.23015808949281677,-0.18866020028010361,0.55604854791017866,1.0654834850155712,0.78223933685621794,0.44381827270207247,0.26650839817748256
0.10000000000000001,6,41.350000000000001,-0.23037527966239518,-0.18914607914665721,0.55620896849961765,1.0650984756009176,0.78249213863358613,0.44373224837671976,0.26645054400105023
0.10000000000000001,6,41.400000000000006,-0.23059071183474067,-0.18962958694308968,0.55636860615868788,1.0647153452191491,0.78274567800393002,0.44364735492828472,0.26639355248626256
0.10000000000000001,6,41.450000000000003,-0.23080439662712782,-0.19011071698510384,0.55652745876495868,1.064334098964099,0.78299989482599353,0.44356357770017468,0.26633741211625644
0.10000000000000001,6,41.5,-0.23101634465861615,-0.19058946289058221,0.55668552421127404,1.0639547418929423,0.7832547291922145,0.44348090188048039,0.2662821112447063
0.10000000000000001,6,41.550000000000004,-0.23122656654861451,-0.1910658185777247,0.55684280046349222,1.0635772788876185,0.78351012145990828,0.44339931250796705,0.2662276381100056
0.10000000000000001,6,41.600000000000001,-0.23143507291547186,-0.19153977826312921,0.55699928547617605,1.0632017148571775,0.78376601227882459,0.44331879447422062,0.26617398085380894
0.10000000000000001,6,41.650000000000006,-0.23164187437509395,-0.19201133645981361,0.55715497760076338,1.0628280537581678,0.78402234261448778,0.44323933252116721,0.26612112754480705
0.10000000000000001,6,41.700000000000003,-0.23184698153958538,-0.19248048797518258,0.55730987512283947,1.0624562997051852,0.78427905382561203,0.44316091130013785,0.26606906616240866
0.10000000000000001,6,41.75,-0.23205040501591762,-0.19294722790894048,0.5574639764244973,1.0620864565812065,0.78453608774083394,0.44308351538604923,0.26601778454416564
0.10000000000000001,6,41.800000000000004,-0.23225215540462252,-0.19341155165095097,0.55761727986873555,1.0617185283150345,0.78479338660008446,0.44300712925237834,0.26596727048565788
0.10000000000000001,6,41.850000000000001,-0.23245224329850994,-0.19387345487904575,0.55776978407311073,1.0613525182245342,0.78505089312443133,0.44293173732203334,0.2659175117265789
0.10000000000000001,6,41.900000000000006,-0.23265067928141209,-0.1943329335567841,0.55792148777621087,1.0609884293370939,0.78530855054858506,0.44285732393930133,0.26586849594579393
0.10000000000000001,6,41.950000000000003,-0.23284747392695104,-0.19478998393116376,0.55807238973892637,1.0606262646265767,0.78556630265253136,0.44278387336787878,0.26582021076548096
0.10000000000000001,6,42,-0.23304263779733214,-0.19524460253028605,0.55822248881495851,1.0602660268440995,0.78582409379250895,0.44271136980783049,0.26577264376163123
0.10000000000000001,6,42.050000000000004,-0.23323618144216096,-0.19569678616097541,0.55837178376919472,1.0599077189539325,0.78608186893125409,0.44263979742386272,0.26572578247834194
0.10000000000000001,6,42.100000000000001,-0.23342811539728481,-0.1961465319063557,0.55852027381822544,1.0595513428362588,0.78633957366744567,0.44256914037729811,0.26567961444333377
0.10000000000000001,6,42.150000000000006,-0.23361845018365837,-0.1965938371233853,0.55866795809159697,1.0591969005801671,0.78659715426427512,0.44249938285413715,0.26563412718212542
0.10000000000000001,6,42.200000000000003,-0.23380719630623309,-0.1970386994403506,0.5588148358062538,1.0588443940649908,0.78685455767707368,0.44243050908159343,0.26558930822829802
0.10000000000000001,6,42.25,-0.23399436425286968,-0.19748111675432209,0.5589609062245291,1.0584938250611302,0.78711173157992931,0.44236250332548888,0.26554514512728117
0.10000000000000001,6,42.300000000000004,-0.23417996449327497,-0.19792108722857221,0.55910616864695828,1.0581451952473,0.78736862439121991,0.44229534986089464,0.26550162543109412
0.10000000000000001,6,42.350000000000001,-0.23436400747796063,-0.1983586092899573,0.55925062269154224,1.0577985055402985,0.78762518529800096,0.44222903290840443,0.26545873668147335
0.10000000000000001,6,42.400000000000006,-0.23454650363722615,-0.19879368162626671,0.55939426792503644,1.0574537569799125,0.78788136427964306,0.44216353655939855,0.26541646638873628
0.10000000000000001,6,42.450000000000003,-0.23472746338016354,-0.19922630318353679,0.55953710399945988,1.0571109504012963,0.78813711213141913,0.44209884519268566,0.26537480217415488
0.10000000000000001,6,42.5,-0.23490689709368501,-0.19965647316333546,0.55967913058667695,1.0567700865919754,0.78839238047669991,0.44203494324911746,0.26533373170710084
0.10000000000000001,6,42.550000000000004,-0.23508481514157223,-0.20008419102001665,0.55982034745920828,1.0564311660979,0.78864712179829399,0.44197181522740836,0.26529324269720611
0.10000000000000001,6,42.600000000000001,-0.23526122786354919,-0.2005094564579451,0.55996075463230588,1.0560941888824658,0.7889012894563403,0.44190944572417373,0.26525332291448356
0.10000000000000001,6,42.650000000000006,-0.23543614557437453,-0.20093226942869596,0.56010035208998143,1.0557591549840446,0.78915483770354566,0.44184781940955475,0.26521396018854682
0.10000000000000001,6,42.700000000000003,-0.23560957856295756,-0.20135263012822738,0.5602391398969333,1.0554260642473601,0.78940772170070672,0.44178692102559708,0.26517514241328194
0.10000000000000001,6,42.75,-0.23578153709149396,-0.2017705389940298,0.56037711813703817,1.0550949164711083,0.78965989753218169,0.44172673540112123,0.26513685755542216
0.10000000000000001,6,42.800000000000004,-0.23595203139462392,-0.20218599670225296,0.56051428698177463,1.0547657112437407,0.78991132222096172,0.44166724747682423,0.26509909366547335
0.10000000000000001,6,42.850000000000001,-0.23612107167860996,-0.20259900416480997,0.56065064684557109,1.0544384475706294,0.79016195374300624,0.44160844233435131,0.26506183888944085
0.10000000000000001,6,42.900000000000006,-0.23628866812053601,-0.20300956252646332,0.56078619810638597,1.0541131245446735,0.79041175104050643,0.44155030522307526,0.2650250814798058
0.10000000000000001,6,42.950000000000003,-0.23645483086752661,-0.20341767316189124,0.56092094121808744,1.0537897410765902,0.7906606740337403,0.44149282157832365,0.26498880980420136
0.10000000000000001,6,43,-0.23661957003598638,-0.20382333767273708,0.56105487667868037,1.053468295971167,0.79090868363118882,0.44143597702479187,0.26495301235023722
0.10000000000000001,6,43.050000000000004,-0.23678289571085903,-0.20422655788464295,0.56118800498318677,1.0531487880403516,0.79115574173758385,0.44137975735888024,0.26491767772492247
0.10000000000000001,6,43.100000000000001,-0.23694481794490602,-0.20462733584426832,0.56132032694690037,1.0528312153274391,0.79140181125956,0.44132414850369556,0.26488279464713566
0.10000000000000001,6,43.150000000000006,-0.23710534675800543,-0.20502567381629588,0.56145184331753539,1.052515576037915,0.79164685610858487,0.44126913643045346,0.26484835193159134
0.10000000000000001,6,43.200000000000003,-0.2372644921364685,-0.20542157428042512,0.56158255491379616,1.0522018682068892,0.79189084120290132,0.44121470707952098,0.26481433847231434
0.10000000000000001,6,43.25,-0.23742226403237623,-0.20581503992835487,0.56171246262438135,1.0518900897014847,0.79213373249472685,0.44116084691186314,0.26478074338277424
0.10000000000000001,6,43.300000000000004,-0.2375786723629342,-0.20620607366075699,0.56184156726668844,1.0515802385599478,0.79237549695084908,0.44110754257302093,0.26474755592135246
0.10000000000000001,6,43.350000000000001,-0.23773372700984544,-0.20659467858424074,0.56196986998232112,1.0512723120424292,0.79261610256473813,0.44105478085626809,0.26471476547812162
0.10000000000000001,6,43.400000000000006,-0.23788743781870231,-0.20698085800831112,0.56209737188936215,1.0509663074655309,0.79285551835948131,0.44100254876619893,0.26468236159436415
0.10000000000000001,6,43.450000000000003,-0.23803981459839529,-0.20736461544232043,0.56222407414646747,1.050662222048478,0.79309371438430543,0.44095083349279462,0.26465033396056004
0.10000000000000001,6,43.5,-0.23819086712054025,-0.20774595459241546,0.56234997797726716,1.0503600528545587,0.7933306617121314,0.44089962240638042,0.26461867241851234
0.10000000000000001,6,43.550000000000004,-0.23834060511892236,-0.20812487935848095,0.56247508461596218,1.0500597969216907,0.79356633243768382,0.44084890306767938,0.26458736696639135
0.10000000000000001,6,43.600000000000001,-0.23848903828895784,-0.20850139383108024,0.56259939535890591,1.0497614511386257,0.79380069967568745,0.44079866324717082,0.26455640776547668
0.10000000000000001,6,43.650000000000006,-0.23863617628717251,-0.20887550228839516,0.56272291172721245,1.04946501185469,0.794033737558686,0.44074889094795922,0.26452578514737879
0.10000000000000001,6,43.700000000000003,-0.23878202873069629,-0.20924720919316459,0.5628456351943083,1.0491704755336599,0.79426542123401322,0.44069957442636021,0.26449548962052005
0.10000000000000001,6,43.75,-0.23892660519677525,-0.20961651918962487,0.56296756729354358,1.0488778384954953,0.79449572685946235,0.44065070220441099,0.26446551187465572
0.10000000000000001,6,43.800000000000004,-0.23906991522229898,-0.20998343710045081,0.56308870961718194,1.0485870969187634,0.79472463159718987,0.44060226306851136,0.26443584278221505
0.10000000000000001,6,43.850000000000001,-0.23921196830334412,-0.21034796792370011,0.56320906371920887,1.0482982470738986,0.79495211360540186,0.44055424604840232,0.26440647339524381
0.10000000000000001,6,43.900000000000006,-0.2393527738947345,-0.21071011682976146,0.56332863134283373,1.048011284777199,0.79517815202736963,0.44050664037068898,0.26437739493672741
0.10000000000000001,6,43.950000000000003,-0.23949234140961462,-0.21106988915830691,0.5634474143120769,1.0477262056510155,0.79540272697732417,0.44045943538111398,0.26434859878507655
0.10000000000000001,6,44,-0.23963068021904077,-0.21142729041525074,0.56356541444477926,1.0474430053325297,0.79562581952540012,0.4404126204688506,0.26432007645939581
0.10000000000000001,6,44.050000000000004,-0.23976779965158573,-0.21178232626971388,0.56368263361266646,1.0471616793296004,0.79584741172288309,0.44036618558148771,0.26429181973212734
0.10000000000000001,6,44.100000000000001,-0.23990370899295832,-0.21213500255099643,0.56379907374034877,1.0468822230231629,0.79606748656797588,0.44032012087016903,0.26426382054734388
0.10000000000000001,6,44.150000000000006,-0.2400384174856382,-0.21248532524555841,0.56391473670191539,1.046604631915403,0.79628602799294224,0.44027441670916423,0.26423607103774965
0.10000000000000001,6,44.200000000000003,-0.24017193432852391,-0.2128333004940097,0.56402962457814554,1.0463289010124506,0.79650302085649816,0.44022906373405124,0.26420856352894334
0.10000000000000001,6,44.25,-0.24030426867659616,-0.21317893458811032,0.56414373949637797,1.0460550252086929,0.79671845092949378,0.44018405279417561,0.26418129052516071
0.10000000000000001,6,44.300000000000004,-0.24043542964059361,-0.21352223396778092,0.56425708358282378,1.0457829994012229,0.79693230488139266,0.44013937493682637,0.26415424470464888
0.10000000000000001,6,44.350000000000001,-0.24056542628670363,-0.21386320521812546,0.56436965901162783,1.0455128183720932,0.79714457026721552,0.44009502141450346,0.26412741892202668
0.10000000000000001,6,44.400000000000006,-0.24069426763626539,-0.2142018550664665,0.5644814680038901,1.0452444767906637,0.79735523551461784,0.44005098370665063,0.26410080621498733
0.10000000000000001,6,44.450000000000003,-0.24082196266548639,-0.21453819037939281,0.56459251275505162,1.044977969387876,0.797564289910771,0.44000725354722925,0.26407439981269881
0.10000000000000001,6,44.5,-0.24094852030517239,-0.21487221815982235,0.56470279557384639,1.0447132906227685,0.79777172358872128,0.4399638229495072,0.26404819314325711
0.10000000000000001,6,44.550000000000004,-0.24107394944046939,-0.21520394554407843,0.56481231889241612,1.0444504346582013,0.79797752751290241,0.43992068421943742,0.26402217983754828
0.10000000000000001,6,44.600000000000001,-0.24119825891061819,-0.21553337979898179,0.56492108510997907,1.0441893957360502,0.79818169346347523,0.43987782994900138,0.2639963537268743
0.10000000000000001,6,44.650000000000006,-0.2413214575087215,-0.21586052831895902,0.5650290966678837,1.0439301679970792,0.79838421401917647,0.43983525298089127,0.2639707088316991
0.10000000000000001,6,44.700000000000003,-0.24144355398152317,-0.21618539862316727,0.56513635604865942,1.0436727454832173,0.79858508253835359,0.43979294633590638,0.26394523933886888
0.10000000000000001,6,44.75,-0.24156455702919866,-0.21650799835263612,0.56524286577153182,1.0434171221483235,0.79878429313787025,0.43975090309443754,0.26391993956466353
0.10000000000000001,6,44.800000000000004,-0.24168447530515763,-0.21682833526742737,0.56534862826380528,1.0431632921668672,0.79898184067170108,0.43970911627796694,0.26389480391762987
0.10000000000000001,6,44.850000000000001,-0.24180331741585809,-0.21714641724381351,0.56545364626521732,1.0429112489634784,0.79917772074277926,0.43966757960099107,0.26386982712857165
0.10000000000000001,6,44.900000000000006,-0.24192109192063066,-0.21746225227147525,0.56555792241364233,1.0426609862072584,0.79937192966921133,0.439626286985772,0.26384500410216788
0.10000000000000001,6,44.950000000000003,-0.24203780733151561,-0.2177758484507179,0.56566145938347845,1.0424124974796516,0.79956446446734586,0.43958523249902953,0.26382032989180831
0.10000000000000001,6,45,-0.24215347211310878,-0.21808721398970904,0.56576425988473589,1.0421657762766339,0.7997553228359161,0.4395444104401372,0.26379579972797407
0.10000000000000001,6,45.050000000000004,-0.24226809468241958,-0.21839635720173567,0.56586632666213077,1.0419208160108862,0.79994450313580845,0.43950381530123056,0.26377140900688406
0.10000000000000001,6,45.100000000000001,-0.24238168340873817,-0.21870328650248269,0.56596766245922348,1.0416776100978635,0.80013200437170906,0.43946344175188135,0.26374715328523213
0.10000000000000001,6,45.150000000000006,-0.24249424661351404,-0.21900801040733364,0.56606827002128834,1.0414361519489079,0.80031782617513458,0.43942328464168812,0.26372302827935307
0.10000000000000001,6,45.200000000000003,-0.24260579257024317,-0.21931053752869259,0.56616815229390927,1.0411964344946176,0.80050196878835334,0.43938333901413162,0.26369902986715366
0.10000000000000001,6,45.25,-0.24271632950436636,-0.2196108765733284,0.56626731215171067,1.0409584508358944,0.80068443304870718,0.4393436001250447,0.26367515409114745
0.10000000000000001,6,45.300000000000004,-0.24282586559317609,-0.21990903633974274,0.56636575249960353,1.0407221940009515,0.80086522037284691,0.43930406345904638,0.26365139716092911
0.10000000000000001,6,45.350000000000001,-0.24293440896573315,-0.22020502571556022,0.56646347627192339,1.0404876569473838,0.80104433274039655,0.43926472473728861,0.26362775545342682
0.10000000000000001,6,45.400000000000006,-0.24304196770279271,-0.22049885367494276,0.56656048643157741,1.0402548325642142,0.8012217726765628,0.43922557990986599,0.26360422550926943
0.10000000000000001,6,45.450000000000003,-0.24314854983673895,-0.22079052927602744,0.56665678595094215,1.0400237137177388,0.80139754323321288,0.43918662512623691,0.26358080402360573
0.10000000000000001,6,45.5,-0.24325416335152897,-0.22108006165838923,0.56675237775363518,1.0397942933912756,0.80157164796794045,0.43914785667700618,0.2635574878297135
0.10000000000000001,6,45.550000000000004,-0.24335881618264496,-0.22136746004052776,0.56684726499635241,1.0395665640087541,0.80174409092064525,0.4391092709004179,0.26353427387373496
0.10000000000000001,6,45.600000000000001,-0.24346251621705495,-0.2216527337173787,0.56694145074790325,1.0393405182050321,0.80191487659004856,0.43907086408766111,0.2635111591887323
0.10000000000000001,6,45.650000000000006,-0.24356527129318212,-0.22193589205785175,0.56703493810152006,1.0391161485563518,0.8020840099571811,0.43903263305037199,0.26348814103304607
0.10000000000000001,6,45.700000000000003,-0.24366708920088176,-0.22221694450239182,0.56712773017405338,1.0388934475822718,0.80225149644454785,0.43899457476715875,0.26346521680528923
0.10000000000000001,6,45.75,-0.2437679776814265,-0.22249590056056817,0.56721983010517574,1.0386724077475782,0.80241734189514269,0.43895668631561469,0.2634423840187502
0.10000000000000001,6,45.800000000000004,-0.24386794442749921,-0.22277276980868777,0.56731124105659381,1.0384530214641747,0.80258155256025132,0.43891896494124977,0.2634196403189959
0.10000000000000001,6,45.850000000000001,-0.24396699708319342,-0.22304756188743563,0.56740196613288452,1.0382352812810771,0.80274413508155973,0.43888140803034614,0.26339698347747414
0.10000000000000001,6,45.900000000000006,-0.24406514324402134,-0.22332028649954114,0.56749200857038073,1.0380191794310862,0.80290509647533692,0.43884401309805787,0.26337441138708761
0.10000000000000001,6,45.950000000000003,-0.24416239045692878,-0.22359095340747132,0.56758137163868416,1.037804708067158,0.80306444411810052,0.43880677778766169,0.26335192205923674
0.10000000000000001,6,46,-0.24425874622031757,-0.22385957243115018,0.56767005857992936,1.0375918594081694,0.80322218573317272,0.43876969987686504,0.26332951362183027
0.10000000000000001,6,46.050000000000004,-0.24435421798407475,-0.22412615344570544,0.56775807265447675,1.0373806256292557,0.80337832937754494,0.43873277728707855,0.26330718431775901
0.10000000000000001,6,46.100000000000001,-0.24444881314960873,-0.22439070637924211,0.567845417140178,1.0371709988635727,0.8035328834284623,0.43869600809155862,0.26328493250333146
0.10000000000000001,6,46.150000000000006,-0.24454253906989104,-0.22465324121064298,0.56793209533164923,1.0369629712040418,0.80368585656915148,0.43865939051832775,0.26326275664616872
0.10000000000000001,6,46.200000000000003,-0.24463540304950654,-0.22491376796739637,0.5680181105395542,1.0367565347050698,0.80383725777311188,0.43862292294377808,0.26324065532205532
0.10000000000000001,6,46.25,-0.24472741234470763,-0.22517229672345179,0.56810346601097494,1.0365516815736602,0.80398709628639486,0.43858660387286585,0.26321862721024397
0.10000000000000001,6,46.300000000000004,-0.24481857416347655,-0.22542883759710231,0.56818816512688808,1.0363484036954687,0.80413538160729658,0.43855043190180254,0.26319667108671191
0.10000000000000001,6,46.350000000000001,-0.24490889566559237,-0.2256834007488947,0.56827221128138206,1.036146692924683,0.80428212346289674,0.43851440565914973,0.26317478581486531
0.10000000000000001,6,46.400000000000006,-0.24499838396270468,-0.22593599637956727,0.5683556078423162,1.035946541178441,0.80442733178737269,0.4384785237481178,0.26315297033652002
0.10000000000000001,6,46.450000000000003,-0.24508704611841223,-0.22618663472801523,0.56843835819014721,1.0357479403436467,0.80457101678760823,0.43844278510293738,0.26313122370870412
0.10000000000000001,6,46.5,-0.24517488914834812,-0.22643532606928363,0.56852046571726733,1.0355508822785584,0.80471318887571153,0.43840718873945944,0.26310954506791656
0.10000000000000001,6,46.550000000000004,-0.24526192002026931,-0.22668208071258819,0.56860193382735036,1.0353553588143591,0.80485385864863412,0.4383717337476753,0.26308793363680782
0.10000000000000001,6,46.600000000000001,-0.24534814565415219,-0.22692690899936369,0.56868276593470746,1.0351613617567021,0.80499303688702828,0.43833641932111045,0.26306638872157617
0.10000000000000001,6,46.650000000000006,-0.24543357292229345,-0.22716982130133984,0.56876296544295035,1.034968882936919,0.80513073454086792,0.43830124472659665,0.263044909702768
0.10000000000000001,6,46.700000000000003,-0.2455182086494147,-0.22741082801864548,0.56884253571585763,1.0347779142819415,0.80526696271727427,0.43826620929293481,0.26302349603050296
0.10000000000000001,6,46.75,-0.24560205961277398,-0.22764993957793983,0.56892148028736611,1.0345884473103213,0.80540173266999682,0.43823131241308783,0.26300214722288168
0.10000000000000001,6,46.800000000000004,-0.24568513254227997,-0.2278871664305718,0.56899980260807115,1.0344004737406292,0.80553505579001117,0.43819655355454429,0.26298086286633504
0.10000000000000001,6,46.850000000000001,-0.2457674341206125,-0.22812251905076658,0.56907750613612096,1.0342139852733097,0.80566694359668745,0.43816193227249178,0.26295964261667187
0.10000000000000001,6,46.900000000000006,-0.24584897098334649,-0.22835600793384023,0.56915459433662718,1.0340289735920947,0.805797407728994,0.43812744822044142,0.26293848619958393
0.10000000000000001,6,46.950000000000003,-0.24592974971908055,-0.22858764359444145,0.56923107068108414,1.0338454303653981,0.80592645993619783,0.43809310115294181,0.26291739340936621
0.10000000000000001,6,47,-0.24600977686957032,-0.2288174365648209,0.56930693864679771,1.0336633472476855,0.80605411206753019,0.43805889091502415,0.26289636410461037
0.10000000000000001,6,47.050000000000004,-0.2460890589298651,-0.22904539739312785,0.5693822017163227,1.0334827158808255,0.80618037606028048,0.4380248174130168,0.26287539819962957
0.10000000000000001,6,47.100000000000001,-0.24616760234844942,-0.22927153664173439,0.56945686336688039,1.0333035279194871,0.80630526392579327,0.43799088056137092,0.2628544956503725
0.10000000000000001,6,47.150000000000006,-0.24624541352738746,-0.22949586488558651,0.56953092700546426,1.0331257751868856,0.80642878773283699,0.43795708020013591,0.26283365643358525
0.10000000000000001,6,47.200000000000003,-0.24632249882247234,-0.22971839271058217,0.56960439622236858,1.0329494490663154,0.80655095960583212,0.43792341617058433,0.26281288056260466
0.10000000000000001,6,47.25,-0.24639886454337828,-0.22993913071197714,0.56967727451569583,1.0327745411623299,0.80667179175020787,0.43788988865214723,0.26279216816205764
0.10000000000000001,6,47.300000000000004,-0.24647451695381678,-0.23015808949281677,0.56974956538612032,1.0326010430733112,0.80679129640571923,0.43785649774297369,0.26277151937033943
0.10000000000000001,6,47.350000000000001,-0.24654946227169602,-0.23037527966239518,0.56982127233637947,1.0324289463926892,0.80690948585060429,0.43782324359766034,0.26275093437059166
0.10000000000000001,6,47.400000000000006,-0.24662370666928365,-0.23059071183474067,0.56989239887077359,1.0322582427101434,0.80702637239260611,0.43779012640455278,0.26273041338290909
0.10000000000000001,6,47.450000000000003,-0.24669725627337277,-0.23080439662712782,0.56996294849467499,1.0320889236127799,0.8071419683609049,0.43775714637237961,0.26270995665932534
0.10000000000000001,6,47.5,-0.24677011716545164,-0.23101634465861615,0.5700329247140451,1.0319209806862917,0.80725628609938815,0.4377243037303476,0.26268956448238628
0.10000000000000001,6,47.550000000000004,-0.24684229538187502,-0.23122656654861451,0.57010233103496089,1.0317544055160939,0.80736933796085153,0.43769159873650398,0.26266923716592944
0.10000000000000001,6,47.600000000000001,-0.2469137969140402,-0.23143507291547186,0.57017117093494429,1.0315891897561336,0.80748113630172369,0.43765903168917203,0.26264897505668883
0.10000000000000001,6,47.650000000000006,-0.24698462770856455,-0.23164187437509395,0.57023944787823,1.031425325092248,0.80759169347691351,0.43762660293626549,0.26262877853534433
0.10000000000000001,6,47.700000000000003,-0.24705479366746635,-0.23184698153958538,0.57030716543816928,1.0312628029483937,0.80770102183437176,0.43759431287728873,0.26260864801563444
0.10000000000000001,6,47.75,-0.24712430064834837,-0.23205040501591762,0.57037432711672764,1.0311016149198535,0.80780913370897045,0.43756216195282749,0.26258858394015161
0.10000000000000001,6,47.800000000000004,-0.24719315446458351,-0.23225215540462252,0.57044093641374449,1.0309417526070133,0.80791604141529583,0.43753015061633738,0.26256858677143896
0.10000000000000001,6,47.850000000000001,-0.24726136088550343,-0.23245224329850994,0.57050699682650985,1.0307832076163763,0.80802175723895731,0.43749827928303542,0.26254865697700813
0.10000000000000001,6,47.900000000000006,-0.24732892563658926,-0.23265067928141209,0.57057251184934976,1.0306259715615604,0.80812629342684217,0.4374665482621905,0.26252879501000215
0.10000000000000001,6,47.950000000000003,-0.24739585439966488,-0.23284747392695104,0.5706374849732192,1.0304700360642738,0.80822966220048253,0.43743495801506854,0.26250900137820199
0.10000000000000001,6,48,-0.24746215281309197,-0.23304263779733214,0.57070191968530393,1.0303153927552706,0.80833187574482246,0.43740350906083486,0.26248927661724758
0.10000000000000001,6,48.050000000000004,-0.24752782647196742,-0.23323618144216096,0.57076581946862959,1.030162033275289,0.80843294619866146,0.43737220188783127,0.26246962126490675
0.10000000000000001,6,48.100000000000001,-0.24759288092832279,-0.23342811539728481,0.57082918780167979,1.0300099492759685,0.80853288565301884,0.43734103699485538,0.26245003587171783
0.10000000000000001,6,48.150000000000006,-0.24765732169132587,-0.23361845018365837,0.57089202810195516,1.0298591325553075,0.80863170614607094,0.43731001487946641,0.26243052099710434
0.10000000000000001,6,48.200000000000003,-0.24772115422748359,-0.23380719630623309,0.57095434386053123,1.0297095747347249,0.80872941965934875,0.43727913603637913,0.2624110772079471
0.10000000000000001,6,48.25,-0.24778438396084723,-0.23399436425286968,0.57101613857406863,1.0295612674222352,0.80882603811481302,0.43724840096208145,0.26239170507867837
0.10000000000000001,6,48.300000000000004,-0.24784701627321912,-0.23417996449327497,0.57107741569920889,1.0294142023218986,0.80892157337243165,0.43721781016181416,0.26237240519196731
0.10000000000000001,6,48.350000000000001,-0.24790905650436135,-0.23436400747796063,0.5711381786862566,1.0292683711529842,0.80901603722788173,0.43718736415504872,0.26235317813906134
0.10000000000000001,6,48.400000000000006,-0.24797050995220507,-0.23454650363722615,0.5711984309788426,1.0291237656507777,0.80910944141000329,0.43715706347560213,0.26233402451885268
0.10000000000000001,6,48.450000000000003,-0.24803138187306262,-0.23472746338016354,0.57125817601359652,1.0289803775673683,0.80920179757762822,0.43712690866252396,0.26231494493473489
0.10000000000000001,6,48.5,-0.24809167748183991,-0.23490689709368501,0.57131741721982465,1.0288381986724209,0.80929311731541487,0.43709690023789421,0.26229593998831818
0.10000000000000001,6,48.550000000000004,-0.24815140195225105,-0.23508481514157223,0.57137615801919706,1.0286972207539271,0.80938341212831366,0.43706703866766927,0.26227701026906869
0.10000000000000001,6,48.600000000000001,-0.24821056041703332,-0.23526122786354919,0.57143440182544059,1.0285574356189426,0.80947269344093875,0.43703732440974608,0.26225815636586164
0.10000000000000001,6,48.650000000000006,-0.24826915796816451,-0.23543614557437453,0.57149215204404002,1.028418835094304,0.80956097260190785,0.43700775799097069,0.26223937888435328
0.10000000000000001,6,48.700000000000003,-0.24832719965708039,-0.23560957856295756,0.57154941207194543,1.0282814110273308,0.80964826087486264,0.43697833990184226,0.26222067842153446
0.10000000000000001,6,48.75,-0.24838469049489367,-0.23578153709149396,0.57160618522259576,1.0281451554657701,0.80973456943821998,0.43694907063085414,0.26220205557351223
0.10000000000000001,6,48.800000000000004,-0.24844163545261441,-0.23595203139462392,0.57166247494305589,1.0280100601366657,0.80981990938317794,0.43691995064989059,0.26218351093037667
0.10000000000000001,6,48.850000000000001,-0.24849803946137028,-0.23612107167860996,0.57171828461034324,1.0278761169351762,0.80990429171219813,0.43689098041165042,0.26216504507473454
0.10000000000000001,6,48.900000000000006,-0.24855390741262928,-0.23628866812053601,0.57177361758448342,1.0277433177972397,0.80998772733783053,0.43686216035469216,0.26214665858258335
0.10000000000000001,6,48.950000000000003,-0.24860924415842162,-0.23645483086752661,0.57182847721561059,1.0276116546825345,0.8100702270817367,0.43683349091156148,0.26212835202516371
0.10000000000000001,6,49,-0.2486640545115637,-0.23661957003598638,0.57188286684371659,1.0274811195750801,0.81015180167377687,0.43680497251545991,0.2621101259704286
0.10000000000000001,6,49.050000000000004,-0.24871834324588221,-0.23678289571085903,0.57193678979840634,1.0273517044838247,0.81023246175101571,0.4367766056009153,0.26209198098276659
0.10000000000000001,6,49.100000000000001,-0.24877211509643904,-0.23694481794490602,0.57199024939865961,1.0272234014432169,0.81031221785651086,0.43674839059391296,0.26207391761961846
0.10000000000000001,6,49.150000000000006,-0.24882537475975669,-0.23710534675800543,0.57204324895259939,1.0270962025137613,0.81039108043774466,0.43672032788694848,0.26205593642362462
0.10000000000000001,6,49.200000000000003,-0.24887812689404465,-0.2372644921364685,0.57209579175726655,1.0269700997825602,0.81046905984459594,0.43669241779906676,0.26203803791035141
0.10000000000000001,6,49.25,-0.24893037611942562,-0.23742226403237623,0.57214788109840031,1.0268450853638391,0.81054616632862053,0.43666466068280169,0.26202022260085178
0.10000000000000001,6,49.300000000000004,-0.2489821270181628,-0.2375786723629342,0.57219952025022602,1.0267211513994574,0.81062241004379509,0.43663705689075444,0.26200249101027673
0.10000000000000001,6,49.350000000000001,-0.24903338413488754,-0.23773372700984544,0.57225071247524739,1.0265982900594062,0.81069780104635802,0.4366096067565774,0.26198484364184998
0.10000000000000001,6,49.400000000000006,-0.24908415197682693,-0.23788743781870231,0.57230146095794188,1.0264764937009394,0.81077234929343001,0.43658231060314973,0.26196728098940442
0.10000000000000001,6,49.450000000000003,-0.2491344350140321,-0.23803981459839529,0.57235176899569251,1.0263557544103379,0.81084606464204256,0.43655516872569949,0.26194980353201774
0.10000000000000001,6,49.5,-0.24918423767960662,-0.23819086712054025,0.57240163982247938,1.0262360644260495,0.81091895684883142,0.43652818138857175,0.26193241173268356
0.10000000000000001,6,49.550000000000004,-0.24923356436993532,-0.23834060511892236,0.57245107665196548,1.0261174160352828,0.81099103557019092,0.43650134883112518,0.26191510603969648
0.10000000000000001,6,49.600000000000001,-0.24928241944491325,-0.23848903828895784,0.57250008268514618,1.0259998015556491,0.81106231036268406,0.43647467127824119,0.26189788688942955
0.10000000000000001,6,49.650000000000006,-0.24933080722817427,-0.23863617628717251,0.57254866111017688,1.0258832133355755,0.81113279068350208,0.43644814895092898,0.26188075470918398
0.10000000000000001,6,49.700000000000003,-0.24937873200732091,-0.23878202873069629,0.5725968151022065,1.0257676437547043,0.81120248589077237,0.43642178207250959,0.26186370991878882
0.10000000000000001,6,49.75,-0.24942619803415284,-0.23892660519677525,0.57264454782321561,1.0256530852242824,0.81127140524350905,0.436395570865863,0.26184675292962994
0.10000000000000001,6,49.800000000000004,-0.24947320952489654,-0.23906991522229898,0.57269186242186132,1.0255395301875327,0.81133955790100432,0.43636951553722109,0.26182988413978686
0.10000000000000001,6,49.850000000000001,-0.24951977066043446,-0.23921196830334412,0.57273876203332585,1.0254269711200179,0.81140695292145704,0.43634361624199047,0.26181310392395707
0.10000000000000001,6,49.900000000000006,-0.24956588558653409,-0.2393527738947345,0.57278524977917178,1.0253154005299876,0.81147359925966855,0.43631787302891961,0.26179641261708408
0.10000000000000001,6,49.950000000000003,-0.2496115584140769,-0.23949234140961462,0.57283132876720066,1.0252048109587184,0.81153950577167577,0.43629228597637554,0.26177981055406579
0.10000000000000001,6,50,-0.24965679321928769,-0.23963068021904077,0.57287700209131875,1.0250951949808349,0.81160468121651363,0.43626685522274522,0.26176329807942794
0.10000000000000001,6,50.050000000000004,-0.24970159404396297,-0.23976779965158573,0.57292227283140618,1.0249865452046252,0.81166913425386999,0.43624158084570408,0.26174687550983505
0.10000000000000001,6,50.100000000000001,-0.24974596489569981,-0.23990370899295832,0.57296714403927274,1.0248788543057454,0.81173287344527267,0.43621646291305205,0.26173054314961725
0.10000000000000001,6,50.150000000000006,-0.24978990974812393,-0.2400384174856382,0.57301161872890427,1.0247721150506297,0.81179590725310502,0.43619150146746788,0.26171430128727791
0.10000000000000001,6,50.200000000000003,-0.24983343254111817,-0.24017193432852391,0.57305569998933403,1.0246663200255983,0.81185824404079288,0.43616669652190493,0.26169815019431664
0.10000000000000001,6,50.25,-0.24987653718104999,-0.24030426867659616,0.57309939084312522,1.0245614619764993,0.8119198920738101,0.43614204806250617,0.26168209012569976
0.10000000000000001,6,50.300000000000004,-0.24991922754099916,-0.24043542964059361,0.57314269429823417,1.0244575336842379,0.81198085952114363,0.43611755605591845,0.26166612132131384
0.10000000000000001,6,50.350000000000001,-0.24996150746098453,-0.24056542628670363,0.57318561334790852,1.0243545279650195,0.81204115445686986,0.43609322045788379,0.26165024400773462
0.10000000000000001,6,50.400000000000006,-0.25000338074819151,-0.24069426763626539,0.57322815097058899,1.0242524376705864,0.8121007848614874,0.43606904121998774,0.26163445839964605
0.10000000000000001,6,50.450000000000003,-0.2500448511771976,-0.24082196266548639,0.57327031012981577,1.024151255688442,0.81215975862265177,0.43604501829144277,0.26161876470024292
0.10000000000000001,6,50.5,-0.25008592249019879,-0.24094852030517239,0.57331209377413961,1.024050974942065,0.81221808353496605,0.43602115161278637,0.26160316309995041
0.10000000000000001,6,50.550000000000004,-0.25012659839723489,-0.24107394944046939,0.57335350483703629,1.0239515883911128,0.81227576729847117,0.4359974410983723,0.26158765377279525
0.10000000000000001,6,50.600000000000001,-0.2501668825764144,-0.24119825891061819,0.57339454623682584,1.023853089031618,0.81233281751549002,0.43597388660453379,0.26157223686976172
0.10000000000000001,6,50.650000000000006,-0.2502067786741391,-0.2413214575087215,0.5734352208765956,1.0237554698961706,0.81238924168743443,0.43595048789754687,0.26155691251221797
0.10000000000000001,6,50.700000000000003,-0.25024629030532775,-0.24144355398152317,0.57347553164412723,1.0236587240540946,0.8124450472371364,0.43592724483836592,0.26154168083143958
0.10000000000000001,6,50.75,-0.25028542105363955,-0.24156455702919866,0.57351548141182773,1.0235628446116134,0.81250024149634303,0.43590415726115406,0.26152654194148267
0.10000000000000001,6,50.800000000000004,-0.25032417447169708,-0.24168447530515763,0.57355507303666386,1.0234678247120066,0.81255483170568532,0.4358812249764657,0.26151149594146406
0.10000000000000001,6,50.850000000000001,-0.25036255408130775,-0.24180331741585809,0.57359430936010125,1.023373657535757,0.81260882501701515,0.43585844778157862,0.26149654291735019
0.10000000000000001,6,50.900000000000006,-0.25040056337368632,-0.24192109192063066,0.57363319320804629,1.0232803363006888,0.8126622284930195,0.43583582544787125,0.26148168293889196
0.10000000000000001,6,50.950000000000003,-0.25043820580967491,-0.24203780733151561,0.57367172737231842,1.0231878543064357,0.81271504910776693,0.43581335771844176,0.26146691605910127
0.10000000000000001,6,51,-0.25047548481996351,-0.24215347211310878,0.57370991462797738,1.0230962048928542,0.81276729374790813,0.43579104431278687,0.26145224231548081
0.10000000000000001,6,51.050000000000004,-0.25051240380530959,-0.24226809468241958,0.57374775779249354,1.0230053812980155,0.81281896921425145,0.43576888493535754,0.26143766173221678
0.10000000000000001,6,51.100000000000001,-0.25054896613675648,-0.24238168340873817,0.57378525962902627,1.022915376890337,0.81287008222343948,0.43574687928480893,0.2614231743225453
0.10000000000000001,6,51.150000000000006,-0.25058517515585205,-0.24249424661351404,0.57382242288494012,1.0228261850761438,0.81292063940944825,0.43572502706076233,0.26140878009050234
0.10000000000000001,6,51.200000000000003,-0.2506210341748652,-0.24260579257024317,0.57385925029176754,1.0227377992997579,0.81297064732463487,0.43570332796489608,0.26139447903126833
0.10000000000000001,6,51.25,-0.25065654647700308,-0.24271632950436636,0.57389574456517534,1.0226502130435791,0.81302011244005601,0.43568178169318306,0.26138027112931678
0.10000000000000001,6,51.300000000000004,-0.25069171531662643,-0.24282586559317609,0.57393190840493402,1.0225634198281583,0.81306904114478473,0.43566038791609218,0.26136615635357796
0.10000000000000001,6,51.350000000000001,-0.25072654391946492,-0.24293440896573315,0.57396774449489008,1.0224774132122638,0.81311743974394957,0.43563914624357153,0.26135213464882817
0.10000000000000001,6,51.400000000000006,-0.2507610354828308,-0.24304196770279271,0.57400325550294173,1.0223921867929398,0.81316531445671136,0.43561805619147081,0.26133820592747442
0.10000000000000001,6,51.450000000000003,-0.25079519317583243,-0.24314854983673895,0.57403844408101723,1.0223077342055586,0.81321267143252096,0.43559711738857354,0.26132437012145737
0.10000000000000001,6,51.5,-0.25082902013958708,-0.24325416335152897,0.57407331286505658,1.0222240491238641,0.81325951674234531,0.43557632944078428,0.26131062714838843
0.10000000000000001,6,51.550000000000004,-0.25086251948743177,-0.24335881618264496,0.57410786447499529,1.0221411252600112,0.81330585637936037,0.43555569192999666,0.26129697691144749
0.10000000000000001,6,51.600000000000001,-0.25089569430513486,-0.24346251621705495,0.57414210151475198,1.0220589563645952,0.81335169626083581,0.43553520442804128,0.26128341930295701
0.10000000000000001,6,51.650000000000006,-0.25092854765110506,-0.24356527129318212,0.57417602657221789,1.021977536226677,0.81339704222816256,0.43551486648554427,0.26126995420170024
0.10000000000000001,6,51.700000000000003,-0.25096108255660127,-0.24366708920088176,0.57420964221924908,1.0218968586738022,0.81344190004755812,0.43549467762996807,0.26125658147255854
0.10000000000000001,6,51.75,-0.25099330202593961,-0.2437679776814265,0.57424295101166234,1.0218169175720104,0.81348627541124063,0.43547463736997699,0.26124330096774717
0.10000000000000001,6,51.800000000000004,-0.25102520903670161,-0.24386794442749921,0.57427595548923183,1.0217377068258435,0.81353017393885851,0.43545474520326977,0.26123011252892775
0.10000000000000001,6,51.850000000000001,-0.25105680653993928,-0.24396699708319342,0.57430865817568988,1.0216592203783443,0.81357360117896527,0.43543500062502094,0.26121701598947644
0.10000000000000001,6,51.900000000000006,-0.25108809746038135,-0.24406514324402134,0.57434106157872977,1.0215814522110485,0.81361656261032678,0.43541540313407395,0.26120401117618691
0.10000000000000001,6,51.950000000000003,-0.25111908469663696,-0.24416239045692878,0.574373168171597,1.0215043963881671,0.81365906364285101,0.43539595223402811,0.26119109790968614
0.10000000000000001,6,52,-0.25114977112139897,-0.24425874622031757,0.57440498041929866,1.0214280469936832,0.81370110961793196,0.43537664742636123,0.26117827600284305
0.10000000000000001,6,52.050000000000004,-0.25118015958164674,-0.24435421798407475,0.57443650081092168,1.021352398053788,0.81374270580799291,0.43535748819273112,0.26116554525644742
0.10000000000000001,6,52.100000000000001,-0.25121025289884696,-0.24444881314960873,0.57446773179007138,1.0212774437038286,0.81378385741502202,0.43533847396359726,0.2611529054514391
0.10000000000000001,6,52.150000000000006,-0.25124005386915449,-0.24454253906989104,0.57449867578436109,1.0212031781175333,0.81382456956921401,0.43531960408715992,0.26114035634117588
0.10000000000000001,6,52.200000000000003,-0.25126956526361133,-0.24463540304950654,0.57452933520542937,1.0211295955069695,0.81386484734422482,0.43530087801437195,0.26112789769777456
0.10000000000000001,6,52.25,-0.25129878982834525,-0.24472741234470763,0.57455971244895743,1.0210566901225022,0.8139046957481062,0.43528229517925132,0.26111552928258858
0.10000000000000001,6,52.300000000000004,-0.25132773028476707,-0.24481857416347655,0.57458980989468988,1.0209844562527441,0.81394411972430492,0.43526385499733927,0.26110325084594271
0.10000000000000001,6,52.350000000000001,-0.25135638932976684,-0.24490889566559237,0.57461962990645721,1.0209128882245027,0.81398312415345575,0.43524555687891842,0.26109106213057243
0.10000000000000001,6,52.400000000000006,-0.25138476963590939,-0.24499838396270468,0.57464917483219913,1.020841980402722,0.81402171385328115,0.43522740021820799,0.26107896286906679
0.10000000000000001,6,52.450000000000003,-0.25141287385162836,-0.24508704611841223,0.57467844700399184,1.0207717271904195,0.81405989357919739,0.43520938439107287,0.26106695278343223
0.10000000000000001,6,52.5,-0.25144070460141971,-0.24517488914834812,0.574707448738075,1.02070212302862,0.81409766802541661,0.43519150875868245,0.26105503158613824
0.10000000000000001,6,52.550000000000004,-0.25146826448603343,-0.24526192002026931,0.574736182334882,1.0206331623962832,0.81413504182632335,0.43517377267455565,0.26104319898200706
0.10000000000000001,6,52.600000000000001,-0.25149555608266511,-0.24534814565415219,0.57476465007907129,1.0205648398102289,0.81417201955791363,0.43515617549242813,0.26103145467030897
0.10000000000000001,6,52.650000000000006,-0.25152258194514571,-0.24543357292229345,0.57479285423955961,1.0204971498250568,0.81420860573908049,0.4351387165723779,0.26101979834642547
0.10000000000000001,6,52.700000000000003,-0.25154934460413075,-0.2455182086494147,0.57482079706955647,1.0204300870330645,0.81424480483252815,0.43512139528264521,0.26100822970244181
0.10000000000000001,6,52.75,-0.25157584656728815,-0.24560205961277398,0.57484848080660123,1.020363646064157,0.81428062124510459,0.43510421099458363,0.26099674842603066
0.10000000000000001,6,52.800000000000004,-0.25160209031948499,-0.24568513254227997,0.57487590767260077,1.0202978215857581,0.81431605932733431,0.43508716306817757,0.26098535419698909
0.10000000000000001,6,52.850000000000001,-0.25162807832297357,-0.2457674341206125,0.57490307987386891,1.0202326083027147,0.81435112337193782,0.43507025082556294,0.26097404668079038
0.10000000000000001,6,52.900000000000006,-0.25165381301757572,-0.24584897098334649,0.57492999960116786,1.0201680009571972,0.81438581761130924,0.43505347351215651,0.26096282551905137
0.10000000000000001,6,52.950000000000003,-0.25167929682086709,-0.24592974971908055,0.57495666902975029,1.0201039943285992,0.81442014622970205,0.43503683043251273,0.26095169036342153
0.10000000000000001,6,53,-0.25170453212835864,-0.24600977686957032,0.57498309031940331,1.0200405832334321,0.8144541133620139,0.43502032093010451,0.26094064087074276
0.10000000000000001,6,53.050000000000004,-0.25172952131367915,-0.2460890589298651,0.57500926561449406,1.0199777625252142,0.8144877230885248,0.43500394431310102,0.26092967668465156
0.10000000000000001,6,53.100000000000001,-0.25175426672875506,-0.24616760234844942,0.57503519704401596,1.0199155270943616,0.81452097943872892,0.43498769989216313,0.2609187974451585
0.10000000000000001,6,53.150000000000006,-0.2517787707039898,-0.24624541352738746,0.57506088672163647,1.0198538718680725,0.81455388639087845,0.4349715869682812,0.2609080027858075
0.10000000000000001,6,53.200000000000003,-0.2518030355484418,-0.24632249882247234,0.57508633670976694,1.0197927918965592,0.81458644787227386,0.43495560482879125,0.26089729233282188
0.10000000000000001,6,53.25,-0.25182706355000206,-0.24639886454337828,0.57511154912563267,1.0197322820984815,0.81461866776009872,0.43493975274931834,0.26088666570569019
0.10000000000000001,6,53.300000000000004,-0.2518508569755698,-0.24647451695381678,0.57513652603949661,1.0196723375052081,0.814650549882595,0.43492402999939922,0.26087612251864539
0.10000000000000001,6,53.350000000000001,-0.25187441807122707,-0.24654946227169602,0.5751612695042233,1.0196129531898641,0.81468209802037794,0.43490843584953298,0.26086566238249076
0.10000000000000001,6,53.400000000000006,-0.25189774906241313,-0.24662370666928365,0.57518578155760902,1.0195541242617383,0.81471331590768881,0.43489296957741164,0.26085528490622534
0.10000000000000001,6,53.450000000000003,-0.25192085215409676,-0.24669725627337277,0.57521006422243637,1.0194958458661527,0.81474420723338326,0.43487763047107919,0.26084498969792286
0.10000000000000001,6,53.5,-0.25194372953094796,-0.24677011716545164,0.57523411950653036,1.0194381131843271,0.8147747756414534,0.43486241782677137,0.26083477636431723
0.10000000000000001,6,53.550000000000004,-0.25196638335750832,-0.24684229538187502,0.57525794940281538,1.019380921433243,0.81480502473088423,0.43484733093918487,0.26082464450854775
0.10000000000000001,6,53.600000000000001,-0.25198881577836074,-0.2469137969140402,0.57528155588937246,1.019324265865506,0.81483495805464157,0.43483236908192741,0.26081459372551741
0.10000000000000001,6,53.650000000000006,-0.25201102891829702,-0.24698462770856455,0.57530494092949869,1.0192681417692031,0.81486457911759014,0.43481753147589824,0.26080462359431772
0.10000000000000001,6,53.700000000000003,-0.25203302488248569,-0.24705479366746635,0.57532810647176635,1.0192125444677607,0.8148938913784971,0.43480281731050224,0.26079473368352118
0.10000000000000001,6,53.75,-0.25205480575663802,-0.24712430064834837,0.57535105445008417,1.019157469319798,0.81492289826249165,0.43478822589231925,0.26078492358744776
0.10000000000000001,6,53.800000000000004,-0.25207637360717261,-0.24719315446458351,0.57537378678375783,1.0191029117189812,0.81495160314863013,0.43477375647639327,0.26077519288531475
0.10000000000000001,6,53.850000000000001,-0.25209773048137973,-0.24726136088550343,0.57539630537755293,1.0190488670938729,0.81498000937496928,0.43475940832370874,0.26076554115536604
0.10000000000000001,6,53.900000000000006,-0.25211887840758351,-0.24732892563658926,0.57541861212175738,1.0189953309077822,0.81500812023837488,0.43474518069260254,0.26075596797280576
0.10000000000000001,6,53.950000000000003,-0.25213981939530428,-0.24739585439966488,0.57544070889224586,1.0189422986586099,0.81503593899454152,0.43473107283237039,0.26074647290830433
0.10000000000000001,6,54,-0.25216055543541888,-0.24746215281309197,0.57546259755054352,1.0188897658786955,0.81506346885852721,0.43471708398304243,0.26073705552803794
0.10000000000000001,6,54.050000000000004,-0.25218108850031995,-0.24752782647196742,0.57548427994389162,1.0188377281346601,0.81509071300563019,0.43470321337931184,0.26072771539475864
0.10000000000000001,6,54.100000000000001,-0.25220142054407441,-0.24759288092832279,0.57550575790531322,1.0187861810272483,0.81511767457243955,0.43468946025659688,0.26071845206939548
0.10000000000000001,6,54.150000000000006,-0.25222155350258124,-0.24765732169132587,0.57552703325367982,1.0187351201911683,0.81514435665788765,0.43467582385722109,0.26070926511268372
0.10000000000000001,6,54.200000000000003,-0.25224148929372686,-0.24772115422748359,0.5755481077937783,1.0186845412949321,0.81517076232413221,0.43466230343469159,0.26070015408632169
0.10000000000000001,6,54.25,-0.2522612298175409,-0.24778438396084723,0.5755689833163784,1.0186344400406917,0.81519689459710221,0.43464889825406011,0.2606911185531538
0.10000000000000001,6,54.300000000000004,-0.25228077695635015,-0.24784701627321912,0.57558966159830149,1.0185848121640764,0.81522275646653153,0.43463560758634739,0.26068215807587758
0.10000000000000001,6,54.350000000000001,-0.25230013257493122,-0.24790905650436135,0.57561014440248914,1.018535653434026,0.81524835088531511,0.43462243069501438,0.26067327221377495
0.10000000000000001,6,54.400000000000006,-0.25231929852066265,-0.24797050995220507,0.5756304334780723,1.0184869596526265,0.81527368076801443,0.43460936681246226,0.26066446051696407
0.10000000000000001,6,54.450000000000003,-0.25233827662367581,-0.24803138187306262,0.57565053056044113,1.0184387266549413,0.81529874898894727,0.43459641511162594,0.26065572251943148
0.10000000000000001,6,54.5,-0.25235706869700425,-0.24809167748183991,0.57567043737131574,1.0183909503088422,0.81532355839457127,0.43458357484650972,0.26064705777400043
0.10000000000000001,6,54.550000000000004,-0.25237567653673276,-0.24815140195225105,0.57569015561881609,1.0183436265148413,0.81534811179781563,0.43457084528096662,0.26063846583471206
0.10000000000000001,6,54.600000000000001,-0.25239410192214456,-0.24821056041703332,0.57570968699753389,1.0182967512059187,0.81537241197659149,0.43455822566382557,0.26062994625074726
0.10000000000000001,6,54.650000000000006,-0.25241234661586831,-0.24826915796816451,0.5757290331886038,1.0182503203473507,0.81539646167594393,0.43454571524946201,0.26062149857164069
0.10000000000000001,6,54.700000000000003,-0.25243041236402297,-0.24832719965708039,0.57574819585977532,1.0182043299365391,0.81542026360763076,0.43453331328827155,0.260613122345005
0.10000000000000001,6,54.75,-0.25244830089636272,-0.24838469049489367,0.57576717666063904,1.0181587760144664,0.81544382045027952,0.43452101902365781,0.26060481711585715
0.10000000000000001,6,54.800000000000004,-0.25246601392641993,-0.24844163545261441,0.57578597721360558,1.0181136546873466,0.81546713484996436,0.43450883169374355,0.26059658242710576
0.10000000000000001,6,54.850000000000001,-0.25248355315164761,-0.24849803946137028,0.57580459917060733,1.0180689619905423,0.81549020942104544,0.43449675053601561,0.26058841782075964
0.10000000000000001,6,54.900000000000006,-0.25250092025356052,-0.24855390741262928,0.57582304414657759,1.0180246940482138,0.81551304674711556,0.43448477479311304,0.26058032283941512
0.10000000000000001,6,54.950000000000003,-0.2525181168978754,-0.24860924415842162,0.57584131374342873,1.017980847015771,0.81553564938189427,0.43447290371796837,0.260572297027583
0.10000000000000001,6,55,-0.25253514473465039,-0.2486640545115637,0.57585940955012727,1.0179374170796944,0.81555801984991616,0.43446113657651236,0.26056433993241301
0.10000000000000001,6,55.050000000000004,-0.2525520053984226,-0.24871834324588221,0.57587733314276646,1.0178944004573605,0.81558016064685479,0.43444947264615064,0.26055645110337566
0.10000000000000001,6,55.100000000000001,-0.25256870050834546,-0.24877211509643904,0.57589508608464168,1.0178517933968598,0.81560207423932551,0.43443791120822434,0.26054863009046036
0.10000000000000001,6,55.150000000000006,-0.25258523166832469,-0.24882537475975669,0.57591266992632439,1.0178095921768213,0.81562376306401163,0.43442645153266207,0.26054087644044915
0.10000000000000001,6,55.200000000000003,-0.25260160046715369,-0.24887812689404465,0.5759300862057366,1.0177677931062321,0.81564522952595875,0.4344150928530352,0.26053318969082484
0.10000000000000001,6,55.25,-0.25261780847864662,-0.24893037611942562,0.57594733644822615,1.0177263925242572,0.81566647599836706,0.43440383436125785,0.26052556936854171
0.10000000000000001,6,55.300000000000004,-0.25263385726177245,-0.2489821270181628,0.57596442216664123,1.017685386800061,0.81568750483499131,0.43439267535842185,0.26051801502734756
0.10000000000000001,6,55.350000000000001,-0.2526497483607858,-0.24903338413488754,0.57598134486140595,1.0176447723326256,0.81570831835959612,0.43438161511529233,0.26051052621337956
0.10000000000000001,6,55.400000000000006,-0.2526654833053591,-0.24908415197682693,0.5759981060205952,1.0176045455505716,0.81572891886899523,0.43437065290551852,0.26050310247346053
0.10000000000000001,6,55.450000000000003,-0.2526810636107113,-0.2491344350140321,0.57601470712001013,1.0175647029119756,0.81574930863340223,0.43435978800641573,0.26049574335532555
0.10000000000000001,6,55.5,-0.25269649077773765,-0.24918423767960662,0.5760311496232533,1.0175252409041919,0.81576948989619313,0.43434901969204293,0.26048844840594926
0.10000000000000001,6,55.550000000000004,-0.25271176629313724,-0.24923356436993532,0.576047434981805,1.0174861560436679,0.81578946487412451,0.4343383472316858,0.26048121717121514
0.10000000000000001,6,55.600000000000001,-0.25272689162954004,-0.24928241944491325,0.57606356463509789,1.0174474448757651,0.81580923575787323,0.43432776989216171,0.26047404919653322
0.10000000000000001,6,55.650000000000006,-0.25274186824563283,-0.24933080722817427,0.57607954001059281,1.0174091039745772,0.8158288047127592,0.43431728694236671,0.26046694402801451
0.10000000000000001,6,55.700000000000003,-0.25275669758628438,-0.24937873200732091,0.57609536252385518,1.0173711299427475,0.8158481738795218,0.43430689765848068,0.26045990121380852
0.10000000000000001,6,55.75,-0.25277138108266878,-0.24942619803415284,0.57611103357862958,1.0173335194112889,0.81586734537501038,0.43429660132825104,0.26045292030521211
0.10000000000000001,6,55.800000000000004,-0.25278592015238932,-0.24947320952489654,0.57612655456691619,1.0172962690394012,0.81588632129265726,0.43428639725277168,0.26044600085715591
0.10000000000000001,6,55.850000000000001,-0.25280031619959997,-0.24951977066043446,0.57614192686904619,1.0172593755142891,0.81590510370259828,0.43427628474417634,0.26043914242767735
0.10000000000000001,6,55.900000000000006,-0.25281457061512663,-0.24956588558653409,0.5761571518537576,1.0172228355509818,0.81592369465130488,0.43426626311766398,0.26043234457598524
0.10000000000000001,6,55.950000000000003,-0.25282868477658704,-0.2496115584140769,0.57617223087827041,1.017186645892151,0.81594209616059532,0.43425633167627498,0.26042560685872579
0.10000000000000001,6,56,-0.25284266004851053,-0.24965679321928769,0.57618716528836289,1.0171508033079291,0.81596031022588988,0.43424648968683627,0.26041892882405537
0.10000000000000001,6,56.050000000000004,-0.25285649778245545,-0.24970159404396297,0.57620195641844651,1.0171153045957284,0.81597833881758286,0.43423673639254234,0.26041231001480314
0.10000000000000001,6,56.100000000000001,-0.2528701993171269,-0.24974596489569981,0.57621660559164178,1.0170801465800596,0.81599618389217154,0.43422707114023207,0.26040575000005395
0.10000000000000001,6,56.150000000000006,-0.2528837659784931,-0.24978990974812393,0.57623111411985362,1.0170453261123513,0.81601384738048699,0.43421749323881553,0.26039924834005962
0.10000000000000001,6,56.200000000000003,-0.25289719907990066,-0.24983343254111817,0.57624548330384628,1.0170108400707689,0.81603133119191595,0.43420800200542758,0.26039280459776726
0.10000000000000001,6,56.25,-0.25291049992218873,-0.24987653718104999,0.57625971443331903,1.0169766853600344,0.81604863721426957,0.43419859676064526,0.26038641833766007
0.10000000000000001,6,56.300000000000004,-0.25292366979380343,-0.24991922754099916,0.57627380878698109,1.0169428589112453,0.81606576731358293,0.43418927682290054,0.26038008912439825
0.10000000000000001,6,56.350000000000001,-0.25293670997090922,-0.24996150746098453,0.57628776763262646,1.0169093576816965,0.81608272333430532,0.43418004150751804,0.26037381652260766
0.10000000000000001,6,56.400000000000006,-0.2529496217175019,-0.25000338074819151,0.57630159222720923,1.0168761786546978,0.81609950709976242,0.43417089012899351,0.26036760009747245
0.10000000000000001,6,56.450000000000003,-0.25296240628551825,-0.2500448511771976,0.57631528381691766,1.0168433188393975,0.81611612041277437,0.43416182200512776,0.26036143941578926
0.10000000000000001,6,56.5,-0.25297506491494687,-0.25008592249019879,0.57632884363724934,1.0168107752706015,0.81613256505630905,0.43415283646163161,0.26035533404713751
0.10000000000000001,6,56.550000000000004,-0.25298759883393657,-0.25012659839723489,0.57634227291308526,1.0167785450085953,0.81614884279405353,0.43414393283581731,0.26034928356482334
0.10000000000000001,6,56.600000000000001,-0.25300000925890465,-0.2501668825764144,0.57635557285876426,1.0167466251389656,0.81616495537078493,0.43413511047799086,0.26034328754625319
0.10000000000000001,6,56.650000000000006,-0.25301229739464426,-0.2502067786741391,0.57636874467815713,1.0167150127724229,0.81618090451242309,0.43412636874916133,0.26033734557239296
0.10000000000000001,6,56.700000000000003,-0.25302446443443044,-0.25024629030532775,0.57638178956474051,1.0166837050446227,0.81619669192564748,0.43411770701368169,0.26033145722596934
0.10000000000000001,6,56.75,-0.25303651156012574,-0.25028542105363955,0.57639470870167031,1.0166526991159912,0.81621231929695826,0.43410912462543699,0.26032562208806986
0.10000000000000001,6,56.800000000000004,-0.25304843994228488,-0.25032417447169708,0.57640750326185597,1.0166219921715456,0.81622778829106646,0.43410062090619461,0.26031983973279704
0.10000000000000001,6,56.850000000000001,-0.25306025074025851,-0.25036255408130775,0.57642017440803295,1.0165915814207209,0.81624310055214966,0.43409219515726322,0.26031410973012953
0.10000000000000001,6,56.900000000000006,-0.25307194510229536,-0.25040056337368632,0.57643272329283668,1.0165614640971918,0.81625825771397986,0.43408384677627593,0.26030843167504547
0.10000000000000001,6,56.950000000000003,-0.25308352416564539,-0.25043820580967491,0.57644515105887462,1.0165316374587008,0.81627326138908807,0.434075575127088,0.26030280515521675
0.10000000000000001,6,57,-0.25309498905666006,-0.25047548481996351,0.57645745883879973,1.0165020987868807,0.81628811317251659,0.43406737958027458,0.26029722976082947
0.10000000000000001,6,57.050000000000004,-0.2531063408908929,-0.25051240380530959,0.57646964774913179,1.0164728454020837,0.81630281464162369,0.43405925951038665,0.26029170508419408
0.10000000000000001,6,57.100000000000001,-0.25311758077319901,-0.25054896613675648,0.57648171889690758,1.0164438746474218,0.81631736735587679,0.43405121429166854,0.26028623071882834
0.10000000000000001,6,57.150000000000006,-0.25312870979783375,-0.25058517515585205,0.57649367339770174,1.0164151838455158,0.81633177285704284,0.43404324329726485,0.26028080625927719
0.10000000000000001,6,57.200000000000003,-0.25313972904855009,-0.2506210341748652,0.57650551234506831,1.0163867703718361,0.816346032669647,0.43403534590087589,0.26027543130145109
0.10000000000000001,6,57.25,-0.25315063959869627,-0.25065654647700308,0.57651723682296674,1.0163586316248798,0.81636014830157722,0.43402752147982038,0.26027010544326612
0.10000000000000001,6,57.300000000000004,-0.25316144251131129,-0.25069171531662643,0.57652884790583248,1.0163307650260021,0.81637412124470699,0.43401976941846343,0.26026482828536895
0.10000000000000001,6,57.350000000000001,-0.25317213883922079,-0.25072654391946492,0.57654034665864851,1.0163031680192436,0.816387952975413,0.43401208911097,0.26025959943172783
0.10000000000000001,6,57.400000000000006,-0.25318272962513116,-0.2507610354828308,0.57655173413701566,1.0162758380711623,0.81640164495486134,0.43400447996234132,0.2602544184898738
0.10000000000000001,6,57.450000000000003,-0.2531932159017235,-0.25079519317583243,0.57656301138722332,1.0162487726706639,0.81641519862893719,0.43399694138669331,0.26024928507057393
0.10000000000000001,6,57.5,-0.25320359869174641,-0.25082902013958708,0.57657417944631939,1.0162219693288335,0.81642861542769363,0.43398947280173655,0.26024419878671928
0.10000000000000001,6,57.550000000000004,-0.25321387900810821,-0.25086251948743177,0.57658523934217998,1.016195425578768,0.81644189676419432,0.43398207361841556,0.26023915925121038
0.10000000000000001,6,57.600000000000001,-0.25322405785396829,-0.25089569430513486,0.5765961920935796,1.0161691389754088,0.81645504403262437,0.43397474322466673,0.26023416607362287
0.10000000000000001,6,57.650000000000006,-0.25323413622282753,-0.25092854765110506,0.57660703871025965,1.0161431070953768,0.81646805860971083,0.43396748099486543,0.26022921886229067
0.10000000000000001,6,57.700000000000003,-0.25324411509861855,-0.25096108255660127,0.57661778019299803,1.0161173275368047,0.81648094186647324,0.43396028637673106,0.26022431724206296
0.10000000000000001,6,57.75,-0.25325399545579402,-0.25099330202593961,0.57662841753367766,1.0160917979191735,0.81649369515540993,0.43395315879265128,0.26021946083377362
0.10000000000000001,6,57.800000000000004,-0.25326377825941526,-0.25102520903670161,0.57663895171535451,1.0160665158831492,0.81650631981456345,0.43394609767288084,0.26021464926166804
0.10000000000000001,6,57.850000000000001,-0.25327346446524002,-0.25105680653993928,0.57664938371232599,1.0160414790904175,0.81651881716754227,0.43393910245168388,0.26020988215229346
0.10000000000000001,6,57.900000000000006,-0.2532830550198088,-0.25108809746038135,0.57665971449019893,1.0160166852235226,0.8165311885233355,0.43393217256315064,0.26020515913346481
0.10000000000000001,6,57.950000000000003,-0.25329255086053093,-0.25111908469663696,0.57666994500595659,1.0159921319857041,0.81654343517641959,0.43392530744045266,0.26020047983408445
0.10000000000000001,6,58,-0.25330195291577001,-0.25114977112139897,0.57668007620802586,1.0159678171007378,0.81655555840706973,0.4339185065175073,0.26019584388456035
0.10000000000000001,6,58.050000000000004,-0.25331126210492805,-0.25118015958164674,0.57669010903634421,1.0159437383127738,0.81656755948178728,0.43391176923202246,0.26019125091756723
0.10000000000000001,6,58.100000000000001,-0.25332047933852969,-0.25121025289884696,0.57670004442242639,1.0159198933861766,0.81657943965375523,0.43390509502889146,0.26018670056889515
0.10000000000000001,6,58.150000000000006,-0.25332960551830486,-0.25124005386915449,0.57670988328942985,1.0158962801053684,0.81659120016323183,0.43389848336290943,0.26018219247812957
0.10000000000000001,6,58.200000000000003,-0.25333864153727126,-0.25126956526361133,0.57671962655222131,1.0158728962746688,0.81660284223779722,0.43389193369978146,0.2601777262889079
0.10000000000000001,6,58.25,-0.25334758827981607,-0.25129878982834525,0.57672927511744199,1.0158497397181392,0.81661436709236157,0.43388544551439323,0.26017330164849678
0.10000000000000001,6,58.300000000000004,-0.25335644662177653,-0.25132773028476707,0.57673882988357261,1.0158268082794257,0.81662577592884811,0.43387901828531478,0.26016891820643412
0.10000000000000001,6,58.350000000000001,-0.25336521743052048,-0.25135638932976684,0.57674829174099829,1.015804099821604,0.81663706993546425,0.43387265148450821,0.26016457561198103
0.10000000000000001,6,58.400000000000006,-0.25337390156502543,-0.25138476963590939,0.57675766157207342,1.0157816122270238,0.81664825028546861,0.43386634456120943,0.26016027351012794
0.10000000000000001,6,58.450000000000003,-0.2533824998759579,-0.25141287385162836,0.57676694025118491,1.0157593433971561,0.81665931813807868,0.43386009695074435,0.26015601154378654
0.10000000000000001,6,58.5,-0.25339101320575086,-0.25144070460141971,0.57677612864481698,1.0157372912524392,0.81667027464601882,0.43385390816082059,0.26015178937518152
0.10000000000000001,6,58.550000000000004,-0.25339944238868162,-0.25146826448603343,0.57678522761161399,1.0157154537321265,0.81668112094737699,0.43384777767492555,0.2601476066618873
0.10000000000000001,6,58.600000000000001,-0.25340778825094817,-0.25149555608266511,0.57679423800244356,1.0156938287941355,0.81669185816840861,0.43384170498332347,0.26014346306454794
0.10000000000000001,6,58.650000000000006,-0.25341605161074571,-0.25152258194514571,0.57680316066045956,1.015672414414897,0.81670248742343132,0.43383568958019553,0.26013935824616502
0.10000000000000001,6,58.700000000000003,-0.25342423327834146,-0.25154934460413075,0.57681199642116454,1.0156512085892051,0.81671300981465422,0.43382973096003208,0.26013529187119994
0.10000000000000001,6,58.75,-0.2534323340561499,-0.25157584656728815,0.57682074611247147,1.0156302093300684,0.81672342643225881,0.43382382861698215,0.26013126360541106
0.10000000000000001,6,58.800000000000004,-0.25344035473880622,-0.25160209031948499,0.57682941055476544,1.0156094146685628,0.81673373835465746,0.43381798204627581,0.26012727311620593
0.10000000000000001,6,58.850000000000001,-0.25344829611324027,-0.25162807832297357,0.57683799056096563,1.0155888226536824,0.81674394664885108,0.43381219074683253,0.26012332007328809
0.10000000000000001,6,58.900000000000006,-0.25345615895874896,-0.25165381301757572,0.57684648693658536,1.0155684313521951,0.81675405237081189,0.43380645422417224,0.26011940414937956
0.10000000000000001,6,58.950000000000003,-0.25346394404706829,-0.25167929682086709,0.57685490047979349,1.0155482388484955,0.81676405656581241,0.43380077199274203,0.26011552502079882
0.10000000000000001,6,59,-0.25347165214244516,-0.25170453212835864,0.57686323198147416,1.0155282432444619,0.81677396026862892,0.43379514357677434,0.26011168236767407
0.10000000000000001,6,59.050000000000004,-0.25347928400170794,-0.25172952131367915,0.57687148222528684,1.0155084426593115,0.81678376450353896,0.43378956850879091,0.26010787587357254
0.10000000000000001,6,59.100000000000001,-0.25348684037433628,-0.25175426672875506,0.57687965198772628,1.0154888352294569,0.81679347028403992,0.43378404632486728,0.26010410522432581
0.10000000000000001,6,59.150000000000006,-0.25349432200253164,-0.2517787707039898,0.57688774203818116,1.0154694191083651,0.81680307861221069,0.43377857655577251,0.2601003701058312
0.10000000000000001,6,59.200000000000003,-0.25350172962128481,-0.2518030355484418,0.57689575313899288,1.015450192466417,0.81681259047764287,0.43377315871309896,0.2600966702006095
0.10000000000000001,6,59.25,-0.25350906395844569,-0.25182706355000206,0.57690368604551479,1.0154311534907645,0.81682200685819795,0.43376779229666518,0.26009300518964129
0.10000000000000001,6,59.300000000000004,-0.25351632573478999,-0.2518508569755698,0.5769115415061693,1.0154123003851936,0.81683132872653796,0.43376247686913799,0.26008937477086402
0.10000000000000001,6,59.350000000000001,-0.25352351566408665,-0.25187441807122707,0.57691932026250636,1.0153936313699847,0.81684055704311265,0.43375721197306227,0.26008577863858684
0.10000000000000001,6,59.400000000000006,-0.25353063445316426,-0.25189774906241313,0.57692702304926025,1.0153751446817754,0.8168496927584763,0.43375199715645613,0.26008221648985885
0.10000000000000001,6,59.450000000000003,-0.25353768280197697,-0.25192085215409676,0.57693465059440718,1.0153568385734226,0.81685873681322962,0.43374683197082486,0.26007868802397011
0.10000000000000001,6,59.5,-0.25354466140366994,-0.25194372953094796,0.57694220361922166,1.0153387113138679,0.8168676901378974,0.43374171596841155,0.26007519294176257
0.10000000000000001,6,59.550000000000004,-0.25355157094464353,-0.25196638335750832,0.57694968283833248,1.015320761188002,0.81687655365300782,0.43373664870182421,0.26007173094553315
0.10000000000000001,6,59.600000000000001,-0.25355841210461838,-0.25198881577836074,0.57695708895977937,1.0153029864965295,0.81688532826931137,0.43373162972529783,0.26006830173934237
0.10000000000000001,6,59.650000000000006,-0.2535651855566976,-0.25201102891829702,0.57696442268506776,1.0152853855558372,0.81689401488807478,0.43372665859684956,0.26006490502954555
0.10000000000000001,6,59.700000000000003,-0.25357189196743107,-0.25203302488248569,0.57697168470922444,1.0152679566978613,0.81690261440138745,0.43372173488058607,0.26006154052536251
0.10000000000000001,6,59.75,-0.25357853199687691,-0.25205480575663802,0.57697887572085238,1.0152506982699543,0.81691112769241536,0.4337168581484212,0.26005820793930057
0.10000000000000001,6,59.800000000000004,-0.25358510629866371,-0.25207637360717261,0.57698599640218484,1.0152336086347564,0.81691955563553897,0.43371202798046321,0.2600549069872477
0.10000000000000001,6,59.850000000000001,-0.25359161552005183,-0.25209773048137973,0.57699304742914026,1.0152166861700633,0.81692789909631169,0.43370724396332916,0.26005163738805087
0.10000000000000001,6,59.900000000000006,-0.25359806030199383,-0.25211887840758351,0.57700002947137474,1.0151999292687006,0.81693615893117488,0.43370250568564622,0.26004839886239567
0.10000000000000001,6,59.950000000000003,-0.25360444127919479,-0.25213981939530428,0.57700694319233692,1.0151833363383913,0.816944335986866,0.43369781272999747,0.26004519113080304
0.10000000000000001,6,60,-0.25361075908017205,-0.25216055543541888,0.57701378924931956,1.015166905801633,0.81695243109945592,0.43369316466057145,0.26004201391055903
1.6000000000000001,0,0,0,0,0.49375703109374641,1.2149831253750085,0.92414181997875655,0.080000000000000002,0.080000000000000002
1.6000000000000001,0,0.050000000000000003,0,0,0.49375703109374641,1.2149831253750085,0.91811127436099371,0.11440585576504275,0.095811452925373797
1.6000000000000001,0,0.10000000000000001,0,0,0.49375703109374641,1.2149831253750085,0.91262235906329536,0.14602383355142409,0.11055765859958223
1.6000000000000001,0,0.15000000000000002,0,0,0.49375703109374641,1.2149831253750085,0.90760752903982322,0.17509600387397128,0.12431628612998964
1.6000000000000001,0,0.20000000000000001,0,0,0.49375703109374641,1.2149831253750085,0.90300852582619762,0.20184043049055875,0.13715829699083307
1.6000000000000001,0,0.25,0,0,0.49375703109374641,1.2149831253750085,0.89877544455615421,0.22645405610708719,0.14914868258917313
1.6000000000000001,0,0.30000000000000004,0,0,0.49375703109374641,1.2149831253750085,0.89486562922549628,0.24911516877911807,0.16034710388571738
1.6000000000000001,0,0.35000000000000003,0,0,0.49375703109374641,1.2149831253750085,0.89124260171245839,0.269985514817074,0.1708084450260953
1.6000000000000001,0,0.40000000000000002,0,0,0.49375703109374641,1.2149831253750085,0.8878751041691636,0.28921211523880669,0.18058329280521565
1.6000000000000001,0,0.45000000000000001,0,0,0.49375703109374641,1.2149831253750085,0.88473627237229469,0.30692883618852274,0.18971835397180598
1.6000000000000001,0,0.5,0,0,0.49375703109374641,1.2149831253750085,0.88180293805879861,0.32325775249520095,0.19825681944374091
1.6000000000000001,0,0.55000000000000004,0,0,0.49375703109374641,1.2149831253750085,0.87905504493908404,0.33831033820920159,0.20623868404044046
1.6000000000000001,0,0.60000000000000009,0,0,0.49375703109374641,1.2149831253750085,0.8764751616008607,0.35218851179390392,0.21370102885747008
1.6000000000000001,0,0.65000000000000002,0,0,0.49375703109374641,1.2149831253750085,0.87404807761397019,0.36498555660634557,0.22067827119951564
1.6000000000000001,0,0.70000000000000007,0,0,0.49375703109374641,1.2149831253750085,0.87176046673001228,0.37678693645486311,0.2272023875440719
1.6000000000000001,0,0.75,0,0,0.49375703109374641,1.2149831253750085,0.86960060769053116,0.38767101919164604,0.23330311246756358
1.6000000000000001,0,0.80000000000000004,0,0,0.49375703109374641,1.2149831253750085,0.86755814922208707,0.39770972388486708,0.23900811814679274
1.6000000000000001,0,0.85000000000000009,0,0,0.49375703109374641,1.2149831253750085,0.86562391556694884,0.40696909775507445,0.24434317525174568
1.6000000000000001,0,0.90000000000000002,0,0,0.49375703109374641,1.2149831253750085,0.86378974164254863,0.41550983558290927,0.24933229923209904
1.6000000000000001,0,0.95000000000000007,0,0,0.49375703109374641,1.2149831253750085,0.86204833550094084,0.423387745356545,0.25399788240099047
1.6000000000000001,0,1,0,0,0.49375703109374641,1.2149831253750085,0.86039316114381126,0.43065416984391386,0.25836081476574702
1.6000000000000001,0,1.05,0,0,0.49375703109374641,1.2149831253750085,0.85881833968403332,0.43735636672107864,0.26244059392749253
1.6000000000000001,0,1.1000000000000001,0,0,0.49375703109374641,1.2149831253750085,0.85731856566951681,0.44353785247322097,0.26625542547343839
1.6000000000000001,0,1.1500000000000001,0,0,0.49375703109374641,1.2149831253750085,0.85588903505461023,0.44923871550748634,0.269822315382935
1.6000000000000001,0,1.2000000000000002,0,0,0.49375703109374641,1.2149831253750085,0.85452538430172231,0.45449589898156295,0.27315715433711679
1.6000000000000001,0,1.25,0,0,0.49375703109374641,1.2149831253750085,0.8532236377607606,0.45934345937399601,0.27627479566136437
1.6000000000000001,0,1.3,0,0,0.49375703109374641,1.2149831253750085,0.85198016194112691,0.46381280292825017,0.27918912739757623
1.6000000000000001,0,1.3500000000000001,0,0,0.49375703109374641,1.2149831253750085,0.85079162719859569,0.46793289849818814,0.28191313792567596
1.6000000000000001,0,1.4000000000000001,0,0,0.49375703109374641,1.2149831253750085,0.84965497356621233,0.47173047472748564,0.28445897745340953
1.6000000000000001,0,1.4500000000000002,0,0,0.49375703109374641,1.2149831253750085,0.84856738147664124,0.47523019925288967,0.28683801456879093
1.6000000000000001,0,1.5,0,0,0.49375703109374641,1.2149831253750085,0.8475262464211275,0.47845484173305197,0.28906088837758243
1.6000000000000001,0,1.55,0,0,0.49375703109374641,1.2149831253750085,0.84652915668954332,0.48142542427123014,0.29113755713226591
1.6000000000000001,0,1.6000000000000001,0,0,0.49375703109374641,1.2149831253750085,0.84557387354365732,0.48416136085458567,0.29307734376320138
1.6000000000000001,0,1.6500000000000001,0,0,0.49375703109374641,1.2149831253750085,0.84465831462922791,0.48668058105269385,0.29488897706749434
1.6000000000000001,0,1.7000000000000002,0,0,0.49375703109374641,1.2149831253750085,0.84378053872867631,0.48899964706612953,0.29658063092235026
1.6000000000000001,0,1.75,0,0,0.49375703109374641,1.2149831253750085,0.84293873255056551,0.49113386044183327,0.29815996053160754
1.6000000000000001,0,1.8,0,0,0.49375703109374641,1.2149831253750085,0.84213119905537481,0.49309735945112548,0.29963413600905042
1.6000000000000001,0,1.8500000000000001,0,0,0.49375703109374641,1.2149831253750085,0.84135634715338581,0.49490320827904405,0.30100987357776782
1.6000000000000001,0,1.9000000000000001,0,0,0.49375703109374641,1.2149831253750085,0.84061268249639787,0.49656348022425545,0.30229346491713216
1.6000000000000001,0,1.9500000000000002,0,0,0.49375703109374641,1.2149831253750085,0.83989879917071975,0.49808933549384188,0.30349080481027824
1.6000000000000001,0,2,0,0,0.49375703109374641,1.2149831253750085,0.83921337259224182,0.49949108860358943,0.30460741593911433
1.6000000000000001,0,2.0500000000000003,0,0,0.49375703109374641,1.2149831253750085,0.8385551528912224,0.50077827407551945,0.30564847288352076
1.6000000000000001,0,2.1000000000000001,0,0,0.49375703109374641,1.2149831253750085,0.83792295908516523,0.50195970617465624,0.30661882433217474
1.6000000000000001,0,2.1499999999999999,0,0,0.49375703109374641,1.2149831253750085,0.83731567383129002,0.50304353366184229,0.30752301375773972
1.6000000000000001,0,2.2000000000000002,0,0,0.49375703109374641,1.2149831253750085,0.83673223870451352,0.5040372897731652,0.30836529861934509
1.6000000000000001,0,2.25,0,0,0.49375703109374641,1.2149831253750085,0.83617164994495274,0.50494793856321551,0.30914966836841151
1.6000000000000001,0,2.3000000000000003,0,0,0.49375703109374641,1.2149831253750085,0.835632954606362,0.50578191880338275,0.30987986154652386
1.6000000000000001,0,2.3500000000000001,0,0,0.49375703109374641,1.2149831253750085,0.83511524705412976,0.50654518457308473,0.31055938179113163
1.6000000000000001,0,2.4000000000000004,0,0,0.49375703109374641,1.2149831253750085,0.83461766582309993,0.5072432393862546,0.31119151203865325
1.6000000000000001,0,2.4500000000000002,0,0,0.49375703109374641,1.2149831253750085,0.83413939071608534,0.50788117151811918,0.31177932869783259
1.6000000000000001,0,2.5,0,0,0.49375703109374641,1.2149831253750085,0.83367964019294349,0.50846368523464647,0.31232571459480135
1.6000000000000001,0,2.5500000000000003,0,0,0.49375703109374641,1.2149831253750085,0.83323766897014784,0.50899512968209493,0.31283337109914278
1.6000000000000001,0,2.6000000000000001,0,0,0.49375703109374641,1.2149831253750085,0.83281276581263697,0.50947952518869799,0.31330482938427634
1.6000000000000001,0,2.6500000000000004,0,0,0.49375703109374641,1.2149831253750085,0.83240425151169739,0.50992058759863246,0.31374246098125447
1.6000000000000001,0,2.7000000000000002,0,0,0.49375703109374641,1.2149831253750085,0.83201147704040834,0.51032175127001278,0.31414848778774829
1.6000000000000001,0,2.75,0,0,0.49375703109374641,1.2149831253750085,0.83163382187437906,0.51068619128625115,0.31452499167400205
1.6000000000000001,0,2.8000000000000003,0,0,0.49375703109374641,1.2149831253750085,0.83127069239287321,0.51101684196509078,0.31487392299125549
1.6000000000000001,0,2.8500000000000001,0,0,0.49375703109374641,1.2149831253750085,0.83092152040790324,0.51131641419865848,0.31519710860332389
1.6000000000000001,0,2.9000000000000004,0,0,0.49375703109374641,1.2149831253750085,0.8305857618332485,0.51158741293544896,0.31549625976196521
1.6000000000000001,0,2.9500000000000002,0,0,0.49375703109374641,1.2149831253750085,0.83026289544008347,0.51183215259459047,0.31577297931382264
1.6000000000000001,0,3,0,0,0.49375703109374641,1.2149831253750085,0.82995242169135663,0.51205277128322191,0.31602876844026034
1.6000000000000001,0,3.0500000000000003,0,0,0.49375703109374641,1.2149831253750085,0.82965386164737931,0.51225124373232467,0.31626503291935176
1.6000000000000001,0,3.1000000000000001,0,0,0.49375703109374641,1.2149831253750085,0.82936675594657872,0.51242939327709658,0.31648308900157146
1.6000000000000001,0,3.1500000000000004,0,0,0.49375703109374641,1.2149831253750085,0.82909066386484687,0.51258890320795614,0.31668416899073937
1.6000000000000001,0,3.2000000000000002,0,0,0.49375703109374641,1.2149831253750085,0.82882516245643445,0.51273132781826525,0.31686942662176898
1.6000000000000001,0,3.25,0,0,0.49375703109374641,1.2149831253750085,0.8285698457417966,0.51285810251498321,0.31703994207207165
1.6000000000000001,0,3.3000000000000003,0,0,0.49375703109374641,1.2149831253750085,0.82832432385742694,0.51297055092237698,0.31719672606671195
1.6000000000000001,0,3.3500000000000001,0,0,0.49375703109374641,1.2149831253750085,0.82808822237103852,0.51306989438777428,0.31734072450452866
1.6000000000000001,0,3.4000000000000004,0,0,0.49375703109374641,1.2149831253750085,0.82786118158919719,0.51315725949210078,0.31747282246041852
1.6000000000000001,0,3.4500000000000002,0,0,0.49375703109374641,1.2149831253750085,0.82764285591407682,0.51323368525686286,0.31759384800983087
1.6000000000000001,0,3.5,0,0,0.49375703109374641,1.2149831253750085,0.8274329132267727,0.51330012964477068,0.31770457576445588
1.6000000000000001,0,3.5500000000000003,0,0,0.49375703109374641,1.2149831253750085,0.82723103429998668,0.51335747548241117,0.31780573016125013
1.6000000000000001,0,3.6000000000000001,0,0,0.49375703109374641,1.2149831253750085,0.8270369122440947,0.51340653596705133,0.31789798855600143
1.6000000000000001,0,3.6500000000000004,0,0,0.49375703109374641,1.2149831253750085,0.82685025199047724,0.51344805991965259,0.31798198417263318
1.6000000000000001,0,3.7000000000000002,0,0,0.49375703109374641,1.2149831253750085,0.82667076981585297,0.51348273694617852,0.31805830895945086
1.6000000000000001,0,3.75,0,0,0.49375703109374641,1.2149831253750085,0.8264981929018993,0.51351120247363047,0.31812751634470332
1.6000000000000001,0,3.8000000000000003,0,0,0.49375703109374641,1.2149831253750085,0.82633225882840167,0.51353404058930818,0.31819012327616858
1.6000000000000001,0,3.8500000000000001,0,0,0.49375703109374641,1.2149831253750085,0.82617271517352375,0.51355178835384807,0.3182466126418067
1.6000000000000001,0,3.9000000000000004,0,0,0.49375703109374641,1.2149831253750085,0.82601931911975757,0.51356493951437343,0.31829743545300754
1.6000000000000001,0,3.9500000000000002,0,0,0.49375703109374641,1.2149831253750085,0.82587183707247236,0.51357394780336241,0.318343012860754
1.6000000000000001,0,4,0,0,0.49375703109374641,1.2149831253750085,0.82573004429567287,0.51357923000573014,0.31838373804629627
1.6000000000000001,0,4.0499999999999998,0,0,0.49375703109374641,1.2149831253750085,0.82559372455957292,0.51358116870971759,0.31841997796453558
1.6000000000000001,0,4.1000000000000005,0,0,0.49375703109374641,1.2149831253750085,0.82546266980241501,0.51358011481832544,0.31845207496794803
1.6000000000000001,0,4.1500000000000004,0,0,0.49375703109374641,1.2149831253750085,0.82533667980893,0.51357638989803245,0.31848034833887956
1.6000000000000001,0,4.2000000000000002,0,0,0.49375703109374641,1.2149831253750085,0.82521556190778844,0.51357028844153696,0.31850509575804287
1.6000000000000001,0,4.25,0,0,0.49375703109374641,1.2149831253750085,0.82509913069034646,0.51356208012125948,0.3185265947370472
1.6000000000000001,0,4.2999999999999998,0,0,0.49375703109374641,1.2149831253750085,0.82498720775255896,0.51355201210252444,0.31854510404006159
1.6000000000000001,0,4.3500000000000005,0,0,0.49375703109374641,1.2149831253750085,0.824879621400334,0.51354031028541736,0.31856086470505229
1.6000000000000001,0,4.4000000000000004,0,0,0.49375703109374641,1.2149831253750085,0.82477620637610538,0.51352718060791613,0.31857410106085932
1.6000000000000001,0,4.4500000000000002,0,0,0.49375703109374641,1.2149831253750085,0.82467680364271956,0.51351281112634406,0.31858502197508887
1.6000000000000001,0,4.5,0,0,0.49375703109374641,1.2149831253750085,0.82458126014128308,0.51349737327893508,0.3185938218042943
1.6000000000000001,0,4.5499999999999998,0,0,0.49375703109374641,1.2149831253750085,0.82448942856848206,0.51348102324382516,0.31860068135058556
1.6000000000000001,0,4.6000000000000005,0,0,0.49375703109374641,1.2149831253750085,0.82440116715948042,0.51346390313542067,0.31860576873423985
1.6000000000000001,0,4.6500000000000004,0,0,0.49375703109374641,1.2149831253750085,0.82431633947751237,0.51344614207332784,0.31860924019680237
1.6000000000000001,0,4.7000000000000002,0,0,0.49375703109374641,1.2149831253750085,0.82423481421126743,0.51342785715803052,0.3186112408491667
1.6000000000000001,0,4.75,0,0,0.49375703109374641,1.2149831253750085,0.82415646498115858,0.51340915438749957,0.31861190537912537
1.6000000000000001,0,4.8000000000000007,0,0,0.49375703109374641,1.2149831253750085,0.82408117015553639,0.51339012954891983,0.31861135873287949
1.6000000000000001,0,4.8500000000000005,0,0,0.49375703109374641,1.2149831253750085,0.82400881267791193,0.51337086911972085,0.318609716784997
1.6000000000000001,0,4.9000000000000004,0,0,0.49375703109374641,1.2149831253750085,0.82393927990622717,0.51335145121209425,0.31860708701131046
1.6000000000000001,0,4.9500000000000002,0,0,0.49375703109374641,1.2149831253750085,0.82387246345472154,0.51333194638647572,0.31860356909410437
1.6000000000000001,0,5,0,0,0.49375703109374641,1.2149831253750085,0.82380825899417409,0.51331241747039591,0.31859925511246856
1.6000000000000001,0,5.0500000000000007,0,0,0.49375703109374641,1.2149831253750085,0.8237465661315978,0.51329292077418742,0.31859423028329781
1.6000000000000001,0,5.1000000000000005,0,0,0.49375703109374641,1.2149831253750085,0.82368728825958004,0.5132735065395051,0.31858857337668733
1.6000000000000001,0,5.1500000000000004,0,0,0.49375703109374641,1.2149831253750085,0.82363033241598904,0.51325421945705751,0.31858235715514016
1.6000000000000001,0,5.2000000000000002,0,0,0.49375703109374641,1.2149831253750085,0.82357560914962025,0.51323509915698262,0.31857564878763062
1.6000000000000001,0,5.25,0,0,0.49375703109374641,1.2149831253750085,0.82352303238959101,0.51321618063469299,0.31856851022431526
1.6000000000000001,0,5.3000000000000007,0,0,0.49375703109374641,1.2149831253750085,0.82347251931884058,0.51319749462630138,0.31856099853900649
1.6000000000000001,0,5.3500000000000005,0,0,0.49375703109374641,1.2149831253750085,0.82342399025208124,0.51317906794773438,0.31855316624652663
1.6000000000000001,0,5.4000000000000004,0,0,0.49375703109374641,1.2149831253750085,0.82337736851854448,0.51316092381164347,0.31854506160205959
1.6000000000000001,0,5.4500000000000002,0,0,0.49375703109374641,1.2149831253750085,0.82333258034985668,0.51314308213622128,0.31853672888961637
1.6000000000000001,0,5.5,0,0,0.49375703109374641,1.2149831253750085,0.82328955477337629,0.51312555986003405,0.31852820870673165
1.6000000000000001,0,5.5500000000000007,0,0,0.49375703109374641,1.2149831253750085,0.82324822351132321,0.51310837127697573,0.318519538252509
1.6000000000000001,0,5.6000000000000005,0,0,0.49375703109374641,1.2149831253750085,0.82320852088601781,0.51309152840545624,0.31851075162613018
1.6000000000000001,0,5.6500000000000004,0,0,0.49375703109374641,1.2149831253750085,0.82317038372292128,0.51307504120067082,0.3185018800427229
1.6000000000000001,0,5.7000000000000002,0,0,0.49375703109374641,1.2149831253750085,0.82313375123405075,0.51305891721792518,0.31849295177973125
1.6000000000000001,0,5.75,0,0,0.49375703109374641,1.2149831253750085,0.8230985649513517,0.51304316233217984,0.31848399262687871
1.6000000000000001,0,5.8000000000000007,0,0,0.49375703109374641,1.2149831253750085,0.82306476863518885,0.51302778077419742,0.31847502599793764
1.6000000000000001,0,5.8500000000000005,0,0,0.49375703109374641,1.2149831253750085,0.82303230819123596,0.51301277530385081,0.31846607311029973
1.6000000000000001,0,5.9000000000000004,0,0,0.49375703109374641,1.2149831253750085,0.82300113159080257,0.5129981473734595,0.31845715315321932
1.6000000000000001,0,5.9500000000000002,0,0,0.49375703109374641,1.2149831253750085,0.82297118879374642,0.51298389726511062,0.31844828343737674
1.6000000000000001,0,6,0,0,0.49375703109374641,1.2149831253750085,0.82294243167398906,0.5129700242072408,0.31843947952899554
1.6000000000000001,0,6.0500000000000007,0,0,0.49375703109374641,1.2149831253750085,0.82291481394764177,0.51295652647575496,0.31843075537174992
1.6000000000000001,0,6.1000000000000005,0,0,0.49375703109374641,1.2149831253750085,0.82288829110375272,0.51294340148495665,0.31842212339969689
1.6000000000000001,0,6.1500000000000004,0,0,0.49375703109374641,1.2149831253750085,0.8228628203376821,0.51293064587356774,0.31841359464446939
1.6000000000000001,0,6.2000000000000002,0,0,0.49375703109374641,1.2149831253750085,0.82283836048711056,0.51291825559111193,0.318405178839964
1.6000000000000001,0,6.25,0,0,0.49375703109374641,1.2149831253750085,0.82281487197068337,0.51290622598993785,0.31839688452776038
1.6000000000000001,0,6.3000000000000007,0,0,0.49375703109374641,1.2149831253750085,0.82279231672929565,0.51289455192815858,0.31838871916650646
1.6000000000000001,0,6.3500000000000005,0,0,0.49375703109374641,1.2149831253750085,0.82277065817001549,0.51288322788878249,0.31838068924850454
1.6000000000000001,0,6.4000000000000004,0,0,0.49375703109374641,1.2149831253750085,0.82274986111263837,0.51287224811982679,0.31837280042644456
1.6000000000000001,0,6.4500000000000002,0,0,0.49375703109374641,1.2149831253750085,0.82272989173185374,0.51286160646660672,0.31836505745493704
1.6000000000000001,0,6.5,0,0,0.49375703109374641,1.2149831253750085,0.82271071750374991,0.51285129633890791,0.31835746421201178
1.6000000000000001,0,6.5500000000000007,0,0,0.49375703109374641,1.2149831253750085,0.82269230716306319,0.51284131102238861,0.31835002391867651
1.6000000000000001,0,6.6000000000000005,0,0,0.49375703109374641,1.2149831253750085,0.82267463065341961,0.51283164361618139,0.31834273913747568
1.6000000000000001,0,6.6500000000000004,0,0,0.49375703109374641,1.2149831253750085,0.82265765908140209,0.51282228707978461,0.31833561183504466
1.6000000000000001,0,6.7000000000000002,0,0,0.49375703109374641,1.2149831253750085,0.82264136467242555,0.51281323427086511,0.31832864343671458
1.6000000000000001,0,6.75,0,0,0.49375703109374641,1.2149831253750085,0.82262572072833484,0.51280447797561735,0.31832183487441973
1.6000000000000001,0,6.8000000000000007,0,0,0.49375703109374641,1.2149831253750085,0.82261070158663985,0.51279601093332594,0.31831518662915681
1.6000000000000001,0,6.8500000000000005,0,0,0.49375703109374641,1.2149831253750085,0.82259628258129502,0.51278782585677596,0.31830869876924661
1.6000000000000001,0,6.9000000000000004,0,0,0.49375703109374641,1.2149831253750085,0.82258244000494141,0.51277991545015866,0.3183023709856489
1.6000000000000001,0,6.9500000000000002,0,0,0.49375703109374641,1.2149831253750085,0.82256915107251516,0.51277227242611689,0.31829620262557973
1.6000000000000001,0,7,0,0,0.49375703109374641,1.2149831253750085,0.8225563938861371,0.51276488952357735,0.31829019272568254
1.6000000000000001,0,7.0500000000000007,0,0,0.49375703109374641,1.2149831253750085,0.82254414740119264,0.51275775952801506,0.31828434004600314
1.6000000000000001,0,7.1000000000000005,0,0,0.49375703109374641,1.2149831253750085,0.8225323913935082,0.51275087529579533,0.318278643106018
1.6000000000000001,0,7.1500000000000004,0,0,0.49375703109374641,1.2149831253750085,0.82252110642753828,0.51274422978424061,0.31827310022396754
1.6000000000000001,0,7.2000000000000002,0,0,0.49375703109374641,1.2149831253750085,0.8225102738254717,0.51273781608889779,0.31826770956061851
1.6000000000000001,0,7.25,0,0,0.49375703109374641,1.2149831253750085,0.82249987564031057,0.51273162737397371,0.31826246908348055
1.6000000000000001,0,7.3000000000000007,0,0,0.49375703109374641,1.2149831253750085,0.82248989462827682,0.51272565685323757,0.31825737656812958
1.6000000000000001,0,7.3500000000000005,0,0,0.49375703109374641,1.2149831253750085,0.82248031421991574,0.51271989789048567,0.31825242968511475
1.6000000000000001,0,7.4000000000000004,0,0,0.49375703109374641,1.2149831253750085,0.8224711184950988,0.51271434396853932,0.31824762599048606
1.6000000000000001,0,7.4500000000000002,0,0,0.49375703109374641,1.2149831253750085,0.82246229215773603,0.51270898869695758,0.31824296294448418
1.6000000000000001,0,7.5,0,0,0.49375703109374641,1.2149831253750085,0.82245382051162397,0.51270382581725082,0.31823843792742262
1.6000000000000001,0,7.5500000000000007,0,0,0.49375703109374641,1.2149831253750085,0.82244568943734619,0.51269884920607722,0.3182340482532226
1.6000000000000001,0,7.6000000000000005,0,0,0.49375703109374641,1.2149831253750085,0.82243788537014517,0.51269405287690917,0.31822979118106171
1.6000000000000001,0,7.6500000000000004,0,0,0.49375703109374641,1.2149831253750085,0.82243039527868267,0.5126894309806499,0.31822566392559665
1.6000000000000001,0,7.7000000000000002,0,0,0.49375703109374641,1.2149831253750085,0.82242320664460444,0.51268497780568845,0.31822166366622168
1.6000000000000001,0,7.75,0,0,0.49375703109374641,1.2149831253750085,0.82241630744283145,0.51268068777787312,0.31821778755582236
1.6000000000000001,0,7.8000000000000007,0,0,0.49375703109374641,1.2149831253750085,0.82240968612248844,0.51267655546089053,0.31821403272948617
1.6000000000000001,0,7.8500000000000005,0,0,0.49375703109374641,1.2149831253750085,0.82240333158839185,0.51267257555753165,0.31821039631363052
1.6000000000000001,0,7.9000000000000004,0,0,0.49375703109374641,1.2149831253750085,0.82239723318301228,0.512668742912331,0.31820687543600884
1.6000000000000001,0,7.9500000000000002,0,0,0.49375703109374641,1.2149831253750085,0.82239138066882644,0.51266505251606176,0.3182034672370555
1.6000000000000001,0,8,0,0,0.49375703109374641,1.2149831253750085,0.82238576421098597,0.51266149951252105,0.31820016888298419
1.6000000000000001,0,8.0500000000000007,0,0,0.49375703109374641,1.2149831253750085,0.82238037436457256,0.51265807917374195,0.31819697754946558
1.6000000000000001,0,8.0999999999999996,0,0,0.49375703109374641,1.2149831253750085,0.82237520206029091,0.51265478689027877,0.31819389041914553
1.6000000000000001,0,8.1500000000000004,0,0,0.49375703109374641,1.2149831253750085,0.82237023858673075,0.5126516181972629,0.31819090471111294
1.6000000000000001,0,8.2000000000000011,0,0,0.49375703109374641,1.2149831253750085,0.82236547557771522,0.51264856876146658,0.31818801767463273
1.6000000000000001,0,8.25,0,0,0.49375703109374641,1.2149831253750085,0.82236090499858605,0.51264563437996369,0.31818522659340931
1.6000000000000001,0,8.3000000000000007,0,0,0.49375703109374641,1.2149831253750085,0.82235651913315522,0.51264281097819964,0.31818252878891329
1.6000000000000001,0,8.3499999999999996,0,0,0.49375703109374641,1.2149831253750085,0.82235231057126656,0.51264009460760052,0.3181799216229349
1.6000000000000001,0,8.4000000000000004,0,0,0.49375703109374641,1.2149831253750085,0.82234827219691231,0.51263748144285914,0.31817740249953014
1.6000000000000001,0,8.4500000000000011,0,0,0.49375703109374641,1.2149831253750085,0.8223443971768456,0.51263496777902862,0.31817496886652363
1.6000000000000001,0,8.5,0,0,0.49375703109374641,1.2149831253750085,0.82234067894963481,0.51263255002856045,0.31817261821673343
1.6000000000000001,0,8.5500000000000007,0,0,0.49375703109374641,1.2149831253750085,0.82233711121510122,0.51263022471841924,0.31817034808908223
1.6000000000000001,0,8.5999999999999996,0,0,0.49375703109374641,1.2149831253750085,0.82233368792408412,0.51262798848740954,0.31816815606975996
1.6000000000000001,0,8.6500000000000004,0,0,0.49375703109374641,1.2149831253750085,0.82233040326847606,0.51262583808384676,0.31816603979360236
1.6000000000000001,0,8.7000000000000011,0,0,0.49375703109374641,1.2149831253750085,0.8223272516714708,0.51262377036370965,0.31816399694585057
1.6000000000000001,0,8.75,0,0,0.49375703109374641,1.2149831253750085,0.82232422777796998,0.51262178228940436,0.31816202526445653
1.6000000000000001,0,8.8000000000000007,0,0,0.49375703109374641,1.2149831253750085,0.82232132644509237,0.51261987092926353,0.3181601225430814
1.6000000000000001,0,8.8499999999999996,0,0,0.49375703109374641,1.2149831253750085,0.82231854273600313,0.512618033448211,0.31815828662351914
1.6000000000000001,0,8.9000000000000004,0,0,0.49375703109374641,1.2149831253750085,0.82231587191248723,0.512616267102731,0.31815651539315759
1.6000000000000001,0,8.9500000000000011,0,0,0.49375703109374641,1.2149831253750085,0.82231330942471681,0.51261456924610327,0.31815480679409236
1.6000000000000001,0,9,0,0,0.49375703109374641,1.2149831253750085,0.82231085090480216,0.51261293732264213,0.31815315881934303
1.6000000000000001,0,9.0500000000000007,0,0,0.49375703109374641,1.2149831253750085,0.82230849215944901,0.5126113688652707,0.31815156951291795
1.6000000000000001,0,9.0999999999999996,0,0,0.49375703109374641,1.2149831253750085,0.82230622916299401,0.5126098614930128,0.31815003696959865
1.6000000000000001,0,9.1500000000000004,0,0,0.49375703109374641,1.2149831253750085,0.82230405805078055,0.51260841290843617,0.31814855933449981
1.6000000000000001,0,9.2000000000000011,0,0,0.49375703109374641,1.2149831253750085,0.82230197511284298,0.5126070208950787,0.31814713480246104
1.6000000000000001,0,9.25,0,0,0.49375703109374641,1.2149831253750085,0.82229997678786126,0.51260568331488854,0.31814576161732605
1.6000000000000001,0,9.3000000000000007,0,0,0.49375703109374641,1.2149831253750085,0.82229805965735525,0.51260439810571223,0.31814443807116521
1.6000000000000001,0,9.3499999999999996,0,0,0.49375703109374641,1.2149831253750085,0.8222962204400821,0.51260316327886113,0.31814316250349833
1.6000000000000001,0,9.4000000000000004,0,0,0.49375703109374641,1.2149831253750085,0.82229445598660056,0.51260197691678921,0.31814193330057222
1.6000000000000001,0,9.4500000000000011,0,0,0.49375703109374641,1.2149831253750085,0.82229276327397027,0.51260083717091387,0.31814074889475014
1.6000000000000001,0,9.5,0,0,0.49375703109374641,1.2149831253750085,0.82229113940055065,0.51259974225961247,0.3181396077640688
1.6000000000000001,0,9.5500000000000007,0,0,0.49375703109374641,1.2149831253750085,0.8222895815808634,0.51259869046642503,0.31813850843201863
1.6000000000000001,0,9.6000000000000014,0,0,0.49375703109374641,1.2149831253750085,0.82228808714048796,0.51259768013849449,0.31813744946759803
1.6000000000000001,0,9.6500000000000004,0,0,0.49375703109374641,1.2149831253750085,0.82228665351302888,0.51259670968283821,0.31813642948174431
1.6000000000000001,0,9.7000000000000011,0,0,0.49375703109374641,1.2149831253750085,0.82228527823626352,0.51259577756372854,0.31813544712552672
1.6000000000000001,0,9.75,0,0,0.49375703109374641,1.2149831253750085,0.82228395894645856,0.51259488230274797,0.31813450109242697
1.6000000000000001,0,9.8000000000000007,0,0,0.49375703109374641,1.2149831253750085,0.82228269337506965,0.51259402247609376,0.31813359011617109
1.6000000000000001,0,9.8500000000000014,0,0,0.49375703109374641,1.2149831253750085,0.82228147934485452,0.51259319671275461,0.31813271296991591
1.6000000000000001,0,9.9000000000000004,0,0,0.49375703109374641,1.2149831253750085,0.82228031476619134,0.51259240369271786,0.31813186846537139
1.6000000000000001,0,9.9500000000000011,0,0,0.49375703109374641,1.2149831253750085,0.82227919763358515,0.51259164214521269,0.31813105545187698
1.6000000000000001,0,10,0,0,0.49375703109374641,1.2149831253750085,0.82227812602233918,0.51259091084699371,0.31813027281544853
1.6000000000000001,0,10.050000000000001,0,0,0.49375703109374641,1.2149831253750085,0.82227709808537519,0.51259020862066917,0.31812951947781354
1.6000000000000001,0,10.100000000000001,0,0,0.49375703109374641,1.2149831253750085,0.82227611205017792,0.51258953433307819,0.31812879439545189
1.6000000000000001,0,10.15,0,0,0.49375703109374641,1.2149831253750085,0.82227516621584851,0.51258888689372251,0.31812809655865948
1.6000000000000001,0,10.200000000000001,0,0,0.49375703109374641,1.2149831253750085,0.82227425895024475,0.51258826525325563,0.31812742499065161
1.6000000000000001,0,10.25,0,0,0.49375703109374641,1.2149831253750085,0.82227338868718702,0.51258766840203562,0.31812677874672429
1.6000000000000001,0,10.300000000000001,0,0,0.49375703109374641,1.2149831253750085,0.8222725539237129,0.51258709536874503,0.31812615691348956
1.6000000000000001,0,10.350000000000001,0,0,0.49375703109374641,1.2149831253750085,0.82227175321735835,0.51258654521908209,0.31812555860820341
1.6000000000000001,0,10.4,0,0,0.49375703109374641,1.2149831253750085,0.82227098518344799,0.51258601705452911,0.31812498297820085
1.6000000000000001,0,10.450000000000001,0,0,0.49375703109374641,1.2149831253750085,0.82227024849358854,0.51258551001077601,0.31812442919919365
1.6000000000000001,0,10.5,0,0,0.49375703109374641,1.2149831253750085,0.8222695418736764,0.51258502325635602,0.31812389647414313
1.6000000000000001,0,10.550000000000001,0,0,0.49375703109374641,1.2149831253750085,0.82226886410081512,0.51258455599181263,0.31812338403347246
1.6000000000000001,0,10.600000000000001,0,0,0.49375703109374641,1.2149831253750085,0.82226821400162564,0.512584107448395,0.31812289113386505
1.6000000000000001,0,10.65,0,0,0.49375703109374641,1.2149831253750085,0.8222675904502047,0.51258367688692652,0.31812241705750938
1.6000000000000001,0,10.700000000000001,0,0,0.49375703109374641,1.2149831253750085,0.82226699236619671,0.51258326359671535,0.318121961111343
1.6000000000000001,0,10.75,0,0,0.49375703109374641,1.2149831253750085,0.82226641871296213,0.51258286689450216,0.3181215226263005
1.6000000000000001,0,10.800000000000001,0,0,0.49375703109374641,1.2149831253750085,0.82226586849583905,0.5125824861234457,0.31812110095656898
1.6000000000000001,0,10.850000000000001,0,0,0.49375703109374641,1.2149831253750085,0.82226534076047908,0.51258212065214293,0.31812069547885641
1.6000000000000001,0,10.9,0,0,0.49375703109374641,1.2149831253750085,0.82226483459125277,0.51258176987368387,0.31812030559167576
1.6000000000000001,0,10.950000000000001,0,0,0.49375703109374641,1.2149831253750085,0.82226434910970903,0.51258143320473748,0.31811993071465083
1.6000000000000001,0,11,0,0,0.49375703109374641,1.2149831253750085,0.82226388347308166,0.51258111008466911,0.31811957028784676
1.6000000000000001,0,11.050000000000001,0,0,0.49375703109374641,1.2149831253750085,0.82226343687282777,0.51258079997468631,0.31811922377112994
1.6000000000000001,0,11.100000000000001,0,0,0.49375703109374641,1.2149831253750085,0.8222630085331899,0.51258050235701202,0.31811889064356219
1.6000000000000001,0,11.15,0,0,0.49375703109374641,1.2149831253750085,0.82226259770977028,0.51258021673408349,0.31811857040283237
1.6000000000000001,0,11.200000000000001,0,0,0.49375703109374641,1.2149831253750085,0.82226220368810599,0.5125799426277754,0.3181182625647303
1.6000000000000001,0,11.25,0,0,0.49375703109374641,1.2149831253750085,0.82226182578291507,0.51257967957869977,0.31811796666232628
1.6000000000000001,0,11.300000000000001,0,0,0.49375703109374641,1.2149831253750085,0.82226146333706851,0.51257942714549598,0.31811768224531284
1.6000000000000001,0,11.350000000000001,0,0,0.49375703109374641,1.2149831253750085,0.8222611157199462,0.51257918490411891,0.31811740887973161
1.6000000000000001,0,11.4,0,0,0.49375703109374641,1.2149831253750085,0.82226078232657118,0.51257895244719254,0.31811714614732162
1.6000000000000001,0,11.450000000000001,0,0,0.49375703109374641,1.2149831253750085,0.82226046257654495,0.51257872938336368,0.31811689364499757
1.6000000000000001,0,11.5,0,0,0.49375703109374641,1.2149831253750085,0.82226015591304358,0.51257851533668408,0.31811665098434017
1.6000000000000001,0,11.550000000000001,0,0,0.49375703109374641,1.2149831253750085,0.82225986180186372,0.51257830994602038,0.31811641779109973
1.6000000000000001,0,11.600000000000001,0,0,0.49375703109374641,1.2149831253750085,0.82225957973051877,0.51257811286448685,0.31811619370471267
1.6000000000000001,0,11.65,0,0,0.49375703109374641,1.2149831253750085,0.82225930920737433,0.51257792375890177,0.31811597837783184
1.6000000000000001,0,11.700000000000001,0,0,0.49375703109374641,1.2149831253750085,0.82225904976081843,0.51257774230926378,0.31811577147587067
1.6000000000000001,0,11.75,0,0,0.49375703109374641,1.2149831253750085,0.82225880093846304,0.51257756820824552,0.31811557267656199
1.6000000000000001,0,11.800000000000001,0,0,0.49375703109374641,1.2149831253750085,0.82225856230636607,0.51257740116070405,0.31811538166953096
1.6000000000000001,0,11.850000000000001,0,0,0.49375703109374641,1.2149831253750085,0.82225833344827282,0.51257724088320489,0.31811519815588396
1.6000000000000001,0,11.9,0,0,0.49375703109374641,1.2149831253750085,0.82225811396486626,0.51257708710355643,0.31811502184781199
1.6000000000000001,0,11.950000000000001,0,0,0.49375703109374641,1.2149831253750085,0.82225790347302519,0.51257693956035599,0.31811485246821081
1.6000000000000001,0,12,0,0,0.49375703109374641,1.2149831253750085,0.82225770160508072,0.51257679800254108,0.31811468975031643
1.6000000000000001,0,12.050000000000001,0,0,0.49375703109374641,1.2149831253750085,0.822257508008436,0.51257666218906661,0.31811453343730622
1.6000000000000001,0,12.100000000000001,0,0,0.49375703109374641,1.2149831253750085,0.82225732234503812,0.5125765318885378,0.31811438328192992
1.6000000000000001,0,12.15,0,0,0.49375703109374641,1.2149831253750085,0.82225714429051044,0.51257640687874739,0.31811423904621661
1.6000000000000001,0,12.200000000000001,0,0,0.49375703109374641,1.2149831253750085,0.82225697353371008,0.51257628694635271,0.31811410050112698
1.6000000000000001,0,12.25,0,0,0.49375703109374641,1.2149831253750085,0.82225680977617521,0.51257617188652027,0.31811396742623199
1.6000000000000001,0,12.300000000000001,0,0,0.49375703109374641,1.2149831253750085,0.82225665273160387,0.51257606150258994,0.3181138396094037
1.6000000000000001,0,12.350000000000001,0,0,0.49375703109374641,1.2149831253750085,0.82225650212536172,0.51257595560575409,0.31811371684651601
1.6000000000000001,0,12.4,0,0,0.49375703109374641,1.2149831253750085,0.82225635769401162,0.51257585401475081,0.31811359894115687
1.6000000000000001,0,12.450000000000001,0,0,0.49375703109374641,1.2149831253750085,0.82225621918486813,0.51257575655557153,0.31811348570434983
1.6000000000000001,0,12.5,0,0,0.49375703109374641,1.2149831253750085,0.82225608635556724,0.51257566306117763,0.31811337695428499
1.6000000000000001,0,12.550000000000001,0,0,0.49375703109374641,1.2149831253750085,0.82225595897365333,0.51257557337122939,0.31811327251605914
1.6000000000000001,0,12.600000000000001,0,0,0.49375703109374641,1.2149831253750085,0.82225583681617698,0.51257548733182134,0.31811317222142343
1.6000000000000001,0,12.65,0,0,0.49375703109374641,1.2149831253750085,0.82225571966930178,0.51257540479522512,0.31811307590853977
1.6000000000000001,0,12.700000000000001,0,0,0.49375703109374641,1.2149831253750085,0.82225560732791658,0.51257532561963737,0.31811298342174321
1.6000000000000001,0,12.75,0,0,0.49375703109374641,1.2149831253750085,0.82225549959525035,0.51257524966893109,0.3181128946113122
1.6000000000000001,0,12.800000000000001,0,0,0.49375703109374641,1.2149831253750085,0.82225539628248623,0.51257517681240927,0.31811280933324387
1.6000000000000001,0,12.850000000000001,0,0,0.49375703109374641,1.2149831253750085,0.82225529720857049,0.51257510692465136,0.31811272744905866
1.6000000000000001,0,12.9,0,0,0.49375703109374641,1.2149831253750085,0.82225520219993986,0.51257503988532249,0.3181126488255987
1.6000000000000001,0,12.950000000000001,0,0,0.49375703109374641,1.2149831253750085,0.82225511109006888,0.51257497557890441,0.31811257333481635
1.6000000000000001,0,13,0,0,0.49375703109374641,1.2149831253750085,0.82225502371924275,0.51257491389453236,0.31811250085359111
1.6000000000000001,0,13.050000000000001,0,0,0.49375703109374641,1.2149831253750085,0.82225493993427223,0.51257485472580444,0.31811243126354322
1.6000000000000001,0,13.100000000000001,0,0,0.49375703109374641,1.2149831253750085,0.82225485958822442,0.5125747979706029,0.31811236445085622
1.6000000000000001,0,13.15,0,0,0.49375703109374641,1.2149831253750085,0.82225478254016804,0.51257474353092303,0.3181123003061061
1.6000000000000001,0,13.200000000000001,0,0,0.49375703109374641,1.2149831253750085,0.82225470865493189,0.51257469131271105,0.31811223872409761
1.6000000000000001,0,13.25,0,0,0.49375703109374641,1.2149831253750085,0.82225463780287356,0.51257464122570873,0.3181121796037068
1.6000000000000001,0,13.300000000000001,0,0,0.49375703109374641,1.2149831253750085,0.82225456985965883,0.51257459318330389,0.31811212284772916
1.6000000000000001,0,13.350000000000001,0,0,0.49375703109374641,1.2149831253750085,0.82225450470604811,0.51257454710238648,0.31811206836273287
1.6000000000000001,0,13.4,0,0,0.49375703109374641,1.2149831253750085,0.82225444222768906,0.51257450290320905,0.31811201605891665
1.6000000000000001,0,13.450000000000001,0,0,0.49375703109374641,1.2149831253750085,0.82225438231491366,0.51257446050925004,0.31811196584997126
1.6000000000000001,0,13.5,0,0,0.49375703109374641,1.2149831253750085,0.82225432486253835,0.51257441984707952,0.31811191765294483
1.6000000000000001,0,13.550000000000001,0,0,0.49375703109374641,1.2149831253750085,0.82225426976966465,0.5125743808462272,0.31811187138811065
1.6000000000000001,0,13.600000000000001,0,0,0.49375703109374641,1.2149831253750085,0.82225421693948031,0.51257434343904917,0.31811182697883733
1.6000000000000001,0,13.65,0,0,0.49375703109374641,1.2149831253750085,0.82225416627916204,0.51257430756065436,0.31811178435149223
1.6000000000000001,0,13.700000000000001,0,0,0.49375703109374641,1.2149831253750085,0.82225411769973611,0.51257427314880577,0.31811174343533322
1.6000000000000001,0,13.75,0,0,0.49375703109374641,1.2149831253750085,0.82225407111584248,0.51257424014377173,0.31811170416237627
1.6000000000000001,0,13.800000000000001,0,0,0.49375703109374641,1.2149831253750085,0.82225402644561951,0.51257420848824198,0.3181116664672991
1.6000000000000001,0,13.850000000000001,0,0,0.49375703109374641,1.2149831253750085,0.82225398361055624,0.5125741781272285,0.31811163028733785
1.6000000000000001,0,13.9,0,0,0.49375703109374641,1.2149831253750085,0.82225394253535422,0.5125741490079706,0.31811159556218804
1.6000000000000001,0,13.950000000000001,0,0,0.49375703109374641,1.2149831253750085,0.82225390314779656,0.51257412107984568,0.31811156223391035
1.6000000000000001,0,14,0,0,0.49375703109374641,1.2149831253750085,0.82225386537862255,0.51257409429428391,0.31811153024684041
1.6000000000000001,0,14.050000000000001,0,0,0.49375703109374641,1.2149831253750085,0.82225382916141032,0.51257406860468691,0.31811149954750229
1.6000000000000001,0,14.100000000000001,0,0,0.49375703109374641,1.2149831253750085,0.82225379443246205,0.51257404396634965,0.31811147008452495
1.6000000000000001,0,14.15,0,0,0.49375703109374641,1.2149831253750085,0.82225376113069448,0.51257402033638511,0.31811144180856182
1.6000000000000001,0,14.200000000000001,0,0,0.49375703109374641,1.2149831253750085,0.82225372919753281,0.51257399767365086,0.31811141467221293
1.6000000000000001,0,14.25,0,0,0.49375703109374641,1.2149831253750085,0.82225369857680508,0.51257397593867804,0.31811138862994859
1.6000000000000001,0,14.300000000000001,0,0,0.49375703109374641,1.2149831253750085,0.8222536692146406,0.51257395509360049,0.31811136363803522
1.6000000000000001,0,14.350000000000001,0,0,0.49375703109374641,1.2149831253750085,0.82225364105936671,0.51257393510208538,0.31811133965446187
1.6000000000000001,0,14.4,0,0,0.49375703109374641,1.2149831253750085,0.82225361406140574,0.5125739159292636,0.31811131663886816
1.6000000000000001,0,14.450000000000001,0,0,0.49375703109374641,1.2149831253750085,0.82225358817322702,0.51257389754169214,0.31811129455249593
1.6000000000000001,0,14.5,0,0,0.49375703109374641,1.2149831253750085,0.8222535633492738,0.5125738799073043,0.31811127335813183
1.6000000000000001,0,14.550000000000001,0,0,0.49375703109374641,1.2149831253750085,0.82225353954584302,0.51257386299532881,0.31811125302003002
1.6000000000000001,0,14.600000000000001,0,0,0.49375703109374641,1.2149831253750085,0.82225351672102487,0.51257384677624807,0.31811123350386206
1.6000000000000001,0,14.65,0,0,0.49375703109374641,1.2149831253750085,0.82225349483462751,0.51257383122174549,0.31811121477666049
1.6000000000000001,0,14.700000000000001,0,0,0.49375703109374641,1.2149831253750085,0.82225347384810632,0.5125738163046567,0.31811119680676531
1.6000000000000001,0,14.75,0,0,0.49375703109374641,1.2149831253750085,0.82225345372449632,0.51257380199892255,0.31811117956377277
1.6000000000000001,0,14.800000000000001,0,0,0.49375703109374641,1.2149831253750085,0.82225343442834742,0.51257378827954514,0.3181111630184868
1.6000000000000001,0,14.850000000000001,0,0,0.49375703109374641,1.2149831253750085,0.82225341592566503,0.51257377512254532,0.31811114714287225
1.6000000000000001,0,14.9,0,0,0.49375703109374641,1.2149831253750085,0.82225339818385024,0.51257376250492237,0.31811113191001017
1.6000000000000001,0,14.950000000000001,0,0,0.49375703109374641,1.2149831253750085,0.82225338117164459,0.5125737504046145,0.31811111729405439
1.6000000000000001,0,15,0,0,0.49375703109374641,1.2149831253750085,0.82225336485907441,0.51257373880046098,0.31811110327018954
1.6000000000000001,0,15.050000000000001,0,0,0.49375703109374641,1.2149831253750085,0.8222533492173979,0.51257372767216502,0.31811108981458996
1.6000000000000001,0,15.100000000000001,0,0,0.49375703109374641,1.2149831253750085,0.82225333421905156,0.51257371700025733,0.31811107690437951
1.6000000000000001,0,15.15,0,0,0.49375703109374641,1.2149831253750085,0.8222533198375982,0.51257370676605918,0.31811106451759186
1.6000000000000001,0,15.200000000000001,0,0,0.49375703109374641,1.2149831253750085,0.82225330604767366,0.51257369695164701,0.318111052633131
1.6000000000000001,0,15.25,0,0,0.49375703109374641,1.2149831253750085,0.82225329282496229,0.5125736875398329,0.3181110412307474
1.6000000000000001,0,15.300000000000001,0,0,0.49375703109374641,1.2149831253750085,0.82225328014615995,0.51257367851413915,0.31811103029100796
1.6000000000000001,0,15.350000000000001,0,0,0.49375703109374641,1.2149831253750085,0.82225326798891141,0.51257366985875585,0.31811101979525219
1.6000000000000001,0,15.4,0,0,0.49375703109374641,1.2149831253750085,0.82225325633178004,0.51257366155851902,0.31811100972556666
1.6000000000000001,0,15.450000000000001,0,0,0.49375703109374641,1.2149831253750085,0.82225324515420894,0.51257365359888385,0.31811100006475451
1.6000000000000001,0,15.5,0,0,0.49375703109374641,1.2149831253750085,0.82225323443648446,0.51257364596589905,0.31811099079630678
1.6000000000000001,0,15.550000000000001,0,0,0.49375703109374641,1.2149831253750085,0.82225322415970203,0.51257363864618277,0.31811098190437553
1.6000000000000001,0,15.600000000000001,0,0,0.49375703109374641,1.2149831253750085,0.82225321430573239,0.51257363162689962,0.31811097337374761
1.6000000000000001,0,15.65,0,0,0.49375703109374641,1.2149831253750085,0.82225320485719156,0.51257362489573888,0.31811096518981985
1.6000000000000001,0,15.700000000000001,0,0,0.49375703109374641,1.2149831253750085,0.82225319579741007,0.51257361844089355,0.31811095733857553
1.6000000000000001,0,15.75,0,0,0.49375703109374641,1.2149831253750085,0.82225318711040474,0.51257361225104037,0.31811094980656118
1.6000000000000001,0,15.800000000000001,0,0,0.49375703109374641,1.2149831253750085,0.82225317878084969,0.51257360631531945,0.31811094258086425
1.6000000000000001,0,15.850000000000001,0,0,0.49375703109374641,1.2149831253750085,0.82225317079404958,0.51257360062331614,0.31811093564909138
1.6000000000000001,0,15.9,0,0,0.49375703109374641,1.2149831253750085,0.82225316313591246,0.51257359516504086,0.31811092899934684
1.6000000000000001,0,15.950000000000001,0,0,0.49375703109374641,1.2149831253750085,0.82225315579292257,0.51257358993091107,0.31811092262021157
1.6000000000000001,0,16,0,0,0.49375703109374641,1.2149831253750085,0.82225314875211308,0.51257358491173177,0.31811091650072143
1.6000000000000001,0,16.050000000000001,0,0,0.49375703109374641,1.2149831253750085,0.82225314200105415,0.5125735800986867,0.31811091063035613
1.6000000000000001,0,16.100000000000001,0,0,0.49375703109374641,1.2149831253750085,0.82225313552783297,0.51257357548332538,0.31811090499902295
1.6000000000000001,0,16.150000000000002,0,0,0.49375703109374641,1.2149831253750085,0.82225312932102246,0.5125735710575402,0.31811089959703309
1.6000000000000001,0,16.199999999999999,0,0,0.49375703109374641,1.2149831253750085,0.82225312336966572,0.5125735668135557,0.31811089441508833
1.6000000000000001,0,16.25,0,0,0.49375703109374641,1.2149831253750085,0.82225311766325571,0.51257356274391452,0.31811088944426474
1.6000000000000001,0,16.300000000000001,0,0,0.49375703109374641,1.2149831253750085,0.8222531121917166,0.51257355884146427,0.31811088467599796
1.6000000000000001,0,16.350000000000001,0,0,0.49375703109374641,1.2149831253750085,0.82225310694538689,0.51257355509934543,0.31811088010206878
1.6000000000000001,0,16.400000000000002,0,0,0.49375703109374641,1.2149831253750085,0.82225310191500145,0.51257355151097905,0.31811087571458924
1.6000000000000001,0,16.449999999999999,0,0,0.49375703109374641,1.2149831253750085,0.82225309709167604,0.51257354807005562,0.31811087150598988
1.6000000000000001,0,16.5,0,0,0.49375703109374641,1.2149831253750085,0.82225309246689215,0.51257354477052441,0.31811086746900691
1.6000000000000001,0,16.550000000000001,0,0,0.49375703109374641,1.2149831253750085,0.82225308803248254,0.51257354160658286,0.31811086359667023
1.6000000000000001,0,16.600000000000001,0,0,0.49375703109374641,1.2149831253750085,0.82225308378061568,0.51257353857266663,0.31811085988229182
1.6000000000000001,0,16.650000000000002,0,0,0.49375703109374641,1.2149831253750085,0.8222530797037827,0.51257353566343955,0.31811085631945407
1.6000000000000001,0,16.699999999999999,0,0,0.49375703109374641,1.2149831253750085,0.82225307579478324,0.51257353287378393,0.31811085290199859
1.6000000000000001,0,16.75,0,0,0.49375703109374641,1.2149831253750085,0.82225307204671161,0.51257353019879104,0.31811084962401509
1.6000000000000001,0,16.800000000000001,0,0,0.49375703109374641,1.2149831253750085,0.82225306845294288,0.5125735276337513,0.3181108464798304
1.6000000000000001,0,16.850000000000001,0,0,0.49375703109374641,1.2149831253750085,0.82225306500712614,0.51257352517414956,0.31811084346400204
1.6000000000000001,0,16.900000000000002,0,0,0.49375703109374641,1.2149831253750085,0.82225306170317536,0.5125735228156576,0.31811084057130989
1.6000000000000001,0,16.949999999999999,0,0,0.49375703109374641,1.2149831253750085,0.82225305853525332,0.51257352055412375,0.31811083779674393
1.6000000000000001,0,17,0,0,0.49375703109374641,1.2149831253750085,0.82225305549776206,0.51257351838556631,0.31811083513549721
1.6000000000000001,0,17.050000000000001,0,0,0.49375703109374641,1.2149831253750085,0.8222530525853341,0.5125735163061671,0.31811083258295725
1.6000000000000001,0,17.100000000000001,0,0,0.49375703109374641,1.2149831253750085,0.82225304979282277,0.51257351431226406,0.31811083013469832
1.6000000000000001,0,17.150000000000002,0,0,0.49375703109374641,1.2149831253750085,0.82225304711529235,0.51257351240034554,0.31811082778647398
1.6000000000000001,0,17.199999999999999,0,0,0.49375703109374641,1.2149831253750085,0.82225304454801063,0.51257351056704348,0.31811082553420983
1.6000000000000001,0,17.25,0,0,0.49375703109374641,1.2149831253750085,0.82225304208643946,0.51257350880912822,0.31811082337399665
1.6000000000000001,0,17.300000000000001,0,0,0.49375703109374641,1.2149831253750085,0.8222530397262281,0.51257350712350269,0.31811082130208396
1.6000000000000001,0,17.350000000000001,0,0,0.49375703109374641,1.2149831253750085,0.82225303746320488,0.51257350550719716,0.31811081931487356
1.6000000000000001,0,17.400000000000002,0,0,0.49375703109374641,1.2149831253750085,0.82225303529336979,0.51257350395736379,0.31811081740891362
1.6000000000000001,0,17.449999999999999,0,0,0.49375703109374641,1.2149831253750085,0.82225303321288823,0.5125735024712722,0.31811081558089249
1.6000000000000001,0,17.5,0,0,0.49375703109374641,1.2149831253750085,0.82225303121808246,0.5125735010463035,0.31811081382763279
1.6000000000000001,0,17.550000000000001,0,0,0.49375703109374641,1.2149831253750085,0.82225302930542599,0.51257349967994603,0.31811081214608583
1.6000000000000001,0,17.600000000000001,0,0,0.49375703109374641,1.2149831253750085,0.82225302747153539,0.51257349836978972,0.31811081053332563
1.6000000000000001,0,17.650000000000002,0,0,0.49375703109374641,1.2149831253750085,0.82225302571316727,0.51257349711352451,0.31811080898654565
1.6000000000000001,0,17.699999999999999,0,0,0.49375703109374641,1.2149831253750085,0.82225302402721401,0.51257349590893619,0.3181108075030547
1.6000000000000001,0,17.75,0,0,0.49375703109374641,1.2149831253750085,0.82225302241069453,0.51257349475390079,0.31811080608027031
1.6000000000000001,0,17.800000000000001,0,0,0.49375703109374641,1.2149831253750085,0.82225302086075036,0.51257349364638183,0.3181108047157149
1.6000000000000001,0,17.850000000000001,0,0,0.49375703109374641,1.2149831253750085,0.8222530193746409,0.51257349258442597,0.31811080340701181
1.6000000000000001,0,17.900000000000002,0,0,0.49375703109374641,1.2149831253750085,0.82225301794973793,0.51257349156616028,0.31811080215188076
1.6000000000000001,0,17.949999999999999,0,0,0.49375703109374641,1.2149831253750085,0.82225301658352157,0.51257349058978874,0.31811080094813426
1.6000000000000001,0,18,0,0,0.49375703109374641,1.2149831253750085,0.82225301527357508,0.51257348965358862,0.31811079979367379
1.6000000000000001,0,18.050000000000001,0,0,0.49375703109374641,1.2149831253750085,0.82225301401758188,0.51257348875590825,0.31811079868648623
1.6000000000000001,0,18.100000000000001,0,0,0.49375703109374641,1.2149831253750085,0.82225301281332031,0.51257348789516399,0.3181107976246404
1.6000000000000001,0,18.150000000000002,-4.7030280904260106e-18,-4.7030280904260106e-18,0.49375703109374641,1.2149831253750085,0.82225301165866038,0.51257348706983707,0.31811079660628405
1.6000000000000001,0,18.199999999999999,-4.7030280904260106e-18,-4.7030280904260106e-18,0.49375703109374641,1.2149831253750085,0.82225301055156019,0.51257348627847166,0.3181107956296404
1.6000000000000001,0,18.25,-4.7030280904260106e-18,-4.7030280904260106e-18,0.49375703109374641,1.2149831253750085,0.82225300949006175,0.51257348551967152,0.31811079469300513
1.6000000000000001,0,18.300000000000001,-4.7030280904260106e-18,-4.7030280904260106e-18,0.49375703109374641,1.2149831253750085,0.82225300847228766,0.51257348479209774,0.31811079379474327
1.6000000000000001,0,18.350000000000001,-4.7030280904260106e-18,-4.7030280904260106e-18,0.49375703109374641,1.2149831253750085,0.82225300749643737,0.51257348409446624,0.3181107929332862
1.6000000000000001,0,18.400000000000002,-4.7030280904260106e-18,-4.7030280904260106e-18,0.49375703109374641,1.2149831253750085,0.82225300656078393,0.51257348342554476,0.31811079210712856
1.6000000000000001,0,18.449999999999999,-5.0885221961986376e-18,-5.0885221961986376e-18,0.49375703109374641,1.2149831253750085,0.82225300566367132,0.51257348278415227,0.31811079131482672
1.6000000000000001,0,18.5,-5.0885221961986376e-18,-5.0885221961986376e-18,0.49375703109374641,1.2149831253750085,0.82225300480351327,0.51257348216915699,0.31811079055499669
1.6000000000000001,0,18.550000000000001,-5.0885221961986376e-18,-5.0885221961986376e-18,0.49375703109374641,1.2149831253750085,0.82225300397878787,0.51257348157947336,0.31811078982631047
1.6000000000000001,0,18.600000000000001,-4.4948612733087935e-17,-4.4948612733087935e-17,0.49375703109374641,1.2149831253750085,0.82225300318803618,0.51257348101406008,0.31811078912749419
1.6000000000000001,0,18.650000000000002,-4.4948612733087935e-17,-4.4948612733087935e-17,0.49375703109374641,1.2149831253750085,0.8222530024298591,0.51257348047191897,0.3181107884573261
1.6000000000000001,0,18.699999999999999,-4.4948612733087935e-17,-4.4948612733087935e-17,0.49375703109374641,1.2149831253750085,0.82225300170291493,0.5125734799520929,0.31811078781463398
1.6000000000000001,0,18.75,-5.38920759870128e-17,-5.38920759870128e-17,0.49375703109374641,1.2149831253750085,0.82225300100591747,0.51257347945366361,0.31811078719829355
1.6000000000000001,0,18.800000000000001,-6.4146219200564594e-17,-6.4146219200564594e-17,0.49375703109374641,1.2149831253750085,0.82225300033763327,0.51257347897575101,0.31811078660722636
1.6000000000000001,0,18.850000000000001,-8.1724750423796251e-17,-8.1724750423796251e-17,0.49375703109374641,1.2149831253750085,0.82225299969687982,0.51257347851751101,0.31811078604039789
1.6000000000000001,0,18.900000000000002,-9.5756735873919757e-17,-9.5756735873919757e-17,0.49375703109374641,1.2149831253750085,0.82225299908252303,0.51257347807813425,0.3181107854968161
1.6000000000000001,0,18.949999999999999,-1.3164623712135105e-16,-1.3164623712135105e-16,0.49375703109374641,1.2149831253750085,0.82225299849347611,0.51257347765684458,0.3181107849755293
1.6000000000000001,0,19,-1.3580957346369537e-16,-1.3580957346369537e-16,0.49375703109374641,1.2149831253750085,0.82225299792869633,0.51257347725289815,0.31811078447562502
1.6000000000000001,0,19.050000000000001,-1.5662625517541705e-16,-1.5662625517541705e-16,0.49375703109374641,1.2149831253750085,0.82225299738718471,0.51257347686558119,0.31811078399622789
1.6000000000000001,0,19.100000000000001,-1.8731158599491792e-16,-1.8731158599491792e-16,0.49375703109374647,1.2149831253750085,0.82225299686798303,0.5125734764942097,0.31811078353649846
1.6000000000000001,0,19.150000000000002,-2.0955459589799832e-16,-2.0955459589799832e-16,0.49375703109374647,1.2149831253750085,0.82225299637017224,0.51257347613812743,0.31811078309563118
1.6000000000000001,0,19.200000000000003,-2.6768710704850995e-16,-2.6768710704850995e-16,0.49375703109374647,1.2149831253750085,0.82225299589287093,0.5125734757967052,0.31811078267285292
1.6000000000000001,0,19.25,-2.9039270987851752e-16,-2.9039270987851752e-16,0.49375703109374647,1.2149831253750085,0.82225299543523411,0.51257347546933962,0.31811078226742262
1.6000000000000001,0,19.300000000000001,-3.4062259186069034e-16,-3.4062259186069034e-16,0.49375703109374652,1.2149831253750085,0.82225299499645199,0.51257347515545237,0.3181107818786299
1.6000000000000001,0,19.350000000000001,-3.9790701597850231e-16,-3.9790701597850231e-16,0.49375703109374652,1.2149831253750085,0.82225299457574819,0.5125734748544889,0.31811078150579314
1.6000000000000001,0,19.400000000000002,-4.7458179361667717e-16,-4.7458179361667717e-16,0.49375703109374652,1.2149831253750085,0.82225299417237774,0.51257347456591718,0.31811078114825853
1.6000000000000001,0,19.450000000000003,-5.3807267283742815e-16,-5.3807267283742815e-16,0.49375703109374658,1.2149831253750081,0.82225299378562688,0.51257347428922739,0.31811078080539912
1.6000000000000001,0,19.5,-6.4639651655953566e-16,-6.4639651655953566e-16,0.49375703109374658,1.2149831253750081,0.82225299341481106,0.51257347402393039,0.31811078047661351
1.6000000000000001,0,19.550000000000001,-7.7087256331351594e-16,-7.7087256331351594e-16,0.49375703109374663,1.2149831253750079,0.82225299305927357,0.51257347376955731,0.31811078016132477
1.6000000000000001,0,19.600000000000001,-8.7850251764523246e-16,-8.7850251764523246e-16,0.49375703109374669,1.2149831253750079,0.82225299271838537,0.51257347352565874,0.31811077985897979
1.6000000000000001,0,19.650000000000002,-1.0263009577984562e-15,-1.0263009577984562e-15,0.49375703109374675,1.2149831253750079,0.82225299239154259,0.51257347329180336,0.31811077956904787
1.6000000000000001,0,19.700000000000003,-1.2253701140194396e-15,-1.2253701140194396e-15,0.4937570310937468,1.2149831253750076,0.82225299207816682,0.51257347306757806,0.31811077929102016
1.6000000000000001,0,19.75,-1.4520406482137423e-15,-1.4520406482137423e-15,0.49375703109374686,1.2149831253750074,0.82225299177770328,0.51257347285258614,0.3181107790244086
1.6000000000000001,0,19.800000000000001,-1.684609242226366e-15,-1.684609242226366e-15,0.49375703109374697,1.2149831253750074,0.82225299148962006,0.5125734726464477,0.31811077876874511
1.6000000000000001,0,19.850000000000001,-1.993312922129083e-15,-1.993312922129083e-15,0.49375703109374702,1.2149831253750072,0.82225299121340734,0.51257347244879814,0.31811077852358077
1.6000000000000001,0,19.900000000000002,-2.3362484786244099e-15,-2.3362484786244099e-15,0.49375703109374713,1.2149831253750067,0.82225299094857629,0.51257347225928807,0.31811077828848511
1.6000000000000001,0,19.950000000000003,-2.7248265372432143e-15,-2.7248265372432143e-15,0.4937570310937473,1.2149831253750063,0.82225299069465785,0.51257347207758241,0.31811077806304511
1.6000000000000001,0,20,-3.2040342601291631e-15,-3.2040342601291631e-15,0.49375703109374747,1.2149831253750061,0.82225299045120226,0.51257347190335989,0.3181107778468647
1.6000000000000001,0,20.050000000000001,-3.7714430344158878e-15,-3.7714430344158878e-15,0.49375703109374763,1.2149831253750059,0.8222529902177782,0.51257347173631262,0.31811077763956402
1.6000000000000001,0,20.100000000000001,-4.4368829598005916e-15,-4.4368829598005916e-15,0.49375703109374786,1.2149831253750052,0.82225298999397267,0.51257347157614519,0.31811077744077881
1.6000000000000001,0,20.150000000000002,-5.1930681976841703e-15,-5.1930681976841703e-15,0.49375703109374808,1.2149831253750047,0.82225298977938965,0.51257347142257415,0.31811077725015979
1.6000000000000001,0,20.200000000000003,-6.1029884849498723e-15,-6.1029884849498723e-15,0.49375703109374841,1.2149831253750036,0.82225298957364867,0.51257347127532815,0.31811077706737184
1.6000000000000001,0,20.25,-7.145248898727315e-15,-7.145248898727315e-15,0.49375703109374874,1.2149831253750032,0.82225298937638602,0.51257347113414664,0.31811077689209377
1.6000000000000001,0,20.300000000000001,-8.3794468277689451e-15,-8.3794468277689451e-15,0.49375703109374913,1.2149831253750021,0.82225298918725198,0.51257347099878015,0.31811077672401733
1.6000000000000001,0,20.350000000000001,-9.846020603770317e-15,-9.846020603770317e-15,0.49375703109374963,1.214983125375001,0.82225298900591193,0.51257347086898897,0.31811077656284692
1.6000000000000001,0,20.400000000000002,-1.1553027053542073e-14,-1.1553027053542073e-14,0.49375703109375019,1.2149831253749994,0.82225298883204445,0.51257347074454362,0.31811077640829921
1.6000000000000001,0,20.450000000000003,-1.3570471906692523e-14,-1.3570471906692523e-14,0.49375703109375085,1.2149831253749979,0.82225298866534169,0.51257347062522385,0.3181107762601022
1.6000000000000001,0,20.5,-1.5918053912026642e-14,-1.5918053912026642e-14,0.49375703109375163,1.2149831253749961,0.82225298850550865,0.5125734705108187,0.31811077611799532
1.6000000000000001,0,20.550000000000001,-1.8664121174497931e-14,-1.8664121174497931e-14,0.49375703109375257,1.2149831253749939,0.82225298835226202,0.51257347040112566,0.31811077598172849
1.6000000000000001,0,20.600000000000001,-2.1921276522402561e-14,-2.1921276522402561e-14,0.49375703109375363,1.2149831253749914,0.82225298820533066,0.51257347029595102,0.31811077585106212
1.6000000000000001,0,20.650000000000002,-2.5703629040011814e-14,-2.5703629040011814e-14,0.49375703109375485,1.2149831253749881,0.82225298806445424,0.51257347019510868,0.31811077572576629
1.6000000000000001,0,20.700000000000003,-3.0149571111298061e-14,-3.0149571111298061e-14,0.49375703109375635,1.2149831253749848,0.82225298792938351,0.51257347009842036,0.31811077560562062
1.6000000000000001,0,20.75,-3.5417386616091544e-14,-3.5417386616091544e-14,0.49375703109375807,1.2149831253749808,0.82225298779987899,0.51257347000571507,0.31811077549041356
1.6000000000000001,0,20.800000000000001,-4.1537298292284829e-14,-4.1537298292284829e-14,0.49375703109376012,1.2149831253749757,0.82225298767571153,0.51257346991682839,0.31811077537994215
1.6000000000000001,0,20.850000000000001,-4.8751126592429093e-14,-4.8751126592429093e-14,0.49375703109376251,1.2149831253749701,0.82225298755666087,0.5125734698316029,0.31811077527401194
1.6000000000000001,0,20.900000000000002,-5.7214187091740131e-14,-5.7214187091740131e-14,0.49375703109376529,1.2149831253749632,0.82225298744251663,0.51257346974988816,0.31811077517243641
1.6000000000000001,0,20.950000000000003,-6.7155309091404549e-14,-6.7155309091404549e-14,0.49375703109376856,1.2149831253749555,0.82225298733307617,0.51257346967153938,0.31811077507503677
1.6000000000000001,0,21,-7.8798194821002216e-14,-7.8798194821002216e-14,0.49375703109377239,1.2149831253749461,0.8222529872281461,0.51257346959641803,0.31811077498164148
1.6000000000000001,0,21.050000000000001,-9.2471747851578355e-14,-9.2471747851578355e-14,0.49375703109377694,1.2149831253749355,0.82225298712754036,0.51257346952439109,0.318110774892086
1.6000000000000001,0,21.100000000000001,-1.0851404651389551e-13,-1.0851404651389551e-13,0.49375703109378222,1.2149831253749226,0.82225298703108063,0.51257346945533111,0.31811077480621264
1.6000000000000001,0,21.150000000000002,-1.2734766944670168e-13,-1.2734766944670168e-13,0.49375703109378843,1.2149831253749077,0.82225298693859639,0.51257346938911585,0.31811077472387012
1.6000000000000001,0,21.200000000000003,-1.4941759249629015e-13,-1.4941759249629015e-13,0.49375703109379571,1.2149831253748902,0.82225298684992354,0.51257346932562808,0.31811077464491327
1.6000000000000001,0,21.25,-1.7534758367521164e-13,-1.7534758367521164e-13,0.49375703109380431,1.2149831253748695,0.82225298676490499,0.51257346926475533,0.318110774569203
1.6000000000000001,0,21.300000000000001,-2.0576804149463614e-13,-2.0576804149463614e-13,0.4937570310938143,1.2149831253748455,0.82225298668339031,0.51257346920639002,0.31811077449660585
1.6000000000000001,0,21.350000000000001,-2.4148175742983506e-13,-2.4148175742983506e-13,0.49375703109382613,1.2149831253748171,0.82225298660523494,0.51257346915042856,0.31811077442699387
1.6000000000000001,0,21.400000000000002,-2.8340593760667336e-13,-2.8340593760667336e-13,0.49375703109383995,1.214983125374784,0.82225298653030066,0.51257346909677204,0.31811077436024437
1.6000000000000001,0,21.450000000000003,-3.3257127761575512e-13,-3.3257127761575512e-13,0.49375703109385621,1.2149831253747452,0.82225298645845457,0.51257346904532519,0.31811077429623957
1.6000000000000001,0,21.5,-3.9027103308312645e-13,-3.9027103308312645e-13,0.49375703109387525,1.2149831253746994,0.82225298638956956,0.51257346899599698,0.31811077423486667
1.6000000000000001,0,21.550000000000001,-4.5798376665147822e-13,-4.5798376665147822e-13,0.49375703109389762,1.2149831253746455,0.82225298632352362,0.51257346894869982,0.31811077417601741
1.6000000000000001,0,21.600000000000001,-5.3746089369156717e-13,-5.3746089369156717e-13,0.49375703109392383,1.2149831253745826,0.8222529862601996,0.51257346890334998,0.31811077411958782
1.6000000000000001,0,21.650000000000002,-6.306921420303388e-13,-6.306921420303388e-13,0.49375703109395463,1.2149831253745089,0.82225298619948528,0.51257346885986699,0.31811077406547827
1.6000000000000001,0,21.700000000000003,-7.401299480698972e-13,-7.401299480698972e-13,0.49375703109399077,1.2149831253744223,0.82225298614127296,0.51257346881817367,0.31811077401359333
1.6000000000000001,0,21.75,-8.6853410266287926e-13,-8.6853410266287926e-13,0.49375703109403318,1.2149831253743204,0.82225298608545971,0.51257346877819598,0.3181107739638413
1.6000000000000001,0,21.800000000000001,-1.0192555133237134e-12,-1.0192555133237134e-12,0.49375703109408292,1.2149831253742012,0.82225298603194663,0.51257346873986276,0.31811077391613429
1.6000000000000001,0,21.850000000000001,-1.1960986984810914e-12,-1.1960986984810914e-12,0.49375703109414132,1.2149831253740608,0.82225298598063901,0.51257346870310594,0.31811077387038789
1.6000000000000001,0,21.900000000000002,-1.4036336136601259e-12,-1.4036336136601259e-12,0.49375703109420982,1.2149831253738963,0.82225298593144547,0.51257346866786002,0.31811077382652114
1.6000000000000001,0,21.950000000000003,-1.6471700161243185e-12,-1.6471700161243185e-12,0.49375703109429026,1.2149831253737033,0.8222529858842792,0.51257346863406206,0.31811077378445635
1.6000000000000001,0,22,-1.9329847522003223e-12,-1.9329847522003223e-12,0.49375703109438462,1.2149831253734769,0.82225298583905648,0.51257346860165176,0.318110773744119
1.6000000000000001,0,22.050000000000001,-2.268381971457265e-12,-2.268381971457265e-12,0.49375703109449537,1.2149831253732108,0.82225298579569728,0.51257346857057107,0.31811077370543756
1.6000000000000001,0,22.100000000000001,-2.6619670588183077e-12,-2.6619670588183077e-12,0.49375703109462532,1.2149831253728991,0.82225298575412453,0.51257346854076413,0.31811077366834317
1.6000000000000001,0,22.150000000000002,-3.1238664047503509e-12,-3.1238664047503509e-12,0.49375703109477787,1.2149831253725332,0.82225298571426464,0.51257346851217733,0.31811077363276979
1.6000000000000001,0,22.200000000000003,-3.6658731605854208e-12,-3.6658731605854208e-12,0.49375703109495683,1.2149831253721035,0.82225298567604677,0.51257346848475893,0.31811077359865397
1.6000000000000001,0,22.25,-4.3019611792624902e-12,-4.3019611792624902e-12,0.49375703109516683,1.2149831253715995,0.82225298563940319,0.51257346845845919,0.3181107735659347
1.6000000000000001,0,22.300000000000001,-5.0483768400234729e-12,-5.0483768400234729e-12,0.4937570310954133,1.2149831253710079,0.82225298560426885,0.51257346843323026,0.31811077353455314
1.6000000000000001,0,22.350000000000001,-5.9243311259813164e-12,-5.9243311259813164e-12,0.49375703109570251,1.2149831253703141,0.82225298557058124,0.51257346840902562,0.31811077350445288
1.6000000000000001,0,22.400000000000002,-6.9522563246450365e-12,-6.9522563246450365e-12,0.49375703109604191,1.2149831253694992,0.82225298553828075,0.51257346838580031,0.31811077347557953
1.6000000000000001,0,22.450000000000003,-8.1585445189781412e-12,-8.1585445189781412e-12,0.4937570310964402,1.2149831253685435,0.82225298550730963,0.51257346836351103,0.31811077344788069
1.6000000000000001,0,22.5,-9.574138858258074e-12,-9.574138858258074e-12,0.49375703109690761,1.2149831253674217,0.82225298547761305,0.51257346834211548,0.31811077342130545
1.6000000000000001,0,22.550000000000001,-1.1235376980630227e-11,-1.1235376980630227e-11,0.49375703109745617,1.2149831253661052,0.82225298544913805,0.51257346832157269,0.31811077339580485
1.6000000000000001,0,22.600000000000001,-1.3184844844002818e-11,-1.3184844844002818e-11,0.49375703109809982,1.2149831253645602,0.82225298542183378,0.51257346830184225,0.31811077337133131
1.6000000000000001,0,22.650000000000002,-1.54725375644476e-11,-1.54725375644476e-11,0.49375703109885521,1.2149831253627472,0.82225298539565161,0.51257346828288497,0.31811077334783883
1.6000000000000001,0,22.700000000000003,-1.8157177035053411e-11,-1.8157177035053411e-11,0.49375703109974162,1.21498312536062,0.82225298537054459,0.51257346826466199,0.31811077332528237
1.6000000000000001,0,22.75,-2.1307642147607968e-11,-2.1307642147607968e-11,0.4937570311007819,1.2149831253581234,0.82225298534646774,0.5125734682471349,0.31811077330361809
1.6000000000000001,0,22.800000000000001,-2.5004778841622132e-11,-2.5004778841622132e-11,0.49375703110200259,1.2149831253551939,0.82225298532337776,0.51257346823026573,0.31811077328280296
1.6000000000000001,0,22.850000000000001,-2.9343370596000995e-11,-2.9343370596000995e-11,0.49375703110343516,1.2149831253517556,0.82225298530123303,0.51257346821401595,0.31811077326279463
1.6000000000000001,0,22.900000000000002,-3.4434767653042837e-11,-3.4434767653042837e-11,0.49375703110511626,1.214983125347721,0.82225298527999346,0.51257346819834693,0.31811077324355125
1.6000000000000001,0,22.950000000000003,-4.0409573102818801e-11,-4.0409573102818801e-11,0.49375703110708907,1.2149831253429861,0.82225298525962054,0.51257346818321947,0.31811077322503117
1.6000000000000001,0,23,-4.7421055585392434e-11,-4.7421055585392434e-11,0.49375703110940417,1.2149831253374299,0.82225298524007673,0.51257346816859284,0.31811077320719283
1.6000000000000001,0,23.050000000000001,-5.5649128939220608e-11,-5.5649128939220608e-11,0.49375703111212094,1.2149831253309098,0.82225298522132617,0.51257346815442528,0.31811077318999414
1.6000000000000001,0,23.100000000000001,-6.5304861055863001e-11,-6.5304861055863001e-11,0.49375703111530911,1.2149831253232581,0.82225298520333445,0.51257346814067273,0.31811077317339248
1.6000000000000001,0,23.150000000000002,-7.6635970447689101e-11,-7.6635970447689101e-11,0.4937570311190505,1.2149831253142789,0.82225298518606726,0.51257346812728888,0.31811077315734393
1.6000000000000001,0,23.200000000000003,-8.9933129808946369e-11,-8.9933129808946369e-11,0.49375703112344105,1.2149831253037415,0.82225298516949186,0.51257346811422444,0.31811077314180303
1.6000000000000001,0,23.25,-1.0553751372050565e-10,-1.0553751372050565e-10,0.49375703112859337,1.2149831252913759,0.82225298515357659,0.51257346810142634,0.31811077312672237
1.6000000000000001,0,23.300000000000001,-1.2384941224580842e-10,-1.2384941224580842e-10,0.4937570311346397,1.2149831252768646,0.82225298513828993,0.51257346808883575,0.31811077311205177
1.6000000000000001,0,23.350000000000001,-1.453386278610975e-10,-1.453386278610975e-10,0.49375703114173514,1.2149831252598355,0.82225298512360123,0.51257346807638871,0.31811077309773772
1.6000000000000001,0,23.400000000000002,-1.7055648012736453e-10,-1.7055648012736453e-10,0.49375703115006175,1.2149831252398517,0.82225298510948042,0.51257346806401427,0.31811077308372276
1.6000000000000001,0,23.450000000000003,-2.0014987159928174e-10,-2.0014987159928174e-10,0.49375703115983305,1.2149831252164007,0.8222529850958975,0.51257346805163306,0.31811077306994423
1.6000000000000001,0,23.5,-2.348780570115499e-10,-2.348780570115499e-10,0.49375703117129982,1.2149831251888805,0.82225298508282263,0.51257346803915571,0.31811077305633334
1.6000000000000001,0,23.550000000000001,-2.7563196343394214e-10,-2.7563196343394214e-10,0.49375703118475617,1.2149831251565852,0.82225298507022593,0.51257346802648096,0.31811077304281377
1.6000000000000001,0,23.600000000000001,-3.2345710943786851e-10,-3.2345710943786851e-10,0.49375703120054737,1.2149831251186862,0.82225298505807698,0.51257346801349335,0.3181107730293003
1.6000000000000001,0,23.650000000000002,-3.795804327876789e-10,-3.795804327876789e-10,0.49375703121907849,1.2149831250742118,0.82225298504634503,0.51257346800006087,0.31811077301569712
1.6000000000000001,0,23.700000000000003,-4.454417546623236e-10,-4.454417546623236e-10,0.49375703124082498,1.2149831250220198,0.82225298503499844,0.51257346798603165,0.31811077300189583
1.6000000000000001,0,23.75,-5.2273072941958862e-10,-5.2273072941958862e-10,0.49375703126634474,1.2149831249607725,0.82225298502400412,0.51257346797123082,0.31811077298777307
1.6000000000000001,0,23.800000000000001,-6.1343018396368509e-10,-6.1343018396368509e-10,0.49375703129629239,1.214983124888898,0.82225298501332755,0.51257346795545611,0.31811077297318779
1.6000000000000001,0,23.850000000000001,-7.198670076702384e-10,-7.198670076702384e-10,0.49375703133143634,1.2149831248045528,0.82225298500293231,0.51257346793847258,0.31811077295797785
1.6000000000000001,0,23.900000000000002,-8.4477176750777078e-10,-8.4477176750777078e-10,0.49375703137267812,1.2149831247055725,0.8222529849927791,0.51257346792000791,0.3181107729419565
1.6000000000000001,0,23.950000000000003,-9.9134885690126912e-10,-9.9134885690126912e-10,0.4937570314210758,1.2149831245894183,0.82225298498282573,0.51257346789974434,0.31811077292490758
1.6000000000000001,0,24,-1.1633586566691912e-09,-1.1633586566691912e-09,0.49375703147787103,1.2149831244531095,0.8222529849730259,0.51257346787731228,0.31811077290658074
1.6000000000000001,0,24.050000000000001,-1.3652140272435445e-09,-1.3652140272435445e-09,0.49375703154452083,1.2149831242931501,0.82225298496332899,0.51257346785228242,0.31811077288668621
1.6000000000000001,0,24.100000000000001,-1.6020934737027828e-09,-1.6020934737027828e-09,0.4937570316227351,1.2149831241054356,0.82225298495367805,0.51257346782414737,0.31811077286488404
1.6000000000000001,0,24.150000000000002,-1.8800741085098527e-09,-1.8800741085098527e-09,0.4937570317145204,1.2149831238851512,0.82225298494401,0.51257346779231572,0.31811077284077888
1.6000000000000001,0,24.200000000000003,-2.2062873935595348e-09,-2.2062873935595348e-09,0.49375703182223141,1.2149831236266446,0.82225298493425347,0.51257346775609869,0.31811077281391109
1.6000000000000001,0,24.25,-2.5891022567019343e-09,-2.5891022567019343e-09,0.49375703194863152,1.2149831233232844,0.82225298492432752,0.51257346771468981,0.3181107727837435
1.6000000000000001,0,24.300000000000001,-3.0383396418408472e-09,-3.0383396418408472e-09,0.49375703209696337,1.2149831229672881,0.82225298491414045,0.51257346766714362,0.3181107727496475
1.6000000000000001,0,24.350000000000001,-3.565524606389321e-09,-3.565524606389321e-09,0.4937570322710324,1.2149831225495222,0.82225298490358656,0.51257346761235145,0.31811077271088722
1.6000000000000001,0,24.400000000000002,-4.1841818379286428e-09,-4.1841818379286428e-09,0.49375703247530434,1.2149831220592695,0.82225298489254417,0.51257346754901356,0.31811077266660115
1.6000000000000001,0,24.450000000000003,-4.9101828857496999e-09,-4.9101828857496999e-09,0.49375703271501964,1.214983121483953,0.82225298488087328,0.51257346747560695,0.31811077261578086
1.6000000000000001,0,24.5,-5.7621529675400742e-09,-5.7621529675400742e-09,0.49375703299632817,1.2149831208088124,0.82225298486841181,0.51257346739034626,0.31811077255724518
1.6000000000000001,0,24.550000000000001,-6.7619491226263626e-09,-6.7619491226263626e-09,0.49375703332644677,1.2149831200165278,0.82225298485497145,0.51257346729113862,0.31811077248961039
1.6000000000000001,0,24.600000000000001,-7.9352207651598198e-09,-7.9352207651598198e-09,0.49375703371384455,1.2149831190867728,0.82225298484033371,0.51257346717552965,0.31811077241125446
1.6000000000000001,0,24.650000000000002,-9.3120677748279355e-09,-9.3120677748279355e-09,0.49375703416846006,1.2149831179956958,0.82225298482424403,0.51257346704064,0.31811077232027518
1.6000000000000001,0,24.700000000000003,-1.0927812687576267e-08,-1.0927812687576267e-08,0.49375703470195625,1.2149831167153051,0.82225298480640518,0.51257346688309191,0.31811077221444184
1.6000000000000001,0,24.75,-1.2823906883888743e-08,-1.2823906883888743e-08,0.4937570353280199,1.2149831152127524,0.82225298478647135,0.51257346669892356,0.31811077209113864
1.6000000000000001,0,24.800000000000001,-1.5048994002843529e-08,-1.5048994002843529e-08,0.49375703606271232,1.2149831134494902,0.82225298476403808,0.51257346648349078,0.31811077194730009
1.6000000000000001,0,24.850000000000001,-1.7660157906152251e-08,-1.7660157906152251e-08,0.49375703692488188,1.2149831113802836,0.82225298473863562,0.51257346623137301,0.31811077177934444
1.6000000000000001,0,24.900000000000002,-2.072438702458959e-08,-2.072438702458959e-08,0.49375703793664721,1.2149831089520469,0.82225298470970642,0.51257346593613373,0.31811077158302964
1.6000000000000001,0,24.950000000000003,-2.4320293116654919e-08,-2.4320293116654919e-08,0.49375703912396474,1.2149831061024845,0.82225298467660002,0.51257346559024419,0.31811077135339427
1.6000000000000001,0,25,-2.8540127869925806e-08,-2.8540127869925806e-08,0.4937570405172948,1.2149831027584923,0.822252984638558,0.51257346518491054,0.31811077108463703
1.6000000000000001,0,25.050000000000001,-3.3492149663592416e-08,-3.3492149663592416e-08,0.49375704215238264,1.2149830988342816,0.82225298459469287,0.51257346470981302,0.31811077076994876
1.6000000000000001,0,25.100000000000001,-3.9303400820766813e-08,-3.9303400820766813e-08,0.49375704407117599,1.2149830942291775,0.82225298454396256,0.5125734641528279,0.31811077040133146
1.6000000000000001,0,25.150000000000002,-4.6122966888134656e-08,-4.6122966888134656e-08,0.49375704632290068,1.2149830888250384,0.82225298448514494,0.51257346349971622,0.31811076996939386
1.6000000000000001,0,25.200000000000003,-5.4125801358554139e-08,-5.4125801358554139e-08,0.49375704896532391,1.2149830824832226,0.82225298441680661,0.51257346273376503,0.31811076946311551
1.6000000000000001,0,25.25,-6.3517213916286511e-08,-6.3517213916286511e-08,0.49375705206623616,1.2149830750410331,0.82225298433726668,0.51257346183536578,0.31811076886956829
1.6000000000000001,0,25.300000000000001,-7.4538137776492913e-08,-7.4538137776492913e-08,0.49375705570519002,1.2149830663075438,0.82225298424455384,0.51257346078151622,0.31811076817358724
1.6000000000000001,0,25.350000000000001,-8.7471310551662555e-08,-8.7471310551662555e-08,0.49375705997554159,1.2149830560587001,0.8222529841363565,0.51257345954523015,0.31811076735738042
1.6000000000000001,0,25.400000000000002,-1.0264852767031171e-07,-1.0264852767031171e-07,0.49375706498684496,1.2149830440315719,0.82225298400996272,0.51257345809484034,0.31811076640006875
1.6000000000000001,0,25.450000000000003,-1.2045915466866545e-07,-1.2045915466866545e-07,0.49375707086766324,1.2149830299176081,0.82225298386219081,0.51257345639318086,0.3181107652771461
1.6000000000000001,0,25.5,-1.4136011585414197e-07,-1.4136011585414197e-07,0.49375707776886635,1.2149830133547208,0.8222529836893081,0.51257345439663293,0.31811076395985016
1.6000000000000001,0,25.550000000000001,-1.6588761663690704e-07,-1.6588761663690704e-07,0.49375708586750178,1.2149829939179957,0.82225298348693698,0.51257345205402016,0.31811076241443503
1.6000000000000001,0,25.600000000000001,-1.9467089940436137e-07,-1.9467089940436137e-07,0.4937570953713365,1.2149829711087923,0.82225298324994722,0.51257344930533955,0.3181107606013362
1.6000000000000001,0,25.650000000000002,-2.2844838629147868e-07,-2.2844838629147868e-07,0.49375710652418708,1.2149829443419511,0.82225298297235383,0.51257344608053867,0.3181107584743037
1.6000000000000001,0,25.700000000000003,-2.6808662287371627e-07,-2.6808662287371627e-07,0.49375711961217472,1.2149829129307805,0.8222529826470375,0.51257344229641899,0.31811075597854466
1.6000000000000001,0,25.75,-3.1460250859215477e-07,-3.1460250859215477e-07,0.49375713497106527,1.2149828760694434,0.82225298226566901,0.5125734378556559,0.31811075304995645
1.6000000000000001,0,25.800000000000001,-3.6918938441750987e-07,-3.6918938441750987e-07,0.4937571529948831,1.2149828328122805,0.82225298181852391,0.51257343264455146,0.31811074961356878
1.6000000000000001,0,25.850000000000001,-4.3324764664288348e-07,-4.3324764664288348e-07,0.49375717414601938,1.2149827820495533,0.82225298129419555,0.51257342652966986,0.31811074558137203
1.6000000000000001,0,25.900000000000002,-5.0842067244906415e-07,-5.0842067244906415e-07,0.49375719896709414,1.214982722478974,0.82225298067928532,0.51257341935423673,0.31811074084997326
1.6000000000000001,0,25.950000000000003,-5.9663697863307965e-07,-5.9663697863307965e-07,0.49375722809487638,1.2149826525722969,0.82225297995805691,0.51257341093411357,0.31811073529795664
1.6000000000000001,0,26,-7.0015969465584638e-07,-7.0015969465584638e-07,0.49375726227661965,1.2149825705361128,0.82225297911203765,0.51257340105315485,0.31811072878282631
1.6000000000000001,0,26.050000000000001,-8.2164461951270763e-07,-8.2164461951270763e-07,0.49375730238923138,1.2149824742658446,0.82225297811955078,0.51257338945775965,0.3181107211374089
1.6000000000000001,0,26.100000000000001,-9.6420835109600158e-07,-9.6420835109600158e-07,0.49375734946176836,1.2149823612917559,0.82225297695516286,0.51257337585042462,0.31811071216559317
1.6000000000000001,0,26.150000000000002,-1.1315082354863837e-06,-1.1315082354863837e-06,0.49375740470183466,1.2149822287155967,0.82225297558903176,0.51257335988211017,0.31811070163728489
1.6000000000000001,0,26.200000000000003,-1.3278361870053654e-06,-1.3278361870053654e-06,0.49375746952656008,1.2149820731362557,0.82225297398613673,0.51257334114322772,0.31811068928245373
1.6000000000000001,0,26.25,-1.5582287847757687e-06,-1.5582287847757687e-06,0.49375754559895202,1.2149818905625152,0.82225297210537707,0.51257331915305815,0.31811067478414978
1.6000000000000001,0,26.300000000000001,-1.8285964690269627e-06,-1.8285964690269627e-06,0.49375763487055474,1.2149816763106684,0.82225296989852326,0.51257329334741075,0.3181106577703679
1.6000000000000001,0,26.350000000000001,-2.1458751504329108e-06,-2.1458751504329108e-06,0.49375773963150821,1.2149814248843802,0.82225296730900166,0.51257326306433271,0.31811063780463644
1.6000000000000001,0,26.400000000000002,-2.5182041197705494e-06,-2.5182041197705494e-06,0.49375786256929166,1.2149811298336999,0.82225296427050421,0.51257322752769663,0.31811061437521804
1.6000000000000001,0,26.450000000000003,-2.9551348186620318e-06,-2.9551348186620318e-06,0.49375800683765664,1.2149807835896242,0.82225296070565645,0.51257318583137268,0.31811058688388999
1.6000000000000001,0,26.5,-3.4678758235971874e-06,-3.4678758235971874e-06,0.49375817613751732,1.2149803772699583,0.82225295652241859,0.51257313689922657,0.31811055462194882
1.6000000000000001,0,26.550000000000001,-4.0695803228152908e-06,-4.0695803228152908e-06,0.49375837481187129,1.2149799004515089,0.8222529516130942,0.51257307947238717,0.31811051676026025
1.6000000000000001,0,26.600000000000001,-4.7756834525009552e-06,-4.7756834525009552e-06,0.49375860795718313,1.2149793409027603,0.82225294585194186,0.51257301208018868,0.31811047232911038
1.6000000000000001,0,26.650000000000002,-5.6042981367504601e-06,-5.6042981367504601e-06,0.49375888155408537,1.2149786842701948,0.82225293909145525,0.51257293299667817,0.31811042019013885
1.6000000000000001,0,26.700000000000003,-6.5766795711528579e-06,-6.5766795711528579e-06,0.49375920262074435,1.2149779137102135,0.82225293115836828,0.51257284019406557,0.31811035900602913
1.6000000000000001,0,26.75,-7.7177702455586771e-06,-7.7177702455586771e-06,0.49375957939281906,1.2149770094572341,0.82225292184918086,0.51257273129066006,0.31811028720637452
1.6000000000000001,0,26.800000000000001,-9.0568394610005541e-06,-9.0568394610005541e-06,0.49376002153462056,1.2149759483169107,0.82225291092500097,0.51257260349083467,0.31811020294814157
1.6000000000000001,0,26.850000000000001,-1.0628233708078034e-05,-1.0628233708078034e-05,0.4937605403868765,1.2149747030714961,0.82225289810549829,0.51257245351456338,0.31811010406915124
1.6000000000000001,0,26.900000000000002,-1.24722571046792e-05,-1.24722571046792e-05,0.49376114925743908,1.2149732417821462,0.82225288306176381,0.51257227751407441,0.31810998803299789
1.6000000000000001,0,26.950000000000003,-1.4636204406737149e-05,-1.4636204406737149e-05,0.49376186376237091,1.2149715269703099,0.82225286540787101,0.51257207097516122,0.31810985186382695
1.6000000000000001,0,27,-1.7175572993145201e-05,-1.7175572993145201e-05,0.49376270222612506,1.2149695146572999,0.82225284469093518,0.51257182860069761,0.3181096920693921
1.6000000000000001,0,27.050000000000001,-2.0155484778351277e-05,-2.0155484778351277e-05,0.49376368615104088,1.2149671532375019,0.82225282037946434,0.5125715441738965,0.31810950455081177
1.6000000000000001,0,27.100000000000001,-2.3652354340536439e-05,-2.3652354340536439e-05,0.49376484076813609,1.2149643821564733,0.82225279184979772,0.51257121039885911,0.3181092844974463
1.6000000000000001,0,27.150000000000002,-2.775584579685646e-05,-2.775584579685646e-05,0.49376619568323982,1.2149611303602246,0.82225275837042622,0.51257081871595567,0.31810902626531545
1.6000000000000001,0,27.200000000000003,-3.2571168266034505e-05,-3.2571168266034505e-05,0.49376778563492174,1.2149573144761878,0.82225271908399311,0.51257035908958737,0.31810872323747796
1.6000000000000001,0,27.25,-3.8221768308794182e-05,-3.8221768308794182e-05,0.49376965138349821,1.2149528366796043,0.82225267298444749,0.51256981974670857,0.31810836765108069
1.6000000000000001,0,27.300000000000001,-4.4852487731472624e-05,-4.4852487731472624e-05,0.49377184075369429,1.2149475821911337,0.82225261888752932,0.51256918683592301,0.31810795037563999
1.6000000000000001,0,27.350000000000001,-5.2633266819883932e-05,-5.2633266819883932e-05,0.49377440985739973,1.2149414163422405,0.82225255540536779,0.51256844412324531,0.3181074607105781
1.6000000000000001,0,27.400000000000002,-6.1763486705125066e-05,-6.1763486705125066e-05,0.49377742452745682,1.2149341811341035,0.8222524809107683,0.51256757257226737,0.31810688610554078
1.6000000000000001,0,27.450000000000003,-7.2477060470978191e-05,-7.2477060470978191e-05,0.49378096199867244,1.2149256912031863,0.82225239349481161,0.5125665498465829,0.31810621183248322
1.6000000000000001,0,27.5,-8.5048401145253709e-05,-8.5048401145253709e-05,0.4937851128783648,1.2149157290919244,0.82225229091775809,0.51256534973667212,0.31810542060887731
1.6000000000000001,0,27.550000000000001,-9.9799416286436391e-05,-9.9799416286436391e-05,0.49378998345587732,1.2149040397058943,0.82225217055159749,0.51256394149051843,0.31810449215783321
1.6000000000000001,0,27.600000000000001,-0.00011710770393632319,-0.00011710770393632319,0.49379569840876714,1.2148903238189588,0.82225202931258845,0.512562289027228,0.31810340269092624
1.6000000000000001,0,27.650000000000002,-0.0001374161537741686,-0.0001374161537741686,0.49380240397297054,1.2148742304648708,0.82225186358213087,0.51256035001292322,0.31810212429952234
1.6000000000000001,0,27.700000000000003,-0.00016124419094329324,-0.00016124419094329324,0.49381027165535674,1.2148553480271438,0.82225166911431247,0.51255807477818238,0.31810062424039226
1.6000000000000001,0,27.75,-0.00018920093884501225,-0.00018920093884501225,0.4938195025798966,1.2148331938082482,0.82225144092847324,0.51255540505629638,0.31809886410140825
1.6000000000000001,0,27.800000000000001,-0.00022200062186298242,-0.00022200062186298242,0.49383033257342568,1.2148072018237783,0.82225117318513019,0.51255227252161306,0.31809679883311437
1.6000000000000001,0,27.850000000000001,-0.00026048058018313211,-0.00026048058018313211,0.49384303811388403,1.2147767085266781,0.822250859042991,0.51254859710221556,0.31809437562963078
1.6000000000000001,0,27.900000000000002,-0.00030562232728422161,-0.00030562232728422161,0.49385794328320315,1.2147409361203125,0.82225049047237764,0.51254428484043735,0.31809153253962769
1.6000000000000001,0,27.950000000000003,-0.00035857614692932205,-0.00035857614692932205,0.49387542788888616,1.2146989730666731,0.82225005805081552,0.51253922549612185,0.31808819688590445
1.6000000000000001,0,28,-0.0004206898011060479,-0.0004206898011060479,0.49389593694296552,1.2146497513368828,0.82224955073609529,0.5125332898682915,0.31808428348512291
1.6000000000000001,0,28.050000000000001,-0.00049354200364387299,-0.00049354200364387299,0.49391999171452022,1.2145920198851512,0.82224895558749278,0.5125263265241623,0.31807969248561735
1.6000000000000001,0,28.100000000000001,-0.00057898140612118692,-0.00057898140612118692,0.49394820260227335,1.2145243137545438,0.82224825744047325,0.51251815799198297,0.31807430685811439
1.6000000000000001,0,28.150000000000002,-0.00067917194253917269,-0.00067917194253917269,0.49398128410676495,1.214444918143764,0.82224743852529947,0.51250857630792601,0.31806798946655634
1.6000000000000001,0,28.200000000000003,-0.00079664548559831971,-0.00079664548559831971,0.49402007221671324,1.2143518266798883,0.82224647802196771,0.51249733781726381,0.3180605796467853
1.6000000000000001,0,28.25,-0.00093436287752940255,-0.00093436287752940255,0.49406554456053553,1.2142426930547148,0.82224535154389577,0.51248415713006645,0.31805188922084549
1.6000000000000001,0,28.300000000000001,-0.001095784507768005,-0.001095784507768005,0.4941188437101029,1.2141147750957528,0.82224403054277706,0.5124687001316528,0.31804169787466263
1.6000000000000001,0,28.350000000000001,-0.0012849517112382466,-0.0012849517112382466,0.49418130405730737,1.2139648702624624,0.82224248162701086,0.51245057594803134,0.31802974782685695
1.6000000000000001,0,28.400000000000002,-0.0015065803440537321,-0.0015065803440537321,0.49425448271144057,1.2137892414925426,0.82224066575794308,0.51242932752172965,0.31801573760640978
1.6000000000000001,0,28.450000000000003,-0.0017661679426742662,-0.0017661679426742662,0.49434019488163899,1.2135835322840662,0.82223853727379848,0.51240442029430711,0.31799931466737591
1.6000000000000001,0,28.5,-0.0020701158661987989,-0.0020701158661987989,0.49444055419407706,1.2133426699342149,0.82223604284093044,0.51237522981745975,0.31798006714614158
1.6000000000000001,0,28.550000000000001,-0.0024258677292729128,-0.0024258677292729128,0.4945580184277123,1.2130607557734905,0.82223312022521389,0.51234102729869402,0.31795751429673402
1.6000000000000001,0,28.600000000000001,-0.0028420652138434004,-0.0028420652138434004,0.49469544095065715,1.2127309417184227,0.82222969687595238,0.51230096294746086,0.31793109548031384
1.6000000000000001,0,28.650000000000002,-0.0033287219466415735,-0.0033287219466415735,0.49485612812083135,1.2123452925100047,0.82222568828819698,0.51225404677457342,0.31790015750052969
1.6000000000000001,0,28.700000000000003,-0.0038974154737301397,-0.0038974154737301397,0.49504390268019843,1.2118946335675236,0.82222099614589883,0.51219912679953084,0.31786394021877207
1.6000000000000001,0,28.75,-0.0045614963614613886,-0.0045614963614613886,0.49526317275897885,1.2113683853784505,0.82221550624880813,0.51213486462517854,0.3178215603855355
1.6000000000000001,0,28.800000000000001,-0.0053363119899302678,-0.0053363119899302678,0.49551900586855774,1.2107543859154615,0.82220908622595412,0.51205970833913839,0.31777199362409958
1.6000000000000001,0,28.850000000000001,-0.0062394405424343533,-0.0062394405424343533,0.49581720607403101,1.2100387054223256,0.82220158300078794,0.5119718623786127,0.3177140543522608
1.6000000000000001,0,28.900000000000002,-0.0072909278743430936,-0.0072909278743430936,0.49616439217330649,1.2092054587840642,0.82219281988763349,0.51186925352474022,0.31764637341387436
1.6000000000000001,0,28.950000000000003,-0.0085135161981486386,-0.0085135161981486386,0.49656807335661385,1.2082366239441269,0.82218259355994139,0.51174949470273368,0.31756737391457801
1.6000000000000001,0,29,-0.0099328486884109959,-0.0099328486884109959,0.49703671656701603,1.2071118802391616,0.82217067086121076,0.51160984689577549,0.31747524580995767
1.6000000000000001,0,29.050000000000001,-0.011577628075541352,-0.011577628075541352,0.4975797990112818,1.2058084823729236,0.82215678561047767,0.51144718061591454,0.3173679200432023
1.6000000000000001,0,29.100000000000001,-0.013479700047886754,-0.013479700047886754,0.49820783563735249,1.2043011944703539,0.82214063526038672,0.5112579355497715,0.31724304146708615
1.6000000000000001,0,29.150000000000002,-0.015674023992894616,-0.015674023992894616,0.49893236945539765,1.2025623133070455,0.82212187773760137,0.51103808199730161,0.31709794283243975
1.6000000000000001,0,29.200000000000003,-0.018198484763237648,-0.018198484763237648,0.49976590940294241,1.2005618174329382,0.82210012882287653,0.51078308799364935,0.31692962227741556
1.6000000000000001,0,29.25,-0.021093490692568408,-0.021093490692568408,0.5007217976038606,1.1982676857507346,0.82207496042800488,0.5104878960041288,0.31673472675185727
1.6000000000000001,0,29.300000000000001,-0.024401296568558828,-0.024401296568558828,0.50181398573815372,1.195646434228431,0.8220459001111633,0.51014691295415449,0.31650954375082813
1.6000000000000001,0,29.350000000000001,-0.028164988018062512,-0.028164988018062512,0.50305669986129198,1.1926639203328993,0.82201243181674033,0.50975401479663918,0.31625000276684406
1.6000000000000001,0,29.400000000000002,-0.032427068891362175,-0.032427068891362175,0.504463973765375,1.1892864629630999,0.82197399912290647,0.50930257881452257,0.31595169439008436
1.6000000000000001,0,29.450000000000003,-0.037227609502665258,-0.037227609502665258,0.50604903763608255,1.1854823096734017,0.82193001147841427,0.50878554902307327,0.31560991054804244
1.6000000000000001,0,29.5,-0.042601944857698526,-0.042601944857698526,0.50782355800268408,1.1812234607935581,0.82187985386388251,0.50819554031831493,0.3152197098898768
1.6000000000000001,0,29.550000000000001,-0.048577961246950026,-0.048577961246950026,0.50979674175734446,1.1764878197823732,0.82182290046854478,0.50752498908998944,0.31477601325890692
1.6000000000000001,0,29.600000000000001,-0.055173077339395776,-0.055173077339395776,0.51197433932910641,1.1712615856101445,0.82175853270734112,0.5067663542453279,0.31427373214655874
1.6000000000000001,0,29.650000000000002,-0.062391108363670053,-0.062391108363670053,0.51435760933185781,1.1655417376035413,0.82168616211243706,0.50591237110236531,0.31370793134841823
1.6000000000000001,0,29.700000000000003,-0.070219289175151745,-0.070219289175151745,0.51694233566982162,1.159338394392428,0.82160525702208476,0.50495635291317365,0.31307402327231637
1.6000000000000001,0,29.75,-0.07862580717545041,-0.07862580717545041,0.51971801276823559,1.1526767693562345,0.82151537254663731,0.5038925307083757,0.31236798773471147
1.6000000000000001,0,29.800000000000001,-0.087558236925434019,-0.087558236925434019,0.52266732895851309,1.1455984104995685,0.82141618231823932,0.50271641529202205,0.31158660695150936
1.6000000000000001,0,29.850000000000001,-0.096943251639780029,-0.096943251639780029,0.52576607135688413,1.138161428743478,0.82130750939382546,0.50142515193638471,0.31072769758062135
1.6000000000000001,0,29.900000000000002,-0.1066878957391751,-0.1066878957391751,0.52898354599427944,1.1304394896137293,0.82118935391297054,0.50001784430915364,0.30979032407056156
1.6000000000000001,0,29.950000000000003,-0.11668253536935216,-0.11668253536935216,0.5322835524151055,1.1225194742037468,0.82106191457118405,0.49849581069186572,0.30877497012087518
1.6000000000000001,0,30,-0.12680537954008603,-0.12680537954008603,0.53562587630626135,1.1144978968649728,0.82092560143609838,0.49686274552688464,0.30768365036359713
1.6000000000000001,0,30.050000000000001,-0.13692822371082058,-0.13692822371082058,0.53896818656187495,1.1064763522515,0.82078103739596409,0.4951247567928333,0.30651994406601024
1.6000000000000001,0,30.100000000000001,-0.14692286334099761,-0.14692286334099761,0.54226815268936457,1.0985564335455249,0.82062904776955603,0.49329027183771423,0.30528894522971894
1.6000000000000001,0,30.150000000000002,-0.15666750744039276,-0.15666750744039276,0.54548556248059421,1.0908346500465738,0.82047063888055116,0.49136981821654646,0.30399713104421838
1.6000000000000001,0,30.200000000000003,-0.16605252215473865,-0.16605252215473865,0.54858421844918026,1.0833978757219673,0.82030696560705341,0.48937568166118112,0.30265215310151489
1.6000000000000001,0,30.25,-0.17498495190472163,-0.17498495190472163,0.55153343059865789,1.0763197665632209,0.8201392916247443,0.48732147966757194,0.30126257304455806
1.6000000000000001,0,30.300000000000001,-0.18339146990502087,-0.18339146990502087,0.55430899033875236,1.0696584231869943,0.81996894567125489,0.48522168618561773,0.29983756455882421
1.6000000000000001,0,30.350000000000001,-0.19121965071650251,-0.19121965071650251,0.55689359048831744,1.0634553828280382,0.81979727671855906,0.48309114075291548,0.29838660416388313
1.6000000000000001,0,30.400000000000002,-0.19843768174077678,-0.19843768174077678,0.55927672957012997,1.0577358490316879,0.81962561136169887,0.48094457854392697,0.2969191732267405
1.6000000000000001,0,30.450000000000003,-0.20503279783322254,-0.20503279783322254,0.56145419540274022,1.0525099310334234,0.81945521695865586,0.47879621887061774,0.29544449404646372
1.6000000000000001,0,30.5,-0.21100881422247353,-0.21100881422247353,0.56342724972005842,1.0477746006718598,0.81928727091000753,0.47665941849515286,0.29397130604792227
1.6000000000000001,0,30.550000000000001,-0.21638314957750715,-0.21638314957750715,0.56520164562617869,1.043516050497171,0.81912283750017478,0.47454640651462116,0.2925076919951542
1.6000000000000001,0,30.600000000000001,-0.22118369018881023,-0.22118369018881023,0.56678659167455325,1.0397121799810722,0.81896285281319803,0.47246810506350112,0.29106095710304397
1.6000000000000001,0,30.650000000000002,-0.22544577106210981,-0.22544577106210981,0.56819375585204257,1.0363349859550979,0.8188081168472674,0.47043402715337101,0.28963755610303576
1.6000000000000001,0,30.700000000000003,-0.2292094625116135,-0.2292094625116135,0.56943636911214646,1.0333527141308485,0.81865929161258688,0.46845224262545615,0.28824306304291508
1.6000000000000001,0,30.75,-0.23251726838760367,-0.23251726838760367,0.57052846531289436,1.0307316832490534,0.81851690380625675,0.46652939666990223,0.28688217494517365
1.6000000000000001,0,30.800000000000001,-0.23541227431693462,-0.23541227431693462,0.57148427079331421,1.0284377500960458,0.81838135273567425,0.46467077624034997,0.28555874474448939
1.6000000000000001,0,30.850000000000001,-0.23793673508727758,-0.23793673508727758,0.57231773672419373,1.0264374318619349,0.81825291962924429,0.46288040335814296,0.28427583264253631
1.6000000000000001,0,30.900000000000002,-0.24013105903228543,-0.24013105903228543,0.57304220480371038,1.024698708471095,0.81813177913919977,0.46116114820465992,0.28303577043310851
1.6000000000000001,0,30.950000000000003,-0.24203313100463081,-0.24203313100463081,0.57367018346164977,1.0231915596920405,0.81801801175675082,0.45951485376550716,0.28184023365608624
1.6000000000000001,0,31,-0.24367791039176104,-0.24367791039176104,0.57421321488481725,1.0218882842764385,0.81791161635965648,0.45794246415220874,0.28069031689269325
1.6000000000000001,0,31.050000000000001,-0.24509724288202356,-0.24509724288202356,0.57468181350702552,1.0207636475831388,0.81781252195015275,0.45644414755884233,0.27958660709543964
1.6000000000000001,0,31.100000000000001,-0.24631983120582907,-0.24631983120582907,0.57508545598659189,1.0197949056321793,0.81772059920402751,0.45501941433127624,0.27852925435074
1.6000000000000001,0,31.150000000000002,-0.24737131853773778,-0.24737131853773778,0.57543260828968246,1.0189617401047621,0.81763567149721028,0.45366722990340469,0.27751803971266109
1.6000000000000001,0,31.200000000000003,-0.24827444709024182,-0.24827444709024182,0.57573077941117323,1.0182461294131842,0.81755752408580118,0.45238611305900428,0.27655243532622986
1.6000000000000001,0,31.25,-0.24904926271871064,-0.24904926271871064,0.5759865872247012,1.0176321906607171,0.81748591274721516,0.45117422601737489,0.27563165964428471
1.6000000000000001,0,31.300000000000001,-0.24971334360644198,-0.24971334360644198,0.57620583557264315,1.0171059946256564,0.81742057120206757,0.45002945314823672,0.27475472620609737
1.6000000000000001,0,31.350000000000001,-0.25028203713353048,-0.25028203713353048,0.57639359149003666,1.016655380423912,0.81736121757067726,0.44894946965349519,0.27392048657830126
1.6000000000000001,0,31.400000000000002,-0.25076869386632872,-0.25076869386632872,0.57655426257202702,1.016269769827135,0.81730756000708527,0.44793180106465796,0.27312766785356157
1.6000000000000001,0,31.450000000000003,-0.25118489135089916,-0.25118489135089916,0.57669167124213438,1.0159399890188774,0.81725930125816248,0.44697387310425596,0.27237490461590391
1.6000000000000001,0,31.5,-0.25154064321397329,-0.25154064321397329,0.57680912363482162,1.015658103276428,0.81721614256803399,0.44607305388634028,0.27166076630469138
1.6000000000000001,0,31.550000000000001,-0.2518445911374978,-0.2518445911374978,0.57690947282361238,1.0154172652233302,0.8171777869194452,0.44522668929486336,0.27098378047444982
1.6000000000000001,0,31.600000000000001,-0.25210417873611835,-0.25210417873611835,0.5769951763370289,1.0152115767911305,0.81714394162268444,0.44443213181807834,0.27034245217217262
1.6000000000000001,0,31.650000000000002,-0.25232580736893384,-0.25232580736893384,0.57706834760024384,1.0150359657594148,0.81711432036852683,0.443686763759993,0.26973527992920965
1.6000000000000001,0,31.700000000000003,-0.25251497457240407,-0.25251497457240407,0.5771308016390605,1.0148860760662548,0.81708864486817301,0.4429880160875464,0.26916076904913411
1.6000000000000001,0,31.75,-0.25267639620264265,-0.25267639620264265,0.57718409537940785,1.0147581710894211,0.81706664615234403,0.44233338364583796,0.26861744261298687
1.6000000000000001,0,31.800000000000001,-0.25281411359457379,-0.25281411359457379,0.57722956306067286,1.0146490486543851,0.81704806540102126,0.44172043567842906,0.26810384973861706
1.6000000000000001,0,31.850000000000001,-0.25293158713763286,-0.25293158713763286,0.57726834719343911,1.014555966735746,0.81703265463409391,0.44114682460535698,0.26761857257945787
1.6000000000000001,0,31.900000000000002,-0.25303177767405088,-0.25303177767405088,0.5773014253058818,1.0144765792658836,0.81702017711984187,0.44061029195439966,0.26716023158022301
1.6000000000000001,0,31.950000000000003,-0.25311721707652823,-0.25311721707652823,0.57732963330100018,1.0144088800775994,0.81701040759200083,0.44010867224813749,0.26672748941255464
1.6000000000000001,0,32,-0.25319006927906601,-0.25319006927906601,0.57735368560607214,1.0143511545454269,0.81700313231629151,0.43963989524814212,0.26631905382860127
1.6000000000000001,0,32.050000000000004,-0.2532521829332427,-0.2532521829332427,0.57737419255723288,1.014301937862641,0.81699814904532075,0.4392019869993104,0.26593367968979403
1.6000000000000001,0,32.100000000000001,-0.25330513675288779,-0.25330513675288779,0.57739167537011238,1.0142599791117302,0.81699526685028956,0.43879306951585034,0.26557017011038875
1.6000000000000001,0,32.149999999999999,-0.25335027849998892,-0.25335027849998892,0.57740657901111336,1.0142242103733279,0.81699430588349653,0.4384113597174164,0.26522737702627647
1.6000000000000001,0,32.200000000000003,-0.25338875845830905,-0.25338875845830905,0.57741928324879499,1.0141937202028919,0.816995097079104,0.43805516765199964,0.26490420126802872
1.6000000000000001,0,32.25,-0.25342155814132705,-0.25342155814132705,0.57743011213185869,1.0141677308835391,0.81699748181057519,0.43772289419659643,0.26459959225102503
1.6000000000000001,0,32.300000000000004,-0.25344951488922873,-0.25344951488922873,0.57743934210989534,1.0141455789362512,0.81700131150888278,0.43741302831597167,0.26431254728614317
1.6000000000000001,0,32.350000000000001,-0.25347334292639789,-0.25347334292639789,0.57744720898556001,1.014126698434656,0.81700644725284643,0.43712414398627508,0.26404211059510657
1.6000000000000001,0,32.399999999999999,-0.2534936513762357,-0.2534936513762357,0.57745391386220091,1.0141106067307177,0.81701275934395279,0.43685489689995138,0.26378737212189934
1.6000000000000001,0,32.450000000000003,-0.25351095966388565,-0.25351095966388565,0.57745962822910168,1.0140968922501559,0.81702012687798131,0.43660402106838908,0.26354746623166214
1.6000000000000001,0,32.5,-0.25352571067902685,-0.25352571067902685,0.57746449830720414,1.01408520406271,0.81702843732572872,0.43637032543874926,0.26332157038847909
1.6000000000000001,0,32.550000000000004,-0.25353828201970113,-0.25353828201970113,0.57746864876128146,1.0140752429729245,0.81703758612660438,0.43615269057564937,0.26310890382778107
1.6000000000000001,0,32.600000000000001,-0.25354899559346689,-0.25354899559346689,0.57747218586977844,1.0140667539125316,0.81704747620854667,0.4359500647079107,0.26290872558126915
1.6000000000000001,0,32.649999999999999,-0.25355812581335213,-0.25355812581335213,0.57747520023072307,1.0140595194462645,0.81705801760289631,0.43576146052065723,0.26272033309931142
1.6000000000000001,0,32.700000000000003,-0.2535659065924406,-0.2535659065924406,0.57747776907100257,1.0140533542295938,0.81706912706017831,0.43558595195669547,0.26254306071541222
1.6000000000000001,0,32.75,-0.2535725373118633,-0.2535725373118633,0.57747995821670917,1.014048100279898,0.81708072763491357,0.43542267068957785,0.26237627798492036
1.6000000000000001,0,32.800000000000004,-0.25357818791190606,-0.25357818791190606,0.57748182377397905,1.0140436229424503,0.81709274830150913,0.43527080286018904,0.26221938809978901
1.6000000000000001,0,32.850000000000001,-0.25358300323437521,-0.25358300323437521,0.57748341356263344,1.0140398074496797,0.81710512359616694,0.43512958603636931,0.26207182635013787
1.6000000000000001,0,32.899999999999999,-0.25358710672583151,-0.25358710672583151,0.57748476833880946,1.0140365559868572,0.81711779328023393,0.43499830635202363,0.26193305862929595
1.6000000000000001,0,32.950000000000003,-0.2535906035953937,-0.2535906035953937,0.57748592283751476,1.0140337851899646,0.81713070202039995,0.43487629578216358,0.26180257997900691
1.6000000000000001,0,33,-0.25359358350717892,-0.25359358350717892,0.57748690666154268,1.0140314240122976,0.81714379908113977,0.4347629295103303,0.26167991317147654
1.6000000000000001,0,33.050000000000004,-0.25359612287576533,-0.25359612287576533,0.5774877450393241,1.0140294119056221,0.81715703802480044,0.43465762334484576,0.26156460732494258
1.6000000000000001,0,33.100000000000001,-0.2535982868230674,-0.2535982868230674,0.57748845947099336,1.0140276972696158,0.81717037641471346,0.43455983114034058,0.26145623654944722
1.6000000000000001,0,33.149999999999999,-0.25360013084646399,-0.25360013084646399,0.57748906827912472,1.0140262361301007,0.81718377551672394,0.43446904218100602,0.261354398619493
1.6000000000000001,0,33.200000000000003,-0.2536017022407111,-0.2536017022407111,0.57748958707817954,1.0140249910123691,0.81719719999607388,0.4343847784972536,0.26125871367273729
1.6000000000000001,0,33.25,-0.2536030413099265,-0.2536030413099265,0.57749002917464554,1.0140239299808507,0.81721061779034454,0.43430659388593695,0.26116882320866996
1.6000000000000001,0,33.300000000000004,-0.2536041824006009,-0.2536041824006009,0.57749040590808753,1.0140230258205898,0.8172239999054236,0.43423407216130638,0.26108438898323827
1.6000000000000001,0,33.350000000000001,-0.25360515478203527,-0.25360515478203527,0.57749072694182557,1.0140222553396185,0.81723732011389305,0.43416682441617516,0.26100509182519765
1.6000000000000001,0,33.399999999999999,-0.25360598339671958,-0.25360598339671958,0.57749100051067426,1.0140215987743817,0.81725055478454589,0.43410448756759762,0.26093063064120897
1.6000000000000001,0,33.450000000000003,-0.25360668949984921,-0.25360668949984921,0.57749123363208021,1.0140210392830074,0.81726368268560023,0.43404672262798871,0.26086072141289302
1.6000000000000001,0,33.5,-0.2536072912043485,-0.2536072912043485,0.57749143228606292,1.0140205625134489,0.81727668480796478,0.43399321315146938,0.26079509626677377
1.6000000000000001,0,33.550000000000004,-0.25360780394535343,-0.25360780394535343,0.57749160156856427,1.0140201562354456,0.81728954420486355,0.4339436638221586,0.26073350260604128
1.6000000000000001,0,33.600000000000001,-0.25360824087605227,-0.25360824087605227,0.57749174582213647,1.0140198100268725,0.81730224584413391,0.43389779915113652,0.26067570229306342
1.6000000000000001,0,33.649999999999999,-0.25360861320502159,-0.25360861320502159,0.5774918687473144,1.0140195150064455,0.81731477646950312,0.4338553622487995,0.26062147087157694
1.6000000000000001,0,33.700000000000003,-0.25360893048370309,-0.25360893048370309,0.57749197349752612,1.0140192636059373,0.81732712446715949,0.43381611363932981,0.26057059681748856
1.6000000000000001,0,33.75,-0.25360920085138727,-0.25360920085138727,0.57749206275997522,1.0140190493760595,0.81733927973392628,0.43377983008400284,0.26052288080721547
1.6000000000000001,0,33.800000000000004,-0.25360943124398505,-0.25360943124398505,0.57749213882456707,1.014018866821039,0.81735123354335515,0.43374630338005332,0.26047813499249556
1.6000000000000001,0,33.850000000000001,-0.25360962757193656,-0.25360962757193656,0.57749220364264553,1.0140187112576506,0.81736297840604821,0.43371533910182397,0.26043618227059823
1.6000000000000001,0,33.899999999999999,-0.25360979487182095,-0.25360979487182095,0.5774922588770478,1.0140185786950853,0.81737450796916156,0.43368675569430498,0.26039685568398774
1.6000000000000001,0,33.950000000000003,-0.25360993743555249,-0.25360993743555249,0.57749230594475809,1.0140184657325806,0.81738581703991298,0.43366038469558099,0.26035999819796313
1.6000000000000001,0,34,-0.25361005892047744,-0.25361005892047744,0.57749234605325683,1.0140183694721836,0.81739690138230725,0.43363606888256584,0.26032546181958077
1.6000000000000001,0,34.050000000000004,-0.25361016244319334,-0.25361016244319334,0.57749238023149529,1.0140182874444112,0.8174077576622818,0.43361366176768645,0.26029310716830745
1.6000000000000001,0,34.100000000000001,-0.2536102506594996,-0.2536102506594996,0.57749240935629087,1.014018217544902,0.81741838336689721,0.43359302685896955,0.26026280297505139
1.6000000000000001,0,34.149999999999999,-0.25361032583252535,-0.25361032583252535,0.57749243417482055,1.0140181579804306,0.8174287767299282,0.43357403697326613,0.26023442561328058
1.6000000000000001,0,34.200000000000003,-0.25361038989078766,-0.25361038989078766,0.57749245532378812,1.0140181072229084,0.81743893666600331,0.43355657362293026,0.26020785866765761
1.6000000000000001,0,34.25,-0.25361044447766345,-0.25361044447766345,0.57749247334575782,1.0140180639701812,0.81744886271151707,0.43354052646055763,0.2601829925337425
1.6000000000000001,0,34.300000000000004,-0.25361049099354915,-0.25361049099354915,0.57749248870307346,1.0140180271126236,0.81745855497053943,0.43352579276638742,0.2601597240423128
1.6000000000000001,0,34.350000000000001,-0.25361053063178574,-0.25361053063178574,0.57749250178971911,1.014017995704674,0.81746801406394276,0.43351227696297356,0.26013795610185236
1.6000000000000001,0,34.399999999999999,-0.25361056440927265,-0.25361056440927265,0.57749251294142623,1.0140179689405771,0.81747724107997533,0.43349989014172918,0.26011759735275858
1.6000000000000001,0,34.450000000000003,-0.25361059319255547,-0.25361059319255547,0.57749252244428639,1.0140179461337127,0.81748623752450267,0.43348854958594979,0.26009856182681834
1.6000000000000001,0,34.5,-0.25361061772005622,-0.25361061772005622,0.57749253054209149,1.0140179266989804,0.81749500526914509,0.43347817827491963,0.26008076860550383
1.6000000000000001,0,34.550000000000004,-0.2536106386210174,-0.2536106386210174,0.57749253744258688,1.0140179101377915,0.81750354649553747,0.43346870435370566,0.26006414147063772
1.6000000000000001,0,34.600000000000001,-0.25361065643164443,-0.25361065643164443,0.5774925433228022,1.0140178960252746,0.81751186366794959,0.4334600608496284,0.26004860866135127
1.6000000000000001,0,34.649999999999999,-0.25361067160886153,-0.25361067160886153,0.57749254833359176,1.0140178839993796,0.81751995956171597,0.43345218587647083,0.26003410283165185
1.6000000000000001,0,34.700000000000003,-0.25361068454203423,-0.25361068454203423,0.5774925526035054,1.014017873751587,0.81752783716485489,0.43344502173044291,0.26002056056949174
1.6000000000000001,0,34.75,-0.25361069556295812,-0.25361069556295812,0.57749255624208617,1.014017865018993,0.81753549966980454,0.43343851477227274,0.26000792223827801
1.6000000000000001,0,34.800000000000004,-0.25361070495437071,-0.25361070495437071,0.57749255934268051,1.0140178575775667,0.81754295044438208,0.43343261513005832,0.25999613174706104
1.6000000000000001,0,34.850000000000001,-0.25361071295720522,-0.25361071295720522,0.57749256198483279,1.0140178512364013,0.81755019300591136,0.43342727642891676,0.25998513633808779
1.6000000000000001,0,34.899999999999999,-0.25361071977677119,-0.25361071977677119,0.57749256423632656,1.0140178458328162,0.81755723099912492,0.43342245555295283,0.25997488639342037
1.6000000000000001,0,34.950000000000003,-0.25361072558802233,-0.25361072558802233,0.57749256615492317,1.0140178412281844,0.81756406817708183,0.43341811243318129,0.2599653352574291
1.6000000000000001,0,35,-0.25361073054004418,-0.25361073054004418,0.57749256778984337,1.0140178373043758,0.81757070838433321,0.43341420985503781,0.25995643907196819
1.6000000000000001,0,35.050000000000004,-0.25361073475987894,-0.25361073475987894,0.57749256918303049,1.0140178339607269,0.81757715554158206,0.43341071327911257,0.2599481566210427
1.6000000000000001,0,35.100000000000001,-0.25361073835578507,-0.25361073835578507,0.57749257037022639,1.0140178311114567,0.81758341363106957,0.43340759066874207,0.25994044918177511
1.6000000000000001,0,35.149999999999999,-0.25361074142001416,-0.25361074142001416,0.57749257138188792,1.0140178286834689,0.81758948668193043,0.43340481231809247,0.25993328037848029
1.6000000000000001,0,35.200000000000003,-0.25361074403117806,-0.25361074403117806,0.5774925722439691,1.0140178266144741,0.81759537875475585,0.43340235067437044,0.25992661603665701
1.6000000000000001,0,35.25,-0.25361074625626517,-0.25361074625626517,0.57749257297858614,1.0140178248513931,0.81760109392460267,0.4334001801477948,0.25992042403370491
1.6000000000000001,0,35.300000000000004,-0.25361074815235929,-0.25361074815235929,0.57749257360458561,1.0140178233489945,0.81760663626168983,0.43339827690296456,0.2599146741431751
1.6000000000000001,0,35.350000000000001,-0.25361074976810427,-0.25361074976810427,0.57749257413802713,1.0140178220687348,0.81761200981876614,0.43339661870683449,0.25990933790912607
1.6000000000000001,0,35.399999999999999,-0.25361075114495124,-0.25361075114495124,0.57749257459259595,1.0140178209777697,0.8176172186715458,0.43339518522217219,0.25990438873832522
1.6000000000000001,0,35.450000000000003,-0.253610752318223,-0.253610752318223,0.5774925749799541,1.01401782004811,0.81762226686818795,0.43339395753997012,0.2598998016258412
1.6000000000000001,0,35.5,-0.25361075331801908,-0.25361075331801908,0.57749257531003884,1.0140178192559068,0.81762715842847389,0.43339291812824871,0.25989555308689727
1.6000000000000001,0,35.550000000000004,-0.25361075416998913,-0.25361075416998913,0.5774925755913185,1.0140178185808355,0.8176318973393607,0.43339205075227005,0.2598916210737075
1.6000000000000001,0,35.600000000000001,-0.25361075489599016,-0.25361075489599016,0.57749257583100921,1.0140178180055779,0.81763648754820395,0.43339134037589327,0.25988798488572684
1.6000000000000001,0,35.649999999999999,-0.25361075551464751,-0.25361075551464751,0.57749257603526027,1.0140178175153753,0.81764093295742468,0.43339077307563939,0.25988462508864613
1.6000000000000001,0,35.700000000000003,-0.25361075604183242,-0.25361075604183242,0.57749257620931138,1.0140178170976526,0.81764523742033846,0.43339033596517385,0.25988152344075738
1.6000000000000001,0,35.75,-0.25361075649106979,-0.25361075649106979,0.57749257635762807,1.0140178167416927,0.81764940473786685,0.43339001712791209,0.25987866282531169
1.6000000000000001,0,35.800000000000004,-0.25361075687388468,-0.25361075687388468,0.5774925764840152,1.0140178164383635,0.81765343865585005,0.43338980555545498,0.25987602718749486
1.6000000000000001,0,35.850000000000001,-0.25361075720009796,-0.25361075720009796,0.57749257659171516,1.0140178161798836,0.8176573428626831,0.43338969108955949,0.25987360147464394
1.6000000000000001,0,35.899999999999999,-0.2536107574780786,-0.2536107574780786,0.57749257668349108,1.0140178159596214,0.81766112098699251,0.43338966436535231,0.25987137157832868
1.6000000000000001,0,35.950000000000003,-0.253610757714958,-0.253610757714958,0.5774925767616973,1.0140178157719264,0.81766477659507475,0.43338971675349103,0.259869324276922
1.6000000000000001,0,36,-0.25361075791681342,-0.25361075791681342,0.57749257682834032,1.0140178156119832,0.8176683131878163,0.43338984029898059,0.25986744717728349
1.6000000000000001,0,36.050000000000004,-0.25361075808882322,-0.25361075808882322,0.57749257688512967,1.0140178154756887,0.81767173419681471,0.43339002765435058,0.25986572865417884
1.6000000000000001,0,36.100000000000001,-0.2536107582354003,-0.2536107582354003,0.57749257693352241,1.0140178153595463,0.8176750429794224,0.43339027200489966,0.25986415778606053
1.6000000000000001,0,36.149999999999999,-0.253610758360305,-0.253610758360305,0.57749257697475997,1.0140178152605761,0.81767824281697732,0.43339056702075252,0.25986272430746882
1.6000000000000001,0,36.200000000000003,-0.25361075846674186,-0.25361075846674186,0.57749257700990031,1.0140178151762391,0.81768133693724798,0.43339090700694965,0.25986141867737544
1.6000000000000001,0,36.25,-0.25361075855744131,-0.25361075855744131,0.57749257703984491,1.0140178151043722,0.81768432849306738,0.43339128669756921,0.25986023194129326
1.6000000000000001,0,36.300000000000004,-0.25361075863473032,-0.25361075863473032,0.57749257706536206,1.0140178150431309,0.81768722056508503,0.43339170124705906,0.25985915570983514
1.6000000000000001,0,36.350000000000001,-0.25361075870059158,-0.25361075870059158,0.57749257708710622,1.0140178149909451,0.81769001616286807,0.4333921462089137,0.25985818212944228
1.6000000000000001,0,36.399999999999999,-0.25361075875671502,-0.25361075875671502,0.57749257710563551,1.0140178149464747,0.81769271822462131,0.43339261750385699,0.2598573038479855
1.6000000000000001,0,36.450000000000003,-0.25361075880454015,-0.25361075880454015,0.5774925771214251,1.0140178149085797,0.81769532961732516,0.43339311139222358,0.25985651398379978
1.6000000000000001,0,36.5,-0.25361075884529394,-0.25361075884529394,0.57749257713488,1.0140178148762879,0.81769785313720456,0.43339362444977803,0.25985580609760739
1.6000000000000001,0,36.550000000000004,-0.25361075888002216,-0.25361075888002216,0.57749257714634561,1.0140178148487704,0.81770029151043566,0.43339415354621008,0.25985517416678344
1.6000000000000001,0,36.600000000000001,-0.25361075890961554,-0.25361075890961554,0.5774925771561159,1.0140178148253218,0.81770264739399656,0.43339469582554468,0.25985461256141795
1.6000000000000001,0,36.649999999999999,-0.25361075893483342,-0.25361075893483342,0.57749257716444169,1.0140178148053398,0.81770492337657563,0.43339524868770446,0.25985411602163017
1.6000000000000001,0,36.700000000000003,-0.25361075895632268,-0.25361075895632268,0.57749257717153635,1.0140178147883128,0.81770712197943951,0.43339580977046444,0.25985367963558736
1.6000000000000001,0,36.75,-0.25361075897463448,-0.25361075897463448,0.57749257717758207,1.014017814773803,0.81770924565717451,0.43339637693103616,0.2598532988176851
1.6000000000000001,0,36.800000000000004,-0.25361075899023894,-0.25361075899023894,0.57749257718273395,1.0140178147614385,0.81771129679820742,0.43339694822652053,0.25985296928634077
1.6000000000000001,0,36.850000000000001,-0.25361075900353608,-0.25361075900353608,0.57749257718712399,1.0140178147509025,0.81771327772501301,0.43339752189246766,0.25985268704085729
1.6000000000000001,0,36.899999999999999,-0.25361075901486724,-0.25361075901486724,0.577492577190865,1.0140178147419239,0.81771519069391985,0.43339809631878173,0.25985244833680898
1.6000000000000001,0,36.950000000000003,-0.2536107590245229,-0.2536107590245229,0.57749257719405289,1.0140178147342731,0.81771703789592465,0.43339867003450877,0.25985224966799486
1.6000000000000001,0,37,-0.25361075903275099,-0.25361075903275099,0.57749257719676939,1.0140178147277534,0.81771882146548669,0.4333992417583642,0.25985208779440189
1.6000000000000001,0,37.050000000000004,-0.25361075903976249,-0.25361075903976249,0.5774925771990842,1.0140178147221979,0.81772054347476963,0.43339981033103964,0.25985195968825286
1.6000000000000001,0,37.100000000000001,-0.25361075904573732,-0.25361075904573732,0.57749257720105684,1.0140178147174634,0.81772220593580913,0.43340037471296899,0.25985186252624365
1.6000000000000001,0,37.149999999999999,-0.25361075905082869,-0.25361075905082869,0.57749257720273772,1.0140178147134293,0.81772381080212242,0.43340093397788448,0.25985179367867256
1.6000000000000001,0,37.200000000000003,-0.25361075905516728,-0.25361075905516728,0.57749257720417013,1.0140178147099916,0.81772535996981599,0.43340148730286793,0.25985175069650329
1.6000000000000001,0,37.25,-0.25361075905886438,-0.25361075905886438,0.57749257720539071,1.0140178147070622,0.81772685527878786,0.4334020339597765,0.2598517312997593
1.6000000000000001,0,37.300000000000004,-0.25361075906201486,-0.25361075906201486,0.57749257720643088,1.0140178147045658,0.81772829851399942,0.43340257330779092,0.25985173336703676
1.6000000000000001,0,37.350000000000001,-0.25361075906469949,-0.25361075906469949,0.57749257720731717,1.0140178147024388,0.8177296914067852,0.43340310478683486,0.25985175492592044
1.6000000000000001,0,37.399999999999999,-0.25361075906698727,-0.25361075906698727,0.57749257720807257,1.0140178147006258,0.81773103563617766,0.43340362791161269,0.25985179414408988
1.6000000000000001,0,37.450000000000003,-0.25361075906893671,-0.25361075906893671,0.57749257720871616,1.0140178146990813,0.81773233283021418,0.43340414226601465,0.25985184932090005
1.6000000000000001,0,37.5,-0.25361075907059794,-0.25361075907059794,0.57749257720926461,1.014017814697765,0.81773358456720369,0.4334046474976373,0.25985191887922432
1.6000000000000001,0,37.550000000000004,-0.25361075907201353,-0.25361075907201353,0.57749257720973202,1.0140178146966432,0.81773479237692082,0.43340514331216712,0.25985200135734332
1.6000000000000001,0,37.600000000000001,-0.25361075907321978,-0.25361075907321978,0.57749257721013025,1.0140178146956873,0.8177359577417026,0.43340562946737593,0.25985209540066778
1.6000000000000001,0,37.649999999999999,-0.25361075907424768,-0.25361075907424768,0.57749257721046954,1.0140178146948731,0.81773708209741902,0.4334061057664757,0.25985219975307922
1.6000000000000001,0,37.700000000000003,-0.25361075907512365,-0.25361075907512365,0.57749257721075875,1.014017814694179,0.81773816683428924,0.43340657205058158,0.25985231324767588
1.6000000000000001,0,37.75,-0.25361075907587011,-0.25361075907587011,0.57749257721100522,1.0140178146935874,0.81773921329798516,0.43340702819410215,0.25985243480008596
1.6000000000000001,0,37.800000000000004,-0.25361075907650621,-0.25361075907650621,0.57749257721121527,1.0140178146930834,0.81774022279318992,0.43340747412188529,0.25985256341986551
1.6000000000000001,0,37.850000000000001,-0.25361075907704828,-0.25361075907704828,0.57749257721139424,1.0140178146926537,0.81774119658260591,0.43340790978720811,0.25985269818966406
1.6000000000000001,0,37.899999999999999,-0.25361075907751007,-0.25361075907751007,0.57749257721154668,1.014017814692288,0.81774213588839018,0.43340833517142419,0.25985283826253652
1.6000000000000001,0,37.950000000000003,-0.25361075907790365,-0.25361075907790365,0.57749257721167657,1.0140178146919763,0.81774304189340874,0.43340875028221187,0.2598529828580316
1.6000000000000001,0,38,-0.25361075907823905,-0.25361075907823905,0.57749257721178737,1.0140178146917103,0.81774391574230754,0.43340915515064921,0.25985313125745257
1.6000000000000001,0,38.050000000000004,-0.25361075907852487,-0.25361075907852487,0.57749257721188174,1.0140178146914838,0.81774475854258744,0.43340954982873192,0.25985328279962855
1.6000000000000001,0,38.100000000000001,-0.2536107590787684,-0.2536107590787684,0.57749257721196212,1.0140178146912908,0.81774557136567427,0.43340993438725128,0.25985343687711182
1.6000000000000001,0,38.149999999999999,-0.25361075907897601,-0.25361075907897601,0.57749257721203062,1.0140178146911265,0.81774635524797812,0.4334103089139491,0.25985359293271859
1.6000000000000001,0,38.200000000000003,-0.25361075907915276,-0.25361075907915276,0.57749257721208902,1.0140178146909864,0.81774711119193488,0.43341067351186707,0.25985375045632986
1.6000000000000001,0,38.25,-0.25361075907930353,-0.25361075907930353,0.57749257721213876,1.0140178146908669,0.81774784016702284,0.43341102829780837,0.25985390898186922
1.6000000000000001,0,38.300000000000004,-0.25361075907943187,-0.25361075907943187,0.57749257721218117,1.0140178146907652,0.81774854311074741,0.43341137340082742,0.25985406808437389
1.6000000000000001,0,38.350000000000001,-0.25361075907954134,-0.25361075907954134,0.57749257721221725,1.0140178146906786,0.8177492209295868,0.43341170896066644,0.25985422737707659
1.6000000000000001,0,38.400000000000006,-0.2536107590796346,-0.2536107590796346,0.57749257721224811,1.0140178146906045,0.81774987449989145,0.43341203512605531,0.25985438650841403
1.6000000000000001,0,38.450000000000003,-0.25361075907971398,-0.25361075907971398,0.57749257721227432,1.0140178146905416,0.81775050466873078,0.43341235205279199,0.25985454515887985
1.6000000000000001,0,38.5,-0.25361075907978181,-0.25361075907978181,0.57749257721229663,1.0140178146904881,0.81775111225468022,0.43341265990152084,0.25985470303763758
1.6000000000000001,0,38.550000000000004,-0.25361075907983954,-0.25361075907983954,0.57749257721231573,1.0140178146904422,0.81775169804866676,0.43341295883646758,0.2598548598801273
1.6000000000000001,0,38.600000000000001,-0.25361075907988867,-0.25361075907988867,0.57749257721233194,1.0140178146904033,0.81775226281546576,0.43341324903133377,0.25985501545271289
1.6000000000000001,0,38.650000000000006,-0.25361075907993064,-0.25361075907993064,0.57749257721234581,1.01401781469037,0.81775280729394617,0.43341353066228455,0.2598551695447624
1.6000000000000001,0,38.700000000000003,-0.25361075907996633,-0.25361075907996633,0.57749257721235758,1.0140178146903418,0.81775333219794943,0.43341380390806028,0.25985532196778954
1.6000000000000001,0,38.75,-0.25361075907999669,-0.25361075907999669,0.57749257721236757,1.0140178146903178,0.81775383821711489,0.43341406894962525,0.25985547255411712
1.6000000000000001,0,38.800000000000004,-0.25361075908002262,-0.25361075908002262,0.57749257721237623,1.0140178146902969,0.81775432601763887,0.43341432596942142,0.25985562115521105
1.6000000000000001,0,38.850000000000001,-0.25361075908004471,-0.25361075908004471,0.57749257721238345,1.0140178146902796,0.81775479624301672,0.43341457515076104,0.25985576764020613
1.6000000000000001,0,38.900000000000006,-0.25361075908006353,-0.25361075908006353,0.57749257721238967,1.0140178146902648,0.81775524951476664,0.43341481667733012,0.25985591189459145
1.6000000000000001,0,38.950000000000003,-0.25361075908007957,-0.25361075908007957,0.577492577212395,1.0140178146902519,0.81775568643313834,0.43341505073277681,0.25985605381902344
1.6000000000000001,0,39,-0.25361075908009328,-0.25361075908009328,0.57749257721239955,1.014017814690241,0.81775610757779871,0.4334152775003573,0.25985619332823479
1.6000000000000001,0,39.050000000000004,-0.25361075908010494,-0.25361075908010494,0.57749257721240332,1.0140178146902319,0.81775651350850098,0.43341549716261252,0.25985633035000699
1.6000000000000001,0,39.100000000000001,-0.25361075908011488,-0.25361075908011488,0.57749257721240665,1.0140178146902239,0.8177569047657316,0.43341570990104894,0.25985646482417479
1.6000000000000001,0,39.150000000000006,-0.25361075908012332,-0.25361075908012332,0.57749257721240943,1.0140178146902172,0.81775728187133589,0.43341591589579681,0.25985659670163019
1.6000000000000001,0,39.200000000000003,-0.25361075908013053,-0.25361075908013053,0.57749257721241176,1.0140178146902117,0.81775764532912198,0.43341611532521812,0.25985672594329473
1.6000000000000001,0,39.25,-0.25361075908013664,-0.25361075908013664,0.57749257721241387,1.0140178146902066,0.81775799562544005,0.43341630836543882,0.25985685251902724
1.6000000000000001,0,39.300000000000004,-0.25361075908014186,-0.25361075908014186,0.57749257721241554,1.0140178146902026,0.81775833322973912,0.43341649518977726,0.25985697640643568
1.6000000000000001,0,39.350000000000001,-0.2536107590801463,-0.2536107590801463,0.57749257721241698,1.0140178146901992,0.8177586585951192,0.4334166759684796,0.25985709759006792
1.6000000000000001,0,39.400000000000006,-0.25361075908015018,-0.25361075908015018,0.57749257721241831,1.0140178146901959,0.81775897215898818,0.43341685087078408,0.25985721606331297
1.6000000000000001,0,39.450000000000003,-0.2536107590801534,-0.2536107590801534,0.57749257721241931,1.0140178146901937,0.81775927434348372,0.43341702006277483,0.25985733182545478
1.6000000000000001,0,39.5,-0.25361075908015618,-0.25361075908015618,0.57749257721242031,1.0140178146901913,0.81775956555598994,0.43341718370755089,0.25985744488144291
1.6000000000000001,0,39.550000000000004,-0.25361075908015851,-0.25361075908015851,0.57749257721242109,1.0140178146901893,0.81775984618964159,0.43341734196524251,0.25985755524147736
1.6000000000000001,0,39.600000000000001,-0.25361075908016051,-0.25361075908016051,0.57749257721242175,1.0140178146901877,0.81776011662380299,0.43341749499289495,0.25985766292046358
1.6000000000000001,0,39.650000000000006,-0.25361075908016217,-0.25361075908016217,0.57749257721242231,1.0140178146901864,0.81776037722453188,0.43341764294439239,0.25985776793753729
1.6000000000000001,0,39.700000000000003,-0.25361075908016367,-0.25361075908016367,0.57749257721242275,1.0140178146901853,0.81776062834502683,0.43341778597041347,0.25985787031564717
1.6000000000000001,0,39.75,-0.25361075908016495,-0.25361075908016495,0.5774925772124232,1.0140178146901844,0.81776087032606204,0.43341792421841113,0.25985797008118444
1.6000000000000001,0,39.800000000000004,-0.25361075908016595,-0.25361075908016595,0.57749257721242353,1.0140178146901835,0.81776110349640752,0.43341805783260678,0.25985806726364524
1.6000000000000001,0,39.850000000000001,-0.25361075908016684,-0.25361075908016684,0.57749257721242375,1.014017814690183,0.81776132817323577,0.43341818695399131,0.25985816189531596
1.6000000000000001,0,39.900000000000006,-0.25361075908016761,-0.25361075908016761,0.57749257721242409,1.0140178146901822,0.81776154466251716,0.43341831172032413,0.25985825401096752
1.6000000000000001,0,39.950000000000003,-0.25361075908016828,-0.25361075908016828,0.57749257721242431,1.0140178146901817,0.81776175325940137,0.43341843226612198,0.25985834364754762
1.6000000000000001,0,40,-0.25361075908016883,-0.25361075908016883,0.57749257721242442,1.0140178146901813,0.81776195424859011,0.43341854872262858,0.25985843084385885
1.6000000000000001,0,40.050000000000004,-0.25361075908016933,-0.25361075908016933,0.57749257721242464,1.0140178146901808,0.81776214790469737,0.43341866121775718,0.25985851564020962
1.6000000000000001,0,40.100000000000001,-0.25361075908016967,-0.25361075908016967,0.57749257721242475,1.0140178146901806,0.81776233449259994,0.43341876987599742,0.25985859807802714
1.6000000000000001,0,40.150000000000006,-0.25361075908017006,-0.25361075908017006,0.57749257721242486,1.0140178146901804,0.81776251426777424,0.43341887481841657,0.25985867819961189
1.6000000000000001,0,40.200000000000003,-0.25361075908017039,-0.25361075908017039,0.57749257721242497,1.0140178146901799,0.81776268747659542,0.43341897616340125,0.25985875604892072
1.6000000000000001,0,40.25,-0.25361075908017061,-0.25361075908017061,0.57749257721242508,1.0140178146901797,0.81776285435667451,0.4334190740260539,0.25985883167050533
1.6000000000000001,0,40.300000000000004,-0.25361075908017083,-0.25361075908017083,0.57749257721242508,1.0140178146901797,0.81776301513715532,0.43341916851832374,0.2598589051094809
1.6000000000000001,0,40.350000000000001,-0.25361075908017106,-0.25361075908017106,0.5774925772124252,1.0140178146901795,0.81776317003900911,0.43341925974908818,0.25985897641142369
1.6000000000000001,0,40.400000000000006,-0.25361075908017117,-0.25361075908017117,0.5774925772124252,1.0140178146901795,0.81776331927532109,0.43341934782418934,0.25985904562221668
1.6000000000000001,0,40.450000000000003,-0.25361075908017133,-0.25361075908017133,0.57749257721242531,1.0140178146901793,0.81776346305156511,0.43341943284648043,0.25985911278792045
1.6000000000000001,0,40.5,-0.25361075908017139,-0.25361075908017139,0.57749257721242531,1.0140178146901793,0.81776360156586814,0.43341951491588004,0.25985917795466401
1.6000000000000001,0,40.550000000000004,-0.2536107590801715,-0.2536107590801715,0.57749257721242531,1.0140178146901793,0.81776373500926569,0.43341959412943148,0.25985924116855114
1.6000000000000001,0,40.600000000000001,-0.25361075908017156,-0.25361075908017156,0.57749257721242531,1.0140178146901793,0.81776386356594832,0.43341967058136438,0.25985930247557887
1.6000000000000001,0,40.650000000000006,-0.25361075908017167,-0.25361075908017167,0.57749257721242542,1.014017814690179,0.8177639874134992,0.433419744363157,0.25985936192156162
1.6000000000000001,0,40.700000000000003,-0.25361075908017172,-0.25361075908017172,0.57749257721242542,1.014017814690179,0.81776410672312616,0.43341981556359527,0.25985941955205866
1.6000000000000001,0,40.75,-0.25361075908017172,-0.25361075908017172,0.57749257721242542,1.014017814690179,0.81776422165988527,0.43341988426882733,0.25985947541229903
1.6000000000000001,0,40.800000000000004,-0.25361075908017183,-0.25361075908017183,0.57749257721242542,1.014017814690179,0.81776433238289981,0.43341995056241028,0.25985952954709973
1.6000000000000001,0,40.850000000000001,-0.25361075908017183,-0.25361075908017183,0.57749257721242542,1.014017814690179,0.81776443904557405,0.43342001452534695,0.25985958200077314
1.6000000000000001,0,40.900000000000006,-0.25361075908017183,-0.25361075908017183,0.57749257721242542,1.014017814690179,0.81776454179580227,0.4334200762361099,0.25985963281701863
1.6000000000000001,0,40.950000000000003,-0.25361075908017183,-0.25361075908017183,0.57749257721242542,1.014017814690179,0.81776464077616551,0.43342013577069277,0.25985968203886617
1.6000000000000001,0,41,-0.25361075908017194,-0.25361075908017194,0.57749257721242553,1.0140178146901786,0.81776473612407297,0.43342019320288572,0.25985972970900179
1.6000000000000001,0,41.050000000000004,-0.25361075908017194,-0.25361075908017194,0.57749257721242553,1.0140178146901786,0.81776482797198635,0.43342024860413902,0.25985977586940506
1.6000000000000001,0,41.100000000000001,-0.25361075908017194,-0.25361075908017194,0.57749257721242553,1.0140178146901786,0.81776491644758786,0.43342030204364862,0.25985982056136847
1.6000000000000001,0,41.150000000000006,-0.25361075908017194,-0.25361075908017194,0.57749257721242553,1.0140178146901786,0.81776500167394761,0.4334203535884259,0.25985986382549026
1.6000000000000001,0,41.200000000000003,-0.253610759080172,-0.253610759080172,0.57749257721242553,1.0140178146901786,0.81776508376969004,0.4334204033033523,0.25985990570164685
1.6000000000000001,0,41.25,-0.253610759080172,-0.253610759080172,0.57749257721242553,1.0140178146901786,0.81776516284915191,0.43342045125123507,0.25985994622897357
1.6000000000000001,0,41.300000000000004,-0.253610759080172,-0.253610759080172,0.57749257721242553,1.0140178146901786,0.81776523902253473,0.43342049749286432,0.25985998544585132
1.6000000000000001,0,41.350000000000001,-0.253610759080172,-0.253610759080172,0.57749257721242553,1.0140178146901786,0.81776531239605044,0.43342054208706993,0.25986002338989905
1.6000000000000001,0,41.400000000000006,-0.253610759080172,-0.253610759080172,0.57749257721242553,1.0140178146901786,0.81776538307206281,0.43342058509077763,0.25986006009796864
1.6000000000000001,0,41.450000000000003,-0.25361075908017205,-0.25361075908017205,0.57749257721242553,1.0140178146901786,0.81776545114922317,0.43342062655906471,0.25986009560614198
1.6000000000000001,0,41.5,-0.25361075908017205,-0.25361075908017205,0.57749257721242553,1.0140178146901786,0.81776551672260323,0.43342066654521277,0.25986012994972824
1.6000000000000001,0,41.550000000000004,-0.25361075908017205,-0.25361075908017205,0.57749257721242553,1.0140178146901786,0.81776557988382215,0.43342070510075903,0.25986016316325938
1.6000000000000001,0,41.600000000000001,-0.25361075908017205,-0.25361075908017205,0.57749257721242553,1.0140178146901786,0.81776564072117341,0.43342074227554328,0.25986019528048254
1.6000000000000001,0,41.650000000000006,-0.25361075908017205,-0.25361075908017205,0.57749257721242553,1.0140178146901786,0.81776569931974674,0.43342077811775204,0.25986022633434802
1.6000000000000001,0,41.700000000000003,-0.25361075908017205,-0.25361075908017205,0.57749257721242553,1.0140178146901786,0.81776575576154986,0.43342081267395716,0.25986025635699106
1.6000000000000001,0,41.75,-0.25361075908017205,-0.25361075908017205,0.57749257721242553,1.0140178146901786,0.81776581012561977,0.43342084598916158,0.25986028537973088
1.6000000000000001,0,41.800000000000004,-0.25361075908017205,-0.25361075908017205,0.57749257721242553,1.0140178146901786,0.81776586248809302,0.43342087810690622,0.25986031343320837
1.6000000000000001,0,41.850000000000001,-0.25361075908017205,-0.25361075908017205,0.57749257721242553,1.0140178146901786,0.81776591292234257,0.43342090906926173,0.25986034054727358
1.6000000000000001,0,41.900000000000006,-0.25361075908017205,-0.25361075908017205,0.57749257721242553,1.0140178146901786,0.8177659614990711,0.43342093891687961,0.25986036675101076
1.6000000000000001,0,41.950000000000003,-0.25361075908017205,-0.25361075908017205,0.57749257721242553,1.0140178146901786,0.817766008286407,0.43342096768903982,0.25986039207275369
1.6000000000000001,0,42,-0.25361075908017205,-0.25361075908017205,0.57749257721242553,1.0140178146901786,0.81776605334999664,0.43342099542369261,0.25986041654009256
1.6000000000000001,0,42.050000000000004,-0.25361075908017205,-0.25361075908017205,0.57749257721242553,1.0140178146901786,0.81776609675309564,0.43342102215749956,0.25986044017988397
1.6000000000000001,0,42.100000000000001,-0.25361075908017205,-0.25361075908017205,0.57749257721242553,1.0140178146901786,0.8177661385566537,0.43342104792587444,0.25986046301826166
1.6000000000000001,0,42.150000000000006,-0.25361075908017205,-0.25361075908017205,0.57749257721242553,1.0140178146901786,0.8177661788193975,0.43342107276302266,0.25986048508064941
1.6000000000000001,0,42.200000000000003,-0.25361075908017205,-0.25361075908017205,0.57749257721242553,1.0140178146901786,0.81776621759791013,0.43342109670197998,0.25986050639177399
1.6000000000000001,0,42.25,-0.25361075908017205,-0.25361075908017205,0.57749257721242553,1.0140178146901786,0.8177662549467074,0.43342111977465031,0.25986052697567869
1.6000000000000001,0,42.300000000000004,-0.25361075908017205,-0.25361075908017205,0.57749257721242553,1.0140178146901786,0.81776629091831277,0.4334211420118419,0.25986054685573595
1.6000000000000001,0,42.350000000000001,-0.25361075908017205,-0.25361075908017205,0.57749257721242553,1.0140178146901786,0.81776632556332873,0.43342116344330267,0.25986056605465979
1.6000000000000001,0,42.400000000000006,-0.25361075908017205,-0.25361075908017205,0.57749257721242553,1.0140178146901786,0.81776635893050875,0.43342118409775382,0.25986058459451578
1.6000000000000001,0,42.450000000000003,-0.25361075908017205,-0.25361075908017205,0.57749257721242553,1.0140178146901786,0.81776639106682625,0.43342120400292183,0.25986060249672988
1.6000000000000001,0,42.5,-0.25361075908017205,-0.25361075908017205,0.57749257721242553,1.0140178146901786,0.81776642201754246,0.43342122318556914,0.25986061978209418
1.6000000000000001,0,42.550000000000004,-0.25361075908017205,-0.25361075908017205,0.57749257721242553,1.0140178146901786,0.81776645182627139,0.43342124167152518,0.25986063647077878
1.6000000000000001,0,42.600000000000001,-0.25361075908017205,-0.25361075908017205,0.57749257721242553,1.0140178146901786,0.81776648053501266,0.43342125948572896,0.25986065258239061
1.6000000000000001,0,42.650000000000006,-0.25361075908017205,-0.25361075908017205,0.57749257721242553,1.0140178146901786,0.81776650818423369,0.43342127665224817,0.25986066813594588
1.6000000000000001,0,42.700000000000003,-0.25361075908017205,-0.25361075908017205,0.57749257721242553,1.0140178146901786,0.81776653481292083,0.43342129319430878,0.25986068314988942
1.6000000000000001,0,42.75,-0.25361075908017205,-0.25361075908017205,0.57749257721242553,1.0140178146901786,0.81776656045863227,0.43342130913432447,0.25986069764211039
1.6000000000000001,0,42.800000000000004,-0.25361075908017205,-0.25361075908017205,0.57749257721242553,1.0140178146901786,0.81776658515755141,0.43342132449392323,0.259860711629955
1.6000000000000001,0,42.850000000000001,-0.25361075908017205,-0.25361075908017205,0.57749257721242553,1.0140178146901786,0.81776660894453579,0.43342133929397403,0.25986072513023972
1.6000000000000001,0,42.900000000000006,-0.25361075908017205,-0.25361075908017205,0.57749257721242553,1.0140178146901786,0.81776663185316634,0.4334213535546122,0.25986073815926436
1.6000000000000001,0,42.950000000000003,-0.25361075908017205,-0.25361075908017205,0.57749257721242553,1.0140178146901786,0.81776665391579273,0.43342136729526409,0.25986075073282583
1.6000000000000001,0,43,-0.25361075908017205,-0.25361075908017205,0.57749257721242553,1.0140178146901786,0.81776667516357759,0.43342138053467105,0.25986076286623128
1.6000000000000001,0,43.050000000000004,-0.25361075908017205,-0.25361075908017205,0.57749257721242553,1.0140178146901786,0.81776669562653959,0.43342139329091278,0.25986077457431128
1.6000000000000001,0,43.100000000000001,-0.25361075908017205,-0.25361075908017205,0.57749257721242553,1.0140178146901786,0.81776671533359468,0.43342140558142955,0.25986078587143274
1.6000000000000001,0,43.150000000000006,-0.25361075908017205,-0.25361075908017205,0.57749257721242553,1.0140178146901786,0.81776673431259672,0.43342141742304419,0.2598607967715108
1.6000000000000001,0,43.200000000000003,-0.25361075908017205,-0.25361075908017205,0.57749257721242553,1.0140178146901786,0.81776675259037679,0.4334214288319832,0.25986080728802063
1.6000000000000001,0,43.25,-0.25361075908017205,-0.25361075908017205,0.57749257721242553,1.0140178146901786,0.81776677019278188,0.43342143982389708,0.25986081743400768
1.6000000000000001,0,43.300000000000004,-0.25361075908017205,-0.25361075908017205,0.57749257721242553,1.0140178146901786,0.8177667871447134,0.43342145041388025,0.25986082722209775
1.6000000000000001,0,43.350000000000001,-0.25361075908017205,-0.25361075908017205,0.57749257721242553,1.0140178146901786,0.81776680347016317,0.43342146061649012,0.25986083666450749
1.6000000000000001,0,43.400000000000006,-0.25361075908017205,-0.25361075908017205,0.57749257721242553,1.0140178146901786,0.81776681919222971,0.4334214704457654,0.25986084577307045
1.6000000000000001,0,43.450000000000003,-0.25361075908017205,-0.25361075908017205,0.57749257721242553,1.0140178146901786,0.81776683433316621,0.43342147991524421,0.2598608545592353
1.6000000000000001,0,43.5,-0.25361075908017205,-0.25361075908017205,0.57749257721242553,1.0140178146901786,0.8177668489144081,0.43342148903798139,0.25986086303407846
1.6000000000000001,0,43.550000000000004,-0.25361075908017205,-0.25361075908017205,0.57749257721242553,1.0140178146901786,0.81776686295660261,0.43342149782656514,0.25986087120831597
1.6000000000000001,0,43.600000000000001,-0.25361075908017205,-0.25361075908017205,0.57749257721242553,1.0140178146901786,0.81776687647963786,0.43342150629313353,0.25986087909231365
1.6000000000000001,0,43.650000000000006,-0.25361075908017205,-0.25361075908017205,0.57749257721242553,1.0140178146901786,0.81776688950267151,0.43342151444939003,0.2598608866960973
1.6000000000000001,0,43.700000000000003,-0.25361075908017205,-0.25361075908017205,0.57749257721242553,1.0140178146901786,0.81776690204415614,0.43342152230661879,0.25986089402936291
1.6000000000000001,0,43.75,-0.25361075908017205,-0.25361075908017205,0.57749257721242553,1.0140178146901786,0.81776691412186564,0.43342152987569926,0.25986090110148657
1.6000000000000001,0,43.800000000000004,-0.25361075908017205,-0.25361075908017205,0.57749257721242553,1.0140178146901786,0.81776692575291987,0.43342153716712006,0.25986090792153421
1.6000000000000001,0,43.850000000000001,-0.25361075908017205,-0.25361075908017205,0.57749257721242553,1.0140178146901786,0.81776693695380742,0.43342154419099282,0.25986091449827109
1.6000000000000001,0,43.900000000000006,-0.25361075908017205,-0.25361075908017205,0.57749257721242553,1.0140178146901786,0.81776694774040959,0.43342155095706536,0.25986092084017093
1.6000000000000001,0,43.950000000000003,-0.25361075908017205,-0.25361075908017205,0.57749257721242553,1.0140178146901786,0.81776695812802225,0.43342155747473454,0.2598609269554249
1.6000000000000001,0,44,-0.25361075908017205,-0.25361075908017205,0.57749257721242553,1.0140178146901786,0.81776696813137795,0.43342156375305851,0.25986093285195
1.6000000000000001,0,44.050000000000004,-0.25361075908017205,-0.25361075908017205,0.57749257721242553,1.0140178146901786,0.81776697776466689,0.43342156980076924,0.25986093853739733
1.6000000000000001,0,44.100000000000001,-0.25361075908017205,-0.25361075908017205,0.57749257721242553,1.0140178146901786,0.81776698704155948,0.43342157562628397,0.25986094401915949
1.6000000000000001,0,44.150000000000006,-0.25361075908017205,-0.25361075908017205,0.57749257721242553,1.0140178146901786,0.81776699597522484,0.43342158123771696,0.25986094930437875
1.6000000000000001,0,44.200000000000003,-0.25361075908017205,-0.25361075908017205,0.57749257721242553,1.0140178146901786,0.81776700457834028,0.43342158664288755,0.25986095439995849
1.6000000000000001,0,44.25,-0.25361075908017205,-0.25361075908017205,0.57749257721242553,1.0140178146901786,0.8177670128631177,0.43342159184933282,0.25986095931256753
1.6000000000000001,0,44.300000000000004,-0.25361075908017205,-0.25361075908017205,0.57749257721242553,1.0140178146901786,0.81776702084131914,0.43342159686431725,0.259860964048648
1.6000000000000001,0,44.350000000000001,-0.25361075908017205,-0.25361075908017205,0.57749257721242553,1.0140178146901786,0.81776702852427308,0.43342160169484234,0.25986096861442265
1.6000000000000001,0,44.400000000000006,-0.25361075908017205,-0.25361075908017205,0.57749257721242553,1.0140178146901786,0.81776703592289024,0.43342160634765597,0.25986097301590205
1.6000000000000001,0,44.450000000000003,-0.25361075908017205,-0.25361075908017205,0.57749257721242553,1.0140178146901786,0.81776704304767989,0.43342161082926151,0.25986097725889112
1.6000000000000001,0,44.5,-0.25361075908017205,-0.25361075908017205,0.57749257721242553,1.0140178146901786,0.81776704990876292,0.43342161514592648,0.25986098134899616
1.6000000000000001,0,44.550000000000004,-0.25361075908017205,-0.25361075908017205,0.57749257721242553,1.0140178146901786,0.8177670565158881,0.433421619303691,0.25986098529163082
1.6000000000000001,0,44.600000000000001,-0.25361075908017205,-0.25361075908017205,0.57749257721242553,1.0140178146901786,0.81776706287844347,0.43342162330837586,0.25986098909202282
1.6000000000000001,0,44.650000000000006,-0.25361075908017205,-0.25361075908017205,0.57749257721242553,1.0140178146901786,0.8177670690054708,0.43342162716559018,0.25986099275521979
1.6000000000000001,0,44.700000000000003,-0.25361075908017205,-0.25361075908017205,0.57749257721242553,1.0140178146901786,0.8177670749056779,0.43342163088073926,0.25986099628609516
1.6000000000000001,0,44.75,-0.25361075908017205,-0.25361075908017205,0.57749257721242553,1.0140178146901786,0.81776708058745085,0.43342163445903165,0.259860999689354
1.6000000000000001,0,44.800000000000004,-0.25361075908017205,-0.25361075908017205,0.57749257721242553,1.0140178146901786,0.81776708605886572,0.43342163790548632,0.25986100296953846
1.6000000000000001,0,44.850000000000001,-0.25361075908017205,-0.25361075908017205,0.57749257721242553,1.0140178146901786,0.81776709132770187,0.4334216412249397,0.25986100613103302
1.6000000000000001,0,44.900000000000006,-0.25361075908017205,-0.25361075908017205,0.57749257721242553,1.0140178146901786,0.81776709640145195,0.43342164442205228,0.25986100917806981
1.6000000000000001,0,44.950000000000003,-0.25361075908017205,-0.25361075908017205,0.57749257721242553,1.0140178146901786,0.81776710128733376,0.43342164750131529,0.25986101211473339
1.6000000000000001,0,45,-0.25361075908017205,-0.25361075908017205,0.57749257721242553,1.0140178146901786,0.81776710599229518,0.43342165046705511,0.2598610149449665
1.6000000000000001,0,45.050000000000004,-0.25361075908017205,-0.25361075908017205,0.57749257721242553,1.0140178146901786,0.81776711052302797,0.43342165332344068,0.25986101767257419
1.6000000000000001,0,45.100000000000001,-0.25361075908017205,-0.25361075908017205,0.57749257721242553,1.0140178146901786,0.81776711488597753,0.43342165607448896,0.25986102030122837
1.6000000000000001,0,45.150000000000006,-0.25361075908017205,-0.25361075908017205,0.57749257721242553,1.0140178146901786,0.81776711908735056,0.43342165872407007,0.2598610228344726
1.6000000000000001,0,45.200000000000003,-0.25361075908017205,-0.25361075908017205,0.57749257721242553,1.0140178146901786,0.8177671231331255,0.43342166127591292,0.25986102527572602
1.6000000000000001,0,45.25,-0.25361075908017205,-0.25361075908017205,0.57749257721242553,1.0140178146901786,0.81776712702905885,0.43342166373361041,0.259861027628288
1.6000000000000001,0,45.300000000000004,-0.25361075908017205,-0.25361075908017205,0.57749257721242553,1.0140178146901786,0.81776713078069563,0.43342166610062394,0.25986102989534199
1.6000000000000001,0,45.350000000000001,-0.25361075908017205,-0.25361075908017205,0.57749257721242553,1.0140178146901786,0.81776713439337556,0.43342166838028851,0.25986103207995936
1.6000000000000001,0,45.400000000000006,-0.25361075908017205,-0.25361075908017205,0.57749257721242553,1.0140178146901786,0.81776713787224109,0.43342167057581704,0.25986103418510326
1.6000000000000001,0,45.450000000000003,-0.25361075908017205,-0.25361075908017205,0.57749257721242553,1.0140178146901786,0.81776714122224403,0.43342167269030496,0.25986103621363238
1.6000000000000001,0,45.5,-0.25361075908017205,-0.25361075908017205,0.57749257721242553,1.0140178146901786,0.81776714444815379,0.43342167472673426,0.25986103816830441
1.6000000000000001,0,45.550000000000004,-0.25361075908017205,-0.25361075908017205,0.57749257721242553,1.0140178146901786,0.81776714755456248,0.43342167668797771,0.25986104005177946
1.6000000000000001,0,45.600000000000001,-0.25361075908017205,-0.25361075908017205,0.57749257721242553,1.0140178146901786,0.81776715054589277,0.43342167857680292,0.25986104186662357
1.6000000000000001,0,45.650000000000006,-0.25361075908017205,-0.25361075908017205,0.57749257721242553,1.0140178146901786,0.81776715342640438,0.43342168039587603,0.25986104361531193
1.6000000000000001,0,45.700000000000003,-0.25361075908017205,-0.25361075908017205,0.57749257721242553,1.0140178146901786,0.8177671562001998,0.433421682147766,0.25986104530023191
1.6000000000000001,0,45.75,-0.25361075908017205,-0.25361075908017205,0.57749257721242553,1.0140178146901786,0.81776715887123086,0.43342168383494756,0.2598610469236865
1.6000000000000001,0,45.800000000000004,-0.25361075908017205,-0.25361075908017205,0.57749257721242553,1.0140178146901786,0.8177671614433013,0.43342168545980431,0.25986104848789637
1.6000000000000001,0,45.850000000000001,-0.25361075908017205,-0.25361075908017205,0.57749257721242553,1.0140178146901786,0.81776716392007498,0.43342168702463246,0.25986104999500331
1.6000000000000001,0,45.900000000000006,-0.25361075908017205,-0.25361075908017205,0.57749257721242553,1.0140178146901786,0.81776716630507962,0.43342168853164409,0.25986105144707283
1.6000000000000001,0,45.950000000000003,-0.25361075908017205,-0.25361075908017205,0.57749257721242553,1.0140178146901786,0.81776716860171328,0.43342168998296998,0.25986105284609684
1.6000000000000001,0,46,-0.25361075908017205,-0.25361075908017205,0.57749257721242553,1.0140178146901786,0.8177671708132479,0.43342169138066278,0.25986105419399624
1.6000000000000001,0,46.050000000000004,-0.25361075908017205,-0.25361075908017205,0.57749257721242553,1.0140178146901786,0.81776717294283474,0.43342169272669989,0.25986105549262345
1.6000000000000001,0,46.100000000000001,-0.25361075908017205,-0.25361075908017205,0.57749257721242553,1.0140178146901786,0.81776717499350837,0.43342169402298608,0.25986105674376447
1.6000000000000001,0,46.150000000000006,-0.25361075908017205,-0.25361075908017205,0.57749257721242553,1.0140178146901786,0.81776717696819134,0.4334216952713561,0.25986105794914172
1.6000000000000001,0,46.200000000000003,-0.25361075908017205,-0.25361075908017205,0.57749257721242553,1.0140178146901786,0.81776717886969763,0.43342169647357742,0.25986105911041568
1.6000000000000001,0,46.25,-0.25361075908017205,-0.25361075908017205,0.57749257721242553,1.0140178146901786,0.81776718070073762,0.4334216976313523,0.25986106022918759
1.6000000000000001,0,46.300000000000004,-0.25361075908017205,-0.25361075908017205,0.57749257721242553,1.0140178146901786,0.81776718246392077,0.43342169874632042,0.25986106130700098
1.6000000000000001,0,46.350000000000001,-0.25361075908017205,-0.25361075908017205,0.57749257721242553,1.0140178146901786,0.81776718416176009,0.43342169982006112,0.25986106234534423
1.6000000000000001,0,46.400000000000006,-0.25361075908017205,-0.25361075908017205,0.57749257721242553,1.0140178146901786,0.8177671857966754,0.43342170085409554,0.25986106334565201
1.6000000000000001,0,46.450000000000003,-0.25361075908017205,-0.25361075908017205,0.57749257721242553,1.0140178146901786,0.81776718737099752,0.4334217018498891,0.25986106430930772
1.6000000000000001,0,46.5,-0.25361075908017205,-0.25361075908017205,0.57749257721242553,1.0140178146901786,0.81776718888697097,0.4334217028088535,0.25986106523764507
1.6000000000000001,0,46.550000000000004,-0.25361075908017205,-0.25361075908017205,0.57749257721242553,1.0140178146901786,0.81776719034675804,0.43342170373234895,0.25986106613194981
1.6000000000000001,0,46.600000000000001,-0.25361075908017205,-0.25361075908017205,0.57749257721242553,1.0140178146901786,0.8177671917524395,0.43342170462168467,0.25986106699346123
1.6000000000000001,0,46.650000000000006,-0.25361075908017205,-0.25361075908017205,0.57749257721242553,1.0140178146901786,0.81776719310601975,0.43342170547812192,0.25986106782337393
1.6000000000000001,0,46.700000000000003,-0.25361075908017205,-0.25361075908017205,0.57749257721242553,1.0140178146901786,0.8177671944094288,0.43342170630287552,0.25986106862283948
1.6000000000000001,0,46.75,-0.25361075908017205,-0.25361075908017205,0.57749257721242553,1.0140178146901786,0.81776719566452516,0.43342170709711564,0.25986106939296794
1.6000000000000001,0,46.800000000000004,-0.25361075908017205,-0.25361075908017205,0.57749257721242553,1.0140178146901786,0.81776719687309907,0.43342170786196937,0.25986107013482934
1.6000000000000001,0,46.850000000000001,-0.25361075908017205,-0.25361075908017205,0.57749257721242553,1.0140178146901786,0.81776719803687381,0.43342170859852225,0.25986107084945498
1.6000000000000001,0,46.900000000000006,-0.25361075908017205,-0.25361075908017205,0.57749257721242553,1.0140178146901786,0.81776719915750939,0.43342170930781987,0.25986107153783899
1.6000000000000001,0,46.950000000000003,-0.25361075908017205,-0.25361075908017205,0.57749257721242553,1.0140178146901786,0.81776720023660432,0.43342170999086921,0.25986107220093946
1.6000000000000001,0,47,-0.25361075908017205,-0.25361075908017205,0.57749257721242553,1.0140178146901786,0.8177672012756978,0.43342171064864027,0.25986107283967991
1.6000000000000001,0,47.050000000000004,-0.25361075908017205,-0.25361075908017205,0.57749257721242553,1.0140178146901786,0.81776720227627198,0.43342171128206708,0.25986107345495035
1.6000000000000001,0,47.100000000000001,-0.25361075908017205,-0.25361075908017205,0.57749257721242553,1.0140178146901786,0.81776720323975405,0.43342171189204942,0.2598610740476085
1.6000000000000001,0,47.150000000000006,-0.25361075908017205,-0.25361075908017205,0.57749257721242553,1.0140178146901786,0.81776720416751847,0.43342171247945371,0.25986107461848107
1.6000000000000001,0,47.200000000000003,-0.25361075908017205,-0.25361075908017205,0.57749257721242553,1.0140178146901786,0.8177672050608884,0.4334217130451144,0.25986107516836471
1.6000000000000001,0,47.25,-0.25361075908017205,-0.25361075908017205,0.57749257721242553,1.0140178146901786,0.8177672059211385,0.43342171358983539,0.25986107569802719
1.6000000000000001,0,47.300000000000004,-0.25361075908017205,-0.25361075908017205,0.57749257721242553,1.0140178146901786,0.81776720674949632,0.43342171411439079,0.25986107620820859
1.6000000000000001,0,47.350000000000001,-0.25361075908017205,-0.25361075908017205,0.57749257721242553,1.0140178146901786,0.81776720754714405,0.43342171461952639,0.25986107669962216
1.6000000000000001,0,47.400000000000006,-0.25361075908017205,-0.25361075908017205,0.57749257721242553,1.0140178146901786,0.81776720831521943,0.43342171510596023,0.25986107717295492
1.6000000000000001,0,47.450000000000003,-0.25361075908017205,-0.25361075908017205,0.57749257721242553,1.0140178146901786,0.81776720905481881,0.43342171557438386,0.25986107762886917
1.6000000000000001,0,47.5,-0.25361075908017205,-0.25361075908017205,0.57749257721242553,1.0140178146901786,0.81776720976699724,0.4334217160254632,0.2598610780680029
1.6000000000000001,0,47.550000000000004,-0.25361075908017205,-0.25361075908017205,0.57749257721242553,1.0140178146901786,0.81776721045277101,0.43342171645983979,0.25986107849097118
1.6000000000000001,0,47.600000000000001,-0.25361075908017205,-0.25361075908017205,0.57749257721242553,1.0140178146901786,0.8177672111131189,0.43342171687813136,0.2598610788983664
1.6000000000000001,0,47.650000000000006,-0.25361075908017205,-0.25361075908017205,0.57749257721242553,1.0140178146901786,0.81776721174898281,0.43342171728093287,0.25986107929075963
1.6000000000000001,0,47.700000000000003,-0.25361075908017205,-0.25361075908017205,0.57749257721242553,1.0140178146901786,0.81776721236127092,0.43342171766881749,0.25986107966870103
1.6000000000000001,0,47.75,-0.25361075908017205,-0.25361075908017205,0.57749257721242553,1.0140178146901786,0.81776721295085675,0.43342171804233698,0.25986108003272068
1.6000000000000001,0,47.800000000000004,-0.25361075908017205,-0.25361075908017205,0.57749257721242553,1.0140178146901786,0.81776721351858184,0.43342171840202293,0.25986108038332939
1.6000000000000001,0,47.850000000000001,-0.25361075908017205,-0.25361075908017205,0.57749257721242553,1.0140178146901786,0.81776721406525654,0.43342171874838709,0.25986108072101938
1.6000000000000001,0,47.900000000000006,-0.25361075908017205,-0.25361075908017205,0.57749257721242553,1.0140178146901786,0.81776721459166113,0.4334217190819224,0.25986108104626482
1.6000000000000001,0,47.950000000000003,-0.25361075908017205,-0.25361075908017205,0.57749257721242553,1.0140178146901786,0.81776721509854677,0.43342171940310348,0.25986108135952268
1.6000000000000001,0,48,-0.25361075908017205,-0.25361075908017205,0.57749257721242553,1.0140178146901786,0.81776721558663701,0.43342171971238735,0.25986108166123323
1.6000000000000001,0,48.050000000000004,-0.25361075908017205,-0.25361075908017205,0.57749257721242553,1.0140178146901786,0.81776721605662839,0.43342172001021428,0.25986108195182051
1.6000000000000001,0,48.100000000000001,-0.25361075908017205,-0.25361075908017205,0.57749257721242553,1.0140178146901786,0.81776721650919226,0.43342172029700837,0.2598610822316933
1.6000000000000001,0,48.150000000000006,-0.25361075908017205,-0.25361075908017205,0.57749257721242553,1.0140178146901786,0.81776721694497445,0.43342172057317835,0.25986108250124523
1.6000000000000001,0,48.200000000000003,-0.25361075908017205,-0.25361075908017205,0.57749257721242553,1.0140178146901786,0.81776721736459734,0.43342172083911723,0.25986108276085573
1.6000000000000001,0,48.25,-0.25361075908017205,-0.25361075908017205,0.57749257721242553,1.0140178146901786,0.8177672177686599,0.43342172109520372,0.25986108301089023
1.6000000000000001,0,48.300000000000004,-0.25361075908017205,-0.25361075908017205,0.57749257721242553,1.0140178146901786,0.81776721815773867,0.43342172134180246,0.25986108325170082
1.6000000000000001,0,48.350000000000001,-0.25361075908017205,-0.25361075908017205,0.57749257721242553,1.0140178146901786,0.81776721853238954,0.43342172157926473,0.25986108348362674
1.6000000000000001,0,48.400000000000006,-0.25361075908017205,-0.25361075908017205,0.57749257721242553,1.0140178146901786,0.81776721889314707,0.43342172180792876,0.25986108370699479
1.6000000000000001,0,48.450000000000003,-0.25361075908017205,-0.25361075908017205,0.57749257721242553,1.0140178146901786,0.81776721924052664,0.43342172202812035,0.25986108392211976
1.6000000000000001,0,48.5,-0.25361075908017205,-0.25361075908017205,0.57749257721242553,1.0140178146901786,0.81776721957502407,0.43342172224015307,0.25986108412930509
1.6000000000000001,0,48.550000000000004,-0.25361075908017205,-0.25361075908017205,0.57749257721242553,1.0140178146901786,0.81776721989711687,0.43342172244432914,0.25986108432884292
1.6000000000000001,0,48.600000000000001,-0.25361075908017205,-0.25361075908017205,0.57749257721242553,1.0140178146901786,0.81776722020726522,0.43342172264093942,0.25986108452101481
1.6000000000000001,0,48.650000000000006,-0.25361075908017205,-0.25361075908017205,0.57749257721242553,1.0140178146901786,0.81776722050591188,0.43342172283026403,0.25986108470609193
1.6000000000000001,0,48.700000000000003,-0.25361075908017205,-0.25361075908017205,0.57749257721242553,1.0140178146901786,0.81776722079348318,0.43342172301257287,0.25986108488433546
1.6000000000000001,0,48.75,-0.25361075908017205,-0.25361075908017205,0.57749257721242553,1.0140178146901786,0.8177672210703899,0.43342172318812566,0.25986108505599703
1.6000000000000001,0,48.800000000000004,-0.25361075908017205,-0.25361075908017205,0.57749257721242553,1.0140178146901786,0.81776722133702739,0.43342172335717266,0.25986108522131901
1.6000000000000001,0,48.850000000000001,-0.25361075908017205,-0.25361075908017205,0.57749257721242553,1.0140178146901786,0.81776722159377613,0.43342172351995478,0.25986108538053482
1.6000000000000001,0,48.900000000000006,-0.25361075908017205,-0.25361075908017205,0.57749257721242553,1.0140178146901786,0.81776722184100303,0.43342172367670406,0.25986108553386961
1.6000000000000001,0,48.950000000000003,-0.25361075908017205,-0.25361075908017205,0.57749257721242553,1.0140178146901786,0.81776722207906127,0.43342172382764405,0.25986108568154026
1.6000000000000001,0,49,-0.25361075908017205,-0.25361075908017205,0.57749257721242553,1.0140178146901786,0.81776722230829069,0.43342172397298978,0.25986108582375539
1.6000000000000001,0,49.050000000000004,-0.25361075908017205,-0.25361075908017205,0.57749257721242553,1.0140178146901786,0.81776722252901879,0.43342172411294849,0.25986108596071605
1.6000000000000001,0,49.100000000000001,-0.25361075908017205,-0.25361075908017205,0.57749257721242553,1.0140178146901786,0.81776722274156066,0.4334217242477198,0.25986108609261593
1.6000000000000001,0,49.150000000000006,-0.25361075908017205,-0.25361075908017205,0.57749257721242553,1.0140178146901786,0.81776722294621973,0.43342172437749582,0.25986108621964166
1.6000000000000001,0,49.200000000000003,-0.25361075908017205,-0.25361075908017205,0.57749257721242553,1.0140178146901786,0.81776722314328865,0.43342172450246169,0.25986108634197297
1.6000000000000001,0,49.25,-0.25361075908017205,-0.25361075908017205,0.57749257721242553,1.0140178146901786,0.81776722333304863,0.43342172462279549,0.25986108645978301
1.6000000000000001,0,49.300000000000004,-0.25361075908017205,-0.25361075908017205,0.57749257721242553,1.0140178146901786,0.81776722351577069,0.43342172473866886,0.25986108657323842
1.6000000000000001,0,49.350000000000001,-0.25361075908017205,-0.25361075908017205,0.57749257721242553,1.0140178146901786,0.81776722369171584,0.43342172485024705,0.25986108668249991
1.6000000000000001,0,49.400000000000006,-0.25361075908017205,-0.25361075908017205,0.57749257721242553,1.0140178146901786,0.81776722386113554,0.43342172495768916,0.25986108678772224
1.6000000000000001,0,49.450000000000003,-0.25361075908017205,-0.25361075908017205,0.57749257721242553,1.0140178146901786,0.81776722402427182,0.4334217250611484,0.25986108688905435
1.6000000000000001,0,49.5,-0.25361075908017205,-0.25361075908017205,0.57749257721242553,1.0140178146901786,0.81776722418135728,0.43342172516077238,0.25986108698663984
1.6000000000000001,0,49.550000000000004,-0.25361075908017205,-0.25361075908017205,0.57749257721242553,1.0140178146901786,0.8177672243326165,0.43342172525670325,0.259861087080617
1.6000000000000001,0,49.600000000000001,-0.25361075908017205,-0.25361075908017205,0.57749257721242553,1.0140178146901786,0.81776722447826566,0.43342172534907797,0.25986108717111905
1.6000000000000001,0,49.650000000000006,-0.25361075908017205,-0.25361075908017205,0.57749257721242553,1.0140178146901786,0.81776722461851259,0.43342172543802832,0.25986108725827428
1.6000000000000001,0,49.700000000000003,-0.25361075908017205,-0.25361075908017205,0.57749257721242553,1.0140178146901786,0.81776722475355779,0.43342172552368113,0.2598610873422062
1.6000000000000001,0,49.75,-0.25361075908017205,-0.25361075908017205,0.57749257721242553,1.0140178146901786,0.8177672248835941,0.43342172560615844,0.25986108742303377
1.6000000000000001,0,49.800000000000004,-0.25361075908017205,-0.25361075908017205,0.57749257721242553,1.0140178146901786,0.81776722500880739,0.43342172568557802,0.25986108750087161
1.6000000000000001,0,49.850000000000001,-0.25361075908017205,-0.25361075908017205,0.57749257721242553,1.0140178146901786,0.8177672251293765,0.43342172576205318,0.25986108757583021
1.6000000000000001,0,49.900000000000006,-0.25361075908017205,-0.25361075908017205,0.57749257721242553,1.0140178146901786,0.81776722524547352,0.43342172583569305,0.2598610876480158
1.6000000000000001,0,49.950000000000003,-0.25361075908017205,-0.25361075908017205,0.57749257721242553,1.0140178146901786,0.81776722535726443,0.43342172590660272,0.25986108771753091
1.6000000000000001,0,50,-0.25361075908017205,-0.25361075908017205,0.57749257721242553,1.0140178146901786,0.81776722546490888,0.43342172597488332,0.25986108778447414
1.6000000000000001,0,50.050000000000004,-0.25361075908017205,-0.25361075908017205,0.57749257721242553,1.0140178146901786,0.81776722556856063,0.43342172604063234,0.25986108784894052
1.6000000000000001,0,50.100000000000001,-0.25361075908017205,-0.25361075908017205,0.57749257721242553,1.0140178146901786,0.8177672256683679,0.43342172610394358,0.25986108791102147
1.6000000000000001,0,50.150000000000006,-0.25361075908017205,-0.25361075908017205,0.57749257721242553,1.0140178146901786,0.81776722576447303,0.43342172616490748,0.2598610879708052
1.6000000000000001,0,50.200000000000003,-0.25361075908017205,-0.25361075908017205,0.57749257721242553,1.0140178146901786,0.81776722585701345,0.43342172622361103,0.2598610880283766
1.6000000000000001,0,50.25,-0.25361075908017205,-0.25361075908017205,0.57749257721242553,1.0140178146901786,0.81776722594612139,0.43342172628013792,0.2598610880838173
1.6000000000000001,0,50.300000000000004,-0.25361075908017205,-0.25361075908017205,0.57749257721242553,1.0140178146901786,0.81776722603192431,0.43342172633456894,0.25986108813720621
1.6000000000000001,0,50.350000000000001,-0.25361075908017205,-0.25361075908017205,0.57749257721242553,1.0140178146901786,0.81776722611454433,0.43342172638698168,0.25986108818861914
1.6000000000000001,0,50.400000000000006,-0.25361075908017205,-0.25361075908017205,0.57749257721242553,1.0140178146901786,0.81776722619409992,0.43342172643745092,0.25986108823812915
1.6000000000000001,0,50.450000000000003,-0.25361075908017205,-0.25361075908017205,0.57749257721242553,1.0140178146901786,0.81776722627070453,0.43342172648604865,0.25986108828580662
1.6000000000000001,0,50.5,-0.25361075908017205,-0.25361075908017205,0.57749257721242553,1.0140178146901786,0.81776722634446752,0.43342172653284439,0.25986108833171923
1.6000000000000001,0,50.550000000000004,-0.25361075908017205,-0.25361075908017205,0.57749257721242553,1.0140178146901786,0.8177672264154946,0.43342172657790495,0.25986108837593219
1.6000000000000001,0,50.600000000000001,-0.25361075908017205,-0.25361075908017205,0.57749257721242553,1.0140178146901786,0.817767226483887,0.43342172662129463,0.2598610884185083
1.6000000000000001,0,50.650000000000006,-0.25361075908017205,-0.25361075908017205,0.57749257721242553,1.0140178146901786,0.81776722654974254,0.43342172666307532,0.25986108845950823
1.6000000000000001,0,50.700000000000003,-0.25361075908017205,-0.25361075908017205,0.57749257721242553,1.0140178146901786,0.81776722661315548,0.43342172670330675,0.25986108849899014
1.6000000000000001,0,50.75,-0.25361075908017205,-0.25361075908017205,0.57749257721242553,1.0140178146901786,0.81776722667421586,0.43342172674204626,0.25986108853701029
1.6000000000000001,0,50.800000000000004,-0.25361075908017205,-0.25361075908017205,0.57749257721242553,1.0140178146901786,0.81776722673301161,0.43342172677934926,0.25986108857362261
1.6000000000000001,0,50.850000000000001,-0.25361075908017205,-0.25361075908017205,0.57749257721242553,1.0140178146901786,0.8177672267896261,0.43342172681526892,0.25986108860887924
1.6000000000000001,0,50.900000000000006,-0.25361075908017205,-0.25361075908017205,0.57749257721242553,1.0140178146901786,0.81776722684414083,0.43342172684985653,0.25986108864283036
1.6000000000000001,0,50.950000000000003,-0.25361075908017205,-0.25361075908017205,0.57749257721242553,1.0140178146901786,0.81776722689663317,0.43342172688316138,0.25986108867552427
1.6000000000000001,0,51,-0.25361075908017205,-0.25361075908017205,0.57749257721242553,1.0140178146901786,0.81776722694717841,0.43342172691523118,0.25986108870700747
1.6000000000000001,0,51.050000000000004,-0.25361075908017205,-0.25361075908017205,0.57749257721242553,1.0140178146901786,0.8177672269958487,0.43342172694611159,0.25986108873732472
1.6000000000000001,0,51.100000000000001,-0.25361075908017205,-0.25361075908017205,0.57749257721242553,1.0140178146901786,0.81776722704271376,0.4334217269758468,0.2598610887665192
1.6000000000000001,0,51.150000000000006,-0.25361075908017205,-0.25361075908017205,0.57749257721242553,1.0140178146901786,0.81776722708784022,0.43342172700447928,0.25986108879463243
1.6000000000000001,0,51.200000000000003,-0.25361075908017205,-0.25361075908017205,0.57749257721242553,1.0140178146901786,0.8177672271312928,0.43342172703205012,0.25986108882170433
1.6000000000000001,0,51.25,-0.25361075908017205,-0.25361075908017205,0.57749257721242553,1.0140178146901786,0.81776722717313366,0.43342172705859855,0.25986108884777342
1.6000000000000001,0,51.300000000000004,-0.25361075908017205,-0.25361075908017205,0.57749257721242553,1.0140178146901786,0.81776722721342232,0.43342172708416249,0.2598610888728769
1.6000000000000001,0,51.350000000000001,-0.25361075908017205,-0.25361075908017205,0.57749257721242553,1.0140178146901786,0.81776722725221651,0.43342172710877819,0.25986108889705056
1.6000000000000001,0,51.400000000000006,-0.25361075908017205,-0.25361075908017205,0.57749257721242553,1.0140178146901786,0.81776722728957152,0.43342172713248101,0.25986108892032878
1.6000000000000001,0,51.450000000000003,-0.25361075908017205,-0.25361075908017205,0.57749257721242553,1.0140178146901786,0.81776722732554108,0.43342172715530475,0.25986108894274468
1.6000000000000001,0,51.5,-0.25361075908017205,-0.25361075908017205,0.57749257721242553,1.0140178146901786,0.81776722736017615,0.433421727177282,0.25986108896433013
1.6000000000000001,0,51.550000000000004,-0.25361075908017205,-0.25361075908017205,0.57749257721242553,1.0140178146901786,0.81776722739352647,0.43342172719844424,0.25986108898511601
1.6000000000000001,0,51.600000000000001,-0.25361075908017205,-0.25361075908017205,0.57749257721242553,1.0140178146901786,0.81776722742563968,0.43342172721882161,0.25986108900513177
1.6000000000000001,0,51.650000000000006,-0.25361075908017205,-0.25361075908017205,0.57749257721242553,1.0140178146901786,0.81776722745656172,0.43342172723844324,0.25986108902440602
1.6000000000000001,0,51.700000000000003,-0.25361075908017205,-0.25361075908017205,0.57749257721242553,1.0140178146901786,0.81776722748633657,0.43342172725733713,0.25986108904296612
1.6000000000000001,0,51.75,-0.25361075908017205,-0.25361075908017205,0.57749257721242553,1.0140178146901786,0.81776722751500697,0.43342172727553019,0.25986108906083855
1.6000000000000001,0,51.800000000000004,-0.25361075908017205,-0.25361075908017205,0.57749257721242553,1.0140178146901786,0.81776722754261377,0.4334217272930484,0.25986108907804867
1.6000000000000001,0,51.850000000000001,-0.25361075908017205,-0.25361075908017205,0.57749257721242553,1.0140178146901786,0.81776722756919651,0.43342172730991674,0.25986108909462113
1.6000000000000001,0,51.900000000000006,-0.25361075908017205,-0.25361075908017205,0.57749257721242553,1.0140178146901786,0.81776722759479326,0.43342172732615947,0.25986108911057948
1.6000000000000001,0,51.950000000000003,-0.25361075908017205,-0.25361075908017205,0.57749257721242553,1.0140178146901786,0.81776722761944032,0.43342172734179979,0.25986108912594652
1.6000000000000001,0,52,-0.25361075908017205,-0.25361075908017205,0.57749257721242553,1.0140178146901786,0.81776722764317311,0.43342172735686019,0.25986108914074424
1.6000000000000001,0,52.050000000000004,-0.25361075908017205,-0.25361075908017205,0.57749257721242553,1.0140178146901786,0.8177672276660255,0.43342172737136214,0.25986108915499367
1.6000000000000001,0,52.100000000000001,-0.25361075908017205,-0.25361075908017205,0.57749257721242553,1.0140178146901786,0.81776722768803001,0.43342172738532636,0.25986108916871509
1.6000000000000001,0,52.150000000000006,-0.25361075908017205,-0.25361075908017205,0.57749257721242553,1.0140178146901786,0.81776722770921839,0.43342172739877244,0.25986108918192796
1.6000000000000001,0,52.200000000000003,-0.25361075908017205,-0.25361075908017205,0.57749257721242553,1.0140178146901786,0.81776722772962085,0.43342172741171975,0.25986108919465112
1.6000000000000001,0,52.25,-0.25361075908017205,-0.25361075908017205,0.57749257721242553,1.0140178146901786,0.81776722774926636,0.43342172742418689,0.25986108920690282
1.6000000000000001,0,52.300000000000004,-0.25361075908017205,-0.25361075908017205,0.57749257721242553,1.0140178146901786,0.817767227768183,0.43342172743619156,0.25986108921870038
1.6000000000000001,0,52.350000000000001,-0.25361075908017205,-0.25361075908017205,0.57749257721242553,1.0140178146901786,0.8177672277863981,0.43342172744775098,0.25986108923006079
1.6000000000000001,0,52.400000000000006,-0.25361075908017205,-0.25361075908017205,0.57749257721242553,1.0140178146901786,0.81776722780393729,0.43342172745888163,0.2598610892410001
1.6000000000000001,0,52.450000000000003,-0.25361075908017205,-0.25361075908017205,0.57749257721242553,1.0140178146901786,0.81776722782082589,0.43342172746959945,0.25986108925153395
1.6000000000000001,0,52.5,-0.25361075908017205,-0.25361075908017205,0.57749257721242553,1.0140178146901786,0.817767227837088,0.43342172747991969,0.25986108926167739
1.6000000000000001,0,52.550000000000004,-0.25361075908017205,-0.25361075908017205,0.57749257721242553,1.0140178146901786,0.81776722785274691,0.43342172748985713,0.25986108927144491
1.6000000000000001,0,52.600000000000001,-0.25361075908017205,-0.25361075908017205,0.57749257721242553,1.0140178146901786,0.81776722786782485,0.43342172749942603,0.25986108928085044
1.6000000000000001,0,52.650000000000006,-0.25361075908017205,-0.25361075908017205,0.57749257721242553,1.0140178146901786,0.81776722788234335,0.43342172750864005,0.25986108928990737
1.6000000000000001,0,52.700000000000003,-0.25361075908017205,-0.25361075908017205,0.57749257721242553,1.0140178146901786,0.8177672278963235,0.43342172751751223,0.25986108929862856
1.6000000000000001,0,52.75,-0.25361075908017205,-0.25361075908017205,0.57749257721242553,1.0140178146901786,0.81776722790978496,0.4334217275260554,0.2598610893070265
1.6000000000000001,0,52.800000000000004,-0.25361075908017205,-0.25361075908017205,0.57749257721242553,1.0140178146901786,0.81776722792274681,0.4334217275342816,0.25986108931511304
1.6000000000000001,0,52.850000000000001,-0.25361075908017205,-0.25361075908017205,0.57749257721242553,1.0140178146901786,0.81776722793522805,0.43342172754220265,0.25986108932289981
1.6000000000000001,0,52.900000000000006,-0.25361075908017205,-0.25361075908017205,0.57749257721242553,1.0140178146901786,0.81776722794724621,0.43342172754982988,0.25986108933039787
1.6000000000000001,0,52.950000000000003,-0.25361075908017205,-0.25361075908017205,0.57749257721242553,1.0140178146901786,0.81776722795881851,0.43342172755717423,0.25986108933761803
1.6000000000000001,0,53,-0.25361075908017205,-0.25361075908017205,0.57749257721242553,1.0140178146901786,0.8177672279699616,0.43342172756424613,0.25986108934457058
1.6000000000000001,0,53.050000000000004,-0.25361075908017205,-0.25361075908017205,0.57749257721242553,1.0140178146901786,0.81776722798069124,0.43342172757105574,0.2598610893512654
1.6000000000000001,0,53.100000000000001,-0.25361075908017205,-0.25361075908017205,0.57749257721242553,1.0140178146901786,0.81776722799102275,0.43342172757761271,0.25986108935771196
1.6000000000000001,0,53.150000000000006,-0.25361075908017205,-0.25361075908017205,0.57749257721242553,1.0140178146901786,0.81776722800097124,0.43342172758392655,0.25986108936391961
1.6000000000000001,0,53.200000000000003,-0.25361075908017205,-0.25361075908017205,0.57749257721242553,1.0140178146901786,0.81776722801055035,0.43342172759000613,0.2598610893698971
1.6000000000000001,0,53.25,-0.25361075908017205,-0.25361075908017205,0.57749257721242553,1.0140178146901786,0.81776722801977431,0.43342172759586017,0.259861089375653
1.6000000000000001,0,53.300000000000004,-0.25361075908017205,-0.25361075908017205,0.57749257721242553,1.0140178146901786,0.81776722802865598,0.43342172760149711,0.25986108938119551
1.6000000000000001,0,53.350000000000001,-0.25361075908017205,-0.25361075908017205,0.57749257721242553,1.0140178146901786,0.81776722803720836,0.43342172760692499,0.25986108938653252
1.6000000000000001,0,53.400000000000006,-0.25361075908017205,-0.25361075908017205,0.57749257721242553,1.0140178146901786,0.81776722804544333,0.43342172761215148,0.25986108939167163
1.6000000000000001,0,53.450000000000003,-0.25361075908017205,-0.25361075908017205,0.57749257721242553,1.0140178146901786,0.81776722805337276,0.43342172761718417,0.25986108939662017
1.6000000000000001,0,53.5,-0.25361075908017205,-0.25361075908017205,0.57749257721242553,1.0140178146901786,0.8177672280610081,0.43342172762203013,0.25986108940138519
1.6000000000000001,0,53.550000000000004,-0.25361075908017205,-0.25361075908017205,0.57749257721242553,1.0140178146901786,0.81776722806836022,0.43342172762669628,0.25986108940597363
1.6000000000000001,0,53.600000000000001,-0.25361075908017205,-0.25361075908017205,0.57749257721242553,1.0140178146901786,0.81776722807543956,0.43342172763118936,0.25986108941039193
1.6000000000000001,0,53.650000000000006,-0.25361075908017205,-0.25361075908017205,0.57749257721242553,1.0140178146901786,0.8177672280822561,0.43342172763551573,0.25986108941464642
1.6000000000000001,0,53.700000000000003,-0.25361075908017205,-0.25361075908017205,0.57749257721242553,1.0140178146901786,0.81776722808881985,0.43342172763968168,0.25986108941874325
1.6000000000000001,0,53.75,-0.25361075908017205,-0.25361075908017205,0.57749257721242553,1.0140178146901786,0.81776722809514024,0.43342172764369302,0.2598610894226881
1.6000000000000001,0,53.800000000000004,-0.25361075908017205,-0.25361075908017205,0.57749257721242553,1.0140178146901786,0.81776722810122604,0.4334217276475556,0.25986108942648672
1.6000000000000001,0,53.850000000000001,-0.25361075908017205,-0.25361075908017205,0.57749257721242553,1.0140178146901786,0.81776722810708602,0.4334217276512749,0.25986108943014441
1.6000000000000001,0,53.900000000000006,-0.25361075908017205,-0.25361075908017205,0.57749257721242553,1.0140178146901786,0.81776722811272884,0.43342172765485626,0.25986108943366654
1.6000000000000001,0,53.950000000000003,-0.25361075908017205,-0.25361075908017205,0.57749257721242553,1.0140178146901786,0.81776722811816216,0.43342172765830472,0.25986108943705805
1.6000000000000001,0,54,-0.25361075908017205,-0.25361075908017205,0.57749257721242553,1.0140178146901786,0.81776722812339386,0.43342172766162529,0.25986108944032377
1.6000000000000001,0,54.050000000000004,-0.25361075908017205,-0.25361075908017205,0.57749257721242553,1.0140178146901786,0.81776722812843161,0.43342172766482268,0.25986108944346847
1.6000000000000001,0,54.100000000000001,-0.25361075908017205,-0.25361075908017205,0.57749257721242553,1.0140178146901786,0.81776722813328229,0.43342172766790144,0.2598610894464965
1.6000000000000001,0,54.150000000000006,-0.25361075908017205,-0.25361075908017205,0.57749257721242553,1.0140178146901786,0.81776722813795311,0.43342172767086601,0.25986108944941227
1.6000000000000001,0,54.200000000000003,-0.25361075908017205,-0.25361075908017205,0.57749257721242553,1.0140178146901786,0.81776722814245073,0.43342172767372061,0.25986108945221997
1.6000000000000001,0,54.25,-0.25361075908017205,-0.25361075908017205,0.57749257721242553,1.0140178146901786,0.81776722814678149,0.4334217276764693,0.25986108945492348
1.6000000000000001,0,54.300000000000004,-0.25361075908017205,-0.25361075908017205,0.57749257721242553,1.0140178146901786,0.8177672281509516,0.43342172767911608,0.25986108945752678
1.6000000000000001,0,54.350000000000001,-0.25361075908017205,-0.25361075908017205,0.57749257721242553,1.0140178146901786,0.81776722815496694,0.4334217276816647,0.2598610894600335
1.6000000000000001,0,54.400000000000006,-0.25361075908017205,-0.25361075908017205,0.57749257721242553,1.0140178146901786,0.81776722815883329,0.43342172768411868,0.25986108946244724
1.6000000000000001,0,54.450000000000003,-0.25361075908017205,-0.25361075908017205,0.57749257721242553,1.0140178146901786,0.81776722816255609,0.43342172768648168,0.25986108946477149
1.6000000000000001,0,54.5,-0.25361075908017205,-0.25361075908017205,0.57749257721242553,1.0140178146901786,0.817767228166141,0.43342172768875697,0.25986108946700953
1.6000000000000001,0,54.550000000000004,-0.25361075908017205,-0.25361075908017205,0.57749257721242553,1.0140178146901786,0.8177672281695928,0.43342172769094789,0.25986108946916459
1.6000000000000001,0,54.600000000000001,-0.25361075908017205,-0.25361075908017205,0.57749257721242553,1.0140178146901786,0.81776722817291658,0.43342172769305753,0.25986108947123976
1.6000000000000001,0,54.650000000000006,-0.25361075908017205,-0.25361075908017205,0.57749257721242553,1.0140178146901786,0.81776722817611702,0.43342172769508891,0.25986108947323794
1.6000000000000001,0,54.700000000000003,-0.25361075908017205,-0.25361075908017205,0.57749257721242553,1.0140178146901786,0.81776722817919878,0.4334217276970449,0.25986108947516201
1.6000000000000001,0,54.75,-0.25361075908017205,-0.25361075908017205,0.57749257721242553,1.0140178146901786,0.81776722818216629,0.43342172769892839,0.25986108947701475
1.6000000000000001,0,54.800000000000004,-0.25361075908017205,-0.25361075908017205,0.57749257721242553,1.0140178146901786,0.81776722818502356,0.433421727700742,0.25986108947879877
1.6000000000000001,0,54.850000000000001,-0.25361075908017205,-0.25361075908017205,0.57749257721242553,1.0140178146901786,0.81776722818777481,0.43342172770248832,0.25986108948051662
1.6000000000000001,0,54.900000000000006,-0.25361075908017205,-0.25361075908017205,0.57749257721242553,1.0140178146901786,0.81776722819042413,0.43342172770416987,0.25986108948217074
1.6000000000000001,0,54.950000000000003,-0.25361075908017205,-0.25361075908017205,0.57749257721242553,1.0140178146901786,0.81776722819297509,0.43342172770578896,0.25986108948376346
1.6000000000000001,0,55,-0.25361075908017205,-0.25361075908017205,0.57749257721242553,1.0140178146901786,0.81776722819543124,0.43342172770734799,0.25986108948529718
1.6000000000000001,0,55.050000000000004,-0.25361075908017205,-0.25361075908017205,0.57749257721242553,1.0140178146901786,0.81776722819779635,0.43342172770884912,0.259861089486774
1.6000000000000001,0,55.100000000000001,-0.25361075908017205,-0.25361075908017205,0.57749257721242553,1.0140178146901786,0.81776722820007386,0.43342172771029458,0.25986108948819603
1.6000000000000001,0,55.150000000000006,-0.25361075908017205,-0.25361075908017205,0.57749257721242553,1.0140178146901786,0.81776722820226688,0.43342172771168641,0.25986108948956532
1.6000000000000001,0,55.200000000000003,-0.25361075908017205,-0.25361075908017205,0.57749257721242553,1.0140178146901786,0.81776722820437842,0.43342172771302667,0.25986108949088388
1.6000000000000001,0,55.25,-0.25361075908017205,-0.25361075908017205,0.57749257721242553,1.0140178146901786,0.81776722820641168,0.43342172771431731,0.25986108949215359
1.6000000000000001,0,55.300000000000004,-0.25361075908017205,-0.25361075908017205,0.57749257721242553,1.0140178146901786,0.81776722820836956,0.43342172771556009,0.25986108949337616
1.6000000000000001,0,55.350000000000001,-0.25361075908017205,-0.25361075908017205,0.57749257721242553,1.0140178146901786,0.81776722821025483,0.43342172771675674,0.25986108949455339
1.6000000000000001,0,55.400000000000006,-0.25361075908017205,-0.25361075908017205,0.57749257721242553,1.0140178146901786,0.81776722821207004,0.43342172771790893,0.25986108949568693
1.6000000000000001,0,55.450000000000003,-0.25361075908017205,-0.25361075908017205,0.57749257721242553,1.0140178146901786,0.81776722821381798,0.43342172771901843,0.25986108949677844
1.6000000000000001,0,55.5,-0.25361075908017205,-0.25361075908017205,0.57749257721242553,1.0140178146901786,0.81776722821550107,0.43342172772008675,0.25986108949782949
1.6000000000000001,0,55.550000000000004,-0.25361075908017205,-0.25361075908017205,0.57749257721242553,1.0140178146901786,0.81776722821712178,0.43342172772111542,0.25986108949884151
1.6000000000000001,0,55.600000000000001,-0.25361075908017205,-0.25361075908017205,0.57749257721242553,1.0140178146901786,0.8177672282186822,0.43342172772210596,0.25986108949981607
1.6000000000000001,0,55.650000000000006,-0.25361075908017205,-0.25361075908017205,0.57749257721242553,1.0140178146901786,0.81776722822018499,0.43342172772305976,0.25986108950075443
1.6000000000000001,0,55.700000000000003,-0.25361075908017205,-0.25361075908017205,0.57749257721242553,1.0140178146901786,0.81776722822163184,0.43342172772397819,0.25986108950165804
1.6000000000000001,0,55.75,-0.25361075908017205,-0.25361075908017205,0.57749257721242553,1.0140178146901786,0.81776722822302494,0.43342172772486254,0.25986108950252806
1.6000000000000001,0,55.800000000000004,-0.25361075908017205,-0.25361075908017205,0.57749257721242553,1.0140178146901786,0.81776722822436643,0.43342172772571402,0.25986108950336584
1.6000000000000001,0,55.850000000000001,-0.25361075908017205,-0.25361075908017205,0.57749257721242553,1.0140178146901786,0.81776722822565817,0.43342172772653387,0.25986108950417253
1.6000000000000001,0,55.900000000000006,-0.25361075908017205,-0.25361075908017205,0.57749257721242553,1.0140178146901786,0.81776722822690195,0.43342172772732329,0.25986108950494924
1.6000000000000001,0,55.950000000000003,-0.25361075908017205,-0.25361075908017205,0.57749257721242553,1.0140178146901786,0.81776722822809955,0.43342172772808346,0.2598610895056972
1.6000000000000001,0,56,-0.25361075908017205,-0.25361075908017205,0.57749257721242553,1.0140178146901786,0.81776722822925285,0.43342172772881543,0.2598610895064174
1.6000000000000001,0,56.050000000000004,-0.25361075908017205,-0.25361075908017205,0.57749257721242553,1.0140178146901786,0.8177672282303633,0.43342172772952031,0.25986108950711095
1.6000000000000001,0,56.100000000000001,-0.25361075908017205,-0.25361075908017205,0.57749257721242553,1.0140178146901786,0.81776722823143255,0.43342172773019916,0.25986108950777875
1.6000000000000001,0,56.150000000000006,-0.25361075908017205,-0.25361075908017205,0.57749257721242553,1.0140178146901786,0.81776722823246217,0.43342172773085269,0.25986108950842179
1.6000000000000001,0,56.200000000000003,-0.25361075908017205,-0.25361075908017205,0.57749257721242553,1.0140178146901786,0.8177672282334536,0.43342172773148196,0.25986108950904097
1.6000000000000001,0,56.25,-0.25361075908017205,-0.25361075908017205,0.57749257721242553,1.0140178146901786,0.81776722823440828,0.43342172773208792,0.25986108950963716
1.6000000000000001,0,56.300000000000004,-0.25361075908017205,-0.25361075908017205,0.57749257721242553,1.0140178146901786,0.81776722823532744,0.4334217277326714,0.25986108951021125
1.6000000000000001,0,56.350000000000001,-0.25361075908017205,-0.25361075908017205,0.57749257721242553,1.0140178146901786,0.81776722823621262,0.43342172773323323,0.25986108951076403
1.6000000000000001,0,56.400000000000006,-0.25361075908017205,-0.25361075908017205,0.57749257721242553,1.0140178146901786,0.81776722823706482,0.43342172773377424,0.25986108951129638
1.6000000000000001,0,56.450000000000003,-0.25361075908017205,-0.25361075908017205,0.57749257721242553,1.0140178146901786,0.8177672282378855,0.43342172773429521,0.25986108951180892
1.6000000000000001,0,56.5,-0.25361075908017205,-0.25361075908017205,0.57749257721242553,1.0140178146901786,0.81776722823867576,0.43342172773479681,0.25986108951230247
1.6000000000000001,0,56.550000000000004,-0.25361075908017205,-0.25361075908017205,0.57749257721242553,1.0140178146901786,0.81776722823943659,0.43342172773527976,0.25986108951277764
1.6000000000000001,0,56.600000000000001,-0.25361075908017205,-0.25361075908017205,0.57749257721242553,1.0140178146901786,0.81776722824016934,0.43342172773574467,0.25986108951323517
1.6000000000000001,0,56.650000000000006,-0.25361075908017205,-0.25361075908017205,0.57749257721242553,1.0140178146901786,0.81776722824087478,0.43342172773619231,0.25986108951367565
1.6000000000000001,0,56.700000000000003,-0.25361075908017205,-0.25361075908017205,0.57749257721242553,1.0140178146901786,0.81776722824155401,0.43342172773662324,0.25986108951409981
1.6000000000000001,0,56.75,-0.25361075908017205,-0.25361075908017205,0.57749257721242553,1.0140178146901786,0.81776722824220804,0.4334217277370383,0.2598610895145082
1.6000000000000001,0,56.800000000000004,-0.25361075908017205,-0.25361075908017205,0.57749257721242553,1.0140178146901786,0.81776722824283787,0.43342172773743803,0.25986108951490161
1.6000000000000001,0,56.850000000000001,-0.25361075908017205,-0.25361075908017205,0.57749257721242553,1.0140178146901786,0.81776722824344439,0.43342172773782311,0.25986108951528047
1.6000000000000001,0,56.900000000000006,-0.25361075908017205,-0.25361075908017205,0.57749257721242553,1.0140178146901786,0.81776722824402848,0.43342172773819398,0.2598610895156454
1.6000000000000001,0,56.950000000000003,-0.25361075908017205,-0.25361075908017205,0.57749257721242553,1.0140178146901786,0.8177672282445908,0.43342172773855098,0.25986108951599662
1.6000000000000001,0,57,-0.25361075908017205,-0.25361075908017205,0.57749257721242553,1.0140178146901786,0.81776722824513215,0.4334217277388947,0.25986108951633485
1.6000000000000001,0,57.050000000000004,-0.25361075908017205,-0.25361075908017205,0.57749257721242553,1.0140178146901786,0.81776722824565351,0.43342172773922566,0.25986108951666048
1.6000000000000001,0,57.100000000000001,-0.25361075908017205,-0.25361075908017205,0.57749257721242553,1.0140178146901786,0.81776722824615555,0.43342172773954435,0.25986108951697406
1.6000000000000001,0,57.150000000000006,-0.25361075908017205,-0.25361075908017205,0.57749257721242553,1.0140178146901786,0.81776722824663894,0.43342172773985121,0.25986108951727599
1.6000000000000001,0,57.200000000000003,-0.25361075908017205,-0.25361075908017205,0.57749257721242553,1.0140178146901786,0.81776722824710446,0.43342172774014676,0.25986108951756676
1.6000000000000001,0,57.25,-0.25361075908017205,-0.25361075908017205,0.57749257721242553,1.0140178146901786,0.81776722824755266,0.43342172774043131,0.2598610895178467
1.6000000000000001,0,57.300000000000004,-0.25361075908017205,-0.25361075908017205,0.57749257721242553,1.0140178146901786,0.8177672282479842,0.43342172774070525,0.25986108951811626
1.6000000000000001,0,57.350000000000001,-0.25361075908017205,-0.25361075908017205,0.57749257721242553,1.0140178146901786,0.81776722824839987,0.43342172774096899,0.25986108951837583
1.6000000000000001,0,57.400000000000006,-0.25361075908017205,-0.25361075908017205,0.57749257721242553,1.0140178146901786,0.81776722824879988,0.43342172774122273,0.25986108951862574
1.6000000000000001,0,57.450000000000003,-0.25361075908017205,-0.25361075908017205,0.57749257721242553,1.0140178146901786,0.81776722824918524,0.43342172774146698,0.25986108951886638
1.6000000000000001,0,57.5,-0.25361075908017205,-0.25361075908017205,0.57749257721242553,1.0140178146901786,0.81776722824955617,0.43342172774170212,0.25986108951909809
1.6000000000000001,0,57.550000000000004,-0.25361075908017205,-0.25361075908017205,0.57749257721242553,1.0140178146901786,0.81776722824991344,0.43342172774192861,0.25986108951932119
1.6000000000000001,0,57.600000000000001,-0.25361075908017205,-0.25361075908017205,0.57749257721242553,1.0140178146901786,0.81776722825025727,0.43342172774214693,0.25986108951953601
1.6000000000000001,0,57.650000000000006,-0.25361075908017205,-0.25361075908017205,0.57749257721242553,1.0140178146901786,0.81776722825058856,0.43342172774235738,0.25986108951974296
1.6000000000000001,0,57.700000000000003,-0.25361075908017205,-0.25361075908017205,0.57749257721242553,1.0140178146901786,0.81776722825090753,0.43342172774256016,0.25986108951994225
1.6000000000000001,0,57.75,-0.25361075908017205,-0.25361075908017205,0.57749257721242553,1.0140178146901786,0.81776722825121462,0.43342172774275523,0.25986108952013409
1.6000000000000001,0,57.800000000000004,-0.25361075908017205,-0.25361075908017205,0.57749257721242553,1.0140178146901786,0.81776722825151027,0.43342172774294296,0.25986108952031878
1.6000000000000001,0,57.850000000000001,-0.25361075908017205,-0.25361075908017205,0.57749257721242553,1.0140178146901786,0.81776722825179504,0.43342172774312371,0.25986108952049664
1.6000000000000001,0,57.900000000000006,-0.25361075908017205,-0.25361075908017205,0.57749257721242553,1.0140178146901786,0.81776722825206916,0.43342172774329779,0.25986108952066794
1.6000000000000001,0,57.950000000000003,-0.25361075908017205,-0.25361075908017205,0.57749257721242553,1.0140178146901786,0.81776722825233317,0.43342172774346538,0.25986108952083287
1.6000000000000001,0,58,-0.25361075908017205,-0.25361075908017205,0.57749257721242553,1.0140178146901786,0.81776722825258741,0.43342172774362675,0.25986108952099163
1.6000000000000001,0,58.050000000000004,-0.25361075908017205,-0.25361075908017205,0.57749257721242553,1.0140178146901786,0.81776722825283232,0.43342172774378213,0.25986108952114456
1.6000000000000001,0,58.100000000000001,-0.25361075908017205,-0.25361075908017205,0.57749257721242553,1.0140178146901786,0.81776722825306791,0.43342172774393178,0.25986108952129183
1.6000000000000001,0,58.150000000000006,-0.25361075908017205,-0.25361075908017205,0.57749257721242553,1.0140178146901786,0.81776722825329495,0.43342172774407589,0.25986108952143355
1.6000000000000001,0,58.200000000000003,-0.25361075908017205,-0.25361075908017205,0.57749257721242553,1.0140178146901786,0.81776722825351356,0.43342172774421472,0.25986108952157
1.6000000000000001,0,58.25,-0.25361075908017205,-0.25361075908017205,0.57749257721242553,1.0140178146901786,0.81776722825372417,0.4334217277443484,0.25986108952170134
1.6000000000000001,0,58.300000000000004,-0.25361075908017205,-0.25361075908017205,0.57749257721242553,1.0140178146901786,0.81776722825392678,0.43342172774447718,0.25986108952182785
1.6000000000000001,0,58.350000000000001,-0.25361075908017205,-0.25361075908017205,0.57749257721242553,1.0140178146901786,0.81776722825412196,0.43342172774460114,0.25986108952194964
1.6000000000000001,0,58.400000000000006,-0.25361075908017205,-0.25361075908017205,0.57749257721242553,1.0140178146901786,0.81776722825430981,0.43342172774472043,0.25986108952206699
1.6000000000000001,0,58.450000000000003,-0.25361075908017205,-0.25361075908017205,0.57749257721242553,1.0140178146901786,0.81776722825449066,0.43342172774483523,0.25986108952218007
1.6000000000000001,0,58.5,-0.25361075908017205,-0.25361075908017205,0.57749257721242553,1.0140178146901786,0.81776722825466464,0.4334217277449457,0.25986108952228898
1.6000000000000001,0,58.550000000000004,-0.25361075908017205,-0.25361075908017205,0.57749257721242553,1.0140178146901786,0.8177672282548325,0.43342172774505211,0.25986108952239378
1.6000000000000001,0,58.600000000000001,-0.25361075908017205,-0.25361075908017205,0.57749257721242553,1.0140178146901786,0.81776722825499393,0.43342172774515458,0.25986108952249465
1.6000000000000001,0,58.650000000000006,-0.25361075908017205,-0.25361075908017205,0.57749257721242553,1.0140178146901786,0.81776722825514947,0.43342172774525334,0.25986108952259179
1.6000000000000001,0,58.700000000000003,-0.25361075908017205,-0.25361075908017205,0.57749257721242553,1.0140178146901786,0.81776722825529913,0.43342172774534837,0.25986108952268533
1.6000000000000001,0,58.75,-0.25361075908017205,-0.25361075908017205,0.57749257721242553,1.0140178146901786,0.81776722825544335,0.43342172774543986,0.25986108952277542
1.6000000000000001,0,58.800000000000004,-0.25361075908017205,-0.25361075908017205,0.57749257721242553,1.0140178146901786,0.81776722825558223,0.43342172774552801,0.25986108952286219
1.6000000000000001,0,58.850000000000001,-0.25361075908017205,-0.25361075908017205,0.57749257721242553,1.0140178146901786,0.81776722825571579,0.43342172774561283,0.25986108952294573
1.6000000000000001,0,58.900000000000006,-0.25361075908017205,-0.25361075908017205,0.57749257721242553,1.0140178146901786,0.81776722825584458,0.43342172774569454,0.25986108952302617
1.6000000000000001,0,58.950000000000003,-0.25361075908017205,-0.25361075908017205,0.57749257721242553,1.0140178146901786,0.81776722825596859,0.43342172774577326,0.25986108952310361
1.6000000000000001,0,59,-0.25361075908017205,-0.25361075908017205,0.57749257721242553,1.0140178146901786,0.81776722825608794,0.43342172774584914,0.25986108952317816
1.6000000000000001,0,59.050000000000004,-0.25361075908017205,-0.25361075908017205,0.57749257721242553,1.0140178146901786,0.81776722825620285,0.43342172774592225,0.25986108952324988
1.6000000000000001,0,59.100000000000001,-0.25361075908017205,-0.25361075908017205,0.57749257721242553,1.0140178146901786,0.81776722825631365,0.43342172774599264,0.25986108952331893
1.6000000000000001,0,59.150000000000006,-0.25361075908017205,-0.25361075908017205,0.57749257721242553,1.0140178146901786,0.81776722825642023,0.43342172774606036,0.25986108952338544
1.6000000000000001,0,59.200000000000003,-0.25361075908017205,-0.25361075908017205,0.57749257721242553,1.0140178146901786,0.81776722825652293,0.43342172774612547,0.25986108952344955
1.6000000000000001,0,59.25,-0.25361075908017205,-0.25361075908017205,0.57749257721242553,1.0140178146901786,0.81776722825662151,0.43342172774618809,0.25986108952351128
1.6000000000000001,0,59.300000000000004,-0.25361075908017205,-0.25361075908017205,0.57749257721242553,1.0140178146901786,0.81776722825671666,0.43342172774624832,0.25986108952357079
1.6000000000000001,0,59.350000000000001,-0.25361075908017205,-0.25361075908017205,0.57749257721242553,1.0140178146901786,0.81776722825680814,0.43342172774630638,0.25986108952362802
1.6000000000000001,0,59.400000000000006,-0.25361075908017205,-0.25361075908017205,0.57749257721242553,1.0140178146901786,0.81776722825689629,0.43342172774636234,0.25986108952368314
1.6000000000000001,0,59.450000000000003,-0.25361075908017205,-0.25361075908017205,0.57749257721242553,1.0140178146901786,0.81776722825698134,0.43342172774641624,0.25986108952373621
1.6000000000000001,0,59.5,-0.25361075908017205,-0.25361075908017205,0.57749257721242553,1.0140178146901786,0.81776722825706305,0.43342172774646814,0.25986108952378728
1.6000000000000001,0,59.550000000000004,-0.25361075908017205,-0.25361075908017205,0.57749257721242553,1.0140178146901786,0.81776722825714177,0.4334217277465181,0.25986108952383652
1.6000000000000001,0,59.600000000000001,-0.25361075908017205,-0.25361075908017205,0.57749257721242553,1.0140178146901786,0.8177672282572177,0.43342172774656618,0.25986108952388387
1.6000000000000001,0,59.650000000000006,-0.25361075908017205,-0.25361075908017205,0.57749257721242553,1.0140178146901786,0.81776722825729053,0.43342172774661258,0.2598610895239295
1.6000000000000001,0,59.700000000000003,-0.25361075908017205,-0.25361075908017205,0.57749257721242553,1.0140178146901786,0.81776722825736092,0.43342172774665733,0.25986108952397347
1.6000000000000001,0,59.75,-0.25361075908017205,-0.25361075908017205,0.57749257721242553,1.0140178146901786,0.81776722825742865,0.43342172774670051,0.25986108952401576
1.6000000000000001,0,59.800000000000004,-0.25361075908017205,-0.25361075908017205,0.57749257721242553,1.0140178146901786,0.81776722825749393,0.4334217277467422,0.25986108952405645
1.6000000000000001,0,59.850000000000001,-0.25361075908017205,-0.25361075908017205,0.57749257721242553,1.0140178146901786,0.81776722825755688,0.43342172774678223,0.25986108952409565
1.6000000000000001,0,59.900000000000006,-0.25361075908017205,-0.25361075908017205,0.57749257721242553,1.0140178146901786,0.81776722825761716,0.43342172774682058,0.25986108952413339
1.6000000000000001,0,59.950000000000003,-0.25361075908017205,-0.25361075908017205,0.57749257721242553,1.0140178146901786,0.81776722825767534,0.43342172774685733,0.25986108952416975
1.6000000000000001,0,60,-0.25361075908017205,-0.25361075908017205,0.57749257721242553,1.0140178146901786,0.81776722825773129,0.43342172774689264,0.25986108952420478
1.6000000000000001,6,0,0,0,0.49375703109374641,1.2149831253750085,0.92414181997875655,0.080000000000000002,0.080000000000000002
1.6000000000000001,6,0.050000000000000003,0,0,0.49375703109374641,1.2149831253750085,0.91811127436099371,0.11440585576504275,0.095811452925373797
1.6000000000000001,6,0.10000000000000001,0,0,0.49375703109374641,1.2149831253750085,0.91262235906329536,0.14602383355142409,0.11055765859958223
1.6000000000000001,6,0.15000000000000002,0,0,0.49375703109374641,1.2149831253750085,0.90760752903982322,0.17509600387397128,0.12431628612998964
1.6000000000000001,6,0.20000000000000001,0,0,0.49375703109374641,1.2149831253750085,0.90300852582619762,0.20184043049055875,0.13715829699083307
1.6000000000000001,6,0.25,0,0,0.49375703109374641,1.2149831253750085,0.89877544455615421,0.22645405610708719,0.14914868258917313
1.6000000000000001,6,0.30000000000000004,0,0,0.49375703109374641,1.2149831253750085,0.89486562922549628,0.24911516877911807,0.16034710388571738
1.6000000000000001,6,0.35000000000000003,0,0,0.49375703109374641,1.2149831253750085,0.89124260171245839,0.269985514817074,0.1708084450260953
1.6000000000000001,6,0.40000000000000002,0,0,0.49375703109374641,1.2149831253750085,0.8878751041691636,0.28921211523880669,0.18058329280521565
1.6000000000000001,6,0.45000000000000001,0,0,0.49375703109374641,1.2149831253750085,0.88473627237229469,0.30692883618852274,0.18971835397180598
1.6000000000000001,6,0.5,0,0,0.49375703109374641,1.2149831253750085,0.88180293805879861,0.32325775249520095,0.19825681944374091
1.6000000000000001,6,0.55000000000000004,0,0,0.49375703109374641,1.2149831253750085,0.87905504493908404,0.33831033820920159,0.20623868404044046
1.6000000000000001,6,0.60000000000000009,0,0,0.49375703109374641,1.2149831253750085,0.8764751616008607,0.35218851179390392,0.21370102885747008
1.6000000000000001,6,0.65000000000000002,0,0,0.49375703109374641,1.2149831253750085,0.87404807761397019,0.36498555660634557,0.22067827119951564
1.6000000000000001,6,0.70000000000000007,0,0,0.49375703109374641,1.2149831253750085,0.87176046673001228,0.37678693645486311,0.2272023875440719
1.6000000000000001,6,0.75,0,0,0.49375703109374641,1.2149831253750085,0.86960060769053116,0.38767101919164604,0.23330311246756358
1.6000000000000001,6,0.80000000000000004,0,0,0.49375703109374641,1.2149831253750085,0.86755814922208707,0.39770972388486708,0.23900811814679274
1.6000000000000001,6,0.85000000000000009,0,0,0.49375703109374641,1.2149831253750085,0.86562391556694884,0.40696909775507445,0.24434317525174568
1.6000000000000001,6,0.90000000000000002,0,0,0.49375703109374641,1.2149831253750085,0.86378974164254863,0.41550983558290927,0.24933229923209904
1.6000000000000001,6,0.95000000000000007,0,0,0.49375703109374641,1.2149831253750085,0.86204833550094084,0.423387745356545,0.25399788240099047
1.6000000000000001,6,1,0,0,0.49375703109374641,1.2149831253750085,0.86039316114381126,0.43065416984391386,0.25836081476574702
1.6000000000000001,6,1.05,0,0,0.49375703109374641,1.2149831253750085,0.85881833968403332,0.43735636672107864,0.26244059392749253
1.6000000000000001,6,1.1000000000000001,0,0,0.49375703109374641,1.2149831253750085,0.85731856566951681,0.44353785247322097,0.26625542547343839
1.6000000000000001,6,1.1500000000000001,0,0,0.49375703109374641,1.2149831253750085,0.85588903505461023,0.44923871550748634,0.269822315382935
1.6000000000000001,6,1.2000000000000002,0,0,0.49375703109374641,1.2149831253750085,0.85452538430172231,0.45449589898156295,0.27315715433711679
1.6000000000000001,6,1.25,0,0,0.49375703109374641,1.2149831253750085,0.8532236377607606,0.45934345937399601,0.27627479566136437
1.6000000000000001,6,1.3,0,0,0.49375703109374641,1.2149831253750085,0.85198016194112691,0.46381280292825017,0.27918912739757623
1.6000000000000001,6,1.3500000000000001,0,0,0.49375703109374641,1.2149831253750085,0.85079162719859569,0.46793289849818814,0.28191313792567596
1.6000000000000001,6,1.4000000000000001,0,0,0.49375703109374641,1.2149831253750085,0.84965497356621233,0.47173047472748564,0.28445897745340953
1.6000000000000001,6,1.4500000000000002,0,0,0.49375703109374641,1.2149831253750085,0.84856738147664124,0.47523019925288967,0.28683801456879093
1.6000000000000001,6,1.5,0,0,0.49375703109374641,1.2149831253750085,0.8475262464211275,0.47845484173305197,0.28906088837758243
1.6000000000000001,6,1.55,0,0,0.49375703109374641,1.2149831253750085,0.84652915668954332,0.48142542427123014,0.29113755713226591
1.6000000000000001,6,1.6000000000000001,0,0,0.49375703109374641,1.2149831253750085,0.84557387354365732,0.48416136085458567,0.29307734376320138
1.6000000000000001,6,1.6500000000000001,0,0,0.49375703109374641,1.2149831253750085,0.84465831462922791,0.48668058105269385,0.29488897706749434
1.6000000000000001,6,1.7000000000000002,0,0,0.49375703109374641,1.2149831253750085,0.84378053872867631,0.48899964706612953,0.29658063092235026
1.6000000000000001,6,1.75,0,0,0.49375703109374641,1.2149831253750085,0.84293873255056551,0.49113386044183327,0.29815996053160754
1.6000000000000001,6,1.8,0,0,0.49375703109374641,1.2149831253750085,0.84213119905537481,0.49309735945112548,0.29963413600905042
1.6000000000000001,6,1.8500000000000001,0,0,0.49375703109374641,1.2149831253750085,0.84135634715338581,0.49490320827904405,0.30100987357776782
1.6000000000000001,6,1.9000000000000001,0,0,0.49375703109374641,1.2149831253750085,0.84061268249639787,0.49656348022425545,0.30229346491713216
1.6000000000000001,6,1.9500000000000002,0,0,0.49375703109374641,1.2149831253750085,0.83989879917071975,0.49808933549384188,0.30349080481027824
1.6000000000000001,6,2,0,0,0.49375703109374641,1.2149831253750085,0.83921337259224182,0.49949108860358943,0.30460741593911433
1.6000000000000001,6,2.0500000000000003,0,0,0.49375703109374641,1.2149831253750085,0.8385551528912224,0.50077827407551945,0.30564847288352076
1.6000000000000001,6,2.1000000000000001,0,0,0.49375703109374641,1.2149831253750085,0.83792295908516523,0.50195970617465624,0.30661882433217474
1.6000000000000001,6,2.1499999999999999,0,0,0.49375703109374641,1.2149831253750085,0.83731567383129002,0.50304353366184229,0.30752301375773972
1.6000000000000001,6,2.2000000000000002,0,0,0.49375703109374641,1.2149831253750085,0.83673223870451352,0.5040372897731652,0.30836529861934509
1.6000000000000001,6,2.25,0,0,0.49375703109374641,1.2149831253750085,0.83617164994495274,0.50494793856321551,0.30914966836841151
1.6000000000000001,6,2.3000000000000003,0,0,0.49375703109374641,1.2149831253750085,0.835632954606362,0.50578191880338275,0.30987986154652386
1.6000000000000001,6,2.3500000000000001,0,0,0.49375703109374641,1.2149831253750085,0.83511524705412976,0.50654518457308473,0.31055938179113163
1.6000000000000001,6,2.4000000000000004,0,0,0.49375703109374641,1.2149831253750085,0.83461766582309993,0.5072432393862546,0.31119151203865325
1.6000000000000001,6,2.4500000000000002,0,0,0.49375703109374641,1.2149831253750085,0.83413939071608534,0.50788117151811918,0.31177932869783259
1.6000000000000001,6,2.5,0,0,0.49375703109374641,1.2149831253750085,0.83367964019294349,0.50846368523464647,0.31232571459480135
1.6000000000000001,6,2.5500000000000003,0,0,0.49375703109374641,1.2149831253750085,0.83323766897014784,0.50899512968209493,0.31283337109914278
1.6000000000000001,6,2.6000000000000001,0,0,0.49375703109374641,1.2149831253750085,0.83281276581263697,0.50947952518869799,0.31330482938427634
1.6000000000000001,6,2.6500000000000004,0,0,0.49375703109374641,1.2149831253750085,0.83240425151169739,0.50992058759863246,0.31374246098125447
1.6000000000000001,6,2.7000000000000002,0,0,0.49375703109374641,1.2149831253750085,0.83201147704040834,0.51032175127001278,0.31414848778774829
1.6000000000000001,6,2.75,0,0,0.49375703109374641,1.2149831253750085,0.83163382187437906,0.51068619128625115,0.31452499167400205
1.6000000000000001,6,2.8000000000000003,0,0,0.49375703109374641,1.2149831253750085,0.83127069239287321,0.51101684196509078,0.31487392299125549
1.6000000000000001,6,2.8500000000000001,0,0,0.49375703109374641,1.2149831253750085,0.83092152040790324,0.51131641419865848,0.31519710860332389
1.6000000000000001,6,2.9000000000000004,0,0,0.49375703109374641,1.2149831253750085,0.8305857618332485,0.51158741293544896,0.31549625976196521
1.6000000000000001,6,2.9500000000000002,0,0,0.49375703109374641,1.2149831253750085,0.83026289544008347,0.51183215259459047,0.31577297931382264
1.6000000000000001,6,3,0,0,0.49375703109374641,1.2149831253750085,0.82995242169135663,0.51205277128322191,0.31602876844026034
1.6000000000000001,6,3.0500000000000003,0,0,0.49375703109374641,1.2149831253750085,0.82965386164737931,0.51225124373232467,0.31626503291935176
1.6000000000000001,6,3.1000000000000001,0,0,0.49375703109374641,1.2149831253750085,0.82936675594657872,0.51242939327709658,0.31648308900157146
1.6000000000000001,6,3.1500000000000004,0,0,0.49375703109374641,1.2149831253750085,0.82909066386484687,0.51258890320795614,0.31668416899073937
1.6000000000000001,6,3.2000000000000002,0,0,0.49375703109374641,1.2149831253750085,0.82882516245643445,0.51273132781826525,0.31686942662176898
1.6000000000000001,6,3.25,0,0,0.49375703109374641,1.2149831253750085,0.8285698457417966,0.51285810251498321,0.31703994207207165
1.6000000000000001,6,3.3000000000000003,0,0,0.49375703109374641,1.2149831253750085,0.82832432385742694,0.51297055092237698,0.31719672606671195
1.6000000000000001,6,3.3500000000000001,0,0,0.49375703109374641,1.2149831253750085,0.82808822237103852,0.51306989438777428,0.31734072450452866
1.6000000000000001,6,3.4000000000000004,0,0,0.49375703109374641,1.2149831253750085,0.82786118158919719,0.51315725949210078,0.31747282246041852
1.6000000000000001,6,3.4500000000000002,0,0,0.49375703109374641,1.2149831253750085,0.82764285591407682,0.51323368525686286,0.31759384800983087
1.6000000000000001,6,3.5,0,0,0.49375703109374641,1.2149831253750085,0.8274329132267727,0.51330012964477068,0.31770457576445588
1.6000000000000001,6,3.5500000000000003,0,0,0.49375703109374641,1.2149831253750085,0.82723103429998668,0.51335747548241117,0.31780573016125013
1.6000000000000001,6,3.6000000000000001,0,0,0.49375703109374641,1.2149831253750085,0.8270369122440947,0.51340653596705133,0.31789798855600143
1.6000000000000001,6,3.6500000000000004,0,0,0.49375703109374641,1.2149831253750085,0.82685025199047724,0.51344805991965259,0.31798198417263318
1.6000000000000001,6,3.7000000000000002,0,0,0.49375703109374641,1.2149831253750085,0.82667076981585297,0.51348273694617852,0.31805830895945086
1.6000000000000001,6,3.75,0,0,0.49375703109374641,1.2149831253750085,0.8264981929018993,0.51351120247363047,0.31812751634470332
1.6000000000000001,6,3.8000000000000003,0,0,0.49375703109374641,1.2149831253750085,0.82633225882840167,0.51353404058930818,0.31819012327616858
1.6000000000000001,6,3.8500000000000001,0,0,0.49375703109374641,1.2149831253750085,0.82617271517352375,0.51355178835384807,0.3182466126418067
1.6000000000000001,6,3.9000000000000004,0,0,0.49375703109374641,1.2149831253750085,0.82601931911975757,0.51356493951437343,0.31829743545300754
1.6000000000000001,6,3.9500000000000002,0,0,0.49375703109374641,1.2149831253750085,0.82587183707247236,0.51357394780336241,0.318343012860754
1.6000000000000001,6,4,0,0,0.49375703109374641,1.2149831253750085,0.82573004429567287,0.51357923000573014,0.31838373804629627
1.6000000000000001,6,4.0499999999999998,0,0,0.49375703109374641,1.2149831253750085,0.82559372455957292,0.51358116870971759,0.31841997796453558
1.6000000000000001,6,4.1000000000000005,0,0,0.49375703109374641,1.2149831253750085,0.82546266980241501,0.51358011481832544,0.31845207496794803
1.6000000000000001,6,4.1500000000000004,0,0,0.49375703109374641,1.2149831253750085,0.82533667980893,0.51357638989803245,0.31848034833887956
1.6000000000000001,6,4.2000000000000002,0,0,0.49375703109374641,1.2149831253750085,0.82521556190778844,0.51357028844153696,0.31850509575804287
1.6000000000000001,6,4.25,0,0,0.49375703109374641,1.2149831253750085,0.82509913069034646,0.51356208012125948,0.3185265947370472
1.6000000000000001,6,4.2999999999999998,0,0,0.49375703109374641,1.2149831253750085,0.82498720775255896,0.51355201210252444,0.31854510404006159
1.6000000000000001,6,4.3500000000000005,0,0,0.49375703109374641,1.2149831253750085,0.824879621400334,0.51354031028541736,0.31856086470505229
1.6000000000000001,6,4.4000000000000004,0,0,0.49375703109374641,1.2149831253750085,0.82477620637610538,0.51352718060791613,0.31857410106085932
1.6000000000000001,6,4.4500000000000002,0,0,0.49375703109374641,1.2149831253750085,0.82467680364271956,0.51351281112634406,0.31858502197508887
1.6000000000000001,6,4.5,0,0,0.49375703109374641,1.2149831253750085,0.82458126014128308,0.51349737327893508,0.3185938218042943
1.6000000000000001,6,4.5499999999999998,0,0,0.49375703109374641,1.2149831253750085,0.82448942856848206,0.51348102324382516,0.31860068135058556
1.6000000000000001,6,4.6000000000000005,0,0,0.49375703109374641,1.2149831253750085,0.82440116715948042,0.51346390313542067,0.31860576873423985
1.6000000000000001,6,4.6500000000000004,0,0,0.49375703109374641,1.2149831253750085,0.82431633947751237,0.51344614207332784,0.31860924019680237
1.6000000000000001,6,4.7000000000000002,0,0,0.49375703109374641,1.2149831253750085,0.82423481421126743,0.51342785715803052,0.3186112408491667
1.6000000000000001,6,4.75,0,0,0.49375703109374641,1.2149831253750085,0.82415646498115858,0.51340915438749957,0.31861190537912537
1.6000000000000001,6,4.8000000000000007,0,0,0.49375703109374641,1.2149831253750085,0.82408117015553639,0.51339012954891983,0.31861135873287949
1.6000000000000001,6,4.8500000000000005,0,0,0.49375703109374641,1.2149831253750085,0.82400881267791193,0.51337086911972085,0.318609716784997
1.6000000000000001,6,4.9000000000000004,0,0,0.49375703109374641,1.2149831253750085,0.82393927990622717,0.51335145121209425,0.31860708701131046
1.6000000000000001,6,4.9500000000000002,0,0,0.49375703109374641,1.2149831253750085,0.82387246345472154,0.51333194638647572,0.31860356909410437
1.6000000000000001,6,5,0,0,0.49375703109374641,1.2149831253750085,0.82380825899417409,0.51331241747039591,0.31859925511246856
1.6000000000000001,6,5.0500000000000007,0,0,0.49375703109374641,1.2149831253750085,0.8237465661315978,0.51329292077418742,0.31859423028329781
1.6000000000000001,6,5.1000000000000005,0,0,0.49375703109374641,1.2149831253750085,0.82368728825958004,0.5132735065395051,0.31858857337668733
1.6000000000000001,6,5.1500000000000004,0,0,0.49375703109374641,1.2149831253750085,0.82363033241598904,0.51325421945705751,0.31858235715514016
1.6000000000000001,6,5.2000000000000002,0,0,0.49375703109374641,1.2149831253750085,0.82357560914962025,0.51323509915698262,0.31857564878763062
1.6000000000000001,6,5.25,0,0,0.49375703109374641,1.2149831253750085,0.82352303238959101,0.51321618063469299,0.31856851022431526
1.6000000000000001,6,5.3000000000000007,0,0,0.49375703109374641,1.2149831253750085,0.82347251931884058,0.51319749462630138,0.31856099853900649
1.6000000000000001,6,5.3500000000000005,0,0,0.49375703109374641,1.2149831253750085,0.82342399025208124,0.51317906794773438,0.31855316624652663
1.6000000000000001,6,5.4000000000000004,0,0,0.49375703109374641,1.2149831253750085,0.82337736851854448,0.51316092381164347,0.31854506160205959
1.6000000000000001,6,5.4500000000000002,0,0,0.49375703109374641,1.2149831253750085,0.82333258034985668,0.51314308213622128,0.31853672888961637
1.6000000000000001,6,5.5,0,0,0.49375703109374641,1.2149831253750085,0.82328955477337629,0.51312555986003405,0.31852820870673165
1.6000000000000001,6,5.5500000000000007,0,0,0.49375703109374641,1.2149831253750085,0.82324822351132321,0.51310837127697573,0.318519538252509
1.6000000000000001,6,5.6000000000000005,0,0,0.49375703109374641,1.2149831253750085,0.82320852088601781,0.51309152840545624,0.31851075162613018
1.6000000000000001,6,5.6500000000000004,0,0,0.49375703109374641,1.2149831253750085,0.82317038372292128,0.51307504120067082,0.3185018800427229
1.6000000000000001,6,5.7000000000000002,0,0,0.49375703109374641,1.2149831253750085,0.82313375123405075,0.51305891721792518,0.31849295177973125
1.6000000000000001,6,5.75,0,0,0.49375703109374641,1.2149831253750085,0.8230985649513517,0.51304316233217984,0.31848399262687871
1.6000000000000001,6,5.8000000000000007,0,0,0.49375703109374641,1.2149831253750085,0.82306476863518885,0.51302778077419742,0.31847502599793764
1.6000000000000001,6,5.8500000000000005,0,0,0.49375703109374641,1.2149831253750085,0.82303230819123596,0.51301277530385081,0.31846607311029973
1.6000000000000001,6,5.9000000000000004,0,0,0.49375703109374641,1.2149831253750085,0.82300113159080257,0.5129981473734595,0.31845715315321932
1.6000000000000001,6,5.9500000000000002,0,0,0.49375703109374641,1.2149831253750085,0.82297118879374642,0.51298389726511062,0.31844828343737674
1.6000000000000001,6,6,0,0,0.49375703109374641,1.2149831253750085,0.82294243167398906,0.5129700242072408,0.31843947952899554
1.6000000000000001,6,6.0500000000000007,0,0,0.49375703109374641,1.2149831253750085,0.82291481394764177,0.51295652647575496,0.31843075537174992
1.6000000000000001,6,6.1000000000000005,0,0,0.49375703109374641,1.2149831253750085,0.82288829110375272,0.51294340148495665,0.31842212339969689
1.6000000000000001,6,6.1500000000000004,0,0,0.49375703109374641,1.2149831253750085,0.8228628203376821,0.51293064587356774,0.31841359464446939
1.6000000000000001,6,6.2000000000000002,0,0,0.49375703109374641,1.2149831253750085,0.82283836048711056,0.51291825559111193,0.318405178839964
1.6000000000000001,6,6.25,0,0,0.49375703109374641,1.2149831253750085,0.82281487197068337,0.51290622598993785,0.31839688452776038
1.6000000000000001,6,6.3000000000000007,0,0,0.49375703109374641,1.2149831253750085,0.82279231672929565,0.51289455192815858,0.31838871916650646
1.6000000000000001,6,6.3500000000000005,0,0,0.49375703109374641,1.2149831253750085,0.82277065817001549,0.51288322788878249,0.31838068924850454
1.6000000000000001,6,6.4000000000000004,0,0,0.49375703109374641,1.2149831253750085,0.82274986111263837,0.51287224811982679,0.31837280042644456
1.6000000000000001,6,6.4500000000000002,0,0,0.49375703109374641,1.2149831253750085,0.82272989173185374,0.51286160646660672,0.31836505745493704
1.6000000000000001,6,6.5,0,0,0.49375703109374641,1.2149831253750085,0.82271071750374991,0.51285129633890791,0.31835746421201178
1.6000000000000001,6,6.5500000000000007,0,0,0.49375703109374641,1.2149831253750085,0.82269230716306319,0.51284131102238861,0.31835002391867651
1.6000000000000001,6,6.6000000000000005,0,0,0.49375703109374641,1.2149831253750085,0.82267463065341961,0.51283164361618139,0.31834273913747568
1.6000000000000001,6,6.6500000000000004,0,0,0.49375703109374641,1.2149831253750085,0.82265765908140209,0.51282228707978461,0.31833561183504466
1.6000000000000001,6,6.7000000000000002,0,0,0.49375703109374641,1.2149831253750085,0.82264136467242555,0.51281323427086511,0.31832864343671458
1.6000000000000001,6,6.75,0,0,0.49375703109374641,1.2149831253750085,0.82262572072833484,0.51280447797561735,0.31832183487441973
1.6000000000000001,6,6.8000000000000007,0,0,0.49375703109374641,1.2149831253750085,0.82261070158663985,0.51279601093332594,0.31831518662915681
1.6000000000000001,6,6.8500000000000005,0,0,0.49375703109374641,1.2149831253750085,0.82259628258129502,0.51278782585677596,0.31830869876924661
1.6000000000000001,6,6.9000000000000004,0,0,0.49375703109374641,1.2149831253750085,0.82258244000494141,0.51277991545015866,0.3183023709856489
1.6000000000000001,6,6.9500000000000002,0,0,0.49375703109374641,1.2149831253750085,0.82256915107251516,0.51277227242611689,0.31829620262557973
1.6000000000000001,6,7,0,0,0.49375703109374641,1.2149831253750085,0.8225563938861371,0.51276488952357735,0.31829019272568254
1.6000000000000001,6,7.0500000000000007,0,0,0.49375703109374641,1.2149831253750085,0.82254414740119264,0.51275775952801506,0.31828434004600314
1.6000000000000001,6,7.1000000000000005,0,0,0.49375703109374641,1.2149831253750085,0.8225323913935082,0.51275087529579533,0.318278643106018
1.6000000000000001,6,7.1500000000000004,0,0,0.49375703109374641,1.2149831253750085,0.82252110642753828,0.51274422978424061,0.31827310022396754
1.6000000000000001,6,7.2000000000000002,0,0,0.49375703109374641,1.2149831253750085,0.8225102738254717,0.51273781608889779,0.31826770956061851
1.6000000000000001,6,7.25,0,0,0.49375703109374641,1.2149831253750085,0.82249987564031057,0.51273162737397371,0.31826246908348055
1.6000000000000001,6,7.3000000000000007,0,0,0.49375703109374641,1.2149831253750085,0.82248989462827682,0.51272565685323757,0.31825737656812958
1.6000000000000001,6,7.3500000000000005,0,0,0.49375703109374641,1.2149831253750085,0.82248031421991574,0.51271989789048567,0.31825242968511475
1.6000000000000001,6,7.4000000000000004,0,0,0.49375703109374641,1.2149831253750085,0.8224711184950988,0.51271434396853932,0.31824762599048606
1.6000000000000001,6,7.4500000000000002,0,0,0.49375703109374641,1.2149831253750085,0.82246229215773603,0.51270898869695758,0.31824296294448418
1.6000000000000001,6,7.5,0,0,0.49375703109374641,1.2149831253750085,0.82245382051162397,0.51270382581725082,0.31823843792742262
1.6000000000000001,6,7.5500000000000007,0,0,0.49375703109374641,1.2149831253750085,0.82244568943734619,0.51269884920607722,0.3182340482532226
1.6000000000000001,6,7.6000000000000005,0,0,0.49375703109374641,1.2149831253750085,0.82243788537014517,0.51269405287690917,0.31822979118106171
1.6000000000000001,6,7.6500000000000004,0,0,0.49375703109374641,1.2149831253750085,0.82243039527868267,0.5126894309806499,0.31822566392559665
1.6000000000000001,6,7.7000000000000002,0,0,0.49375703109374641,1.2149831253750085,0.82242320664460444,0.51268497780568845,0.31822166366622168
1.6000000000000001,6,7.75,0,0,0.49375703109374641,1.2149831253750085,0.82241630744283145,0.51268068777787312,0.31821778755582236
1.6000000000000001,6,7.8000000000000007,0,0,0.49375703109374641,1.2149831253750085,0.82240968612248844,0.51267655546089053,0.31821403272948617
1.6000000000000001,6,7.8500000000000005,0,0,0.49375703109374641,1.2149831253750085,0.82240333158839185,0.51267257555753165,0.31821039631363052
1.6000000000000001,6,7.9000000000000004,0,0,0.49375703109374641,1.2149831253750085,0.82239723318301228,0.512668742912331,0.31820687543600884
1.6000000000000001,6,7.9500000000000002,0,0,0.49375703109374641,1.2149831253750085,0.82239138066882644,0.51266505251606176,0.3182034672370555
1.6000000000000001,6,8,0,0,0.49375703109374641,1.2149831253750085,0.82238576421098597,0.51266149951252105,0.31820016888298419
1.6000000000000001,6,8.0500000000000007,0,0,0.49375703109374641,1.2149831253750085,0.82238037436457256,0.51265807917374195,0.31819697754946558
1.6000000000000001,6,8.0999999999999996,0,0,0.49375703109374641,1.2149831253750085,0.82237520206029091,0.51265478689027877,0.31819389041914553
1.6000000000000001,6,8.1500000000000004,0,0,0.49375703109374641,1.2149831253750085,0.82237023858673075,0.5126516181972629,0.31819090471111294
1.6000000000000001,6,8.2000000000000011,0,0,0.49375703109374641,1.2149831253750085,0.82236547557771522,0.51264856876146658,0.31818801767463273
1.6000000000000001,6,8.25,0,0,0.49375703109374641,1.2149831253750085,0.82236090499858605,0.51264563437996369,0.31818522659340931
1.6000000000000001,6,8.3000000000000007,0,0,0.49375703109374641,1.2149831253750085,0.82235651913315522,0.51264281097819964,0.31818252878891329
1.6000000000000001,6,8.3499999999999996,0,0,0.49375703109374641,1.2149831253750085,0.82235231057126656,0.51264009460760052,0.3181799216229349
1.6000000000000001,6,8.4000000000000004,0,0,0.49375703109374641,1.2149831253750085,0.82234827219691231,0.51263748144285914,0.31817740249953014
1.6000000000000001,6,8.4500000000000011,0,0,0.49375703109374641,1.2149831253750085,0.8223443971768456,0.51263496777902862,0.31817496886652363
1.6000000000000001,6,8.5,0,0,0.49375703109374641,1.2149831253750085,0.82234067894963481,0.51263255002856045,0.31817261821673343
1.6000000000000001,6,8.5500000000000007,0,0,0.49375703109374641,1.2149831253750085,0.82233711121510122,0.51263022471841924,0.31817034808908223
1.6000000000000001,6,8.5999999999999996,0,0,0.49375703109374641,1.2149831253750085,0.82233368792408412,0.51262798848740954,0.31816815606975996
1.6000000000000001,6,8.6500000000000004,0,0,0.49375703109374641,1.2149831253750085,0.82233040326847606,0.51262583808384676,0.31816603979360236
1.6000000000000001,6,8.7000000000000011,0,0,0.49375703109374641,1.2149831253750085,0.8223272516714708,0.51262377036370965,0.31816399694585057
1.6000000000000001,6,8.75,0,0,0.49375703109374641,1.2149831253750085,0.82232422777796998,0.51262178228940436,0.31816202526445653
1.6000000000000001,6,8.8000000000000007,0,0,0.49375703109374641,1.2149831253750085,0.82232132644509237,0.51261987092926353,0.3181601225430814
1.6000000000000001,6,8.8499999999999996,0,0,0.49375703109374641,1.2149831253750085,0.82231854273600313,0.512618033448211,0.31815828662351914
1.6000000000000001,6,8.9000000000000004,0,0,0.49375703109374641,1.2149831253750085,0.82231587191248723,0.512616267102731,0.31815651539315759
1.6000000000000001,6,8.9500000000000011,0,0,0.49375703109374641,1.2149831253750085,0.82231330942471681,0.51261456924610327,0.31815480679409236
1.6000000000000001,6,9,0,0,0.49375703109374641,1.2149831253750085,0.82231085090480216,0.51261293732264213,0.31815315881934303
1.6000000000000001,6,9.0500000000000007,0,0,0.49375703109374641,1.2149831253750085,0.82230849215944901,0.5126113688652707,0.31815156951291795
1.6000000000000001,6,9.0999999999999996,0,0,0.49375703109374641,1.2149831253750085,0.82230622916299401,0.5126098614930128,0.31815003696959865
1.6000000000000001,6,9.1500000000000004,0,0,0.49375703109374641,1.2149831253750085,0.82230405805078055,0.51260841290843617,0.31814855933449981
1.6000000000000001,6,9.2000000000000011,0,0,0.49375703109374641,1.2149831253750085,0.82230197511284298,0.5126070208950787,0.31814713480246104
1.6000000000000001,6,9.25,0,0,0.49375703109374641,1.2149831253750085,0.82229997678786126,0.51260568331488854,0.31814576161732605
1.6000000000000001,6,9.3000000000000007,0,0,0.49375703109374641,1.2149831253750085,0.82229805965735525,0.51260439810571223,0.31814443807116521
1.6000000000000001,6,9.3499999999999996,0,0,0.49375703109374641,1.2149831253750085,0.8222962204400821,0.51260316327886113,0.31814316250349833
1.6000000000000001,6,9.4000000000000004,0,0,0.49375703109374641,1.2149831253750085,0.82229445598660056,0.51260197691678921,0.31814193330057222
1.6000000000000001,6,9.4500000000000011,0,0,0.49375703109374641,1.2149831253750085,0.82229276327397027,0.51260083717091387,0.31814074889475014
1.6000000000000001,6,9.5,0,0,0.49375703109374641,1.2149831253750085,0.82229113940055065,0.51259974225961247,0.3181396077640688
1.6000000000000001,6,9.5500000000000007,0,0,0.49375703109374641,1.2149831253750085,0.8222895815808634,0.51259869046642503,0.31813850843201863
1.6000000000000001,6,9.6000000000000014,0,0,0.49375703109374641,1.2149831253750085,0.82228808714048796,0.51259768013849449,0.31813744946759803
1.6000000000000001,6,9.6500000000000004,0,0,0.49375703109374641,1.2149831253750085,0.82228665351302888,0.51259670968283821,0.31813642948174431
1.6000000000000001,6,9.7000000000000011,0,0,0.49375703109374641,1.2149831253750085,0.82228527823626352,0.51259577756372854,0.31813544712552672
1.6000000000000001,6,9.75,0,0,0.49375703109374641,1.2149831253750085,0.82228395894645856,0.51259488230274797,0.31813450109242697
1.6000000000000001,6,9.8000000000000007,0,0,0.49375703109374641,1.2149831253750085,0.82228269337506965,0.51259402247609376,0.31813359011617109
1.6000000000000001,6,9.8500000000000014,0,0,0.49375703109374641,1.2149831253750085,0.82228147934485452,0.51259319671275461,0.31813271296991591
1.6000000000000001,6,9.9000000000000004,0,0,0.49375703109374641,1.2149831253750085,0.82228031476619134,0.51259240369271786,0.31813186846537139
1.6000000000000001,6,9.9500000000000011,0,0,0.49375703109374641,1.2149831253750085,0.82227919763358515,0.51259164214521269,0.31813105545187698
1.6000000000000001,6,10,0,0,0.49375703109374641,1.2149831253750085,0.82227812602233918,0.51259091084699371,0.31813027281544853
1.6000000000000001,6,10.050000000000001,0,0,0.49375703109374641,1.2149831253750085,0.82227709808537519,0.51259020862066917,0.31812951947781354
1.6000000000000001,6,10.100000000000001,0,0,0.49375703109374641,1.2149831253750085,0.82227611205017792,0.51258953433307819,0.31812879439545189
1.6000000000000001,6,10.15,0,0,0.49375703109374641,1.2149831253750085,0.82227516621584851,0.51258888689372251,0.31812809655865948
1.6000000000000001,6,10.200000000000001,0,0,0.49375703109374641,1.2149831253750085,0.82227425895024475,0.51258826525325563,0.31812742499065161
1.6000000000000001,6,10.25,0,0,0.49375703109374641,1.2149831253750085,0.82227338868718702,0.51258766840203562,0.31812677874672429
1.6000000000000001,6,10.300000000000001,0,0,0.49375703109374641,1.2149831253750085,0.8222725539237129,0.51258709536874503,0.31812615691348956
1.6000000000000001,6,10.350000000000001,0,0,0.49375703109374641,1.2149831253750085,0.82227175321735835,0.51258654521908209,0.31812555860820341
1.6000000000000001,6,10.4,0,0,0.49375703109374641,1.2149831253750085,0.82227098518344799,0.51258601705452911,0.31812498297820085
1.6000000000000001,6,10.450000000000001,0,0,0.49375703109374641,1.2149831253750085,0.82227024849358854,0.51258551001077601,0.31812442919919365
1.6000000000000001,6,10.5,0,0,0.49375703109374641,1.2149831253750085,0.8222695418736764,0.51258502325635602,0.31812389647414313
1.6000000000000001,6,10.550000000000001,0,0,0.49375703109374641,1.2149831253750085,0.82226886410081512,0.51258455599181263,0.31812338403347246
1.6000000000000001,6,10.600000000000001,0,0,0.49375703109374641,1.2149831253750085,0.82226821400162564,0.512584107448395,0.31812289113386505
1.6000000000000001,6,10.65,0,0,0.49375703109374641,1.2149831253750085,0.8222675904502047,0.51258367688692652,0.31812241705750938
1.6000000000000001,6,10.700000000000001,0,0,0.49375703109374641,1.2149831253750085,0.82226699236619671,0.51258326359671535,0.318121961111343
1.6000000000000001,6,10.75,0,0,0.49375703109374641,1.2149831253750085,0.82226641871296213,0.51258286689450216,0.3181215226263005
1.6000000000000001,6,10.800000000000001,0,0,0.49375703109374641,1.2149831253750085,0.82226586849583905,0.5125824861234457,0.31812110095656898
1.6000000000000001,6,10.850000000000001,0,0,0.49375703109374641,1.2149831253750085,0.82226534076047908,0.51258212065214293,0.31812069547885641
1.6000000000000001,6,10.9,0,0,0.49375703109374641,1.2149831253750085,0.82226483459125277,0.51258176987368387,0.31812030559167576
1.6000000000000001,6,10.950000000000001,0,0,0.49375703109374641,1.2149831253750085,0.82226434910970903,0.51258143320473748,0.31811993071465083
1.6000000000000001,6,11,0,0,0.49375703109374641,1.2149831253750085,0.82226388347308166,0.51258111008466911,0.31811957028784676
1.6000000000000001,6,11.050000000000001,0,0,0.49375703109374641,1.2149831253750085,0.82226343687282777,0.51258079997468631,0.31811922377112994
1.6000000000000001,6,11.100000000000001,0,0,0.49375703109374641,1.2149831253750085,0.8222630085331899,0.51258050235701202,0.31811889064356219
1.6000000000000001,6,11.15,0,0,0.49375703109374641,1.2149831253750085,0.82226259770977028,0.51258021673408349,0.31811857040283237
1.6000000000000001,6,11.200000000000001,0,0,0.49375703109374641,1.2149831253750085,0.82226220368810599,0.5125799426277754,0.3181182625647303
1.6000000000000001,6,11.25,0,0,0.49375703109374641,1.2149831253750085,0.82226182578291507,0.51257967957869977,0.31811796666232628
1.6000000000000001,6,11.300000000000001,0,0,0.49375703109374641,1.2149831253750085,0.82226146333706851,0.51257942714549598,0.31811768224531284
1.6000000000000001,6,11.350000000000001,0,0,0.49375703109374641,1.2149831253750085,0.8222611157199462,0.51257918490411891,0.31811740887973161
1.6000000000000001,6,11.4,0,0,0.49375703109374641,1.2149831253750085,0.82226078232657118,0.51257895244719254,0.31811714614732162
1.6000000000000001,6,11.450000000000001,0,0,0.49375703109374641,1.2149831253750085,0.82226046257654495,0.51257872938336368,0.31811689364499757
1.6000000000000001,6,11.5,0,0,0.49375703109374641,1.2149831253750085,0.82226015591304358,0.51257851533668408,0.31811665098434017
1.6000000000000001,6,11.550000000000001,0,0,0.49375703109374641,1.2149831253750085,0.82225986180186372,0.51257830994602038,0.31811641779109973
1.6000000000000001,6,11.600000000000001,0,0,0.49375703109374641,1.2149831253750085,0.82225957973051877,0.51257811286448685,0.31811619370471267
1.6000000000000001,6,11.65,0,0,0.49375703109374641,1.2149831253750085,0.82225930920737433,0.51257792375890177,0.31811597837783184
1.6000000000000001,6,11.700000000000001,0,0,0.49375703109374641,1.2149831253750085,0.82225904976081843,0.51257774230926378,0.31811577147587067
1.6000000000000001,6,11.75,0,0,0.49375703109374641,1.2149831253750085,0.82225880093846304,0.51257756820824552,0.31811557267656199
1.6000000000000001,6,11.800000000000001,0,0,0.49375703109374641,1.2149831253750085,0.82225856230636607,0.51257740116070405,0.31811538166953096
1.6000000000000001,6,11.850000000000001,0,0,0.49375703109374641,1.2149831253750085,0.82225833344827282,0.51257724088320489,0.31811519815588396
1.6000000000000001,6,11.9,0,0,0.49375703109374641,1.2149831253750085,0.82225811396486626,0.51257708710355643,0.31811502184781199
1.6000000000000001,6,11.950000000000001,0,0,0.49375703109374641,1.2149831253750085,0.82225790347302519,0.51257693956035599,0.31811485246821081
1.6000000000000001,6,12,0,0,0.49375703109374641,1.2149831253750085,0.82225770160508072,0.51257679800254108,0.31811468975031643
1.6000000000000001,6,12.050000000000001,0,0,0.49375703109374641,1.2149831253750085,0.822257508008436,0.51257666218906661,0.31811453343730622
1.6000000000000001,6,12.100000000000001,0,0,0.49375703109374641,1.2149831253750085,0.82225732234503812,0.5125765318885378,0.31811438328192992
1.6000000000000001,6,12.15,0,0,0.49375703109374641,1.2149831253750085,0.82225714429051044,0.51257640687874739,0.31811423904621661
1.6000000000000001,6,12.200000000000001,0,0,0.49375703109374641,1.2149831253750085,0.82225697353371008,0.51257628694635271,0.31811410050112698
1.6000000000000001,6,12.25,0,0,0.49375703109374641,1.2149831253750085,0.82225680977617521,0.51257617188652027,0.31811396742623199
1.6000000000000001,6,12.300000000000001,0,0,0.49375703109374641,1.2149831253750085,0.82225665273160387,0.51257606150258994,0.3181138396094037
1.6000000000000001,6,12.350000000000001,0,0,0.49375703109374641,1.2149831253750085,0.82225650212536172,0.51257595560575409,0.31811371684651601
1.6000000000000001,6,12.4,0,0,0.49375703109374641,1.2149831253750085,0.82225635769401162,0.51257585401475081,0.31811359894115687
1.6000000000000001,6,12.450000000000001,0,0,0.49375703109374641,1.2149831253750085,0.82225621918486813,0.51257575655557153,0.31811348570434983
1.6000000000000001,6,12.5,0,0,0.49375703109374641,1.2149831253750085,0.82225608635556724,0.51257566306117763,0.31811337695428499
1.6000000000000001,6,12.550000000000001,0,0,0.49375703109374641,1.2149831253750085,0.82225595897365333,0.51257557337122939,0.31811327251605914
1.6000000000000001,6,12.600000000000001,0,0,0.49375703109374641,1.2149831253750085,0.82225583681617698,0.51257548733182134,0.31811317222142343
1.6000000000000001,6,12.65,0,0,0.49375703109374641,1.2149831253750085,0.82225571966930178,0.51257540479522512,0.31811307590853977
1.6000000000000001,6,12.700000000000001,0,0,0.49375703109374641,1.2149831253750085,0.82225560732791658,0.51257532561963737,0.31811298342174321
1.6000000000000001,6,12.75,0,0,0.49375703109374641,1.2149831253750085,0.82225549959525035,0.51257524966893109,0.3181128946113122
1.6000000000000001,6,12.800000000000001,0,0,0.49375703109374641,1.2149831253750085,0.82225539628248623,0.51257517681240927,0.31811280933324387
1.6000000000000001,6,12.850000000000001,0,0,0.49375703109374641,1.2149831253750085,0.82225529720857049,0.51257510692465136,0.31811272744905866
1.6000000000000001,6,12.9,0,0,0.49375703109374641,1.2149831253750085,0.82225520219993986,0.51257503988532249,0.3181126488255987
1.6000000000000001,6,12.950000000000001,0,0,0.49375703109374641,1.2149831253750085,0.82225511109006888,0.51257497557890441,0.31811257333481635
1.6000000000000001,6,13,0,0,0.49375703109374641,1.2149831253750085,0.82225502371924275,0.51257491389453236,0.31811250085359111
1.6000000000000001,6,13.050000000000001,0,0,0.49375703109374641,1.2149831253750085,0.82225493993427223,0.51257485472580444,0.31811243126354322
1.6000000000000001,6,13.100000000000001,0,0,0.49375703109374641,1.2149831253750085,0.82225485958822442,0.5125747979706029,0.31811236445085622
1.6000000000000001,6,13.15,0,0,0.49375703109374641,1.2149831253750085,0.82225478254016804,0.51257474353092303,0.3181123003061061
1.6000000000000001,6,13.200000000000001,0,0,0.49375703109374641,1.2149831253750085,0.82225470865493189,0.51257469131271105,0.31811223872409761
1.6000000000000001,6,13.25,0,0,0.49375703109374641,1.2149831253750085,0.82225463780287356,0.51257464122570873,0.3181121796037068
1.6000000000000001,6,13.300000000000001,0,0,0.49375703109374641,1.2149831253750085,0.82225456985965883,0.51257459318330389,0.31811212284772916
1.6000000000000001,6,13.350000000000001,0,0,0.49375703109374641,1.2149831253750085,0.82225450470604811,0.51257454710238648,0.31811206836273287
1.6000000000000001,6,13.4,0,0,0.49375703109374641,1.2149831253750085,0.82225444222768906,0.51257450290320905,0.31811201605891665
1.6000000000000001,6,13.450000000000001,0,0,0.49375703109374641,1.2149831253750085,0.82225438231491366,0.51257446050925004,0.31811196584997126
1.6000000000000001,6,13.5,0,0,0.49375703109374641,1.2149831253750085,0.82225432486253835,0.51257441984707952,0.31811191765294483
1.6000000000000001,6,13.550000000000001,0,0,0.49375703109374641,1.2149831253750085,0.82225426976966465,0.5125743808462272,0.31811187138811065
1.6000000000000001,6,13.600000000000001,0,0,0.49375703109374641,1.2149831253750085,0.82225421693948031,0.51257434343904917,0.31811182697883733
1.6000000000000001,6,13.65,0,0,0.49375703109374641,1.2149831253750085,0.82225416627916204,0.51257430756065436,0.31811178435149223
1.6000000000000001,6,13.700000000000001,0,0,0.49375703109374641,1.2149831253750085,0.82225411769973611,0.51257427314880577,0.31811174343533322
1.6000000000000001,6,13.75,0,0,0.49375703109374641,1.2149831253750085,0.82225407111584248,0.51257424014377173,0.31811170416237627
1.6000000000000001,6,13.800000000000001,0,0,0.49375703109374641,1.2149831253750085,0.82225402644561951,0.51257420848824198,0.3181116664672991
1.6000000000000001,6,13.850000000000001,0,0,0.49375703109374641,1.2149831253750085,0.82225398361055624,0.5125741781272285,0.31811163028733785
1.6000000000000001,6,13.9,0,0,0.49375703109374641,1.2149831253750085,0.82225394253535422,0.5125741490079706,0.31811159556218804
1.6000000000000001,6,13.950000000000001,0,0,0.49375703109374641,1.2149831253750085,0.82225390314779656,0.51257412107984568,0.31811156223391035
1.6000000000000001,6,14,0,0,0.49375703109374641,1.2149831253750085,0.82225386537862255,0.51257409429428391,0.31811153024684041
1.6000000000000001,6,14.050000000000001,0,0,0.49375703109374641,1.2149831253750085,0.82225382916141032,0.51257406860468691,0.31811149954750229
1.6000000000000001,6,14.100000000000001,0,0,0.49375703109374641,1.2149831253750085,0.82225379443246205,0.51257404396634965,0.31811147008452495
1.6000000000000001,6,14.15,0,0,0.49375703109374641,1.2149831253750085,0.82225376113069448,0.51257402033638511,0.31811144180856182
1.6000000000000001,6,14.200000000000001,0,0,0.49375703109374641,1.2149831253750085,0.82225372919753281,0.51257399767365086,0.31811141467221293
1.6000000000000001,6,14.25,0,0,0.49375703109374641,1.2149831253750085,0.82225369857680508,0.51257397593867804,0.31811138862994859
1.6000000000000001,6,14.300000000000001,0,0,0.49375703109374641,1.2149831253750085,0.8222536692146406,0.51257395509360049,0.31811136363803522
1.6000000000000001,6,14.350000000000001,0,0,0.49375703109374641,1.2149831253750085,0.82225364105936671,0.51257393510208538,0.31811133965446187
1.6000000000000001,6,14.4,0,0,0.49375703109374641,1.2149831253750085,0.82225361406140574,0.5125739159292636,0.31811131663886816
1.6000000000000001,6,14.450000000000001,0,0,0.49375703109374641,1.2149831253750085,0.82225358817322702,0.51257389754169214,0.31811129455249593
1.6000000000000001,6,14.5,0,0,0.49375703109374641,1.2149831253750085,0.8222535633492738,0.5125738799073043,0.31811127335813183
1.6000000000000001,6,14.550000000000001,0,0,0.49375703109374641,1.2149831253750085,0.82225353954584302,0.51257386299532881,0.31811125302003002
1.6000000000000001,6,14.600000000000001,0,0,0.49375703109374641,1.2149831253750085,0.82225351672102487,0.51257384677624807,0.31811123350386206
1.6000000000000001,6,14.65,0,0,0.49375703109374641,1.2149831253750085,0.82225349483462751,0.51257383122174549,0.31811121477666049
1.6000000000000001,6,14.700000000000001,0,0,0.49375703109374641,1.2149831253750085,0.82225347384810632,0.5125738163046567,0.31811119680676531
1.6000000000000001,6,14.75,0,0,0.49375703109374641,1.2149831253750085,0.82225345372449632,0.51257380199892255,0.31811117956377277
1.6000000000000001,6,14.800000000000001,0,0,0.49375703109374641,1.2149831253750085,0.82225343442834742,0.51257378827954514,0.3181111630184868
1.6000000000000001,6,14.850000000000001,0,0,0.49375703109374641,1.2149831253750085,0.82225341592566503,0.51257377512254532,0.31811114714287225
1.6000000000000001,6,14.9,0,0,0.49375703109374641,1.2149831253750085,0.82225339818385024,0.51257376250492237,0.31811113191001017
1.6000000000000001,6,14.950000000000001,0,0,0.49375703109374641,1.2149831253750085,0.82225338117164459,0.5125737504046145,0.31811111729405439
1.6000000000000001,6,15,0,0,0.49375703109374641,1.2149831253750085,0.82225336485907441,0.51257373880046098,0.31811110327018954
1.6000000000000001,6,15.050000000000001,0,0,0.49375703109374641,1.2149831253750085,0.8222533492173979,0.51257372767216502,0.31811108981458996
1.6000000000000001,6,15.100000000000001,0,0,0.49375703109374641,1.2149831253750085,0.82225333421905156,0.51257371700025733,0.31811107690437951
1.6000000000000001,6,15.15,0,0,0.49375703109374641,1.2149831253750085,0.8222533198375982,0.51257370676605918,0.31811106451759186
1.6000000000000001,6,15.200000000000001,0,0,0.49375703109374641,1.2149831253750085,0.82225330604767366,0.51257369695164701,0.318111052633131
1.6000000000000001,6,15.25,0,0,0.49375703109374641,1.2149831253750085,0.82225329282496229,0.5125736875398329,0.3181110412307474
1.6000000000000001,6,15.300000000000001,0,0,0.49375703109374641,1.2149831253750085,0.82225328014615995,0.51257367851413915,0.31811103029100796
1.6000000000000001,6,15.350000000000001,0,0,0.49375703109374641,1.2149831253750085,0.82225326798891141,0.51257366985875585,0.31811101979525219
1.6000000000000001,6,15.4,0,0,0.49375703109374641,1.2149831253750085,0.82225325633178004,0.51257366155851902,0.31811100972556666
1.6000000000000001,6,15.450000000000001,0,0,0.49375703109374641,1.2149831253750085,0.82225324515420894,0.51257365359888385,0.31811100006475451
1.6000000000000001,6,15.5,0,0,0.49375703109374641,1.2149831253750085,0.82225323443648446,0.51257364596589905,0.31811099079630678
1.6000000000000001,6,15.550000000000001,0,0,0.49375703109374641,1.2149831253750085,0.82225322415970203,0.51257363864618277,0.31811098190437553
1.6000000000000001,6,15.600000000000001,0,0,0.49375703109374641,1.2149831253750085,0.82225321430573239,0.51257363162689962,0.31811097337374761
1.6000000000000001,6,15.65,0,0,0.49375703109374641,1.2149831253750085,0.82225320485719156,0.51257362489573888,0.31811096518981985
1.6000000000000001,6,15.700000000000001,0,0,0.49375703109374641,1.2149831253750085,0.82225319579741007,0.51257361844089355,0.31811095733857553
1.6000000000000001,6,15.75,0,0,0.49375703109374641,1.2149831253750085,0.82225318711040474,0.51257361225104037,0.31811094980656118
1.6000000000000001,6,15.800000000000001,0,0,0.49375703109374641,1.2149831253750085,0.82225317878084969,0.51257360631531945,0.31811094258086425
1.6000000000000001,6,15.850000000000001,0,0,0.49375703109374641,1.2149831253750085,0.82225317079404958,0.51257360062331614,0.31811093564909138
1.6000000000000001,6,15.9,0,0,0.49375703109374641,1.2149831253750085,0.82225316313591246,0.51257359516504086,0.31811092899934684
1.6000000000000001,6,15.950000000000001,0,0,0.49375703109374641,1.2149831253750085,0.82225315579292257,0.51257358993091107,0.31811092262021157
1.6000000000000001,6,16,0,0,0.49375703109374641,1.2149831253750085,0.82225314875211308,0.51257358491173177,0.31811091650072143
1.6000000000000001,6,16.050000000000001,0,0,0.49375703109374641,1.2149831253750085,0.82225314200105415,0.5125735800986867,0.31811091063035613
1.6000000000000001,6,16.100000000000001,0,0,0.49375703109374641,1.2149831253750085,0.82225313552783297,0.51257357548332538,0.31811090499902295
1.6000000000000001,6,16.150000000000002,0,0,0.49375703109374641,1.2149831253750085,0.82225312932102246,0.5125735710575402,0.31811089959703309
1.6000000000000001,6,16.199999999999999,0,0,0.49375703109374641,1.2149831253750085,0.82225312336966572,0.5125735668135557,0.31811089441508833
1.6000000000000001,6,16.25,0,0,0.49375703109374641,1.2149831253750085,0.82225311766325571,0.51257356274391452,0.31811088944426474
1.6000000000000001,6,16.300000000000001,0,0,0.49375703109374641,1.2149831253750085,0.8222531121917166,0.51257355884146427,0.31811088467599796
1.6000000000000001,6,16.350000000000001,0,0,0.49375703109374641,1.2149831253750085,0.82225310694538689,0.51257355509934543,0.31811088010206878
1.6000000000000001,6,16.400000000000002,0,0,0.49375703109374641,1.2149831253750085,0.82225310191500145,0.51257355151097905,0.31811087571458924
1.6000000000000001,6,16.449999999999999,0,0,0.49375703109374641,1.2149831253750085,0.82225309709167604,0.51257354807005562,0.31811087150598988
1.6000000000000001,6,16.5,0,0,0.49375703109374641,1.2149831253750085,0.82225309246689215,0.51257354477052441,0.31811086746900691
1.6000000000000001,6,16.550000000000001,0,0,0.49375703109374641,1.2149831253750085,0.82225308803248254,0.51257354160658286,0.31811086359667023
1.6000000000000001,6,16.600000000000001,0,0,0.49375703109374641,1.2149831253750085,0.82225308378061568,0.51257353857266663,0.31811085988229182
1.6000000000000001,6,16.650000000000002,0,0,0.49375703109374641,1.2149831253750085,0.8222530797037827,0.51257353566343955,0.31811085631945407
1.6000000000000001,6,16.699999999999999,0,0,0.49375703109374641,1.2149831253750085,0.82225307579478324,0.51257353287378393,0.31811085290199859
1.6000000000000001,6,16.75,0,0,0.49375703109374641,1.2149831253750085,0.82225307204671161,0.51257353019879104,0.31811084962401509
1.6000000000000001,6,16.800000000000001,0,0,0.49375703109374641,1.2149831253750085,0.82225306845294288,0.5125735276337513,0.3181108464798304
1.6000000000000001,6,16.850000000000001,0,0,0.49375703109374641,1.2149831253750085,0.82225306500712614,0.51257352517414956,0.31811084346400204
1.6000000000000001,6,16.900000000000002,0,0,0.49375703109374641,1.2149831253750085,0.82225306170317536,0.5125735228156576,0.31811084057130989
1.6000000000000001,6,16.949999999999999,0,0,0.49375703109374641,1.2149831253750085,0.82225305853525332,0.51257352055412375,0.31811083779674393
1.6000000000000001,6,17,0,0,0.49375703109374641,1.2149831253750085,0.82225305549776206,0.51257351838556631,0.31811083513549721
1.6000000000000001,6,17.050000000000001,0,0,0.49375703109374641,1.2149831253750085,0.8222530525853341,0.5125735163061671,0.31811083258295725
1.6000000000000001,6,17.100000000000001,0,0,0.49375703109374641,1.2149831253750085,0.82225304979282277,0.51257351431226406,0.31811083013469832
1.6000000000000001,6,17.150000000000002,0,0,0.49375703109374641,1.2149831253750085,0.82225304711529235,0.51257351240034554,0.31811082778647398
1.6000000000000001,6,17.199999999999999,0,0,0.49375703109374641,1.2149831253750085,0.82225304454801063,0.51257351056704348,0.31811082553420983
1.6000000000000001,6,17.25,0,0,0.49375703109374641,1.2149831253750085,0.82225304208643946,0.51257350880912822,0.31811082337399665
1.6000000000000001,6,17.300000000000001,0,0,0.49375703109374641,1.2149831253750085,0.8222530397262281,0.51257350712350269,0.31811082130208396
1.6000000000000001,6,17.350000000000001,0,0,0.49375703109374641,1.2149831253750085,0.82225303746320488,0.51257350550719716,0.31811081931487356
1.6000000000000001,6,17.400000000000002,0,0,0.49375703109374641,1.2149831253750085,0.82225303529336979,0.51257350395736379,0.31811081740891362
1.6000000000000001,6,17.449999999999999,0,0,0.49375703109374641,1.2149831253750085,0.82225303321288823,0.5125735024712722,0.31811081558089249
1.6000000000000001,6,17.5,0,0,0.49375703109374641,1.2149831253750085,0.82225303121808246,0.5125735010463035,0.31811081382763279
1.6000000000000001,6,17.550000000000001,0,0,0.49375703109374641,1.2149831253750085,0.82225302930542599,0.51257349967994603,0.31811081214608583
1.6000000000000001,6,17.600000000000001,0,0,0.49375703109374641,1.2149831253750085,0.82225302747153539,0.51257349836978972,0.31811081053332563
1.6000000000000001,6,17.650000000000002,0,0,0.49375703109374641,1.2149831253750085,0.82225302571316727,0.51257349711352451,0.31811080898654565
1.6000000000000001,6,17.699999999999999,0,0,0.49375703109374641,1.2149831253750085,0.82225302402721401,0.51257349590893619,0.3181108075030547
1.6000000000000001,6,17.75,0,0,0.49375703109374641,1.2149831253750085,0.82225302241069453,0.51257349475390079,0.31811080608027031
1.6000000000000001,6,17.800000000000001,0,0,0.49375703109374641,1.2149831253750085,0.82225302086075036,0.51257349364638183,0.3181108047157149
1.6000000000000001,6,17.850000000000001,0,0,0.49375703109374641,1.2149831253750085,0.8222530193746409,0.51257349258442597,0.31811080340701181
1.6000000000000001,6,17.900000000000002,0,0,0.49375703109374641,1.2149831253750085,0.82225301794973793,0.51257349156616028,0.31811080215188076
1.6000000000000001,6,17.949999999999999,0,0,0.49375703109374641,1.2149831253750085,0.82225301658352157,0.51257349058978874,0.31811080094813426
1.6000000000000001,6,18,0,0,0.49375703109374641,1.2149831253750085,0.82225301527357508,0.51257348965358862,0.31811079979367379
1.6000000000000001,6,18.050000000000001,0,0,0.49375703109374641,1.2149831253750085,0.82225301401758188,0.51257348875590825,0.31811079868648623
1.6000000000000001,6,18.100000000000001,0,0,0.49375703109374641,1.2149831253750085,0.82225301281332031,0.51257348789516399,0.3181107976246404
1.6000000000000001,6,18.150000000000002,-4.7030280904260106e-18,0,0.49375703109374641,1.2149831253750085,0.82225301165866038,0.51257348706983707,0.31811079660628405
1.6000000000000001,6,18.199999999999999,-4.7030280904260106e-18,0,0.49375703109374641,1.2149831253750085,0.82225301055156019,0.51257348627847166,0.3181107956296404
1.6000000000000001,6,18.25,-4.7030280904260106e-18,0,0.49375703109374641,1.2149831253750085,0.82225300949006175,0.51257348551967152,0.31811079469300513
1.6000000000000001,6,18.300000000000001,-4.7030280904260106e-18,0,0.49375703109374641,1.2149831253750085,0.82225300847228766,0.51257348479209774,0.31811079379474327
1.6000000000000001,6,18.350000000000001,-4.7030280904260106e-18,0,0.49375703109374641,1.2149831253750085,0.82225300749643737,0.51257348409446624,0.3181107929332862
1.6000000000000001,6,18.400000000000002,-4.7030280904260106e-18,0,0.49375703109374641,1.2149831253750085,0.82225300656078393,0.51257348342554476,0.31811079210712856
1.6000000000000001,6,18.449999999999999,-5.0885221961986376e-18,0,0.49375703109374641,1.2149831253750085,0.82225300566367132,0.51257348278415227,0.31811079131482672
1.6000000000000001,6,18.5,-5.0885221961986376e-18,0,0.49375703109374641,1.2149831253750085,0.82225300480351327,0.51257348216915699,0.31811079055499669
1.6000000000000001,6,18.550000000000001,-5.0885221961986376e-18,0,0.49375703109374641,1.2149831253750085,0.82225300397878787,0.51257348157947336,0.31811078982631047
1.6000000000000001,6,18.600000000000001,-4.4948612733087935e-17,0,0.49375703109374641,1.2149831253750085,0.82225300318803618,0.51257348101406008,0.31811078912749424
1.6000000000000001,6,18.650000000000002,-4.4948612733087935e-17,0,0.49375703109374641,1.2149831253750085,0.8222530024298591,0.51257348047191897,0.3181107884573261
1.6000000000000001,6,18.699999999999999,-4.4948612733087935e-17,0,0.49375703109374641,1.2149831253750085,0.82225300170291493,0.5125734799520929,0.31811078781463398
1.6000000000000001,6,18.75,-5.38920759870128e-17,0,0.49375703109374641,1.2149831253750085,0.82225300100591736,0.51257347945366361,0.31811078719829355
1.6000000000000001,6,18.800000000000001,-6.4146219200564594e-17,0,0.49375703109374641,1.2149831253750085,0.82225300033763327,0.51257347897575101,0.31811078660722636
1.6000000000000001,6,18.850000000000001,-8.1724750423796251e-17,0,0.49375703109374641,1.2149831253750085,0.82225299969687982,0.51257347851751101,0.31811078604039794
1.6000000000000001,6,18.900000000000002,-9.5756735873919757e-17,0,0.49375703109374641,1.2149831253750085,0.82225299908252303,0.51257347807813425,0.3181107854968161
1.6000000000000001,6,18.949999999999999,-1.3164623712135105e-16,0,0.49375703109374641,1.2149831253750085,0.82225299849347611,0.51257347765684458,0.31811078497552936
1.6000000000000001,6,19,-1.3580957346369537e-16,0,0.49375703109374641,1.2149831253750085,0.82225299792869633,0.51257347725289815,0.31811078447562502
1.6000000000000001,6,19.050000000000001,-1.5662625517541705e-16,0,0.49375703109374641,1.2149831253750085,0.82225299738718471,0.51257347686558119,0.31811078399622794
1.6000000000000001,6,19.100000000000001,-1.8731158599491792e-16,0,0.49375703109374641,1.2149831253750085,0.82225299686798303,0.5125734764942097,0.31811078353649852
1.6000000000000001,6,19.150000000000002,-2.0955459589799832e-16,0,0.49375703109374641,1.2149831253750085,0.82225299637017224,0.51257347613812743,0.31811078309563123
1.6000000000000001,6,19.200000000000003,-2.6768710704850995e-16,0,0.49375703109374641,1.2149831253750085,0.82225299589287082,0.5125734757967052,0.31811078267285298
1.6000000000000001,6,19.25,-2.9039270987851752e-16,0,0.49375703109374641,1.2149831253750085,0.822252995435234,0.51257347546933962,0.31811078226742268
1.6000000000000001,6,19.300000000000001,-3.4062259186069034e-16,0,0.49375703109374641,1.2149831253750085,0.82225299499645199,0.51257347515545237,0.31811078187862996
1.6000000000000001,6,19.350000000000001,-3.9790701597850231e-16,0,0.49375703109374641,1.2149831253750085,0.82225299457574808,0.5125734748544889,0.31811078150579314
1.6000000000000001,6,19.400000000000002,-4.7458179361667717e-16,0,0.49375703109374641,1.2149831253750085,0.82225299417237774,0.51257347456591718,0.31811078114825858
1.6000000000000001,6,19.450000000000003,-5.3807267283742815e-16,0,0.49375703109374641,1.2149831253750085,0.82225299378562688,0.51257347428922739,0.31811078080539917
1.6000000000000001,6,19.5,-6.4639651655953566e-16,0,0.49375703109374641,1.2149831253750085,0.82225299341481106,0.5125734740239305,0.31811078047661351
1.6000000000000001,6,19.550000000000001,-7.7087256331351594e-16,0,0.49375703109374641,1.2149831253750085,0.82225299305927357,0.51257347376955753,0.31811078016132477
1.6000000000000001,6,19.600000000000001,-8.7850251764523246e-16,0,0.49375703109374641,1.2149831253750085,0.82225299271838537,0.51257347352565896,0.31811077985897973
1.6000000000000001,6,19.650000000000002,-1.0263009577984562e-15,0,0.49375703109374641,1.2149831253750085,0.82225299239154259,0.51257347329180358,0.31811077956904782
1.6000000000000001,6,19.700000000000003,-1.2253701140194396e-15,0,0.49375703109374641,1.2149831253750085,0.82225299207816682,0.51257347306757817,0.31811077929102011
1.6000000000000001,6,19.75,-1.4520406482137423e-15,0,0.49375703109374641,1.2149831253750085,0.82225299177770317,0.51257347285258614,0.31811077902440854
1.6000000000000001,6,19.800000000000001,-1.684609242226366e-15,0,0.49375703109374641,1.2149831253750085,0.82225299148962006,0.51257347264644759,0.31811077876874505
1.6000000000000001,6,19.850000000000001,-1.993312922129083e-15,0,0.49375703109374641,1.2149831253750085,0.82225299121340734,0.51257347244879803,0.31811077852358077
1.6000000000000001,6,19.900000000000002,-2.3362484786244099e-15,0,0.49375703109374641,1.2149831253750085,0.82225299094857629,0.51257347225928795,0.31811077828848511
1.6000000000000001,6,19.950000000000003,-2.7248265372432143e-15,0,0.49375703109374641,1.2149831253750085,0.82225299069465774,0.51257347207758253,0.31811077806304511
1.6000000000000001,6,20,-3.2040342601291631e-15,0,0.49375703109374641,1.2149831253750085,0.82225299045120193,0.51257347190336011,0.31811077784686476
1.6000000000000001,6,20.050000000000001,-3.7714430344158878e-15,0,0.49375703109374641,1.2149831253750085,0.82225299021777798,0.51257347173631296,0.31811077763956408
1.6000000000000001,6,20.100000000000001,-4.4368829598005916e-15,0,0.49375703109374641,1.2149831253750085,0.82225298999397245,0.51257347157614552,0.31811077744077892
1.6000000000000001,6,20.150000000000002,-5.1930681976841703e-15,0,0.49375703109374641,1.2149831253750085,0.82225298977938921,0.51257347142257459,0.31811077725015996
1.6000000000000001,6,20.200000000000003,-6.1029884849498723e-15,0,0.49375703109374641,1.2149831253750085,0.82225298957364845,0.5125734712753286,0.31811077706737206
1.6000000000000001,6,20.25,-7.145248898727315e-15,0,0.49375703109374641,1.2149831253750085,0.82225298937638547,0.51257347113414731,0.31811077689209405
1.6000000000000001,6,20.300000000000001,-8.3794468277689451e-15,0,0.49375703109374641,1.2149831253750085,0.82225298918725143,0.51257347099878092,0.31811077672401772
1.6000000000000001,6,20.350000000000001,-9.846020603770317e-15,0,0.49375703109374641,1.2149831253750085,0.82225298900591115,0.51257347086898986,0.31811077656284742
1.6000000000000001,6,20.400000000000002,-1.1553027053542073e-14,0,0.49375703109374641,1.2149831253750085,0.82225298883204356,0.51257347074454473,0.31811077640829982
1.6000000000000001,6,20.450000000000003,-1.3570471906692523e-14,0,0.49375703109374641,1.2149831253750085,0.82225298866534069,0.51257347062522507,0.31811077626010298
1.6000000000000001,6,20.5,-1.5918053912026642e-14,0,0.49375703109374641,1.2149831253750085,0.82225298850550732,0.51257347051081992,0.31811077611799621
1.6000000000000001,6,20.550000000000001,-1.8664121174497931e-14,0,0.49375703109374641,1.2149831253750085,0.82225298835226057,0.512573470401127,0.3181107759817296
1.6000000000000001,6,20.600000000000001,-2.1921276522402561e-14,0,0.49375703109374641,1.2149831253750085,0.82225298820532899,0.51257347029595246,0.31811077585106345
1.6000000000000001,6,20.650000000000002,-2.5703629040011814e-14,0,0.49375703109374641,1.2149831253750085,0.82225298806445235,0.51257347019511035,0.31811077572576785
1.6000000000000001,6,20.700000000000003,-3.0149571111298061e-14,0,0.49375703109374641,1.2149831253750085,0.82225298792938128,0.51257347009842247,0.3181107756056224
1.6000000000000001,6,20.75,-3.5417386616091544e-14,0,0.49375703109374641,1.2149831253750085,0.82225298779987643,0.51257347000571785,0.31811077549041566
1.6000000000000001,6,20.800000000000001,-4.1537298292284829e-14,0,0.49375703109374641,1.2149831253750085,0.82225298767570865,0.51257346991683184,0.31811077537994464
1.6000000000000001,6,20.850000000000001,-4.8751126592429093e-14,0,0.49375703109374641,1.2149831253750085,0.82225298755665766,0.51257346983160712,0.31811077527401477
1.6000000000000001,6,20.900000000000002,-5.7214187091740131e-14,0,0.49375703109374641,1.2149831253750085,0.82225298744251263,0.51257346974989304,0.31811077517243974
1.6000000000000001,6,20.950000000000003,-6.7155309091404549e-14,0,0.49375703109374641,1.2149831253750085,0.82225298733307173,0.51257346967154516,0.31811077507504071
1.6000000000000001,6,21,-7.8798194821002216e-14,0,0.49375703109374641,1.2149831253750085,0.82225298722814077,0.51257346959642491,0.31811077498164603
1.6000000000000001,6,21.050000000000001,-9.2471747851578355e-14,0,0.49375703109374641,1.2149831253750085,0.82225298712753403,0.51257346952439919,0.31811077489209139
1.6000000000000001,6,21.100000000000001,-1.0851404651389551e-13,0,0.49375703109374641,1.2149831253750085,0.82225298703107341,0.51257346945534066,0.31811077480621902
1.6000000000000001,6,21.150000000000002,-1.2734766944670168e-13,0,0.49375703109374641,1.2149831253750085,0.82225298693858795,0.51257346938912707,0.31811077472387755
1.6000000000000001,6,21.200000000000003,-1.4941759249629015e-13,0,0.49375703109374641,1.2149831253750085,0.82225298684991355,0.5125734693256413,0.31811077464492205
1.6000000000000001,6,21.25,-1.7534758367521164e-13,0,0.49375703109374641,1.2149831253750085,0.82225298676489356,0.51257346926477099,0.31811077456921322
1.6000000000000001,6,21.300000000000001,-2.0576804149463614e-13,0,0.49375703109374641,1.2149831253750085,0.82225298668337687,0.51257346920640834,0.31811077449661773
1.6000000000000001,6,21.350000000000001,-2.4148175742983506e-13,0,0.49375703109374641,1.2149831253750085,0.82225298660521928,0.51257346915044999,0.31811077442700775
1.6000000000000001,6,21.400000000000002,-2.8340593760667336e-13,0,0.49375703109374641,1.2149831253750085,0.82225298653028234,0.51257346909679713,0.31811077436026047
1.6000000000000001,6,21.450000000000003,-3.3257127761575512e-13,0,0.49375703109374641,1.2149831253750085,0.82225298645843314,0.51257346904535461,0.3181107742962585
1.6000000000000001,6,21.5,-3.9027103308312645e-13,0,0.49375703109374641,1.2149831253750085,0.82225298638954436,0.5125734689960314,0.31811077423488893
1.6000000000000001,6,21.550000000000001,-4.5798376665147822e-13,0,0.49375703109374641,1.2149831253750085,0.82225298632349386,0.51257346894874034,0.31811077417604361
1.6000000000000001,6,21.600000000000001,-5.3746089369156717e-13,0,0.49375703109374641,1.2149831253750085,0.82225298626016452,0.5125734689033975,0.31811077411961869
1.6000000000000001,6,21.650000000000002,-6.306921420303388e-13,0,0.49375703109374641,1.2149831253750085,0.82225298619944398,0.51257346885992283,0.31811077406551458
1.6000000000000001,6,21.700000000000003,-7.401299480698972e-13,0,0.49375703109374641,1.2149831253750085,0.82225298614122455,0.51257346881823918,0.31811077401363591
1.6000000000000001,6,21.75,-8.6853410266287926e-13,0,0.49375703109374641,1.2149831253750085,0.82225298608540298,0.51257346877827281,0.31811077396389131
1.6000000000000001,6,21.800000000000001,-1.0192555133237134e-12,0,0.49375703109374641,1.2149831253750085,0.82225298603188002,0.51257346873995291,0.31811077391619297
1.6000000000000001,6,21.850000000000001,-1.1960986984810914e-12,0,0.49375703109374641,1.2149831253750085,0.82225298598056074,0.51257346870321174,0.31811077387045678
1.6000000000000001,6,21.900000000000002,-1.4036336136601259e-12,0,0.49375703109374641,1.2149831253750085,0.82225298593135376,0.51257346866798414,0.31811077382660197
1.6000000000000001,6,21.950000000000003,-1.6471700161243185e-12,0,0.49375703109374641,1.2149831253750085,0.82225298588417151,0.51257346863420761,0.31811077378455122
1.6000000000000001,6,22,-1.9329847522003223e-12,0,0.49375703109374641,1.2149831253750085,0.82225298583893014,0.51257346860182251,0.31811077374423036
1.6000000000000001,6,22.050000000000001,-2.268381971457265e-12,0,0.49375703109374641,1.2149831253750085,0.82225298579554884,0.51257346857077146,0.31811077370556817
1.6000000000000001,6,22.100000000000001,-2.6619670588183077e-12,0,0.49375703109374641,1.2149831253750085,0.82225298575395012,0.51257346854099928,0.31811077366849649
1.6000000000000001,6,22.150000000000002,-3.1238664047503509e-12,0,0.49375703109374641,1.2149831253750085,0.8222529857140598,0.51257346851245322,0.31811077363294976
1.6000000000000001,6,22.200000000000003,-3.6658731605854208e-12,0,0.49375703109374641,1.2149831253750085,0.82225298567580651,0.51257346848508278,0.31811077359886519
1.6000000000000001,6,22.25,-4.3019611792624902e-12,0,0.49375703109374641,1.2149831253750085,0.82225298563912119,0.51257346845883944,0.31811077356618256
1.6000000000000001,6,22.300000000000001,-5.0483768400234729e-12,0,0.49375703109374641,1.2149831253750085,0.82225298560393789,0.51257346843367635,0.31811077353484407
1.6000000000000001,6,22.350000000000001,-5.9243311259813164e-12,0,0.49375703109374641,1.2149831253750085,0.82225298557019311,0.51257346840954909,0.31811077350479433
1.6000000000000001,6,22.400000000000002,-6.9522563246450365e-12,0,0.49375703109374641,1.2149831253750085,0.82225298553782522,0.51257346838641471,0.31811077347598027
1.6000000000000001,6,22.450000000000003,-8.1585445189781412e-12,0,0.49375703109374641,1.2149831253750085,0.82225298550677539,0.51257346836423212,0.31811077344835087
1.6000000000000001,6,22.5,-9.574138858258074e-12,0,0.49375703109374641,1.2149831253750085,0.822252985476986,0.5125734683429618,0.31811077342185723
1.6000000000000001,6,22.550000000000001,-1.1235376980630227e-11,0,0.49375703109374641,1.2149831253750085,0.8222529854484022,0.51257346832256589,0.31811077339645238
1.6000000000000001,6,22.600000000000001,-1.3184844844002818e-11,0,0.49375703109374641,1.2149831253750085,0.82225298542097014,0.51257346830300787,0.31811077337209126
1.6000000000000001,6,22.650000000000002,-1.54725375644476e-11,0,0.49375703109374641,1.2149831253750085,0.8222529853946382,0.51257346828425288,0.31811077334873061
1.6000000000000001,6,22.700000000000003,-1.8157177035053411e-11,0,0.49375703109374641,1.2149831253750085,0.82225298536935509,0.51257346826626726,0.31811077332632881
1.6000000000000001,6,22.75,-2.1307642147607968e-11,0,0.49375703109374641,1.2149831253750085,0.82225298534507185,0.51257346824901884,0.31811077330484611
1.6000000000000001,6,22.800000000000001,-2.5004778841622132e-11,0,0.49375703109374641,1.2149831253750085,0.82225298532173974,0.5125734682324764,0.31811077328424409
1.6000000000000001,6,22.850000000000001,-2.9343370596000995e-11,0,0.49375703109374641,1.2149831253750085,0.82225298529931068,0.51257346821660998,0.31811077326448595
1.6000000000000001,6,22.900000000000002,-3.4434767653042837e-11,0,0.49375703109374641,1.2149831253750085,0.82225298527773749,0.51257346820139105,0.31811077324553622
1.6000000000000001,6,22.950000000000003,-4.0409573102818801e-11,0,0.49375703109374641,1.2149831253750085,0.8222529852569731,0.5125734681867915,0.31811077322736075
1.6000000000000001,6,23,-4.7421055585392434e-11,0,0.49375703109374641,1.2149831253750085,0.8222529852369701,0.51257346817278471,0.31811077320992681
1.6000000000000001,6,23.050000000000001,-5.5649128939220608e-11,0,0.49375703109374641,1.2149831253750085,0.82225298521768053,0.51257346815934468,0.31811077319320258
1.6000000000000001,6,23.100000000000001,-6.5304861055863001e-11,0,0.49375703109374641,1.2149831253750085,0.82225298519905621,0.512573468146446,0.31811077317715752
1.6000000000000001,6,23.150000000000002,-7.6635970447689101e-11,0,0.49375703109374641,1.2149831253750085,0.82225298518104684,0.51257346813406446,0.31811077316176201
1.6000000000000001,6,23.200000000000003,-8.9933129808946369e-11,0,0.49375703109374641,1.2149831253750085,0.82225298516360035,0.51257346812217597,0.31811077314698744
1.6000000000000001,6,23.25,-1.0553751372050565e-10,0,0.49375703109374641,1.2149831253750085,0.8222529851466629,0.51257346811075744,0.31811077313280611
1.6000000000000001,6,23.300000000000001,-1.2384941224580842e-10,0,0.49375703109374641,1.2149831253750085,0.82225298513017686,0.51257346809978588,0.31811077311919095
1.6000000000000001,6,23.350000000000001,-1.453386278610975e-10,0,0.49375703109374641,1.2149831253750085,0.82225298511408051,0.51257346808923887,0.31811077310611563
1.6000000000000001,6,23.400000000000002,-1.7055648012736453e-10,0,0.49375703109374641,1.2149831253750085,0.82225298509830769,0.51257346807909421,0.31811077309355429
1.6000000000000001,6,23.450000000000003,-2.0014987159928174e-10,0,0.49375703109374641,1.2149831253750085,0.82225298508278633,0.51257346806932969,0.31811077308148161
1.6000000000000001,6,23.5,-2.348780570115499e-10,0,0.49375703109374641,1.2149831253750085,0.82225298506743671,0.51257346805992288,0.31811077306987251
1.6000000000000001,6,23.550000000000001,-2.7563196343394214e-10,0,0.49375703109374641,1.2149831253750085,0.82225298505217048,0.51257346805085147,0.31811077305870206
1.6000000000000001,6,23.600000000000001,-3.2345710943786851e-10,0,0.49375703109374641,1.2149831253750085,0.82225298503688882,0.51257346804209247,0.31811077304794533
1.6000000000000001,6,23.650000000000002,-3.795804327876789e-10,0,0.49375703109374641,1.2149831253750085,0.82225298502148036,0.51257346803362247,0.31811077303757729
1.6000000000000001,6,23.700000000000003,-4.454417546623236e-10,0,0.49375703109374641,1.2149831253750085,0.82225298500581923,0.51257346802541703,0.31811077302757257
1.6000000000000001,6,23.75,-5.2273072941958862e-10,0,0.49375703109374641,1.2149831253750085,0.82225298498976185,0.51257346801745052,0.31811077301790514
1.6000000000000001,6,23.800000000000001,-6.1343018396368509e-10,0,0.49375703109374641,1.2149831253750085,0.82225298497314381,0.51257346800969594,0.31811077300854829
1.6000000000000001,6,23.850000000000001,-7.198670076702384e-10,0,0.49375703109374641,1.2149831253750085,0.82225298495577603,0.51257346800212433,0.31811077299947399
1.6000000000000001,6,23.900000000000002,-8.4477176750777078e-10,0,0.49375703109374641,1.2149831253750085,0.82225298493744081,0.51257346799470416,0.31811077299065282
1.6000000000000001,6,23.950000000000003,-9.9134885690126912e-10,0,0.49375703109374641,1.2149831253750085,0.82225298491788557,0.51257346798740155,0.31811077298205337
1.6000000000000001,6,24,-1.1633586566691912e-09,0,0.49375703109374641,1.2149831253750085,0.82225298489681786,0.512573467980179,0.31811077297364193
1.6000000000000001,6,24.050000000000001,-1.3652140272435445e-09,0,0.49375703109374641,1.2149831253750085,0.82225298487389886,0.51257346797299452,0.31811077296538165
1.6000000000000001,6,24.100000000000001,-1.6020934737027828e-09,0,0.49375703109374641,1.2149831253750085,0.82225298484873133,0.51257346796580172,0.31811077295723267
1.6000000000000001,6,24.150000000000002,-1.8800741085098527e-09,-4.7030280904260106e-18,0.49375703109374641,1.2149831253750085,0.82225298482085363,0.51257346795854875,0.31811077294915097
1.6000000000000001,6,24.200000000000003,-2.2062873935595348e-09,-4.7030280904260106e-18,0.49375703109374641,1.2149831253750085,0.82225298478972819,0.5125734679511762,0.31811077294108747
1.6000000000000001,6,24.25,-2.5891022567019343e-09,-4.7030280904260106e-18,0.49375703109374641,1.2149831253750085,0.82225298475472663,0.51257346794361625,0.31811077293298667
1.6000000000000001,6,24.300000000000001,-3.0383396418408472e-09,-4.7030280904260106e-18,0.49375703109374641,1.2149831253750085,0.82225298471511332,0.51257346793579095,0.31811077292478573
1.6000000000000001,6,24.350000000000001,-3.565524606389321e-09,-4.7030280904260106e-18,0.49375703109374641,1.2149831253750085,0.82225298467002705,0.51257346792761094,0.31811077291641332
1.6000000000000001,6,24.400000000000002,-4.1841818379286428e-09,-4.7030280904260106e-18,0.49375703109374641,1.2149831253750085,0.82225298461845953,0.51257346791897307,0.31811077290778783
1.6000000000000001,6,24.450000000000003,-4.9101828857496999e-09,-5.0885221961986376e-18,0.49375703109374641,1.2149831253750085,0.82225298455923024,0.51257346790975844,0.31811077289881601
1.6000000000000001,6,24.5,-5.7621529675400742e-09,-5.0885221961986376e-18,0.49375703109374641,1.2149831253750085,0.82225298449095741,0.51257346789982905,0.31811077288939044
1.6000000000000001,6,24.550000000000001,-6.7619491226263626e-09,-5.0885221961986376e-18,0.49375703109374641,1.2149831253750085,0.82225298441202155,0.51257346788902514,0.31811077287938744
1.6000000000000001,6,24.600000000000001,-7.9352207651598198e-09,-4.4948612733087935e-17,0.49375703109374641,1.2149831253750085,0.82225298432052485,0.51257346787716018,0.31811077286866374
1.6000000000000001,6,24.650000000000002,-9.3120677748279355e-09,-4.4948612733087935e-17,0.49375703109374641,1.2149831253750085,0.82225298421424131,0.51257346786401692,0.31811077285705275
1.6000000000000001,6,24.700000000000003,-1.0927812687576267e-08,-4.4948612733087935e-17,0.49375703109374641,1.2149831253750085,0.82225298409056002,0.51257346784934132,0.31811077284436051
1.6000000000000001,6,24.75,-1.2823906883888743e-08,-5.38920759870128e-17,0.49375703109374641,1.2149831253750085,0.82225298394641844,0.51257346783283575,0.31811077283036043
1.6000000000000001,6,24.800000000000001,-1.5048994002843529e-08,-6.4146219200564594e-17,0.49375703109374641,1.2149831253750085,0.82225298377822631,0.51257346781415203,0.31811077281478739
1.6000000000000001,6,24.850000000000001,-1.7660157906152251e-08,-8.1724750423796251e-17,0.49375703109374641,1.2149831253750085,0.82225298358178556,0.51257346779287938,0.31811077279733058
1.6000000000000001,6,24.900000000000002,-2.072438702458959e-08,-9.5756735873919757e-17,0.49375703109374641,1.2149831253750085,0.82225298335213448,0.51257346776854573,0.31811077277763139
1.6000000000000001,6,24.950000000000003,-2.4320293116654919e-08,-1.3164623712135105e-16,0.49375703109374641,1.2149831253750085,0.82225298308347095,0.51257346774060086,0.31811077275527283
1.6000000000000001,6,25,-2.8540127869925806e-08,-1.3580957346369537e-16,0.49375703109374641,1.2149831253750085,0.8222529827690056,0.51257346770839463,0.31811077272976451
1.6000000000000001,6,25.050000000000001,-3.3492149663592416e-08,-1.5662625517541705e-16,0.49375703109374641,1.2149831253750085,0.82225298240076616,0.51257346767116085,0.31811077270052868
1.6000000000000001,6,25.100000000000001,-3.9303400820766813e-08,-1.8731158599491792e-16,0.49375703109374647,1.2149831253750085,0.82225298196938557,0.51257346762799949,0.31811077266688653
1.6000000000000001,6,25.150000000000002,-4.6122966888134656e-08,-2.0955459589799832e-16,0.49375703109374647,1.2149831253750085,0.82225298146386538,0.5125734675778556,0.31811077262804194
1.6000000000000001,6,25.200000000000003,-5.4125801358554139e-08,-2.6768710704850995e-16,0.49375703109374647,1.2149831253750085,0.82225298087130061,0.51257346751949473,0.31811077258306292
1.6000000000000001,6,25.25,-6.3517213916286511e-08,-2.9039270987851752e-16,0.49375703109374647,1.2149831253750085,0.82225298017655524,0.5125734674514717,0.31811077253085968
1.6000000000000001,6,25.300000000000001,-7.4538137776492913e-08,-3.4062259186069034e-16,0.49375703109374652,1.2149831253750085,0.82225297936187736,0.51257346737209475,0.31811077247015723
1.6000000000000001,6,25.350000000000001,-8.7471310551662555e-08,-3.9790701597850231e-16,0.49375703109374652,1.2149831253750085,0.8222529784064434,0.51257346727938113,0.31811077239946306
1.6000000000000001,6,25.400000000000002,-1.0264852767031171e-07,-4.7458179361667717e-16,0.49375703109374652,1.2149831253750085,0.82225297728581714,0.51257346717100427,0.3181107723170275
1.6000000000000001,6,25.450000000000003,-1.2045915466866545e-07,-5.3807267283742815e-16,0.49375703109374658,1.2149831253750081,0.82225297597131686,0.51257346704423223,0.31811077222079676
1.6000000000000001,6,25.5,-1.4136011585414197e-07,-6.4639651655953566e-16,0.49375703109374658,1.2149831253750081,0.82225297442927336,0.51257346689585415,0.3181107721083567
1.6000000000000001,6,25.550000000000001,-1.6588761663690704e-07,-7.7087256331351594e-16,0.49375703109374663,1.2149831253750079,0.82225297262017349,0.51257346672209636,0.3181107719768676
1.6000000000000001,6,25.600000000000001,-1.9467089940436137e-07,-8.7850251764523246e-16,0.49375703109374669,1.2149831253750079,0.82225297049767421,0.5125734665185242,0.31811077182298747
1.6000000000000001,6,25.650000000000002,-2.2844838629147868e-07,-1.0263009577984562e-15,0.49375703109374675,1.2149831253750079,0.82225296800756376,0.51257346627988942,0.31811077164277929
1.6000000000000001,6,25.700000000000003,-2.6808662287371627e-07,-1.2253701140194396e-15,0.4937570310937468,1.2149831253750076,0.82225296508574675,0.51257346600015286,0.31811077143168487
1.6000000000000001,6,25.75,-3.1460250859215477e-07,-1.4520406482137423e-15,0.49375703109374686,1.2149831253750074,0.82225296165725714,0.51257346567225881,0.31811077118438841
1.6000000000000001,6,25.800000000000001,-3.6918938441750987e-07,-1.684609242226366e-15,0.49375703109374697,1.2149831253750074,0.82225295763435347,0.51257346528785519,0.31811077089461948
1.6000000000000001,6,25.850000000000001,-4.3324764664288348e-07,-1.993312922129083e-15,0.49375703109374702,1.2149831253750072,0.82225295291398404,0.51257346483708766,0.3181107705549775
1.6000000000000001,6,25.900000000000002,-5.0842067244906415e-07,-2.3362484786244099e-15,0.49375703109374713,1.2149831253750067,0.82225294737505872,0.51257346430836881,0.31811077015674805
1.6000000000000001,6,25.950000000000003,-5.9663697863307965e-07,-2.7248265372432143e-15,0.4937570310937473,1.2149831253750063,0.82225294087537848,0.51257346368810663,0.31811076968969776
1.6000000000000001,6,26,-7.0015969465584638e-07,-3.2040342601291631e-15,0.49375703109374747,1.2149831253750061,0.82225293324807658,0.51257346296037987,0.31811076914183417
1.6000000000000001,6,26.050000000000001,-8.2164461951270763e-07,-3.7714430344158878e-15,0.49375703109374763,1.2149831253750059,0.82225292429742547,0.51257346210654564,0.3181107684991184
1.6000000000000001,6,26.100000000000001,-9.6420835109600158e-07,-4.4368829598005916e-15,0.49375703109374786,1.2149831253750052,0.82225291379385923,0.51257346110476476,0.31811076774511632
1.6000000000000001,6,26.150000000000002,-1.1315082354863837e-06,-5.1930681976841703e-15,0.49375703109374808,1.2149831253750047,0.8222529014680694,0.51257345992943182,0.31811076686057616
1.6000000000000001,6,26.200000000000003,-1.3278361870053654e-06,-6.1029884849498723e-15,0.49375703109374841,1.2149831253750036,0.82225288700402199,0.5125734585504953,0.31811076582291875
1.6000000000000001,6,26.25,-1.5582287847757687e-06,-7.145248898727315e-15,0.49375703109374874,1.2149831253750032,0.82225287003075198,0.51257345693265322,0.31811076460562765
1.6000000000000001,6,26.300000000000001,-1.8285964690269627e-06,-8.3794468277689451e-15,0.49375703109374913,1.2149831253750021,0.8222528501127887,0.51257345503441198,0.31811076317752573
1.6000000000000001,6,26.350000000000001,-2.1458751504329108e-06,-9.846020603770317e-15,0.49375703109374963,1.214983125375001,0.82225282673906153,0.5125734528069924,0.31811076150192519
1.6000000000000001,6,26.400000000000002,-2.5182041197705494e-06,-1.1553027053542073e-14,0.49375703109375019,1.2149831253749994,0.82225279931015238,0.51257345019306821,0.31811075953563772
1.6000000000000001,6,26.450000000000003,-2.9551348186620318e-06,-1.3570471906692523e-14,0.49375703109375085,1.2149831253749979,0.82225276712485684,0.51257344712478614,0.31811075722777793
1.6000000000000001,6,26.5,-3.4678758235971874e-06,-1.5918053912026642e-14,0.49375703109375163,1.2149831253749961,0.82225272935413485,0.51257344352405798,0.31811075451942605
1.6000000000000001,6,26.550000000000001,-4.0695803228152908e-06,-1.8664121174497931e-14,0.49375703109375257,1.2149831253749939,0.82225268502832882,0.51257343929964527,0.31811075134185857
1.6000000000000001,6,26.600000000000001,-4.7756834525009552e-06,-2.1921276522402561e-14,0.49375703109375363,1.2149831253749914,0.82225263301252338,0.51257343434354019,0.3181107476140021
1.6000000000000001,6,26.650000000000002,-5.6042981367504601e-06,-2.5703629040011814e-14,0.49375703109375485,1.2149831253749881,0.82225257197378376,0.51257342852830545,0.3181107432401647
1.6000000000000001,6,26.700000000000003,-6.5766795711528579e-06,-3.0149571111298061e-14,0.49375703109375635,1.2149831253749848,0.82225250034586861,0.51257342170408149,0.318110738107659
1.6000000000000001,6,26.75,-7.7177702455586771e-06,-3.5417386616091544e-14,0.49375703109375807,1.2149831253749808,0.82225241628952483,0.51257341369508103,0.31811073208414714
1.6000000000000001,6,26.800000000000001,-9.0568394610005541e-06,-4.1537298292284829e-14,0.49375703109376012,1.2149831253749757,0.82225231764646578,0.51257340429538789,0.31811072501453874
1.6000000000000001,6,26.850000000000001,-1.0628233708078034e-05,-4.8751126592429093e-14,0.49375703109376251,1.2149831253749701,0.82225220188513759,0.51257339326388074,0.31811071671727081
1.6000000000000001,6,26.900000000000002,-1.24722571046792e-05,-5.7214187091740131e-14,0.49375703109376529,1.2149831253749632,0.82225206603637413,0.51257338031809929,0.31811070697980104
1.6000000000000001,6,26.950000000000003,-1.4636204406737149e-05,-6.7155309091404549e-14,0.49375703109376856,1.2149831253749555,0.82225190661704872,0.51257336512687146,0.31811069555314392
1.6000000000000001,6,27,-1.7175572993145201e-05,-7.8798194821002216e-14,0.49375703109377239,1.2149831253749461,0.8222517195398209,0.51257334730152126,0.31811068214528038
1.6000000000000001,6,27.050000000000001,-2.0155484778351277e-05,-9.2471747851578355e-14,0.49375703109377694,1.2149831253749355,0.82225150000708214,0.51257332638547526,0.31811066641327096
1.6000000000000001,6,27.100000000000001,-2.3652354340536439e-05,-1.0851404651389551e-13,0.49375703109378222,1.2149831253749226,0.82225124238720781,0.51257330184208627,0.31811064795390293
1.6000000000000001,6,27.150000000000002,-2.775584579685646e-05,-1.2734766944670168e-13,0.49375703109378843,1.2149831253749077,0.82225094007121058,0.51257327304049427,0.31811062629270143
1.6000000000000001,6,27.200000000000003,-3.2571168266034505e-05,-1.4941759249629015e-13,0.49375703109379571,1.2149831253748902,0.82225058530791806,0.51257323923934373,0.31811060087114212
1.6000000000000001,6,27.25,-3.8221768308794182e-05,-1.7534758367521164e-13,0.49375703109380431,1.2149831253748695,0.82225016900735337,0.5125731995700078,0.31811057103580248
1.6000000000000001,6,27.300000000000001,-4.4852487731472624e-05,-2.0576804149463614e-13,0.4937570310938143,1.2149831253748455,0.82224968048133518,0.51257315301747619,0.31811053602343181
1.6000000000000001,6,27.350000000000001,-5.2633266819883932e-05,-2.4148175742983506e-13,0.49375703109382613,1.2149831253748171,0.8222491072044622,0.51257309839228593,0.31811049493921517
1.6000000000000001,6,27.400000000000002,-6.1763486705125066e-05,-2.8340593760667336e-13,0.49375703109383995,1.214983125374784,0.82224843448445462,0.51257303429534296,0.31811044673116701
1.6000000000000001,6,27.450000000000003,-7.2477060470978191e-05,-3.3257127761575512e-13,0.49375703109385621,1.2149831253747452,0.82224764507474435,0.51257295908043898,0.31811039016137937
1.6000000000000001,6,27.5,-8.5048401145253709e-05,-3.9027103308312645e-13,0.49375703109387525,1.2149831253746994,0.8222467187338226,0.51257287081369596,0.31811032377531673
1.6000000000000001,6,27.550000000000001,-9.9799416286436391e-05,-4.5798376665147822e-13,0.49375703109389762,1.2149831253746455,0.8222456317129343,0.51257276722718614,0.31811024586697789
1.6000000000000001,6,27.600000000000001,-0.00011710770393632319,-5.3746089369156717e-13,0.49375703109392383,1.2149831253745826,0.82224435615370206,0.51257264566397209,0.31811015443774454
1.6000000000000001,6,27.650000000000002,-0.0001374161537741686,-6.306921420303388e-13,0.49375703109395463,1.2149831253745089,0.82224285937725827,0.51257250301181256,0.31811004714673619
1.6000000000000001,6,27.700000000000003,-0.00016124419094329324,-7.401299480698972e-13,0.49375703109399077,1.2149831253744223,0.82224110304644937,0.51257233562277915,0.31810992125049137
1.6000000000000001,6,27.75,-0.00018920093884501225,-8.6853410266287926e-13,0.49375703109403318,1.2149831253743204,0.8222390421826703,0.51257213921603129,0.31810977352979519
1.6000000000000001,6,27.800000000000001,-0.00022200062186298242,-1.0192555133237134e-12,0.49375703109408292,1.2149831253742012,0.82223662401885889,0.5125719087609919,0.31810960020147278
1.6000000000000001,6,27.850000000000001,-0.00026048058018313211,-1.1960986984810914e-12,0.49375703109414132,1.2149831253740608,0.822233786670168,0.51257163833817221,0.31810939681296851
1.6000000000000001,6,27.900000000000002,-0.00030562232728422161,-1.4036336136601259e-12,0.49375703109420982,1.2149831253738963,0.82223045757203661,0.5125713210040761,0.3181091581412907
1.6000000000000001,6,27.950000000000003,-0.00035857614692932205,-1.6471700161243185e-12,0.49375703109429026,1.2149831253737033,0.82222655157928903,0.51257094864832908,0.3181088780862727
1.6000000000000001,6,28,-0.0004206898011060479,-1.9329847522003223e-12,0.49375703109438462,1.2149831253734769,0.82222196887758547,0.51257051175207058,0.31810854948755457
1.6000000000000001,6,28.050000000000001,-0.00049354200364387299,-2.268381971457265e-12,0.49375703109449537,1.2149831253732108,0.82221659244324785,0.51256999913949708,0.31810816393933655
1.6000000000000001,6,28.100000000000001,-0.00057898140612118692,-2.6619670588183077e-12,0.49375703109462532,1.2149831253728991,0.82221028508154059,0.51256939768793863,0.31810771157181239
1.6000000000000001,6,28.150000000000002,-0.00067917194253917269,-3.1238664047503509e-12,0.49375703109477787,1.2149831253725332,0.82220288599071256,0.51256869200714539,0.31810718080928924
1.6000000000000001,6,28.200000000000003,-0.00079664548559831971,-3.6658731605854208e-12,0.49375703109495683,1.2149831253721035,0.8221942067492003,0.51256786406711896,0.31810655808966898
1.6000000000000001,6,28.25,-0.00093436287752940255,-4.3019611792624902e-12,0.49375703109516683,1.2149831253715995,0.82218402662308698,0.5125668927536462,0.31810582752981953
1.6000000000000001,6,28.300000000000001,-0.001095784507768005,-5.0483768400234729e-12,0.4937570310954133,1.2149831253710079,0.82217208709048162,0.51256575333069265,0.31810497052136572
1.6000000000000001,6,28.350000000000001,-0.0012849517112382466,-5.9243311259813164e-12,0.49375703109570251,1.2149831253703141,0.82215808547890246,0.51256441678881293,0.31810396524142848
1.6000000000000001,6,28.400000000000002,-0.0015065803440537321,-6.9522563246450365e-12,0.49375703109604191,1.2149831253694992,0.8221416676054526,0.51256284906549499,0.31810278606789499
1.6000000000000001,6,28.450000000000003,-0.0017661679426742662,-8.1585445189781412e-12,0.4937570310964402,1.2149831253685435,0.82212241916897,0.51256101030508683,0.31810140301911893
1.6000000000000001,6,28.5,-0.0020701158661987989,-9.574138858258074e-12,0.49375703109690761,1.2149831253674217,0.82209985579560596,0.51255885389949118,0.31809978102527919
1.6000000000000001,6,28.550000000000001,-0.0024258677292729128,-1.1235376980630227e-11,0.49375703109745617,1.2149831253661052,0.8220734115413536,0.51255632531373774,0.3180978790536067
1.6000000000000001,6,28.600000000000001,-0.0028420652138434004,-1.3184844844002818e-11,0.49375703109809982,1.2149831253645602,0.82204242580217946,0.5125533606731415,0.31809564904431231
1.6000000000000001,6,28.650000000000002,-0.0033287219466415735,-1.54725375644476e-11,0.49375703109885521,1.2149831253627472,0.82200612814997664,0.5125498852203727,0.31809303474600181
1.6000000000000001,6,28.700000000000003,-0.0038974154737301397,-1.8157177035053411e-11,0.49375703109974162,1.21498312536062,0.82196362091392039,0.51254581160746115,0.31808997042614023
1.6000000000000001,6,28.75,-0.0045614963614613886,-2.1307642147607968e-11,0.4937570311007819,1.2149831253581234,0.82191385938854888,0.51254103792976613,0.31808637938698309
1.6000000000000001,6,28.800000000000001,-0.0053363119899302678,-2.5004778841622132e-11,0.49375703110200259,1.2149831253551939,0.8218556295419317,0.51253544540895046,0.3180821722173926
1.6000000000000001,6,28.850000000000001,-0.0062394405424343533,-2.9343370596000995e-11,0.49375703110343516,1.2149831253517556,0.82178752308696179,0.51252889563198867,0.31807724471095655
1.6000000000000001,6,28.900000000000002,-0.0072909278743430936,-3.4434767653042837e-11,0.49375703110511626,1.214983125347721,0.82170790976549879,0.51252122725324689,0.31807147538082786
1.6000000000000001,6,28.950000000000003,-0.0085135161981486386,-4.0409573102818801e-11,0.49375703110708907,1.2149831253429861,0.82161490653350921,0.51251225230498298,0.31806472267672015
1.6000000000000001,6,29,-0.0099328486884109959,-4.7421055585392434e-11,0.49375703110940417,1.2149831253374299,0.82150634432761438,0.51250175310991275,0.3180568226188068
1.6000000000000001,6,29.050000000000001,-0.011577628075541352,-5.5649128939220608e-11,0.49375703111212094,1.2149831253309098,0.82137973215860249,0.51248947731231675,0.31804758506264846
1.6000000000000001,6,29.100000000000001,-0.013479700047886754,-6.5304861055863001e-11,0.49375703111530911,1.2149831253232581,0.82123222004558105,0.51247513314116466,0.31803679009587177
1.6000000000000001,6,29.150000000000002,-0.015674023992894616,-7.6635970447689101e-11,0.4937570311190505,1.2149831253142789,0.82106056234148717,0.51245838398343435,0.31802418389633791
1.6000000000000001,6,29.200000000000003,-0.018198484763237648,-8.9933129808946369e-11,0.49375703112344105,1.2149831253037415,0.82086108054833162,0.51243884259422312,0.31800947433186089
1.6000000000000001,6,29.25,-0.021093490692568408,-1.0553751372050565e-10,0.49375703112859337,1.2149831252913759,0.82062962916398352,0.51241606505393344,0.31799232636087182
1.6000000000000001,6,29.300000000000001,-0.024401296568558828,-1.2384941224580842e-10,0.4937570311346397,1.2149831252768646,0.82036156826039353,0.51238954452049956,0.31797235724577899
1.6000000000000001,6,29.350000000000001,-0.028164988018062512,-1.453386278610975e-10,0.49375703114173514,1.2149831252598355,0.82005174649481694,0.51235870482461532,0.31794913159077282
1.6000000000000001,6,29.400000000000002,-0.032427068891362175,-1.7055648012736453e-10,0.49375703115006175,1.2149831252398517,0.81969449828660024,0.51232289395592878,0.31792215621582648
1.6000000000000001,6,29.450000000000003,-0.037227609502665258,-2.0014987159928174e-10,0.49375703115983305,1.2149831252164007,0.81928365825988658,0.51228137817005104,0.31789087553463269
1.6000000000000001,6,29.5,-0.042601944857698526,-2.348780570115499e-10,0.49375703117129982,1.2149831251888805,0.81881259932567985,0.51223333793400738,0.31785466839461918
1.6000000000000001,6,29.550000000000001,-0.048577961246950026,-2.7563196343394214e-10,0.49375703118475617,1.2149831251565852,0.81827430268143486,0.51217786413986877,0.31781284476568594
1.6000000000000001,6,29.600000000000001,-0.055173077339395776,-3.2345710943786851e-10,0.49375703120054737,1.2149831251186862,0.81766146011717877,0.51211395686570627,0.3177646444735755
1.6000000000000001,6,29.650000000000002,-0.062391108363670053,-3.795804327876789e-10,0.49375703121907849,1.2149831250742118,0.81696661315977293,0.51204052662886468,0.31770923770100123
1.6000000000000001,6,29.700000000000003,-0.070219289175151745,-4.454417546623236e-10,0.49375703124082498,1.2149831250220198,0.81618232876051122,0.51195639909487534,0.31764572799617258
1.6000000000000001,6,29.75,-0.07862580717545041,-5.2273072941958862e-10,0.49375703126634474,1.2149831249607725,0.81530140803618145,0.511860323137032,0.31757315778099121
1.6000000000000001,6,29.800000000000001,-0.087558236925434019,-6.1343018396368509e-10,0.49375703129629239,1.214983124888898,0.8143171196871839,0.5117509833059527,0.31749051710571197
1.6000000000000001,6,29.850000000000001,-0.096943251639780029,-7.198670076702384e-10,0.49375703133143634,1.2149831248045528,0.81322344558288107,0.51162701633063123,0.31739675542264384
1.6000000000000001,6,29.900000000000002,-0.1066878957391751,-8.4477176750777078e-10,0.49375703137267812,1.2149831247055725,0.81201532123011788,0.51148703165582809,0.31729079641712704
1.6000000000000001,6,29.950000000000003,-0.11668253536935216,-9.9134885690126912e-10,0.4937570314210758,1.2149831245894183,0.81068885148979719,0.51132963546469834,0.31717155553606691
1.6000000000000001,6,30,-0.12680537954008603,-1.1633586566691912e-09,0.49375703147787103,1.2149831244531095,0.80924148178424737,0.51115345712723437,0.31703795940413854
1.6000000000000001,6,30.050000000000001,-0.13692822371082058,-1.3652140272435445e-09,0.49375703154452083,1.2149831242931501,0.80767210755299623,0.51095717633624183,0.31688896603377165
1.6000000000000001,6,30.100000000000001,-0.14692286334099761,-1.6020934737027828e-09,0.4937570316227351,1.2149831241054356,0.80598110873677842,0.51073955027179185,0.31672358519165977
1.6000000000000001,6,30.150000000000002,-0.15666750744039276,-1.8800741085098527e-09,0.4937570317145204,1.2149831238851512,0.80417030474962381,0.51049944001882575,0.31654089827343868
1.6000000000000001,6,30.200000000000003,-0.16605252215473865,-2.2062873935595348e-09,0.49375703182223141,1.2149831236266446,0.8022428349448717,0.51023583091839542,0.31634007426862382
1.6000000000000001,6,30.25,-0.17498495190472163,-2.5891022567019343e-09,0.49375703194863152,1.2149831233232844,0.80020297326779755,0.50994784836287488,0.31612038253932323
1.6000000000000001,6,30.300000000000001,-0.18339146990502087,-3.0383396418408472e-09,0.49375703209696337,1.2149831229672881,0.79805589614778971,0.50963477174221405,0.31588120391374702
1.6000000000000001,6,30.350000000000001,-0.19121965071650251,-3.565524606389321e-09,0.4937570322710324,1.2149831225495222,0.79580742220266865,0.50929603802940171,0.31562203483296353
1.6000000000000001,6,30.400000000000002,-0.19843768174077678,-4.1841818379286428e-09,0.49375703247530434,1.2149831220592695,0.79346374546312592,0.50893124151791969,0.31534248846519963
1.6000000000000001,6,30.450000000000003,-0.20503279783322254,-4.9101828857496999e-09,0.49375703271501964,1.214983121483953,0.7910311793505137,0.50854012776576263,0.31504229160633179
1.6000000000000001,6,30.5,-0.21100881422247353,-5.7621529675400742e-09,0.49375703299632817,1.2149831208088124,0.78851592630706191,0.508122582650407,0.3147212779020151
1.6000000000000001,6,30.550000000000001,-0.21638314957750715,-6.7619491226263626e-09,0.49375703332644677,1.2149831200165278,0.78592388124480406,0.50767861792475499,0.31437937844743569
1.6000000000000001,6,30.600000000000001,-0.22118369018881023,-7.9352207651598198e-09,0.49375703371384455,1.2149831190867728,0.78326047458626802,0.50720835398577968,0.31401661014383658
1.6000000000000001,6,30.650000000000002,-0.22544577106210981,-9.3120677748279355e-09,0.49375703416846006,1.2149831179956958,0.78053055456399989,0.50671200088074009,0.31363306262883894
1.6000000000000001,6,30.700000000000003,-0.2292094625116135,-1.0927812687576267e-08,0.49375703470195625,1.2149831167153051,0.77773830645932052,0.5061898383630844,0.31322888434490426
1.6000000000000001,6,30.75,-0.23251726838760367,-1.2823906883888743e-08,0.4937570353280199,1.2149831152127524,0.77488720413913292,0.50564219676288302,0.31280426891696844
1.6000000000000001,6,30.800000000000001,-0.23541227431693462,-1.5048994002843529e-08,0.49375703606271232,1.2149831134494902,0.77197998810440427,0.50506943732060539,0.31235944110541108
1.6000000000000001,6,30.850000000000001,-0.23793673508727758,-1.7660157906152251e-08,0.49375703692488188,1.2149831113802836,0.76901866434485233,0.50447193433745419,0.31189464382531029
1.6000000000000001,6,30.900000000000002,-0.24013105903228543,-2.072438702458959e-08,0.49375703793664721,1.2149831089520469,0.76600451836425687,0.50385005860211252,0.31141012596951395
1.6000000000000001,6,30.950000000000003,-0.24203313100463081,-2.4320293116654919e-08,0.49375703912396474,1.2149831061024845,0.76293813903408592,0.50320416196978524,0.3109061309858604
1.6000000000000001,6,31,-0.24367791039176104,-2.8540127869925806e-08,0.4937570405172948,1.2149831027584923,0.75981944857549044,0.50253456348279102,0.31038288647998902
1.6000000000000001,6,31.050000000000001,-0.24509724288202356,-3.3492149663592416e-08,0.49375704215238264,1.2149830988342816,0.75664773508086292,0.50184153775972529,0.30984059532531077
1.6000000000000001,6,31.100000000000001,-0.24631983120582907,-3.9303400820766813e-08,0.49375704407117599,1.2149830942291775,0.75342168468912529,0.50112530407268152,0.30927942729854413
1.6000000000000001,6,31.150000000000002,-0.24737131853773778,-4.6122966888134656e-08,0.49375704632290068,1.2149830888250384,0.75013941193859557,0.50038601651694525,0.30869951147197711
1.6000000000000001,6,31.200000000000003,-0.24827444709024182,-5.4125801358554139e-08,0.49375704896532391,1.2149830824832226,0.74679848645720126,0.49962375636703288,0.30810093013641615
1.6000000000000001,6,31.25,-0.24904926271871064,-6.3517213916286511e-08,0.49375705206623616,1.2149830750410331,0.74339595545707182,0.49883852396159911,0.30748371246899098
1.6000000000000001,6,31.300000000000001,-0.24971334360644198,-7.4538137776492913e-08,0.49375705570519002,1.2149830663075438,0.73992836115520866,0.49803023199284679,0.30684782918912529
1.6000000000000001,6,31.350000000000001,-0.25028203713353048,-8.7471310551662555e-08,0.49375705997554159,1.2149830560587001,0.73639175293657988,0.49719869982952797,0.30619318796728906
1.6000000000000001,6,31.400000000000002,-0.25076869386632872,-1.0264852767031171e-07,0.49375706498684496,1.2149830440315719,0.73278169413391192,0.49634364836368183,0.30551962924980319
1.6000000000000001,6,31.450000000000003,-0.25118489135089916,-1.2045915466866545e-07,0.49375707086766324,1.2149830299176081,0.72909326331411939,0.49546469487125655,0.30482692216296875
1.6000000000000001,6,31.5,-0.25154064321397329,-1.4136011585414197e-07,0.49375707776886635,1.2149830133547208,0.72532104998086933,0.49456134737676172,0.30411476015979244
1.6000000000000001,6,31.550000000000001,-0.2518445911374978,-1.6588761663690704e-07,0.49375708586750178,1.2149829939179957,0.72145914462570504,0.49363299801209687,0.30338275607257914
1.6000000000000001,6,31.600000000000001,-0.25210417873611835,-1.9467089940436137e-07,0.4937570953713365,1.2149829711087923,0.71750112355947127,0.49267891638533562,0.302630437225543
1.6000000000000001,6,31.650000000000002,-0.25232580736893384,-2.2844838629147868e-07,0.49375710652418708,1.2149829443419511,0.71344003034489512,0.4916982486622698,0.3018572443169017
1.6000000000000001,6,31.700000000000003,-0.25251497457240407,-2.6808662287371627e-07,0.49375711961217472,1.2149829129307805,0.70926834952231133,0.49069000784165145,0.30106252464510408
1.6000000000000001,6,31.75,-0.25267639620264265,-3.1460250859215477e-07,0.49375713497106527,1.2149828760694434,0.70497797667514939,0.48965306729892616,0.30024552749081235
1.6000000000000001,6,31.800000000000001,-0.25281411359457379,-3.6918938441750987e-07,0.4937571529948831,1.2149828328122805,0.70056018348383009,0.48858615333148825,0.29940539890287438
1.6000000000000001,6,31.850000000000001,-0.25293158713763286,-4.3324764664288348e-07,0.49375717414601938,1.2149827820495533,0.6960055779455927,0.48748783686055347,0.29854117599415309
1.6000000000000001,6,31.900000000000002,-0.25303177767405088,-5.0842067244906415e-07,0.49375719896709414,1.214982722478974,0.69130405991346688,0.4863565242915685,0.29765178074741316
1.6000000000000001,6,31.950000000000003,-0.25311721707652823,-5.9663697863307965e-07,0.49375722809487638,1.2149826525722969,0.68644477211384192,0.48519044733402089,0.29673601320090565
1.6000000000000001,6,32,-0.25319006927906601,-7.0015969465584638e-07,0.49375726227661965,1.2149825705361128,0.68141604689056345,0.48398765158150936,0.29579254388329279
1.6000000000000001,6,32.050000000000004,-0.2532521829332427,-8.2164461951270763e-07,0.49375730238923138,1.2149824742658446,0.67620534903456364,0.48274598365293536,0.29481990536755198
1.6000000000000001,6,32.100000000000001,-0.25330513675288779,-9.6420835109600158e-07,0.49375734946176836,1.2149823612917559,0.67079921523589925,0.48146307719446285,0.29381648317323128
1.6000000000000001,6,32.149999999999999,-0.25335027849998892,-1.1315082354863837e-06,0.49375740470183466,1.2149822287155967,0.66518319107945145,0.48013633832822966,0.29278050648387138
1.6000000000000001,6,32.200000000000003,-0.25338875845830905,-1.3278361870053654e-06,0.49375746952656008,1.2149820731362557,0.6593417655518099,0.47876292812457749,0.29171003696649389
1.6000000000000001,6,32.25,-0.25342155814132705,-1.5582287847757687e-06,0.49375754559895202,1.2149818905625152,0.65325830632604664,0.47733974455983252,0.29060295739789849
1.6000000000000001,6,32.300000000000004,-0.25344951488922873,-1.8285964690269627e-06,0.49375763487055474,1.2149816763106684,0.64691499635925653,0.47586340252316461,0.28945695918917164
1.6000000000000001,6,32.350000000000001,-0.25347334292639789,-2.1458751504329108e-06,0.49375773963150821,1.2149814248843802,0.64029277417271757,0.47433021212341814,0.2882695290473174
1.6000000000000001,6,32.399999999999999,-0.2534936513762357,-2.5182041197705494e-06,0.49375786256929166,1.2149811298336999,0.63337128190120306,0.4727361554660644,0.28703793492174928
1.6000000000000001,6,32.450000000000003,-0.25351095966388565,-2.9551348186620318e-06,0.49375800683765664,1.2149807835896242,0.62612882593189079,0.47107686206037708,0.28575921137604277
1.6000000000000001,6,32.5,-0.25352571067902685,-3.4678758235971874e-06,0.49375817613751732,1.2149803772699583,0.61854235580613515,0.46934758301692819,0.28443014452534177
1.6000000000000001,6,32.550000000000004,-0.25353828201970113,-4.0695803228152908e-06,0.49375837481187129,1.2149799004515089,0.61058746804561537,0.46754316419550018,0.28304725667981151
1.6000000000000001,6,32.600000000000001,-0.25354899559346689,-4.7756834525009552e-06,0.49375860795718313,1.2149793409027603,0.60223844269351878,0.46565801846351784,0.2816067908345376
1.6000000000000001,6,32.649999999999999,-0.25355812581335213,-5.6042981367504601e-06,0.49375888155408537,1.2149786842701948,0.59346832518994386,0.46368609783284631,0.28010469575663838
1.6000000000000001,6,32.700000000000003,-0.2535659065924406,-6.5766795711528579e-06,0.49375920262074435,1.2149779137102135,0.5842490810322869,0.46162086868820479,0.27853661455078771
1.6000000000000001,6,32.75,-0.2535725373118633,-7.7177702455586771e-06,0.49375957939281906,1.2149770094572341,0.57455181508900977,0.45945528699554922,0.27689787304450558
1.6000000000000001,6,32.800000000000004,-0.25357818791190606,-9.0568394610005541e-06,0.49376002153462056,1.2149759483169107,0.56434709802498839,0.45718177857278425,0.27518347302481
1.6000000000000001,6,32.850000000000001,-0.25358300323437521,-1.0628233708078034e-05,0.4937605403868765,1.2149747030714961,0.55360541756319503,0.45479222549822529,0.27338809058511065
1.6000000000000001,6,32.899999999999999,-0.25358710672583151,-1.24722571046792e-05,0.49376114925743908,1.2149732417821462,0.54229778321403133,0.45227796145118471,0.2715060815835012
1.6000000000000001,6,32.950000000000003,-0.2535906035953937,-1.4636204406737149e-05,0.49376186376237091,1.2149715269703099,0.53039651610955152,0.44962977957340777,0.26953149670807763
1.6000000000000001,6,33,-0.25359358350717892,-1.7175572993145201e-05,0.49376270222612506,1.2149695146572999,0.5178762559637925,0.4468379570921342,0.26745810900436595
1.6000000000000001,6,33.050000000000004,-0.25359612287576533,-2.0155484778351277e-05,0.49376368615104088,1.2149671532375019,0.50471521614329296,0.44389230190599771,0.26527945730692687
1.6000000000000001,6,33.100000000000001,-0.2535982868230674,-2.3652354340536439e-05,0.49376484076813609,1.2149643821564733,0.49089671089769144,0.44078222696085695,0.26298890930917951
1.6000000000000001,6,33.149999999999999,-0.25360013084646399,-2.775584579685646e-05,0.49376619568323982,1.2149611303602246,0.47641096849906051,0.43749685934896015,0.26057974864664529
1.6000000000000001,6,33.200000000000003,-0.2536017022407111,-3.2571168266034505e-05,0.49376778563492174,1.2149573144761878,0.46125722062730717,0.43402519098609083,0.25804529006584609
1.6000000000000001,6,33.25,-0.2536030413099265,-3.8221768308794182e-05,0.49376965138349821,1.2149528366796043,0.44544602985524906,0.43035627828998912,0.25537902695929576
1.6000000000000001,6,33.300000000000004,-0.2536041824006009,-4.4852487731472624e-05,0.49377184075369429,1.2149475821911337,0.42900176872156398,0.42647949652470402,0.25257481401229048
1.6000000000000001,6,33.350000000000001,-0.25360515478203527,-5.2633266819883932e-05,0.49377440985739973,1.2149414163422405,0.4119651140980784,0.42238485381326624,0.24962708707164966
1.6000000000000001,6,33.399999999999999,-0.25360598339671958,-6.1763486705125066e-05,0.49377742452745682,1.2149341811341035,0.39439534743321802,0.41806336491157575,0.24653111865750096
1.6000000000000001,6,33.450000000000003,-0.25360668949984921,-7.2477060470978191e-05,0.49378096199867244,1.2149256912031863,0.3763721909432432,0.41350748094212342,0.24328330477239485
1.6000000000000001,6,33.5,-0.2536072912043485,-8.5048401145253709e-05,0.4937851128783648,1.2149157290919244,0.35799684646298802,0.4087115632572465,0.23988147320356959
1.6000000000000001,6,33.550000000000004,-0.25360780394535343,-9.9799416286436391e-05,0.49378998345587732,1.2149040397058943,0.33939188181282942,0.40367238196023719,0.2363251985152128
1.6000000000000001,6,33.600000000000001,-0.25360824087605227,-0.00011710770393632319,0.49379569840876714,1.2148903238189588,0.32069962805689828,0.39838960956903907,0.23261610268500957
1.6000000000000001,6,33.649999999999999,-0.25360861320502159,-0.0001374161537741686,0.49380240397297054,1.2148742304648708,0.30207884656000061,0.39286627230511578,0.22875811579034075
1.6000000000000001,6,33.700000000000003,-0.25360893048370309,-0.00016124419094329324,0.49381027165535674,1.2148553480271438,0.28369959594609762,0.38710911401504261,0.22475766727024965
1.6000000000000001,6,33.75,-0.25360920085138727,-0.00018920093884501225,0.4938195025798966,1.2148331938082482,0.26573648095325442,0.3811288295517295,0.22062378128617999
1.6000000000000001,6,33.800000000000004,-0.25360943124398505,-0.00022200062186298242,0.49383033257342568,1.2148072018237783,0.2483607281608736,0.37494012348228967,0.21636804981923502
1.6000000000000001,6,33.850000000000001,-0.25360962757193656,-0.00026048058018313211,0.49384303811388403,1.2147767085266781,0.23173181621613279,0.36856156880526325,0.2120044719013417
1.6000000000000001,6,33.899999999999999,-0.25360979487182095,-0.00030562232728422161,0.49385794328320315,1.2147409361203125,0.21598953288576017,0.36201525551475111,0.20754915740297694
1.6000000000000001,6,33.950000000000003,-0.25360993743555249,-0.00035857614692932205,0.49387542788888616,1.2146989730666731,0.20124736683383246,0.3553262413524883,0.20301990940564105
1.6000000000000001,6,34,-0.25361005892047744,-0.0004206898011060479,0.49389593694296552,1.2146497513368828,0.18758796757930685,0.34852184402020187,0.19843571554565817
1.6000000000000001,6,34.050000000000004,-0.25361016244319334,-0.00049354200364387299,0.49391999171452022,1.2145920198851512,0.17506111956822315,0.34163082736979389,0.19381618655412708
1.6000000000000001,6,34.100000000000001,-0.2536102506594996,-0.00057898140612118692,0.49394820260227335,1.2145243137545438,0.16368427809373493,0.33468255001068886,0.18918098817423751
1.6000000000000001,6,34.149999999999999,-0.25361032583252535,-0.00067917194253917573,0.49398128410676495,1.214444918143764,0.15344536129774553,0.32770613770494111,0.18454930624689136
1.6000000000000001,6,34.200000000000003,-0.25361038989078766,-0.00079664548559831971,0.49402007221671324,1.2143518266798883,0.14430720535918767,0.3207297413658694,0.17993938295771339
1.6000000000000001,6,34.25,-0.25361044447766345,-0.00093436287752940255,0.49406554456053553,1.2142426930547148,0.13621297644889166,0.31377991814228118,0.17536814529816827
1.6000000000000001,6,34.300000000000004,-0.25361049099354915,-0.0010957845077680377,0.49411884371010295,1.2141147750957528,0.12909184968427928,0.30688115676035216,0.17085093561745199
1.6000000000000001,6,34.350000000000001,-0.25361053063178574,-0.0012849517112382466,0.49418130405730737,1.2139648702624624,0.12286436799200387,0.30005555823800578,0.16640134714992133
1.6000000000000001,6,34.399999999999999,-0.25361056440927265,-0.0015065803440536996,0.49425448271144057,1.2137892414925426,0.11744711970152244,0.29332265315568545,0.16203114935204471
1.6000000000000001,6,34.450000000000003,-0.25361059319255547,-0.0017661679426742662,0.49434019488163899,1.2135835322840662,0.11275651032202423,0.28669934407522579,0.15775029248793032
1.6000000000000001,6,34.5,-0.25361061772005622,-0.0020701158661987989,0.49444055419407706,1.2133426699342149,0.10871160013797063,0.28019994354529143,0.15356697072396888
1.6000000000000001,6,34.550000000000004,-0.2536106386210174,-0.002425867729272961,0.4945580184277123,1.2130607557734905,0.1052360615708804,0.27383628675556865,0.14948772889533457
1.6000000000000001,6,34.600000000000001,-0.25361065643164443,-0.0028420652138434004,0.49469544095065715,1.2127309417184227,0.10225939295753676,0.26761789282098475,0.14551759575952095
1.6000000000000001,6,34.649999999999999,-0.25361067160886153,-0.0033287219466415123,0.4948561281208313,1.2123452925100049,0.099717539891865187,0.26155215527724607,0.14166023117650783
1.6000000000000001,6,34.700000000000003,-0.25361068454203423,-0.0038974154737301397,0.49504390268019843,1.2118946335675236,0.097553070647169379,0.25564454746042453,0.13791807820309485
1.6000000000000001,6,34.75,-0.25361069556295812,-0.0045614963614613886,0.49526317275897885,1.2113683853784505,0.095715043357818191,0.24989882921334697,0.13429251192538524
1.6000000000000001,6,34.800000000000004,-0.25361070495437071,-0.0053363119899303346,0.49551900586855779,1.2107543859154613,0.09415867013869049,0.24431724750295264,0.13078398075812328
1.6000000000000001,6,34.850000000000001,-0.25361071295720522,-0.0062394405424343533,0.49581720607403101,1.2100387054223256,0.092844862867877173,0.2389007250954536,0.12739213704041802
1.6000000000000001,6,34.899999999999999,-0.25361071977677119,-0.0072909278743429895,0.49616439217330643,1.2092054587840646,0.09173972229039952,0.23364903389420724,0.12411595529589212
1.6000000000000001,6,34.950000000000003,-0.25361072558802233,-0.0085135161981486386,0.49656807335661385,1.2082366239441269,0.090814010993554198,0.22856095186431907,0.12095383791305785
1.6000000000000001,6,35,-0.25361073054004418,-0.0099328486884109959,0.49703671656701603,1.2071118802391616,0.09004263999070776,0.22363440276698485,0.1179037081900849
1.6000000000000001,6,35.050000000000004,-0.25361073475987894,-0.011577628075541486,0.49757979901128185,1.2058084823729236,0.089404184129608447,0.21886657971200169,0.11496309168352244
1.6000000000000001,6,35.100000000000001,-0.25361073835578507,-0.013479700047886754,0.49820783563735249,1.2043011944703539,0.088880438108119741,0.21425405313605386,0.1121291865522753
1.6000000000000001,6,35.149999999999999,-0.25361074142001416,-0.015674023992894439,0.49893236945539754,1.2025623133070458,0.088456013419813087,0.20979286553946902,0.10939892448195987
1.6000000000000001,6,35.200000000000003,-0.25361074403117806,-0.018198484763237648,0.49976590940294241,1.2005618174329382,0.088117978401805797,0.20547861466874989,0.10676902341232049
1.6000000000000001,6,35.25,-0.25361074625626517,-0.021093490692568408,0.5007217976038606,1.1982676857507346,0.08785553961647681,0.2013065267835954,0.10423603311452589
1.6000000000000001,6,35.300000000000004,-0.25361074815235929,-0.024401296568559064,0.50181398573815383,1.1956464342284308,0.087659760284448815,0.19727152245259036,0.10179637511446901
1.6000000000000001,6,35.350000000000001,-0.25361074976810427,-0.028164988018062512,0.50305669986129198,1.1926639203328993,0.087523307415363391,0.19336827922834296,0.099446379579855221
1.6000000000000001,6,35.399999999999999,-0.25361075114495124,-0.032427068891361835,0.50446397376537488,1.1892864629631001,0.087440228649776353,0.18959129049359241,0.097182318583875049
1.6000000000000001,6,35.450000000000003,-0.253610752318223,-0.037227609502665258,0.50604903763608255,1.1854823096734017,0.087405750089428691,0.18593492497455921,0.095000438369513523
1.6000000000000001,6,35.5,-0.25361075331801908,-0.042601944857698526,0.50782355800268408,1.1812234607935581,0.087416087515093235,0.18239348976099351,0.092896992168478562
1.6000000000000001,6,35.550000000000004,-0.25361075416998913,-0.048577961246950463,0.50979674175734468,1.1764878197823727,0.087468272607543862,0.1789612967371671,0.090868273375499062
1.6000000000000001,6,35.600000000000001,-0.25361075489599016,-0.055173077339395776,0.51197433932910641,1.1712615856101445,0.08755998708588264,0.1756327346711915,0.088910650387412221
1.6000000000000001,6,35.649999999999999,-0.25361075551464751,-0.062391108363669519,0.5143576093318577,1.1655417376035415,0.087689394584433783,0.17240234972734539,0.087020604763068568
1.6000000000000001,6,35.700000000000003,-0.25361075604183242,-0.070219289175151745,0.51694233566982162,1.159338394392428,0.087854984064556566,0.16926492871444565,0.085194769567577419
1.6000000000000001,6,35.75,-0.25361075649106979,-0.07862580717545041,0.51971801276823559,1.1526767693562345,0.088055416209764176,0.16621558559992097,0.083429968588285594
1.6000000000000001,6,35.800000000000004,-0.25361075687388468,-0.087558236925434685,0.5226673289585132,1.1455984104995682,0.088289372492870791,0.1632498481557263,0.081723255170595518
1.6000000000000001,6,35.850000000000001,-0.25361075720009796,-0.096943251639780029,0.52576607135688413,1.138161428743478,0.088555421351532632,0.16036373632714018,0.080071946508485745
1.6000000000000001,6,35.899999999999999,-0.2536107574780786,-0.10668789573917442,0.52898354599427921,1.1304394896137298,0.088851903359688372,0.15755382730429496,0.078473651349301426
1.6000000000000001,6,35.950000000000003,-0.253610757714958,-0.11668253536935216,0.5322835524151055,1.1225194742037468,0.089176833441445835,0.1548173030403121,0.076926289609024298
1.6000000000000001,6,36,-0.25361075791681342,-0.12680537954008603,0.53562587630626135,1.1144978968649728,0.08952784213402766,0.15215197019359217,0.075428098817992992
1.6000000000000001,6,36.050000000000004,-0.25361075808882322,-0.13692822371082133,0.53896818656187517,1.1064763522514995,0.089902155654233887,0.149556249866582,0.073977626532453294
1.6000000000000001,6,36.100000000000001,-0.2536107582354003,-0.14692286334099761,0.54226815268936457,1.0985564335455249,0.090296603520127541,0.14702914025324143,0.072573710738316005
1.6000000000000001,6,36.149999999999999,-0.253610758360305,-0.15666750744039201,0.54548556248059388,1.0908346500465746,0.090707671683075836,0.14457014768430787,0.071215445618897699
1.6000000000000001,6,36.200000000000003,-0.25361075846674186,-0.16605252215473865,0.54858421844918026,1.0833978757219673,0.091131592014832702,0.1421791924315228,0.069902135851242705
1.6000000000000001,6,36.25,-0.25361075855744131,-0.17498495190472163,0.55153343059865789,1.0763197665632209,0.091564434969922281,0.13985650583233494,0.068633247943273815
1.6000000000000001,6,36.300000000000004,-0.25361075863473032,-0.18339146990502145,0.55430899033875258,1.0696584231869937,0.092002224786280562,0.13760251641263804,0.067408356613493273
1.6000000000000001,6,36.350000000000001,-0.25361075870059158,-0.19121965071650251,0.55689359048831744,1.0634553828280382,0.092441069450109631,0.13541773322138662,0.066227089882388221
1.6000000000000001,6,36.399999999999999,-0.25361075875671502,-0.19843768174077631,0.55927672957012986,1.0577358490316884,0.092877262365887656,0.13330264576625289,0.065089082888843991
1.6000000000000001,6,36.450000000000003,-0.25361075880454015,-0.20503279783322254,0.56145419540274022,1.0525099310334234,0.093307378170376085,0.13125763579320501,0.063993937176553981
1.6000000000000001,6,36.5,-0.25361075884529394,-0.21100881422247353,0.56342724972005842,1.0477746006718598,0.093728344160296712,0.12928290918988075,0.062941189652790469
1.6000000000000001,6,36.550000000000004,-0.25361075888002216,-0.21638314957750748,0.56520164562617881,1.0435160504971708,0.094137492355736499,0.12737844653909272,0.061930290200400077
1.6000000000000001,6,36.600000000000001,-0.25361075890961554,-0.22118369018881023,0.56678659167455325,1.0397121799810722,0.094532587831297366,0.12554397370623738,0.060960588647189534
1.6000000000000001,6,36.649999999999999,-0.25361075893483342,-0.22544577106210956,0.56819375585204246,1.0363349859550981,0.09491183151935037,0.12377895144579285,0.060031330728895327
1.6000000000000001,6,36.700000000000003,-0.25361075895632268,-0.2292094625116135,0.56943636911214646,1.0333527141308485,0.095273851616852048,0.12208257744107091,0.05914165951121729
1.6000000000000001,6,36.75,-0.25361075897463448,-0.23251726838760367,0.57052846531289436,1.0307316832490534,0.095617678538313849,0.12045380065817035,0.058290622519459732
1.6000000000000001,6,36.800000000000004,-0.25361075899023894,-0.23541227431693473,0.57148427079331432,1.0284377500960455,0.095942707051343099,0.11889134501195794,0.057477183146198443
1.6000000000000001,6,36.850000000000001,-0.25361075900353608,-0.23793673508727758,0.57231773672419373,1.0264374318619349,0.096248657911021135,0.1173937359838411,0.056700233102701898
1.6000000000000001,6,36.899999999999999,-0.25361075901486724,-0.24013105903228532,0.57304220480371038,1.024698708471095,0.096535536690167692,0.11595932989924239,0.055958605946489173
1.6000000000000001,6,36.950000000000003,-0.2536107590245229,-0.24203313100463081,0.57367018346164977,1.0231915596920405,0.096803583503754703,0.11458634734488396,0.0552510926509268
1.6000000000000001,6,37,-0.25361075903275099,-0.24367791039176104,0.57421321488481725,1.0218882842764385,0.097053233959531526,0.11327290191730392,0.05457645457189933
1.6000000000000001,6,37.050000000000004,-0.25361075903976249,-0.24509724288202359,0.57468181350702552,1.0207636475831388,0.09728507817536422,0.11201702904652926,0.053933436473629581
1.6000000000000001,6,37.100000000000001,-0.25361075904573732,-0.24631983120582907,0.57508545598659189,1.0197949056321793,0.097499824374262148,0.11081671196977277,0.053320778099317186
1.6000000000000001,6,37.149999999999999,-0.25361075905082869,-0.24737131853773769,0.57543260828968235,1.0189617401047624,0.097698267215888548,0.10966990461179847,0.052737224200169595
1.6000000000000001,6,37.200000000000003,-0.25361075905516728,-0.24827444709024182,0.57573077941117323,1.0182461294131842,0.097881259255188188,0.10857455193257071,0.052181533353085945
1.6000000000000001,6,37.25,-0.25361075905886438,-0.24904926271871064,0.5759865872247012,1.0176321906607171,0.098049687559997184,0.10752860693368907,0.051652485146190398
1.6000000000000001,6,37.300000000000004,-0.25361075906201486,-0.24971334360644198,0.57620583557264315,1.0171059946256564,0.098204453857912558,0.1065300450220789,0.051148886112686955
1.6000000000000001,6,37.350000000000001,-0.25361075906469949,-0.25028203713353048,0.57639359149003666,1.016655380423912,0.098346458407625903,0.1055768757444692,0.050669574417890322
1.6000000000000001,6,37.399999999999999,-0.25361075906698727,-0.25076869386632866,0.57655426257202702,1.016269769827135,0.098476587220974882,0.10466715215854391,0.050213423433593925
1.6000000000000001,6,37.450000000000003,-0.25361075906893671,-0.25118489135089916,0.57669167124213438,1.0159399890188774,0.09859570194737588,0.10379897818895654,0.049779344382456389
1.6000000000000001,6,37.5,-0.25361075907059794,-0.25154064321397329,0.57680912363482162,1.015658103276428,0.098704632415750573,0.10297051412641281,0.049366288120815241
1.6000000000000001,6,37.550000000000004,-0.25361075907201353,-0.2518445911374978,0.57690947282361238,1.0154172652233302,0.098804171162662824,0.10217998061609235,0.048973246237904736
1.6000000000000001,6,37.600000000000001,-0.25361075907321978,-0.25210417873611835,0.5769951763370289,1.0152115767911305,0.098895069732214527,0.10142566133407174,0.048599251564809424
1.6000000000000001,6,37.649999999999999,-0.25361075907424768,-0.25232580736893384,0.57706834760024384,1.0150359657594148,0.098978036505095179,0.10070590454870326,0.048243378186053287
1.6000000000000001,6,37.700000000000003,-0.25361075907512365,-0.25251497457240407,0.5771308016390605,1.0148860760662548,0.099053735558812084,0.10001912382013109,0.047904741083771608
1.6000000000000001,6,37.75,-0.25361075907587011,-0.25267639620264265,0.57718409537940785,1.0147581710894211,0.099122786545119662,0.099363797948617341,0.047582495458556598
1.6000000000000001,6,37.800000000000004,-0.25361075907650621,-0.25281411359457379,0.57722956306067286,1.0146490486543851,0.099185765433346382,0.098738470283791041,0.047275835779015167
1.6000000000000001,6,37.850000000000001,-0.25361075907704828,-0.25293158713763286,0.57726834719343911,1.014555966735746,0.0992432055005351,0.098141747684055147,0.046983994712274837
1.6000000000000001,6,37.899999999999999,-0.25361075907751007,-0.25303177767405088,0.5773014253058818,1.0144765792658836,0.099295598739121943,0.097572299115735076,0.046706241918545298
1.6000000000000001,6,37.950000000000003,-0.25361075907790365,-0.25311721707652823,0.57732963330100018,1.0144088800775994,0.099343398008135242,0.097028853826370443,0.046441882661341104
1.6000000000000001,6,38,-0.25361075907823905,-0.25319006927906601,0.57735368560607214,1.0143511545454269,0.099387019286320336,0.096510199360588397,0.046190256378759231
1.6000000000000001,6,38.050000000000004,-0.25361075907852487,-0.2532521829332427,0.57737419255723288,1.014301937862641,0.099426843447909058,0.096015179633012329,0.045950735335338291
1.6000000000000001,6,38.100000000000001,-0.2536107590787684,-0.25330513675288779,0.57739167537011238,1.0142599791117302,0.099463218295552505,0.095542692890167008,0.045722723241660129
1.6000000000000001,6,38.149999999999999,-0.25361075907897601,-0.25335027849998892,0.57740657901111336,1.0142242103733279,0.09949646130674035,0.095091689317672784,0.045505653710205783
1.6000000000000001,6,38.200000000000003,-0.25361075907915276,-0.25338875845830905,0.57741928324879499,1.0141937202028919,0.099526862131815941,0.094661168729256256,0.045298988783791759
1.6000000000000001,6,38.25,-0.25361075907930353,-0.25342155814132705,0.57743011213185869,1.0141677308835391,0.099554684400932347,0.094250178517814628,0.045102217635121913
1.6000000000000001,6,38.300000000000004,-0.25361075907943187,-0.25344951488922873,0.57743934210989534,1.0141455789362512,0.099580167246176798,0.093857811716887896,0.044914855349264649
1.6000000000000001,6,38.350000000000001,-0.25361075907954134,-0.25347334292639789,0.57744720898556001,1.014126698434656,0.099603526946724169,0.093483205020895077,0.044736441700866013
1.6000000000000001,6,38.400000000000006,-0.2536107590796346,-0.2534936513762357,0.57745391386220091,1.0141106067307177,0.099624959106084265,0.093125536612487347,0.044566539837908044
1.6000000000000001,6,38.450000000000003,-0.25361075907971398,-0.25351095966388565,0.57745962822910168,1.0140968922501559,0.099644641771388529,0.092784023645374247,0.044404734783822938
1.6000000000000001,6,38.5,-0.25361075907978181,-0.25352571067902685,0.57746449830720414,1.01408520406271,0.099662738018852851,0.092457919969885782,0.044250632087235606
1.6000000000000001,6,38.550000000000004,-0.25361075907983954,-0.25353828201970113,0.57746864876128146,1.0140752429729245,0.099679392993186594,0.092146516045017737,0.044103857717463224
1.6000000000000001,6,38.600000000000001,-0.25361075907988867,-0.25354899559346689,0.57747218586977844,1.0140667539125316,0.099694738334348373,0.091849136018804345,0.043964056367656386
1.6000000000000001,6,38.650000000000006,-0.25361075907993064,-0.25355812581335213,0.57747520023072307,1.0140595194462645,0.099708892817674963,0.091565136312249815,0.043830890615258307
1.6000000000000001,6,38.700000000000003,-0.25361075907996633,-0.2535659065924406,0.57747776907100257,1.0140533542295938,0.09972196400104244,0.091293903823153374,0.043704039875230444
1.6000000000000001,6,38.75,-0.25361075907999669,-0.2535725373118633,0.57747995821670917,1.014048100279898,0.099734049429356569,0.091034854358498618,0.043583199486916378
1.6000000000000001,6,38.800000000000004,-0.25361075908002262,-0.25357818791190606,0.57748182377397905,1.0140436229424503,0.099745237424601799,0.090787431278452221,0.043468079924675967
1.6000000000000001,6,38.850000000000001,-0.25361075908004471,-0.25358300323437521,0.57748341356263344,1.0140398074496797,0.099755607642412203,0.090551104274432595,0.043358406088249139
1.6000000000000001,6,38.900000000000006,-0.25361075908006353,-0.25358710672583151,0.57748476833880946,1.0140365559868572,0.099765231576413843,0.090325368203709649,0.043253916628809189
1.6000000000000001,6,38.950000000000003,-0.25361075908007957,-0.2535906035953937,0.57748592283751476,1.0140337851899646,0.099774173191797294,0.090109741902998183,0.04315436326666576
1.6000000000000001,6,39,-0.25361075908009328,-0.25359358350717892,0.57748690666154268,1.0140314240122976,0.099782489869739852,0.089903766903504961,0.043059510056576815
1.6000000000000001,6,39.050000000000004,-0.25361075908010494,-0.25359612287576533,0.5774877450393241,1.0140294119056221,0.09979023384441385,0.089707005969891965,0.042969132556629853
1.6000000000000001,6,39.100000000000001,-0.25361075908011488,-0.2535982868230674,0.57748845947099336,1.0140276972696158,0.099797454314404219,0.089519041385616699,0.042883016856652093
1.6000000000000001,6,39.150000000000006,-0.25361075908012332,-0.25360013084646399,0.57748906827912472,1.0140262361301007,0.099804196023459968,0.08933947477672817,0.042800959473350587
1.6000000000000001,6,39.200000000000003,-0.25361075908013053,-0.2536017022407111,0.57748958707817954,1.0140249910123691,0.099810496756369424,0.08916792742339498,0.042722767521526601
1.6000000000000001,6,39.25,-0.25361075908013664,-0.2536030413099265,0.57749002917464554,1.0140239299808507,0.099816391897186621,0.089004037601324873,0.042648257217409238
1.6000000000000001,6,39.300000000000004,-0.25361075908014186,-0.2536041824006009,0.57749040590808753,1.0140230258205898,0.099821913512684199,0.088847460276353207,0.042577253705896413
1.6000000000000001,6,39.350000000000001,-0.2536107590801463,-0.25360515478203527,0.57749072694182557,1.0140222553396185,0.09982709075215139,0.08869786626635888,0.04250959058951935
1.6000000000000001,6,39.400000000000006,-0.25361075908015018,-0.25360598339671958,0.57749100051067426,1.0140215987743817,0.099831950132535291,0.088554941484403182,0.042445109504312718
1.6000000000000001,6,39.450000000000003,-0.2536107590801534,-0.25360668949984921,0.57749123363208021,1.0140210392830074,0.099836515749456969,0.088418386242610267,0.04238365973088231
1.6000000000000001,6,39.5,-0.25361075908015618,-0.2536072912043485,0.57749143228606292,1.0140205625134489,0.099840809454667181,0.088287914596304765,0.042325097828960649
1.6000000000000001,6,39.550000000000004,-0.25361075908015851,-0.25360780394535343,0.57749160156856427,1.0140201562354456,0.099844851040527538,0.088163253707922981,0.042269287283741332
1.6000000000000001,6,39.600000000000001,-0.25361075908016051,-0.25360824087605227,0.57749174582213647,1.0140198100268725,0.099848658472120447,0.088044143210213768,0.042216098152282645
1.6000000000000001,6,39.650000000000006,-0.25361075908016217,-0.25360861320502159,0.5774918687473144,1.0140195150064455,0.099852248207604119,0.087930334548244879,0.042165406698270964
1.6000000000000001,6,39.700000000000003,-0.25361075908016367,-0.25360893048370309,0.57749197349752612,1.0140192636059373,0.099855635632786113,0.087821590286940684,0.042117095007530886
1.6000000000000001,6,39.75,-0.25361075908016495,-0.25360920085138727,0.57749206275997522,1.0140190493760595,0.099858834691091108,0.087717683830323578,0.042071050837504509
1.6000000000000001,6,39.800000000000004,-0.25361075908016595,-0.25360943124398505,0.57749213882456707,1.014018866821039,0.099861857919396335,0.087618398958229565,0.042027167363185798
1.6000000000000001,6,39.850000000000001,-0.25361075908016684,-0.25360962757193656,0.57749220364264553,1.0140187112576506,0.099864716915218851,0.087523529184324531,0.0419853428223163
1.6000000000000001,6,39.900000000000006,-0.25361075908016761,-0.25360979487182095,0.5774922588770478,1.0140185786950853,0.099867422324190672,0.087432877352317334,0.04194548029537936
1.6000000000000001,6,39.950000000000003,-0.25361075908016828,-0.25360993743555249,0.57749230594475809,1.0140184657325806,0.099869983959703271,0.087346255185718605,0.041907487459349552
1.6000000000000001,6,40,-0.25361075908016883,-0.25361005892047744,0.57749234605325683,1.0140183694721836,0.099872410886102381,0.087263482875633624,0.04187127636326457
1.6000000000000001,6,40.050000000000004,-0.25361075908016933,-0.25361016244319334,0.57749238023149529,1.0140182874444112,0.099874711475982092,0.087184388699488677,0.041836763221507159
1.6000000000000001,6,40.100000000000001,-0.25361075908016967,-0.2536102506594996,0.57749240935629087,1.014018217544902,0.099876893452131479,0.087108808663589166,0.041803868220684465
1.6000000000000001,6,40.150000000000006,-0.25361075908017006,-0.25361032583252535,0.57749243417482055,1.0140181579804306,0.099878963924689299,0.087036586162408239,0.041772515335992313
1.6000000000000001,6,40.200000000000003,-0.25361075908017039,-0.25361038989078766,0.57749245532378812,1.0140181072229084,0.099880929434064333,0.086967571647504738,0.041742632152951986
1.6000000000000001,6,40.25,-0.25361075908017061,-0.25361044447766345,0.57749247334575782,1.0140180639701812,0.099882796010181837,0.086901622298968889,0.041714149690406793
1.6000000000000001,6,40.300000000000004,-0.25361075908017083,-0.25361049099354915,0.57749248870307346,1.0140180271126236,0.099884569258616149,0.08683860169229482,0.041687002220666056
1.6000000000000001,6,40.350000000000001,-0.25361075908017106,-0.25361053063178574,0.57749250178971911,1.014017995704674,0.099886254484173001,0.086778379453578053,0.041661127082683984
1.6000000000000001,6,40.400000000000006,-0.25361075908017117,-0.25361056440927265,0.57749251294142623,1.0140179689405771,0.099887856800744884,0.086720830935246865,0.041636464506883436
1.6000000000000001,6,40.450000000000003,-0.25361075908017133,-0.25361059319255547,0.57749252244428639,1.0140179461337127,0.099889380724113699,0.086665837224904715,0.041612957632154828
1.6000000000000001,6,40.5,-0.25361075908017139,-0.25361061772005622,0.57749253054209149,1.0140179266989804,0.099890830490515031,0.086613284708807373,0.041590552265313253
1.6000000000000001,6,40.550000000000004,-0.2536107590801715,-0.2536106386210174,0.57749253744258688,1.0140179101377915,0.099892210086324776,0.086563064837497539,0.041569196757333157
1.6000000000000001,6,40.600000000000001,-0.25361075908017156,-0.25361065643164443,0.5774925433228022,1.0140178960252746,0.099893523240405735,0.086515073909849555,0.041548841889680305
1.6000000000000001,6,40.650000000000006,-0.25361075908017167,-0.25361067160886153,0.57749254833359176,1.0140178839993796,0.09989477345234507,0.086469212845896565,0.041529440753965918
1.6000000000000001,6,40.700000000000003,-0.25361075908017172,-0.25361068454203423,0.5774925526035054,1.014017873751587,0.099895964012544969,0.086425386976583751,0.041510948641200168
1.6000000000000001,6,40.75,-0.25361075908017172,-0.25361069556295812,0.57749255624208617,1.014017865018993,0.09989709801618199,0.086383505847965475,0.041493322939193202
1.6000000000000001,6,40.800000000000004,-0.25361075908017183,-0.25361070495437071,0.57749255934268051,1.0140178575775667,0.099898178373049859,0.086343483037364332,0.041476523036652023
1.6000000000000001,6,40.850000000000001,-0.25361075908017183,-0.25361071295720522,0.57749256198483279,1.0140178512364013,0.09989920781530158,0.086305235979010159,0.041460510232521487
1.6000000000000001,6,40.900000000000006,-0.25361075908017183,-0.25361071977677119,0.57749256423632656,1.0140178458328162,0.099900188905106727,0.086268685796676986,0.041445247649117577
1.6000000000000001,6,40.950000000000003,-0.25361075908017183,-0.25361072558802233,0.57749256615492317,1.0140178412281844,0.099901124044239786,0.086233757140835851,0.041430700147601356
1.6000000000000001,6,41,-0.25361075908017194,-0.25361073054004418,0.57749256778984337,1.0140178373043758,0.09990201548761582,0.086200378027841598,0.041416834244341713
1.6000000000000001,6,41.050000000000004,-0.25361075908017194,-0.25361073475987894,0.57749256918303049,1.0140178339607269,0.099902865362789431,0.086168479678671514,0.041403618026715293
1.6000000000000001,6,41.100000000000001,-0.25361075908017194,-0.25361073835578507,0.57749257037022639,1.0140178311114567,0.099903675697433955,0.086137996354733876,0.041391021066891749
1.6000000000000001,6,41.150000000000006,-0.25361075908017194,-0.25361074142001416,0.57749257138188792,1.0140178286834689,0.099904448456816744,0.086108865188264452,0.041379014332152658
1.6000000000000001,6,41.200000000000003,-0.253610759080172,-0.25361074403117806,0.5774925722439691,1.0140178266144741,0.099905185522274967,0.086081026084493362,0.041367570137057462
1.6000000000000001,6,41.25,-0.253610759080172,-0.25361074625626517,0.57749257297858614,1.0140178248513931,0.099905888564681494,0.086054421742173204,0.041356662164840276
1.6000000000000001,6,41.300000000000004,-0.253610759080172,-0.25361074815235929,0.57749257360458561,1.0140178233489945,0.099906559212547805,0.086028997356743422,0.041346265302167527
1.6000000000000001,6,41.350000000000001,-0.253610759080172,-0.25361074976810427,0.57749257413802713,1.0140178220687348,0.099907199010556932,0.086004700561278694,0.041336355613241865
1.6000000000000001,6,41.400000000000006,-0.253610759080172,-0.25361075114495124,0.57749257459259595,1.0140178209777697,0.099907809423729926,0.085981481315662897,0.041326910283292016
1.6000000000000001,6,41.450000000000003,-0.25361075908017205,-0.253610752318223,0.5774925749799541,1.01401782004811,0.099908391843128705,0.085959291800276214,0.041317907564442619
1.6000000000000001,6,41.5,-0.25361075908017205,-0.25361075331801908,0.57749257531003884,1.0140178192559068,0.09990894759036674,0.085938086316724865,0.04130932672545809
1.6000000000000001,6,41.550000000000004,-0.25361075908017205,-0.25361075416998913,0.5774925755913185,1.0140178185808355,0.099909477921218195,0.085917821194668023,0.041301148004814325
1.6000000000000001,6,41.600000000000001,-0.25361075908017205,-0.25361075489599016,0.57749257583100921,1.0140178180055779,0.099909984028613771,0.085898454703795438,0.041293352566552262
1.6000000000000001,6,41.650000000000006,-0.25361075908017205,-0.25361075551464751,0.57749257603526027,1.0140178175153753,0.099910467045313631,0.085879946970009668,0.041285922458367083
1.6000000000000001,6,41.700000000000003,-0.25361075908017205,-0.25361075604183242,0.57749257620931138,1.0140178170976526,0.099910928046545874,0.085862259894866982,0.041278840571387115
1.6000000000000001,6,41.75,-0.25361075908017205,-0.25361075649106979,0.57749257635762807,1.0140178167416927,0.09991136805290135,0.085845357077330653,0.041272090601096136
1.6000000000000001,6,41.800000000000004,-0.25361075908017205,-0.25361075687388468,0.5774925764840152,1.0140178164383635,0.099911788033772708,0.085829203736890555,0.041265657008853249
1.6000000000000001,6,41.850000000000001,-0.25361075908017205,-0.25361075720009796,0.57749257659171516,1.0140178161798836,0.0999121889116283,0.085813766637103009,0.041259524983463997
1.6000000000000001,6,41.900000000000006,-0.25361075908017205,-0.2536107574780786,0.57749257668349108,1.0140178159596214,0.099912571567410291,0.08579901400860479,0.041253680402256764
1.6000000000000001,6,41.950000000000003,-0.25361075908017205,-0.253610757714958,0.5774925767616973,1.0140178157719264,0.099912936847345798,0.085784915470654949,0.041248109791118336
1.6000000000000001,6,42,-0.25361075908017205,-0.25361075791681342,0.57749257682834032,1.0140178156119832,0.099913285560390017,0.085771441982618754,0.041242800301777849
1.6000000000000001,6,42.050000000000004,-0.25361075908017205,-0.25361075808882322,0.57749257688512967,1.0140178154756887,0.099913618459694514,0.085758565842325718,0.04123773971624884
1.6000000000000001,6,42.100000000000001,-0.25361075908017205,-0.2536107582354003,0.57749257693352241,1.0140178153595463,0.09991393627011258,0.085746260555991383,0.041232916376248249
1.6000000000000001,6,42.150000000000006,-0.25361075908017205,-0.253610758360305,0.57749257697475997,1.0140178152605761,0.099914239682515213,0.085734500806387781,0.041228319169667231
1.6000000000000001,6,42.200000000000003,-0.25361075908017205,-0.25361075846674186,0.57749257700990031,1.0140178151762391,0.099914529355334361,0.085723262399565223,0.041223937504456555
1.6000000000000001,6,42.25,-0.25361075908017205,-0.25361075855744131,0.57749257703984491,1.0140178151043722,0.09991480591631835,0.085712522213825762,0.041219761283644921
1.6000000000000001,6,42.300000000000004,-0.25361075908017205,-0.25361075863473032,0.57749257706536206,1.0140178150431309,0.099915069964071387,0.085702258151958269,0.041215780882086543
1.6000000000000001,6,42.350000000000001,-0.25361075908017205,-0.25361075870059158,0.57749257708710622,1.0140178149909451,0.099915322069420567,0.085692449096316042,0.041211987124703427
1.6000000000000001,6,42.400000000000006,-0.25361075908017205,-0.25361075875671502,0.57749257710563551,1.0140178149464747,0.099915562776656044,0.085683074866317877,0.041208371265987781
1.6000000000000001,6,42.450000000000003,-0.25361075908017205,-0.25361075880454015,0.5774925771214251,1.0140178149085797,0.099915792604688705,0.085674116177953563,0.04120492497053007
1.6000000000000001,6,42.5,-0.25361075908017205,-0.25361075884529394,0.57749257713488,1.0140178148762879,0.099916012048170355,0.085665554604874794,0.041201640294338246
1.6000000000000001,6,42.550000000000004,-0.25361075908017205,-0.25361075888002216,0.57749257714634561,1.0140178148487704,0.099916221578620859,0.085657372540652268,0.04119850966671345
1.6000000000000001,6,42.600000000000001,-0.25361075908017205,-0.25361075890961554,0.5774925771561159,1.0140178148253218,0.09991642164560717,0.08564955316178019,0.041195525872447902
1.6000000000000001,6,42.650000000000006,-0.25361075908017205,-0.25361075893483342,0.57749257716444169,1.0140178148053398,0.099916612678019365,0.085642080391008832,0.041192682034110278
1.6000000000000001,6,42.700000000000003,-0.25361075908017205,-0.25361075895632268,0.57749257717153635,1.0140178147883128,0.09991679508548755,0.085634938860586304,0.041189971594184069
1.6000000000000001,6,42.75,-0.25361075908017205,-0.25361075897463448,0.57749257717758207,1.014017814773803,0.09991696925998543,0.085628113874990378,0.041187388296824515
1.6000000000000001,6,42.800000000000004,-0.25361075908017205,-0.25361075899023894,0.57749257718273395,1.0140178147614385,0.099917135575995755,0.085621591386887241,0.041184926177003915
1.6000000000000001,6,42.850000000000001,-0.25361075908017205,-0.25361075900353608,0.57749257718712399,1.0140178147509025,0.099917294388265049,0.085615357993606048,0.04118257956119796
1.6000000000000001,6,42.900000000000006,-0.25361075908017205,-0.25361075901486724,0.577492577190865,1.0140178147419239,0.099917446036437138,0.085609400877735733,0.041180343036335915
1.6000000000000001,6,42.950000000000003,-0.25361075908017205,-0.2536107590245229,0.57749257719405289,1.0140178147342731,0.099917590844672236,0.085603707790763289,0.041178211443022444
1.6000000000000001,6,43,-0.25361075908017205,-0.25361075903275099,0.57749257719676939,1.0140178147277534,0.099917729122356955,0.08559826702731449,0.041176179863398304
1.6000000000000001,6,43.050000000000004,-0.25361075908017205,-0.25361075903976249,0.5774925771990842,1.0140178147221979,0.099917861164817948,0.085593067400523942,0.041174243609549036
1.6000000000000001,6,43.100000000000001,-0.25361075908017205,-0.25361075904573732,0.57749257720105684,1.0140178147174634,0.099917987253976853,0.08558809821896371,0.041172398212709044
1.6000000000000001,6,43.150000000000006,-0.25361075908017205,-0.25361075905082869,0.57749257720273772,1.0140178147134293,0.099918107658956354,0.085583349264933078,0.041170639413154284
1.6000000000000001,6,43.200000000000003,-0.25361075908017205,-0.25361075905516728,0.57749257720417013,1.0140178147099916,0.099918222636646251,0.085578810773911509,0.041168963150676974
1.6000000000000001,6,43.25,-0.25361075908017205,-0.25361075905886438,0.57749257720539071,1.0140178147070622,0.099918332432240284,0.085574473414977245,0.041167365555535511
1.6000000000000001,6,43.300000000000004,-0.25361075908017205,-0.25361075906201486,0.57749257720643088,1.0140178147045658,0.099918437279751818,0.085570328271993637,0.041165842939772948
1.6000000000000001,6,43.350000000000001,-0.25361075908017205,-0.25361075906469949,0.57749257720731717,1.0140178147024388,0.099918537402519381,0.085566366825365697,0.041164391788797244
1.6000000000000001,6,43.400000000000006,-0.25361075908017205,-0.25361075906698727,0.57749257720807257,1.0140178147006258,0.099918633013710276,0.085562580934168964,0.041163008753116737
1.6000000000000001,6,43.450000000000003,-0.25361075908017205,-0.25361075906893671,0.57749257720871616,1.0140178146990813,0.099918724316833255,0.085558962818453141,0.041161690640123906
1.6000000000000001,6,43.5,-0.25361075908017205,-0.25361075907059794,0.57749257720926461,1.014017814697765,0.099918811506268482,0.085555505041522498,0.041160434405820928
1.6000000000000001,6,43.550000000000004,-0.25361075908017205,-0.25361075907201353,0.57749257720973202,1.0140178146966432,0.099918894767825242,0.085552200491995675,0.041159237146380173
1.6000000000000001,6,43.600000000000001,-0.25361075908017205,-0.25361075907321978,0.57749257721013025,1.0140178146956873,0.099918974278995321,0.085549042372101924,0.041158096093064055
1.6000000000000001,6,43.650000000000006,-0.25361075908017205,-0.25361075907424768,0.57749257721046954,1.0140178146948731,0.099919050208712182,0.085546024195623668,0.041157008612379864
1.6000000000000001,6,43.700000000000003,-0.25361075908017205,-0.25361075907512365,0.57749257721075875,1.014017814694179,0.099919122718493278,0.085543139759613293,0.04115597219185798
1.6000000000000001,6,43.75,-0.25361075908017205,-0.25361075907587011,0.57749257721100522,1.0140178146935874,0.099919191962551307,0.085540383136353523,0.041154984436843817
1.6000000000000001,6,43.800000000000004,-0.25361075908017205,-0.25361075907650621,0.57749257721121527,1.0140178146930834,0.09991925808813025,0.085537748660897583,0.041154043064855782
1.6000000000000001,6,43.850000000000001,-0.25361075908017205,-0.25361075907704828,0.57749257721139424,1.0140178146926537,0.099919321235830708,0.085535230919160904,0.041153145900200638
1.6000000000000001,6,43.900000000000006,-0.25361075908017205,-0.25361075907751007,0.57749257721154668,1.014017814692288,0.099919381539912394,0.085532824736764046,0.041152290868957844
1.6000000000000001,6,43.950000000000003,-0.25361075908017205,-0.25361075907790365,0.57749257721167657,1.0140178146919763,0.0999194391285778,0.085530525168532351,0.041151475994283336
1.6000000000000001,6,44,-0.25361075908017205,-0.25361075907823905,0.57749257721178737,1.0140178146917103,0.099919494124239214,0.085528327488556988,0.041150699391983445
1.6000000000000001,6,44.050000000000004,-0.25361075908017205,-0.25361075907852487,0.57749257721188174,1.0140178146914838,0.099919546643772728,0.085526227180722544,0.041149959266309641
1.6000000000000001,6,44.100000000000001,-0.25361075908017205,-0.2536107590787684,0.57749257721196212,1.0140178146912908,0.099919596798762403,0.085524219929606168,0.041149253905924651
1.6000000000000001,6,44.150000000000006,-0.25361075908017205,-0.25361075907897601,0.57749257721203062,1.0140178146911265,0.099919644695737386,0.085522301611653251,0.041148581679990602
1.6000000000000001,6,44.200000000000003,-0.25361075908017205,-0.25361075907915276,0.57749257721208902,1.0140178146909864,0.099919690436405167,0.085520468286534673,0.041147941034329866
1.6000000000000001,6,44.25,-0.25361075908017205,-0.25361075907930353,0.57749257721213876,1.0140178146908669,0.099919734117884546,0.085518716188590513,0.041147330487609164
1.6000000000000001,6,44.300000000000004,-0.25361075908017205,-0.25361075907943187,0.57749257721218117,1.0140178146907652,0.099919775832940816,0.085517041718265491,0.041146748627497634
1.6000000000000001,6,44.350000000000001,-0.25361075908017205,-0.25361075907954134,0.57749257721221725,1.0140178146906786,0.099919815670226494,0.085515441433440864,0.041146194106749467
1.6000000000000001,6,44.400000000000006,-0.25361075908017205,-0.2536107590796346,0.57749257721224811,1.0140178146906045,0.099919853714423898,0.085513912043761992,0.041145665640840386
1.6000000000000001,6,44.450000000000003,-0.25361075908017205,-0.25361075907971398,0.57749257721227432,1.0140178146905416,0.099919890046231696,0.085512450409596139,0.041145162008024191
1.6000000000000001,6,44.5,-0.25361075908017205,-0.25361075907978181,0.57749257721229663,1.0140178146904881,0.099919924742779567,0.085511053528408584,0.041144682042745066
1.6000000000000001,6,44.550000000000004,-0.25361075908017205,-0.25361075907983954,0.57749257721231573,1.0140178146904422,0.09991995787771743,0.08550971853085608,0.041144224634142003
1.6000000000000001,6,44.600000000000001,-0.25361075908017205,-0.25361075907988867,0.57749257721233194,1.0140178146904033,0.099919989521375263,0.085508442674758711,0.041143788723427534
1.6000000000000001,6,44.650000000000006,-0.25361075908017205,-0.25361075907993064,0.57749257721234581,1.01401781469037,0.09992001974091673,0.085507223339338967,0.041143373301386565
1.6000000000000001,6,44.700000000000003,-0.25361075908017205,-0.25361075907996633,0.57749257721235758,1.0140178146903418,0.099920048600482675,0.085506058019824013,0.041142977406046527
1.6000000000000001,6,44.75,-0.25361075908017205,-0.25361075907999669,0.57749257721236757,1.0140178146903178,0.099920076161325672,0.085504944322365453,0.041142600120496038
1.6000000000000001,6,44.800000000000004,-0.25361075908017205,-0.25361075908002262,0.57749257721237623,1.0140178146902969,0.099920102481937195,0.085503879959230311,0.041142240570829089
1.6000000000000001,6,44.850000000000001,-0.25361075908017205,-0.25361075908004471,0.57749257721238345,1.0140178146902796,0.099920127618168889,0.085502862744217797,0.041141897924191817
1.6000000000000001,6,44.900000000000006,-0.25361075908017205,-0.25361075908006353,0.57749257721238967,1.0140178146902648,0.099920151623348677,0.085501890588255788,0.041141571386908951
1.6000000000000001,6,44.950000000000003,-0.25361075908017205,-0.25361075908007957,0.577492577212395,1.0140178146902519,0.099920174548393789,0.085500961495131214,0.041141260202666972
1.6000000000000001,6,45,-0.25361075908017205,-0.25361075908009328,0.57749257721239955,1.014017814690241,0.099920196441921169,0.085500073557308431,0.041140963650731041
1.6000000000000001,6,45.050000000000004,-0.25361075908017205,-0.25361075908010494,0.57749257721240332,1.0140178146902319,0.099920217350357443,0.085499224951789882,0.041140681044172844
1.6000000000000001,6,45.100000000000001,-0.25361075908017205,-0.25361075908011488,0.57749257721240665,1.0140178146902239,0.099920237318048957,0.085498413935972961,0.041140411728086246
1.6000000000000001,6,45.150000000000006,-0.25361075908017205,-0.25361075908012332,0.57749257721240943,1.0140178146902172,0.099920256387374062,0.085497638843457485,0.041140155077768033
1.6000000000000001,6,45.200000000000003,-0.25361075908017205,-0.25361075908013053,0.57749257721241176,1.0140178146902117,0.099920274598813308,0.085496898081299164,0.04113991049762046
1.6000000000000001,6,45.25,-0.25361075908017205,-0.25361075908013664,0.57749257721241387,1.0140178146902066,0.099920291990955937,0.085496190129497801,0.041139677421178009
1.6000000000000001,6,45.300000000000004,-0.25361075908017205,-0.25361075908014186,0.57749257721241554,1.0140178146902026,0.099920308600681684,0.085495513534414189,0.041139455308047627
1.6000000000000001,6,45.350000000000001,-0.25361075908017205,-0.2536107590801463,0.57749257721241698,1.0140178146901992,0.099920324463207921,0.085494866906877007,0.04113924364321464
1.6000000000000001,6,45.400000000000006,-0.25361075908017205,-0.25361075908015018,0.57749257721241831,1.0140178146901959,0.099920339612165898,0.085494248919265756,0.041139041935825509
1.6000000000000001,6,45.450000000000003,-0.25361075908017205,-0.2536107590801534,0.57749257721241931,1.0140178146901937,0.099920354079674284,0.085493658302722972,0.041138849718026442
1.6000000000000001,6,45.5,-0.25361075908017205,-0.25361075908015618,0.57749257721242031,1.0140178146901913,0.099920367896407333,0.08549309384454222,0.041138666543881666
1.6000000000000001,6,45.550000000000004,-0.25361075908017205,-0.25361075908015851,0.57749257721242109,1.0140178146901893,0.099920381091659238,0.085492554385709615,0.04113849198836067
1.6000000000000001,6,45.600000000000001,-0.25361075908017205,-0.25361075908016051,0.57749257721242175,1.0140178146901877,0.099920393693404816,0.085492038818576574,0.041138325646383832
1.6000000000000001,6,45.650000000000006,-0.25361075908017205,-0.25361075908016217,0.57749257721242231,1.0140178146901864,0.099920405728357156,0.085491546084641767,0.041138167131915662
1.6000000000000001,6,45.700000000000003,-0.25361075908017205,-0.25361075908016367,0.57749257721242275,1.0140178146901853,0.099920417222023342,0.085491075172420078,0.041138016077095101
1.6000000000000001,6,45.75,-0.25361075908017205,-0.25361075908016495,0.5774925772124232,1.0140178146901844,0.099920428198758154,0.085490625115376334,0.041137872131392056
1.6000000000000001,6,45.800000000000004,-0.25361075908017205,-0.25361075908016595,0.57749257721242353,1.0140178146901835,0.099920438681816812,0.085490194989901611,0.041137734960779729
1.6000000000000001,6,45.850000000000001,-0.25361075908017205,-0.25361075908016684,0.57749257721242375,1.014017814690183,0.099920448693407576,0.085489783913310094,0.041137604246911805
1.6000000000000001,6,45.900000000000006,-0.25361075908017205,-0.25361075908016761,0.57749257721242409,1.0140178146901822,0.09992045825474416,0.085489391041834104,0.041137479686294061
1.6000000000000001,6,45.950000000000003,-0.25361075908017205,-0.25361075908016828,0.57749257721242431,1.0140178146901817,0.099920467386099401,0.085489015568595339,0.041137360989439584
1.6000000000000001,6,46,-0.25361075908017205,-0.25361075908016883,0.57749257721242442,1.0140178146901813,0.099920476106838935,0.085488656722275305,0.041137247880359759
1.6000000000000001,6,46.050000000000004,-0.25361075908017205,-0.25361075908016933,0.57749257721242464,1.0140178146901808,0.099920484435424214,0.085488313766866261,0.041137140096578095
1.6000000000000001,6,46.100000000000001,-0.25361075908017205,-0.25361075908016967,0.57749257721242475,1.0140178146901806,0.099920492389499169,0.085487985998486837,0.041137037387708367
1.6000000000000001,6,46.150000000000006,-0.25361075908017205,-0.25361075908017006,0.57749257721242486,1.0140178146901804,0.099920499985913042,0.085487672744465254,0.04113693951513301
1.6000000000000001,6,46.200000000000003,-0.25361075908017205,-0.25361075908017039,0.57749257721242497,1.0140178146901799,0.099920507240756573,0.085487373361927382,0.04113684625143825
1.6000000000000001,6,46.25,-0.25361075908017205,-0.25361075908017061,0.57749257721242508,1.0140178146901797,0.099920514169397165,0.085487087236447615,0.041136757379875065
1.6000000000000001,6,46.300000000000004,-0.25361075908017205,-0.25361075908017083,0.57749257721242508,1.0140178146901797,0.099920520786511452,0.085486813780784598,0.041136672693857262
1.6000000000000001,6,46.350000000000001,-0.25361075908017205,-0.25361075908017106,0.5774925772124252,1.0140178146901795,0.099920527106116139,0.085486552433691271,0.041136591996491507
1.6000000000000001,6,46.400000000000006,-0.25361075908017205,-0.25361075908017117,0.5774925772124252,1.0140178146901795,0.099920533141596754,0.085486302658788385,0.041136515100134489
1.6000000000000001,6,46.450000000000003,-0.25361075908017205,-0.25361075908017133,0.57749257721242531,1.0140178146901793,0.099920538905735642,0.085486063943490898,0.041136441825972238
1.6000000000000001,6,46.5,-0.25361075908017205,-0.25361075908017139,0.57749257721242531,1.0140178146901793,0.099920544410738374,0.085485835797976473,0.041136372003616549
1.6000000000000001,6,46.550000000000004,-0.25361075908017205,-0.2536107590801715,0.57749257721242531,1.0140178146901793,0.099920549668259431,0.085485617754185284,0.041136305470713709
1.6000000000000001,6,46.600000000000001,-0.25361075908017205,-0.25361075908017156,0.57749257721242531,1.0140178146901793,0.099920554689427524,0.085485409364840503,0.04113624207256044
1.6000000000000001,6,46.650000000000006,-0.25361075908017205,-0.25361075908017167,0.57749257721242542,1.014017814690179,0.099920559484870497,0.085485210202478762,0.041136181661722129
1.6000000000000001,6,46.700000000000003,-0.25361075908017205,-0.25361075908017172,0.57749257721242542,1.014017814690179,0.099920564064740452,0.085485019858479769,0.041136124097648462
1.6000000000000001,6,46.75,-0.25361075908017205,-0.25361075908017172,0.57749257721242542,1.014017814690179,0.099920568438739046,0.085484837942084432,0.041136069246281395
1.6000000000000001,6,46.800000000000004,-0.25361075908017205,-0.25361075908017183,0.57749257721242542,1.014017814690179,0.099920572616133962,0.085484664079751069,0.041136016979819161
1.6000000000000001,6,46.850000000000001,-0.25361075908017205,-0.25361075908017183,0.57749257721242542,1.014017814690179,0.099920576605760855,0.085484497915034041,0.041135967176723291
1.6000000000000001,6,46.900000000000006,-0.25361075908017205,-0.25361075908017183,0.57749257721242542,1.014017814690179,0.099920580416064247,0.085484339107043311,0.041135919721058296
1.6000000000000001,6,46.950000000000003,-0.25361075908017205,-0.25361075908017183,0.57749257721242542,1.014017814690179,0.099920584055108383,0.08548418733000028,0.04113587450234276
1.6000000000000001,6,47,-0.25361075908017205,-0.25361075908017194,0.57749257721242553,1.0140178146901786,0.09992058753059474,0.08548404227255435,0.041135831415287302
1.6000000000000001,6,47.050000000000004,-0.25361075908017205,-0.25361075908017194,0.57749257721242553,1.0140178146901786,0.099920590849878588,0.085483903637129835,0.041135790359544608
1.6000000000000001,6,47.100000000000001,-0.25361075908017205,-0.25361075908017194,0.57749257721242553,1.0140178146901786,0.099920594019984807,0.085483771139313949,0.041135751239476624
1.6000000000000001,6,47.150000000000006,-0.25361075908017205,-0.25361075908017194,0.57749257721242553,1.0140178146901786,0.099920597047622364,0.085483644507280757,0.041135713963936615
1.6000000000000001,6,47.200000000000003,-0.25361075908017205,-0.253610759080172,0.57749257721242553,1.0140178146901786,0.099920599939198315,0.085483523481245757,0.041135678446063799
1.6000000000000001,6,47.25,-0.25361075908017205,-0.253610759080172,0.57749257721242553,1.0140178146901786,0.09992060270083121,0.08548340781294618,0.041135644603088273
1.6000000000000001,6,47.300000000000004,-0.25361075908017205,-0.253610759080172,0.57749257721242553,1.0140178146901786,0.099920605338363611,0.085483297265141561,0.041135612356143852
1.6000000000000001,6,47.350000000000001,-0.25361075908017205,-0.253610759080172,0.57749257721242553,1.0140178146901786,0.099920607857374555,0.085483191611129494,0.041135581630086682
1.6000000000000001,6,47.400000000000006,-0.25361075908017205,-0.253610759080172,0.57749257721242553,1.0140178146901786,0.099920610263191545,0.085483090634271522,0.041135552353317097
1.6000000000000001,6,47.450000000000003,-0.25361075908017205,-0.25361075908017205,0.57749257721242553,1.0140178146901786,0.099920612560902525,0.085482994127523707,0.041135524457602643
1.6000000000000001,6,47.5,-0.25361075908017205,-0.25361075908017205,0.57749257721242553,1.0140178146901786,0.099920614755367509,0.08548290189296695,0.041135497877899815
1.6000000000000001,6,47.550000000000004,-0.25361075908017205,-0.25361075908017205,0.57749257721242553,1.0140178146901786,0.099920616851230826,0.085482813741331792,0.041135472552172279
1.6000000000000001,6,47.600000000000001,-0.25361075908017205,-0.25361075908017205,0.57749257721242553,1.0140178146901786,0.0999206188529288,0.085482729491686602,0.041135448421281529
1.6000000000000001,6,47.650000000000006,-0.25361075908017205,-0.25361075908017205,0.57749257721242553,1.0140178146901786,0.099920620764691867,0.085482648971378139,0.041135425428990298
1.6000000000000001,6,47.700000000000003,-0.25361075908017205,-0.25361075908017205,0.57749257721242553,1.0140178146901786,0.099920622590563002,0.085482572015286515,0.041135403521656219
1.6000000000000001,6,47.75,-0.25361075908017205,-0.25361075908017205,0.57749257721242553,1.0140178146901786,0.099920624334403005,0.08548249846560993,0.041135382648162903
1.6000000000000001,6,47.800000000000004,-0.25361075908017205,-0.25361075908017205,0.57749257721242553,1.0140178146901786,0.09992062599989926,0.085482428171533828,0.041135362759798427
1.6000000000000001,6,47.850000000000001,-0.25361075908017205,-0.25361075908017205,0.57749257721242553,1.0140178146901786,0.09992062759057331,0.085482360988914569,0.041135343810139488
1.6000000000000001,6,47.900000000000006,-0.25361075908017205,-0.25361075908017205,0.57749257721242553,1.0140178146901786,0.099920629109788744,0.085482296779983175,0.041135325754943483
1.6000000000000001,6,47.950000000000003,-0.25361075908017205,-0.25361075908017205,0.57749257721242553,1.0140178146901786,0.099920630560757964,0.085482235413066404,0.0411353085520475
1.6000000000000001,6,48,-0.25361075908017205,-0.25361075908017205,0.57749257721242553,1.0140178146901786,0.099920631946548918,0.08548217676232267,0.041135292161273158
1.6000000000000001,6,48.050000000000004,-0.25361075908017205,-0.25361075908017205,0.57749257721242553,1.0140178146901786,0.099920633270091305,0.085482120707490422,0.0411352765443362
1.6000000000000001,6,48.100000000000001,-0.25361075908017205,-0.25361075908017205,0.57749257721242553,1.0140178146901786,0.099920634534182817,0.085482067133646325,0.041135261664759795
1.6000000000000001,6,48.150000000000006,-0.25361075908017205,-0.25361075908017205,0.57749257721242553,1.0140178146901786,0.099920635741494859,0.085482015930970781,0.041135247487790474
1.6000000000000001,6,48.200000000000003,-0.25361075908017205,-0.25361075908017205,0.57749257721242553,1.0140178146901786,0.099920636894578405,0.085481966994518377,0.041135233980315558
1.6000000000000001,6,48.25,-0.25361075908017205,-0.25361075908017205,0.57749257721242553,1.0140178146901786,0.099920637995869838,0.085481920223990551,0.041135221110781162
1.6000000000000001,6,48.300000000000004,-0.25361075908017205,-0.25361075908017205,0.57749257721242553,1.0140178146901786,0.099920639047696463,0.085481875523508152,0.041135208849109511
1.6000000000000001,6,48.350000000000001,-0.25361075908017205,-0.25361075908017205,0.57749257721242553,1.0140178146901786,0.099920640052282531,0.085481832801381302,0.041135197166614693
1.6000000000000001,6,48.400000000000006,-0.25361075908017205,-0.25361075908017205,0.57749257721242553,1.0140178146901786,0.099920641011752881,0.085481791969958448,0.041135186035952037
1.6000000000000001,6,48.450000000000003,-0.25361075908017205,-0.25361075908017205,0.57749257721242553,1.0140178146901786,0.09992064192813338,0.085481752945597664,0.041135175431120018
1.6000000000000001,6,48.5,-0.25361075908017205,-0.25361075908017205,0.57749257721242553,1.0140178146901786,0.099920642803360216,0.08548171564830577,0.041135165327317945
1.6000000000000001,6,48.550000000000004,-0.25361075908017205,-0.25361075908017205,0.57749257721242553,1.0140178146901786,0.099920643639282464,0.085481680001634183,0.041135155700914174
1.6000000000000001,6,48.600000000000001,-0.25361075908017205,-0.25361075908017205,0.57749257721242553,1.0140178146901786,0.099920644437665962,0.085481645932518627,0.041135146529389814
1.6000000000000001,6,48.650000000000006,-0.25361075908017205,-0.25361075908017205,0.57749257721242553,1.0140178146901786,0.09992064520019743,0.085481613371125975,0.041135137791285026
1.6000000000000001,6,48.700000000000003,-0.25361075908017205,-0.25361075908017205,0.57749257721242553,1.0140178146901786,0.099920645928487872,0.085481582250710744,0.041135129466149056
1.6000000000000001,6,48.75,-0.25361075908017205,-0.25361075908017205,0.57749257721242553,1.0140178146901786,0.09992064662407607,0.085481552507480046,0.041135121534493432
1.6000000000000001,6,48.800000000000004,-0.25361075908017205,-0.25361075908017205,0.57749257721242553,1.0140178146901786,0.099920647288431627,0.085481524080465707,0.041135113977747932
1.6000000000000001,6,48.850000000000001,-0.25361075908017205,-0.25361075908017205,0.57749257721242553,1.0140178146901786,0.099920647922957892,0.085481496911402444,0.041135106778218689
1.6000000000000001,6,48.900000000000006,-0.25361075908017205,-0.25361075908017205,0.57749257721242553,1.0140178146901786,0.09992064852899496,0.085481470944610768,0.041135099919048089
1.6000000000000001,6,48.950000000000003,-0.25361075908017205,-0.25361075908017205,0.57749257721242553,1.0140178146901786,0.099920649107822224,0.085481446126883423,0.041135093384175814
1.6000000000000001,6,49,-0.25361075908017205,-0.25361075908017205,0.57749257721242553,1.0140178146901786,0.099920649660661512,0.085481422407374247,0.041135087158300644
1.6000000000000001,6,49.050000000000004,-0.25361075908017205,-0.25361075908017205,0.57749257721242553,1.0140178146901786,0.099920650188679502,0.085481399737487987,0.041135081226842396
1.6000000000000001,6,49.100000000000001,-0.25361075908017205,-0.25361075908017205,0.57749257721242553,1.0140178146901786,0.099920650692991109,0.085481378070770192,0.041135075575903686
1.6000000000000001,6,49.150000000000006,-0.25361075908017205,-0.25361075908017205,0.57749257721242553,1.0140178146901786,0.099920651174662131,0.085481357362795607,0.041135070192230776
1.6000000000000001,6,49.200000000000003,-0.25361075908017205,-0.25361075908017205,0.57749257721242553,1.0140178146901786,0.099920651634711088,0.08548133757109512,0.041135065063190222
1.6000000000000001,6,49.25,-0.25361075908017205,-0.25361075908017205,0.57749257721242553,1.0140178146901786,0.099920652074107996,0.085481318655142247,0.041135060176770058
1.6000000000000001,6,49.300000000000004,-0.25361075908017205,-0.25361075908017205,0.57749257721242553,1.0140178146901786,0.09992065249378046,0.085481300576177963,0.041135055521513586
1.6000000000000001,6,49.350000000000001,-0.25361075908017205,-0.25361075908017205,0.57749257721242553,1.0140178146901786,0.09992065289461434,0.085481283297160274,0.041135051086504684
1.6000000000000001,6,49.400000000000006,-0.25361075908017205,-0.25361075908017205,0.57749257721242553,1.0140178146901786,0.099920653277455751,0.085481266782686693,0.041135046861341812
1.6000000000000001,6,49.450000000000003,-0.25361075908017205,-0.25361075908017205,0.57749257721242553,1.0140178146901786,0.099920653643112839,0.085481250998920039,0.041135042836113155
1.6000000000000001,6,49.5,-0.25361075908017205,-0.25361075908017205,0.57749257721242553,1.0140178146901786,0.099920653992357389,0.085481235913518971,0.04113503900137349
1.6000000000000001,6,49.550000000000004,-0.25361075908017205,-0.25361075908017205,0.57749257721242553,1.0140178146901786,0.099920654325926436,0.085481221495572565,0.041135035348122531
1.6000000000000001,6,49.600000000000001,-0.25361075908017205,-0.25361075908017205,0.57749257721242553,1.0140178146901786,0.099920654644524029,0.085481207715538313,0.041135031867784541
1.6000000000000001,6,49.650000000000006,-0.25361075908017205,-0.25361075908017205,0.57749257721242553,1.0140178146901786,0.099920654948822504,0.085481194545183145,0.041135028552188924
1.6000000000000001,6,49.700000000000003,-0.25361075908017205,-0.25361075908017205,0.57749257721242553,1.0140178146901786,0.099920655239463904,0.085481181957526686,0.041135025393551662
1.6000000000000001,6,49.75,-0.25361075908017205,-0.25361075908017205,0.57749257721242553,1.0140178146901786,0.099920655517061557,0.085481169926786185,0.041135022384457286
1.6000000000000001,6,49.800000000000004,-0.25361075908017205,-0.25361075908017205,0.57749257721242553,1.0140178146901786,0.09992065578220112,0.085481158428322782,0.041135019517841181
1.6000000000000001,6,49.850000000000001,-0.25361075908017205,-0.25361075908017205,0.57749257721242553,1.0140178146901786,0.099920656035441965,0.08548114743858809,0.041135016786972033
1.6000000000000001,6,49.900000000000006,-0.25361075908017205,-0.25361075908017205,0.57749257721242553,1.0140178146901786,0.09992065627731847,0.085481136935070992,0.041135014185434117
1.6000000000000001,6,49.950000000000003,-0.25361075908017205,-0.25361075908017205,0.57749257721242553,1.0140178146901786,0.099920656508340921,0.085481126896243639,0.041135011707109252
1.6000000000000001,6,50,-0.25361075908017205,-0.25361075908017205,0.57749257721242553,1.0140178146901786,0.099920656728996721,0.085481117301526063,0.041135009346165985
1.6000000000000001,6,50.050000000000004,-0.25361075908017205,-0.25361075908017205,0.57749257721242553,1.0140178146901786,0.099920656939751315,0.085481108131279057,0.041135007097059903
1.6000000000000001,6,50.100000000000001,-0.25361075908017205,-0.25361075908017205,0.57749257721242553,1.0140178146901786,0.099920657141049141,0.085481099366719895,0.041135004954503243
1.6000000000000001,6,50.150000000000006,-0.25361075908017205,-0.25361075908017205,0.57749257721242553,1.0140178146901786,0.099920657333314747,0.085481090989897798,0.041135002913458042
1.6000000000000001,6,50.200000000000003,-0.25361075908017205,-0.25361075908017205,0.57749257721242553,1.0140178146901786,0.09992065751695367,0.085481082983656378,0.041135000969124112
1.6000000000000001,6,50.25,-0.25361075908017205,-0.25361075908017205,0.57749257721242553,1.0140178146901786,0.099920657692353046,0.0854810753315976,0.041134999116927522
1.6000000000000001,6,50.300000000000004,-0.25361075908017205,-0.25361075908017205,0.57749257721242553,1.0140178146901786,0.099920657859882939,0.085481068018048209,0.041134997352509889
1.6000000000000001,6,50.350000000000001,-0.25361075908017205,-0.25361075908017205,0.57749257721242553,1.0140178146901786,0.099920658019896635,0.08548106102802798,0.041134995671718383
1.6000000000000001,6,50.400000000000006,-0.25361075908017205,-0.25361075908017205,0.57749257721242553,1.0140178146901786,0.099920658172731686,0.08548105434721974,0.041134994070596273
1.6000000000000001,6,50.450000000000003,-0.25361075908017205,-0.25361075908017205,0.57749257721242553,1.0140178146901786,0.099920658318710359,0.085481047961940809,0.041134992545374012
1.6000000000000001,6,50.5,-0.25361075908017205,-0.25361075908017205,0.57749257721242553,1.0140178146901786,0.099920658458140382,0.085481041859115453,0.041134991092460625
1.6000000000000001,6,50.550000000000004,-0.25361075908017205,-0.25361075908017205,0.57749257721242553,1.0140178146901786,0.099920658591315645,0.085481036026248333,0.041134989708435377
1.6000000000000001,6,50.600000000000001,-0.25361075908017205,-0.25361075908017205,0.57749257721242553,1.0140178146901786,0.099920658718516644,0.085481030451398349,0.041134988390039595
1.6000000000000001,6,50.650000000000006,-0.25361075908017205,-0.25361075908017205,0.57749257721242553,1.0140178146901786,0.099920658840011403,0.085481025123152823,0.041134987134168528
1.6000000000000001,6,50.700000000000003,-0.25361075908017205,-0.25361075908017205,0.57749257721242553,1.0140178146901786,0.099920658956055911,0.085481020030601651,0.041134985937863168
1.6000000000000001,6,50.75,-0.25361075908017205,-0.25361075908017205,0.57749257721242553,1.0140178146901786,0.099920659066895123,0.085481015163311094,0.041134984798301799
1.6000000000000001,6,50.800000000000004,-0.25361075908017205,-0.25361075908017205,0.57749257721242553,1.0140178146901786,0.099920659172763063,0.08548101051130666,0.041134983712795101
1.6000000000000001,6,50.850000000000001,-0.25361075908017205,-0.25361075908017205,0.57749257721242553,1.0140178146901786,0.099920659273882453,0.08548100606506992,0.041134982678786423
1.6000000000000001,6,50.900000000000006,-0.25361075908017205,-0.25361075908017205,0.57749257721242553,1.0140178146901786,0.099920659370466527,0.085481001815497407,0.041134981693837551
1.6000000000000001,6,50.950000000000003,-0.25361075908017205,-0.25361075908017205,0.57749257721242553,1.0140178146901786,0.099920659462718706,0.085480997753888815,0.041134980755625619
1.6000000000000001,6,51,-0.25361075908017205,-0.25361075908017205,0.57749257721242553,1.0140178146901786,0.099920659550833291,0.08548099387192877,0.04113497986193751
1.6000000000000001,6,51.050000000000004,-0.25361075908017205,-0.25361075908017205,0.57749257721242553,1.0140178146901786,0.099920659634996037,0.085480990161669365,0.041134979010664562
1.6000000000000001,6,51.100000000000001,-0.25361075908017205,-0.25361075908017205,0.57749257721242553,1.0140178146901786,0.099920659715384261,0.08548098661551394,0.041134978199797591
1.6000000000000001,6,51.150000000000006,-0.25361075908017205,-0.25361075908017205,0.57749257721242553,1.0140178146901786,0.09992065979216741,0.085480983226201651,0.041134977427422302
1.6000000000000001,6,51.200000000000003,-0.25361075908017205,-0.25361075908017205,0.57749257721242553,1.0140178146901786,0.099920659865507369,0.085480979986792979,0.041134976691714911
1.6000000000000001,6,51.25,-0.25361075908017205,-0.25361075908017205,0.57749257721242553,1.0140178146901786,0.09992065993555875,0.085480976890655855,0.041134975990938002
1.6000000000000001,6,51.300000000000004,-0.25361075908017205,-0.25361075908017205,0.57749257721242553,1.0140178146901786,0.09992066000246895,0.085480973931452389,0.041134975323436594
1.6000000000000001,6,51.350000000000001,-0.25361075908017205,-0.25361075908017205,0.57749257721242553,1.0140178146901786,0.099920660066378883,0.085480971103125969,0.041134974687634281
1.6000000000000001,6,51.400000000000006,-0.25361075908017205,-0.25361075908017205,0.57749257721242553,1.0140178146901786,0.099920660127423025,0.085480968399888571,0.041134974082029423
1.6000000000000001,6,51.450000000000003,-0.25361075908017205,-0.25361075908017205,0.57749257721242553,1.0140178146901786,0.099920660185729704,0.08548096581620826,0.041134973505191429
1.6000000000000001,6,51.5,-0.25361075908017205,-0.25361075908017205,0.57749257721242553,1.0140178146901786,0.099920660241421752,0.085480963346796682,0.041134972955756917
1.6000000000000001,6,51.550000000000004,-0.25361075908017205,-0.25361075908017205,0.57749257721242553,1.0140178146901786,0.099920660294616603,0.085480960986596258,0.041134972432425844
1.6000000000000001,6,51.600000000000001,-0.25361075908017205,-0.25361075908017205,0.57749257721242553,1.0140178146901786,0.099920660345426751,0.08548095873077198,0.041134971933959222
1.6000000000000001,6,51.650000000000006,-0.25361075908017205,-0.25361075908017205,0.57749257721242553,1.0140178146901786,0.099920660393958888,0.085480956574709943,0.041134971459179305
1.6000000000000001,6,51.700000000000003,-0.25361075908017205,-0.25361075908017205,0.57749257721242553,1.0140178146901786,0.099920660440315195,0.085480954513997315,0.041134971006962978
1.6000000000000001,6,51.75,-0.25361075908017205,-0.25361075908017205,0.57749257721242553,1.0140178146901786,0.099920660484593221,0.085480952544416677,0.041134970576240326
1.6000000000000001,6,51.800000000000004,-0.25361075908017205,-0.25361075908017205,0.57749257721242553,1.0140178146901786,0.099920660526886182,0.08548095066193713,0.041134970165992046
1.6000000000000001,6,51.850000000000001,-0.25361075908017205,-0.25361075908017205,0.57749257721242553,1.0140178146901786,0.099920660567283145,0.085480948862705908,0.041134969775247006
1.6000000000000001,6,51.900000000000006,-0.25361075908017205,-0.25361075908017205,0.57749257721242553,1.0140178146901786,0.099920660605869141,0.085480947143040484,0.041134969403079959
1.6000000000000001,6,51.950000000000003,-0.25361075908017205,-0.25361075908017205,0.57749257721242553,1.0140178146901786,0.099920660642725451,0.085480945499421049,0.041134969048609415
1.6000000000000001,6,52,-0.25361075908017205,-0.25361075908017205,0.57749257721242553,1.0140178146901786,0.099920660677929707,0.085480943928483571,0.041134968710995617
1.6000000000000001,6,52.050000000000004,-0.25361075908017205,-0.25361075908017205,0.57749257721242553,1.0140178146901786,0.099920660711556017,0.08548094242701304,0.041134968389438628
1.6000000000000001,6,52.100000000000001,-0.25361075908017205,-0.25361075908017205,0.57749257721242553,1.0140178146901786,0.099920660743675116,0.085480940991936982,0.041134968083176529
1.6000000000000001,6,52.150000000000006,-0.25361075908017205,-0.25361075908017205,0.57749257721242553,1.0140178146901786,0.099920660774354589,0.085480939620319288,0.041134967791483609
1.6000000000000001,6,52.200000000000003,-0.25361075908017205,-0.25361075908017205,0.57749257721242553,1.0140178146901786,0.099920660803658884,0.085480938309353979,0.04113496751366863
1.6000000000000001,6,52.25,-0.25361075908017205,-0.25361075908017205,0.57749257721242553,1.0140178146901786,0.099920660831649646,0.085480937056359271,0.041134967249073097
1.6000000000000001,6,52.300000000000004,-0.25361075908017205,-0.25361075908017205,0.57749257721242553,1.0140178146901786,0.099920660858385774,0.085480935858771381,0.041134966997069512
1.6000000000000001,6,52.350000000000001,-0.25361075908017205,-0.25361075908017205,0.57749257721242553,1.0140178146901786,0.099920660883923582,0.085480934714138437,0.041134966757059563
1.6000000000000001,6,52.400000000000006,-0.25361075908017205,-0.25361075908017205,0.57749257721242553,1.0140178146901786,0.099920660908316999,0.085480933620116453,0.041134966528473066
1.6000000000000001,6,52.450000000000003,-0.25361075908017205,-0.25361075908017205,0.57749257721242553,1.0140178146901786,0.099920660931617264,0.085480932574468566,0.041134966310768087
1.6000000000000001,6,52.5,-0.25361075908017205,-0.25361075908017205,0.57749257721242553,1.0140178146901786,0.099920660953873308,0.08548093157505543,0.041134966103427859
1.6000000000000001,6,52.550000000000004,-0.25361075908017205,-0.25361075908017205,0.57749257721242553,1.0140178146901786,0.099920660975131956,0.085480930619832363,0.041134965905960094
1.6000000000000001,6,52.600000000000001,-0.25361075908017205,-0.25361075908017205,0.57749257721242553,1.0140178146901786,0.099920660995438018,0.085480929706845094,0.041134965717895863
1.6000000000000001,6,52.650000000000006,-0.25361075908017205,-0.25361075908017205,0.57749257721242553,1.0140178146901786,0.099920661014834156,0.085480928834225756,0.041134965538788412
1.6000000000000001,6,52.700000000000003,-0.25361075908017205,-0.25361075908017205,0.57749257721242553,1.0140178146901786,0.099920661033361169,0.08548092800018893,0.041134965368212137
1.6000000000000001,6,52.75,-0.25361075908017205,-0.25361075908017205,0.57749257721242553,1.0140178146901786,0.099920661051057985,0.08548092720302819,0.041134965205761598
1.6000000000000001,6,52.800000000000004,-0.25361075908017205,-0.25361075908017205,0.57749257721242553,1.0140178146901786,0.099920661067961825,0.08548092644111252,0.041134965051050576
1.6000000000000001,6,52.850000000000001,-0.25361075908017205,-0.25361075908017205,0.57749257721242553,1.0140178146901786,0.099920661084108173,0.085480925712883196,0.041134964903711192
1.6000000000000001,6,52.900000000000006,-0.25361075908017205,-0.25361075908017205,0.57749257721242553,1.0140178146901786,0.099920661099531016,0.085480925016850548,0.041134964763393067
1.6000000000000001,6,52.950000000000003,-0.25361075908017205,-0.25361075908017205,0.57749257721242553,1.0140178146901786,0.099920661114262802,0.085480924351590992,0.041134964629762495
1.6000000000000001,6,53,-0.25361075908017205,-0.25361075908017205,0.57749257721242553,1.0140178146901786,0.099920661128334587,0.085480923715744006,0.041134964502501641
1.6000000000000001,6,53.050000000000004,-0.25361075908017205,-0.25361075908017205,0.57749257721242553,1.0140178146901786,0.099920661141775988,0.085480923108009269,0.041134964381307731
1.6000000000000001,6,53.100000000000001,-0.25361075908017205,-0.25361075908017205,0.57749257721242553,1.0140178146901786,0.09992066115461537,0.085480922527143705,0.041134964265892297
1.6000000000000001,6,53.150000000000006,-0.25361075908017205,-0.25361075908017205,0.57749257721242553,1.0140178146901786,0.099920661166879574,0.085480921971958571,0.041134964155980315
1.6000000000000001,6,53.200000000000003,-0.25361075908017205,-0.25361075908017205,0.57749257721242553,1.0140178146901786,0.0999206611785943,0.085480921441317442,0.041134964051309744
1.6000000000000001,6,53.25,-0.25361075908017205,-0.25361075908017205,0.57749257721242553,1.0140178146901786,0.099920661189784196,0.08548092093413566,0.041134963951631465
1.6000000000000001,6,53.300000000000004,-0.25361075908017205,-0.25361075908017205,0.57749257721242553,1.0140178146901786,0.099920661200472813,0.0854809204493759,0.041134963856707986
1.6000000000000001,6,53.350000000000001,-0.25361075908017205,-0.25361075908017205,0.57749257721242553,1.0140178146901786,0.099920661210682646,0.085480919986046747,0.041134963766313086
1.6000000000000001,6,53.400000000000006,-0.25361075908017205,-0.25361075908017205,0.57749257721242553,1.0140178146901786,0.099920661220435136,0.085480919543200626,0.041134963680231278
1.6000000000000001,6,53.450000000000003,-0.25361075908017205,-0.25361075908017205,0.57749257721242553,1.0140178146901786,0.099920661229750796,0.085480919119931817,0.041134963598257308
1.6000000000000001,6,53.5,-0.25361075908017205,-0.25361075908017205,0.57749257721242553,1.0140178146901786,0.099920661238649192,0.085480918715374624,0.041134963520195626
1.6000000000000001,6,53.550000000000004,-0.25361075908017205,-0.25361075908017205,0.57749257721242553,1.0140178146901786,0.099920661247149017,0.085480918328701555,0.041134963445859977
1.6000000000000001,6,53.600000000000001,-0.25361075908017205,-0.25361075908017205,0.57749257721242553,1.0140178146901786,0.09992066125526812,0.085480917959121758,0.041134963375072935
1.6000000000000001,6,53.650000000000006,-0.25361075908017205,-0.25361075908017205,0.57749257721242553,1.0140178146901786,0.099920661263023597,0.085480917605879392,0.041134963307665529
1.6000000000000001,6,53.700000000000003,-0.25361075908017205,-0.25361075908017205,0.57749257721242553,1.0140178146901786,0.099920661270431754,0.085480917268252118,0.041134963243476833
1.6000000000000001,6,53.75,-0.25361075908017205,-0.25361075908017205,0.57749257721242553,1.0140178146901786,0.099920661277508094,0.085480916945549629,0.04113496318235358
1.6000000000000001,6,53.800000000000004,-0.25361075908017205,-0.25361075908017205,0.57749257721242553,1.0140178146901786,0.099920661284267548,0.0854809166371122,0.041134963124149812
1.6000000000000001,6,53.850000000000001,-0.25361075908017205,-0.25361075908017205,0.57749257721242553,1.0140178146901786,0.099920661290724355,0.085480916342309296,0.041134963068726521
1.6000000000000001,6,53.900000000000006,-0.25361075908017205,-0.25361075908017205,0.57749257721242553,1.0140178146901786,0.099920661296891936,0.085480916060538162,0.041134963015951251
1.6000000000000001,6,53.950000000000003,-0.25361075908017205,-0.25361075908017205,0.57749257721242553,1.0140178146901786,0.09992066130278339,0.085480915791222301,0.041134962965697755
1.6000000000000001,6,54,-0.25361075908017205,-0.25361075908017205,0.57749257721242553,1.0140178146901786,0.099920661308410957,0.085480915533810597,0.04113496291784572
1.6000000000000001,6,54.050000000000004,-0.25361075908017205,-0.25361075908017205,0.57749257721242553,1.0140178146901786,0.099920661313786532,0.085480915287777084,0.041134962872280814
1.6000000000000001,6,54.100000000000001,-0.25361075908017205,-0.25361075908017205,0.57749257721242553,1.0140178146901786,0.099920661318921383,0.085480915052618733,0.041134962828894006
1.6000000000000001,6,54.150000000000006,-0.25361075908017205,-0.25361075908017205,0.57749257721242553,1.0140178146901786,0.099920661323826321,0.085480914827854762,0.04113496278758149
1.6000000000000001,6,54.200000000000003,-0.25361075908017205,-0.25361075908017205,0.57749257721242553,1.0140178146901786,0.099920661328511684,0.085480914613025635,0.041134962748244359
1.6000000000000001,6,54.25,-0.25361075908017205,-0.25361075908017205,0.57749257721242553,1.0140178146901786,0.099920661332987257,0.085480914407692149,0.041134962710788425
1.6000000000000001,6,54.300000000000004,-0.25361075908017205,-0.25361075908017205,0.57749257721242553,1.0140178146901786,0.099920661337262448,0.085480914211434458,0.041134962675123982
1.6000000000000001,6,54.350000000000001,-0.25361075908017205,-0.25361075908017205,0.57749257721242553,1.0140178146901786,0.099920661341346251,0.085480914023851287,0.041134962641165576
1.6000000000000001,6,54.400000000000006,-0.25361075908017205,-0.25361075908017205,0.57749257721242553,1.0140178146901786,0.099920661345247144,0.085480913844559137,0.041134962608831815
1.6000000000000001,6,54.450000000000003,-0.25361075908017205,-0.25361075908017205,0.57749257721242553,1.0140178146901786,0.099920661348973372,0.085480913673191425,0.041134962578045192
1.6000000000000001,6,54.5,-0.25361075908017205,-0.25361075908017205,0.57749257721242553,1.0140178146901786,0.099920661352532691,0.085480913509397835,0.04113496254873189
1.6000000000000001,6,54.550000000000004,-0.25361075908017205,-0.25361075908017205,0.57749257721242553,1.0140178146901786,0.099920661355932652,0.085480913352843607,0.041134962520821619
1.6000000000000001,6,54.600000000000001,-0.25361075908017205,-0.25361075908017205,0.57749257721242553,1.0140178146901786,0.099920661359180429,0.085480913203208747,0.041134962494247418
1.6000000000000001,6,54.650000000000006,-0.25361075908017205,-0.25361075908017205,0.57749257721242553,1.0140178146901786,0.09992066136228292,0.085480913060187458,0.041134962468945539
1.6000000000000001,6,54.700000000000003,-0.25361075908017205,-0.25361075908017205,0.57749257721242553,1.0140178146901786,0.099920661365246619,0.08548091292348739,0.041134962444855247
1.6000000000000001,6,54.75,-0.25361075908017205,-0.25361075908017205,0.57749257721242553,1.0140178146901786,0.099920661368077673,0.085480912792828989,0.041134962421918671
1.6000000000000001,6,54.800000000000004,-0.25361075908017205,-0.25361075908017205,0.57749257721242553,1.0140178146901786,0.099920661370781913,0.085480912667945011,0.041134962400080709
1.6000000000000001,6,54.850000000000001,-0.25361075908017205,-0.25361075908017205,0.57749257721242553,1.0140178146901786,0.099920661373365069,0.08548091254858034,0.041134962379288896
1.6000000000000001,6,54.900000000000006,-0.25361075908017205,-0.25361075908017205,0.57749257721242553,1.0140178146901786,0.099920661375832664,0.085480912434490991,0.041134962359493273
1.6000000000000001,6,54.950000000000003,-0.25361075908017205,-0.25361075908017205,0.57749257721242553,1.0140178146901786,0.099920661378189807,0.085480912325443775,0.041134962340646265
1.6000000000000001,6,55,-0.25361075908017205,-0.25361075908017205,0.57749257721242553,1.0140178146901786,0.099920661380441339,0.085480912221215871,0.04113496232270257
1.6000000000000001,6,55.050000000000004,-0.25361075908017205,-0.25361075908017205,0.57749257721242553,1.0140178146901786,0.099920661382592049,0.085480912121594255,0.041134962305619013
1.6000000000000001,6,55.100000000000001,-0.25361075908017205,-0.25361075908017205,0.57749257721242553,1.0140178146901786,0.099920661384646489,0.085480912026375255,0.041134962289354503
1.6000000000000001,6,55.150000000000006,-0.25361075908017205,-0.25361075908017205,0.57749257721242553,1.0140178146901786,0.099920661386608989,0.085480911935364265,0.041134962273869854
1.6000000000000001,6,55.200000000000003,-0.25361075908017205,-0.25361075908017205,0.57749257721242553,1.0140178146901786,0.099920661388483822,0.085480911848375196,0.041134962259127772
1.6000000000000001,6,55.25,-0.25361075908017205,-0.25361075908017205,0.57749257721242553,1.0140178146901786,0.099920661390274876,0.085480911765230261,0.041134962245092742
1.6000000000000001,6,55.300000000000004,-0.25361075908017205,-0.25361075908017205,0.57749257721242553,1.0140178146901786,0.099920661391985938,0.085480911685759539,0.041134962231730958
1.6000000000000001,6,55.350000000000001,-0.25361075908017205,-0.25361075908017205,0.57749257721242553,1.0140178146901786,0.099920661393620519,0.085480911609800689,0.041134962219010252
1.6000000000000001,6,55.400000000000006,-0.25361075908017205,-0.25361075908017205,0.57749257721242553,1.0140178146901786,0.099920661395181895,0.085480911537198584,0.041134962206899994
1.6000000000000001,6,55.450000000000003,-0.25361075908017205,-0.25361075908017205,0.57749257721242553,1.0140178146901786,0.099920661396673216,0.085480911467804926,0.041134962195371029
1.6000000000000001,6,55.5,-0.25361075908017205,-0.25361075908017205,0.57749257721242553,1.0140178146901786,0.099920661398097507,0.085480911401477955,0.041134962184395558
1.6000000000000001,6,55.550000000000004,-0.25361075908017205,-0.25361075908017205,0.57749257721242553,1.0140178146901786,0.099920661399457961,0.085480911338082,0.041134962173947055
1.6000000000000001,6,55.600000000000001,-0.25361075908017205,-0.25361075908017205,0.57749257721242553,1.0140178146901786,0.09992066140075781,0.085480911277487304,0.041134962164000213
1.6000000000000001,6,55.650000000000006,-0.25361075908017205,-0.25361075908017205,0.57749257721242553,1.0140178146901786,0.099920661401999469,0.085480911219570202,0.041134962154531073
1.6000000000000001,6,55.700000000000003,-0.25361075908017205,-0.25361075908017205,0.57749257721242553,1.0140178146901786,0.09992066140318559,0.085480911164212359,0.041134962145516776
1.6000000000000001,6,55.75,-0.25361075908017205,-0.25361075908017205,0.57749257721242553,1.0140178146901786,0.099920661404318656,0.08548091111130067,0.04113496213693555
1.6000000000000001,6,55.800000000000004,-0.25361075908017205,-0.25361075908017205,0.57749257721242553,1.0140178146901786,0.099920661405401012,0.085480911060727041,0.041134962128766668
1.6000000000000001,6,55.850000000000001,-0.25361075908017205,-0.25361075908017205,0.57749257721242553,1.0140178146901786,0.099920661406434894,0.085480911012388153,0.041134962120990375
1.6000000000000001,6,55.900000000000006,-0.25361075908017205,-0.25361075908017205,0.57749257721242553,1.0140178146901786,0.099920661407422492,0.085480910966185195,0.041134962113587872
1.6000000000000001,6,55.950000000000003,-0.25361075908017205,-0.25361075908017205,0.57749257721242553,1.0140178146901786,0.099920661408365946,0.085480910922023784,0.041134962106541238
1.6000000000000001,6,56,-0.25361075908017205,-0.25361075908017205,0.57749257721242553,1.0140178146901786,0.099920661409267267,0.085480910879813646,0.041134962099833416
1.6000000000000001,6,56.050000000000004,-0.25361075908017205,-0.25361075908017205,0.57749257721242553,1.0140178146901786,0.099920661410128342,0.08548091083946853,0.041134962093448163
1.6000000000000001,6,56.100000000000001,-0.25361075908017205,-0.25361075908017205,0.57749257721242553,1.0140178146901786,0.099920661410950976,0.085480910800906015,0.041134962087370018
1.6000000000000001,6,56.150000000000006,-0.25361075908017205,-0.25361075908017205,0.57749257721242553,1.0140178146901786,0.099920661411736875,0.085480910764047346,0.041134962081584278
1.6000000000000001,6,56.200000000000003,-0.25361075908017205,-0.25361075908017205,0.57749257721242553,1.0140178146901786,0.099920661412487538,0.085480910728817278,0.041134962076076927
1.6000000000000001,6,56.25,-0.25361075908017205,-0.25361075908017205,0.57749257721242553,1.0140178146901786,0.099920661413204548,0.085480910695143866,0.041134962070834648
1.6000000000000001,6,56.300000000000004,-0.25361075908017205,-0.25361075908017205,0.57749257721242553,1.0140178146901786,0.099920661413889347,0.085480910662958362,0.04113496206584473
1.6000000000000001,6,56.350000000000001,-0.25361075908017205,-0.25361075908017205,0.57749257721242553,1.0140178146901786,0.099920661414543449,0.085480910632194929,0.04113496206109505
1.6000000000000001,6,56.400000000000006,-0.25361075908017205,-0.25361075908017205,0.57749257721242553,1.0140178146901786,0.099920661415168421,0.08548091060279063,0.041134962056574048
1.6000000000000001,6,56.450000000000003,-0.25361075908017205,-0.25361075908017205,0.57749257721242553,1.0140178146901786,0.099920661415765485,0.085480910574685473,0.041134962052270775
1.6000000000000001,6,56.5,-0.25361075908017205,-0.25361075908017205,0.57749257721242553,1.0140178146901786,0.099920661416335821,0.085480910547822073,0.041134962048174781
1.6000000000000001,6,56.550000000000004,-0.25361075908017205,-0.25361075908017205,0.57749257721242553,1.0140178146901786,0.099920661416880649,0.085480910522145515,0.041134962044276129
1.6000000000000001,6,56.600000000000001,-0.25361075908017205,-0.25361075908017205,0.57749257721242553,1.0140178146901786,0.099920661417401094,0.085480910497603382,0.041134962040565326
1.6000000000000001,6,56.650000000000006,-0.25361075908017205,-0.25361075908017205,0.57749257721242553,1.0140178146901786,0.099920661417898349,0.085480910474145536,0.041134962037033374
1.6000000000000001,6,56.700000000000003,-0.25361075908017205,-0.25361075908017205,0.57749257721242553,1.0140178146901786,0.099920661418373316,0.085480910451724068,0.041134962033671681
1.6000000000000001,6,56.75,-0.25361075908017205,-0.25361075908017205,0.57749257721242553,1.0140178146901786,0.099920661418827078,0.085480910430293169,0.041134962030472066
1.6000000000000001,6,56.800000000000004,-0.25361075908017205,-0.25361075908017205,0.57749257721242553,1.0140178146901786,0.099920661419260495,0.085480910409809097,0.041134962027426752
1.6000000000000001,6,56.850000000000001,-0.25361075908017205,-0.25361075908017205,0.57749257721242553,1.0140178146901786,0.09992066141967447,0.085480910390229981,0.041134962024528335
1.6000000000000001,6,56.900000000000006,-0.25361075908017205,-0.25361075908017205,0.57749257721242553,1.0140178146901786,0.099920661420069959,0.085480910371515867,0.041134962021769743
1.6000000000000001,6,56.950000000000003,-0.25361075908017205,-0.25361075908017205,0.57749257721242553,1.0140178146901786,0.099920661420447712,0.085480910353628495,0.041134962019144253
1.6000000000000001,6,57,-0.25361075908017205,-0.25361075908017205,0.57749257721242553,1.0140178146901786,0.099920661420808563,0.085480910336531366,0.041134962016645467
1.6000000000000001,6,57.050000000000004,-0.25361075908017205,-0.25361075908017205,0.57749257721242553,1.0140178146901786,0.099920661421153412,0.085480910320189521,0.041134962014267272
1.6000000000000001,6,57.100000000000001,-0.25361075908017205,-0.25361075908017205,0.57749257721242553,1.0140178146901786,0.099920661421482884,0.085480910304569613,0.041134962012003881
1.6000000000000001,6,57.150000000000006,-0.25361075908017205,-0.25361075908017205,0.57749257721242553,1.0140178146901786,0.099920661421797632,0.085480910289639722,0.041134962009849785
1.6000000000000001,6,57.200000000000003,-0.25361075908017205,-0.25361075908017205,0.57749257721242553,1.0140178146901786,0.099920661422098225,0.085480910275369401,0.041134962007799744
1.6000000000000001,6,57.25,-0.25361075908017205,-0.25361075908017205,0.57749257721242553,1.0140178146901786,0.099920661422385398,0.085480910261729479,0.041134962005848735
1.6000000000000001,6,57.300000000000004,-0.25361075908017205,-0.25361075908017205,0.57749257721242553,1.0140178146901786,0.099920661422659748,0.085480910248692116,0.041134962003991991
1.6000000000000001,6,57.350000000000001,-0.25361075908017205,-0.25361075908017205,0.57749257721242553,1.0140178146901786,0.099920661422921789,0.085480910236230681,0.041134962002224988
1.6000000000000001,6,57.400000000000006,-0.25361075908017205,-0.25361075908017205,0.57749257721242553,1.0140178146901786,0.099920661423172116,0.085480910224319723,0.041134962000543389
1.6000000000000001,6,57.450000000000003,-0.25361075908017205,-0.25361075908017205,0.57749257721242553,1.0140178146901786,0.099920661423411286,0.085480910212934913,0.041134961998943093
1.6000000000000001,6,57.5,-0.25361075908017205,-0.25361075908017205,0.57749257721242553,1.0140178146901786,0.099920661423639784,0.08548091020205302,0.041134961997420186
1.6000000000000001,6,57.550000000000004,-0.25361075908017205,-0.25361075908017205,0.57749257721242553,1.0140178146901786,0.099920661423858026,0.085480910191651827,0.041134961995970935
1.6000000000000001,6,57.600000000000001,-0.25361075908017205,-0.25361075908017205,0.57749257721242553,1.0140178146901786,0.09992066142406654,0.085480910181710085,0.041134961994591789
1.6000000000000001,6,57.650000000000006,-0.25361075908017205,-0.25361075908017205,0.57749257721242553,1.0140178146901786,0.099920661424265714,0.085480910172207505,0.04113496199327938
1.6000000000000001,6,57.700000000000003,-0.25361075908017205,-0.25361075908017205,0.57749257721242553,1.0140178146901786,0.09992066142445595,0.085480910163124674,0.04113496199203049
1.6000000000000001,6,57.75,-0.25361075908017205,-0.25361075908017205,0.57749257721242553,1.0140178146901786,0.099920661424637722,0.085480910154443063,0.041134961990842059
1.6000000000000001,6,57.800000000000004,-0.25361075908017205,-0.25361075908017205,0.57749257721242553,1.0140178146901786,0.099920661424811388,0.085480910146144923,0.041134961989711172
1.6000000000000001,6,57.850000000000001,-0.25361075908017205,-0.25361075908017205,0.57749257721242553,1.0140178146901786,0.099920661424977242,0.085480910138213323,0.04113496198863506
1.6000000000000001,6,57.900000000000006,-0.25361075908017205,-0.25361075908017205,0.57749257721242553,1.0140178146901786,0.099920661425135726,0.085480910130632068,0.041134961987611074
1.6000000000000001,6,57.950000000000003,-0.25361075908017205,-0.25361075908017205,0.57749257721242553,1.0140178146901786,0.099920661425287105,0.085480910123385684,0.041134961986636707
1.6000000000000001,6,58,-0.25361075908017205,-0.25361075908017205,0.57749257721242553,1.0140178146901786,0.099920661425431767,0.085480910116459363,0.041134961985709546
1.6000000000000001,6,58.050000000000004,-0.25361075908017205,-0.25361075908017205,0.57749257721242553,1.0140178146901786,0.099920661425569907,0.085480910109838978,0.041134961984827335
1.6000000000000001,6,58.100000000000001,-0.25361075908017205,-0.25361075908017205,0.57749257721242553,1.0140178146901786,0.099920661425701912,0.085480910103511026,0.041134961983987896
1.6000000000000001,6,58.150000000000006,-0.25361075908017205,-0.25361075908017205,0.57749257721242553,1.0140178146901786,0.09992066142582802,0.085480910097462559,0.041134961983189167
1.6000000000000001,6,58.200000000000003,-0.25361075908017205,-0.25361075908017205,0.57749257721242553,1.0140178146901786,0.099920661425948479,0.085480910091681239,0.04113496198242917
1.6000000000000001,6,58.25,-0.25361075908017205,-0.25361075908017205,0.57749257721242553,1.0140178146901786,0.099920661426063609,0.085480910086155271,0.041134961981706047
1.6000000000000001,6,58.300000000000004,-0.25361075908017205,-0.25361075908017205,0.57749257721242553,1.0140178146901786,0.099920661426173604,0.085480910080873357,0.041134961981018008
1.6000000000000001,6,58.350000000000001,-0.25361075908017205,-0.25361075908017205,0.57749257721242553,1.0140178146901786,0.099920661426278645,0.085480910075824729,0.041134961980363371
1.6000000000000001,6,58.400000000000006,-0.25361075908017205,-0.25361075908017205,0.57749257721242553,1.0140178146901786,0.099920661426378982,0.085480910070999103,0.041134961979740522
1.6000000000000001,6,58.450000000000003,-0.25361075908017205,-0.25361075908017205,0.57749257721242553,1.0140178146901786,0.099920661426474752,0.085480910066386639,0.041134961979147941
1.6000000000000001,6,58.5,-0.25361075908017205,-0.25361075908017205,0.57749257721242553,1.0140178146901786,0.099920661426566124,0.085480910061977916,0.041134961978584156
1.6000000000000001,6,58.550000000000004,-0.25361075908017205,-0.25361075908017205,0.57749257721242553,1.0140178146901786,0.099920661426653443,0.085480910057763912,0.041134961978047765
1.6000000000000001,6,58.600000000000001,-0.25361075908017205,-0.25361075908017205,0.57749257721242553,1.0140178146901786,0.099920661426736876,0.085480910053736023,0.041134961977537438
1.6000000000000001,6,58.650000000000006,-0.25361075908017205,-0.25361075908017205,0.57749257721242553,1.0140178146901786,0.099920661426816673,0.085480910049886005,0.041134961977051902
1.6000000000000001,6,58.700000000000003,-0.25361075908017205,-0.25361075908017205,0.57749257721242553,1.0140178146901786,0.099920661426893043,0.085480910046205991,0.041134961976589952
1.6000000000000001,6,58.75,-0.25361075908017205,-0.25361075908017205,0.57749257721242553,1.0140178146901786,0.099920661426966054,0.085480910042688471,0.041134961976150457
1.6000000000000001,6,58.800000000000004,-0.25361075908017205,-0.25361075908017205,0.57749257721242553,1.0140178146901786,0.099920661427035665,0.085480910039326341,0.041134961975732368
1.6000000000000001,6,58.850000000000001,-0.25361075908017205,-0.25361075908017205,0.57749257721242553,1.0140178146901786,0.099920661427102153,0.085480910036112689,0.041134961975334616
1.6000000000000001,6,58.900000000000006,-0.25361075908017205,-0.25361075908017205,0.57749257721242553,1.0140178146901786,0.099920661427165672,0.08548091003304098,0.041134961974956225
1.6000000000000001,6,58.950000000000003,-0.25361075908017205,-0.25361075908017205,0.57749257721242553,1.0140178146901786,0.099920661427226373,0.085480910030104912,0.041134961974596256
1.6000000000000001,6,59,-0.25361075908017205,-0.25361075908017205,0.57749257721242553,1.0140178146901786,0.099920661427284369,0.085480910027298504,0.041134961974253807
1.6000000000000001,6,59.050000000000004,-0.25361075908017205,-0.25361075908017205,0.57749257721242553,1.0140178146901786,0.09992066142733981,0.085480910024616025,0.04113496197392804
1.6000000000000001,6,59.100000000000001,-0.25361075908017205,-0.25361075908017205,0.57749257721242553,1.0140178146901786,0.09992066142739281,0.085480910022052006,0.041134961973618135
1.6000000000000001,6,59.150000000000006,-0.25361075908017205,-0.25361075908017205,0.57749257721242553,1.0140178146901786,0.099920661427443408,0.085480910019601217,0.041134961973323343
1.6000000000000001,6,59.200000000000003,-0.25361075908017205,-0.25361075908017205,0.57749257721242553,1.0140178146901786,0.099920661427491703,0.08548091001725866,0.041134961973042929
1.6000000000000001,6,59.25,-0.25361075908017205,-0.25361075908017205,0.57749257721242553,1.0140178146901786,0.099920661427537763,0.085480910015019576,0.041134961972776191
1.6000000000000001,6,59.300000000000004,-0.25361075908017205,-0.25361075908017205,0.57749257721242553,1.0140178146901786,0.099920661427581686,0.085480910012879385,0.041134961972522477
1.6000000000000001,6,59.350000000000001,-0.25361075908017205,-0.25361075908017205,0.57749257721242553,1.0140178146901786,0.099920661427623611,0.085480910010833716,0.041134961972281149
1.6000000000000001,6,59.400000000000006,-0.25361075908017205,-0.25361075908017205,0.57749257721242553,1.0140178146901786,0.099920661427663773,0.085480910008878377,0.041134961972051583
1.6000000000000001,6,59.450000000000003,-0.25361075908017205,-0.25361075908017205,0.57749257721242553,1.0140178146901786,0.099920661427702187,0.085480910007009372,0.041134961971833216
1.6000000000000001,6,59.5,-0.25361075908017205,-0.25361075908017205,0.57749257721242553,1.0140178146901786,0.099920661427739005,0.085480910005222885,0.041134961971625486
1.6000000000000001,6,59.550000000000004,-0.25361075908017205,-0.25361075908017205,0.57749257721242553,1.0140178146901786,0.099920661427774241,0.085480910003515279,0.041134961971427894
1.6000000000000001,6,59.600000000000001,-0.25361075908017205,-0.25361075908017205,0.57749257721242553,1.0140178146901786,0.099920661427807742,0.085480910001883084,0.041134961971239982
1.6000000000000001,6,59.650000000000006,-0.25361075908017205,-0.25361075908017205,0.57749257721242553,1.0140178146901786,0.099920661427839744,0.085480910000322985,0.04113496197106125
1.6000000000000001,6,59.700000000000003,-0.25361075908017205,-0.25361075908017205,0.57749257721242553,1.0140178146901786,0.09992066142787033,0.085480909998831761,0.041134961970891247
1.6000000000000001,6,59.75,-0.25361075908017205,-0.25361075908017205,0.57749257721242553,1.0140178146901786,0.099920661427899557,0.085480909997406387,0.04113496197072955
1.6000000000000001,6,59.800000000000004,-0.25361075908017205,-0.25361075908017205,0.57749257721242553,1.0140178146901786,0.099920661427927479,0.085480909996043977,0.041134961970575763
1.6000000000000001,6,59.850000000000001,-0.25361075908017205,-0.25361075908017205,0.57749257721242553,1.0140178146901786,0.099920661427954041,0.085480909994741755,0.041134961970429512
1.6000000000000001,6,59.900000000000006,-0.25361075908017205,-0.25361075908017205,0.57749257721242553,1.0140178146901786,0.09992066142797941,0.085480909993497042,0.041134961970290422
1.6000000000000001,6,59.950000000000003,-0.25361075908017205,-0.25361075908017205,0.57749257721242553,1.0140178146901786,0.099920661428003724,0.085480909992307244,0.041134961970158146
1.6000000000000001,6,60,-0.25361075908017205,-0.25361075908017205,0.57749257721242553,1.0140178146901786,0.099920661428027066,0.085480909991169932,0.041134961970032337
