aid,nu,budget_used,growth,mean_burden,worst_burden,burden_gap,peak_worst,adoption_final,group_A_burden,group_B_burden
0,0.12,0.050000000000000003,0.012454650151578822,0.24703927909045431,0.38027028471497709,0.26646201124904556,0.40711052037490697,0.91554640761130512,0.38027028471497709,0.1138082734659315
0,0.15999999999999998,0.066666666666666666,0.016559294631435805,0.29668576100225352,0.44852099862361555,0.303670475242724,0.47723393079349541,0.91290296626563727,0.44852099862361555,0.14485052338089155
0,0.19999999999999998,0.083333333333333329,0.02063990107735016,0.33832075162688707,0.50300872080041603,0.32937593834705792,0.53223013553448395,0.9102430351314289,0.50300872080041603,0.17363278245335809
0,0.23999999999999999,0.10000000000000001,0.024695293091586072,0.37393579153363593,0.54748749618393233,0.3471034093005928,0.57650392883089019,0.90753140186734405,0.54748749618393233,0.20038408688333956
0,0.27999999999999997,0.11666666666666665,0.028723895082015904,0.40488112850550162,0.58446117064132408,0.35916008427164492,0.61289736140689466,0.9047395571910134,0.58446117064132408,0.22530108636967919
0,0.31999999999999995,0.13333333333333333,0.03272374458816104,0.43210785360575338,0.61566214458200308,0.3671085819524994,0.64332644385579107,0.90184208400022525,0.61566214458200308,0.24855356262950368
0,0.35999999999999999,0.14999999999999999,0.03669246741943262,0.4563074545772261,0.64232624803825611,0.37203758692206007,0.66912970375976943,0.89881437858006685,0.64232624803825611,0.27028866111619604
0,0.39999999999999997,0.16666666666666666,0.040627221736523791,0.47799610571980689,0.66535802756693829,0.37472384369426281,0.69127011702820307,0.89563097748398335,0.66535802756693829,0.29063418387267548
0,0.43999999999999995,0.18333333333333332,0.044524609761141573,0.49756763078553246,0.68543410413590855,0.37573294670075214,0.71045765577611286,0.89226409756302538,0.68543410413590855,0.30970115743515642
0,0.47999999999999993,0.19999999999999998,0.048380549747372714,0.51532789845537996,0.70306998937452614,0.37548418183829241,0.72722658266762918,0.88868212768771593,0.70306998937452614,0.32758580753623373
0,0.51999999999999991,0.21666666666666665,0.052190093829798709,0.53151775915550592,0.71866450548502214,0.3742934926590325,0.74198578689695927,0.88484783958220259,0.71866450548502214,0.34437101282598964
0,0.55999999999999994,0.23333333333333331,0.055947167002798046,0.54632862520144121,0.73252999460481583,0.37240273880674929,0.75505241992520533,0.88071604042796081,0.73252999460481583,0.36012725579806654
0,0.59999999999999987,0.24999999999999994,0.059644185044323582,0.55991311132704391,0.74491319750251284,0.37000017235093779,0.76667478874688533,0.87623025919278175,0.74491319750251284,0.37491302515157504
0,0.6399999999999999,0.26666666666666666,0.063271477333973591,0.57239214208555789,0.75600975676917026,0.36723522936722469,0.7770480379480863,0.871317783881147,0.75600975676917026,0.38877452740194557
0,0.67999999999999994,0.28333333333333333,0.066816378060430795,0.5838592443163455,0.76597409698898233,0.36422970534527366,0.78632467911341097,0.86588180042700547,0.76597409698898233,0.40174439164370868
0,0.71999999999999986,0.29999999999999993,0.070261717167817803,0.59438212749227914,0.77492556157753423,0.36108686817051011,0.79462098781234314,0.85978815388756125,0.77492556157753423,0.41383869340702412
0,0.7599999999999999,0.31666666666666665,0.073583135560876645,0.60400079775929116,0.78295080034389453,0.35790000516920684,0.80201925951826813,0.85284133945424168,0.78295080034389453,0.42505079517468769
0,0.79999999999999993,0.33333333333333331,0.076743845715611159,0.61271960814053728,0.79010089795883998,0.35476257963660546,0.80856417854159512,0.84473655179240326,0.79010089795883998,0.43533831832223452
0,0.83999999999999986,0.34999999999999998,0.07968297833047866,0.62048521371485621,0.79637767485158406,0.35178492227345581,0.81424681643706287,0.83495005968362479,0.79637767485158406,0.44459275257812825
0,0.87999999999999989,0.36666666666666664,0.082283851727749421,0.62712089171425067,0.80168780829755937,0.34913383316661734,0.81895100590219028,0.82243032408600814,0.80168780829755937,0.45255397513094203
0,0.91999999999999982,0.38333333333333325,0.084248349693229155,0.63205372996419051,0.80564489464231603,0.34718232935625104,0.82225821705453661,0.80431277283347458,0.80564489464231603,0.45846256528606499
0,0.95999999999999985,0.39999999999999997,0.05691560722779633,0.51106773344602063,0.6812784180096243,0.34042136912720733,0.82344839198044406,0.098600062472365288,0.6812784180096243,0.34085704888241697
0,0.99999999999999989,0.41666666666666663,0.025451932685842189,0.33284931800813272,0.484565553139231,0.30343247026219655,0.82236303629433405,0.09629208021323013,0.484565553139231,0.18113308287703442
0,1.0399999999999998,0.43333333333333329,0.021745803896188933,0.31268583198459859,0.46276833486674995,0.30016500576430272,0.81952348304220279,0.094027576866004284,0.46276833486674995,0.16260332910244724
0,1.0799999999999998,0.44999999999999996,0.020076250603173088,0.30416523776243798,0.45385797461706406,0.29938547370925217,0.81529752653245424,0.091879817957001952,0.45385797461706406,0.15447250090781192
0,1.1199999999999999,0.46666666666666662,0.019116014345822926,0.29965458458590616,0.44935702344762612,0.29940487772343993,0.81063330376936416,0.089838576332451611,0.44935702344762612,0.14995214572418622
0,1.1599999999999997,0.48333333333333323,0.018501146287536498,0.29706582116942304,0.44695165097694389,0.29977165961504171,0.80533289690711518,0.087894846481311018,0.44695165097694389,0.14717999136190216
0,1.1999999999999997,0.49999999999999989,0.018084068058861411,0.29555794199124008,0.44571385112464784,0.30031181826681547,0.7988248459949302,0.086040708001802982,0.44571385112464784,0.14540203285783238
0,1.2399999999999998,0.51666666666666661,0.017791715979876419,0.29471802449700224,0.44519019229639717,0.30094433559878986,0.79507769332102374,0.084269162317605617,0.44519019229639717,0.14424585669760728
0,1.2799999999999998,0.53333333333333333,0.017583179361327205,0.2943168061896278,0.44513011111856166,0.30162660985786771,0.78833069060846461,0.082573995056165805,0.44513011111856166,0.14350350126069397
0,1.3199999999999998,0.54999999999999993,0.017433549355941866,0.29421581847762041,0.4453829297012622,0.30233422244728358,0.78522778674177751,0.080949662589042029,0.4453829297012622,0.14304870725397859
0,1.3599999999999999,0.56666666666666665,0.017326710123152792,0.2943261561422082,0.44585228543434341,0.30305225858427043,0.77938843084162546,0.079391198316900502,0.44585228543434341,0.14280002685007301
0,1.3999999999999999,0.58333333333333337,0.01725174318258187,0.29458803690349433,0.4464736224328037,0.30377117105861873,0.77431925296125415,0.077894134817993774,0.4464736224328037,0.14270245137418494
0,1.4399999999999999,0.59999999999999998,0.017200979098987601,0.29495979275769868,0.44720211298663626,0.30448464045787521,0.77196848437486665,0.076454438763083707,0.44720211298663626,0.14271747252876105
0,1.48,0.6166666666666667,0.017168871734104831,0.2954115443277302,0.44800573985539388,0.30518839105532736,0.76799981482812874,0.075068456163576811,0.44800573985539388,0.1428173488000665
0,1.5199999999999996,0.63333333333333319,0.017151313540053718,0.29592137166476939,0.44886112020365593,0.30587949707777312,0.76265257073199844,0.073732866039125627,0.44886112020365593,0.14298162312588281
0,1.5599999999999996,0.64999999999999991,0.01714520126333248,0.29647289475443578,0.44975087267436631,0.30655595583986106,0.75683679815430738,0.072444640991177409,0.44975087267436631,0.14319491683450522
0,1.5999999999999996,0.66666666666666652,0.017148150667197676,0.29705368889223238,0.45066189574345888,0.30721641370245295,0.75612372737711708,0.071201013477430519,0.45066189574345888,0.14344548204100593
0,1.6399999999999997,0.68333333333333324,0.017158303505724511,0.29765421479467991,0.45158420658663923,0.30785998358391858,0.75450065947311684,0.069999446821131253,0.45158420658663923,0.14372422300272064
0,1.6799999999999997,0.69999999999999996,0.017174193553819703,0.29826707715729128,0.45251013693827696,0.30848611956197136,0.75206956990878238,0.06883761017545767,0.45251013693827696,0.1440240173763056
0,1.7199999999999998,0.71666666666666656,0.017194651545990758,0.29888649908471848,0.45343376326709012,0.30909452836474327,0.74897394928649719,0.067713356809594366,0.45343376326709012,0.14433923490234685
0,1.7599999999999998,0.73333333333333328,0.017218736406126641,0.29950794213880122,0.45435049487338658,0.30968510546917072,0.74538067303486866,0.066624705198774781,0.45435049487338658,0.14466538940421583
0,1.7999999999999998,0.75,0.017245684637387078,0.30012782686947037,0.45525677091034306,0.31025788808174537,0.74145749278964634,0.065569822492707153,0.45525677091034306,0.14499888282859771
0,1.8399999999999999,0.76666666666666661,0.017274872503842839,0.30074332408863136,0.45614983408245824,0.31081301998765376,0.73735413026026198,0.064547010010558958,0.45614983408245824,0.14533681409480445
0,1.8799999999999999,0.78333333333333333,0.017305787384141975,0.30135219686723036,0.45702755933346678,0.31135072493247279,0.73453718746945762,0.063554690470186373,0.45702755933346678,0.14567683440099399
0,1.9199999999999999,0.80000000000000004,0.017338005799106052,0.30195267944939214,0.45788832256915685,0.31187128623952942,0.73458289042347391,0.06259139670750033,0.45788832256915685,0.14601703632962745
0,1.9599999999999995,0.81666666666666654,0.017371176374886655,0.30254338348300869,0.4587308990233458,0.31237503108067416,0.73420722230636248,0.061655761681192855,0.4587308990233458,0.14635586794267164
0,1.9999999999999996,0.83333333333333315,0.017405006494189516,0.30312322467257424,0.45955438379627628,0.31286231824740407,0.73345615183228197,0.060746509590242963,0.45955438379627628,0.14669206554887218
0,2.0399999999999996,0.84999999999999987,0.017439251742404807,0.30369136491970739,0.46035812922103303,0.31333352860265135,0.73238035158227344,0.059862447958191775,0.46035812922103303,0.14702460061838168
0,2.0799999999999996,0.86666666666666659,0.017473707490885258,0.30424716631220128,0.46114169511072806,0.31378905759705356,0.73103258677301874,0.059002460560106086,0.46114169511072806,0.14735263751367453
0,2.1199999999999997,0.88333333333333319,0.017508202132769834,0.30479015427850176,0.46190480897555725,0.31422930939411098,0.72946507465898269,0.058165501086408576,0.46190480897555725,0.14767549958144627
0,2.1599999999999997,0.89999999999999991,0.017542591607324871,0.30531998789023557,0.46264733401859154,0.31465469225671194,0.72772718905817213,0.057350587453006058,0.46264733401859154,0.14799264176187957
0,2.1999999999999997,0.91666666666666663,0.01757675493847299,0.3058364357904218,0.46336924325582163,0.31506561493079965,0.7258637572112896,0.05655679667990892,0.46336924325582163,0.148303628325022
0,2.2399999999999998,0.93333333333333324,0.017610590576622065,0.30633935657524619,0.4640705984845101,0.31546248381852782,0.72391403841219304,0.055783260271269716,0.4640705984845101,0.14860811466598231
0,2.2799999999999998,0.94999999999999996,0.017644013381906579,0.30682868272927177,0.46475153311960227,0.31584570078066099,0.72191133524227269,0.055029160038887595,0.46475153311960227,0.14890583233894131
0,2.3199999999999998,0.96666666666666667,0.017676952125084654,0.30730440742516474,0.46541223814854865,0.31621566144676788,0.71988310433609537,0.054293724318895835,0.46541223814854865,0.14919657670178077
0,2.3599999999999999,0.98333333333333328,0.017709347403615627,0.30776657361590831,0.46605295057787982,0.31657275392394307,0.71785140398510372,0.053576224537884631,0.46605295057787982,0.14948019665393675
0,2.3999999999999999,1,0.017741149899119554,0.30821526500864987,0.46667394392549427,0.3169173578336888,0.71583352849777904,0.05287597209032991,0.46667394392549427,0.14975658609180548
0.02,0.12,0.070000000000000007,0.01246505569977638,0.22575338961092858,0.34331926583697331,0.23513175245208945,0.36416329677150705,0.91637073353636478,0.34331926583697331,0.10818751338488385
0.02,0.15999999999999998,0.08666666666666667,0.016574647539478835,0.2736009277377579,0.40925402488508716,0.27130619429465852,0.43230509537400402,0.91381177841413852,0.40925402488508716,0.13794783059042864
0.02,0.19999999999999998,0.10333333333333333,0.020660746500660385,0.31428151171911017,0.46292692755468035,0.29729083167114034,0.48696734733809838,0.91122599356556266,0.46292692755468035,0.16563609588353997
0.02,0.23999999999999999,0.12000000000000001,0.024722191794918302,0.34944855930221486,0.50744425952082528,0.31599140043722079,0.53177606747213602,0.90858418691061849,0.50744425952082528,0.19145285908360449
0.02,0.27999999999999997,0.13666666666666666,0.028757461881527866,0.38025806710213461,0.54494469159235082,0.32937324898043241,0.56916019285151753,0.90586169161062779,0.54494469159235082,0.21557144261191841
0.02,0.31999999999999995,0.15333333333333332,0.032764678537252859,0.40754505603375052,0.57694774694444406,0.33880538182138709,0.60080792515016024,0.90303585188444502,0.57694774694444406,0.238142365123057
0.02,0.35999999999999999,0.16999999999999998,0.036741581156954091,0.43192939088599375,0.60456200614099498,0.34526523051000246,0.62792886650885615,0.90008432631635793,0.60456200614099498,0.25929677563099252
0.02,0.39999999999999997,0.18666666666666665,0.040685474856205078,0.45388188349557801,0.6286146172028354,0.34946546741451484,0.65141201229754853,0.89698376577980155,0.6286146172028354,0.27914914978832056
0.02,0.43999999999999995,0.20333333333333331,0.04459315056550836,0.47376703706079543,0.64973466715369255,0.35193526018579424,0.67192486064199586,0.89370860629414584,0.64973466715369255,0.29779940696789831
0.02,0.47999999999999993,0.21999999999999997,0.048460770585774741,0.49187149699671295,0.66840844690717593,0.35307389982092591,0.68997770516952439,0.89022978885843906,0.66840844690717593,0.31533454708625003
0.02,0.51999999999999991,0.23666666666666664,0.052283707411974509,0.50842343142926194,0.68501700161596568,0.35318714037340743,0.70596652649091984,0.88651322761549656,0.68501700161596568,0.33182986124255825
0.02,0.55999999999999994,0.2533333333333333,0.056056315270021521,0.52360594388083048,0.69986215918849182,0.35251243061532261,0.72020225891855061,0.88251780667599566,0.69986215918849182,0.3473497285731692
0.02,0.59999999999999987,0.26999999999999996,0.059771599942984775,0.53756639279002705,0.71318482339553824,0.35123686121102232,0.73293107906556543,0.87819258220077823,0.71318482339553824,0.36194796218451591
0.02,0.6399999999999999,0.28666666666666668,0.063420727665317561,0.5504227340881549,0.72517787480313745,0.34951028142996521,0.74434853828755221,0.8734726568371266,0.72517787480313745,0.37566759337317224
0.02,0.67999999999999994,0.30333333333333334,0.066992266539183901,0.56226747486990036,0.73599509586100065,0.34745524198220046,0.75460922061328661,0.86827277459872731,0.73599509586100065,0.38853985387880019
0.02,0.71999999999999986,0.31999999999999995,0.070470957038420268,0.57316935412395265,0.7457568498583601,0.34517499146881503,0.76383278707412139,0.8624768048716982,0.7457568498583601,0.40058185838954508
0.02,0.7599999999999999,0.33666666666666667,0.07383559239662614,0.58317223518941463,0.75455255168140944,0.34276063298398973,0.77210646225133972,0.8559192884580572,0.75455255168140944,0.41179191869741971
0.02,0.79999999999999993,0.35333333333333333,0.077055055012406101,0.59228942778567839,0.76243885668735734,0.34029885780335795,0.77948273987580619,0.84835018113699434,0.76243885668735734,0.42213999888399939
0.02,0.83999999999999986,0.37,0.080080026735874249,0.60048823565566534,0.76942975324381824,0.33788303517630586,0.78596791291833434,0.83935923401287227,0.76942975324381824,0.43154671806751238
0.02,0.87999999999999989,0.38666666666666666,0.08282252872366451,0.60764755722207875,0.77546536382359443,0.33563561320303142,0.7914860186874636,0.82818359484645387,0.77546536382359443,0.43982975062056301
0.02,0.91999999999999982,0.40333333333333327,0.085089201503666487,0.61341205448825231,0.78029977408332885,0.33377543919015307,0.79575500124781928,0.81305456028939849,0.78029977408332885,0.44652433489317578
0.02,0.95999999999999985,0.41999999999999998,0.086161364185382519,0.6162375781756726,0.78275209560114622,0.33302903485094726,0.79817336196546973,0.78674733644276817,0.78275209560114622,0.44972306075019897
0.02,0.99999999999999989,0.43666666666666665,0.029474754259057753,0.33119019587244508,0.46949344033307611,0.27660648892126205,0.79843499271200702,0.097355331829998754,0.46949344033307611,0.19288695141181406
0.02,1.0399999999999998,0.45333333333333331,0.023124040990813274,0.29617385951199804,0.43036033110538824,0.26837294318678034,0.79690531931795294,0.095038827396161332,0.43036033110538824,0.16198738791860789
0.02,1.0799999999999998,0.46999999999999997,0.020868414325379503,0.28435986493785226,0.41747752264597354,0.26623531541624262,0.79384343302580629,0.092843499525418552,0.41747752264597354,0.15124220722973092
0.02,1.1199999999999999,0.48666666666666664,0.019668734805625875,0.27849731049418419,0.41130473623191333,0.26561485147545827,0.79030303048173467,0.090758583043209107,0.41130473623191333,0.14568988475645503
0.02,1.1599999999999997,0.50333333333333319,0.018928539722258483,0.27519310873847302,0.40799845160880871,0.26561068574067137,0.78602294804345652,0.088774599461137513,0.40799845160880871,0.14238776586813731
0.02,1.1999999999999997,0.51999999999999991,0.0184361227648056,0.27324705359560547,0.40620222612419515,0.26591034505717936,0.78062250465055627,0.086883233386421219,0.40620222612419515,0.14029188106701582
0.02,1.2399999999999998,0.53666666666666663,0.018094232287496032,0.27211117101392418,0.40529886775849,0.26637539348913164,0.77734200594345249,0.085077152160281541,0.40529886775849,0.13892347426935839
0.02,1.2799999999999998,0.55333333333333334,0.01785098889062995,0.2714952327263333,0.40496273539606192,0.26693500533945724,0.77177772907320719,0.083349856248252155,0.40496273539606192,0.13802773005660468
0.02,1.3199999999999998,0.56999999999999995,0.017675858458326803,0.27122968993705604,0.40500432443337436,0.26754926899263665,0.7688795730565936,0.081695556814413442,0.40500432443337436,0.13745505544073769
0.02,1.3599999999999999,0.58666666666666667,0.017549573015341616,0.27120834907123098,0.40530538928413568,0.26819408042580939,0.76310267925127429,0.080109075053166071,0.40530538928413568,0.13711130885832631
0.02,1.3999999999999999,0.60333333333333339,0.017459325145989964,0.2713611558920202,0.40578821567531353,0.26885411956658667,0.75968164857841136,0.078585758837669328,0.40578821567531353,0.13693409610872689
0.02,1.4399999999999999,0.62,0.01739625208194167,0.27164001411066135,0.40639965142816903,0.26951927463501535,0.75734482556293703,0.077121413226239471,0.40639965142816903,0.13688037679315368
0.02,1.48,0.63666666666666671,0.017354020898015635,0.27201084800107883,0.40710219154615407,0.27018268709015048,0.75328041849174832,0.07571224214043544,0.40710219154615407,0.13691950445600359
0.02,1.5199999999999996,0.65333333333333321,0.017327986639567455,0.27244889981547199,0.40786870904948702,0.27083961846803006,0.74768200196752366,0.074354799116482795,0.40786870904948702,0.13702909058145693
0.02,1.5599999999999996,0.66999999999999993,0.017314667884520695,0.27293581154688318,0.40867919193482155,0.27148676077587675,0.74442396870807692,0.073045945478461938,0.40867919193482155,0.13719243115894478
0.02,1.5999999999999996,0.68666666666666654,0.017311407423627204,0.27345774289934871,0.40951864244510078,0.27212179909150414,0.74366178158312379,0.071782814623281968,0.40951864244510078,0.13739684335359667
0.02,1.6399999999999997,0.70333333333333325,0.017316145578622592,0.27400411739255404,0.41037567945499476,0.27274312412488139,0.74194231087395168,0.070562781370503286,0.41037567945499476,0.13763255533011337
0.02,1.6799999999999997,0.71999999999999997,0.017327264590671968,0.2745667634890343,0.41124158224226809,0.27334963750646757,0.73935735831596072,0.069383435534359689,0.41124158224226809,0.13789194473580055
0.02,1.7199999999999998,0.73666666666666658,0.017343479241830953,0.2751393120015273,0.4121096201947772,0.27394061638649986,0.73604629993403747,0.068242559035149586,0.4121096201947772,0.13816900380827735
0.02,1.7599999999999998,0.7533333333333333,0.017363758376896608,0.27571676441065845,0.41297457298054135,0.2745156171397658,0.73217962473234266,0.067138105993154867,0.41297457298054135,0.13845895584077555
0.02,1.7999999999999998,0.77000000000000002,0.017387267564726021,0.27629517791048963,0.41383238068435096,0.27507440554772261,0.7279354562071213,0.066068185348264766,0.41383238068435096,0.13875797513662835
0.02,1.8399999999999999,0.78666666666666663,0.01741332652430818,0.2768714318774545,0.41467988454343097,0.27561690533195293,0.72424466701901358,0.065031045628423712,0.41467988454343097,0.13906297921147803
0.02,1.8799999999999999,0.80333333333333334,0.01744137705788493,0.27744305223092502,0.41551463207169465,0.27614315968153919,0.7246913183772854,0.064025061554299337,0.41551463207169465,0.13937147239015546
0.02,1.9199999999999999,0.82000000000000006,0.017470958578878766,0.2780080776127245,0.41633472868170968,0.27665330213797029,0.72466160044857497,0.063048722219586406,0.41633472868170968,0.13968142654373938
0.02,1.9599999999999995,0.83666666666666656,0.017501689221438532,0.27856495628753464,0.41713872346173064,0.27714753434839207,0.72419315728746736,0.062100620628667835,0.41713872346173064,0.13999118911333858
0.02,1.9999999999999996,0.85333333333333317,0.017533251099636313,0.27911246587418909,0.41792552033219638,0.27762610891601458,0.72333133581820497,0.061179444407991362,0.41792552033219638,0.14029941141618177
0.02,2.0399999999999996,0.86999999999999988,0.017565378694258407,0.2796496502809539,0.41869430832693488,0.27808931609196191,0.72212712013279068,0.060283967535955128,0.41869430832693488,0.14060499223497297
0.02,2.0799999999999996,0.8866666666666666,0.017597849623289988,0.28017576974777048,0.4194445064441174,0.27853747339269386,0.7206344956630536,0.059413042959638361,0.4194445064441174,0.14090703305142357
0.02,2.1199999999999997,0.90333333333333321,0.017630477244532258,0.28069026095896049,0.42017571968980783,0.27897091746169467,0.71890766000943418,0.058565595986192411,0.42017571968980783,0.14120480222811319
0.02,2.1599999999999997,0.91999999999999993,0.017663104684667801,0.28119270499166582,0.42088770382999502,0.27938999767665845,0.71699849425047157,0.05774061835302307,0.42088770382999502,0.14149770615333657
0.02,2.1999999999999997,0.93666666666666665,0.017695599985513198,0.28168280139656476,0.42158033695590297,0.27979507111867641,0.71495459581035115,0.056937162894459256,0.42158033695590297,0.14178526583722659
0.02,2.2399999999999998,0.95333333333333325,0.017727852133098083,0.28216034711913707,0.42225359642522808,0.28018649861218209,0.71281801313950777,0.056154338734090987,0.42225359642522808,0.14206709781304599
0.02,2.2799999999999998,0.96999999999999997,0.017759767789627054,0.28262521926985096,0.42290754007574721,0.28056464161179251,0.71062466636682964,0.055391306941600923,0.42290754007574721,0.1423428984639547
0.02,2.3199999999999998,0.98666666666666669,0.017791268590515323,0.28307736098304026,0.42354229086554918,0.28092985976501783,0.70840433344483866,0.054647276601067607,0.42354229086554918,0.14261243110053132
0.040000000000000001,0.12,0.089999999999999997,0.012474500679890381,0.20799980292926568,0.31290379561340687,0.20980798536828238,0.32944758262232793,0.91710805060659906,0.31290379561340687,0.10309581024512447
0.040000000000000001,0.15999999999999998,0.10666666666666666,0.016588617579567224,0.25399474238812797,0.37631592472904135,0.24464236468182674,0.3951513744141098,0.91462878693136496,0.37631592472904135,0.13167356004721462
0.040000000000000001,0.19999999999999998,0.12333333333333332,0.020679779378334394,0.29356323935134387,0.42878168194873839,0.27043688519478903,0.44884994953023483,0.91211449798367983,0.42878168194873839,0.15834479675394933
0.040000000000000001,0.23999999999999999,0.14000000000000001,0.024746836565110335,0.32808810645261727,0.47289018116492593,0.28960414942461732,0.49354466460861263,0.90954059796551823,0.47289018116492593,0.18328603174030861
0.040000000000000001,0.27999999999999997,0.15666666666666665,0.028788312565812862,0.35856177222510455,0.51047280805908113,0.30382207166795311,0.5313101078213589,0.90688554132919696,0.51047280805908113,0.20665073639112802
0.040000000000000001,0.31999999999999995,0.17333333333333334,0.032802401577863426,0.38571684903176312,0.54286078436795215,0.31428787067237807,0.56362612354420449,0.90412902291825026,0.54286078436795215,0.22857291369557406
0.040000000000000001,0.35999999999999999,0.19,0.036786942257409021,0.41010717016756754,0.57104443818258799,0.3218745360300409,0.59157644464978365,0.90125068741968517,0.57104443818258799,0.24916990215254711
0.040000000000000001,0.39999999999999997,0.20666666666666667,0.040739369141703279,0.43215991527259079,0.59577523487767203,0.32723063921016254,0.61597254352573838,0.89822906816117309,0.59577523487767203,0.26854459566750949
0.040000000000000001,0.43999999999999995,0.22333333333333333,0.044656639707507634,0.45221017443562234,0.61763315117651163,0.33084595348177859,0.63743359239167863,0.89504057801986703,0.61763315117651163,0.28678719769473304
0.040000000000000001,0.47999999999999993,0.23999999999999999,0.048535131228206914,0.4705244596665723,0.63707233526051199,0.33309575118787932,0.65643963042043929,0.89165841383630362,0.63707233526051199,0.30397658407263267
0.040000000000000001,0.51999999999999991,0.25666666666666665,0.052370496970652387,0.48731702633482921,0.65445273775854107,0.33427142284742373,0.67336779941609037,0.88805123457124746,0.65445273775854107,0.32018131491111734
0.040000000000000001,0.55999999999999994,0.27333333333333332,0.056157464442174156,0.50276135850514037,0.67006241354882856,0.33460211008737645,0.68851753454542064,0.88418143671825322,0.67006241354882856,0.33546030346145211
0.040000000000000001,0.59999999999999987,0.28999999999999992,0.059889547211883762,0.51699827231984563,0.68413343355136236,0.3342703224630334,0.7021283171807895,0.88000276696299728,0.68413343355136236,0.34986311108832896
0.040000000000000001,0.6399999999999999,0.30666666666666664,0.063558622205789075,0.53014152063583497,0.69685326093171207,0.3334234805917542,0.71439222833518845,0.87545684930016265,0.69685326093171207,0.36342978033995788
0.040000000000000001,0.67999999999999994,0.32333333333333331,0.067154287798618817,0.54228137582355485,0.70837273177860671,0.33218271191010379,0.72546266268049231,0.87046788708265244,0.70837273177860671,0.37619001986850292
0.040000000000000001,0.71999999999999986,0.33999999999999991,0.07066284528427183,0.55348630309113567,0.71881124094032667,0.33064987569838211,0.73545991813163281,0.86493415550341013,0.71881124094032667,0.38816136524194456
0.040000000000000001,0.7599999999999999,0.35666666666666663,0.074065590098729456,0.56380236350614477,0.72825919238140413,0.32891365775051873,0.74447374630871377,0.8587134897003651,0.72825919238140413,0.3993455346308854
0.040000000000000001,0.79999999999999993,0.37333333333333329,0.07733572991626253,0.57324908899285909,0.73677694135634231,0.32705570472696638,0.75256199548880087,0.85159658134620575,0.73677694135634231,0.40972123662937593
0.040000000000000001,0.83999999999999986,0.38999999999999996,0.080432256902794208,0.58180831984556358,0.7443875525425464,0.32515846539396565,0.75974229145016947,0.84325262906044784,0.7443875525425464,0.41922908714858076
0.040000000000000001,0.87999999999999989,0.40666666666666662,0.083285941392254939,0.58939536143781135,0.75105481899749316,0.32331891511936356,0.76596686852925078,0.83310163598431064,0.75105481899749316,0.4277359038781296
0.040000000000000001,0.91999999999999982,0.42333333333333323,0.08575944034522677,0.59577177436295192,0.75661327936645684,0.32168301000700983,0.77104280408465697,0.81993784773838552,0.75661327936645684,0.43493026935944701
0.040000000000000001,0.95999999999999985,0.43999999999999995,0.087473088499296039,0.60014948699514958,0.76044377874055991,0.32058858349082064,0.77449636386412624,0.80019521318542453,0.76044377874055991,0.43985519524973926
0.040000000000000001,0.99999999999999989,0.45666666666666661,0.040486925552439663,0.37144200244694581,0.50580060769177271,0.2687172104896538,0.77596433073946103,0.098348621761344887,0.50580060769177271,0.23708339720211893
0.040000000000000001,1.0399999999999998,0.47333333333333327,0.025025447662935869,0.2863227604318182,0.40858320014735611,0.24452087943107584,0.77556648294167907,0.095983279423705284,0.40858320014735611,0.16406232071628027
0.040000000000000001,1.0799999999999998,0.48999999999999994,0.021812061240054449,0.26928744332319798,0.38946109225708087,0.24034729786776582,0.77360828228297263,0.093742900547132815,0.38946109225708087,0.14911379438931505
0.040000000000000001,1.1199999999999999,0.5066666666666666,0.020284738394388803,0.26164054772438949,0.38110180838625457,0.23892252132373021,0.77110583293729817,0.091616684690045996,0.38110180838625457,0.14217928706252436
0.040000000000000001,1.1599999999999997,0.52333333333333321,0.019386872437556494,0.25747034849628792,0.37671177675827577,0.23848285652397572,0.76776907886169454,0.089594691660376327,0.37671177675827577,0.13822892023430006
0.040000000000000001,1.1999999999999997,0.53999999999999992,0.018804253135544083,0.2550192715839677,0.37427265633090018,0.23850676949386498,0.76335071331625293,0.087668220123255106,0.37427265633090018,0.13576588683703519
0.040000000000000001,1.2399999999999998,0.55666666666666664,0.018404966721761212,0.25355224146958022,0.3729421057074509,0.23877972847574142,0.7606151695379515,0.0858296114838622,0.3729421057074509,0.13416237723170948
0.040000000000000001,1.2799999999999998,0.57333333333333336,0.01812244503426921,0.25270038590204724,0.37229863655169038,0.23919650129928624,0.75602283441521934,0.084072088595912267,0.37229863655169038,0.13310213525240414
0.040000000000000001,1.3199999999999998,0.58999999999999997,0.017918962646774575,0.25225599853511965,0.37210567288698299,0.23969934870372667,0.75340788724233143,0.082389624461047445,0.37210567288698299,0.13240632418325632
0.040000000000000001,1.3599999999999999,0.60666666666666669,0.017771356077723833,0.25209241658220088,0.37221942707475758,0.24025402098511339,0.74782992133957649,0.080776834640041928,0.37221942707475758,0.13196540608964419
0.040000000000000001,1.3999999999999999,0.62333333333333341,0.017664542936227948,0.25212775440001134,0.37254726106052088,0.24083901332101906,0.74569192127520334,0.07922888842085142,0.37254726106052088,0.13170824773950182
0.040000000000000001,1.4399999999999999,0.64000000000000001,0.017588252097064414,0.25230666838235261,0.37302678790050692,0.24144023903630868,0.74342656218213143,0.077741434935897968,0.37302678790050692,0.13158654886419824
0.040000000000000001,1.48,0.65666666666666673,0.017535237142716011,0.2525904310398403,0.37361451833775094,0.24204817459582126,0.73934165836988952,0.076310541291937387,0.37361451833775094,0.13156634374192969
0.040000000000000001,1.5199999999999996,0.67333333333333323,0.017500237507703281,0.25295118082768436,0.37427929643859181,0.24265623122181493,0.73357633418372359,0.074932640429237724,0.37427929643859181,0.13162306521677689
0.040000000000000001,1.5599999999999996,0.68999999999999995,0.017479343423237766,0.25336841940257793,0.37499830817236102,0.24325977753956615,0.73246926017148906,0.073604486919530782,0.37499830817236102,0.13173853063279486
0.040000000000000001,1.5999999999999996,0.70666666666666655,0.017469591424159603,0.25382678767625788,0.37575455137792524,0.24385552740333477,0.7316849548937101,0.072323119286840251,0.37575455137792524,0.13189902397459047
0.040000000000000001,1.6399999999999997,0.72333333333333327,0.017468697687284374,0.25431460382483939,0.37653517498453554,0.24444114231939224,0.7299000425798734,0.071085827722718778,0.37653517498453554,0.1320940326651433
0.040000000000000001,1.6799999999999997,0.73999999999999999,0.017474877027979622,0.25482287338717152,0.37733035594822045,0.24501496512209789,0.72719422405346645,0.0698901262898321,0.37733035594822045,0.13231539082612256
0.040000000000000001,1.7199999999999998,0.7566666666666666,0.01748671691168617,0.25534460175499207,0.37813252013255094,0.24557583675511771,0.72370005401863424,0.068733728881345976,0.37813252013255094,0.13255668337743323
0.040000000000000001,1.7599999999999998,0.77333333333333332,0.0175030878172832,0.25587430600745587,0.37893578964905433,0.24612296728319699,0.71958896214223722,0.067614528339967506,0.37893578964905433,0.13281282236585734
0.040000000000000001,1.7999999999999998,0.79000000000000004,0.017523078231263107,0.25640766154961586,0.37973558318064848,0.24665584326206527,0.71504764122031816,0.066530578248536532,0.37973558318064848,0.13307973991858321
0.040000000000000001,1.8399999999999999,0.80666666666666664,0.017545946694547496,0.25694124192603174,0.38052832195359987,0.24717416005513632,0.71473776608968853,0.065480076990211258,0.38052832195359987,0.13335416189846355
0.040000000000000001,1.8799999999999999,0.82333333333333336,0.017571085892184049,0.25747232434686651,0.38131121016672032,0.24767777163970761,0.71513489310473477,0.064461353745398769,0.38131121016672032,0.1336334385270127
0.040000000000000001,1.9199999999999999,0.84000000000000008,0.017597995389501443,0.25799874234068093,0.38208206878628737,0.2481666528912129,0.71504030745361757,0.0634728561484319,0.38208206878628737,0.13391541589507447
0.040000000000000001,1.9599999999999995,0.85666666666666658,0.01762626068202755,0.25851877278577762,0.38283920825249479,0.24864087093343432,0.71448991262492823,0.062513139372319546,0.38283920825249479,0.13419833731906047
0.040000000000000001,1.9999999999999996,0.87333333333333318,0.017655536916412182,0.25903104835337398,0.3835813299358154,0.24910056316488283,0.71352810038544245,0.061580856446903712,0.3835813299358154,0.13448076677093257
0.040000000000000001,2.0399999999999996,0.8899999999999999,0.017685536111341209,0.25953448897639436,0.38430744910917164,0.24954592026555453,0.71220583300356977,0.060674749646186313,0.38430744910917164,0.13476152884361711
0.040000000000000001,2.0799999999999996,0.90666666666666662,0.017716017036063198,0.26002824775256705,0.38501683423823219,0.24997717297133032,0.71057802616016863,0.059793642805596486,0.38501683423823219,0.13503966126690187
0.040000000000000001,2.1199999999999997,0.92333333333333323,0.017746777122651689,0.26051166788414049,0.38570895874268429,0.25039458171708762,0.70870064496351992,0.058936434450795147,0.38570895874268429,0.1353143770255967
0.040000000000000001,2.1599999999999997,0.93999999999999995,0.017777645955694813,0.26098424816817339,0.38638346241545318,0.25079842849455958,0.70662795791405741,0.058102091636879516,0.38638346241545318,0.13558503392089361
0.040000000000000001,2.1999999999999997,0.95666666666666667,0.01780847999279378,0.26144561515156317,0.38704012036560204,0.25118901042807773,0.70441030395327553,0.05728964441131057,0.38704012036560204,0.13585110993752431
0.040000000000000001,2.2399999999999998,0.97333333333333327,0.017839158255496132,0.26189550053290533,0.38767881788059189,0.2515666346953731,0.70209256687971588,0.056498180826035069,0.38767881788059189,0.13611218318521875
0.040000000000000001,2.2799999999999998,0.98999999999999999,0.017869578790278593,0.26233372272139505,0.38829952997490857,0.25193161450702706,0.69971338247870962,0.055726842434472082,0.38829952997490857,0.13636791546788155
0.059999999999999998,0.12,0.11,0.012483207839454481,0.19295035844590921,0.28743823423501069,0.18897575157820296,0.30080174197379372,0.91778035935086855,0.28743823423501069,0.098462482656807751
0.059999999999999998,0.15999999999999998,0.12666666666666665,0.016601502156628437,0.23712047727932323,0.34829461628558689,0.22234827801252732,0.36391200884252911,0.91537528074018693,0.34829461628558689,0.12594633827305957
0.059999999999999998,0.19999999999999998,0.14333333333333331,0.020697363468327783,0.27550826646756921,0.39934635175178779,0.24767617056843719,0.41630572043692876,0.91292880998261183,0.39934635175178779,0.1516701811833506
0.059999999999999998,0.23999999999999999,0.16,0.02476965225983075,0.3092792919186923,0.44276846416332588,0.26697834448926716,0.46048560752504775,0.91041991697235858,0.44276846416332588,0.17579011967405875
0.059999999999999998,0.27999999999999997,0.17666666666666664,0.02881693112606425,0.33928915034832247,0.48013565856212764,0.28169301642761035,0.49822839834469151,0.90782958945999992,0.48013565856212764,0.19844264213451726
0.059999999999999998,0.31999999999999995,0.19333333333333333,0.032837458036868279,0.36618153002658133,0.51261553838162399,0.29286801671008533,0.53083017795834131,0.90513950904579987,0.51261553838162399,0.21974752167153869
0.059999999999999998,0.35999999999999999,0.20999999999999999,0.03682915973297203,0.39045091980036628,0.54109172002345496,0.3012816004461773,0.55925837986411364,0.90233104780040474,0.54109172002345496,0.23981011957727766
0.059999999999999998,0.39999999999999997,0.22666666666666666,0.040789586032545185,0.41248399622148391,0.56624476942537461,0.30752154640778134,0.58424939275911159,0.8993844022212415,0.56624476942537461,0.25872322301759326
0.059999999999999998,0.43999999999999995,0.24333333333333332,0.044715842812601339,0.43258768483612992,0.5886068640505131,0.31203835842876637,0.60637319043971927,0.8962777397179047,0.5886068640505131,0.27656850562174673
0.059999999999999998,0.47999999999999993,0.26000000000000001,0.048604498422683218,0.45100862144188453,0.60859957572427681,0.31518190856478456,0.62607725608921805,0.89298625278046051,0.60859957572427681,0.29341766715949225
0.059999999999999998,0.51999999999999991,0.27666666666666662,0.052451454474074885,0.46794689259880662,0.62656050285214504,0.31722722050667679,0.64371709534293264,0.88948100951497422,0.62656050285214504,0.30933328234546825
0.059999999999999998,0.55999999999999994,0.29333333333333333,0.056251766306786445,0.48356585059271556,0.64276233784404657,0.31839297450266202,0.65957780704247748,0.8857274568378174,0.64276233784404657,0.32436936334138455
0.059999999999999998,0.59999999999999987,0.30999999999999994,0.0599993893014217,0.49799913388032657,0.65742665796703792,0.31885504817342264,0.67388951238292394,0.8816833645891986,0.65742665796703792,0.33857160979361528
0.059999999999999998,0.6399999999999999,0.32666666666666666,0.063686811446673833,0.5113555919720113,0.67073390859459081,0.31875663324515902,0.68683841442567939,0.87729587032976242,0.67073390859459081,0.3519772753494318
0.059999999999999998,0.67999999999999994,0.34333333333333332,0.067304503822177578,0.52372249976862273,0.68283049572908072,0.31821599192091593,0.69857458310821297,0.87249704069710166,0.68283049572908072,0.36461450380816479
0.059999999999999998,0.71999999999999986,0.35999999999999993,0.070840064938781422,0.53516716286072685,0.69383348024382141,0.31733263476618917,0.70921705434101801,0.86719688183303967,0.69383348024382141,0.37650084547763224
0.059999999999999998,0.7599999999999999,0.37666666666666665,0.07427681900348139,0.54573665530857784,0.70383294089930404,0.31619257118145233,0.71885633788179382,0.86127170859736424,0.70383294089930404,0.38764036971785171
0.059999999999999998,0.79999999999999993,0.39333333333333331,0.077591365254726,0.55545478060362874,0.71289144239229885,0.31487332357734021,0.72755370829333976,0.85454342283557194,0.71289144239229885,0.39801811881495863
0.059999999999999998,0.83999999999999986,0.40999999999999998,0.080748908122932062,0.56431381107111589,0.72103869020497435,0.31344975826771687,0.7353351069403159,0.84673915470461014,0.72103869020497435,0.40758893193725748
0.059999999999999998,0.87999999999999989,0.42666666666666664,0.083693226002261492,0.57225407809971363,0.72825560976446091,0.31200306332949462,0.7421730529750763,0.83740233753419224,0.72825560976446091,0.41625254643496629
0.059999999999999998,0.91999999999999982,0.44333333333333325,0.08632086216496028,0.57910781808516532,0.73442785093435448,0.31064006569837838,0.74793353607945334,0.82565673929377892,0.73442785093435448,0.4237877852359761
0.059999999999999998,0.95999999999999985,0.45999999999999996,0.088390135738430908,0.58439305141210141,0.73917105742320233,0.30955601202220195,0.75225729860316348,0.80933846511699148,0.73917105742320233,0.42961504540100037
0.059999999999999998,0.99999999999999989,0.47666666666666663,0.088747627376308216,0.58549498471589578,0.74026646242284388,0.30954295541389626,0.7547419168809314,0.77675214299379503,0.74026646242284388,0.43072350700894763
0.059999999999999998,1.0399999999999998,0.49333333333333329,0.027988171947485464,0.28487276415089718,0.3987338775036724,0.2277222267055504,0.75541258068643902,0.096880617029085916,0.3987338775036724,0.171011650798122
0.059999999999999998,1.0799999999999998,0.51000000000000001,0.022984215460678713,0.25831432141303456,0.36831340954732944,0.21999817626858981,0.75464632899035267,0.094596753923266816,0.36831340954732944,0.14831523327873963
0.059999999999999998,1.1199999999999999,0.52666666666666662,0.020987429901490568,0.24819252070086151,0.35694867784984041,0.21751231429795784,0.75290359268983986,0.092430740818240834,0.35694867784984041,0.13943636355188258
0.059999999999999998,1.1599999999999997,0.54333333333333322,0.019886558540513872,0.24294957760021796,0.35122799713887443,0.21655683907731296,0.75044507929714155,0.090372177362794223,0.35122799713887443,0.13467115806156146
0.059999999999999998,1.1999999999999997,0.55999999999999983,0.019194424711820455,0.23991117075004054,0.34804639551708161,0.21627044953408217,0.74691416122951093,0.088411977258538943,0.34804639551708161,0.13177594598299944
0.059999999999999998,1.2399999999999998,0.57666666666666666,0.018728007527525584,0.23807411320643079,0.34624031251967585,0.21633239862649012,0.74476459311249721,0.086542157524224353,0.34624031251967585,0.12990791389318573
0.059999999999999998,1.2799999999999998,0.59333333333333327,0.018400721656916089,0.23696564944092335,0.34526249056400737,0.21659368224616801,0.740991688266601,0.084755665406545888,0.34526249056400737,0.12866880831783936
0.059999999999999998,1.3199999999999998,0.60999999999999988,0.018165539979809939,0.23633034448706744,0.34481797874222342,0.21697526851031196,0.7387174105985147,0.083046238047223192,0.34481797874222342,0.12784271023191146
0.059999999999999998,1.3599999999999999,0.62666666666666671,0.01799444454888199,0.23601691787869128,0.34473258265875012,0.21743132956011765,0.73344996155155218,0.081408287842803115,0.34473258265875012,0.12730125309863247
0.059999999999999998,1.3999999999999999,0.64333333333333331,0.017869596043518659,0.23592966991183895,0.34489643893092464,0.21793353803817136,0.73229940838208263,0.079836808035487122,0.34489643893092464,0.12696290089275328
0.059999999999999998,1.4399999999999999,0.65999999999999992,0.017779053305391642,0.23600498835732639,0.34523675532710507,0.21846353393955736,0.7301549995547667,0.078327294373126743,0.34523675532710507,0.12677322138754771
0.059999999999999998,1.48,0.67666666666666675,0.017714505338969049,0.23619893535811354,0.34570342763106315,0.21900898454589926,0.72611834935672781,0.07687567964441111,0.34570342763106315,0.12669444308516389
0.059999999999999998,1.5199999999999996,0.69333333333333313,0.017669984255034576,0.23648022458725121,0.34626091450328672,0.21956137983207102,0.72067599173364671,0.075478278615235067,0.34626091450328672,0.1266995346712157
0.059999999999999998,1.5599999999999996,0.70999999999999996,0.017641093896302789,0.23682602507104525,0.34688339003092594,0.22011472991976139,0.72094627669829603,0.074131741432181611,0.34688339003092594,0.12676866011116456
0.059999999999999998,1.5999999999999996,0.72666666666666657,0.017624526489242526,0.23721933950756952,0.34755171955146841,0.22066476008779781,0.72016476152743003,0.072833013968032198,0.34755171955146841,0.1268869594636706
0.059999999999999998,1.6399999999999997,0.74333333333333318,0.017617748350223464,0.23764730417735103,0.34825150122813575,0.22120839410156942,0.71834378284753042,0.071579303896883426,0.34825150122813575,0.12704310712656633
0.059999999999999998,1.6799999999999997,0.76000000000000001,0.017618789028627783,0.23810005122835914,0.34897175710395167,0.22174341175118503,0.71554935773535711,0.070368051527680067,0.34897175710395167,0.12722834535276664
0.059999999999999998,1.7199999999999998,0.77666666666666662,0.017626096005864098,0.23856992649331682,0.3497040342429148,0.22226821549919593,0.71190464915687135,0.069196904612647839,0.3497040342429148,0.12743581874371887
0.059999999999999998,1.7599999999999998,0.79333333333333322,0.017638432216339161,0.23905093902369792,0.35044177283861422,0.22278166762983259,0.70757918698198119,0.068063696494305229,0.35044177283861422,0.12766010520878163
0.059999999999999998,1.7999999999999998,0.81000000000000005,0.017654802290835925,0.2395383657276301,0.35117985283771813,0.22328297422017604,0.70461169098217802,0.06696642707102668,0.35117985283771813,0.12789687861754209
0.059999999999999998,1.8399999999999999,0.82666666666666666,0.017674398512159892,0.24002846226994534,0.35191426275327914,0.22377160096666757,0.70549928956210917,0.065903246153665967,0.35191426275327914,0.12814266178661157
0.059999999999999998,1.8799999999999999,0.84333333333333327,0.017696560580745455,0.24051824829797436,0.35264185387455105,0.22424721115315338,0.70585649958922458,0.064872438859841286,0.35264185387455105,0.12839464272139767
0.059999999999999998,1.9199999999999999,0.8600000000000001,0.017720745230718711,0.24100534561022371,0.35336015526151104,0.22470961930257466,0.70570730374554791,0.063872412752240107,0.35336015526151104,0.12865053595893639
0.059999999999999998,1.9599999999999995,0.87666666666666648,0.017746502989949051,0.24148785467276709,0.35406723273828627,0.22515875613103836,0.7050855933556589,0.062901686475707624,0.35406723273828627,0.12890847660724791
0.059999999999999998,1.9999999999999996,0.89333333333333309,0.017773460198254695,0.24196425932730445,0.35476158021334825,0.2255946417720876,0.70403447854599333,0.061958879687372737,0.35476158021334825,0.12916693844126065
0.059999999999999998,2.0399999999999996,0.90999999999999992,0.01780130494532248,0.2424333524916516,0.35544203505706151,0.2260173651308198,0.70260455873568406,0.061042704106370825,0.35544203505706151,0.12942466992624171
0.059999999999999998,2.0799999999999996,0.92666666666666653,0.01782977597048022,0.24289417770426877,0.35610771162665189,0.22642706784476624,0.70085136921765046,0.060151955536449739,0.35610771162665189,0.12968064378188565
0.059999999999999998,2.1199999999999997,0.94333333333333313,0.017858653820843135,0.24334598273656183,0.35675794860496624,0.22682393173680884,0.69883240066188135,0.05928550673671782,0.35675794860496624,0.12993401686815739
0.059999999999999998,2.1599999999999997,0.95999999999999996,0.017887753753435924,0.2437881825110883,0.35739226698507409,0.22720816894797158,0.69660415815872734,0.058442301034157706,0.35739226698507409,0.13018409803710251
0.059999999999999998,2.1999999999999997,0.97666666666666657,0.017916919993862395,0.24422032924929959,0.35801033631985729,0.22758001414111537,0.69421966565374171,0.057621346586840427,0.35801033631985729,0.13043032217874193
0.059999999999999998,2.2399999999999998,0.99333333333333318,0.017946021061149769,0.24464208829167164,0.35861194745158304,0.22793971831982279,0.69172666752513534,0.05682171121960574,0.35861194745158304,0.13067222913176024
0.080000000000000002,0.12,0.13,0.012491332603203637,0.18001896131446504,0.26580920197515279,0.17158048132137549,0.27676042365541725,0.91840248920679035,0.26580920197515279,0.094228720653777312
0.080000000000000002,0.15999999999999998,0.14666666666666667,0.016613514807805058,0.22243294381086284,0.32416781642052606,0.20346974521932643,0.33727681469706494,0.91606613751923549,0.32416781642052606,0.12069807120119964
0.080000000000000002,0.19999999999999998,0.16333333333333333,0.020713766241948824,0.25962381249313138,0.37370998254711901,0.22817234010797532,0.38819301949291191,0.91368350854686564,0.37370998254711901,0.14553764243914369
0.080000000000000002,0.23999999999999999,0.17999999999999999,0.024790957549889407,0.29258166871176194,0.41627721053088701,0.24739108363825019,0.43161266675749671,0.91123635222685939,0.41627721053088701,0.16888612689263682
0.080000000000000002,0.27999999999999997,0.19666666666666666,0.028843686669974913,0.3220477339926891,0.45323005917324721,0.26236465036111623,0.46906390494668299,0.90870772455445048,0.45323005917324721,0.19086540881213099
0.080000000000000002,0.31999999999999995,0.21333333333333332,0.03287026882985563,0.34858903270914998,0.4855951223399752,0.27401217926165039,0.50168347601964447,0.90608098807293291,0.4855951223399752,0.21158294307832481
0.080000000000000002,0.35999999999999999,0.22999999999999998,0.036868709958233888,0.37264742493603298,0.51416119086316592,0.28302753185426582,0.53033424765363268,0.90333901504219127,0.51416119086316592,0.23113365900890009
0.080000000000000002,0.39999999999999997,0.24666666666666665,0.040836663580753246,0.39457271379742376,0.53954393780039611,0.28994244800594471,0.55568267122949833,0.90046346918879361,0.53954393780039611,0.24960148979445143
0.080000000000000002,0.43999999999999995,0.26333333333333331,0.04477136893179523,0.41464554314124158,0.56223049178751494,0.29516989729254678,0.57825123212335294,0.89743407545029341,0.56223049178751494,0.26706059449496816
0.080000000000000002,0.47999999999999993,0.27999999999999997,0.048669565559497314,0.43309355598321198,0.58261079682449612,0.29903448168256824,0.59845479958761938,0.89422779648173023,0.58261079682449612,0.28357631514192788
0.080000000000000002,0.51999999999999991,0.29666666666666663,0.052527376520559117,0.45010297854724313,0.60100006585937438,0.30179417462426256,0.61662631473193397,0.89081782578742386,0.60100006585937438,0.29920589123511182
0.080000000000000002,0.55999999999999994,0.3133333333333333,0.056340147556630665,0.46582700756092776,0.61765508138998004,0.30365614765810461,0.63303522706831405,0.88717227901723927,0.61765508138998004,0.31399893373187543
0.080000000000000002,0.59999999999999987,0.32999999999999996,0.060102222102196928,0.48039188417701506,0.63278613230645642,0.30478849625888266,0.64790086059820595,0.88325240901044555,0.63278613230645642,0.32799763604757376
0.080000000000000002,0.6399999999999999,0.34666666666666668,0.063806619163693748,0.49390120879029137,0.64656575369433766,0.30532908980809259,0.66140211345706301,0.8790100673529645,0.64656575369433766,0.34123666388624507
0.080000000000000002,0.67999999999999994,0.36333333333333334,0.06744455817801033,0.50643880708289779,0.65913500774728984,0.30539240132878404,0.67368437211348375,0.87438394441692957,0.65913500774728984,0.3537426064185058
0.080000000000000002,0.71999999999999986,0.37999999999999995,0.071004731540326951,0.51807023554548959,0.67060770879585674,0.30507494650073425,0.68486412247964434,0.86929375083344063,0.67060770879585674,0.36553276229512249
0.080000000000000002,0.7599999999999999,0.39666666666666667,0.074472137739365923,0.52884273728248687,0.68107265935769545,0.30445984415041727,0.69503135109791192,0.86363074505157511,0.68107265935769545,0.37661281520727818
0.080000000000000002,0.79999999999999993,0.41333333333333333,0.077826095973041756,0.53878297676970699,0.69059348007718924,0.30362100661496449,0.70424927871502174,0.85724132551856458,0.69059348007718924,0.38697247346222474
0.080000000000000002,0.83999999999999986,0.42999999999999999,0.081036598018306039,0.54789080398038381,0.69920463140386979,0.30262765484697196,0.71254985001419147,0.84989625411929459,0.69920463140386979,0.39657697655689783
0.080000000000000002,0.87999999999999989,0.44666666666666666,0.08405686531080736,0.55612436015305655,0.70689962248096516,0.30155052465581728,0.71992042596639705,0.84122636223759129,0.70689962248096516,0.40534909782514789
0.080000000000000002,0.91999999999999982,0.46333333333333326,0.086805670342096436,0.56336195020370616,0.71359869519628305,0.30047348998515389,0.7262670775085126,0.83056549373775923,0.71359869519628305,0.41312520521112917
0.080000000000000002,0.95999999999999985,0.47999999999999998,0.089113567764530305,0.56928098161577267,0.71904344421771527,0.29952492520388518,0.73132247903098624,0.81645521531410337,0.71904344421771527,0.41951851901383008
0.080000000000000002,0.99999999999999989,0.49666666666666665,0.090447302496916127,0.57271623789050741,0.72223048061181883,0.29902848544262289,0.73471660249776449,0.79394516719373986,0.72223048061181883,0.42320199516919593
0.080000000000000002,1.0399999999999998,0.51333333333333331,0.033866763941814711,0.30060421807344484,0.41064060445434164,0.22007277276179363,0.73638008956858791,0.097744199371271323,0.41064060445434164,0.19056783169254801
0.080000000000000002,1.0799999999999998,0.52999999999999992,0.024523304559132233,0.25140766847342644,0.3534951274589655,0.20417491797107812,0.73657695731977912,0.09541779350086918,0.3534951274589655,0.14932020948788738
0.080000000000000002,1.1199999999999999,0.54666666666666663,0.021810103008511654,0.23761207229771386,0.33770281032909583,0.20018147606276393,0.73559246348173435,0.093212906082425495,0.33770281032909583,0.1375213342663319
0.080000000000000002,1.1599999999999997,0.56333333333333324,0.020440341127552535,0.23099717329873154,0.33029539233075023,0.19859643806403735,0.7339525307432111,0.091118676647375246,0.33029539233075023,0.13169895426671288
0.080000000000000002,1.1999999999999997,0.57999999999999985,0.019613095367542129,0.22726371423939878,0.32624284477899962,0.1979582610792017,0.73123383650769758,0.089125629667428277,0.32624284477899962,0.12828458369979792
0.080000000000000002,1.2399999999999998,0.59666666666666657,0.01906734431846676,0.22500952419281145,0.32390476030068494,0.197790472215747,0.72968380974325708,0.087225455012912706,0.32390476030068494,0.12611428808493794
0.080000000000000002,1.2799999999999998,0.61333333333333329,0.018688667128610885,0.22362126523648668,0.3225644028302635,0.19788627518755364,0.72662009975085762,0.085410822695058244,0.3225644028302635,0.12467812764270986
0.080000000000000002,1.3199999999999998,0.62999999999999989,0.018417845498206249,0.22278273224378284,0.32185293165972451,0.19814039883188334,0.72472576681270606,0.083675233188712742,0.32185293165972451,0.12371253282784118
0.080000000000000002,1.3599999999999999,0.64666666666666661,0.018220755895168195,0.22231261363151444,0.32155932968420781,0.19849343210538672,0.71985526125490418,0.082012895505915839,0.32155932968420781,0.12306589757882108
0.080000000000000002,1.3999999999999999,0.66333333333333333,0.01807619533126624,0.22209888565379704,0.32155355194482854,0.19890933258206303,0.71945822840018026,0.080418627037146556,0.32155355194482854,0.12264421936276551
0.080000000000000002,1.4399999999999999,0.67999999999999994,0.017970232105830271,0.22206840277022333,0.32175092418782619,0.1993650428352057,0.71747630982447819,0.078887770628320475,0.32175092418782619,0.12238588135262049
0.080000000000000002,1.48,0.69666666666666666,0.01789330957030337,0.22217133664570662,0.32209394171232564,0.19984521013323803,0.71354922535216414,0.077416125429729282,0.32209394171232564,0.12224873157908761
0.080000000000000002,1.5199999999999996,0.71333333333333315,0.017838644519907066,0.22237259078669952,0.3225422384282276,0.20033929528305613,0.70951465550786808,0.075999888842841631,0.3225422384282276,0.12220294314517147
0.080000000000000002,1.5599999999999996,0.72999999999999987,0.017801287052837449,0.22264677360134433,0.32306672052421831,0.20083989384574796,0.70983021970148119,0.074635607480676644,0.32306672052421831,0.12222682667847035
0.080000000000000002,1.5999999999999996,0.74666666666666648,0.017777541464028598,0.22297510977357221,0.32364596650075345,0.20134171345436247,0.70907424044234812,0.073320135502595973,0.32364596650075345,0.12230425304639098
0.080000000000000002,1.6399999999999997,0.7633333333333332,0.017764595034895653,0.22334346534038124,0.32426392804588683,0.20184092541101115,0.70724478084628051,0.072050599023632048,0.32426392804588683,0.12242300263487568
0.080000000000000002,1.6799999999999997,0.77999999999999992,0.017760271986814909,0.2237410417869703,0.32490841151528116,0.20233473945662173,0.70439297179601212,0.07082436555945977,0.32490841151528116,0.12257367205865945
0.080000000000000002,1.7199999999999998,0.79666666666666652,0.017762865682785269,0.22415948746366648,0.32557004582385518,0.20282111672037742,0.70063023997896989,0.069639017670685421,0.32557004582385518,0.12274892910347776
0.080000000000000002,1.7599999999999998,0.81333333333333324,0.017771021338779728,0.22459227783423863,0.32624156335974103,0.20329857105100479,0.6961213040682781,0.068492330128555823,0.32624156335974103,0.12294299230873622
0.080000000000000002,1.7999999999999998,0.82999999999999996,0.017783652266099206,0.22503427384010108,0.32691728809472315,0.20376602850924413,0.6956504104598511,0.067382250049149342,0.32691728809472315,0.12315125958547903
0.080000000000000002,1.8399999999999999,0.84666666666666657,0.017799878919532604,0.22548140119633675,0.32759276424696709,0.20422272610126072,0.69651861736484033,0.066306879542235131,0.32759276424696709,0.12337003814570638
0.080000000000000002,1.8799999999999999,0.86333333333333329,0.017818983794704837,0.22593041359282154,0.32826448238163214,0.2046681375776212,0.69684511478026623,0.065264460500337115,0.32826448238163214,0.12359634480401092
0.080000000000000002,1.9199999999999999,0.88,0.017840377551608985,0.22637871523858161,0.32892967437379989,0.20510191827043656,0.69665124373686738,0.064253361217265964,0.32892967437379989,0.12382775610336334
0.080000000000000002,1.9599999999999995,0.8966666666666665,0.017863573227248516,0.22682422610649947,0.32958615788581463,0.20552386355863034,0.69596863452700197,0.063272064577020434,0.32958615788581463,0.12406229432718431
0.080000000000000002,1.9999999999999996,0.91333333333333311,0.017888166368513626,0.22726527838824073,0.3302322170110466,0.20593387724561177,0.6948388006681675,0.062319157595948381,0.3302322170110466,0.12429833976543483
0.080000000000000002,2.0399999999999996,0.92999999999999983,0.017913819556208341,0.2277005360685698,0.33086650969054199,0.20633194724394438,0.69331163463481649,0.06139332213546398,0.33086650969054199,0.12453456244659761
0.080000000000000002,2.0799999999999996,0.94666666666666655,0.017940250230079051,0.22812893185777389,0.33148799521821143,0.20671812672087511,0.69144296352722834,0.060493326630842004,0.33148799521821143,0.12476986849733632
0.080000000000000002,2.1199999999999997,0.96333333333333315,0.017967221024046676,0.22854961730494319,0.33209587698980919,0.207092519369732,0.68929153453730929,0.05961801870499938,0.33209587698980919,0.12500335762007719
0.080000000000000002,2.1599999999999997,0.97999999999999987,0.017994532026598807,0.22896192300843099,0.33268955692156277,0.20745526782626356,0.68691590728170271,0.058766318555568006,0.33268955692156277,0.12523428909529921
0.080000000000000002,2.1999999999999997,0.99666666666666659,0.018022014538835875,0.22936532666710999,0.33326859892400379,0.20780654451378761,0.68437170485782572,0.057937213019718638,0.33326859892400379,0.12546205441021618
0.10000000000000001,0.12,0.15000000000000002,0.012498986869000825,0.16877899843226524,0.24721274555220549,0.15686749423988047,0.25629507585767841,0.91898482290291483,0.24721274555220549,0.090345251312325014
0.10000000000000001,0.15999999999999998,0.16666666666666669,0.016624813058709664,0.20952450923952787,0.30317762037935503,0.18730622227965429,0.31429639321230485,0.91671209061408421,0.30317762037935503,0.11587139809970073
0.10000000000000001,0.19999999999999998,0.18333333333333335,0.020729189084213614,0.24553303649450195,0.3511820446652143,0.2112980163414247,0.36366259837048298,0.91438937268644083,0.3511820446652143,0.1398840283237896
0.10000000000000001,0.23999999999999999,0.20000000000000001,0.024810996528511445,0.2776519234345603,0.39279695925177066,0.2302900716344207,0.40617593686320003,0.9120006235128425,0.39279695925177066,0.16250688761734997
0.10000000000000001,0.27999999999999997,0.21666666666666667,0.028868866043638659,0.30652657502176195,0.42920391026089622,0.24535467047826859,0.44315729552191607,0.90953060267746955,0.42920391026089622,0.18384923978262763
0.10000000000000001,0.31999999999999995,0.23333333333333334,0.03290116506231934,0.33265808148438669,0.46130833462782256,0.25730050628687179,0.47560627963047936,0.90696410188922139,0.46130833462782256,0.20400782834095077
0.10000000000000001,0.35999999999999999,0.25,0.036905971479962101,0.35644194495120185,0.48981543068030664,0.26674697145820958,0.50429306050985345,0.90428529947996594,0.48981543068030664,0.22306845922209709
0.10000000000000001,0.39999999999999997,0.26666666666666666,0.04088103292145296,0.37819476574554484,0.51528225124759408,0.27417497100409849,0.52982031095096072,0.90147715571906484,0.51528225124759408,0.24110728024349559
0.10000000000000001,0.43999999999999995,0.28333333333333333,0.044823709359684494,0.39817303124394687,0.53815425427012087,0.27996244605234805,0.55266599144307449,0.8985207812934447,0.53815425427012087,0.25819180821777282
0.10000000000000001,0.47999999999999993,0.29999999999999999,0.048730894821912257,0.41658658433218143,0.55879143265499132,0.28440969664561982,0.57321352755361521,0.89539471462610187,0.55879143265499132,0.27438173600937149
0.10000000000000001,0.51999999999999991,0.31666666666666665,0.052598911241988268,0.43360841345205914,0.57748729089590511,0.2877577548876919,0.59177346877470105,0.89207403395286933,0.57748729089590511,0.28972953600821322
0.10000000000000001,0.55999999999999994,0.33333333333333331,0.056423363557523074,0.44938182863585696,0.5944827969377483,0.29020193660378263,0.60859924821924549,0.88852920542480729,0.5944827969377483,0.30428086033396567
0.10000000000000001,0.59999999999999987,0.34999999999999998,0.060198938864021563,0.46402571689451444,0.60997671554458355,0.29190199730013816,0.62389874905682219,0.88472452208685703,0.60997671554458355,0.31807471824444539
0.10000000000000001,0.6399999999999999,0.3666666666666667,0.063919121907928186,0.47763831787702493,0.62413325322010005,0.29298987068615029,0.63784279315771331,0.88061590534008494,0.62413325322010005,0.33114338253394976
0.10000000000000001,0.67999999999999994,0.3833333333333333,0.06757578067638173,0.49029976999344516,0.63708761026604155,0.29357568054519273,0.65057126141073318,0.87614768915789731,0.63708761026604155,0.34351192972084882
0.10000000000000001,0.71999999999999986,0.39999999999999991,0.071158541499712444,0.5020735019656799,0.64894976973296004,0.29375253553456038,0.66219724028170346,0.87124772105201165,0.64894976973296004,0.35519723419839966
0.10000000000000001,0.7599999999999999,0.41666666666666663,0.074653805435634935,0.51300632848846783,0.65980658588590302,0.29360051479487032,0.67280928082016911,0.86581954081762957,0.65980658588590302,0.3662060710910327
0.10000000000000001,0.79999999999999993,0.43333333333333335,0.078043114309936421,0.5231267451291004,0.66972185918754878,0.29319022811689682,0.68247143028922463,0.85972916504597097,0.66972185918754878,0.37653163107065196
0.10000000000000001,0.83999999999999986,0.44999999999999996,0.081300241576175089,0.53244014144475038,0.67873335482235442,0.29258642675520813,0.69121987155552111,0.8527810942915619,0.67873335482235442,0.38614692806714629
0.10000000000000001,0.87999999999999989,0.46666666666666667,0.084385510389573745,0.54091765813732007,0.68684390827573316,0.29185250027682608,0.6990529434715933,0.84467039903845476,0.68684390827573316,0.39499140799890708
0.10000000000000001,0.91999999999999982,0.48333333333333328,0.087233146497390085,0.5484692372098916,0.69399818236428412,0.29105789030878515,0.70590491270142264,0.83487327611533102,0.69399818236428412,0.40294029205549897
0.10000000000000001,0.95999999999999985,0.5,0.089716829211071408,0.55486673315489177,0.70001432057386903,0.29029517483795447,0.7115779645136403,0.82233924631182498,0.70001432057386903,0.40971914573591456
0.10000000000000001,0.99999999999999989,0.51666666666666661,0.091513456048887359,0.5594295972283343,0.70430049429737274,0.28974179413807699,0.71573714610890349,0.80421571058698516,0.70430049429737274,0.41455870015929575
0.10000000000000001,1.0399999999999998,0.53333333333333333,0.062573867942464362,0.43504667613682058,0.56327938144132816,0.25646541060901512,0.71826623447815952,0.09857529317123255,0.56327938144132816,0.30681397083231304
0.10000000000000001,1.0799999999999998,0.54999999999999993,0.026716290804420284,0.24943881404331489,0.34569357491854735,0.19250952175046493,0.71933784722541116,0.096215033534360131,0.34569357491854735,0.15318405316808242
0.10000000000000001,1.1199999999999999,0.56666666666666665,0.022803821022618735,0.22963250324507672,0.32269946605018718,0.18613392561022088,0.71909110819702915,0.093971790168461286,0.32269946605018718,0.1365655404399663
0.10000000000000001,1.1599999999999997,0.58333333333333326,0.021064917165961761,0.22119063881065026,0.31306349355434304,0.18374570948738558,0.71821301580412822,0.09184242594484536,0.31306349355434304,0.12931778406695746
0.10000000000000001,1.1999999999999997,0.59999999999999987,0.02006780099618018,0.21661575963275798,0.30796587940973086,0.18270023955394576,0.71638390051760303,0.089817068110759749,0.30796587940973086,0.12526563985578509
0.10000000000000001,1.2399999999999998,0.61666666666666659,0.019427197418011837,0.21388465954208213,0.30502492074114745,0.18228052239813061,0.71528751912476229,0.087887073549834757,0.30502492074114745,0.12274439834301684
0.10000000000000001,1.2799999999999998,0.6333333333333333,0.018989051544125488,0.21218868792187925,0.30328905834132158,0.18220074083888466,0.7128525910664687,0.086044830822625415,0.30328905834132158,0.12108831750243694
0.10000000000000001,1.3199999999999998,0.64999999999999991,0.018677926171217708,0.21113285585158242,0.30229404584090575,0.18232237997864667,0.71136233697988183,0.084283600724110577,0.30229404584090575,0.11997166586225907
0.10000000000000001,1.3599999999999999,0.66666666666666663,0.018451939555650075,0.21049871069688242,0.30178356532568912,0.1825697092576134,0.70712359130382463,0.082597386760796129,0.30178356532568912,0.1192138560680757
0.10000000000000001,1.3999999999999999,0.68333333333333335,0.018285754298702266,0.2101547219527882,0.30160360911456852,0.18289777432356064,0.70712697205721331,0.080980829014350664,0.30160360911456852,0.11870583479100787
0.10000000000000001,1.4399999999999999,0.69999999999999996,0.018163052855127457,0.21001664720680568,0.30165577398898297,0.18327825356435454,0.70534147892819321,0.079429116467271604,0.30165577398898297,0.11837752042462843
0.10000000000000001,1.48,0.71666666666666667,0.018072814741986128,0.21002794267065644,0.30187418777362479,0.1836924902059367,0.70157727319829877,0.0779379140405249,0.30187418777362479,0.11818169756768809
0.10000000000000001,1.5199999999999996,0.73333333333333317,0.018007313722137045,0.21014924096268683,0.30221312485772506,0.18412776779007645,0.6987213012790926,0.076503301457301401,0.30221312485772506,0.11808535706764862
0.10000000000000001,1.5599999999999996,0.74999999999999989,0.017960967707682695,0.21035232048893768,0.3026399145595981,0.18457518814132085,0.6990978434488252,0.075121721690001003,0.3026399145595981,0.11806472641827724
0.10000000000000001,1.5999999999999996,0.7666666666666665,0.017929642909367428,0.21061646435117648,0.30313066358844465,0.18502839847453634,0.69838795249307073,0.073789937231192412,0.30313066358844465,0.1181022651139083
0.10000000000000001,1.6399999999999997,0.78333333333333321,0.017910214395165734,0.21092616588703234,0.30366756323854194,0.18548279470301923,0.69657564614230061,0.07250499279683556,0.30366756323854194,0.11818476853552271
0.10000000000000001,1.6799999999999997,0.79999999999999993,0.017900278455375375,0.21126963007307195,0.30423713240291855,0.1859350046596932,0.69369636254127698,0.071264183351993943,0.30423713240291855,0.11830212774322534
0.10000000000000001,1.7199999999999998,0.81666666666666654,0.017897958536642621,0.21163776456476469,0.30482903583696402,0.18638254254439868,0.68984775040768365,0.070065026567529401,0.30482903583696402,0.11844649329256536
0.10000000000000001,1.7599999999999998,0.83333333333333326,0.017901770846282937,0.21202348242047403,0.30543526829191864,0.18682357174288919,0.68551122598562564,0.068905238986584794,0.30543526829191864,0.11861169654902945
0.10000000000000001,1.7999999999999998,0.84999999999999998,0.017910529143682897,0.21242120915784055,0.30604957830278057,0.18725673828988004,0.68692886542455778,0.067782715313673123,0.30604957830278057,0.11879284001290052
0.10000000000000001,1.8399999999999999,0.86666666666666659,0.017923275946108465,0.21282652731096854,0.30666705311602954,0.187681051610122,0.68778553124591024,0.066695510345293502,0.30666705311602954,0.11898600150590753
0.10000000000000001,1.8799999999999999,0.8833333333333333,0.017939231936467577,0.21323591558966187,0.30728381439756602,0.1880957976158083,0.68809010183668162,0.065641823145773048,0.30728381439756602,0.11918801678175771
0.10000000000000001,1.9199999999999999,0.90000000000000002,0.017957758176364375,0.2136465544921517,0.30789679170122713,0.18850047441815088,0.68786114340829396,0.064619983139940967,0.30789679170122713,0.11939631728307626
0.10000000000000001,1.9599999999999995,0.91666666666666652,0.017978327479599255,0.21405617939146188,0.30850355144944019,0.18889474411595664,0.68712780188977363,0.063628437849239869,0.30850355144944019,0.11960880733348354
0.10000000000000001,1.9999999999999996,0.93333333333333313,0.018000502456556402,0.21446296814340177,0.30910216625298775,0.18927839621917197,0.68592969488933953,0.062665742042513239,0.30910216625298775,0.11982377003381577
0.10000000000000001,2.0399999999999996,0.94999999999999984,0.018023918479505848,0.21486545412702363,0.30969111392913501,0.18965131960422277,0.68431566544736366,0.061730548109152961,0.30969111392913501,0.12003979432491223
0.10000000000000001,2.0799999999999996,0.96666666666666656,0.018048270327382116,0.21526245827659243,0.31026919868189229,0.19001348081059971,0.68234149171062841,0.060821597492254992,0.31026919868189229,0.12025571787129256
0.10000000000000001,2.1199999999999997,0.98333333333333317,0.018073301619274541,0.21565303548586842,0.31083548904260339,0.19036490711346993,0.68006688350497713,0.059937713044141888,0.31083548904260339,0.12047058192913347
0.10000000000000001,2.1599999999999997,0.99999999999999989,0.018098796377409614,0.21603643197396294,0.31138926858453719,0.19070567322114848,0.67755224222167754,0.059077792187112628,0.31138926858453719,0.12068359536338871
0.12,0.12,0.16999999999999998,0.012506253371228685,0.15891236648124427,0.23105421949368413,0.14428370602487972,0.23866242381321948,0.91953486288732478,0.23105421949368413,0.086770513468804406
0.12,0.15999999999999998,0.18666666666666665,0.01663551583988199,0.19808406082825125,0.28475043157862095,0.17333274150073941,0.2942658346475055,0.91732109358099001,0.28475043157862095,0.11141769007788153
0.12,0.19999999999999998,0.20333333333333331,0.020743786750551354,0.23294260232885139,0.33122964991576992,0.19657409517383703,0.34206949364819694,0.91505455824245097,0.33122964991576992,0.13465555474193289
0.12,0.23999999999999999,0.22,0.024829959601038284,0.26421828150655324,0.37184160462051707,0.21524664622792769,0.38359490683915171,0.91272098431855342,0.37184160462051707,0.15659495839258938
0.12,0.27999999999999997,0.23666666666666664,0.028892695859882311,0.29247592788400323,0.40761764844154674,0.23028344111508706,0.41998975675268008,0.9103065487596792,0.40761764844154674,0.17733420732645969
0.12,0.31999999999999995,0.2533333333333333,0.032930411133300662,0.31815991097090784,0.43935913091893941,0.24239843989606316,0.45213592111830192,0.90779726651455372,0.43935913091893941,0.19696069102287625
0.12,0.35999999999999999,0.27000000000000002,0.036941249313133896,0.34162502120901356,0.46769783718059527,0.25214563194316342,0.48072198429003105,0.90517845798925201,0.46769783718059527,0.21555220523743182
0.12,0.39999999999999997,0.28666666666666663,0.040923044039152166,0.36315814261817281,0.49313825754921148,0.25996022986207729,0.50629314466529063,0.90243423296889436,0.49313825754921148,0.23317802768713419
0.12,0.43999999999999995,0.30333333333333334,0.044873265319684136,0.38299375944728392,0.51608773371682914,0.26618794853909045,0.52928631650033364,0.89954693913326311,0.51608773371682914,0.24989978517773867
0.12,0.47999999999999993,0.31999999999999995,0.048788947453518201,0.40132523104085627,0.53687832528367929,0.2711061884856461,0.55005528314271157,0.89649652322197615,0.53687832528367929,0.26577213679803319
0.12,0.51999999999999991,0.33666666666666667,0.052666592121497498,0.4183130912168106,0.55578289715941154,0.27493961188520194,0.5688890056204533,0.89325974315856416,0.55578289715941154,0.2808432852742096
0.12,0.55999999999999994,0.35333333333333328,0.056502037157916268,0.43409120024244574,0.57302708494694066,0.27787176940898983,0.58602511237358645,0.88980914802691591,0.57302708494694066,0.29515531553795082
0.12,0.59999999999999987,0.36999999999999994,0.060290276225488174,0.44877129656237985,0.58879824971618144,0.28005390630760318,0.60165991139445629,0.88611170399743588,0.58879824971618144,0.30874434340857826
0.12,0.6399999999999999,0.38666666666666666,0.064025205877062868,0.46244630035589684,0.60325216669473991,0.28161173267768608,0.61595581429377066,0.88212687620459596,0.60325216669473991,0.32164043401705383
0.12,0.67999999999999994,0.40333333333333332,0.06769926135501729,0.47519257090652078,0.61651792985632392,0.28265071789960627,0.62904674491451085,0.87780385507728997,0.61651792985632392,0.33386721195671765
0.12,0.71999999999999986,0.41999999999999993,0.071302874959890558,0.48707118052832521,0.62870134246325549,0.28326032386986061,0.64104185520406132,0.87307739040201204,0.62870134246325549,0.34544101859339488
0.12,0.7599999999999999,0.43666666666666665,0.074823637858683761,0.49812809744885023,0.63988685000313639,0.28351750510857227,0.6520276253075773,0.86786125626970922,0.63988685000313639,0.35636934489456412
0.12,0.79999999999999993,0.45333333333333331,0.078244937119128541,0.50839289168664203,0.65013777744526857,0.28348977151725319,0.66206809188812854,0.86203745026152534,0.65013777744526857,0.36664800592801539
0.12,0.83999999999999986,0.46999999999999997,0.081543595357399579,0.51787500736617698,0.65949408272168453,0.28323815071101505,0.67120232963704451,0.85543713805117372,0.65949408272168453,0.37625593201066948
0.12,0.87999999999999989,0.48666666666666664,0.084685430399139547,0.52655525339226017,0.66796554307760847,0.28282057937069671,0.67943684625612533,0.8478040451670753,0.66796554307760847,0.38514496370691176
0.12,0.91999999999999982,0.50333333333333319,0.087615892137563239,0.53436614216435985,0.67551457977585838,0.28229687522299701,0.68672631800940498,0.83871537958292464,0.67551457977585838,0.39321770455286137
0.12,0.95999999999999985,0.52000000000000002,0.090236671866497808,0.54114024949959083,0.68200958384280652,0.28173866868643144,0.6929241069979275,0.82737848038507589,0.68200958384280652,0.40027091515637508
0.12,0.99999999999999989,0.53666666666666663,0.09232778995204427,0.5464323008363321,0.68706157170371662,0.28125854173476911,0.69775000557386313,0.8119266216824661,0.68706157170371662,0.40580302996894752
0.12,1.0399999999999998,0.55333333333333323,0.093022979879280307,0.54828251237580949,0.68887659552480551,0.28118816629799204,0.70101745473184363,0.78427471715859576,0.68887659552480551,0.40768842922681348
0.12,1.0799999999999998,0.56999999999999995,0.030304260737775639,0.25557670942556143,0.34842569977367693,0.185697980696231,0.7028758030877158,0.096995073997324044,0.34842569977367693,0.16272771907744593
0.12,1.1199999999999999,0.58666666666666667,0.024053459040057023,0.22426678618184429,0.31170610105394253,0.17487862974419649,0.7034098952018033,0.094713697737275337,0.31170610105394253,0.13682747130974604
0.12,1.1599999999999997,0.60333333333333328,0.02178344098079767,0.21326355858769414,0.29896591031209707,0.17140470344880585,0.70316257689750061,0.092549457905514387,0.29896591031209707,0.12756120686329123
0.12,1.1999999999999997,0.61999999999999988,0.020567850884138962,0.20764194091538035,0.29257863940768863,0.16987339698461654,0.70217380150676667,0.090492073696600242,0.29257863940768863,0.1227052424230721
0.12,1.2399999999999998,0.6366666666666666,0.019812320617663286,0.20435601829324346,0.28894248336786588,0.16917293014924487,0.70150708292569275,0.088532560798142312,0.28894248336786588,0.11976955321862101
0.12,1.2799999999999998,0.65333333333333332,0.019304754890548472,0.20231755454406444,0.28677030597994319,0.16890550287175748,0.69964109460415469,0.086663020124727083,0.28677030597994319,0.1178648031081857
0.12,1.3199999999999998,0.66999999999999993,0.018947767799364464,0.20102744085067734,0.28547212513770687,0.16888936857405906,0.69856687072863399,0.084876468102364308,0.28547212513770687,0.11658275656364782
0.12,1.3599999999999999,0.68666666666666665,0.01868950628697073,0.2002206479220226,0.28473503070949746,0.16902876557494975,0.6950593960977659,0.083166699177225439,0.28473503070949746,0.11570626513454771
0.12,1.3999999999999999,0.70333333333333337,0.018499509686154571,0.19974208031786439,0.28437620569973454,0.1692682507637403,0.69526835667520104,0.081528173427862269,0.28437620569973454,0.11510795493599423
0.12,1.4399999999999999,0.71999999999999997,0.018358583467898142,0.19949446191275039,0.28428121329162764,0.16957350275775451,0.69370614982847201,0.079955923936190845,0.28428121329162764,0.11470771053387312
0.12,1.48,0.73666666666666669,0.018253978889177278,0.19941353314494825,0.28437462996118817,0.16992219363247985,0.69014994422851184,0.078445479861497816,0.28437462996118817,0.11445243632870834
0.12,1.5199999999999996,0.75333333333333319,0.018176874945595611,0.19945510610631426,0.28460472473919063,0.17029923726575275,0.68827620706702308,0.07699280210606918,0.28460472473919063,0.11430548747343787
0.12,1.5599999999999996,0.76999999999999991,0.018120965671647279,0.19958781181670307,0.28493488052401478,0.17069413741462341,0.68872740139857291,0.075594229161166107,0.28493488052401478,0.11424074310939138
0.12,1.5999999999999996,0.78666666666666651,0.018081621356476268,0.19978880095585461,0.28533851251684084,0.17109942312197243,0.68808196473934236,0.074246431246982367,0.28533851251684084,0.1142390893948684
0.12,1.6399999999999997,0.80333333333333323,0.018055367024323182,0.20004107552750697,0.2857959168977951,0.17150968274057626,0.68631037674472983,0.07294637125792984,0.2857959168977951,0.11428623415721882
0.12,1.6799999999999997,0.81999999999999995,0.018039545512965934,0.20033176822559406,0.28629224047662777,0.17192094450206744,0.68343196962535935,0.071691271328875011,0.28629224047662777,0.11437129597456033
0.12,1.7199999999999998,0.83666666666666656,0.018032092666846054,0.20065099653930157,0.28681612972023773,0.17233026636187232,0.67952893377450585,0.0704785840728651,0.28681612972023773,0.11448586335836541
0.12,1.7599999999999998,0.85333333333333328,0.018031383134394976,0.20099107824844856,0.2873588066710438,0.17273545684519048,0.67701760091476537,0.069305967723809966,0.2873588066710438,0.11462334982585333
0.12,1.7999999999999998,0.87,0.018036122032499005,0.20134598133661855,0.287913421576173,0.17313488047910891,0.67843769607746807,0.068171264561121908,0.287913421576173,0.1147785410970641
0.12,1.8399999999999999,0.8866666666666666,0.018045267231977146,0.20171093016116687,0.28847458983375679,0.17352731934517987,0.6792902082944825,0.067072482106843592,0.28847458983375679,0.11494727048857692
0.12,1.8799999999999999,0.90333333333333332,0.018057972570304615,0.20208211826217745,0.28903805464196669,0.17391187275957848,0.67958120670985367,0.066007776676164101,0.28903805464196669,0.11512618188238823
0.12,1.9199999999999999,0.92000000000000004,0.018073545676599027,0.20245649552207401,0.2896004372298332,0.1742878834155184,0.67932637951516195,0.064975438934658458,0.2896004372298332,0.11531255381431479
0.12,1.9599999999999995,0.93666666666666654,0.018091416182234178,0.20283160810092882,0.29015904921469349,0.17465488222752937,0.67855219261530253,0.063973881173997174,0.29015904921469349,0.11550416698716412
0.12,1.9999999999999996,0.95333333333333314,0.01811111144839336,0.20320547651555737,0.29071174983176579,0.1750125466324168,0.67729608801762997,0.063001626065290195,0.29071174983176579,0.11569920319934898
0.12,2.0399999999999996,0.96999999999999986,0.018132237810093123,0.20357650167507804,0.29125683603026303,0.17536066871036998,0.67560552307138888,0.062057296687845008,0.29125683603026303,0.11589616731989306
0.12,2.0799999999999996,0.98666666666666658,0.018154465925278283,0.20394339169283426,0.29179295697882157,0.17569913057197462,0.67353587754138278,0.061139607662838782,0.29179295697882157,0.11609382640684694
0.14000000000000001,0.12,0.19,0.012513194698980159,0.15017687981126357,0.21688453450085945,0.13341530937919177,0.22331193810441358,0.92005817665622991,0.21688453450085945,0.083469225121667698
0.14000000000000001,0.15999999999999998,0.20666666666666667,0.016645714763316357,0.18786986372654602,0.26844425782606407,0.16114878819903608,0.27665071405795399,0.91789917633037399,0.26844425782606407,0.10729546962702799
0.14000000000000001,0.19999999999999998,0.22333333333333333,0.0207576802993636,0.22162059581096816,0.31343504183043946,0.18362889203894259,0.32291500785198807,0.91568536043646143,0.31343504183043946,0.12980614979149688
0.14000000000000001,0.23999999999999999,0.24000000000000002,0.024847997684231782,0.25206264216360708,0.35302434692318835,0.20192340951916257,0.36341309943750877,0.91340390225954793,0.35302434692318835,0.15110093740402578
0.14000000000000001,0.27999999999999997,0.25666666666666665,0.028915357758950086,0.27969276021929229,0.38811693790233442,0.21684835536608424,0.39914735973588555,0.91104217019279132,0.38811693790233442,0.17126858253625019
0.14000000000000001,0.31999999999999995,0.27333333333333332,0.032958220999826079,0.30490643650606924,0.41942460040281748,0.22903632779349645,0.43089857480200588,0.90858723395843832,0.41942460040281748,0.19038827260932104
0.14000000000000001,0.35999999999999999,0.29000000000000004,0.036974792274894495,0.32802273497836232,0.44751472560421374,0.23898398125170286,0.45928374986111697,0.90602541793907931,0.44751472560421374,0.20853074435251087
0.14000000000000001,0.39999999999999997,0.30666666666666664,0.040962984352011865,0.34930202636165858,0.47284486028876704,0.24708566785421693,0.4847966317757304,0.90334185529258959,0.47284486028876704,0.22575919243455012
0.14000000000000001,0.43999999999999995,0.32333333333333336,0.0449203681037533,0.36895886012176649,0.49578771561775542,0.25365771099197787,0.50783667618922512,0.90052000212008243,0.49578771561775542,0.24213000462577755
0.14000000000000001,0.47999999999999993,0.33999999999999997,0.048844105913880186,0.38717144568931844,0.51664954908215432,0.25895620678567177,0.5287301057967192,0.89754106901410258,0.51664954908215432,0.25769334229648255
0.14000000000000001,0.51999999999999991,0.35666666666666669,0.052730862843031481,0.40408871229348264,0.53568384953335402,0.2631902744797428,0.54774543611270321,0.89438331801527948,0.53568384953335402,0.27249357505361121
0.14000000000000001,0.55999999999999994,0.37333333333333329,0.056576687241744313,0.41983559611448962,0.55310162452563461,0.26653205682228992,0.56510504662553196,0.89102115440439711,0.55310162452563461,0.28656956770334469
0.14000000000000001,0.59999999999999987,0.38999999999999996,0.060376848019416542,0.434516988920851,0.56907917337225145,0.26912436890280095,0.58099385785121238,0.88742391010759625,0.56907917337225145,0.2999548044694505
0.14000000000000001,0.6399999999999999,0.40666666666666668,0.064125608459342343,0.44822063049543504,0.58376394463623926,0.27108662828160851,0.59556582666778402,0.88355415927511083,0.58376394463623926,0.31267731635463075
0.14000000000000001,0.67999999999999994,0.42333333333333334,0.067815903985127893,0.46101910825291459,0.59727886943087971,0.27251952235593019,0.60894872349320783,0.8793653079967797,0.59727886943087971,0.32475934707494952
0.14000000000000001,0.71999999999999986,0.43999999999999995,0.071438868976086312,0.47297101604778086,0.60972539204910814,0.27350875200265456,0.62124745550391725,0.87479802072242652,0.60972539204910814,0.33621664004645357
0.14000000000000001,0.7599999999999999,0.45666666666666667,0.074983115699375755,0.48412118875602206,0.62118524757382054,0.27412811763559691,0.63254600306900055,0.86977470293880621,0.62118524757382054,0.34705712993822363
0.14000000000000001,0.79999999999999993,0.47333333333333333,0.078433584077377452,0.49449971320781305,0.63172080299899802,0.27444217958236988,0.64290777384917175,0.86419056156447083,0.63172080299899802,0.35727862341662814
0.14000000000000001,0.83999999999999986,0.48999999999999999,0.081769598092089571,0.50411898886318862,0.6413733578484303,0.27450873797048336,0.65237370748157919,0.8578982285887703,0.6413733578484303,0.36686461987794694
0.14000000000000001,0.87999999999999989,0.5066666666666666,0.084961327054636646,0.51296711616638258,0.65015785538321824,0.27438147843367128,0.6609564004042715,0.85067920077445403,0.65015785538321824,0.37577637694954696
0.14000000000000001,0.91999999999999982,0.52333333333333321,0.087962658469185273,0.52099318050637944,0.65804990916242834,0.27411345731209774,0.66862563234321748,0.842185000336929,0.65804990916242834,0.3839364518503306
0.14000000000000001,0.95999999999999985,0.54000000000000004,0.090694599734760392,0.52807107264048903,0.66495266604723324,0.27376318681348849,0.6752722311593079,0.83179644832530364,0.66495266604723324,0.39118947923374475
0.14000000000000001,0.99999999999999989,0.55666666666666664,0.092996516114706301,0.53388941464882578,0.67059423322312572,0.2734096371486,0.68066459614385744,0.8181959864409345,0.67059423322312572,0.39718459607452572
0.14000000000000001,1.0399999999999998,0.57333333333333325,0.094397477979421204,0.53741999342018665,0.67402725010894471,0.27321451337751618,0.68460391378221486,0.79724949100108389,0.67402725010894471,0.40081273673142853
0.14000000000000001,1.0799999999999998,0.58999999999999997,0.038232452429546836,0.28362414521323276,0.37790547685554132,0.18856266328461715,0.68714301438754644,0.09776288783338162,0.37790547685554132,0.18934281357092417
0.14000000000000001,1.1199999999999999,0.60666666666666669,0.02571498255195755,0.22193226009805084,0.30503963541955209,0.16621475064300253,0.68846307403521878,0.095443378445384711,0.30503963541955209,0.13882488477654956
0.14000000000000001,1.1599999999999997,0.62333333333333329,0.022629811306878193,0.20708268821569065,0.28766143395957305,0.16115749148776484,0.68874784255436194,0.093244316350656858,0.28766143395957305,0.12650394247180821
0.14000000000000001,1.1999999999999997,0.6399999999999999,0.021125285132984315,0.20011604620476864,0.27962841289816187,0.15902473338678644,0.68852802245383793,0.091155000398614724,0.27962841289816187,0.12060367951137543
0.14000000000000001,1.2399999999999998,0.65666666666666662,0.020228334748177836,0.19617160407967926,0.27517383890936298,0.15800446965936746,0.68828674637463416,0.0891660949179508,0.27517383890936298,0.11716936924999552
0.14000000000000001,1.2799999999999998,0.67333333333333334,0.019638935243349889,0.1937465323065384,0.27251345708457225,0.1575338495560677,0.68694379725594967,0.087269405367520411,0.27251345708457225,0.11497960752850454
0.14000000000000001,1.3199999999999998,0.68999999999999995,0.019229408038666403,0.19220116483779631,0.27088787377270218,0.15737341786981174,0.68628805570845008,0.085457697762804943,0.27088787377270218,0.11351445590289044
0.14000000000000001,1.3599999999999999,0.70666666666666667,0.018934919279511606,0.19121120361261926,0.26991236624556852,0.15740232526589854,0.68342395278713985,0.083724552789110882,0.26991236624556852,0.11251004097966998
0.14000000000000001,1.3999999999999999,0.72333333333333338,0.018718602584686907,0.19059277144264583,0.26936905770669622,0.15755257252810079,0.68384886459246297,0.082064246847582789,0.26936905770669622,0.11181648517859545
0.14000000000000001,1.4399999999999999,0.73999999999999999,0.018557771302564738,0.19023314810010664,0.26912459625384055,0.15778289630746783,0.68253038404529576,0.080471654237107088,0.26912459625384055,0.11134169994637272
0.14000000000000001,1.48,0.75666666666666671,0.018437625984564093,0.19005914286954417,0.26909255943429716,0.15806683312950601,0.67921923768508785,0.078942166088376481,0.26909255943429716,0.11102572630479116
0.14000000000000001,1.5199999999999996,0.77333333333333321,0.018348069708054523,0.19002109152552096,0.26921443389338723,0.15838668473573253,0.67816098003018521,0.077471622697538475,0.26921443389338723,0.11082774915765468
0.14000000000000001,1.5599999999999996,0.78999999999999992,0.018281965024582143,0.1900841042303674,0.26944921661954024,0.1587302247783457,0.67869858493403257,0.076056256668667527,0.26944921661954024,0.11071899184119453
0.14000000000000001,1.5999999999999996,0.80666666666666653,0.018234119383738607,0.19022297705387536,0.26976737211282825,0.15908879011790578,0.67813382270754452,0.074692644843610115,0.26976737211282825,0.11067858199492246
0.14000000000000001,1.6399999999999997,0.82333333333333325,0.018200664517194889,0.190419083663113,0.27014714335033418,0.15945611937444237,0.67642437503756314,0.073377667427830459,0.27014714335033418,0.1106910239758918
0.14000000000000001,1.6799999999999997,0.83999999999999997,0.018178660927996988,0.19065839747967894,0.27057220602547782,0.15982761709159776,0.67357342870449621,0.072108473049039834,0.27057220602547782,0.11074458893388005
0.14000000000000001,1.7199999999999998,0.85666666666666658,0.018165837016848572,0.19093018925838495,0.27103012498519413,0.16019987145361833,0.66964643710162985,0.070882448738056561,0.27103012498519413,0.1108302535315758
0.14000000000000001,1.7599999999999998,0.87333333333333329,0.018160411902582614,0.19122614401354487,0.27151130846170551,0.16057032889632128,0.66873943905532507,0.06969719401766819,0.27151130846170551,0.11094097956538425
0.14000000000000001,1.7999999999999998,0.89000000000000001,0.018160972006282378,0.19153974699028634,0.27200828149994111,0.16093706901930954,0.67016793069286351,0.068550498438945673,0.27200828149994111,0.11107121248063158
0.14000000000000001,1.8399999999999999,0.90666666666666662,0.018166383177164656,0.19186584725862904,0.27251516999153441,0.16129864546581071,0.67102321378804519,0.067440322025775379,0.27251516999153441,0.1112165245257237
0.14000000000000001,1.8799999999999999,0.92333333333333334,0.018175726903350724,0.19220034151991944,0.27302732715935413,0.16165397127886935,0.67130855407555312,0.066364778184715673,0.27302732715935413,0.11137335588048478
0.14000000000000001,1.9199999999999999,0.94000000000000006,0.018188253208647066,0.19253994108700268,0.27354105854209348,0.16200223491018159,0.67103668831060514,0.065322118714436425,0.27354105854209348,0.11153882363191189
0.14000000000000001,1.9599999999999995,0.95666666666666655,0.018203345334664511,0.19288199753646582,0.27405341642064207,0.16234283776835251,0.6702312360253635,0.064310720611024066,0.27405341642064207,0.11171057865228957
0.14000000000000001,1.9999999999999996,0.97333333333333316,0.018220492896057042,0.19322437048873398,0.27456204407468804,0.16267534717190815,0.66892720671286787,0.063329074415757858,0.27456204407468804,0.11188669690277989
0.14000000000000001,2.0399999999999996,0.98999999999999988,0.018239271223367989,0.19356532611318875,0.27506505635968509,0.16299946049299269,0.66717034683812637,0.062375773892879474,0.27506505635968509,0.11206559586669242
0.16,0.12,0.21000000000000002,0.012519859153797958,0.14238477578420927,0.20435829896371355,0.12394704635900854,0.2098271351480058,0.92055899103077865,0.20435829896371355,0.080411252604705011
0.16,0.15999999999999998,0.22666666666666668,0.016655481647616224,0.1786911163997385,0.25391307750081821,0.15044392220215938,0.26103845161990219,0.918451001551565,0.25391307750081821,0.10346915529865883
0.16,0.19999999999999998,0.24333333333333335,0.020770965924269691,0.2113811270653268,0.29746612261408184,0.17216999109751008,0.30580742366348912,0.91628672345950746,0.29746612261408184,0.12529613151657176
0.16,0.23999999999999999,0.26000000000000001,0.024865232097613217,0.24100784140550052,0.33603356682457991,0.19005145083815878,0.34526656977361475,0.91405452455297198,0.33603356682457991,0.14598211598642113
0.16,0.27999999999999997,0.27666666666666667,0.028936999220408162,0.26801022070546443,0.3704129521397172,0.20480546286850554,0.38029577092326916,0.9117427849399421,0.3704129521397172,0.16560748927121166
0.16,0.31999999999999995,0.29333333333333333,0.032984769866208387,0.2927415092066758,0.4012387994745264,0.21699458053570117,0.4115888457025581,0.90933949077189025,0.4012387994745264,0.18424421893882523
0.16,0.35999999999999999,0.31,0.037006805592842341,0.31548939882147264,0.42902199885701697,0.22706520007108871,0.4397000533475221,0.90683185400863409,0.42902199885701697,0.20195679878592826
0.16,0.39999999999999997,0.32666666666666666,0.041001092363143768,0.33649063401703361,0.45417824822266922,0.2353752284112712,0.46507723913500543,0.90420592296030322,0.45417824822266922,0.21880301981139802
0.16,0.43999999999999995,0.34333333333333332,0.044965293981635387,0.35594175749080437,0.47704891897647489,0.2422143229713411,0.48808587960060418,0.90144615092964708,0.47704891897647489,0.23483459600513379
0.16,0.47999999999999993,0.35999999999999999,0.048896690374290584,0.37400711953519766,0.4979165797336163,0.24781892039683728,0.50902679374735482,0.89853488736823373,0.4979165797336163,0.25009765933677902
0.16,0.51999999999999991,0.37666666666666665,0.052792095859742101,0.39082490515136137,0.51701668003379886,0.25238354976487504,0.52814935531676155,0.89545174731519983,0.51701668003379886,0.26463313026892382
0.16,0.55999999999999994,0.39333333333333331,0.056647750092179421,0.40651169055521463,0.53454641970157479,0.25606945829272032,0.54566144388586924,0.89217279871474531,0.53454641970157479,0.27847696140885447
0.16,0.59999999999999987,0.40999999999999992,0.06045917053377195,0.42116587550019235,0.55067151005011039,0.25901126909983607,0.56173697816302348,0.88866947956023801,0.55067151005011039,0.29166024095027432
0.16,0.6399999999999999,0.42666666666666664,0.064220949138751302,0.43487021875233678,0.56553131065271522,0.26132218380075695,0.57652160462552382,0.88490711001966005,0.56553131065271522,0.30420912685195828
0.16,0.67999999999999994,0.44333333333333336,0.067926465538888384,0.44769360924213314,0.57924266064744823,0.26309810281063017,0.59013691806915436,0.88084278391731008,0.57924266064744823,0.31614455783681805
0.16,0.71999999999999986,0.45999999999999996,0.071567470750912507,0.45969211569113955,0.59190258665611539,0.26442094192995175,0.60268343073088171,0.87642227947285756,0.59190258665611539,0.32748164472616365
0.16,0.7599999999999999,0.47666666666666668,0.075133461668948132,0.4709092489457975,0.60358993029065977,0.26536136268972454,0.61424234774515418,0.87157535842428069,0.60358993029065977,0.33822856760093523
0.16,0.79999999999999993,0.49333333333333329,0.078610700440236769,0.48137520163719261,0.61436575207800281,0.26598110088162036,0.62487599754845091,0.86620828473151812,0.61436575207800281,0.34838465119638246
0.16,0.83999999999999986,0.51000000000000001,0.081980593494523871,0.49110450484685275,0.62427204287553184,0.26633507605735818,0.63462640185189312,0.86019124543541203,0.62427204287553184,0.35793696681817366
0.16,0.87999999999999989,0.52666666666666662,0.085216824024195156,0.50009081425745072,0.63332757174889365,0.26647351498288585,0.64351068305098369,0.85333567004951727,0.63332757174889365,0.3668540567660078
0.16,0.91999999999999982,0.54333333333333322,0.08827980075665566,0.5082956594555601,0.64151790591285462,0.2664444929145891,0.65150998335553167,0.84534937231893303,0.64151790591285462,0.37507341299826552
0.16,0.95999999999999985,0.55999999999999994,0.091104462634120059,0.5156222394985509,0.64877115634548632,0.26629783369387089,0.65854273632553073,0.83573553224351615,0.64877115634548632,0.38247332265161543
0.16,0.99999999999999989,0.57666666666666666,0.093567773167751639,0.52184296762471871,0.65488962071484558,0.26609330618025379,0.66442269060338899,0.82351513048588643,0.65488962071484558,0.38879631453459179
0.16,1.0399999999999998,0.59333333333333327,0.095365922273260073,0.52631778016712194,0.65928122557691304,0.26592689081958232,0.66895271984625626,0.80613180129817996,0.65928122557691304,0.39335433475733073
0.16,1.0799999999999998,0.60999999999999999,0.094321404169559545,0.52397747891367141,0.65708598512145466,0.26621701241556645,0.67209550689437147,0.75972293673774538,0.65708598512145466,0.39086897270588822
0.16,1.1199999999999999,0.62666666666666659,0.028118612516961072,0.22388333277529773,0.30406338791510212,0.16036011027960878,0.67411339059406561,0.096164500481731308,0.30406338791510212,0.14370327763549334
0.16,1.1599999999999997,0.6433333333333332,0.023656692978331593,0.20265492656919437,0.27902240491995917,0.15273495670152962,0.67502417487714206,0.093930508298750257,0.27902240491995917,0.12628744821842955
0.16,1.1999999999999997,0.65999999999999992,0.021756326526033397,0.19389059503577177,0.26880226374501798,0.14982333741849241,0.67540224220779044,0.091809207148583261,0.26880226374501798,0.11897892632652557
0.16,1.2399999999999998,0.67666666666666664,0.020682148497730934,0.18914658900046974,0.26336112283418756,0.14842906766743563,0.67558062746350311,0.089790898134980313,0.26336112283418756,0.11493205516675191
0.16,1.2799999999999998,0.69333333333333336,0.019995203922648162,0.1862782156865512,0.2601455271134866,0.14773462285387079,0.67472414270455139,0.087867082061092797,0.2601455271134866,0.11241090425961579
0.16,1.3199999999999998,0.70999999999999996,0.019525035510476813,0.18445142988120572,0.2581621079951017,0.14742135622779196,0.67448215207618001,0.086030267339821942,0.2581621079951017,0.11074075176730976
0.16,1.3599999999999999,0.72666666666666668,0.019189664954186263,0.183265312497983,0.25693349519617065,0.14733636539637529,0.67219098604996963,0.084273815231395377,0.25693349519617065,0.10959712979979537
0.16,1.3999999999999999,0.7433333333333334,0.018944137037254637,0.18250042857335311,0.25619861722559351,0.1473963773044808,0.67283838052438971,0.082591813969468977,0.25619861722559351,0.10880223992111272
0.16,1.4399999999999999,0.76000000000000001,0.01876149583742261,0.1820255944140303,0.25580158678951009,0.1475519847509596,0.67177836512636502,0.080978975490354682,0.25580158678951009,0.10824960203855051
0.16,1.48,0.77666666666666673,0.018624495389163501,0.18175720572261217,0.25564320937851831,0.14777200731181228,0.66874166318529127,0.079430550028558644,0.25564320937851831,0.10787120206670604
0.16,1.5199999999999996,0.79333333333333322,0.018521545457089079,0.18163933803838858,0.25565725508627701,0.14803583409577686,0.66835847657484326,0.077942254967370922,0.25565725508627701,0.10762142099050016
0.16,1.5599999999999996,0.80999999999999994,0.018444550301676424,0.18163314106388628,0.25579781380627564,0.14832934548477872,0.66899245630292326,0.076510215161829875,0.25579781380627564,0.10746846832149694
0.16,1.5999999999999996,0.82666666666666655,0.018387676842493712,0.18171079780737925,0.25603209496448837,0.14864259431421822,0.66852251173624644,0.075130912568636979,0.25603209496448837,0.10738950065027013
0.16,1.6399999999999997,0.84333333333333327,0.01834661393370041,0.18185189567175783,0.25633610392358874,0.14896841650366183,0.66689445084730048,0.073801143482484885,0.25633610392358874,0.10736768741992692
0.16,1.6799999999999997,0.85999999999999999,0.018318106978822541,0.18204114919283004,0.25669193018093533,0.14930156197621058,0.66409561643451764,0.07251798203199257,0.25669193018093533,0.10739036820472475
0.16,1.7199999999999998,0.87666666666666659,0.018299654631021199,0.18226691790920729,0.25708598346038397,0.14963813110235336,0.66017386636172004,0.071278748860124405,0.25708598346038397,0.1074478523580306
0.16,1.7599999999999998,0.89333333333333331,0.018289304898330399,0.18252021144378741,0.25750781040341864,0.14997519791926245,0.66066859599222316,0.070080984124546011,0.25750781040341864,0.1075326124841562
0.16,1.7999999999999998,0.91000000000000003,0.018285514371635895,0.18279400366059689,0.25794927942076262,0.15031055152033146,0.66211097514566786,0.068922424117852071,0.25794927942076262,0.10763872790043116
0.16,1.8399999999999999,0.92666666666666664,0.018287048760557745,0.18308274886630027,0.25840400609988151,0.15064251446716245,0.66297549335597539,0.067800980937141778,0.25840400609988151,0.10776149163271906
0.16,1.8799999999999999,0.94333333333333336,0.018292911177295944,0.18338203357802663,0.25886693993744164,0.15096981271883003,0.66326264258191014,0.066714724735163114,0.25886693993744164,0.10789712721861162
0.16,1.9199999999999999,0.96000000000000008,0.018302289494974189,0.18368832137891822,0.25933406179035262,0.15129148082286881,0.66298216372977592,0.065661868167244383,0.25933406179035262,0.1080425809674838
0.16,1.9599999999999995,0.97666666666666657,0.018314517086054177,0.18399876299522266,0.25980215885982566,0.15160679172920596,0.66215469390576598,0.064640752714244423,0.25980215885982566,0.1081953671306197
0.16,1.9999999999999996,0.99333333333333318,0.018329043120557033,0.18431105291819028,0.2602686549761003,0.15191520411582005,0.66081257895419421,0.063649836614937366,0.2602686549761003,0.10835345086028027
0.17999999999999999,0.12,0.22999999999999998,0.012526284668557914,0.13538814797081145,0.19320558384833808,0.11563487175505328,0.19788710497334422,0.92104057897698732,0.19320558384833808,0.077570712093284797
0.17999999999999999,0.15999999999999998,0.24666666666666665,0.016664873673935224,0.17039511375940308,0.24088216932945697,0.1409741111401078,0.24710543718529898,0.91898023746323143,0.24088216932945697,0.099908058189349169
0.17999999999999999,0.19999999999999998,0.26333333333333331,0.020783721131036697,0.20207336497956488,0.28305558467608666,0.16196443939304356,0.29043474780003536,0.91686259023437222,0.28305558467608666,0.12109114528304311
0.17999999999999999,0.23999999999999999,0.28000000000000003,0.024881761604174633,0.23090839800441901,0.32061540631215746,0.1794140166154769,0.32886155484466101,0.91467700413835384,0.32061540631215746,0.14120138969668056
0.17999999999999999,0.27999999999999997,0.29666666666666663,0.028957741376344968,0.25728985216519068,0.3542678919842675,0.19395607963815364,0.3631619586371122,0.91241272675211882,0.3542678919842675,0.16031181234611386
0.17999999999999999,0.31999999999999995,0.31333333333333335,0.033010202740710877,0.28153435072030863,0.38458069934592604,0.20609269725123483,0.39395475401317764,0.91005854640503758,0.38458069934592604,0.17848800209469121
0.17999999999999999,0.35999999999999999,0.32999999999999996,0.03703746023485012,0.30390199549140384,0.41201507812854771,0.21622616527428776,0.42173916402801909,0.90760246420136792,0.41201507812854771,0.19578891285425995
0.17999999999999999,0.39999999999999997,0.34666666666666668,0.041037567852751908,0.32460847793410341,0.4369494353216557,0.22468191477510455,0.44692214286356063,0.90503135055668316,0.4369494353216557,0.21226752054655115
0.17999999999999999,0.43999999999999995,0.36333333333333329,0.045008275411438363,0.34383409918467212,0.45969684054327409,0.23172548271720389,0.46983845040638961,0.90233055953077601,0.45969684054327409,0.2279713578260702
0.17999999999999999,0.47999999999999993,0.38,0.048946971186954284,0.3617305667028049,0.48051819583014338,0.2375752582546769,0.49076561760978393,0.89948347089050018,0.48051819583014338,0.24294293757546648
0.17999999999999999,0.51999999999999991,0.39666666666666661,0.052850606477744012,0.37842615867381257,0.49963224771566667,0.24241217808370819,0.5099352314929716,0.89647092192144284,0.49963224771566667,0.25722006963195848
0.17999999999999999,0.55999999999999994,0.41333333333333333,0.056715595617807285,0.39402966236753284,0.51722325673410152,0.24638718873313736,0.52754151749340239,0.89327047692244266,0.51722325673410152,0.27083606800096416
0.17999999999999999,0.59999999999999987,0.42999999999999994,0.060537681679603279,0.40863336438331244,0.5334468920818709,0.24962705539711699,0.54374789374267618,0.8898554587688503,0.5334468920818709,0.28381983668475391
0.17999999999999999,0.6399999999999999,0.44666666666666666,0.064311752858495844,0.42231527665045709,0.54843474409200654,0.25223893488309895,0.55869196056586634,0.88619362769274201,0.54843474409200654,0.29619580920890759
0.17999999999999999,0.67999999999999994,0.46333333333333332,0.06803158581057582,0.43514070596317694,0.56229771545851004,0.25431401899066619,0.57248923223849923,0.88224532567566671,0.56229771545851004,0.30798369646784385
0.17999999999999999,0.71999999999999986,0.47999999999999993,0.071689477116064604,0.44716320209899585,0.57512844122995121,0.25593047826191068,0.58523578906519147,0.87796078734805516,0.57512844122995121,0.31919796296804054
0.17999999999999999,0.7599999999999999,0.49666666666666665,0.075275696635764069,0.45842483185018235,0.58700277434124004,0.25715588498211533,0.59700989893760892,0.87327610209070916,0.58700277434124004,0.32984688935912471
0.17999999999999999,0.79999999999999993,0.51333333333333331,0.078777643964506275,0.4689555916992536,0.59798022362539105,0.25804926385227483,0.60787248967675278,0.86810689190958723,0.59798022362539105,0.33993095977311621
0.17999999999999999,0.83999999999999986,0.53000000000000003,0.082178481410392357,0.47877152122445599,0.60810297595524998,0.25866290946158799,0.61786606911045694,0.86233789662266291,0.60810297595524998,0.34944006649366199
0.17999999999999999,0.87999999999999989,0.54666666666666663,0.085454776889643966,0.48787053831861943,0.61739260398311124,0.25904413132898363,0.62701109801971755,0.85580468529172093,0.61739260398311124,0.35834847265412761
0.17999999999999999,0.91999999999999982,0.56333333333333324,0.088572095734420195,0.49622368265111372,0.6258422692876866,0.25923717327314583,0.63529737033633116,0.84825874951509694,0.6258422692876866,0.36660509601454078
0.17999999999999999,0.95999999999999985,0.57999999999999996,0.091475784030186705,0.50375561854264006,0.63339852654753581,0.2592858160097915,0.64266391456406979,0.8392928050614562,0.63339852654753581,0.37411271053774431
0.17999999999999999,0.99999999999999989,0.59666666666666668,0.094068251745256515,0.51029468532727484,0.63991371224273785,0.25923805383092596,0.64896228696319358,0.82815149416629741,0.63991371224273785,0.38067565841181189
0.17999999999999999,1.0399999999999998,0.61333333333333329,0.096135201576135657,0.51540595904705933,0.64498504650925981,0.25915817492440102,0.65400219082549726,0.81309351780769901,0.64498504650925981,0.38582687158485879
0.17999999999999999,1.0799999999999998,0.62999999999999989,0.096889997225963378,0.51733063032396465,0.64692371352686096,0.25918616640579262,0.65773259910591508,0.78715520142775941,0.64692371352686096,0.38773754712106834
0.17999999999999999,1.1199999999999999,0.64666666666666661,0.032143284650669908,0.23386318498162878,0.3131473068003785,0.15856824363749947,0.66033026886752433,0.096879960445280994,0.3131473068003785,0.15457906316287903
0.17999999999999999,1.1599999999999997,0.66333333333333322,0.024952034970959155,0.20017824003633244,0.27318267585574246,0.14600887163882001,0.66186199680387292,0.09461080009775362,0.27318267585574246,0.12717380421692245
0.17999999999999999,1.1999999999999997,0.67999999999999994,0.022483745050109853,0.18888862009438737,0.25990412470037133,0.14203100921196793,0.66276080956685102,0.092457341211571675,0.25990412470037133,0.1178731154884034
0.17999999999999999,1.2399999999999998,0.69666666666666655,0.021182540397690072,0.18314817401687061,0.2532410523360496,0.14018575663835794,0.66335039325891942,0.090409508246029169,0.2532410523360496,0.11305529569769165
0.17999999999999999,1.2799999999999998,0.71333333333333337,0.020377831749037657,0.17976267593742049,0.24938256025059957,0.13923976862635817,0.66294998477706624,0.088458486894670244,0.24938256025059957,0.11014279162424138
0.17999999999999999,1.3199999999999998,0.72999999999999998,0.019837088755032796,0.17762161440176966,0.24700278803585765,0.13876234726817602,0.6631117563763792,0.086596519751301934,0.24700278803585765,0.10824044076768163
0.17999999999999999,1.3599999999999999,0.74666666666666659,0.01945531428136537,0.17622326863023766,0.24550266192357928,0.13855878658668325,0.66133665669803343,0.084816742139002144,0.24550266192357928,0.10694387533689605
0.17999999999999999,1.3999999999999999,0.76333333333333342,0.019177226017741699,0.17530373592625589,0.24456720565418885,0.13852693945586592,0.66220984032984931,0.083113048924063487,0.24456720565418885,0.10604026619832292
0.17999999999999999,1.4399999999999999,0.78000000000000003,0.018970607565019407,0.17470955590475368,0.24401341554398212,0.13860771927845689,0.66141806623687183,0.081479985500329671,0.24401341554398212,0.10540569626552523
0.17999999999999999,1.48,0.79666666666666663,0.018815277116224927,0.1743448929363528,0.2437271446698811,0.13876450346705657,0.6586780983612609,0.079912657826048963,0.2437271446698811,0.10496264120282453
0.17999999999999999,1.5199999999999996,0.81333333333333324,0.018697888780286932,0.17414662218180479,0.24363332182982056,0.13897339929603153,0.65885272291655739,0.078406657623813103,0.24363332182982056,0.10465992253378904
0.17999999999999999,1.5599999999999996,0.82999999999999985,0.018609238427045222,0.17407141458839259,0.24368051209608171,0.13921819501537824,0.65959137743737162,0.076957999755217749,0.24368051209608171,0.10446231708070348
0.17999999999999999,1.5999999999999996,0.84666666666666646,0.018542761924993132,0.1740885393756092,0.24383231322318621,0.13948754769515403,0.65922840895545831,0.075563069450997125,0.24383231322318621,0.10434476552803219
0.17999999999999999,1.6399999999999997,0.86333333333333329,0.01849364822938342,0.17417561577297636,0.24406227867790048,0.13977332580984825,0.65769881173793976,0.074218577579786935,0.24406227867790048,0.10428895286805223
0.17999999999999999,1.6799999999999997,0.87999999999999989,0.018458290381153743,0.17431598556056815,0.24435077875411765,0.14006958638709899,0.65497468429985317,0.072921522519907966,0.24435077875411765,0.10428119236701865
0.17999999999999999,1.7199999999999998,0.8966666666666665,0.018433932159930836,0.17449702374819118,0.24468298332417412,0.1403719191519659,0.65108585009966724,0.071669157490611368,0.24468298332417412,0.10431106417220824
0.17999999999999999,1.7599999999999998,0.91333333333333333,0.018418433053893322,0.1747090162656286,0.24504752235758456,0.14067701218391193,0.65279728206736098,0.070458962425033078,0.24504752235758456,0.10437051017367265
0.17999999999999999,1.7999999999999998,0.92999999999999994,0.018410107472726114,0.17494439318480959,0.24543557129018684,0.14098235621075447,0.65425860202897645,0.069288619643094476,0.24543557129018684,0.10445321507943237
0.17999999999999999,1.8399999999999999,0.94666666666666655,0.018407612037177463,0.17519719198429184,0.24584021119182162,0.14128603841505957,0.65513836462846364,0.068155992720908984,0.24584021119182162,0.10455417277676204
0.17999999999999999,1.8799999999999999,0.96333333333333337,0.018409864878121466,0.17546267383144024,0.24625597164859478,0.14158659563430909,0.65543433941886553,0.067059108062731798,0.24625597164859478,0.10466937601428571
0.17999999999999999,1.9199999999999999,0.97999999999999998,0.018415986760198306,0.17573704409749366,0.24667849805494377,0.14188290791490021,0.65515325496889087,0.065996138768708287,0.24667849805494377,0.10479559014004357
0.17999999999999999,1.9599999999999995,0.99666666666666659,0.018425257409221369,0.17601724541145333,0.24710430544707057,0.14217412007123448,0.65431266061948778,0.064965390461746625,0.24710430544707057,0.10493018537583608
0.20000000000000001,0.12,0.25,0.012532501497942241,0.1290688340581731,0.1832124173140626,0.108287166511779,0.18724057414615997,0.92150551905231459,0.1832124173140626,0.074925250802283599
0.20000000000000001,0.15999999999999998,0.26666666666666666,0.016673937001536746,0.1628581217771855,0.22913066915513006,0.1325450947558891,0.2345942604186195,0.91948981417502229,0.22913066915513006,0.096585574399240953
0.20000000000000001,0.19999999999999998,0.28333333333333333,0.020796009149077012,0.19357357953614324,0.26998585481791471,0.15282455056354291,0.27654539170962605,0.91741614815559391,0.26998585481791471,0.1171613042543718
0.20000000000000001,0.23999999999999999,0.30000000000000004,0.024897667518844206,0.22164367562695952,0.30656097787569359,0.16983460449746812,0.3139583115961298,0.91527473301683804,0.30656097787569359,0.13672637337822546
0.20000000000000001,0.27999999999999997,0.31666666666666665,0.028977684757927512,0.24741574586023313,0.33948418533677016,0.18413687895307407,0.34752073264424177,0.91305556696762324,0.33948418533677016,0.15534730638369609
0.20000000000000001,0.31999999999999995,0.33333333333333337,0.033034640802495061,0.27117455539906521,0.36926507396387453,0.19618103712961871,0.37778651711233407,0.91074814553771022,0.36926507396387453,0.17308403683425583
0.20000000000000001,0.35999999999999999,0.34999999999999998,0.0370668999198209,0.2931558921522941,0.39632119753353529,0.20633061076248244,0.4052065417325591,0.90834117535606462,0.39632119753353529,0.18999058677105285
0.20000000000000001,0.39999999999999997,0.3666666666666667,0.041072579599401159,0.31355667317798364,0.42099771757176668,0.21488208878756604,0.43015133904949993,0.90582226866764237,0.42099771757176668,0.20611562878420064
0.20000000000000001,0.43999999999999995,0.3833333333333333,0.045049509587882376,0.33254255634906343,0.44358216812110324,0.22207922354407958,0.45292795049250711,0.90317759637678474,0.44358216812110324,0.22150294457702366
0.20000000000000001,0.47999999999999993,0.40000000000000002,0.048995178439533014,0.35025373346110944,0.46431567847325173,0.22812389002428454,0.47379262971837061,0.90039147392556285,0.46431567847325173,0.23619178844896718
0.20000000000000001,0.51999999999999991,0.41666666666666663,0.052906663682541759,0.36680937168462369,0.48340158461847321,0.23318442586769911,0.49296051761606458,0.89744584713598907,0.48340158461847321,0.2502171587507741
0.20000000000000001,0.55999999999999994,0.43333333333333335,0.056780539843384499,0.38231102789103338,0.50101208141471776,0.23740210704736875,0.5106130664861902,0.89431963285161675,0.50101208141471776,0.26360997436734901
0.20000000000000001,0.59999999999999987,0.44999999999999996,0.06061275573647066,0.39684526002095055,0.51729337440864032,0.24089622877537958,0.52690375602124717,0.89098784905155326,0.51729337440864032,0.27639714563326073
0.20000000000000001,0.6399999999999999,0.46666666666666667,0.064398467937753376,0.41048558485303577,0.53236965152830729,0.24376813335054298,0.54196247737183467,0.88742043598652887,0.53236965152830729,0.2886015181777643
0.20000000000000001,0.67999999999999994,0.48333333333333334,0.068131809991347977,0.4232938700813822,0.54634608892957104,0.24610443769637763,0.55589883659381201,0.88358061429621348,0.54634608892957104,0.30024165123319341
0.20000000000000001,0.71999999999999986,0.49999999999999994,0.071805564314701253,0.43532118929416669,0.55931101491494561,0.24797965124155785,0.56880452417991345,0.87942252965140644,0.55931101491494561,0.31133136367338776
0.20000000000000001,0.7599999999999999,0.51666666666666661,0.075410681306019897,0.44660809705874915,0.57133726312539246,0.24945833213328655,0.58075479221004556,0.8748877590676053,0.57133726312539246,0.3218789309921059
0.20000000000000001,0.79999999999999993,0.53333333333333333,0.078935547924280328,0.45718417348812301,0.58248262471110257,0.25059690244595906,0.5918089449250824,0.86989992196141908,0.58248262471110257,0.33188572226514351
0.20000000000000001,0.83999999999999986,0.55000000000000004,0.08236482349917959,0.46706649191058125,0.59278910701395071,0.25144523020673887,0.60200952399979002,0.86435596585616969,0.59278910701395071,0.34134387680721184
0.20000000000000001,0.87999999999999989,0.56666666666666665,0.085677477953236048,0.47625625429510898,0.60228030017541079,0.25204809176060361,0.61137941804160034,0.85811122217108715,0.60228030017541079,0.35023220841480718
0.20000000000000001,0.91999999999999982,0.58333333333333326,0.088843233058751012,0.48473187085120817,0.61095520454207985,0.25244666738174343,0.61991506489415737,0.85095176425806185,0.61095520454207985,0.35850853716033643
0.20000000000000001,0.95999999999999985,0.59999999999999998,0.091815432239214276,0.49243412672270942,0.6187742988371957,0.25268034422897256,0.62757107979919302,0.84253779575492249,0.6187742988371957,0.36609395460822314
0.20000000000000001,0.99999999999999989,0.6166666666666667,0.094514567404735267,0.49923048311706786,0.62562522058217562,0.25278947493021559,0.63422969713134303,0.83226945310224043,0.62562522058217562,0.37283574565196004
0.20000000000000001,1.0399999999999998,0.6333333333333333,0.096780559085004089,0.50480859651846988,0.63121917134876249,0.25282114966058528,0.63971812460549082,0.81888517457500476,0.63121917134876249,0.37839802168817721
0.20000000000000001,1.0799999999999998,0.64999999999999991,0.098156570938514889,0.50818110518594461,0.63460525190694661,0.2528482934420041,0.64396872248593995,0.79854555456446963,0.63460525190694661,0.38175695846494251
0.20000000000000001,1.1199999999999999,0.66666666666666663,0.041525696925527121,0.2684057462768899,0.35196312667227952,0.16711476079077925,0.64708490702955535,0.09759209231115655,0.35196312667227952,0.18484836588150028
0.20000000000000001,1.1599999999999997,0.68333333333333324,0.02667745808407055,0.20018880859224875,0.27070526572061943,0.14103291425674136,0.6491819298345215,0.095287417393839668,0.27070526572061943,0.12967235146387807
0.20000000000000001,1.1999999999999997,0.69999999999999996,0.023340968394236696,0.18510765030178242,0.25285079584097497,0.13548629107838511,0.65057397914329484,0.093101529705150107,0.25285079584097497,0.11736450476258985
0.20000000000000001,1.2399999999999998,0.71666666666666656,0.021741016908629861,0.17808687041341326,0.24462568993060507,0.1330776390343836,0.65156350282597086,0.091023962270430761,0.24462568993060507,0.11154805089622147
0.20000000000000001,1.2799999999999998,0.73333333333333339,0.020792014064688041,0.17408659900211132,0.24000784841534112,0.1318424988264596,0.65159287953301837,0.089045574044283343,0.24000784841534112,0.10816534958888152
0.20000000000000001,1.3199999999999998,0.75,0.020168366465824213,0.17158971489820946,0.23718267594585962,0.13118592209530033,0.65214472333777451,0.087158332636694869,0.23718267594585962,0.1059967538505593
0.20000000000000001,1.3599999999999999,0.76666666666666661,0.019733582100956253,0.16995924106222601,0.23538797450064616,0.1308574668768403,0.65083928931850743,0.085355140146138361,0.23538797450064616,0.10453050762380586
0.20000000000000001,1.3999999999999999,0.78333333333333344,0.019419030964192351,0.16887492327738568,0.23424056725383335,0.13073128795289535,0.65193889935762339,0.083629692229825567,0.23424056725383335,0.10350927930093801
0.20000000000000001,1.4399999999999999,0.80000000000000004,0.019185958805992602,0.16815616249099929,0.23352448593798097,0.13073664689396339,0.65142090198593228,0.081976363022046875,0.23352448593798097,0.10278783904401759
0.20000000000000001,1.48,0.81666666666666665,0.019010638370668582,0.16769264821755694,0.23310793506321964,0.13083057369132539,0.64899356311436607,0.080390110370630485,0.23310793506321964,0.10227736137189423
0.20000000000000001,1.5199999999999996,0.83333333333333326,0.018877649648298404,0.16741292280605508,0.23290564366401417,0.13098544171591819,0.64962883709533092,0.078866397202297683,0.23290564366401417,0.10192020194809599
0.20000000000000001,1.5599999999999996,0.84999999999999987,0.018776501612425209,0.16726856570592957,0.23285991897321121,0.13118270653456324,0.65047893629831044,0.077401125807702545,0.23285991897321121,0.10167721243864797
0.20000000000000001,1.5999999999999996,0.86666666666666647,0.018699793207989802,0.16722558194728832,0.23293032950894901,0.1314094951233214,0.65023322745375145,0.075990582562194389,0.23293032950894901,0.1015208343856276
0.20000000000000001,1.6399999999999997,0.8833333333333333,0.018642147709406778,0.16725941299633748,0.23308772835782293,0.1316566307229709,0.64881704116820749,0.074631391141333811,0.23308772835782293,0.10143109763485204
0.20000000000000001,1.6799999999999997,0.89999999999999991,0.018599563306402025,0.16735189782046847,0.23331061343600601,0.13191743123107508,0.64618808066814293,0.073320472700992678,0.23331061343600601,0.10139318220493095
0.20000000000000001,1.7199999999999998,0.91666666666666652,0.018569000535297815,0.1674893436930236,0.23358281758997118,0.13218694779389517,0.64306001835375692,0.07205501180583164,0.23358281758997118,0.10139586979607601
0.20000000000000001,1.7599999999999998,0.93333333333333335,0.018548110876307516,0.16766125827172101,0.23389199105196851,0.13246146556049501,0.64511804971259401,0.070832427132012543,0.23389199105196851,0.10143052549147349
0.20000000000000001,1.7999999999999998,0.94999999999999996,0.018535052832468108,0.16785949128984987,0.23422857461739699,0.13273816665509425,0.64660293942475577,0.069650346158336582,0.23422857461739699,0.10149040796230276
0.20000000000000001,1.8399999999999999,0.96666666666666656,0.018528364057190064,0.16807763853330335,0.23458508697010047,0.13301489687359425,0.64750350824221237,0.068506583207619834,0.23458508697010047,0.10157019009650624
0.20000000000000001,1.8799999999999999,0.98333333333333339,0.018526870450076217,0.16831061869042371,0.23495561900111725,0.13329000062138707,0.64781487421442541,0.06739912031677929,0.23495561900111725,0.10166561837973019
0.20000000000000001,1.9199999999999999,1,0.018529620253686045,0.1685543670246864,0.23533546796224919,0.13356220187512557,0.6475407634235183,0.0663260905068844,0.23533546796224919,0.1017732660871236
0.22,0.12,0.27000000000000002,0.012538534108210412,0.12333124457226433,0.17420702115970824,0.10175155317488782,0.17768798304157665,0.92195587401879264,0.17420702115970824,0.072455467984820415
0.22,0.15999999999999998,0.28666666666666668,0.016682709355835375,0.15597876664114138,0.21847900236822537,0.12500047145416798,0.22329759714148503,0.91998210411483561,0.21847900236822537,0.093478530914057403
0.22,0.19999999999999998,0.30333333333333334,0.020807882141456992,0.18577926862822444,0.25807804754464292,0.14459755783283695,0.26393421525097338,0.91795000534210192,0.25807804754464292,0.11348048971180595
0.22,0.23999999999999999,0.32000000000000001,0.024913017478884539,0.21311275291030274,0.29369682828815308,0.16116815075570071,0.30035923010841781,0.91585051234781856,0.29369682828815308,0.13252867753245237
0.22,0.27999999999999997,0.33666666666666667,0.028996913589201125,0.23829009219771527,0.32589632035470062,0.1752124563139707,0.33318468732364809,0.91367427846282434,0.32589632035470062,0.15068386404072992
0.22,0.31999999999999995,0.35333333333333333,0.03305818620942115,0.26156823751224417,0.35513552285432676,0.1871345706841652,0.36290805128243725,0.91141142690741539,0.35513552285432676,0.16800095217016156
0.22,0.35999999999999999,0.37,0.03709524645922456,0.28316149898206011,0.38179343808575683,0.19726387820739347,0.38993764154019372,0.90905129842710142,0.38179343808575683,0.18452955987836336
0.22,0.39999999999999997,0.38666666666666666,0.041106271306852279,0.30325002969144155,0.40618555651023752,0.20587105363759192,0.4146115279173414,0.90658217755142301,0.40618555651023752,0.2003145028726456
0.22,0.43999999999999995,0.40333333333333332,0.045089165043349526,0.32198628146185793,0.42857637371184171,0.21318018449996759,0.43721175485174502,0.90399097873967993,0.42857637371184171,0.21539618921187412
0.22,0.47999999999999993,0.41999999999999998,0.049041509366835427,0.33949996384125092,0.44918899546111896,0.2193780632397361,0.45797517306379826,0.90126287024404272,0.44918899546111896,0.22981093222138285
0.22,0.51999999999999991,0.43666666666666665,0.052960498562864125,0.35590187766598436,0.46821257161395219,0.22462138789593561,0.47710176527342085,0.89838080704365808,0.46821257161395219,0.24359118371801658
0.22,0.55999999999999994,0.45333333333333331,0.056842854642300197,0.37128688405283866,0.48580808359230332,0.22904239907892932,0.49476108828656012,0.89532493344736563,0.48580808359230332,0.256765684513374
0.22,0.59999999999999987,0.46999999999999997,0.060684714836571813,0.38573619056315411,0.50211285841382325,0.23275333570133822,0.51109727036193398,0.89207179861398711,0.50211285841382325,0.26935952271248503
0.22,0.6399999999999999,0.48666666666666669,0.064481479988906396,0.39931907637965891,0.51724407161133668,0.23584999046335559,0.52623287090514914,0.88859330010595894,0.51724407161133668,0.28139408114798109
0.22,0.67999999999999994,0.5033333333333333,0.068227606110752931,0.41209412840669563,0.53130141568123146,0.23841457454907167,0.54027180895750793,0.8848552239702866,0.53130141568123146,0.29288684113215979
0.22,0.71999999999999986,0.51999999999999991,0.071916310807192727,0.42411001154579697,0.54436903669201187,0.24051805029242984,0.55330148166490012,0.88081517008970667,0.54436903669201187,0.30385098639958202
0.22,0.7599999999999999,0.53666666666666663,0.075539147704756185,0.43540573791299381,0.55651676536433015,0.24222205490267268,0.56539410763664477,0.87641950956562598,0.55651676536433015,0.31429471046165747
0.22,0.79999999999999993,0.55333333333333334,0.079085367735399634,0.44601031263340118,0.56780056973518234,0.24358051420356225,0.57660721958184957,0.87159875557605793,0.56780056973518234,0.32422005553162009
0.22,0.83999999999999986,0.56999999999999995,0.082540919048229577,0.45594147925940287,0.57826199488873264,0.24464103125865949,0.58698305159741337,0.86626020340906362,0.57826199488873264,0.33362096363007315
0.22,0.87999999999999989,0.58666666666666667,0.085886796363580709,0.46520297428975149,0.58792604016434991,0.24544613174919683,0.59654621712630784,0.86027557586746095,0.58792604016434991,0.34247990841515308
0.22,0.91999999999999982,0.60333333333333328,0.089096126783404728,0.47377898485331849,0.59679621572878583,0.24603446175093469,0.60529828411597042,0.8534588009136419,0.59679621572878583,0.35076175397785114
0.22,0.95999999999999985,0.62,0.092128544057118872,0.48162264983211472,0.604843690684992,0.24644208170575455,0.61320582939628121,0.8455222083892201,0.604843690684992,0.35840160897923745
0.22,0.99999999999999989,0.6366666666666666,0.094917881961439604,0.48862979452551902,0.6119818633647689,0.24670413767849975,0.62017596940130948,0.83597837728134083,0.6119818633647689,0.36527772568626915
0.22,1.0399999999999998,0.65333333333333332,0.097339605349592281,0.49456730247175107,0.61799611042320335,0.24685761590290461,0.62605713431137222,0.82387261285802926,0.61799611042320335,0.37113849452029873
0.22,1.0799999999999998,0.66999999999999993,0.099089610056975932,0.49879971334856565,0.62227347744939887,0.24694752820166638,0.63076109963590388,0.80674476367997816,0.62227347744939887,0.37532594924773249
0.22,1.1199999999999999,0.68666666666666665,0.098263047799335132,0.49698285918596485,0.62050401798927435,0.24704231760661899,0.63434998394925457,0.76606228067986204,0.62050401798927435,0.37346170038265536
0.22,1.1599999999999997,0.70333333333333325,0.029173943172521297,0.20399132167101125,0.27309231185705651,0.13820198037209055,0.63696044310801148,0.095962183751351196,0.27309231185705651,0.13489033148496596
0.22,1.1999999999999997,0.71999999999999986,0.02437975664194109,0.18264100616055162,0.24769147772901765,0.13010094313693202,0.63881612812943589,0.093743512453199729,0.24769147772901765,0.11759053459208563
0.22,1.2399999999999998,0.73666666666666658,0.0223731453206602,0.17391301423365599,0.23739220481300294,0.1269583811586939,0.64019189344671767,0.091635923933187868,0.23739220481300294,0.11043382365430905
0.22,1.2799999999999998,0.7533333333333333,0.021244232757725023,0.16916625273929231,0.23185744166552094,0.12538237785245726,0.64062749799435648,0.089629937640830271,0.23185744166552094,0.10647506381306368
0.22,1.3199999999999998,0.76999999999999991,0.020522160928048021,0.16626054357559203,0.22852393914039093,0.12452679112959779,0.64155324934432145,0.087717236131424167,0.22852393914039093,0.10399714801079314
0.22,1.3599999999999999,0.78666666666666663,0.020026390345282061,0.16437326406745811,0.22640577904516684,0.12406502995541745,0.64067912887709066,0.085890480258848059,0.22640577904516684,0.1023407490897494
0.22,1.3999999999999999,0.80333333333333334,0.019670799108760337,0.16311169818659907,0.22503219438028307,0.123840992387368,0.64200362590032845,0.084143160029726133,0.22503219438028307,0.10119120199291508
0.22,1.4399999999999999,0.81999999999999995,0.019408430084371691,0.16226184090823065,0.22414670764134872,0.12376973346623613,0.64176137990500814,0.082469473104898688,0.22414670764134872,0.1003769741751126
0.22,1.48,0.83666666666666667,0.019211244763343426,0.16169611678459156,0.22359651751996026,0.1238008014707374,0.63965693430510095,0.080864224971718301,0.22359651751996026,0.099795716049222868
0.22,1.5199999999999996,0.85333333333333317,0.01906135996326459,0.16133336404445617,0.223284505183662,0.12390228227841166,0.64067295327753182,0.079322746274376424,0.223284505183662,0.099382222905250339
0.22,1.5599999999999996,0.86999999999999988,0.018946784414003912,0.16111934363232705,0.22314584801241832,0.12405300876018253,0.64163987213950624,0.07784082385540321,0.22314584801241832,0.09909283925223579
0.22,1.5999999999999996,0.88666666666666649,0.018859155804978503,0.161016387166873,0.22313559587181142,0.12423841740987686,0.64151995433632147,0.076414642847793535,0.22313559587181142,0.098897178461934562
0.22,1.6399999999999997,0.90333333333333321,0.018792455596885669,0.16099751662124817,0.22322161351184874,0.12444819378120112,0.64023006557487827,0.075040737744034858,0.22322161351184874,0.098773419730647627
0.22,1.6799999999999997,0.91999999999999993,0.018742238541335995,0.16104291957176911,0.22338035039930179,0.12467486165506535,0.63771456014905548,0.073715950811066341,0.22338035039930179,0.098705488744236444
0.22,1.7199999999999998,0.93666666666666654,0.018705149825757439,0.16113774120618871,0.22359419129228747,0.12491290017219754,0.63553819054448057,0.072437396557661793,0.22359419129228747,0.098681291120089928
0.22,1.7599999999999998,0.95333333333333325,0.01867861106168768,0.16127064934683871,0.22384973482945661,0.12515817096523582,0.63762378061554403,0.071202431220281179,0.22384973482945661,0.098691563864220788
0.22,1.7999999999999998,0.96999999999999997,0.018660609568176244,0.16143287230833286,0.22413663972862718,0.12540753484058864,0.63913645942451858,0.070008626434931581,0.22413663972862718,0.098729104888038557
0.22,1.8399999999999999,0.98666666666666658,0.018649553108945314,0.16161753627066477,0.22444683048825739,0.12565858843518521,0.64006295838745897,0.068853746420148867,0.22444683048825739,0.098788242053072184
0.23999999999999999,0.12,0.28999999999999998,0.012544402531755873,0.11809717918023546,0.166049912953422,0.09590546754637308,0.16906882910944715,0.92239331665477053,0.166049912953422,0.070144445407048922
0.23999999999999999,0.15999999999999998,0.30666666666666664,0.016691221915218196,0.14967316359203148,0.20877967482091581,0.11821302245776866,0.21304658616802552,0.92045905162813724,0.20877967482091581,0.090566652363147149
0.23999999999999999,0.19999999999999998,0.32333333333333331,0.020819383580014499,0.17860475689004943,0.24718373580989519,0.13715795783969154,0.25243227194267093,0.91846631939068069,0.24718373580989519,0.11002577797020364
0.23999999999999999,0.23999999999999999,0.33999999999999997,0.024927868269770118,0.2052305216455787,0.28187773024355101,0.15329441719594458,0.28789995678577668,0.91640667852730207,0.28187773024355101,0.12858331304760642
0.23999999999999999,0.27999999999999997,0.35666666666666663,0.029015499041364256,0.22982975169530129,0.31336459178318626,0.16706968017576992,0.31999658335567333,0.91427135870941223,0.31336459178318626,0.14629491160741634
0.23999999999999999,0.31999999999999995,0.37333333333333329,0.03308092577708481,0.25263502697154222,0.34205906648177481,0.17884807902046515,0.34917045207535108,0.91205104381158353,0.34205906648177481,0.16321098746130966
0.23999999999999999,0.35999999999999999,0.39000000000000001,0.037122603878163636,0.27384163640786097,0.36830605854797771,0.18892884428023349,0.37579233141775159,0.90973564737756696,0.36830605854797771,0.17937721426774422
0.23999999999999999,0.39999999999999997,0.40666666666666662,0.041138766208079255,0.29361473985535702,0.39239453809830976,0.19755959648590546,0.40017132140074435,0.90731406570277306,0.39239453809830976,0.19483494161240431
0.23999999999999999,0.43999999999999995,0.42333333333333334,0.045127386804092368,0.31209487002580527,0.4145682043795435,0.20494666870747644,0.42256692076973479,0.90477389252844664,0.4145682043795435,0.20962153567206707
0.23999999999999999,0.47999999999999993,0.43999999999999995,0.04908613416475479,0.32940219509138857,0.4350337408194655,0.21126309145615385,0.44319830297328727,0.90210107605382306,0.4350337408194655,0.22377064936331165
0.23999999999999999,0.51999999999999991,0.45666666666666667,0.053012310937537485,0.34563983929419645,0.45396725540783739,0.21665483222728191,0.46225150714780866,0.8992794931477629,0.45396725540783739,0.23731242318055548
0.23999999999999999,0.55999999999999994,0.47333333333333327,0.056902775403633317,0.360896472461257,0.47151933123768131,0.22124571755284866,0.47988504530867399,0.89629040620607059,0.47151933123768131,0.25027361368483264
0.23999999999999999,0.59999999999999987,0.48999999999999994,0.060753838009326794,0.3752483165045663,0.48781899187454897,0.22514135073996533,0.49623428267255054,0.89311175310486024,0.48781899187454897,0.26267764113458364
0.23999999999999999,0.6399999999999999,0.5066666666666666,0.064561122853914313,0.3887606687096905,0.50297679743460066,0.22843225744982038,0.51141484281106342,0.88971719667141635,0.50297679743460066,0.27454453998478029
0.23999999999999999,0.67999999999999994,0.52333333333333332,0.068319378678703579,0.40148900080884542,0.51708721752645304,0.23119643343521529,0.52552520792169743,0.88607482074195432,0.51708721752645304,0.28589078409123775
0.23999999999999999,0.71999999999999986,0.53999999999999992,0.072022214970044032,0.41347965269343279,0.53023036628683173,0.23350142718679795,0.53864861459542723,0.88214529342528447,0.53023036628683173,0.29672893910003378
0.23999999999999999,0.7599999999999999,0.55666666666666664,0.075661723315354742,0.42477009140662325,0.54247312159187866,0.23540606037051087,0.55085427430946088,0.87787920162983901,0.54247312159187866,0.30706706122136779
0.23999999999999999,0.79999999999999993,0.57333333333333325,0.079227916071161225,0.43538863509858639,0.55386956901251971,0.2369618678278666,0.56219785729066041,0.87321304686125001,0.55386956901251971,0.31690770118465311
0.23999999999999999,0.83999999999999986,0.58999999999999997,0.082707860572044226,0.44535341831924247,0.56446058074781702,0.23821432485714905,0.57272103441167599,0.86806297694857271,0.56446058074781702,0.32624625589066797
0.23999999999999999,0.87999999999999989,0.60666666666666669,0.086084276828839373,0.4546701315439981,0.57427209252628941,0.23920392196458262,0.58244959843689037,0.86231446645339438,0.57427209252628941,0.33506817056170679
0.23999999999999999,0.91999999999999982,0.62333333333333329,0.089333121330488582,0.46332753060820936,0.58331110420226828,0.23996714718811785,0.59138908933233358,0.85580421418661634,0.58331110420226828,0.34334395701415044
0.23999999999999999,0.95999999999999985,0.6399999999999999,0.092419073041335384,0.4712883784813085,0.59155710177208587,0.24053744658155474,0.5995153783979742,0.84828564405863516,0.59155710177208587,0.35101965519053113
0.23999999999999999,0.99999999999999989,0.65666666666666662,0.09528611072516327,0.47846965258843188,0.59894278267811252,0.24094626017936127,0.6067551347131388,0.83935524161634611,0.59894278267811252,0.35799652249875125
0.23999999999999999,1.0399999999999998,0.67333333333333334,0.097834351383480289,0.48469235991686832,0.60530449376103057,0.24122426768832456,0.61297658881565431,0.82826651971079579,0.60530449376103057,0.36408022607270601
0.23999999999999999,1.0799999999999998,0.68999999999999995,0.099845238543953635,0.48951532453618829,0.61021671210078243,0.24140277512918829,0.61808160759382924,0.81330710061070255,0.61021671210078243,0.36881393697159415
0.23999999999999999,1.1199999999999999,0.70666666666666655,0.10052780584112783,0.49120077863746159,0.61195467077669197,0.24150778427846081,0.6220995449354827,0.78774596730231083,0.61195467077669197,0.37044688649823115
0.23999999999999999,1.1599999999999997,0.72333333333333316,0.033341421629408362,0.21523125071648652,0.28466596224334278,0.13886942305371253,0.6251756375569103,0.096636618981538969,0.28466596224334278,0.14579653918963026
0.23999999999999999,1.1999999999999997,0.73999999999999988,0.025685833425725273,0.18173223200307034,0.24466893522373334,0.125873406441326,0.62746460488786804,0.094384736273692649,0.24466893522373334,0.11879552878240734
0.23999999999999999,1.2399999999999998,0.7566666666666666,0.023100730397277017,0.17061867056190638,0.23148090303846749,0.12172446495312222,0.62921100332937985,0.092246774189801192,0.23148090303846749,0.10975643808534527
0.23999999999999999,1.2799999999999998,0.77333333333333332,0.02174277438937226,0.16494331674270657,0.22481087537826719,0.11973511727112121,0.63003114172166119,0.090212898781161496,0.22481087537826719,0.10507575810714598
0.23999999999999999,1.3199999999999998,0.78999999999999992,0.020902429482856904,0.16156037134079398,0.22088745873735818,0.11865417479312838,0.6313131084450474,0.088274496588882048,0.22088745873735818,0.1022332839442298
0.23999999999999999,1.3599999999999999,0.80666666666666664,0.020335940916886959,0.15938557016709651,0.21840960613830207,0.11804807194241114,0.63083812409826434,0.086423978491495662,0.21840960613830207,0.10036153419589093
0.23999999999999999,1.3999999999999999,0.82333333333333336,0.019933901895399741,0.15793148452660527,0.2167921719217836,0.11772137479035664,0.63238422131939387,0.084654621827497903,0.2167921719217836,0.099070797131426955
0.23999999999999999,1.4399999999999999,0.83999999999999997,0.019638954593164212,0.15694252430010081,0.21572831808279183,0.11757158756538202,0.63241676348314735,0.082960442097896436,0.21572831808279183,0.098156730517409807
0.23999999999999999,1.48,0.85666666666666669,0.019417778431864749,0.15627034911221291,0.21504002253673729,0.11753934684904878,0.63064062326015724,0.081336087787710953,0.21504002253673729,0.097500675687688512
0.23999999999999999,1.5199999999999996,0.87333333333333318,0.019249548516253465,0.15582242230270366,0.21461630797584283,0.11758777134627833,0.63197214896331722,0.079776753443745033,0.21461630797584283,0.097028536629564496
0.23999999999999999,1.5599999999999996,0.8899999999999999,0.019120516976899014,0.15553781994654522,0.21438418080968644,0.11769272172628241,0.63306000091440051,0.078278107305779748,0.21438418080968644,0.096691459083404027
0.23999999999999999,1.5999999999999996,0.90666666666666651,0.019021213619850923,0.15537472092580012,0.21429359749566279,0.1178377531397253,0.63307278448365034,0.076836230640954364,0.21429359749566279,0.096455844355937487
0.23999999999999999,1.6399999999999997,0.92333333333333323,0.018944889664688085,0.15530344837645066,0.21430910051025279,0.11801130426760423,0.63192011176995133,0.075447566565467597,0.21430910051025279,0.096297796242648559
0.23999999999999999,1.6799999999999997,0.93999999999999995,0.018886600709224648,0.15530236862266286,0.21440488864203713,0.11820504003874854,0.62953418019267016,0.074108876614996766,0.21440488864203713,0.09619984860328859
0.23999999999999999,1.7199999999999998,0.95666666666666655,0.018842640167625924,0.15535535778512793,0.21456177186871386,0.11841282816717184,0.6281914460391177,0.072817203687965099,0.21456177186871386,0.09614894370154202
0.23999999999999999,1.7599999999999998,0.97333333333333327,0.018810175209353335,0.15545017447938908,0.21476521563802217,0.11863008231726616,0.63030767298022883,0.071569840264185419,0.21476521563802217,0.096135133320756017
0.23999999999999999,1.7999999999999998,0.98999999999999999,0.018787004932957325,0.15557737951262929,0.21500404284238836,0.11885332665951813,0.63185196638257302,0.07036430101692559,0.21500404284238836,0.09615071618287023
0.26000000000000001,0.12,0.31,0.012550123355789767,0.11330201495509068,0.15862666578013265,0.090649301650083933,0.16125255484787326,0.92281922018781615,0.15862666578013265,0.06797736413004872
0.26000000000000001,0.15999999999999998,0.32666666666666666,0.01669950070946067,0.14387127228288002,0.19991042093680322,0.11207829730784639,0.20370230081976912,0.92092226777261355,0.19991042093680322,0.087832123628956829
0.26000000000000001,0.19999999999999998,0.34333333333333332,0.020830550029383926,0.17197785186790507,0.23717873554247185,0.13040176734913356,0.24189915807999718,0.91896689298744694,0.23717873554247185,0.10677696819333829
0.26000000000000001,0.23999999999999999,0.35999999999999999,0.024942267972745961,0.19792468178384845,0.27098116486362833,0.14611296615955977,0.27644267339386908,0.91694519804985952,0.27098116486362833,0.12486819870406858
0.26000000000000001,0.27999999999999997,0.37666666666666665,0.029033501731183423,0.22196358198448607,0.30177025693746573,0.15961334990595932,0.30782350388865093,0.91484892342163171,0.30177025693746573,0.14215690703150641
0.26000000000000001,0.31999999999999995,0.39333333333333331,0.033102933828291575,0.24430570206838773,0.32992191510876162,0.17123242608074779,0.33644693486104044,0.91266925671279786,0.32992191510876162,0.15868948902801383
0.26000000000000001,0.35999999999999999,0.41000000000000003,0.03714906163129543,0.26512944053353882,0.3557508050978741,0.18124272912867054,0.36265051504544293,0.91039663131457593,0.3557508050978741,0.17450807596920356
0.26000000000000001,0.39999999999999997,0.42666666666666664,0.041170170680801983,0.28458652290710929,0.37952215139694651,0.18987125697967439,0.38671745049065148,0.90802050238028131,0.37952215139694651,0.18965089441727212
0.26000000000000001,0.43999999999999995,0.44333333333333336,0.04516430046022521,0.30280671241258711,0.40146086360204286,0.19730830237891153,0.40888689174841297,0.90552908633260598,0.40146086360204286,0.20415256122313133
0.26000000000000001,0.47999999999999993,0.45999999999999996,0.049129200597574356,0.31990148860804896,0.42175865983616928,0.20371434245624065,0.42936191095734894,0.90290904698145513,0.42175865983616928,0.21804431737992863
0.26000000000000001,0.51999999999999991,0.47666666666666668,0.053062274621288472,0.33596693359789653,0.44057966585551794,0.20922546451524285,0.44831573508900852,0.90014510610636711,0.44057966585551794,0.2313542013402751
0.26000000000000001,0.55999999999999994,0.49333333333333329,0.05696050713293236,0.35108599726563827,0.45806483572294815,0.21395767691461975,0.46589664140433251,0.89721954805878679,0.45806483572294815,0.24410715880832839
0.26000000000000001,0.59999999999999987,0.51000000000000001,0.060820368377401741,0.365330262756552,0.47433544415837436,0.21801036280364477,0.48223180687473721,0.89411157492200144,0.47433544415837436,0.25632508135472959
0.26000000000000001,0.6399999999999999,0.52666666666666662,0.064637687289003126,0.37876129428952232,0.48949582898139071,0.22146906938373673,0.49743031881920413,0.89079644813717163,0.48949582898139071,0.26802675959765399
0.26000000000000001,0.67999999999999994,0.54333333333333333,0.068407479474642804,0.39143161583634534,0.50363550502134224,0.22440777836999376,0.51158548773133161,0.88724431909191004,0.50363550502134224,0.27922772665134848
0.26000000000000001,0.71999999999999986,0.55999999999999994,0.072123708997799713,0.40338533591526637,0.51683072046506229,0.22689076909959183,0.52477654567186993,0.88341859542904566,0.51683072046506229,0.28993995136547046
0.26000000000000001,0.7599999999999999,0.57666666666666666,0.075778949840627177,0.41465839376659619,0.52914547410282398,0.22897416067245557,0.53706975462558926,0.87927359340844979,0.52914547410282398,0.3001713134303684
0.26000000000000001,0.79999999999999993,0.59333333333333327,0.079363889728055081,0.42527834397542985,0.54063194455152497,0.23070720115219018,0.5485188745294266,0.87475105243769458,0.54063194455152497,0.30992474339933479
0.26000000000000001,0.83999999999999986,0.60999999999999999,0.082866575374901871,0.43526349735635012,0.55133017660621619,0.23213335849973216,0.55916482393819256,0.86977475633332502,0.55133017660621619,0.31919681810648404
0.26000000000000001,0.87999999999999989,0.62666666666666671,0.086271210904813059,0.44462104470151237,0.56126667384316087,0.233291258283297,0.56903415015742076,0.86424183397533183,0.56126667384316087,0.32797541555986387
0.26000000000000001,0.91999999999999982,0.64333333333333331,0.089556132537711691,0.45334338075138048,0.57045113369942524,0.23421550589608953,0.57813546861240583,0.85800784067987113,0.57045113369942524,0.33623562780333571
0.26000000000000001,0.95999999999999985,0.65999999999999992,0.092690133568407204,0.46140086872361707,0.57886958003405187,0.23493742262086953,0.58645194587334304,0.85085916682824592,0.57886958003405187,0.34393215741318234
0.26000000000000001,0.99999999999999989,0.67666666666666664,0.095625099232313132,0.46872662232413193,0.58646947317713294,0.23548570170600203,0.5939257730146299,0.84245654262885605,0.58646947317713294,0.35098377147113091
0.26000000000000001,1.0399999999999998,0.69333333333333336,0.098278987196985149,0.47518018857557248,0.59312362986648526,0.23588688258182555,0.60044516533210202,0.83220116506814545,0.59312362986648526,0.35723674728465971
0.26000000000000001,1.0799999999999998,0.70999999999999996,0.10048652282543166,0.48043966244592518,0.59852210206686052,0.23616487924187063,0.60590277758040634,0.81883428390742186,0.59852210206686052,0.36235722282498989
0.26000000000000001,1.1199999999999999,0.72666666666666657,0.10177596619555626,0.48350143867877299,0.60166752640346155,0.23633217544937712,0.6103089529631982,0.79852958315856715,0.60166752640346155,0.36533535095408443
0.26000000000000001,1.1599999999999997,0.74333333333333318,0.042921613765380527,0.24940084300966797,0.32395964275387512,0.14911759948841427,0.61380691292086642,0.097312010325181303,0.32395964275387512,0.17484204326546085
0.26000000000000001,1.1999999999999997,0.7599999999999999,0.027414561772816134,0.1829087807035385,0.24437713706319075,0.12293671271930451,0.61649898038762918,0.095026423265461957,0.24437713706319075,0.12144042434388624
0.26000000000000001,1.2399999999999998,0.77666666666666662,0.023955568087046009,0.16824683220232461,0.22690324141167378,0.11731281841869833,0.61859904487359652,0.092857676813508205,0.22690324141167378,0.10959042299297546
0.26000000000000001,1.2799999999999998,0.79333333333333333,0.022298501650382167,0.16138316187161209,0.21878604306816321,0.11480576239310226,0.61978334436173887,0.090795568595890122,0.21878604306816321,0.10398028067506095
0.26000000000000001,1.3199999999999998,0.80999999999999994,0.021314024706601802,0.1574333452452934,0.21416546437760234,0.11346423826461791,0.62140302425011607,0.088831177290495805,0.21416546437760234,0.10070122611298443
0.26000000000000001,1.3599999999999999,0.82666666666666666,0.020664804647705308,0.15493255339714609,0.21128226459664085,0.1126994223989895,0.62129973592680143,0.086956654365115793,0.21128226459664085,0.098582842197651344
0.26000000000000001,1.3999999999999999,0.84333333333333338,0.02020987750359288,0.15326724874462722,0.2093991126465049,0.11226372780375536,0.62306276867489829,0.085165056906842632,0.2093991126465049,0.097135384842749542
0.26000000000000001,1.4399999999999999,0.85999999999999999,0.019878542693393779,0.15212943203070961,0.20814576869945095,0.11203267333748271,0.62336675523629681,0.083450212110655009,0.20814576869945095,0.096113095361968243
0.26000000000000001,1.48,0.87666666666666671,0.019630954636656671,0.15134556505852786,0.20731364841068139,0.11193616670430707,0.62192023640215455,0.081806606439402102,0.20731364841068139,0.09537748170637432
0.26000000000000001,1.5199999999999996,0.8933333333333332,0.019442753760641425,0.15080968650669332,0.2067754470924911,0.11193152117159554,0.62351437589969883,0.080229294213715593,0.2067754470924911,0.094843925920895564
0.26000000000000001,1.5599999999999996,0.90999999999999992,0.019298125802762855,0.15045314993610687,0.20644875157752152,0.11199120328282929,0.62472614192173759,0.078713821652771424,0.20644875157752152,0.094457548294692231
0.26000000000000001,1.5999999999999996,0.92666666666666653,0.019186318982907635,0.15022941802807599,0.20627774798331225,0.11209665991047249,0.62487705146504424,0.077256163311682044,0.20627774798331225,0.094181088072839758
0.26000000000000001,1.6399999999999997,0.94333333333333325,0.019099751196479286,0.15010579148201086,0.20622326866147639,0.11223495435893105,0.62387065628804517,0.075852668547260096,0.20622326866147639,0.093988314302545339
0.26000000000000001,1.6799999999999997,0.95999999999999996,0.019032914797684101,0.15005862086945118,0.20625702935021104,0.11239681696151972,0.62162828536693238,0.07450001615843975,0.20625702935021104,0.093860212388691314
0.26000000000000001,1.7199999999999998,0.97666666666666657,0.018981709999739631,0.15007039187138149,0.20635812085177699,0.11257545796079102,0.62101362188422171,0.073195175737693033,0.20635812085177699,0.093782662890985968
0.26000000000000001,1.7599999999999998,0.99333333333333329,0.018943021846442178,0.15012787574582059,0.20651078295296679,0.11276581441429243,0.62316322886379205,0.071935374568348961,0.20651078295296679,0.093744968538674367
0.28000000000000003,0.12,0.33000000000000002,0.01255571045582915,0.10889185983920674,0.15184252988749916,0.08590134009658483,0.15413187366420997,0.9232347244815341,0.15184252988749916,0.065941189790914331
0.28000000000000003,0.15999999999999998,0.34666666666666668,0.016707567671661209,0.13851413176468488,0.19176903457544831,0.10650980562152683,0.19514939428051095,0.92137310079182344,0.19176903457544831,0.085259228953921476
0.28000000000000003,0.19999999999999998,0.36333333333333334,0.020841412505415921,0.16583727149688435,0.22795835186242347,0.12424216073107826,0.23221722516921173,0.91945324596528744,0.22795835186242347,0.10371619113134521
0.28000000000000003,0.23999999999999999,0.38,0.024956257617580468,0.19113340062451273,0.26090304977322232,0.13953929829741918,0.26587094428148988,0.91746773985658159,0.26090304977322232,0.12136375147580312
0.28000000000000003,0.27999999999999997,0.39666666666666667,0.029050973661751359,0.2146303323316327,0.29101174386586354,0.1527628230684617,0.29655232034696605,0.91540877872033999,0.29101174386586354,0.13824892079740184
0.28000000000000003,0.31999999999999995,0.41333333333333333,0.033124274424469365,0.23652030616950126,0.3186261239377991,0.16421163553659568,0.32462886704704569,0.91326800524113061,0.3186261239377991,0.15441448840120342
0.28000000000000003,0.35999999999999999,0.43000000000000005,0.037174697138718245,0.25696668185997013,0.34403396805457054,0.1741345723892008,0.35040866607347332,0.91103632667735535,0.34403396805457054,0.16989939566536974
0.28000000000000003,0.39999999999999997,0.44666666666666666,0.04120057711516454,0.27610912356145134,0.36747919883266122,0.18274015054241977,0.37415173642473082,0.90870371057152199,0.36747919883266122,0.18473904829024146
0.28000000000000003,0.43999999999999995,0.46333333333333337,0.04520001540928132,0.29406765076576835,0.38916972903023089,0.19020415652892503,0.39607884496904877,0.90625894597735501,0.38916972903023089,0.19896557250130587
0.28000000000000003,0.47999999999999993,0.47999999999999998,0.049170837683318612,0.31094582514115388,0.40928363228640963,0.1966756142905115,0.41637839420802242,0.90368935527634109,0.40928363228640963,0.21260801799589812
0.28000000000000003,0.51999999999999991,0.4966666666666667,0.053110541647675917,0.32683326754910269,0.42797402729196049,0.20228151948571557,0.43521184421530273,0.90098043696260477,0.42797402729196049,0.22569250780624492
0.28000000000000003,0.55999999999999994,0.51333333333333331,0.057016229351427729,0.34180764534840213,0.4453729585186878,0.20713062634057133,0.45271799957654529,0.89811541245635329,0.4453729585186878,0.23824233217811647
0.28000000000000003,0.59999999999999987,0.53000000000000003,0.060884518935428775,0.35593622968775773,0.46159447980605689,0.21131650023659826,0.46901640099816772,0.89507463866098935,0.46159447980605689,0.25027797956945863
0.28000000000000003,0.6399999999999999,0.54666666666666663,0.06471142792762713,0.36927709054948904,0.47673708887118244,0.21491999664338679,0.48420999297464673,0.8918348301837179,0.47673708887118244,0.26181709222779564
0.28000000000000003,0.67999999999999994,0.56333333333333335,0.068492216166899267,0.38187996958871873,0.49088561389860591,0.21801128861977442,0.49838718465134407,0.88836800661680959,0.49088561389860591,0.27287432527883149
0.28000000000000003,0.71999999999999986,0.57999999999999996,0.072221169941870916,0.39378684306030037,0.5041126114635468,0.22065153680649285,0.51162337332555896,0.8846400332354496,0.5041126114635468,0.28346107465705395
0.28000000000000003,0.7599999999999999,0.59666666666666668,0.075891297961114976,0.40503215379433088,0.51647929117117719,0.22289427475369261,0.52398195090465161,0.88060854314319204,0.51647929117117719,0.29358501641748458
0.28000000000000003,0.79999999999999993,0.61333333333333329,0.079493890468103387,0.41564264312456867,0.52803592638352581,0.22478656651791434,0.53551475170105167,0.87621988595599154,0.52803592638352581,0.30324935986561147
0.28000000000000003,0.83999999999999986,0.63,0.083017857146552146,0.42563663312689681,0.53882162369031328,0.22636998112683299,0.54626180459295803,0.87140448095194445,0.53882162369031328,0.31245164256348029
0.28000000000000003,0.87999999999999989,0.64666666666666672,0.086448689590109221,0.43502245781125737,0.54886316689881742,0.22768141817512011,0.55625008003861243,0.86606942291910005,0.54886316689881742,0.32118174872369731
0.28000000000000003,0.91999999999999982,0.66333333333333333,0.089766747116832538,0.44379542612955714,0.55817233015525369,0.22875380805139317,0.56549056795101937,0.86008606008394461,0.55817233015525369,0.32941852210386052
0.28000000000000003,0.95999999999999985,0.67999999999999994,0.092944226557500356,0.45193197173905186,0.56674031829138083,0.22961669310465788,0.57397220923328174,0.85326762947762558,0.56674031829138083,0.33712362518672295
0.28000000000000003,0.99999999999999989,0.69666666666666666,0.095939303043841365,0.45937774996339853,0.57452607622859853,0.23029665253039994,0.58164949913182262,0.84532511996039406,0.57452607622859853,0.34422942369819859
0.28000000000000003,1.0399999999999998,0.71333333333333337,0.098683284514975267,0.46602065233592455,0.58142934334334895,0.2308173820148488,0.58842867192249515,0.83576820111921668,0.58142934334334895,0.35061196132850014
0.28000000000000003,1.0799999999999998,0.72999999999999998,0.10104650487466288,0.47161731234544813,0.58721658405150834,0.23119854341212043,0.59420773356525414,0.82363444310186729,0.58721658405150834,0.35601804063938791
0.28000000000000003,1.1199999999999999,0.74666666666666659,0.10271061658208122,0.47551155279352875,0.59123538901477102,0.23144767244248454,0.59895742432927102,0.80643244839929662,0.59123538901477102,0.35978771657228648
0.28000000000000003,1.1599999999999997,0.7633333333333332,0.1015932380847638,0.4730594644114533,0.58875864391127308,0.23139835899963962,0.60283478380819577,0.76423184432338132,0.58875864391127308,0.35736028491163346
0.28000000000000003,1.1999999999999997,0.77999999999999992,0.029886476128821449,0.18734899805031863,0.24820012291662241,0.12170224973260757,0.60590055495362383,0.095669621170754643,0.24820012291662241,0.12649787318401484
0.28000000000000003,1.2399999999999998,0.79666666666666663,0.024986350501005672,0.16691312338680017,0.2237657248280156,0.11370520288243087,0.60833646247060202,0.093469626778348691,0.2237657248280156,0.11006052194558473
0.28000000000000003,1.2799999999999998,0.81333333333333335,0.022926048462880003,0.15847567239622468,0.21373795594687331,0.11052456710129727,0.60986554416000227,0.091378894787199599,0.21373795594687331,0.10321338884557604
0.28000000000000003,1.3199999999999998,0.82999999999999996,0.021763014477187113,0.1538392986350165,0.20827666683181981,0.10887473639360661,0.61180415812988909,0.08938818325799168,0.20827666683181981,0.099401930438213201
0.28000000000000003,1.3599999999999999,0.84666666666666668,0.02101603475907635,0.15096391008079407,0.20493017040223724,0.10793252064288632,0.61204876888119919,0.087489374101738765,0.20493017040223724,0.096997649759350921
0.28000000000000003,1.3999999999999999,0.8633333333333334,0.020500480602859486,0.14906444738478264,0.20275425683683954,0.10737961890411378,0.61402300894664796,0.085675296005161314,0.20275425683683954,0.095374637932725756
0.28000000000000003,1.4399999999999999,0.88,0.020128308125124814,0.14776595148016797,0.20129774922392199,0.10706359548750807,0.61459320511200199,0.083939581255020199,0.20129774922392199,0.094234153736413917
0.28000000000000003,1.48,0.89666666666666672,0.019851538015988674,0.14686401112429234,0.20031465993529451,0.10690129762200436,0.61347423522400102,0.082276548900358834,0.20031465993529451,0.093413362313290157
0.28000000000000003,1.5199999999999996,0.91333333333333322,0.019641535394523402,0.14623670613911957,0.19965830264480036,0.1068431930113616,0.61528839407278935,0.080681108600471826,0.19965830264480036,0.092815109633438767
0.28000000000000003,1.5599999999999996,0.92999999999999994,0.019480042952948751,0.14580641776123715,0.19923533927670639,0.1068578430309385,0.61662604651015362,0.079148680881119746,0.19923533927670639,0.092377496245767896
0.28000000000000003,1.5999999999999996,0.94666666666666655,0.019354820548524505,0.14552122731342201,0.19898338540168431,0.10692431617652459,0.61691915712469814,0.077675130525141911,0.19898338540168431,0.092059069225159718
0.28000000000000003,1.6399999999999997,0.96333333333333326,0.019257332119067296,0.14534503706990873,0.19885911173004203,0.10702814932026661,0.61606636817807181,0.076256710565599406,0.19885911173004203,0.091830962409775424
0.28000000000000003,1.6799999999999997,0.97999999999999998,0.019181432821168871,0.14525195869573509,0.19883148364138087,0.10715904989129155,0.61397948028658822,0.074890014904531871,0.19883148364138087,0.091672433750089322
0.28000000000000003,1.7199999999999998,0.99666666666666659,0.019122582417959184,0.14522294955565573,0.19887770815940842,0.10730951720750538,0.61399882811876916,0.073571937999917875,0.19887770815940842,0.091568190951903036
0.29999999999999999,0.12,0.34999999999999998,0.012561175547928388,0.10482139692933806,0.14561838125105867,0.081593968643441192,0.14761780499007252,0.923640785267558,0.14561838125105867,0.064024412607617473
0.29999999999999999,0.15999999999999998,0.36666666666666664,0.016715441440262418,0.13355173617826932,0.1842694198734165,0.10143536739029436,0.1872912984455429,0.9218126892812315,0.1842694198734165,0.082834052483122131
0.29999999999999999,0.19999999999999998,0.3833333333333333,0.020851997522424334,0.16013064220754453,0.21943370126175488,0.11860611810842067,0.22328714658044183,0.91992667034113218,0.21943370126175488,0.1008275831533342
0.29999999999999999,0.23999999999999999,0.40000000000000002,0.024969872469217631,0.18480347026278346,0.25155439659903445,0.13350185267250197,0.25608572050118433,0.91797573119567033,0.25155439659903445,0.11805254392653247
0.29999999999999999,0.27999999999999997,0.41666666666666663,0.029067959746324656,0.20777696923168704,0.2810016542474138,0.14644937003145353,0.28608613736403415,0.91595247738063668,0.2810016542474138,0.13455228421596027
0.29999999999999999,0.31999999999999995,0.43333333333333335,0.033145003130809009,0.22922663613382982,0.30808692502952545,0.15772057779139123,0.31362262623232318,0.9138489647780188,0.30808692502952545,0.15036634723813422
0.29999999999999999,0.35999999999999999,0.44999999999999996,0.037199577804851086,0.24930240463195627,0.33307401468344366,0.16754322010297479,0.33897705932109679,0.91165653436865413,0.33307401468344366,0.16553079458046888
0.29999999999999999,0.39999999999999997,0.46666666666666667,0.041230066209155182,0.26813308787687584,0.35618769778811937,0.17610921982248701,0.36238865153591288,0.90936562508519814,0.35618769778811937,0.18007847796563237
0.29999999999999999,0.43999999999999995,0.48333333333333328,0.045234627464065147,0.28582987658591541,0.37762049080234722,0.18358122843286367,0.38406153976223828,0.90696555417443891,0.37762049080234722,0.19403926236948355
0.29999999999999999,0.47999999999999993,0.5,0.049211158667089049,0.30248910997278533,0.39753801738070482,0.19009781481583898,0.40417075308163025,0.90444425182103194,0.39753801738070482,0.20744020256486584
0.29999999999999999,0.51999999999999991,0.51666666666666661,0.05315724568447576,0.3181944778708633,0.41608328280143264,0.19577760986113873,0.42286694493991372,0.90178793257171375,0.41608328280143264,0.22030567294029391
0.29999999999999999,0.55999999999999994,0.53333333333333333,0.057070100063670179,0.33301876913045603,0.43338009045484377,0.20072264264877543,0.44028015826138539,0.89898067962771633,0.43338009045484377,0.23265744780606834
0.29999999999999999,0.59999999999999987,0.54999999999999993,0.060946477230334764,0.34702524864569551,0.44953577132934064,0.20502104536729024,0.45652282132617494,0.89600390814847275,0.44953577132934064,0.2445147259620504
0.29999999999999999,0.6399999999999999,0.56666666666666665,0.064782568912222255,0.36026871916063707,0.46464334986785544,0.20874926141443678,0.47169211673521777,0.89283565829134293,0.46464334986785544,0.25589408845341866
0.29999999999999999,0.67999999999999994,0.58333333333333326,0.068573859262236997,0.37279630097862393,0.4787832307917278,0.21197385962620779,0.48587182114137889,0.88944964424109219,0.4787832307917278,0.26680937116552
0.29999999999999999,0.71999999999999986,0.59999999999999987,0.072314928562928385,0.38464793945164455,0.49202445649277382,0.21475303408225854,0.49913367374189743,0.885813945557269,0.49202445649277382,0.27727142241051528
0.29999999999999999,0.7599999999999999,0.6166666666666667,0.075999179071945852,0.39585662219428347,0.5044255477735351,0.21713785115850326,0.51153829041906929,0.88188915982433957,0.5044255477735351,0.28728769661503184
0.29999999999999999,0.79999999999999993,0.6333333333333333,0.079618441391094849,0.40644824804510049,0.51603489391268043,0.21917329173515981,0.52313558877842803,0.87762571744576412,0.51603489391268043,0.29686160217752061
0.29999999999999999,0.83999999999999986,0.64999999999999991,0.083162390340412437,0.41644102393505622,0.52689058657150645,0.22089912527290051,0.53396461092390224,0.87295984229240264,0.52689058657150645,0.30599146129860594
0.29999999999999999,0.87999999999999989,0.66666666666666663,0.086617642859003308,0.42584414432361556,0.53701946543034573,0.22235064221346035,0.54405249186764293,0.8678072200597724,0.53701946543034573,0.31466882321688538
0.29999999999999999,0.91999999999999982,0.68333333333333324,0.089966294554695278,0.43465526136563459,0.54643489090709896,0.22355925908292867,0.55341204347844841,0.86205255932297209,0.54643489090709896,0.32287563182417028
0.29999999999999999,0.95999999999999985,0.69999999999999996,0.093183393059088793,0.44285570360100612,0.55513219864531771,0.22455299008862312,0.56203680610457829,0.85553124792870705,0.55513219864531771,0.33057920855669459
0.29999999999999999,0.99999999999999989,0.71666666666666656,0.096232205365109555,0.45040102679353367,0.56307939153646447,0.22535672948586155,0.56989108722323867,0.84799431551549764,0.56307939153646447,0.33772266205060292
0.29999999999999999,1.0399999999999998,0.73333333333333328,0.09905430358923957,0.45720051528217998,0.57019658287955044,0.22599213519474098,0.57689632523501799,0.83903338407351902,0.57019658287955044,0.34420444768480946
0.29999999999999999,1.0799999999999998,0.75,0.10154506619389014,0.46306520096785608,0.57630334917643256,0.22647629641715294,0.58295901568446329,0.82789020498799459,0.57630334917643256,0.34982705275927961
0.29999999999999999,1.1199999999999999,0.76666666666666661,0.10347380733537269,0.4675345614545009,0.58094205370306085,0.2268149844971199,0.58804086235620989,0.81281312254704785,0.58094205370306085,0.35412706920594095
0.29999999999999999,1.1599999999999997,0.78333333333333321,0.10398543947773296,0.46876897444814475,0.58224178963012774,0.22694563036396598,0.59224077241817819,0.78674340930900544,0.58224178963012774,0.35529615926616176
0.29999999999999999,1.1999999999999997,0.79999999999999982,0.033914745572577301,0.19815085707535024,0.25983503053083068,0.12336834691096085,0.59565202758480773,0.096315241134860174,0.25983503053083068,0.13646668361986983
0.29999999999999999,1.2399999999999998,0.81666666666666665,0.026272432809032461,0.16685312741211469,0.22232523309714405,0.11094421137005871,0.59840552546144854,0.094083486536845978,0.22232523309714405,0.11138102172708535
0.29999999999999999,1.2799999999999998,0.83333333333333326,0.02364575159716507,0.15623934770260564,0.2096620323270029,0.10684536924879449,0.600260814557252,0.091963696527818523,0.2096620323270029,0.1028166630782084
0.29999999999999999,1.3199999999999998,0.84999999999999987,0.0222571414483878,0.15075279042666775,0.20316344744660636,0.10482131403987721,0.60249969472686604,0.089946294864906018,0.20316344744660636,0.098342133406729149
0.29999999999999999,1.3599999999999999,0.8666666666666667,0.021393316335052877,0.14744067219387397,0.19927932479568883,0.10367730520362969,0.60307122301128024,0.088022883029888657,0.19927932479568883,0.095602019592059134
0.29999999999999999,1.3999999999999999,0.8833333333333333,0.02080774310586897,0.14527878877976305,0.19677712464783878,0.10299667173615146,0.60525014323061732,0.086186052586304004,0.19677712464783878,0.093780452911687323
0.29999999999999999,1.4399999999999999,0.89999999999999991,0.020389497593027391,0.14380531002898506,0.19510073397716093,0.10259084789635178,0.60607984501415413,0.084429233851433264,0.19510073397716093,0.092509886080809151
0.29999999999999999,1.48,0.91666666666666674,0.020080359504036513,0.14277759859851147,0.1939578961191834,0.10236059504134384,0.60528360751681798,0.08274657269731002,0.1939578961191834,0.09159730107783956
0.29999999999999999,1.5199999999999996,0.93333333333333313,0.019846485520644126,0.1420546155155909,0.19317873308701344,0.10224823514284508,0.6072837101844919,0.0811328293827321,0.19317873308701344,0.090930497944168368
0.29999999999999999,1.5599999999999996,0.94999999999999996,0.019666714340463982,0.14154825487335107,0.19265715615248238,0.10221780255826263,0.60874832948921798,0.079583294816048727,0.19265715615248238,0.090439353594219757
0.29999999999999999,1.5999999999999996,0.96666666666666656,0.019527070056368282,0.14120042778042641,0.19232326036451,0.10224566516816716,0.60918650108723083,0.078093720738096964,0.19232326036451,0.090077595196342841
0.29999999999999999,1.6399999999999997,0.98333333333333317,0.019417920893423372,0.14097119969910338,0.19212902758502259,0.10231565577183845,0.60849304716915142,0.076660261117629636,0.19212902758502259,0.089813371813184148
0.29999999999999999,1.6799999999999997,1,0.019332399182773123,0.14083218670634351,0.19204036475323702,0.10241635609378702,0.60657159246318448,0.075279422650260358,0.19204036475323702,0.08962400865945
0.32000000000000001,0.12,0.37,0.012566528610036947,0.10105223099862654,0.13988763061579315,0.077670799234333232,0.14163592875704611,0.92403821130458264,0.13988763061579315,0.062216831381459926
0.32000000000000001,0.15999999999999998,0.38666666666666666,0.01672313797807275,0.12894138377903053,0.17733853911073927,0.096794310663417496,0.18004655038226891,0.92224200283329894,0.17733853911073927,0.080544228447321772
0.32000000000000001,0.19999999999999998,0.40333333333333332,0.020862327909730933,0.15481292467399413,0.21152883607237402,0.11343182279675978,0.21502448240547056,0.92038827286785707,0.21152883607237402,0.098097013275614237
0.32000000000000001,0.23999999999999999,0.42000000000000004,0.024983143040021041,0.17888884326224164,0.24285867023790847,0.12793965395133367,0.24700220847095314,0.91847040124020096,0.24285867023790847,0.1149190162865748
0.32000000000000001,0.27999999999999997,0.43666666666666665,0.029084499016651239,0.2013573330154147,0.27166437316755954,0.14061408030428965,0.27634147844811857,0.91648136313411233,0.27166437316755954,0.13105029286326988
0.32000000000000001,0.31999999999999995,0.45333333333333337,0.033165168425592174,0.22237901913625607,0.29823058129763413,0.15170312432275615,0.30334709012116534,0.91441359136107336,0.29823058129763413,0.14652745697487798
0.32000000000000001,0.35999999999999999,0.46999999999999997,0.037223762639953265,0.24209181727141049,0.32279967047900643,0.1614157064151919,0.3282775403650991,0.91225882539035008,0.32279967047900643,0.16138396406381453
0.32000000000000001,0.39999999999999997,0.48666666666666669,0.041258708821544469,0.26061475805296686,0.34557916784612547,0.16992881958631723,0.35135333966914062,0.91000793921157563,0.34557916784612547,0.17565034825980824
0.32000000000000001,0.43999999999999995,0.5033333333333333,0.045268220966547972,0.27805101979492985,0.36674762240006298,0.17739320521026619,0.37276355965827651,0.90765073865450241,0.36674762240006298,0.18935441718979679
0.32000000000000001,0.47999999999999993,0.52000000000000002,0.049250263439077797,0.29449034625418902,0.3864592866111381,0.18393788071389819,0.39267102717132224,0.90517571634924787,0.3864592866111381,0.20252140589723991
0.32000000000000001,0.51999999999999991,0.53666666666666663,0.0532025048176301,0.3100109792386419,0.40484786899243275,0.18967377950758171,0.41121646787764149,0.90256974872632523,0.40484786899243275,0.21517408948485103
0.32000000000000001,0.55999999999999994,0.55333333333333334,0.057122258995856628,0.32468120103399328,0.42202955024599531,0.19469669842400403,0.42852182255631588,0.8998177137188289,0.42202955024599531,0.22733285182199128
0.32000000000000001,0.59999999999999987,0.56999999999999995,0.061006409181991766,0.33856055496122478,0.43810540523662733,0.19908970055080513,0.44469290005637507,0.89690199911671065,0.43810540523662733,0.2390157046858222
0.32000000000000001,0.6399999999999999,0.58666666666666667,0.064851308486162745,0.35170079075602323,0.45316333398755848,0.2029250864630705,0.45982148560071873,0.89380185810921842,0.45316333398755848,0.25023824752448798
0.32000000000000001,0.67999999999999994,0.60333333333333328,0.068652647756551263,0.36414656223862352,0.46727957268286668,0.20626602088848628,0.47398698616812324,0.89049254745911077,0.46727957268286668,0.26101355179438041
0.32000000000000001,0.71999999999999986,0.61999999999999988,0.072405276494218851,0.37593588517800786,0.48051982630242684,0.20916788224883798,0.48725766151660838,0.88694414968861002,0.48051982630242684,0.27135194405358887
0.32000000000000001,0.7599999999999999,0.63666666666666671,0.076102954709681064,0.38710033973360908,0.49294003347739168,0.21167938748756521,0.49969145485700395,0.88311992386284111,0.49294003347739168,0.28126064598982647
0.32000000000000001,0.79999999999999993,0.65333333333333332,0.079737999940603405,0.39766496850531996,0.5045867348527221,0.21384353269480422,0.51133639391999552,0.87897393124548007,0.5045867348527221,0.29074320215791788
0.32000000000000001,0.83999999999999986,0.66999999999999993,0.083300769233510499,0.4076477669921062,0.51549695698965015,0.2156983799950879,0.52223046827621511,0.87444750424466411,0.51549695698965015,0.29979857699456225
0.32000000000000001,0.87999999999999989,0.68666666666666665,0.086778869865982461,0.41705856512806605,0.52569742083234294,0.21727771140855384,0.5324007759896211,0.86946378797122104,0.52569742083234294,0.3084197094237891
0.32000000000000001,0.91999999999999982,0.70333333333333325,0.090155900219140495,0.42589690412480896,0.53520268322104891,0.2186115581924799,0.5418615124769901,0.8639188949452371,0.53520268322104891,0.31659112502856901
0.32000000000000001,0.95999999999999985,0.71999999999999997,0.093409321992884251,0.43414809120182524,0.54401138772200253,0.21972659304035458,0.55060989917206693,0.85766670069723283,0.54401138772200253,0.32428479468164795
0.32000000000000001,0.99999999999999989,0.73666666666666658,0.096506586402794678,0.44177560072178101,0.55209876262866264,0.2206463238137632,0.5586181163572006,0.85049063898813637,0.55209876262866264,0.33145243881489944
0.32000000000000001,1.0399999999999998,0.7533333333333333,0.099397335808558321,0.44870520892777194,0.5594006526968559,0.22139088753816794,0.56582116759515189,0.84204571072440526,0.5594006526968559,0.33800976515868797
0.32000000000000001,1.0799999999999998,0.77000000000000002,0.10199526530399726,0.45478710268836625,0.56577497550060896,0.22197574562448541,0.57213220043418267,0.83172021260222684,0.56577497550060896,0.34379922987612355
0.32000000000000001,1.1199999999999999,0.78666666666666663,0.10412500412642928,0.45968242764692258,0.57088553502187678,0.22240621474990835,0.57750954808187716,0.81821774331544528,0.57088553502187678,0.34847932027196843
0.32000000000000001,1.1599999999999997,0.80333333333333323,0.10527548411940643,0.46232478832656032,0.57364742920015732,0.22264528174719395,0.5820073398978437,0.79751360269578608,0.57364742920015732,0.35100214745296338
0.32000000000000001,1.1999999999999997,0.81999999999999984,0.04258146479195464,0.22723832762806792,0.29358845999083261,0.13270026472552937,0.58573726900070011,0.096964086446501979,0.29358845999083261,0.16088819526530324
0.32000000000000001,1.2399999999999998,0.83666666666666667,0.0279543338620327,0.16853092071314713,0.22311844060818772,0.10917503979008118,0.58879001993538194,0.094700013628502527,0.22311844060818772,0.11394340081810654
0.32000000000000001,1.2799999999999998,0.85333333333333328,0.024486930380824848,0.15473053714956259,0.20660398538780855,0.10374689647649195,0.59095999110839115,0.092550691019498768,0.20660398538780855,0.1028570889113166
0.32000000000000001,1.3199999999999998,0.86999999999999988,0.022806503572898516,0.14816341426859417,0.19879098920106086,0.10125514986493339,0.59347450737810925,0.090506193416702976,0.19879098920106086,0.097535839336127472
0.32000000000000001,1.3599999999999999,0.88666666666666671,0.021801168839441568,0.14433396657916064,0.19427257674647957,0.09987722033463789,0.59437150928546445,0.088557830249688413,0.19427257674647957,0.094395356411841685
0.32000000000000001,1.3999999999999999,0.90333333333333332,0.021134050744708147,0.14187460577132421,0.191402313229349,0.099055414916049578,0.59673065902902167,0.086697946647248877,0.191402313229349,0.092346898313299425
0.32000000000000001,1.4399999999999999,0.91999999999999993,0.020663525590303832,0.14020882636317075,0.18948563357714893,0.098553614427956335,0.59781205267464999,0.084919763428118133,0.18948563357714893,0.090932019149192592
0.32000000000000001,1.48,0.93666666666666676,0.020318334859322603,0.13904610999189057,0.18817236894571726,0.098252517907653394,0.59733155934932169,0.083217247148004297,0.18817236894571726,0.089919851038063867
0.32000000000000001,1.5199999999999996,0.95333333333333314,0.02005823999547254,0.13822232159554668,0.18726465276466675,0.098084662338240161,0.5994905199255931,0.081585003620356047,0.18726465276466675,0.089179990426426589
0.32000000000000001,1.5599999999999996,0.96999999999999997,0.019858607610666001,0.13763701946147844,0.18664141648192353,0.098008794040890204,0.60108240416167857,0.080018189961132163,0.18664141648192353,0.088632622441033329
0.32000000000000001,1.5999999999999996,0.98666666666666658,0.019703428395669749,0.1372250040611131,0.18622410129897102,0.097998194475715866,0.60166741117562472,0.078512441391455814,0.18622410129897102,0.088225906823255151
0.34000000000000002,0.12,0.39000000000000001,0.012571778207439136,0.097551605401257568,0.13459383771201608,0.074084464621517007,0.13612352352464011,0.92442769279874015,0.13459383771201608,0.060509373090499072
0.34000000000000002,0.15999999999999998,0.40666666666666668,0.016730671055429008,0.12464638020594208,0.17091402872095174,0.092535297030019309,0.17334594896661193,0.92266187348821982,0.17091402872095174,0.078378731690932429
0.34000000000000002,0.19999999999999998,0.42333333333333334,0.020872423454974122,0.14984516386100771,0.20417847427617722,0.108666620830339,0.20735698965435234,0.9208390083008926,0.20417847427617722,0.095511853445838221
0.34000000000000002,0.23999999999999999,0.44000000000000006,0.024996095893875962,0.17334945857394515,0.23474968381106934,0.12280045047424835,0.23854739237825082,0.91895281549874663,0.23474968381106934,0.11194923333682098
0.34000000000000002,0.27999999999999997,0.45666666666666667,0.029100625589850427,0.19533105120137753,0.26293414702631462,0.13520619164987419,0.26724603816623843,0.91699660589930487,0.26293414702631462,0.12772795537644044
0.34000000000000002,0.31999999999999995,0.47333333333333338,0.033184812835121119,0.21593731535306121,0.28899264705363542,0.14611066340114845,0.29373161457731251,0.91496315764345582,0.28899264705363542,0.14288198365248697
0.34000000000000002,0.35999999999999999,0.48999999999999999,0.03724730357315735,0.23529538115867712,0.31314835268551772,0.15570594305368118,0.31824171497370973,0.91284457760915561,0.31314835268551772,0.15744240963183653
0.34000000000000002,0.39999999999999997,0.50666666666666671,0.041286567479373572,0.25351544152975619,0.33559322327482694,0.16415556349014146,0.34097999796128764,0.91063214250758628,0.33559322327482694,0.17143765978468548
0.34000000000000002,0.43999999999999995,0.52333333333333332,0.045300870514361047,0.27069339131781911,0.35649311654027077,0.17159945044490332,0.36212186622533571,0.90831611131102574,0.35649311654027077,0.18489366609536745
0.34000000000000002,0.47999999999999993,0.54000000000000004,0.049288240515501694,0.28691294400790024,0.37599188747762585,0.1781578869394512,0.38181900139174058,0.90588549842518185,0.37599188747762585,0.19783400053817465
0.34000000000000002,0.51999999999999991,0.55666666666666664,0.053246423837009241,0.30224733286564209,0.39421469276664278,0.18393471980200135,0.40020300368612949,0.90332779361672,0.39421469276664278,0.21027997296464143
0.34000000000000002,0.55999999999999994,0.57333333333333336,0.057172830258050894,0.31676067527025153,0.41127066065986434,0.18901997077922564,0.41738832099961304,0.90062860960802193,0.41127066065986434,0.2222506898806387
0.34000000000000002,0.59999999999999987,0.58999999999999997,0.061064462224876555,0.33050905712237477,0.42725504523280627,0.193491976220863,0.43347460394870502,0.89777123057768371,0.42725504523280627,0.23376306901194327
0.34000000000000002,0.6399999999999999,0.60666666666666669,0.064917822765907782,0.34354137628428688,0.44225095163174538,0.197419150694917,0.44854858624566607,0.89473602309058342,0.44225095163174538,0.24483180093682838
0.34000000000000002,0.67999999999999994,0.62333333333333329,0.068728793765286803,0.35589996788476652,0.45633069207381449,0.200861448378096,0.46268555900065883,0.89149965272236287,0.45633069207381449,0.2554692436957185
0.34000000000000002,0.71999999999999986,0.6399999999999999,0.072492472086215468,0.36762101778281331,0.4695568076184724,0.20387157967131819,0.47595047972583165,0.88803402043974788,0.4695568076184724,0.26568522794715421
0.34000000000000002,0.7599999999999999,0.65666666666666673,0.076202944192472186,0.37873475058758715,0.4819827644573213,0.20649602773946829,0.48839872764166981,0.88430478463794759,0.4819827644573213,0.27548673671785301
0.34000000000000002,0.79999999999999993,0.67333333333333334,0.079852968341452349,0.38926535062069012,0.4936533003139672,0.20877589938655416,0.50007648046366793,0.88026925241708076,0.4936533003139672,0.28487740092741304
0.34000000000000002,0.83999999999999986,0.68999999999999995,0.083433513006298282,0.39923052926818969,0.50460434713240199,0.21074763572842453,0.51102063384337004,0.87587327693990302,0.50460434713240199,0.29385671140397746
0.34000000000000002,0.87999999999999989,0.70666666666666667,0.086933062359793048,0.40864057229253425,0.51486237183331729,0.21244359908156601,0.52125809242250565,0.87104652282461559,0.51486237183331729,0.30241877275175127
0.34000000000000002,0.91999999999999982,0.72333333333333327,0.090336525321934175,0.41749654582986095,0.52444281622670486,0.21389254079368775,0.53080408541541391,0.86569491495916651,0.52444281622670486,0.31055027543301711
0.34000000000000002,0.95999999999999985,0.73999999999999999,0.09362342770035624,0.42578701290837878,0.53334698016777637,0.21511993451879519,0.53965878983671356,0.85968791713732684,0.53334698016777637,0.31822704564898119
0.34000000000000002,0.99999999999999989,0.7566666666666666,0.096764704107136654,0.43348185244925619,0.5415559097189625,0.21614811453941268,0.5478007462113953,0.85283554668699968,0.5415559097189625,0.32540779517954982
0.34000000000000002,1.0399999999999998,0.77333333333333332,0.099716463014726892,0.44051978083690202,0.54901779952806973,0.21699603738233536,0.55517624218285888,0.84484279316565225,0.54901779952806973,0.33202176214573437
0.34000000000000002,1.0799999999999998,0.79000000000000004,0.10240621776679437,0.44678003563217872,0.55561907949835232,0.21767808773234715,0.56170580619295984,0.83520658661620328,0.55561907949835232,0.33794099176600517
0.34000000000000002,1.1199999999999999,0.80666666666666664,0.1046959035002534,0.45200461508076445,0.56110445461065916,0.21819967905978943,0.56734613789284605,0.82293096886737505,0.56110445461065916,0.34290477555086973
0.34000000000000002,1.1599999999999997,0.82333333333333325,0.10624015936324735,0.45549398374139582,0.56476229624189223,0.21853662500099286,0.57211783655497006,0.8053888823815829,0.56476229624189223,0.34622567124089937
0.34000000000000002,1.1999999999999997,0.83999999999999986,0.10404584432932647,0.45073820008853066,0.5598232035718077,0.21817000696655409,0.5761411613773203,0.74457642468044027,0.5598232035718077,0.34165319660525362
0.34000000000000002,1.2399999999999998,0.85666666666666669,0.030311942114257532,0.17292111405326499,0.22730037007935819,0.10875851205218637,0.57947501291067238,0.095319881980880913,0.22730037007935819,0.11854185802717182
0.34000000000000002,1.2799999999999998,0.87333333333333329,0.025493795103864715,0.15406200099992645,0.20468124845409819,0.1012384949083435,0.58201278072704921,0.093140513979268286,0.20468124845409819,0.10344275354575469
0.34000000000000002,1.3199999999999998,0.8899999999999999,0.02342459715417998,0.14607767592239396,0.19514859616450128,0.098141840484214649,0.58471488834760788,0.091068480880234878,0.19514859616450128,0.097006755680286633
0.34000000000000002,1.3599999999999999,0.90666666666666673,0.022245227629163929,0.1416244264781954,0.18986796861932101,0.096487084282251223,0.58597470867255008,0.089094787656231522,0.18986796861932101,0.093380884337069786
0.34000000000000002,1.3999999999999999,0.92333333333333334,0.021482242197222827,0.13882370787384737,0.18657716779867009,0.095506919849645419,0.58845217839274988,0.087211523080221356,0.18657716779867009,0.091070247949024671
0.34000000000000002,1.4399999999999999,0.93999999999999995,0.020952016699351102,0.13694459702092779,0.1843952666152946,0.094901339188733613,0.58977664228967208,0.085411690462005252,0.1843952666152946,0.089493927426560982
0.34000000000000002,1.48,0.95666666666666678,0.020566485777114864,0.13563582669033789,0.18289866453806028,0.094525675695444789,0.58960323081973565,0.083689070517022957,0.18289866453806028,0.088372988842615491
0.34000000000000002,1.5199999999999996,0.97333333333333316,0.020277490539178211,0.1347051076712017,0.18185540478186579,0.094300594221328179,0.5918996542372198,0.082038109257758854,0.18185540478186579,0.087554810560537613
0.34000000000000002,1.5599999999999996,0.98999999999999999,0.020056220007845585,0.13403738927391462,0.181126696996531,0.094178615445232747,0.59361841977871521,0.080453825579159838,0.181126696996531,0.086948081551298254
0.35999999999999999,0.12,0.40999999999999998,0.012576931746927998,0.094291395715505461,0.12968884998805871,0.070794908545106505,0.13102735420168604,0.92480982340403339,0.12968884998805871,0.058893941442952215
0.35999999999999999,0.15999999999999998,0.42666666666666664,0.016738052631217571,0.12063501004400143,0.1649423189134786,0.088614617738954335,0.16713033069471112,0.92307302034055361,0.1649423189134786,0.076327701174524268
0.35999999999999999,0.19999999999999998,0.4433333333333333,0.020882301415800473,0.14519348769814727,0.19732619107174171,0.1042654067471889,0.20022249561062522,0.92127970567221362,0.19732619107174171,0.093060784324552809
0.35999999999999999,0.23999999999999999,0.45999999999999996,0.025008754290677181,0.16815029243642765,0.22716990667145476,0.11803922847005424,0.23065805633380071,0.91942390322071543,0.22716990667145476,0.10913067820140052
0.35999999999999999,0.27999999999999997,0.47666666666666663,0.029116369448614263,0.18966265284728262,0.25475352595213863,0.13018174620971201,0.25873687198457301,0.91749923004727962,0.25475352595213863,0.12457177974242661
0.35999999999999999,0.31999999999999995,0.49333333333333329,0.033203973854962175,0.20986609906444983,0.28031654792054578,0.14090089771219189,0.28471439239086044,0.9154987819310515,0.28031654792054578,0.13941565020835389
0.35999999999999999,0.35999999999999999,0.51000000000000001,0.037270246523779402,0.22887805737376932,0.30406488274964999,0.15037365075176137,0.30880946881852733,0.91341500561169919,0.30406488274964999,0.15369123199788862
0.35999999999999999,0.39999999999999997,0.52666666666666662,0.041313697613333658,0.2468007199177889,0.32617640899045885,0.15875137814533988,0.33121054511161729,0.9112395516270303,0.32617640899045885,0.16742503084511898
0.35999999999999999,0.43999999999999995,0.54333333333333333,0.045332642380815892,0.26372334963570576,0.34680543386327106,0.16616416845513057,0.3520806018317586,0.90896310026712523,0.34680543386327106,0.18064126540814049
0.35999999999999999,0.47999999999999993,0.55999999999999994,0.049325168672617083,0.27972413933357404,0.36608629367867401,0.17272430869019995,0.37156112899208266,0.90657515112133957,0.36608629367867401,0.19336198498847407
0.35999999999999999,0.51999999999999991,0.57666666666666666,0.053289096125828883,0.29487171339368107,0.38413627207572565,0.17852911736408916,0.38977533270883619,0.90406376363228125,0.38413627207572565,0.20560715471163649
0.35999999999999999,0.55999999999999994,0.59333333333333327,0.057221924547514957,0.30922633767491869,0.40105796956221501,0.18366326377459263,0.40683072922422892,0.90141523152834913,0.40105796956221501,0.21739470578762238
0.35999999999999999,0.59999999999999987,0.60999999999999988,0.061120767908924324,0.32284088516054482,0.41694122409866702,0.18820067787624442,0.42282124051871384,0.8986136672269075,0.41694122409866702,0.2287405462224226
0.35999999999999999,0.6399999999999999,0.62666666666666671,0.064982268861170728,0.3357615899625504,0.43186465571988919,0.19220613151467755,0.43782887494449946,0.89564046203274128,0.43186465571988919,0.23965852420521164
0.35999999999999999,0.67999999999999994,0.64333333333333331,0.068802486345129241,0.34802860870346997,0.44589688565120861,0.19573655389547723,0.45192505067796501,0.89247357208660438,0.44589688565120861,0.25016033175573138
0.35999999999999999,0.71999999999999986,0.65999999999999992,0.072576745211790125,0.35967639425713882,0.45909745945019814,0.19884213038611859,0.46517159630379534,0.88908655486895993,0.45909745945019814,0.26025532906407955
0.35999999999999999,0.7599999999999999,0.67666666666666664,0.076299430863597625,0.37073386992598889,0.4715174813779936,0.20156722290400936,0.47762143811859142,0.88544724001751229,0.4715174813779936,0.26995025847398424
0.35999999999999999,0.79999999999999993,0.69333333333333336,0.079963702053738914,0.3812243684906611,0.48319993911147202,0.20395114124162178,0.48931895294337735,0.88151584888939227,0.48319993911147202,0.27924879786985024
0.35999999999999999,0.83999999999999986,0.70999999999999996,0.083561077801938055,0.3911652631077972,0.49417965648082252,0.20602878674605063,0.50029992004182666,0.87724225542508916,0.49417965648082252,0.28815086973477189
0.35999999999999999,0.87999999999999989,0.72666666666666657,0.087080823069663776,0.40056715154580547,0.50448274230555445,0.20783118151949803,0.5105909298293948,0.87256185629484018,0.50448274230555445,0.29665156078605642
0.35999999999999999,0.91999999999999982,0.74333333333333318,0.090508997488587525,0.40943233085733022,0.51412527357790871,0.20938588544115705,0.52020796514054291,0.86738908055972308,0.51412527357790871,0.30473938813675167
0.35999999999999999,0.95999999999999985,0.76000000000000001,0.093826907021595157,0.41775204341644429,0.52311068575072472,0.21071728466856088,0.52915358005620772,0.86160665548184245,0.52311068575072472,0.31239340108216385
0.35999999999999999,0.99999999999999989,0.77666666666666662,0.097008419498738147,0.4255013979893022,0.53142474561684605,0.21184669525508776,0.53741148019904239,0.85504666908164362,0.53142474561684605,0.31957805036175829
0.35999999999999999,1.0399999999999998,0.79333333333333322,0.10001490843082134,0.43262941669633914,0.53902547808176249,0.21279212277084664,0.54493731924869626,0.84745420688343231,0.53902547808176249,0.32623335531091585
0.35999999999999999,1.0799999999999998,0.80999999999999994,0.10278457901258979,0.43903742692539005,0.54582102939714916,0.21356720494351827,0.55166008261645705,0.83840887803343789,0.54582102939714916,0.33225382445363089
0.35999999999999999,1.1199999999999999,0.82666666666666666,0.10520577942852596,0.44452381549629216,0.55161265033297535,0.21417766967336643,0.55753376906794894,0.82712332900286289,0.55161265033297535,0.33743498065960892
0.35999999999999999,1.1599999999999997,0.84333333333333327,0.1070281038048238,0.44859622557596102,0.55589982275474992,0.2146071943575778,0.56255646083072108,0.81174750035257914,0.55589982275474992,0.34129262839717212
0.35999999999999999,1.1999999999999997,0.85999999999999988,0.10726721103913213,0.44918520285227181,0.55653804842841015,0.21470569115227667,0.56684948136341518,0.78433693859370335,0.55653804842841015,0.34183235727613348
0.35999999999999999,1.2399999999999998,0.87666666666666659,0.034014398215251283,0.1824149441789264,0.23773416100074976,0.1106384336436467,0.57044666971451174,0.095943698555816553,0.23773416100074976,0.12709572735710306
0.35999999999999999,1.2799999999999998,0.89333333333333331,0.026736908220342318,0.15444062181094775,0.20412769617616205,0.09937414873042863,0.57332045272802534,0.093733735641305077,0.20412769617616205,0.10475354744573342
0.35999999999999999,1.3199999999999998,0.90999999999999992,0.024129977688759963,0.14452314419562531,0.19225397308477757,0.095461657778304523,0.57620833117228709,0.091633695289837863,0.19225397308477757,0.096792315306473045
0.35999999999999999,1.3599999999999999,0.92666666666666664,0.022732645545156038,0.13930227160518521,0.18603810602055029,0.093471668830730145,0.57780720016706255,0.089634264791691662,0.18603810602055029,0.092566437189820147
0.35999999999999999,1.3999999999999999,0.94333333333333336,0.021855740293286997,0.13610463339584822,0.18226015244664492,0.092311038101593426,0.58040332560632213,0.087727266007331092,0.18226015244664492,0.089949114345051498
0.35999999999999999,1.4399999999999999,0.95999999999999996,0.021256858305211068,0.13398651998601854,0.17978245474736712,0.09159186952269717,0.58196168092508938,0.085905476228191724,0.17978245474736712,0.088190585224669951
0.35999999999999999,1.48,0.97666666666666668,0.020825964753387417,0.13251847506336667,0.17808694490772162,0.091136939688709895,0.58208544108253135,0.084162483408913399,0.17808694490772162,0.086950005219011722
0.35999999999999999,1.5199999999999996,0.99333333333333318,0.020504998175085876,0.13147354887840901,0.17689972606751495,0.090852354378211847,0.58450252947920245,0.082492568086720133,0.17689972606751495,0.086047371689303098
0.38,0.12,0.42999999999999999,0.01258199567736331,0.091247312655573731,0.12513133618361055,0.067768047056073644,0.12630194358350444,0.92518511744186893,0.12513133618361055,0.057363289127536916
0.38,0.15999999999999998,0.44666666666666666,0.016745293156208412,0.11687971382604886,0.1593771370791158,0.084994846506133884,0.1613488128291852,0.92347606898736234,0.1593771370791158,0.074382290572981916
0.38,0.19999999999999998,0.46333333333333332,0.020891976930474628,0.14082829829744045,0.19092296624673427,0.10018933589858763,0.19356720136183411,0.92171108923726852,0.19092296624673427,0.090733630348146646
0.38,0.23999999999999999,0.47999999999999998,0.025021138707172,0.16326058529713966,0.22006909389913643,0.11361701720399354,0.22327919241682684,0.91988447941422735,0.22006909389913643,0.10645207669514288
0.38,0.27999999999999997,0.49666666666666665,0.029131757075691198,0.18432084162317336,0.24707209251656936,0.12550250178679201,0.25075892738007416,0.91799013726592182,0.24707209251656936,0.12156959072977735
0.38,0.31999999999999995,0.51333333333333331,0.033222684703276349,0.20413398183431558,0.27215241368255505,0.13603686369647897,0.27624111156201864,0.9160214518120634,0.27215241368255505,0.13611554998607608
0.38,0.35999999999999999,0.53000000000000003,0.037292632281581493,0.2228086801851365,0.29550042135484939,0.1453834823394258,0.29992774912716619,0.91397118512678699,0.29550042135484939,0.15011693901542358
0.38,0.39999999999999997,0.54666666666666663,0.041340148577023138,0.24043987090411514,0.31728123214387194,0.15368272247951359,0.3219935185310544,0.91183133565359686,0.31728123214387194,0.16359850966435835
0.38,0.43999999999999995,0.56333333333333335,0.045363595690524235,0.25711076812578559,0.33763862365597935,0.16105571106038755,0.34259009259254053,0.90959297632355485,0.33763862365597935,0.17658291259559181
0.38,0.47999999999999993,0.57999999999999996,0.049361118303203146,0.2728945037100588,0.35669820689180948,0.16760740636350138,0.36184963006170379,0.90724605887904874,0.35669820689180948,0.1890908005283081
0.38,0.51999999999999991,0.59666666666666668,0.053330605232299377,0.2878554565551833,0.37457001065923545,0.17342910820810431,0.37988760898108886,0.90477917304540723,0.37457001065923545,0.20114090245113114
0.38,0.55999999999999994,0.61333333333333329,0.05726964098369107,0.30205032820661321,0.3913505898465966,0.17860052327996678,0.39680512996265932,0.9021792451360382,0.3913505898465966,0.21275006656662981
0.38,0.59999999999999987,0.62999999999999989,0.061175444066260271,0.31552900466066086,0.40712474156045747,0.18319147379959319,0.41269078527324876,0.89943115466956691,0.40712474156045747,0.22393326776086428
0.38,0.6399999999999999,0.64666666666666672,0.065044787472418805,0.32833523174212398,0.42196689083739369,0.18726331819053946,0.42762216406530851,0.89651723854821042,0.42196689083739369,0.23470357264685424
0.38,0.67999999999999994,0.66333333333333333,0.068873894669283356,0.34050711993414062,0.43594218866311513,0.19087013745794895,0.44166704258494249,0.89341663850136765,0.43594218866311513,0.24507205120516617
0.38,0.71999999999999986,0.67999999999999994,0.072658301244673013,0.35207748257217353,0.44910734725816115,0.19405972937197519,0.45488428830469618,0.89010442574845561,0.44910734725816115,0.25504761788618596
0.38,0.7599999999999999,0.69666666666666666,0.076392667232651867,0.36307399689398173,0.46151121854345661,0.19687444329894976,0.46732448588882869,0.88655040168579158,0.46151121854345661,0.26463677524450685
0.38,0.79999999999999993,0.71333333333333337,0.08007051667850433,0.37351915739110553,0.47319509779701086,0.1993518808118106,0.47903026674598265,0.88271741470219178,0.47319509779701086,0.27384321698520026
0.38,0.83999999999999986,0.72999999999999998,0.083683866464237783,0.38342995950938041,0.48419269960875727,0.20152548019875371,0.49003628591354081,0.87855893138223939,0.48419269960875727,0.28266721941000356
0.38,0.87999999999999989,0.74666666666666659,0.087222680311846337,0.39281719770209234,0.49452969547231884,0.20342499554045296,0.50036872713607572,0.87401541556565132,0.49452969547231884,0.29110469993186588
0.38,0.91999999999999982,0.7633333333333332,0.090674034484924601,0.40168416111021354,0.50422259666832947,0.20507687111623191,0.51004410170444425,0.86900871514926092,0.50422259666832947,0.29914572555209756
0.38,0.95999999999999985,0.78000000000000003,0.094020782120008917,0.41002430741474688,0.51327655495836766,0.20650449508724156,0.51906687583094768,0.8634329351284088,0.51327655495836766,0.3067720598711261
0.38,0.99999999999999989,0.79666666666666663,0.097239286008661968,0.41781705142503645,0.5216811921248613,0.20772828139964972,0.52742497579374692,0.85713868216983702,0.5216811921248613,0.31395291072521159
0.38,1.0399999999999998,0.81333333333333324,0.10029526690920058,0.42501972802554167,0.52940244947817194,0.20876544290526056,0.53508202320801201,0.84990367411506085,0.52940244947817194,0.32063700657291139
0.38,1.0799999999999998,0.82999999999999996,0.10313537908767929,0.43155080595843254,0.53636534159338045,0.20962907126989588,0.54197599477346559,0.84137184158624112,0.53636534159338045,0.32673627032348457
0.38,1.1199999999999999,0.84666666666666668,0.10566738401328996,0.4372494816536624,0.54241211815679535,0.21032527300626591,0.54805618482990248,0.83090642544892745,0.54241211815679535,0.33208684515052944
0.38,1.1599999999999997,0.86333333333333329,0.10770091678459252,0.44175252222101724,0.54717404357097477,0.21084304269991511,0.55330822190913176,0.81713683990322528,0.54717404357097477,0.33633100087105966
0.38,1.1999999999999997,0.87999999999999989,0.10865879314346698,0.44388146704194903,0.54943021375367729,0.21109749342345652,0.55784881151934718,0.7956280206265115,0.54943021375367729,0.33833272033022077
0.38,1.2399999999999998,0.89666666666666661,0.041294366885556627,0.20509007333541571,0.2641282676205457,0.11807638857025998,0.56169211067359703,0.096572016515952291,0.2641282676205457,0.14605187905028572
0.38,1.2799999999999998,0.91333333333333333,0.028337655308493817,0.15624954322263146,0.20539205896747381,0.098285031489684677,0.5648728990590921,0.094330873404075907,0.20539205896747381,0.10710702747778914
0.38,1.3199999999999998,0.92999999999999994,0.024949026591028864,0.14355635381393483,0.19016219184786312,0.093211676067856575,0.56794335467475743,0.092202322917064775,0.19016219184786312,0.096950515780006546
0.38,1.3599999999999999,0.94666666666666666,0.023272681610259961,0.13736818091164898,0.18277064589329761,0.090804929963297226,0.56985852089735956,0.090176720573162811,0.18277064589329761,0.091965715930000386
0.38,1.3999999999999999,0.96333333333333337,0.022258729344974186,0.13370226484718184,0.17841982087008321,0.08943511204580272,0.57257361215928049,0.088245610097097457,0.17841982087008321,0.088984708824280487
0.38,1.4399999999999999,0.97999999999999998,0.021580267650939421,0.13131358971935431,0.17560860662185368,0.088590033804998775,0.57435632855974683,0.086401533731870678,0.17560860662185368,0.087018572816854906
0.38,1.48,0.9966666666666667,0.021098085077710542,0.12967041861819625,0.17369540765912242,0.088049978081852331,0.57476646107909424,0.084637879339159394,0.17369540765912242,0.085645429577270088
0.40000000000000002,0.12,0.45000000000000001,0.012586975649424518,0.088398264993694825,0.12088562042910993,0.064974710870830191,0.12190820858416752,0.92555402351579608,0.12088562042910993,0.055910909558279737
0.40000000000000002,0.15999999999999998,0.46666666666666667,0.016752401816666835,0.11335642394916268,0.15417830664529447,0.08164376539226359,0.15595739316553342,0.92387156704353224,0.15417830664529447,0.072534541253030882
0.40000000000000002,0.19999999999999998,0.48333333333333334,0.020901463350080186,0.1367236136818949,0.1849260082984768,0.096404789233163826,0.18734431725465567,0.92213379532036011,0.1849260082984768,0.088521219065312975
0.40000000000000002,0.23999999999999999,0.5,0.025033267261120856,0.15865320764604948,0.21340316820525237,0.1094999211184058,0.2163627094837958,0.9203352626794622,0.21340316820525237,0.10390324708684658
0.40000000000000002,0.27999999999999997,0.51666666666666672,0.029146811973618261,0.17927789523273308,0.23984541715680327,0.12113504384814039,0.2432638433792319,0.91847012519636251,0.23984541715680327,0.11871037330866288
0.40000000000000002,0.31999999999999995,0.53333333333333333,0.033240974941089012,0.19871304968135794,0.26445611298693777,0.13148612661115963,0.26826385113582135,0.916532043524937,0.26445611298693777,0.13296998637577814
0.40000000000000002,0.35999999999999999,0.55000000000000004,0.037314497234821525,0.21705943295971625,0.28741158234866293,0.14070429877789334,0.29154955566161844,0.91451407314074395,0.28741158234866293,0.14670728357076959
0.40000000000000002,0.39999999999999997,0.56666666666666665,0.041365964493218992,0.23440538204505521,0.30886535195246012,0.14891993981480983,0.31328315565812948,0.91240853705393254,0.30886535195246012,0.15994541213765029
0.40000000000000002,0.43999999999999995,0.58333333333333337,0.045393783398652361,0.25082858485706661,0.32895158455755313,0.15624599940097303,0.33360601340099488,0.91020687491106878,0.32895158455755313,0.1727055851565801
0.40000000000000002,0.47999999999999993,0.59999999999999998,0.04939615254939457,0.26639752739829248,0.34778788255551191,0.16278071031443889,0.35264173293073475,0.90789946069899885,0.34778788255551191,0.18500717224107302
0.40000000000000002,0.51999999999999991,0.6166666666666667,0.053371026184656015,0.28117267358258941,0.36547758290141807,0.16860981863765734,0.37049867056198393,0.90547537877260287,0.36547758290141807,0.19686776426376074
0.40000000000000002,0.55999999999999994,0.6333333333333333,0.057316068645370304,0.29520742374642922,0.38211163748591925,0.17380842747898004,0.38727198513629224,0.90292214429742934,0.38211163748591925,0.20830321000693922
0.40000000000000002,0.59999999999999987,0.64999999999999991,0.061228596626908133,0.30854888543305242,0.39777014995645421,0.17844252904680358,0.4030453088325926,0.90022534886055428,0.39777014995645421,0.21932762090965063
0.40000000000000002,0.6399999999999999,0.66666666666666674,0.06510550506624263,0.32123847950454421,0.41252362132810172,0.18257028364711506,0.41789209803437494,0.89736820403756667,0.41252362132810172,0.22995333768098666
0.40000000000000002,0.67999999999999994,0.68333333333333335,0.06894317068206135,0.33331239486181802,0.42643394067941937,0.18624309163520272,0.43187670563346053,0.89433094358195864,0.42643394067941937,0.24019084904421664
0.40000000000000002,0.71999999999999986,0.69999999999999996,0.072737324374995055,0.34480189481365969,0.43955514207463714,0.18950649452195489,0.44505519924757825,0.89109002601930476,0.43955514207463714,0.25004864755268225
0.40000000000000002,0.7599999999999999,0.71666666666666667,0.076482879238868942,0.35573346578693005,0.45193393254689335,0.1924009335199266,0.45747593185805241,0.88761704919635265,0.45193393254689335,0.25953299902696675
0.40000000000000002,0.79999999999999993,0.73333333333333339,0.080173693642619268,0.36612878199844789,0.46360997556107314,0.19496238712525055,0.46917984907696858,0.88387723838489329,0.46360997556107314,0.26864758843582259
0.40000000000000002,0.83999999999999986,0.75,0.083802236471048869,0.37600443325676947,0.47461588482880451,0.19722290314407015,0.48020048513140717,0.87982728394434606,0.47461588482880451,0.27739298168473436
0.40000000000000002,0.87999999999999989,0.76666666666666661,0.087359099715702312,0.38537131818679626,0.48497683513388384,0.19921103389417516,0.49056354726065599,0.87541215148451701,0.48497683513388384,0.28576580123970868
0.40000000000000002,0.91999999999999982,0.78333333333333321,0.090832262872363803,0.39423352299859526,0.49470961018984866,0.20095217438250684,0.50028589388540534,0.87056019963467934,0.49470961018984866,0.29375743580734182
0.40000000000000002,0.95999999999999985,0.80000000000000004,0.094205933161201294,0.40258634403855598,0.50382073818792217,0.20246878829873244,0.50937352713787598,0.86517536552594232,0.50382073818792217,0.30135194988918973
0.40000000000000002,0.99999999999999989,0.81666666666666665,0.097458614689792097,0.41041276704289786,0.51230300523178796,0.20378047637778013,0.51781783861913822,0.85912394110641266,0.51230300523178796,0.30852252885400783
0.40000000000000002,1.0399999999999998,0.83333333333333326,0.10055966164120135,0.41767690605647417,0.52012879116032373,0.20490377020769912,0.52558904367660886,0.85221054205635083,0.52012879116032373,0.31522502095262461
0.40000000000000002,1.0799999999999998,0.84999999999999998,0.10346252531933045,0.42431076005209883,0.52723642964639639,0.20585133918859511,0.53263319407285781,0.84413007733022549,0.52723642964639639,0.32138509045780128
0.40000000000000002,1.1199999999999999,0.8666666666666667,0.10608966763760709,0.4301839408527145,0.53349877166157833,0.20662966161772772,0.53889780598664783,0.83435792993600122,0.53349877166157833,0.32686911004385061
0.40000000000000002,1.1599999999999997,0.8833333333333333,0.10829127550866509,0.43501917323169248,0.53863494268408252,0.20723153890478013,0.54436881433904272,0.82184060218245703,0.53863494268408252,0.33140340377930239
0.40000000000000002,1.1999999999999997,0.89999999999999991,0.1096808276408847,0.43804909961207927,0.54185024320319453,0.20760228718223056,0.54912647069905918,0.80370922923954202,0.54185024320319453,0.33424795602096397
0.40000000000000002,1.2399999999999998,0.91666666666666663,0.071964200375924187,0.31309046416144443,0.39326514916975103,0.16034937001661323,0.55319929705163673,0.09720534436247065,0.39326514916975103,0.2329157791531378
0.40000000000000002,1.2799999999999998,0.93333333333333335,0.030527780620338417,0.16024974639010636,0.20938035232312485,0.098261211866036979,0.55666063957154288,0.094932401938385397,0.20938035232312485,0.11111914045708787
0.40000000000000002,1.3199999999999998,0.94999999999999996,0.025920816551194957,0.14327757009723957,0.18898305434615498,0.091410968497830827,0.55990936017823256,0.092774807989163224,0.18898305434615498,0.09757208584832415
0.40000000000000002,1.3599999999999999,0.96666666666666667,0.023877591086314195,0.13583524484311149,0.18007020877109614,0.088469927855969313,0.5621192069262293,0.090722572652700811,0.18007020877109614,0.091600280915126828
0.40000000000000002,1.3999999999999999,0.98333333333333339,0.022696400149790449,0.1316078130572691,0.17503435359519395,0.086853081075849714,0.56495333687860649,0.088766949592412492,0.17503435359519395,0.088181272519344239
0.40000000000000002,1.4399999999999999,1,0.021924878790191692,0.12890942311997375,0.17184270188434539,0.085866557528743281,0.56695069943606524,0.086900236426919283,0.17184270188434539,0.085976144355602108
0.41999999999999998,0.12,0.46999999999999997,0.012591876643976712,0.085725846087371646,0.11692074743600471,0.062389802697266128,0.11781237442753527,0.92591693537701036,0.11692074743600471,0.054530944738738582
0.41999999999999998,0.15999999999999998,0.48666666666666664,0.016759386731596753,0.11004402467881749,0.14931077553208449,0.078533501706534004,0.15091782470632953,0.92425999662692893,0.14931077553208449,0.070777273825550491
0.41999999999999998,0.19999999999999998,0.5033333333333333,0.02091077250933393,0.13285652819414873,0.17929779569747581,0.092882535006654138,0.18151295686970031,0.92254838597090127,0.17929779569747581,0.086415260690821671
0.41999999999999998,0.23999999999999999,0.52000000000000002,0.025045156059199363,0.15430413636198018,0.20713330162357993,0.10565833052319949,0.20986637843185724,0.92077688976183814,0.20713330162357993,0.10147497110038044
0.41999999999999998,0.27999999999999997,0.53666666666666663,0.029161555093340029,0.17450916616928902,0.23303419448475282,0.11705005663092757,0.23620896293885169,0.9189399027313081,0.23303419448475282,0.11598413785382525
0.41999999999999998,0.31999999999999995,0.55333333333333334,0.033258870986294341,0.19357839235162316,0.25718845028306453,0.1272201158628827,0.26074016686959833,0.91703133794011193,0.25718845028306453,0.12996833442018182
0.41999999999999998,0.35999999999999999,0.56999999999999995,0.037335873976121418,0.21160540738434314,0.27975969141883766,0.13630856806898903,0.28363310016753934,0.91504452457169216,0.27975969141883766,0.14345112334984864
0.41999999999999998,0.39999999999999997,0.58666666666666667,0.041391184960688651,0.22867253975992113,0.30089089835866967,0.14443671719749704,0.30503862446133245,0.91297208911471228,0.30089089835866967,0.15645418116117263
0.41999999999999998,0.43999999999999995,0.60333333333333328,0.045423253111298877,0.24485242024442577,0.32070743985949957,0.15171003923014756,0.32508868503621186,0.91080581441968755,0.32070743985949957,0.16899740062935201
0.41999999999999998,0.47999999999999993,0.62,0.049430328254048847,0.26020926413376294,0.33931955767612726,0.15822058708472864,0.34389903263310079,0.9085364695563698,0.33931955767612726,0.18109897059139862
0.41999999999999998,0.51999999999999991,0.6366666666666666,0.053410426597550235,0.27479992107531936,0.35682440970234686,0.16404897725405501,0.36157145385343292,0.90615360114658861,0.35682440970234686,0.19277543244829184
0.41999999999999998,0.55999999999999994,0.65333333333333332,0.057361287865452242,0.2886747312016279,0.37330775100985952,0.16926603961646325,0.37819560060409291,0.90364527359034619,0.37330775100985952,0.20404171139339627
0.41999999999999998,0.59999999999999987,0.66999999999999993,0.061280321148737715,0.30187821594789094,0.38884531301749198,0.17393419413920205,0.39385048693689956,0.90099774084777795,0.38884531301749198,0.21491111887828993
0.41999999999999998,0.6399999999999999,0.68666666666666665,0.065164535707415788,0.31444962302103352,0.4035039253239267,0.17810860460578637,0.40860570377810723,0.89819502539171658,0.4035039253239267,0.22539532071814034
0.41999999999999998,0.67999999999999994,0.70333333333333337,0.06901045133102017,0.32642333664639545,0.41734241111601572,0.18183814893924058,0.42252238671318892,0.89521836929780529,0.41734241111601572,0.23550426217677514
0.41999999999999998,0.71999999999999986,0.71999999999999997,0.072813980389188293,0.33782915542502684,0.43041227409723315,0.18516623734441265,0.43565395756961534,0.8920455059830299,0.43041227409723315,0.2452460367528205
0.41999999999999998,0.7599999999999999,0.73666666666666658,0.076570269809570643,0.34869242952000545,0.4427581808708102,0.18813150270160944,0.44804664513553411,0.88864967499286118,0.4427581808708102,0.25462667816920076
0.41999999999999998,0.79999999999999993,0.7533333333333333,0.080273484912327081,0.35903403429239455,0.4544182252084481,0.19076838183210715,0.45973977127043653,0.88499825953415356,0.4544182252084481,0.26364984337634095
0.41999999999999998,0.83999999999999986,0.77000000000000002,0.083916506450159647,0.36887013511471134,0.46542393551548289,0.19310760080154304,0.47076576139760518,0.88105085412900042,0.46542393551548289,0.27231633471393984
0.41999999999999998,0.87999999999999989,0.78666666666666663,0.087490493727345769,0.37821166061471845,0.47579994634852174,0.19517657146760653,0.48114979447986383,0.87675644220241278,0.47579994634852174,0.28062337488091521
0.41999999999999998,0.91999999999999982,0.80333333333333323,0.090984232847380192,0.3870633341110985,0.48556318335800952,0.19699969849382204,0.4909089298844394,0.87204912740923801,0.48556318335800952,0.28856348486418748
0.41999999999999998,0.95999999999999985,0.81999999999999995,0.094383123625061974,0.3954219826653298,0.4947212740896012,0.19859858284854287,0.50005039941810259,0.86684140022152056,0.4947212740896012,0.29612269124105833
0.41999999999999998,0.99999999999999989,0.83666666666666667,0.09766752280006534,0.40327357184140283,0.50326961272250537,0.19999208176220507,0.5085684502646779,0.86101295065695571,0.50326961272250537,0.3032775309603003
0.41999999999999998,1.0399999999999998,0.85333333333333328,0.10080985413338915,0.41058779711964266,0.5111858600179402,0.20119612579659507,0.51643878239752705,0.85439081546181339,0.5111858600179402,0.30998973422134513
0.41999999999999998,1.0799999999999998,0.86999999999999988,0.10376912142204607,0.41730749351704222,0.5184190129342453,0.20222303883440612,0.52361463671622366,0.84671095656452122,0.5184190129342453,0.31619597409983918
0.41999999999999998,1.1199999999999999,0.8866666666666666,0.10647919345071313,0.42332549056981661,0.52486530688478317,0.20307963262993312,0.53004376622599203,0.83753441204776735,0.52486530688478317,0.32178567425485005
0.41999999999999998,1.1599999999999997,0.90333333333333321,0.10881899551224684,0.42842454576887151,0.53030531385727075,0.20376153617679849,0.53571681315826425,0.82602819145653805,0.53030531385727075,0.32654377768047227
0.41999999999999998,1.1999999999999997,0.91999999999999993,0.11050992808502209,0.43206670211516901,0.53418233296602591,0.2042312617017138,0.54067045729073548,0.81018297864937183,0.53418233296602591,0.32995107126431211
0.41999999999999998,1.2399999999999998,0.93666666666666654,0.11034105898820436,0.43176672395285498,0.53388217689621709,0.20423090588672427,0.54495693892218044,0.78035590319845338,0.53388217689621709,0.32965127100949282
0.41999999999999998,1.2799999999999998,0.95333333333333337,0.033824669379677659,0.16817593600115002,0.21817338231056108,0.099994892618822093,0.54867472758465963,0.095538761353341439,0.21817338231056108,0.11817848969173898
0.41999999999999998,1.3199999999999998,0.96999999999999997,0.027106262822149174,0.14385935597240057,0.18891519023657685,0.090111668528352534,0.55209651513820246,0.093351560531105146,0.18891519023657685,0.098803521708224318
0.41999999999999998,1.3599999999999999,0.98666666666666658,0.024564018814920374,0.13473256158651462,0.17796236703714199,0.086459610901254758,0.55458061821971405,0.091272204963556369,0.17796236703714199,0.091502756135887237
0.44,0.12,0.48999999999999999,0.012596703076055534,0.083213916799835655,0.11320972707966129,0.059991620559651272,0.11398510286478655,0.92627420067093647,0.11320972707966129,0.053218106520010015
0.44,0.15999999999999998,0.50666666666666671,0.016766255113651811,0.10692390989733333,0.14474382460748764,0.075639829420308599,0.1461967042550994,0.92464178448593315,0.14474382460748764,0.069103995187179038
0.44,0.19999999999999998,0.52333333333333332,0.020919914948924704,0.12920676724651595,0.17400528991870537,0.089597045344378831,0.17603723410238281,0.92295536011731405,0.17400528991870537,0.084408244574326538
0.44,0.23999999999999999,0.54000000000000004,0.025056819484260019,0.15019201964184342,0.20122515654367401,0.10206627380366116,0.20375296486594327,0.92120992751188213,0.20122515654367401,0.099158882740012846
0.44,0.27999999999999997,0.55666666666666664,0.029176005189927367,0.16999266431730309,0.2266035249516718,0.11322172126873739,0.22955651537096342,0.91940010265650618,0.2266035249516718,0.11338180368293441
0.44,0.31999999999999995,0.57333333333333336,0.033276396542166992,0.18870770749695881,0.25031449403248762,0.12321357307105765,0.25363232967615551,0.91752003383062697,0.25031449403248762,0.12710092096142997
0.44,0.35999999999999999,0.58999999999999997,0.037356791809571362,0.20642423087472667,0.27251016263243694,0.13217186351542054,0.2761411023187022,0.91556330617445425,0.27251016263243694,0.1403382991170164
0.44,0.39999999999999997,0.60666666666666669,0.041415845647811284,0.22321908023086301,0.29332389619526195,0.14020963192879785,0.29722337555491879,0.91352283053744987,0.29332389619526195,0.1531142642664641
0.44,0.43999999999999995,0.62333333333333329,0.045452047776481382,0.23916025085879389,0.31287300715373073,0.14742551258987366,0.31700247953909644,0.91139071158823359,0.31287300715373073,0.16544749456385707
0.44,0.47999999999999993,0.64000000000000001,0.049463696763929706,0.25430802678167153,0.33126096303828945,0.15390587251323579,0.33558694581946302,0.90915808874353776,0.33126096303828945,0.17735509052505366
0.44,0.51999999999999991,0.65666666666666662,0.053448867607739266,0.2687159171791148,0.3485792099706837,0.15972658558313776,0.35307249398980578,0.90681494143506947,0.3485792099706837,0.18885262438754594
0.44,0.55999999999999994,0.67333333333333334,0.05740537132715174,0.28243142278064626,0.3649086788992521,0.16495451223721164,0.36954366792055277,0.90434984730553036,0.3649086788992521,0.19995416666204047
0.44,0.59999999999999987,0.68999999999999995,0.06133070411329939,0.29549665626533017,0.38032102583875338,0.16964873914684639,0.38507517958634929,0.90174967767821401,0.38032102583875338,0.21067228669190699
0.44,0.6399999999999999,0.70666666666666667,0.065221982609943288,0.30794883314932231,0.39487964411925153,0.17386162193985846,0.39973300347856433,0.89899920839108005,0.39487964411925153,0.22101802217939306
0.44,0.67999999999999994,0.72333333333333338,0.069075860454049981,0.31982064249737652,0.4086404750406859,0.17763966508661877,0.41357525156863789,0.8960806147038346,0.4086404750406859,0.23100080995406713
0.44,0.71999999999999986,0.73999999999999999,0.072888419014019268,0.33114049921608751,0.42165263219425353,0.18102426595633206,0.42665284643704043,0.89297280459634654,0.42165263219425353,0.24062836623792147
0.44,0.7599999999999999,0.7566666666666666,0.076655021848305874,0.34193267053092175,0.43395884263467849,0.18405234420751349,0.43900999693202286,0.88965052213825802,0.43395884263467849,0.249906498427165
0.44,0.79999999999999993,0.77333333333333332,0.08037011692738745,0.35221725671829529,0.44559569302759194,0.18675687261859331,0.45068446433302711,0.88608311594284495,0.44559569302759194,0.25883882040899864
0.44,0.83999999999999986,0.79000000000000004,0.084026961571019729,0.36200998712244525,0.4565936474510891,0.18916732065728775,0.46170758375172738,0.88223280630807233,0.4565936474510891,0.26742632679380135
0.44,0.87999999999999989,0.80666666666666664,0.087617229379191919,0.3713217610248839,0.46697676941718302,0.19131001678459819,0.47210396855283643,0.87805217772887045,0.46697676941718302,0.27566675263258483
0.44,0.91999999999999982,0.82333333333333325,0.09113043017021108,0.38015780714900854,0.4767620213419439,0.19320842838587071,0.48189076119021257,0.87348042865812803,0.4767620213419439,0.28355359295607319
0.44,0.95999999999999985,0.83999999999999997,0.094553020174339197,0.38851622984262069,0.4859579031571114,0.19488334662898144,0.49107617261780639,0.86843753576735117,0.4859579031571114,0.29107455652812997
0.44,0.99999999999999989,0.85666666666666669,0.097866970650360721,0.39638549478405571,0.49456196539481972,0.19635294122152802,0.49965681077482482,0.86281472090904776,0.49456196539481972,0.2982090241732917
0.44,1.0399999999999998,0.87333333333333329,0.10104732341898423,0.40373993125034202,0.50255623165187069,0.19763260080305733,0.50761297681727524,0.85645789734578559,0.50255623165187069,0.30492363084881335
0.44,1.0799999999999998,0.8899999999999999,0.1040576788866083,0.41053116171355242,0.50989833740567636,0.19873435138424783,0.51490421226286331,0.84913654847451159,0.50989833740567636,0.31116398602142853
0.44,1.1199999999999999,0.90666666666666662,0.1068409395165429,0.41667009514088837,0.51650273903749111,0.19966528779320547,0.52148292957138498,0.84047853844542109,0.51650273903749111,0.31683745124428564
0.44,1.1599999999999997,0.92333333333333323,0.10929716468708378,0.42198298662627454,0.52219458293378263,0.20042319261501618,0.52733360627357706,0.8298102467070938,0.52219458293378263,0.32177139031876645
0.44,1.1999999999999997,0.93999999999999995,0.1112154991517775,0.42607386433370165,0.52656460661891991,0.20098148457043646,0.5324694013851623,0.8156489276437493,0.52656460661891991,0.32558312204848344
0.44,1.2399999999999998,0.95666666666666655,0.11191719306011758,0.4275886912000465,0.52818949989810371,0.20120161739611442,0.53695441964360979,0.79288205880252927,0.52818949989810371,0.32698788250198929
0.44,1.2799999999999998,0.97333333333333338,0.039738151616026833,0.1851450827903518,0.23792754146327313,0.10556491734584264,0.54090668106625606,0.096150363862761101,0.23792754146327313,0.13236262411743049
0.44,1.3199999999999998,0.98999999999999999,0.028606882945836052,0.14560591582986532,0.19031733124750891,0.089422830835287154,0.54449565779058473,0.093932962757291918,0.19031733124750891,0.10089450041222175
0.46000000000000002,0.12,0.51000000000000001,0.012601458879739097,0.080848264258543606,0.1097289194774614,0.05776131043783557,0.11040078675912041,0.9266261280346858,0.1097289194774614,0.051967609039625828
0.46000000000000002,0.15999999999999998,0.52666666666666673,0.016773013401334146,0.10397961847562884,0.14045041841516995,0.07294159987908222,0.14176472893323708,0.92501731027595013,0.14045041841516995,0.067508818536087728
0.46000000000000002,0.19999999999999998,0.54333333333333333,0.02092890009926485,0.12575631763386791,0.16901928538527897,0.086525935502822129,0.17088552111247768,0.92335516274074914,0.16901928538527897,0.082493349882456837
0.46000000000000002,0.23999999999999999,0.56000000000000005,0.025068270434009023,0.14629781343598608,0.19564825473443445,0.098700882596896716,0.19798951141889665,0.92163488277846872,0.19564825473443445,0.096947372137537735
0.46000000000000002,0.27999999999999997,0.57666666666666666,0.029190179119545627,0.16570870609463673,0.22052231409830744,0.10962721600734143,0.22327293558184957,0.91985129216159589,0.22052231409830744,0.11089509809096601
0.46000000000000002,0.31999999999999995,0.59333333333333338,0.033293572956624572,0.18408096615153596,0.24380301180383021,0.1194440913045885,0.24690668783712658,0.91799875895649541,0.24380301180383021,0.12435892049924172
0.46000000000000002,0.35999999999999999,0.60999999999999999,0.0373772771774716,0.20149575011928811,0.26563197151780066,0.1282724427970251,0.26904019694335185,0.91607110820140858,0.26563197151780066,0.13735952872077556
0.46000000000000002,0.39999999999999997,0.62666666666666671,0.041439978793742269,0.21802489154575699,0.28613377624763725,0.13621776940376051,0.28980459404011649,0.9140615177205611,0.28613377624763725,0.14991600684387674
0.46000000000000002,0.43999999999999995,0.64333333333333331,0.045480206269095755,0.23373212995318943,0.30541834607832563,0.14337243225027238,0.30931531484268043,0.91196239449342109,0.30541834607832563,0.16204591382805325
0.46000000000000002,0.47999999999999993,0.66000000000000003,0.049496304611150767,0.24867412558032476,0.32358290560205477,0.14981756004346006,0.32767424556646702,0.90976522569691509,0.32358290560205477,0.17376534555859471
0.46000000000000002,0.51999999999999991,0.67666666666666664,0.053486404669275255,0.26290129662675543,0.34071361526175242,0.15562463726999395,0.34497149683865774,0.90746039668991829,0.34071361526175242,0.18508897799175847
0.46000000000000002,0.55999999999999994,0.69333333333333336,0.05744838499660098,0.27645850678567829,0.35688692390345184,0.16085683423554714,0.36128687041773694,0.90503696557239466,0.35688692390345184,0.19603008966790469
0.46000000000000002,0.59999999999999987,0.70999999999999996,0.061379824028710589,0.28938562349466163,0.37217068630608435,0.16557012562284545,0.37669106812799191,0.90248238014978166,0.37217068630608435,0.2066005606832389
0.46000000000000002,0.6399999999999999,0.72666666666666668,0.065277939456686751,0.30171796089293423,0.3866250782152309,0.16981423464459328,0.39124667971616356,0.89978211756978699,0.3866250782152309,0.21681084357063762
0.46000000000000002,0.67999999999999994,0.7433333333333334,0.069139510382854444,0.31348661532994593,0.40030333147858682,0.17363343229728173,0.4050089752326973,0.89691921860704682,0.40030333147858682,0.22666989918130509
0.46000000000000002,0.71999999999999986,0.76000000000000001,0.072960775903587044,0.32471869471661124,0.413252302286304,0.17706721513938553,0.41802651692581161,0.89387367594628442,0.413252302286304,0.23618508714691847
0.46000000000000002,0.7599999999999999,0.77666666666666662,0.076737300758284957,0.33543743508679613,0.42551287507521651,0.18015087997684082,0.43034159420139806,0.89062161611501434,0.42551287507521651,0.2453619950983757
0.46000000000000002,0.79999999999999993,0.79333333333333333,0.080463793904946526,0.34566218694080175,0.43712019165502164,0.18291600942843983,0.44199047107659756,0.88713418310402836,0.43712019165502164,0.25420418222658181
0.46000000000000002,0.83999999999999986,0.81000000000000005,0.084133858037054587,0.3554082376822823,0.44810367673528106,0.18539087810599753,0.45300341566501623,0.88337597932684253,0.44810367673528106,0.26271279862928354
0.46000000000000002,0.87999999999999989,0.82666666666666666,0.087739634692516971,0.36468640991479101,0.45848680213192039,0.18760078443425876,0.46340444997382663,0.87930282947485106,0.45848680213192039,0.27088601769766163
0.46000000000000002,0.91999999999999982,0.84333333333333327,0.091271285845529973,0.37350232898249347,0.46828648240061876,0.18956830683625059,0.4732107046341637,0.8748584710276297,0.46828648240061876,0.27871817556436818
0.46000000000000002,0.95999999999999985,0.85999999999999999,0.094716208437455138,0.38185516674921494,0.47751190317987058,0.19131347286131123,0.4824311639178599,0.86996946935258923,0.47751190317987058,0.28619843031855935
0.46000000000000002,0.99999999999999989,0.87666666666666671,0.098057789995437503,0.3897354964653984,0.48616240182357023,0.19285381071634361,0.49106439206526592,0.86453704056896108,0.48616240182357023,0.29330859110722662
0.46000000000000002,1.0399999999999998,0.89333333333333331,0.10127332439895771,0.39712152278003549,0.4942236286467932,0.19420421173351543,0.49909454978011414,0.8584231325311642,0.4942236286467932,0.30001941691327777
0.46000000000000002,1.0799999999999998,0.90999999999999992,0.1043302620142486,0.40397207209396846,0.50166028887165848,0.19537643355538004,0.50648697769290407,0.85142493514551243,0.50166028887165848,0.30628385531627844
0.46000000000000002,1.1199999999999999,0.92666666666666664,0.10717878460692769,0.4102123701453837,0.50840127077688979,0.19637780126301213,0.51319819704777003,0.84322339599395946,0.50840127077688979,0.31202346951387766
0.46000000000000002,1.1599999999999997,0.94333333333333325,0.1097349590439323,0.41570112419014177,0.51430500766206821,0.19720776694385289,0.51920805805181736,0.83326366797074281,0.51430500766206821,0.31709724071821532
0.46000000000000002,1.1999999999999997,0.95999999999999996,0.11183345309601869,0.42013644359565139,0.51906002062122247,0.19784715405114217,0.52451252331336151,0.82040955921764636,0.51906002062122247,0.3212128665700803
0.46000000000000002,1.2399999999999998,0.97666666666666657,0.11302866907645433,0.4226527833192224,0.52175700388228685,0.19820844112612895,0.52918173302679361,0.80142283042006768,0.52175700388228685,0.3235485627561579
0.46000000000000002,1.2799999999999998,0.9933333333333334,0.056459496182767577,0.23908257364574301,0.30226887006901598,0.12637259284654595,0.53334843157628209,0.096767599283869923,0.30226887006901598,0.17589627722247003
0.47999999999999998,0.12,0.53000000000000003,0.012606147577908356,0.078616320772176063,0.1064575310087955,0.055682420473238868,0.10703697513464443,0.92697299289937318,0.1064575310087955,0.050775110535556632
0.47999999999999998,0.15999999999999998,0.54666666666666663,0.016779667368321375,0.10119653176011204,0.13640666921853828,0.070420274916852488,0.13759608559183736,0.92538691337032541,0.13640666921853828,0.065986394301685791
0.47999999999999998,0.19999999999999998,0.56333333333333335,0.02093773643329393,0.12248911879818476,0.16431386932309158,0.08364950104981364,0.16602983465709775,0.92374819246942474,0.16431386932309158,0.080664368273277942
0.47999999999999998,0.23999999999999999,0.57999999999999996,0.025079520520478269,0.14260447598700912,0.190375449864047,0.095541947754075762,0.19254674042609068,0.92205221064283216,0.190375449864047,0.094833502109971241
0.47999999999999998,0.27999999999999997,0.59666666666666668,0.029204092088760535,0.16163961802809729,0.21476276752453125,0.10624629899286793,0.21732829412040031,0.92029398163031328,0.21476276752453125,0.10851646853166332
0.47999999999999998,0.31999999999999995,0.61333333333333329,0.03331041952503376,0.17968012866289523,0.23762599291291223,0.11589172850003397,0.24053313011452698,0.91846807937430863,0.23762599291291223,0.12173426441287825
0.47999999999999998,0.35999999999999999,0.63,0.03739735402128383,0.19680176108955788,0.25909720767004202,0.12459089316096825,0.26230043251202201,0.91656855423330463,0.25909720767004202,0.13450631450907377
0.47999999999999998,0.39999999999999997,0.64666666666666661,0.041463613633609973,0.2130717584785618,0.27929295826814537,0.13244239957916712,0.28275273358077213,0.91458883514791989,0.27929295826814537,0.14685055868897826
0.47999999999999998,0.43999999999999995,0.66333333333333333,0.045507763888490385,0.22854994704380685,0.29831637103919623,0.13953284799077875,0.30199822337392113,0.91252161356711547,0.29831637103919623,0.15878352304841747
0.47999999999999998,0.47999999999999993,0.67999999999999994,0.049528194094041952,0.24328964214290824,0.31625890954989694,0.14593853481397739,0.3201326627073251,0.91035870375162309,0.31625890954989694,0.17032037473591954
0.47999999999999998,0.51999999999999991,0.69666666666666666,0.053523088232409768,0.2573383985361809,0.33320183739143816,0.15172687771051455,0.33724097087441818,0.9080908723931933,0.33320183739143816,0.18147495968092361
0.47999999999999998,0.55999999999999994,0.71333333333333326,0.057490388919901568,0.2707386284502849,0.34921743528424992,0.15695761366793007,0.35339854327073,0.90570762810851879,0.34921743528424992,0.19225982161631985
0.47999999999999998,0.59999999999999987,0.72999999999999998,0.061427752372636535,0.28352810485783114,0.36437000998218372,0.16168381024870518,0.36867234113691066,0.90319695795567745,0.36437000998218372,0.20268619973347854
0.47999999999999998,0.6399999999999999,0.74666666666666659,0.065332491527317044,0.29574036187340963,0.37871672289135516,0.16595272203589106,0.38312178485411996,0.9005449931589854,0.37871672289135516,0.2127640008554641
0.47999999999999998,0.67999999999999994,0.76333333333333331,0.069201503311954585,0.30740499886551809,0.39230825779606882,0.1698065178611014,0.39679947272125521,0.89773557887989563,0.39230825779606882,0.22250173993496741
0.47999999999999998,0.71999999999999986,0.77999999999999992,0.073031174332058038,0.31854788919848864,0.40518933879058466,0.17328289918419199,0.40975173799132031,0.89474971176138274,0.40518933879058466,0.23190643960639268
0.47999999999999998,0.7599999999999999,0.79666666666666663,0.076817256584642751,0.32919128763891098,0.41739910045566497,0.17641562563350802,0.42201904704445692,0.89156479177213466,0.41739910045566497,0.24098347482215696
0.47999999999999998,0.79999999999999993,0.81333333333333324,0.080554700630033615,0.33935382112775558,0.42897130105927533,0.17923495986303956,0.43363622936145757,0.88815360751643069,0.42897130105927533,0.24973634119623578
0.47999999999999998,0.83999999999999986,0.82999999999999996,0.084237426852533909,0.34905033367872129,0.43993435375116546,0.18176804014488834,0.44463251287655181,0.8844829292910239,0.43993435375116546,0.25816631360627712
0.47999999999999998,0.87999999999999989,0.84666666666666668,0.087858003992261541,0.35829153366193706,0.45031112613010094,0.18403918493632776,0.45503131172883932,0.88051150787420851,0.45031112613010094,0.26627194119377318
0.47999999999999998,0.91999999999999982,0.86333333333333329,0.091407184047286191,0.36708335295660499,0.46011841699916761,0.18607012808512519,0.46484966847314918,0.87618714187344648,0.46011841699916761,0.27404828891404243
0.47999999999999998,0.95999999999999985,0.87999999999999989,0.094873205681281797,0.37542585641171689,0.46936594364472078,0.18788017446600785,0.47409717101634613,0.87144222509543812,0.46936594364472078,0.28148576917871293
0.47999999999999998,0.99999999999999989,0.89666666666666661,0.098240706216991588,0.38331140125575036,0.47805452599294257,0.18948624947438447,0.4827740071902975,0.86618668994440773,0.47805452599294257,0.2885682765185581
0.47999999999999998,1.0399999999999998,0.91333333333333333,0.10148893165331874,0.39072145429509342,0.48617284514665726,0.19090278170312763,0.49086757594428293,0.86029621448026605,0.48617284514665726,0.29527006344352963
0.47999999999999998,1.0799999999999998,0.92999999999999994,0.10458859039803602,0.39762080408073597,0.49369144338294707,0.19214127860442226,0.49834837953244515,0.85359113652294138,0.49369144338294707,0.30155016477852481
0.47999999999999998,1.1199999999999999,0.94666666666666655,0.10749581800866821,0.40394617761719587,0.50055080006824404,0.19320924490209634,0.50517658381820851,0.84579522928921091,0.50055080006824404,0.3073415551661477
0.47999999999999998,1.1599999999999997,0.96333333333333315,0.1101391025840258,0.40958107861533705,0.50663480025212493,0.19410744327357576,0.51132944434977223,0.83644441529592972,0.50663480025212493,0.31252735697854916
0.47999999999999998,1.1999999999999997,0.97999999999999987,0.11238524778390271,0.41428910125319474,0.51170008459276217,0.19482196667913487,0.51679868847696564,0.82464264159237,0.51170008459276217,0.3168781179136273
0.47999999999999998,1.2399999999999998,0.99666666666666659,0.11391698383478915,0.4174698630378475,0.51511641210944803,0.19529309814320112,0.52163954185399053,0.80814990721724467,0.51511641210944803,0.31982331396624691
0.5,0.12,0.55000000000000004,0.012610772339965364,0.07650693083603792,0.10337719861752931,0.053740535562982784,0.10387390137754647,0.92731504226669825,0.10337719861752931,0.049636663054546525
0.5,0.15999999999999998,0.56666666666666665,0.016786222214437613,0.098561621120151335,0.13259139194760469,0.068059541654906713,0.13366794620088945,0.92575089850168513,0.13259139194760469,0.064531850292697979
0.5,0.19999999999999998,0.58333333333333337,0.020946431594288065,0.1193908035861079,0.15986597044301781,0.080950333713819808,0.16144532561110855,0.92413480790392877,0.15986597044301781,0.078915636729198005
0.5,0.23999999999999999,0.59999999999999998,0.025090580237652992,0.1390967098751385,0.18538248423697526,0.0925715487236735,0.18739855403615588,0.92246232131117312,0.18538248423697526,0.092810935513301759
0.5,0.27999999999999997,0.6166666666666667,0.029217757864926776,0.15776948511750646,0.20929996424044589,0.10306095824587884,0.21169581753442143,0.92072863203193711,0.20929996424044589,0.10623900599456705
0.5,0.31999999999999995,0.6333333333333333,0.033326953746713447,0.17548890238014531,0.23175824316919899,0.11253868157810736,0.23448463159916449,0.91892850729700093,0.23175824316919899,0.11921956159109164
0.5,0.35999999999999999,0.65000000000000002,0.037417044088405453,0.19232577771350975,0.25288069320861767,0.12110983099021583,0.25589484488470471,0.91705620950865085,0.25288069320861767,0.13177086221840184
0.5,0.39999999999999997,0.66666666666666663,0.041486776760938683,0.20834314292127104,0.27277649386843206,0.12886670189432203,0.27604111864852132,0.91510540421813147,0.27277649386843206,0.14390979197411002
0.5,0.43999999999999995,0.68333333333333335,0.045534752783623546,0.22359722029456408,0.29154251825124422,0.13589059591336025,0.295024982269803,0.9130690509847138,0.29154251825124422,0.15565192233788397
0.5,0.47999999999999993,0.69999999999999996,0.049559403774473078,0.23813823361758488,0.30926490656981082,0.14225334590445188,0.31293654281486655,0.910939272180048,0.30926490656981082,0.16701156066535894
0.5,0.51999999999999991,0.71666666666666667,0.053558964325743155,0.25201108193964994,0.32602038069242795,0.14801859750555602,0.32985590934323028,0.908707193275057,0.32602038069242795,0.17800178318687193
0.5,0.55999999999999994,0.73333333333333328,0.057531437907270437,0.26525589629832069,0.34187734158619937,0.15324289057575741,0.34585437907147581,0.90636274599500888,0.34187734158619937,0.18863445101044196
0.5,0.59999999999999987,0.75,0.061474554402037147,0.27790849427280145,0.35689678185502782,0.15797657516445271,0.36099542156440723,0.90389442266143116,0.35689678185502782,0.19892020669057511
0.5,0.6399999999999999,0.76666666666666661,0.065385716666663943,0.29000074251427316,0.37113303739358233,0.16226458975861832,0.37533548794572641,0.9012889656034655,0.37113303739358233,0.20886844763496401
0.5,0.67999999999999994,0.78333333333333333,0.0692619324727589,0.3015608328105307,0.38463439483760908,0.16614712405415683,0.38892466395706077,0.89853096899193174,0.38463439483760908,0.21848727078345226
0.5,0.71999999999999986,0.79999999999999993,0.073099726642461074,0.31261347229463154,0.39744356429948802,0.169660184009713,0.40180717777712455,0.89560236064354648,0.39744356429948802,0.22778338028977502
0.5,0.7599999999999999,0.81666666666666665,0.076895025842122947,0.32317998241607881,0.40959801899578774,0.17283607315941787,0.41402176491634907,0.89248171627450545,0.40959801899578774,0.23676194583636986
0.5,0.79999999999999993,0.83333333333333326,0.080643004825084491,0.3332782931975764,0.42113019359217907,0.17570380078920539,0.42560188190829917,0.88914333491664632,0.42113019359217907,0.24542639280297368
0.5,0.83999999999999986,0.84999999999999998,0.084337876999896436,0.34292280730354507,0.43206751944433747,0.17828942428158479,0.43657574579150416,0.88555596559532535,0.43206751944433747,0.25377809516275268
0.5,0.87999999999999989,0.8666666666666667,0.087972602348755882,0.35212408928936745,0.44243225390285457,0.18061632922697429,0.44696615371351617,0.88168101045505209,0.44243225390285457,0.26181592467588027
0.5,0.91999999999999982,0.8833333333333333,0.091538468657983665,0.36088830281662193,0.45224102580133746,0.18270544596943106,0.45678999913162421,0.87746991600292956,0.45224102580133746,0.2695355798319064
0.5,0.95999999999999985,0.89999999999999991,0.095024471086362375,0.36921625983852635,0.46150395659094168,0.1845753935048306,0.46605733328864701,0.87286025623154695,0.46150395659094168,0.27692856308611108
0.5,0.99999999999999989,0.91666666666666663,0.098416355874334685,0.37710183302655542,0.47022309683943886,0.18624252762576693,0.47476969236833416,0.86776960904564948,0.47022309683943886,0.28398056921367193
0.5,1.0399999999999998,0.93333333333333335,0.10169507290567474,0.38452925099624768,0.47838967185331766,0.18772084171413994,0.48291720201310456,0.86208549511358101,0.47838967185331766,0.29066883013917771
0.5,1.0799999999999998,0.94999999999999996,0.10483411317446621,0.39146827823194541,0.48597908032088977,0.18902160417788866,0.49047481148002031,0.85564777787275093,0.48597908032088977,0.29695747614300111
0.5,1.1199999999999999,0.96666666666666656,0.10779454552638092,0.39786499670537168,0.49294122323962436,0.19015245306850537,0.49740631100538618,0.84821524997504727,0.49294122323962436,0.30278877017111899
0.5,1.1599999999999997,0.98333333333333317,0.11051469336655775,0.40362223741186659,0.49917983188828857,0.19111518895284396,0.50368747189522156,0.83939467375343679,0.49917983188828857,0.30806464293544461
0.5,1.1999999999999997,0.99999999999999989,0.11288491756900801,0.40855092087453077,0.50450081375278222,0.19189978575650291,0.50931127065890514,0.82846306403395498,0.50450081375278222,0.31260102799627931
0.52000000000000002,0.12,0.57000000000000006,0.012615336029882773,0.074510156854620313,0.10047164487438984,0.051922976039539062,0.10089409362298406,0.9276524986667456,0.10047164487438984,0.048548668834850775
0.52000000000000002,0.15999999999999998,0.58666666666666667,0.016792682641790391,0.096063236111371297,0.12898573256083451,0.065844992898926424,0.12996004835520217,0.92610954046304428,0.12898573256083451,0.063140739661908085
0.52000000000000002,0.19999999999999998,0.60333333333333339,0.020954992503348112,0.11644847944628542,0.15565497986521948,0.078413000837868105,0.15710985197784813,0.92451533291577392,0.15565497986521948,0.077241979027351373
0.52000000000000002,0.23999999999999999,0.62,0.025101459103069886,0.13576074313325165,0.18064761446678534,0.089773742667067391,0.18252161369726061,0.92286558591567314,0.18064761446678534,0.090873871799717953
0.52000000000000002,0.27999999999999997,0.63666666666666671,0.02923118895461527,0.15408393625508068,0.20411149456052199,0.10005511661088264,0.20635148275960602,0.92115566116857284,0.20411149456052199,0.10405637794963936
0.52000000000000002,0.31999999999999995,0.65333333333333332,0.033343191543243868,0.17149253408032761,0.22617703932655989,0.10936901049246456,0.2287368677801713,0.91938050776220004,0.22617703932655989,0.11680802883409533
0.52000000000000002,0.35999999999999999,0.67000000000000004,0.037436367194087182,0.18805283287649074,0.24695965603964071,0.11781364632629993,0.2497990934473874,0.91753458801427845,0.24695965603964071,0.12914600971334078
0.52000000000000002,0.39999999999999997,0.68666666666666665,0.04150949243792728,0.20382399426493836,0.26656175948019911,0.12547553043052148,0.26964560356048767,0.91561179078271238,0.26656175948019911,0.14108622904967763
0.52000000000000002,0.43999999999999995,0.70333333333333337,0.045561202317900437,0.2188589165764688,0.2850744583978867,0.13243108364283579,0.28837179515952949,0.91360532870078881,0.2850744583978867,0.15264337475505091
0.52000000000000002,0.47999999999999993,0.71999999999999997,0.049589968905432859,0.23320496239088745,0.30257896765315551,0.13874801052453609,0.30606254995672449,0.91150761480176357,0.30257896765315551,0.16383095712861942
0.52000000000000002,0.51999999999999991,0.73666666666666669,0.053594075057467723,0.24690456488465043,0.31914779204942711,0.14448645432955337,0.32279351485627267,0.90931011260705985,0.31914779204942711,0.17466133771987374
0.52000000000000002,0.55999999999999994,0.7533333333333333,0.057571582122684109,0.25999573026706624,0.33484571781639727,0.14969997509866201,0.33863217192969697,0.90700315180346536,0.33484571781639727,0.18514574271773526
0.52000000000000002,0.59999999999999987,0.77000000000000002,0.061520289851362292,0.27251244905333211,0.34973063947746436,0.15443638084826453,0.35363872893155651,0.90457569887144629,0.34973063947746436,0.19529425862919983
0.52000000000000002,0.6399999999999999,0.78666666666666663,0.065437686119496269,0.28448502484391108,0.36385424282435819,0.15873843596089424,0.36786685359501797,0.90201506805178355,0.36385424282435819,0.20511580686346395
0.52000000000000002,0.67999999999999994,0.80333333333333334,0.069320883144731851,0.29594032529372349,0.37726255837845241,0.16264446616945788,0.38136426791123496,0.8993065522215492,0.37726255837845241,0.21461809220899453
0.52000000000000002,0.71999999999999986,0.81999999999999995,0.073166535492164619,0.30690195563619455,0.38999639346385884,0.16618887565532861,0.39417321172671854,0.89643294457192058,0.38999639346385884,0.22380751780853023
0.52000000000000002,0.7599999999999999,0.83666666666666667,0.076970733081629245,0.31739034989443848,0.40209164414033322,0.16940258849178949,0.4063307775063717,0.89337390874002742,0.40209164414033322,0.23268905564854372
0.52000000000000002,0.79999999999999993,0.85333333333333328,0.080728859172083764,0.32742276786811803,0.41357947972191822,0.17231342370760036,0.41786910889331541,0.89010513433256988,0.41357947972191822,0.24126605601431786
0.52000000000000002,0.83999999999999986,0.87,0.084435398134622544,0.33701317562370464,0.4244863807884775,0.17494641032954572,0.42881544295827922,0.8865971814311705,0.4244863807884775,0.24953997045893178
0.52000000000000002,0.87999999999999989,0.88666666666666671,0.088083669313066909,0.34617197083849843,0.43483399357586755,0.17732404547473823,0.43919195661880173,0.88281386219865554,0.43483399357586755,0.25750994810112932
0.52000000000000002,0.91999999999999982,0.90333333333333332,0.091665448704254054,0.35490548683597162,0.44463873393858244,0.17946649420522165,0.44901534568202012,0.87870991188465175,0.44463873393858244,0.26517223973336079
0.52000000000000002,0.95999999999999985,0.91999999999999993,0.095170414152439167,0.36321516023842548,0.45391102178141762,0.18139172308598428,0.45829600845944024,0.87422752854652352,0.45391102178141762,0.27251929869543334
0.52000000000000002,0.99999999999999989,0.93666666666666665,0.098585300747101867,0.37109615497586829,0.46265392865320271,0.18311554735466884,0.46703660064689961,0.86929103178650702,0.46265392865320271,0.27953838129853387
0.52000000000000002,1.0399999999999998,0.95333333333333337,0.10189255497195067,0.37853504985989661,0.47086082372373445,0.18465154772767572,0.4752295509422832,0.86379822438646225,0.47086082372373445,0.28620927599605872
0.52000000000000002,1.0799999999999998,0.96999999999999997,0.10506806399637078,0.38550579318667633,0.47851117339366339,0.18601076041397407,0.48285364397706654,0.85760558215436899,0.47851117339366339,0.29250041297968932
0.52000000000000002,1.1199999999999999,0.98666666666666658,0.10807703127060102,0.39196215907916943,0.48556261684256291,0.18720091552678692,0.48987617741801626,0.85050087555968157,0.48556261684256291,0.298361701315776
0.54000000000000004,0.12,0.59000000000000008,0.012619841246437235,0.072617116247019664,0.097726390140211214,0.050218547786383114,0.098082051094606826,0.92798556345739736,0.097726390140211214,0.0475078423538281
0.54000000000000004,0.15999999999999998,0.60666666666666669,0.016799052918839898,0.093690925799431835,0.12557285607508481,0.063763860551305965,0.12645434460172719,0.9264630880478345,0.12557285607508481,0.061808995523778845
0.54000000000000004,0.19999999999999998,0.62333333333333341,0.020963425450264857,0.1136505428637779,0.15166243114677386,0.076023776565991907,0.15300361987725292,0.92489006110983207,0.15166243114677386,0.07563865458078195
0.54000000000000004,0.23999999999999999,0.64000000000000001,0.025112165778014211,0.1325841426703484,0.17615129389253431,0.087134302444371814,0.1778949846872401,0.92326234142175267,0.17615129389253431,0.089016991448162497
0.54000000000000004,0.27999999999999997,0.65666666666666673,0.029244396755641014,0.15056996046129978,0.19917715142653808,0.097214381930476573,0.20127367253593156,0.92157544898106059,0.19917715142653808,0.10196276949606151
0.54000000000000004,0.31999999999999995,0.67333333333333334,0.03335914744510135,0.16767763143541284,0.22086183321692437,0.10636840356302306,0.22326788516171389,0.91982450431605045,0.22086183321692437,0.11449342965390132
0.54000000000000004,0.35999999999999999,0.69000000000000006,0.037455341446016706,0.18396930657797395,0.24131344894583873,0.11468828473572953,0.24399114922608395,0.91800415854826556,0.24131344894583873,0.12662516421010919
0.54000000000000004,0.39999999999999997,0.70666666666666667,0.04153178286219348,0.19950058505037643,0.26062819137165932,0.12225521264256578,0.26354427905516475,0.91610851160969953,0.26062819137165932,0.13837297872909354
0.54000000000000004,0.43999999999999995,0.72333333333333338,0.045587139383518639,0.21432129497325456,0.27889184776781423,0.12914110558911934,0.28201701729831935,0.91413101535566976,0.27889184776781423,0.14975074217869488
0.54000000000000004,0.47999999999999993,0.73999999999999999,0.049619921800108116,0.22847614751279821,0.29618107004258792,0.1354098450595794,0.2994894099296373,0.91206435739829517,0.29618107004258792,0.16077122498300853
0.54000000000000004,0.51999999999999991,0.75666666666666671,0.053628459048640741,0.24200528364879381,0.31256444303367009,0.14111831876975259,0.31603295992750774,0.90990032021771439,0.31256444303367009,0.1714461242639175
0.54000000000000004,0.55999999999999994,0.77333333333333332,0.057610867594041819,0.25494472846006921,0.32810338195386313,0.14631730698758788,0.33171159432220515,0.90762960833994166,0.32810338195386313,0.18178607496627525
0.54000000000000004,0.59999999999999987,0.79000000000000004,0.061565013536897008,0.26732676387680954,0.34285288294045307,0.1510522381272871,0.34658247140138082,0.90524163387578238,0.34285288294045307,0.19180064481316597
0.54000000000000004,0.6399999999999999,0.80666666666666664,0.065488465252978231,0.27918022732180792,0.35686214462970217,0.15536383461578854,0.3606966481326585,0.90272424714583321,0.35686214462970217,0.20149831001391363
0.54000000000000004,0.67999999999999994,0.82333333333333336,0.069378433529756214,0.2905307401898744,0.37017507317880799,0.15928866597786717,0.37409962177921796,0.90006339392332912,0.37017507317880799,0.21088640720094082
0.54000000000000004,0.71999999999999986,0.83999999999999997,0.07323169492802023,0.30140086633463947,0.38283067770259011,0.16285962273590129,0.38683175370544992,0.89724267312564054,0.38283067770259011,0.21997105496668881
0.54000000000000004,0.7599999999999999,0.85666666666666669,0.077044492238840911,0.31181019614894806,0.39486335707574693,0.16610632185359778,0.39892857683167982,0.89424275711731804,0.39486335707574693,0.22875703522214916
0.54000000000000004,0.79999999999999993,0.87333333333333329,0.080812403046374187,0.32177534567809263,0.40630307160570933,0.16905545185523346,0.41042098015581124,0.8910406186743528,0.40630307160570933,0.23724761975047587
0.54000000000000004,0.83999999999999986,0.89000000000000001,0.084530162882717697,0.33130985122713097,0.41717538281324151,0.17173106317222103,0.42133525270683098,0.88760847975481283,0.41717538281324151,0.24544431964102048
0.54000000000000004,0.87999999999999989,0.90666666666666673,0.088191422076606241,0.34042392586812653,0.42750132904362265,0.17415480635099218,0.43169295260384571,0.88391234962324006,0.42750132904362265,0.25334652269263047
0.54000000000000004,0.91999999999999982,0.92333333333333334,0.09178840290559527,0.34912402091667927,0.43729707936817103,0.17634611690298346,0.44151053968062393,0.87990993860863309,0.43729707936817103,0.26095096246518756
0.54000000000000004,0.95999999999999985,0.93999999999999995,0.095311401630540166,0.35741209453095391,0.44657326435948907,0.17832233965707039,0.45079866279701669,0.87554758905791152,0.44657326435948907,0.26825092470241868
0.54000000000000004,0.99999999999999989,0.95666666666666667,0.098748039186020181,0.36528441372255516,0.45533380128864376,0.18009877513217726,0.45956090608745676,0.8707555942333336,0.45533380128864376,0.2752350261564665
0.54000000000000004,1.0399999999999998,0.97333333333333338,0.10208208415256743,0.37272956637312793,0.46357387155376334,0.18168861036127076,0.46779164971868437,0.86544073808843258,0.46357387155376334,0.28188526119249258
0.54000000000000004,1.0799999999999998,0.98999999999999999,0.10529150250571123,0.37972504193242707,0.4712763687541846,0.18310265364351513,0.47547298643456026,0.85947374026435053,0.4712763687541846,0.28817371511066947
0.56000000000000005,0.12,0.6100000000000001,0.012624290357081274,0.070819844151810737,0.095128511102253704,0.048617333900885927,0.095423973727786812,0.92831441959066874,0.095128511102253704,0.046511177201367777
0.56000000000000005,0.15999999999999998,0.62666666666666671,0.016805336934592029,0.091435287317893674,0.12233768338108376,0.061804792126380174,0.12313470776401902,0.92681176736986814,0.12233768338108376,0.06053289125470359
0.56000000000000005,0.19999999999999998,0.64333333333333342,0.02097173617070669,0.11098652126327203,0.14787172893524289,0.073770415343941714,0.14910888020835159,0.92525925960171618,0.14787172893524289,0.074101313591301177
0.56000000000000005,0.23999999999999999,0.66000000000000003,0.025122708170023149,0.12955565455157358,0.17187590195019559,0.084640494797244004,0.17349983424006155,0.92365289479930235,0.17187590195019559,0.087235407152951583
0.56000000000000005,0.27999999999999997,0.67666666666666675,0.029257391687171525,0.14721574887472083,0.19447866618039458,0.094525834611347531,0.19644288139482757,0.9219883420760685,0.19447866618039458,0.099952831569047051
0.56000000000000005,0.31999999999999995,0.69333333333333336,0.033374834751891964,0.1640320088695732,0.21579399742377511,0.1035239771084038,0.21805781898328819,0.92026088387917693,0.21579399742377511,0.11227002031537131
0.56000000000000005,0.35999999999999999,0.71000000000000008,0.037473983437678868,0.18006277700018047,0.23592330717053345,0.11172106034070596,0.23845102650818503,0.91846534992608353,0.23592330717053345,0.12420224682982749
0.56000000000000005,0.39999999999999997,0.72666666666666668,0.041553668397001899,0.19536036802957052,0.2549570561414613,0.11919337622378157,0.2577172188387703,0.91659603994851568,0.2549570561414613,0.13576367991767974
0.56000000000000005,0.43999999999999995,0.7433333333333334,0.04561258867335468,0.20997177023027971,0.27297611197955479,0.12600868349855016,0.27594091730326958,0.91464663223516451,0.27297611197955479,0.14696742848100464
0.56000000000000005,0.47999999999999993,0.76000000000000001,0.049649292151667655,0.22393923466446672,0.29005289405915419,0.13222731878937494,0.29319768695422294,0.91261007412339046,0.29005289405915419,0.15782557526977925
0.56000000000000005,0.51999999999999991,0.77666666666666673,0.053662151809093915,0.23730076918143916,0.30625233941521285,0.1379031404675474,0.30955517808346444,0.91047844943238943,0.30625233941521285,0.16834919894766545
0.56000000000000005,0.55999999999999994,0.79333333333333333,0.05764933665619662,0.25009054990345297,0.32163271655124853,0.14308433329559109,0.32507400188550489,0.90824281622326819,0.32163271655124853,0.17854838325565744
0.56000000000000005,0.59999999999999987,0.81000000000000005,0.061608775881807229,0.26233925962635152,0.33624630786692561,0.14781409648114818,0.33980846341969928,0.90589300601542477,0.33624630786692561,0.18843221138577743
0.56000000000000005,0.6399999999999999,0.82666666666666666,0.065538114184249832,0.2740743595009712,0.35013997624020232,0.15213123347846227,0.35380716922743843,0.90341737237679987,0.35013997624020232,0.19800874276174005
0.56000000000000005,0.67999999999999994,0.84333333333333338,0.069434655511076915,0.28532029732649317,0.36335562651749403,0.15607065838200171,0.36711352168408634,0.90080247215800024,0.36335562651749403,0.20728496813549233
0.56000000000000005,0.71999999999999986,0.85999999999999999,0.073295291318117767,0.29609865246920658,0.37593056789417928,0.15966383084994537,0.3797661069471161,0.89803265578975899,0.37593056789417928,0.21626673704423391
0.56000000000000005,0.7599999999999999,0.87666666666666671,0.077116407800002618,0.30642821339542792,0.38789777789053181,0.16293912899020777,0.391798977636719,0.89508953275260217,0.38789777789053181,0.22495864890032405
0.56000000000000005,0.79999999999999993,0.89333333333333331,0.080893764009815503,0.31632497842773394,0.39928606210519241,0.16592216735491691,0.40324182435030459,0.89195126244036149,0.39928606210519241,0.2333638947502755
0.56000000000000005,0.83999999999999986,0.91000000000000003,0.084622328808882055,0.32580206252910165,0.41012009498117491,0.16863606490414648,0.41412002049265656,0.88859159549969846,0.41012009498117491,0.24148403007702843
0.56000000000000005,0.87999999999999989,0.92666666666666675,0.088296058158235199,0.33486948081241497,0.42042031341673147,0.17110166520863301,0.42445451050141814,0.88497854972652334,0.42042031341673147,0.24931864820809846
0.56000000000000005,0.91999999999999982,0.94333333333333336,0.091907583504827847,0.34353375959423027,0.43020261347066541,0.17333770775287022,0.43426148832725581,0.88107253536825558,0.43020261347066541,0.25686490571779519
0.56000000000000005,0.95999999999999985,0.95999999999999996,0.095447763282687476,0.35179729141270732,0.43947776342184464,0.17536094401827462,0.44355177317046368,0.87682362298320904,0.43947776342184464,0.26411681940357001
0.56000000000000005,0.99999999999999989,0.97666666666666668,0.098905015372978702,0.35965728762904375,0.44825037918833716,0.1771861831185868,0.45232971740402678,0.87216742274322789,0.44825037918833716,0.27106419606975035
0.56000000000000005,1.0399999999999998,0.9933333333333334,0.10226428245147522,0.36710406058718242,0.45651717799155234,0.17882623480873983,0.46059135774509741,0.86701860686164078,0.45651717799155234,0.27769094318281251
0.57999999999999996,0.12,0.63,0.012628685526608261,0.069111177138583529,0.092666437198171595,0.04711052011917613,0.092907535114841719,0.92863923394462833,0.092666437198171595,0.045555917078995464
0.57999999999999996,0.15999999999999998,0.64666666666666661,0.016811538244659023,0.089287836917931199,0.11926666817207367,0.059957662508284937,0.11998668210026663,0.92715578467504034,0.11926666817207367,0.05930900566378873
0.57999999999999996,0.19999999999999998,0.66333333333333333,0.020979929912090418,0.10844693773290964,0.14426791784078186,0.071641960215744441,0.145409671164415,0.92562317223063739,0.14426791784078186,0.072625957625037416
0.57999999999999996,0.23999999999999999,0.67999999999999994,0.025133093520684595,0.12666506671296196,0.16780551259406459,0.082280891762205252,0.16931917406807534,0.92403752658446336,0.16780551259406459,0.085524620831859341
0.57999999999999996,0.27999999999999997,0.69666666666666666,0.02927018330154223,0.14401055836499171,0.18999948149233162,0.091977846254679835,0.19184146376030936,0.9223946576055021,0.18999948149233162,0.098021635237651783
0.57999999999999996,0.31999999999999995,0.71333333333333326,0.033390265670473034,0.16054455399123974,0.21095660584353618,0.10082410370459287,0.21308865036179395,0.92069000092983633,0.21095660584353618,0.11013250213894331
0.57999999999999996,0.35999999999999999,0.72999999999999998,0.037492308415479486,0.17632189098864595,0.23077213847425965,0.10890049497122739,0.23316055104413144,0.91891855546897683,0.23077213847425965,0.12187164350303226
0.57999999999999996,0.39999999999999997,0.74666666666666659,0.041575167770722093,0.19139185144036475,0.2495312512633848,0.1162787996460401,0.25214625988240436,0.91707481033964744,0.2495312512633848,0.1332524516173447
0.57999999999999996,0.43999999999999995,0.76333333333333331,0.045637572916989048,0.20579879323158873,0.26731025741421632,0.12302292836525519,0.27012546991867897,0.91515265843263061,0.26731025741421632,0.14428732904896113
0.57999999999999996,0.47999999999999993,0.77999999999999992,0.04967810731133003,0.21958268201253922,0.28417764542387747,0.12918992682267649,0.28716958884017668,0.91314529306530756,0.28417764542387747,0.15498771860120097
0.57999999999999996,0.51999999999999991,0.79666666666666663,0.053695186064729318,0.23277953835106163,0.30019495411102948,0.13483083151993572,0.30334268107378154,0.9110450831036635,0.30019495411102948,0.16536412259109376
0.57999999999999996,0.55999999999999994,0.81333333333333324,0.057687028337032695,0.24542181109635527,0.31541751187957967,0.13999140156644879,0.31870226213870245,0.90884342047671163,0.31541751187957967,0.17542611031313088
0.57999999999999996,0.59999999999999987,0.82999999999999985,0.061651623373884995,0.25753868508749433,0.32989505822303378,0.14471274627107891,0.33329996531416411,0.90653053196227429,0.32989505822303378,0.18518231195195486
0.57999999999999996,0.6399999999999999,0.84666666666666668,0.065586688327515005,0.26915632867631634,0.34367226096603748,0.14903186457944231,0.34718209567466873,0.90409524422725751,0.34367226096603748,0.19464039638659517
0.57999999999999996,0.67999999999999994,0.86333333333333329,0.069489615314436301,0.2802980838747498,0.35678913856999428,0.15298210939048892,0.36039008195483102,0.90152468693740428,0.35678913856999428,0.20380702917950536
0.57999999999999996,0.71999999999999986,0.87999999999999989,0.073357404162285103,0.2909845990170386,0.3692813926456221,0.15659358725716702,0.37296083213874826,0.89880391264300585,0.3692813926456221,0.21268780538845508
0.57999999999999996,0.7599999999999999,0.89666666666666661,0.077186575813614711,0.30123390028384189,0.38118065117476441,0.159893501781845,0.38492699364257715,0.89591540301202111,0.38118065117476441,0.22128714939291941
0.57999999999999996,0.79999999999999993,0.91333333333333333,0.08097305910205832,0.3110613937144347,0.39251461721459968,0.16290644700032994,0.39631711278833887,0.89283841700669819,0.39251461721459968,0.22960817021426974
0.57999999999999996,0.83999999999999986,0.92999999999999994,0.084712040110221848,0.32047978252804366,0.40330711003876962,0.16565465502145194,0.40715567987043333,0.8895481146636891,0.40330711003876962,0.23765245501731769
0.57999999999999996,0.87999999999999989,0.94666666666666655,0.088397757701116172,0.329498874110212,0.41357797405341545,0.16815819988640687,0.41746303364771375,0.8860143546887137,0.41357797405341545,0.24541977416700858
0.57999999999999996,0.91999999999999982,0.96333333333333315,0.092023219512448448,0.33812523401861633,0.42334281231600862,0.17043515659478459,0.42725507920423561,0.8822000048503692,0.42334281231600862,0.25290765572122403
0.57999999999999996,0.95999999999999985,0.97999999999999998,0.095579796700495531,0.34636161530712517,0.43261247015886212,0.17250170970347395,0.43654273940313393,0.87805850132185514,0.43261247015886212,0.26011076045538817
0.57999999999999996,0.99999999999999989,0.99666666666666659,0.099056626939501582,0.35420603919194726,0.44139213830017582,0.17437219821645711,0.44533100006893794,0.87353020634445611,0.44139213830017582,0.26701994008371871
0.59999999999999998,0.12,0.65000000000000002,0.012633028741527457,0.067484654254456086,0.090329778170857036,0.0456902478328019,0.090521690883823516,0.92896015929915121,0.090329778170857036,0.044639530338055136
0.59999999999999998,0.15999999999999998,0.66666666666666663,0.016817660110589668,0.08724089969145532,0.11634760703106212,0.058213414679213579,0.11699727218661696,0.9274953287340284,0.11634760703106212,0.058134192351848538
0.59999999999999998,0.19999999999999998,0.68333333333333335,0.020988011490039992,0.10602319480109973,0.14083748474044755,0.06962857987869564,0.14189159871107779,0.9259820223045433,0.14083748474044755,0.071208904861751909
0.59999999999999998,0.23999999999999999,0.69999999999999996,0.025143328481152059,0.1239030905046557,0.16392569534836846,0.080045209687425525,0.16533763984201152,0.92441649393415171,0.16392569534836846,0.08388048566094293
0.59999999999999998,0.27999999999999997,0.71666666666666667,0.029282780380735472,0.14094459338099966,0.18572455548713113,0.089559924212262956,0.18745341728665424,0.92279468660462016,0.18572455548713113,0.09616463127486817
0.59999999999999998,0.31999999999999995,0.73333333333333328,0.033405451434469872,0.15720511145391844,0.20633424367362385,0.098258264439410825,0.2083439965737674,0.92111218111432391,0.20633424367362385,0.10807597923421303
0.59999999999999998,0.35999999999999999,0.75,0.037510330423727575,0.17273625104483578,0.22584434069634743,0.10621617930302331,0.22810315913604548,0.91936413688830254,0.22584434069634743,0.11962816139332412
0.59999999999999998,0.39999999999999997,0.76666666666666661,0.041596298250249353,0.18758448983319925,0.24433513118450004,0.11350128270260154,0.24681481133378377,0.91754522278697637,0.24433513118450004,0.1308338484818985
0.59999999999999998,0.43999999999999995,0.78333333333333333,0.045662113086315778,0.20179174606881628,0.26187870629553367,0.12017392045343481,0.26455417518880603,0.91564953533620819,0.26187870629553367,0.14170478584209886
0.59999999999999998,0.47999999999999993,0.79999999999999993,0.04970639253098575,0.21539585972185099,0.27853989941086271,0.12628807937802342,0.28138879646640275,0.91367050109024561,0.27853989941086271,0.1522518200328393
0.59999999999999998,0.51999999999999991,0.81666666666666665,0.053727592043451018,0.22843099796025187,0.29437708026425019,0.13189216460799663,0.29737939844532368,0.91160075886943692,0.29437708026425019,0.16248491565625356
0.59999999999999998,0.55999999999999994,0.83333333333333326,0.057723978695039729,0.24092799448967253,0.30944282763108288,0.13702966628282071,0.31258060377142227,0.90943201628102999,0.30944282763108288,0.17241316134826218
0.59999999999999998,0.59999999999999987,0.84999999999999987,0.061693598965960411,0.25291462978893092,0.3237844962452131,0.14173973291256439,0.32704154181466777,0.90715487307626386,0.3237844962452131,0.18204476333264871
0.59999999999999998,0.6399999999999999,0.8666666666666667,0.065634238872569861,0.26441585694808595,0.33744468969433189,0.14605766549249188,0.34080635461339936,0.90475860128121843,0.33744468969433189,0.19138702420184001
0.59999999999999998,0.67999999999999994,0.8833333333333333,0.069543374085980061,0.2754539754791242,0.35046164739851465,0.15001534383878096,0.3539146104843065,0.90223086829297872,0.35046164739851465,0.2004463035597337
0.59999999999999998,0.71999999999999986,0.89999999999999991,0.073418106799601715,0.28604875289352422,0.36286955009800187,0.15364159440895531,0.36640163036898216,0.89955738367351445,0.36286955009800187,0.20922795568904656
0.59999999999999998,0.7599999999999999,0.91666666666666663,0.077255084771633578,0.29621749071348535,0.37469874418571564,0.15696250694446051,0.37829872756418098,0.89672144225999983,0.37469874418571564,0.21773623724125513
0.59999999999999998,0.79999999999999993,0.93333333333333335,0.081050395961616978,0.30597502743029009,0.38597588017560569,0.16000170549063117,0.38963335605667615,0.89370332388273843,0.38597588017560569,0.22597417468497452
0.59999999999999998,0.83999999999999986,0.94999999999999996,0.084799429080002917,0.31533366497229942,0.39672395374684616,0.1627805775490935,0.40042915533437579,0.89047949078180688,0.39672395374684616,0.23394337619775266
0.59999999999999998,0.87999999999999989,0.96666666666666656,0.088496685445301315,0.32430299616932418,0.40696222770381635,0.16531846306898437,0.41070586871643255,0.88702149305831668,0.40696222770381635,0.24164376463483198
0.59999999999999998,0.91999999999999982,0.98333333333333317,0.092135519469454932,0.33288959610397328,0.41670599725885532,0.16763280230976405,0.42047909514357817,0.88329444162842852,0.41670599725885532,0.24907319494909128
0.59999999999999998,0.95999999999999985,1,0.095707771362127797,0.34109651558954102,0.42596613440139314,0.1697392376237043,0.42975980573097955,0.87925482085423123,0.42596613440139314,0.25622689677768884
0.62,0.12,0.67000000000000004,0.012637321830887555,0.065934432451781974,0.088109177339884104,0.044349489776204259,0.088256516222547363,0.92927733601797036,0.088109177339884104,0.043759687563679844
0.62,0.15999999999999998,0.68666666666666665,0.016823705533599121,0.085287514874865369,0.1135694770664875,0.056563924383244264,0.11415476301667493,0.92783057288767801,0.1135694770664875,0.057005552683243234
0.62,0.19999999999999998,0.70333333333333337,0.020995985336979304,0.10370747419543375,0.13756818900611442,0.067721429621361337,0.13854164865237609,0.92633601495572315,0.13756818900611442,0.069846759384753085
0.62,0.23999999999999999,0.71999999999999997,0.0251534191773541,0.12126125810606309,0.16022334374786032,0.077924171283594468,0.16154130158207694,0.92479003325632725,0.16022334374786032,0.082299172464265852
0.62,0.27999999999999997,0.73666666666666669,0.029295191019940305,0.13800890324142556,0.18164019217832522,0.087262577873799332,0.18326419581014139,0.92318869687565341,0.18164019217832522,0.094377614304525889
0.62,0.31999999999999995,0.7533333333333333,0.033420402408070968,0.15400438163951596,0.20191284232197407,0.095816921364916194,0.20380892931541317,0.92152772437478059,0.20191284232197407,0.10609592095705787
0.62,0.35999999999999999,0.77000000000000002,0.037528062430851473,0.16929631641727189,0.22112564270435661,0.10365865257416947,0.22326372291156504,0.91980242765932374,0.22112564270435661,0.11746699013018715
0.62,0.39999999999999997,0.78666666666666663,0.041617075792301193,0.1839285882254828,0.2393543552333765,0.11085153401578737,0.24170768778270413,0.91800764638994348,0.2393543552333765,0.12850282121758913
0.62,0.43999999999999995,0.80333333333333334,0.045686228575252313,0.19794084965744246,0.25666715202357931,0.11745260473227373,0.25921190018771834,0.91613767054279127,0.25666715202357931,0.13921454729130558
0.62,0.47999999999999993,0.81999999999999995,0.049734171175581168,0.21136896124976107,0.27312546375947733,0.12351300501943249,0.27584031410101156,0.91418614807393617,0.27312546375947733,0.14961245874004483
0.62,0.51999999999999991,0.83666666666666667,0.05375939772575962,0.22424535980601101,0.28878470167320863,0.12907868373439521,0.29165053634355315,0.91214597375279394,0.28878470167320863,0.15970601793881342
0.62,0.55999999999999994,0.85333333333333328,0.057760221115415317,0.23659936731157971,0.30369487066015899,0.13419100669715855,0.30669448366341012,0.91000915401198157,0.30369487066015899,0.16950386396300043
0.62,0.59999999999999987,0.86999999999999988,0.061734742427271352,0.24845744653342833,0.31790108719611682,0.13888728132537695,0.32101893693100608,0.90776664097464177,0.31790108719611682,0.17901380587073987
0.62,0.6399999999999999,0.88666666666666671,0.065680813204705438,0.25984340736175271,0.33144401230834858,0.14320120989319174,0.33466600384623957,0.90540812645325175,0.33144401230834858,0.18824280241515684
0.62,0.67999999999999994,0.90333333333333332,0.0695959883990631,0.27077856589138555,0.34436020665571526,0.14716328152865943,0.34767349805000941,0.90292178334086282,0.34436020665571526,0.19719692512705583
0.62,0.71999999999999986,0.91999999999999993,0.073477467028090243,0.28128185596288113,0.35668241153071462,0.15080111113566694,0.36007523900694227,0.90029393692637172,0.35668241153071462,0.20588130039504768
0.62,0.7599999999999999,0.93666666666666665,0.07732201637970991,0.29136989011646974,0.36843975598222062,0.15413973173150178,0.37190127312344851,0.89750864144176501,0.36843975598222062,0.21430002425071884
0.62,0.79999999999999993,0.95333333333333337,0.081125873802800952,0.30105696324883796,0.37965788580564352,0.15720184511361115,0.38317801178204502,0.89454712624662813,0.37965788580564352,0.22245604069203237
0.62,0.83999999999999986,0.96999999999999997,0.084884617377760013,0.31035498704440229,0.39035900412829938,0.16000803416779422,0.39392827552331672,0.89138705920060857,0.39035900412829938,0.23035096996050516
0.62,0.87999999999999989,0.98666666666666658,0.08859299242938809,0.31927333535720243,0.40056180451000789,0.16257693830561096,0.4041712241733928,0.88800154800349296,0.40056180451000789,0.23798486620439693
0.64000000000000001,0.12,0.69000000000000006,0.012641566484144379,0.064455214006613082,0.085996186225021906,0.043081944436817655,0.086103067503511696,0.92959089348722934,0.085996186225021906,0.042914241788204251
0.64000000000000001,0.15999999999999998,0.70666666666666667,0.016829677283613381,0.083421354214369831,0.11092229654507811,0.055001884661416547,0.11144856606090016,0.92816167680304063,0.11092229654507811,0.055920411883661564
0.64000000000000001,0.19999999999999998,0.72333333333333338,0.021003855544119057,0.10149265006751845,0.13444891616075355,0.065912532186470182,0.13534802510476121,0.92668533917044149,0.13444891616075355,0.068536383974283369
0.64000000000000001,0.23999999999999999,0.73999999999999999,0.025163371266513433,0.11873183337700696,0.15668652686676862,0.075909386979523305,0.15791750001870158,0.92515836248375805,0.15668652686676862,0.080777139887245317
0.64000000000000001,0.27999999999999997,0.75666666666666671,0.029307422700186832,0.13519529255484306,0.17773389417738045,0.08507720324507477,0.1792605472953408,0.92357693548810749,0.17773389417738045,0.092656690932305677
0.64000000000000001,0.31999999999999995,0.77333333333333332,0.033435128176482969,0.15093383199541821,0.19767953550460676,0.093491407018377104,0.19946981667771838,0.92193690766864411,0.19767953550460676,0.10418812848622966
0.64000000000000001,0.35999999999999999,0.79000000000000004,0.037545516439648201,0.16599331627384079,0.21660296530425166,0.10121929806082174,0.21862839788241459,0.92023373596170999,0.21660296530425166,0.11538366724342992
0.64000000000000001,0.39999999999999997,0.80666666666666664,0.04163751517584436,0.18041521771668256,0.23457575420938037,0.10832107298539562,0.23681096333021942,0.91846242251609223,0.23457575420938037,0.12625468122398475
0.64000000000000001,0.43999999999999995,0.82333333333333336,0.045709937357312554,0.19423708217796076,0.25166243191461668,0.11485069947331186,0.25408474008536625,0.91661744128311962,0.25166243191461668,0.13681173244130482
0.64000000000000001,0.47999999999999993,0.83999999999999997,0.049761464909614438,0.20749292483551227,0.26792125775847209,0.12085666584591964,0.27051033764345994,0.91469265061050764,0.26792125775847209,0.14706459191255244
0.64000000000000001,0.51999999999999991,0.85666666666666669,0.053790629065055461,0.22021356532457542,0.28340487822071192,0.12638262579227297,0.28614245289888213,0.91268118819867416,0.28340487822071192,0.15702225242843895
0.64000000000000001,0.55999999999999994,0.87333333333333329,0.057795786570585199,0.2324269093945478,0.2981608866274072,0.13146795446571877,0.30103046924142363,0.91057534366501713,0.2981608866274072,0.16669293216168843
0.64000000000000001,0.59999999999999987,0.8899999999999999,0.061775090652736113,0.24415818237893333,0.3122322970065341,0.13614822925520156,0.31521896301481928,0.90836640242619815,0.3122322970065341,0.17608406775133253
0.64000000000000001,0.6399999999999999,0.90666666666666673,0.065726455274294715,0.25543011798008042,0.3256579410569132,0.1404556461536656,0.32874812728553271,0.90604445246283927,0.3256579410569132,0.18520229490324761
0.64000000000000001,0.67999999999999994,0.92333333333333334,0.069647510700082321,0.26626310405137887,0.3384727943823877,0.14441938066201762,0.34165411979547905,0.90359814248798431,0.3384727943823877,0.19405341372037008
0.64000000000000001,0.71999999999999986,0.93999999999999995,0.073535547649218741,0.27667528504044159,0.35070823527878314,0.14806590047668314,0.35396933886295129,0.90101437565262743,0.35070823527878314,0.2026423348021
0.64000000000000001,0.7599999999999999,0.95666666666666667,0.077387446232675516,0.28668261830356639,0.3623922361607877,0.1514192357144426,0.36572262754507584,0.89827791647576893,0.3623922361607877,0.21097300044634509
0.64000000000000001,0.79999999999999993,0.97333333333333338,0.081199584270037081,0.29629887826314955,0.37354948377770086,0.15450121102910261,0.37693940214899413,0.89537087901982149,0.37354948377770086,0.21904827274859826
0.64000000000000001,0.83999999999999986,0.98999999999999999,0.084967717135569748,0.30553559779184569,0.38420141906595651,0.1573316425482216,0.38764169550456934,0.89227204949522543,0.38420141906595651,0.22686977651773491
0.66000000000000003,0.12,0.71000000000000008,0.012645764266555205,0.063042183982478003,0.083983156983556906,0.041881946002157798,0.084053263939139061,0.92990095135111428,0.083983156983556906,0.042101210981399108
0.66000000000000003,0.15999999999999998,0.72666666666666668,0.016835577924382221,0.081636651330248139,0.10839700481003849,0.053520706959580708,0.10886908701750204,0.92848878798716261,0.10839700481003849,0.054876297850457778
0.66000000000000003,0.19999999999999998,0.7433333333333334,0.021011625897872348,0.099372213611721244,0.13146955127620494,0.064194675328967388,0.13230001114791382,0.92703016954450557,0.13146955127620494,0.06727487594723755
0.66000000000000003,0.23999999999999999,0.76000000000000001,0.025173189986312648,0.11630773412832443,0.15330436039032388,0.073993252523998895,0.15445470486440011,0.92552168304690596,0.15330436039032388,0.07931110786632499
0.66000000000000003,0.27999999999999997,0.77666666666666673,0.029319482351697838,0.13249624284531356,0.17399423433642058,0.082995982982214042,0.1754303729624066,0.92395963095442113,0.17399423433642058,0.090998251354206541
0.66000000000000003,0.31999999999999995,0.79333333333333333,0.033449637625021886,0.1479856192128893,0.1936225334238211,0.091273828421863587,0.19531418530084491,0.92233998734113642,0.1936225334238211,0.10234870500195752
0.66000000000000003,0.35999999999999999,0.81000000000000005,0.037562703583894616,0.16281917326227072,0.2122642992467747,0.098890251969007956,0.21418448953797811,0.9206583472508636,0.2122642992467747,0.11337404727776675
0.66000000000000003,0.39999999999999997,0.82666666666666666,0.041657630118366117,0.1770361409912074,0.22998721302734559,0.10590214407227638,0.23211184349152755,0.9189098675810321,0.22998721302734559,0.12408506895506921
0.66000000000000003,0.43999999999999995,0.84333333333333338,0.045733256124189298,0.19067210688545427,0.24685241494871593,0.11236061612652332,0.24915989584486128,0.91708919742842021,0.24685241494871593,0.13449179882219262
0.66000000000000003,0.47999999999999993,0.85999999999999999,0.049788293861387389,0.20375936383843385,0.26291520531549784,0.11831168295412797,0.26538613832967611,0.91519039527312396,0.26291520531549784,0.14460352236136986
0.66000000000000003,0.51999999999999991,0.87666666666666671,0.053821310181879453,0.21632721857753395,0.27822564431147528,0.12379685146788269,0.280842547963706,0.91320682962695943,0.27822564431147528,0.15442879284359259
0.66000000000000003,0.55999999999999994,0.89333333333333331,0.057830703850081967,0.22840224885566415,0.29282906373129902,0.12885362975126974,0.29557613414262651,0.91113105875327383,0.29282906373129902,0.16397543398002928
0.66000000000000003,0.59999999999999987,0.90999999999999992,0.061814677935967642,0.24000851700883358,0.30676650114708826,0.13351596827650938,0.30962940215784912,0.9089546836650173,0.30676650114708826,0.17325053287057887
0.66000000000000003,0.6399999999999999,0.92666666666666675,0.065771205923043766,0.25116774290586119,0.32007506436036526,0.13781464290900816,0.32304074184116771,0.90666816665975813,0.32007506436036526,0.1822604214513571
0.66000000000000003,0.67999999999999994,0.94333333333333336,0.069697989701837978,0.26189943770570701,0.3327882315123693,0.14177758761332454,0.33584474733274272,0.90426060490004045,0.3327882315123693,0.19101064389904476
0.66000000000000003,0.71999999999999986,0.95999999999999996,0.073592406947797631,0.27222099804407712,0.34493608968939021,0.14543018329062618,0.34807247122016211,0.90171944460156883,0.34493608968939021,0.19950590639876403
0.66000000000000003,0.7599999999999999,0.97666666666666668,0.077451444408813061,0.28214775809103171,0.35654551201966939,0.14879550785727533,0.35975161323805532,0.89903011562745672,0.35654551201966939,0.20775000416239406
0.66000000000000003,0.79999999999999993,0.9933333333333334,0.081271612187470602,0.29169299405150062,0.36764026976703323,0.15189455143106523,0.37090663997541351,0.89617555769553492,0.36764026976703323,0.21574571833596801
0.68000000000000005,0.12,0.73000000000000009,0.012649916632495857,0.061690956147735648,0.082063149777590827,0.040744387259710364,0.0820997859640408,0.9302076205775619,0.082063149777590827,0.041318762517880463
0.68000000000000005,0.15999999999999998,0.7466666666666667,0.016841409835269709,0.079928140382585666,0.10598535844179477,0.052114436118418206,0.10640761177022448,0.92881204309714038,0.10598535844179477,0.053870922323376563
0.68000000000000005,0.19999999999999998,0.76333333333333342,0.021019299911551312,0.097340207363470127,0.12862086907402526,0.06256132342111026,0.12938784817879398,0.92737066780740596,0.12862086907402526,0.066059545652914997
0.68000000000000005,0.23999999999999999,0.78000000000000003,0.025182880197807404,0.11398246413505296,0.1500668942920842,0.072168860314062472,0.15114239164750129,0.92588018159181618,0.1500668942920842,0.077898033978021725
0.68000000000000005,0.27999999999999997,0.79666666666666675,0.029331376409328834,0.12990484377601955,0.17041074354399063,0.081011799535942175,0.17176260443291222,0.92433699512955203,0.17041074354399063,0.089398944008048459
0.68000000000000005,0.31999999999999995,0.81333333333333335,0.033463939008487036,0.14515252072600057,0.18973101242998883,0.089156983407976523,0.19133059976228473,0.92273720120182667,0.18973101242998883,0.1005740290220123
0.68000000000000005,0.35999999999999999,0.83000000000000007,0.037579634213267037,0.15976643603239932,0.20809859792610388,0.09666432378740912,0.2099203362551243,0.92107652651351635,0.20809859792610388,0.11143427413869476
0.68000000000000005,0.39999999999999997,0.84666666666666668,0.041677433378265662,0.17378374637885466,0.22557756720569871,0.1035876416536881,0.22759855243797075,0.91935027549186721,0.22557756720569871,0.12198992555201062
0.68000000000000005,0.43999999999999995,0.8633333333333334,0.045756200407991297,0.18723820805153985,0.24222590249760056,0.10997538889212141,0.24442556627054896,0.91755326413759786,0.24222590249760056,0.13225051360547915
0.68000000000000005,0.47999999999999993,0.88,0.049814676768076487,0.20016050477889294,0.25809614015751303,0.11587127075724019,0.26045595981991987,0.91567974148895326,0.25809614015751303,0.14222486940027285
0.68000000000000005,0.51999999999999991,0.89666666666666672,0.053851463535656958,0.21257852651763076,0.27323591862305902,0.12131478421085648,0.27573916530409681,0.91372329556891052,0.27323591862305902,0.15192113441220254
0.68000000000000005,0.55999999999999994,0.91333333333333333,0.057864999763953776,0.2245176046471456,0.28768844697885193,0.12634168466341267,0.29031996545619454,0.91167673975134456,0.28768844697885193,0.16134676231543926
0.68000000000000005,0.59999999999999987,0.92999999999999994,0.061853536210946553,0.23600070758060163,0.30149290331325634,0.13098439146530944,0.30423891834966871,0.9095319742033886,0.30149290331325634,0.17050851184794691
0.68000000000000005,0.6399999999999999,0.94666666666666677,0.065815103172796222,0.24704859941097629,0.31468476975558324,0.1352723406892139,0.317532714309116,0.9072798152895355,0.31468476975558324,0.17941242906636934
0.68000000000000005,0.67999999999999994,0.96333333333333337,0.069747470731582731,0.25767996278077976,0.32729610889378941,0.13923229222601932,0.33023447014632401,0.90490978333305971,0.32729610889378941,0.18806381666777008
0.68000000000000005,0.71999999999999986,0.97999999999999998,0.073648099116165197,0.26791148556710481,0.33935578402179373,0.14288859690937786,0.34237396352579702,0.90240983557528887,0.33935578402179373,0.19646718711241587
0.68000000000000005,0.7599999999999999,0.9966666666666667,0.077514075994254347,0.27775790903247044,0.35088962313982586,0.14626342821471086,0.35397780754790903,0.89976602600786737,0.35088962313982586,0.204626194925115
0.70000000000000007,0.12,0.75000000000000011,0.012654024937022095,0.060397526037530333,0.080229852708821936,0.039664653342583199,0.080235987649308324,0.9305110043810142,0.080229852708821936,0.040565199366238737
0.70000000000000007,0.15999999999999998,0.76666666666666672,0.016847175230232474,0.078291002634907916,0.10367984115504528,0.050777677040274721,0.10405620769389,0.9291315690780565,0.10367984115504528,0.052902164114770556
0.70000000000000007,0.19999999999999998,0.78333333333333344,0.021026880853050212,0.095391167752233663,0.12589443821389251,0.061006540923317712,0.12660263110367884,0.92770698415022157,0.12589443821389251,0.0648878972905748
0.70000000000000007,0.23999999999999999,0.80000000000000004,0.025192446423006377,0.1117500534918114,0.14696501467408224,0.070429922364541681,0.14797093433125472,0.92623403148100802,0.14696501467408224,0.076535092309540559
0.70000000000000007,0.27999999999999997,0.81666666666666676,0.029343110861235026,0.12741473262249828,0.16697381235052883,0.079118159456061085,0.16824709626036716,0.92470922487491369,0.16697381235052883,0.087855652894467742
0.70000000000000007,0.31999999999999995,0.83333333333333337,0.03347804001219612,0.14242787425001158,0.18599501798778234,0.087134287475541541,0.18750855673487452,0.92312877034786534,0.18599501798778234,0.098860730512240799
0.70000000000000007,0.35999999999999999,0.85000000000000009,0.037596317968204285,0.15682821951403597,0.20409568274581913,0.094534926463566329,0.20582520624080908,0.92148852025235517,0.20409568274581913,0.1095607562822528
0.70000000000000007,0.39999999999999997,0.8666666666666667,0.041696936845280058,0.17065098934389503,0.22133651132800397,0.1013710439682179,0.2232602334749475,0.91978391980113561,0.22133651132800397,0.11996546735978607
0.70000000000000007,0.43999999999999995,0.88333333333333341,0.045778784689362355,0.18392823398613464,0.23777254031266651,0.10768861265306373,0.23987085247740986,0.91800994419462356,0.23777254031266651,0.13008392765960278
0.70000000000000007,0.47999999999999993,0.90000000000000002,0.049840631104218838,0.1966891321030039,0.25345372158382262,0.11352917896163744,0.25570892690347413,0.91616102408118505,0.25345372158382262,0.13992454262218518
0.70000000000000007,0.51999999999999991,0.91666666666666674,0.053881110076959386,0.20896024562484239,0.26842542372385331,0.11893035619802181,0.27082150563174073,0.91423095644344499,0.26842542372385331,0.1494950675258315
0.70000000000000007,0.55999999999999994,0.93333333333333335,0.057898699323231453,0.2207657351326367,0.28272886166989264,0.12392625307451186,0.28525128106740427,0.91221279714606107,0.28272886166989264,0.15880260859538078
0.70000000000000007,0.59999999999999987,0.94999999999999996,0.061891695266522849,0.23212753926869895,0.29640146270854884,0.12854784687969981,0.29903697904504822,0.91009873021119225,0.29640146270854884,0.16785361582884903
0.70000000000000007,0.6399999999999999,0.96666666666666679,0.065858182481870045,0.24306552044322477,0.30947717486455262,0.1328233088426557,0.31221368702439278,0.90787990727424006,0.30947717486455262,0.17665386602189692
0.70000000000000007,0.67999999999999994,0.98333333333333339,0.069795996039815067,0.25359757783285042,0.32198672180076721,0.13677828793583358,0.32481312516443306,0.90554624841440101,0.32198672180076721,0.18520843386493363
0.70000000000000007,0.71999999999999986,1,0.073702674630171161,0.26373972724244704,0.33395780634509636,0.14043615820529867,0.33686386269879509,0.90308619234588328,0.33395780634509636,0.19352164813979769
0.71999999999999997,0.12,0.77000000000000002,0.012658090445953315,0.059158230078768567,0.078477512376075267,0.038638564594613407,0.080000000000000002,0.9308111990243837,0.078477512376075267,0.03983894778146186
0.71999999999999997,0.15999999999999998,0.78666666666666663,0.016852876174404084,0.076720819749806171,0.10147358535819816,0.049505531216783971,0.10180763795049817,0.9294474841549305,0.10147358535819816,0.051968054141414186
0.71999999999999997,0.19999999999999998,0.80333333333333334,0.02103437176910166,0.093520074719794566,0.12328253767786169,0.059524925916134272,0.12393621699393008,0.92803925838645052,0.12328253767786169,0.063757611761727423
0.71999999999999997,0.23999999999999999,0.81999999999999995,0.025201892877882437,0.1096050061360723,0.14399035772911156,0.068770703186078516,0.14493151140667385,0.92658339410903123,0.14399035772911156,0.075219654543033046
0.71999999999999997,0.27999999999999997,0.83666666666666667,0.029354691291722475,0.12502004085991608,0.16367460447450669,0.077309127229181235,0.16487453164272842,0.92507650352040371,0.16367460447450669,0.08636547724532545
0.71999999999999997,0.31999999999999995,0.85333333333333328,0.03349194780584152,0.13980552427608453,0.1824053791114372,0.085199709670705351,0.18383839184553702,0.92351490076956999,0.1824053791114372,0.097205669440731848
0.71999999999999997,0.35999999999999999,0.87,0.037612763846090393,0.15399815192679847,0.20024615944019,0.092496015026783077,0.20188920658231163,0.92189455823727595,0.20024615944019,0.10775014441340693
0.71999999999999997,0.39999999999999997,0.8866666666666666,0.041716151620562636,0.16763134044141509,0.21725451789133984,0.099246354899849523,0.21908686097609817,0.92021105561089345,0.21725451789133984,0.11800816299149032
0.71999999999999997,0.43999999999999995,0.90333333333333332,0.045801022493369196,0.18073554623984439,0.23348274030909169,0.1054943881384946,0.23548567314360797,0.91845952007803511,0.23348274030909169,0.12798835217059709
0.71999999999999997,0.47999999999999993,0.91999999999999993,0.049866173195802582,0.19333853883223071,0.24897835942423371,0.11127964118400602,0.25113496431608034,0.91663455552269879,0.24897835942423371,0.1376987182402277
0.71999999999999997,0.51999999999999991,0.93666666666666665,0.053910269382844614,0.20546563413132629,0.26378461431965194,0.11663796037665133,0.26607954909702275,0.91473015802111857,0.26378461431965194,0.14714665394300061
0.71999999999999997,0.55999999999999994,0.95333333333333325,0.057931825900452025,0.21713989196191713,0.27794084495717036,0.12160190599050644,0.28036015584016916,0.91273961414620874,0.27794084495717036,0.15633893896666393
0.71999999999999997,0.59999999999999987,0.96999999999999997,0.061929182937289759,0.22838228082468226,0.29148282888021576,0.126201096111067,0.29401378498189806,0.91065537751885517,0.29148282888021576,0.16528173276914876
0.71999999999999997,0.6399999999999999,0.98666666666666658,0.065900476973165395,0.23921181188052604,0.30444306542456506,0.13046250708807808,0.30707401121451561,0.9084689175724332,0.30444306542456506,0.17398055833648698
0.73999999999999999,0.12,0.79000000000000004,0.012662114344667115,0.05796970988011961,0.076800873447037357,0.037662327133835494,0.080000000000000002,0.93110829451852961,0.076800873447037357,0.039138546313201864
0.73999999999999999,0.15999999999999998,0.80666666666666664,0.016858514598635372,0.075213532843888473,0.099360303651530396,0.048293541615283854,0.09965528682360289,0.92975989870032849,0.099360303651530396,0.051066762036246542
0.73999999999999999,0.19999999999999998,0.82333333333333336,0.021041775506598963,0.091722307406937945,0.12077808350394155,0.05811155219400721,0.1213811452295656,0.92836762097007575,0.12077808350394155,0.06266653130993434
0.73999999999999999,0.23999999999999999,0.83999999999999997,0.02521122350145882,0.10754225355076444,0.14113523411375831,0.067185961125987737,0.14201602352653525,0.92692842005912868,0.14113523411375831,0.07394927298777057
0.73999999999999999,0.27999999999999997,0.85666666666666669,0.029366122919087034,0.12271534690451597,0.16050498054797444,0.075579267286916954,0.16163633946757339,0.92543900215286345,0.16050498054797444,0.084925713261057481
0.73999999999999999,0.31999999999999995,0.87333333333333329,0.033505669091142262,0.1372797746032747,0.17895363271748818,0.08334771622842696,0.18031119749055896,0.92389578476842138,0.17895363271748818,0.095605916489061221
0.73999999999999999,0.35999999999999999,0.89000000000000001,0.037628980259922819,0.15127032765027712,0.19654134389835465,0.09054203249615507,0.19810320277622614,0.9222948550550093,0.19654134389835465,0.10599931140219958
0.73999999999999999,0.39999999999999997,0.90666666666666662,0.041735088087783888,0.16471873891954103,0.21332276519091883,0.09720805254275558,0.21506916226270328,0.92063192126047644,0.21332276519091883,0.11611471264816325
0.73999999999999999,0.43999999999999995,0.92333333333333334,0.045822926474762,0.17765397421633103,0.22934761089575137,0.10338727335884068,0.23126068915064055,0.91890225579807983,0.22934761089575137,0.12596033753691069
0.73999999999999999,0.47999999999999993,0.93999999999999995,0.049891318321834598,0.19010248237689101,0.24466114704823438,0.10911732934268675,0.24672472438489901,0.91710062793924474,0.24466114704823438,0.13554381770554763
0.73999999999999999,0.51999999999999991,0.95666666666666667,0.053938959777454658,0.20208840916183995,0.25930461306519031,0.11443240780670069,0.26150398606147052,0.91522122361649139,0.25930461306519031,0.14487220525848962
0.73999999999999999,0.55999999999999994,0.97333333333333327,0.057964401372795502,0.21363377861562413,0.27331558450271376,0.11936361177417926,0.27563735555200364,0.91325754909535695,0.27331558450271376,0.1539519727285345
0.73999999999999999,0.59999999999999987,0.98999999999999999,0.06196602527384542,0.22475864456830022,0.28672828320514449,0.12393927727368853,0.28916020725158381,0.91120231429248588,0.28672828320514449,0.16278900593145595
0.76000000000000001,0.12,0.81000000000000005,0.012666097745843142,0.056828880938686335,0.075195125908505037,0.036732489939637396,0.080000000000000002,0.93140237523442593,0.075195125908505037,0.038462635968867641
0.76000000000000001,0.15999999999999998,0.82666666666666666,0.016864092312282142,0.073765406487233065,0.097334228825480762,0.047137644676495408,0.097593094466989064,0.93006891599568176,0.097334228825480762,0.050196584148985354
0.76000000000000001,0.19999999999999998,0.84333333333333338,0.021049094731392531,0.089993605069678406,0.1183745644047777,0.056761918670198572,0.11893056747936655,0.92869219389117763,0.1183745644047777,0.061612645734579127
0.76000000000000001,0.23999999999999999,0.85999999999999999,0.025220441981509321,0.10555711381089125,0.13839256229146341,0.065670896961144309,0.13921702105847722,0.92726925012321681,0.13839256229146341,0.072721665330319096
0.76000000000000001,0.27999999999999997,0.87666666666666671,0.029377410629119763,0.12049563419500495,0.15745743071440801,0.073923593038806149,0.15852462113138527,0.92579688075479261,0.15745743071440801,0.083533837675601866
0.76000000000000001,0.31999999999999995,0.89333333333333331,0.033519210144121202,0.13484534612533938,0.17563195657886371,0.08157322090704866,0.17691875013185118,0.92427160221281335,0.17563195657886371,0.094058735671815052
0.76000000000000001,0.35999999999999999,0.91000000000000003,0.037644975090452816,0.14863926520986753,0.19297319625505194,0.088667862090368824,0.19445874735322019,0.92268961148397854,0.19297319625505194,0.10430533416468311
0.76000000000000001,0.39999999999999997,0.92666666666666664,0.04175375597642117,0.16190755126360318,0.20953307308756444,0.095251043647922543,0.21119854814100278,0.92104673982638618,0.20953307308756444,0.1142820294396419
0.76000000000000001,0.43999999999999995,0.94333333333333336,0.045844508493970301,0.17467777453223732,0.22535889477997939,0.10136224049548412,0.22718723641846272,0.91933839853171551,0.22535889477997939,0.12399665428449527
0.76000000000000001,0.47999999999999993,0.95999999999999996,0.049916080804976413,0.18697514489208947,0.24049380143378521,0.10703731308339148,0.24246952239939509,0.91755951489439802,0.24049380143378521,0.13345648835039373
0.76000000000000001,0.51999999999999991,0.97666666666666668,0.053967198439732716,0.1988227082077012,0.25497715302457619,0.11230888963374994,0.25708615513386829,0.91570445604358575,0.25497715302457619,0.14266826339082625
0.76000000000000001,0.55999999999999994,0.99333333333333329,0.057996446250018104,0.21024151307566247,0.26884486338466668,0.11720670061800845,0.27107427764566089,0.91376693762551997,0.26884486338466668,0.15163816276665823
0.78000000000000003,0.12,0.83000000000000007,0.012670041696260242,0.05573290513640318,0.07365585888040739,0.035845907488008415,0.080000000000000002,0.93169352044066656,0.07365585888040739,0.037809951392398976
0.78000000000000003,0.15999999999999998,0.84666666666666668,0.016869611014484469,0.072372996962044703,0.095390061153611469,0.046034128383133525,0.095615499711134061,0.9303746329014092,0.095390061153611469,0.049355932770477944
0.78000000000000003,0.19999999999999998,0.8633333333333334,0.021056331944908906,0.088330032516531445,0.1160659850393251,0.0554719050455873,0.1165781861321096,0.92901309146615929,0.1160659850393251,0.060594079993737796
0.78000000000000003,0.23999999999999999,0.88,0.025229551777331407,0.10364525526581531,0.13575580962835468,0.064221108725078732,0.13652764019061692,0.92760601620388872,0.13575580962835468,0.071534700903275947
0.78000000000000003,0.27999999999999997,0.89666666666666672,0.029388559004853914,0.11835625392080862,0.1545250149024589,0.072337521963300566,0.15553208581475153,0.92615028921348819,0.1545250149024589,0.082187492939158335
0.78000000000000003,0.31999999999999995,0.91333333333333333,0.033532576852709536,0.13249733920400053,0.17243310976017021,0.07987154111233935,0.17365344582156303,0.9246425216530727,0.17243310976017021,0.092561568647830855
0.78000000000000003,0.35999999999999999,0.93000000000000005,0.0376607557326415,0.14609986974011768,0.18953426219214048,0.086868784904045593,0.19094801642045789,0.9230790157172345,0.18953426219214048,0.10266547728809489
0.78000000000000003,0.39999999999999997,0.94666666666666666,0.041772164418233018,0.15919253407711545,0.20587784567001235,0.093370623185793797,0.20746705099728308,0.92145572045854673,0.20587784567001235,0.11250722248421856
0.78000000000000003,0.43999999999999995,0.96333333333333337,0.045865779685005346,0.17180159455358668,0.22150891332702594,0.099414637546878487,0.2232572659132272,0.9197681800812525,0.22150891332702594,0.12209427578014745
0.78000000000000003,0.47999999999999993,0.97999999999999998,0.049940474092615733,0.1839510976388733,0.23646860944159714,0.1050350236054477,0.23836127876114316,0.91801147298385144,0.23646860944159714,0.13143358583614945
0.78000000000000003,0.51999999999999991,0.9966666666666667,0.053995001499859141,0.19566305443000082,0.25079452598934709,0.11026294311869256,0.25281798759454616,0.91618013936413301,0.25079452598934709,0.14053158287065454
0.80000000000000004,0.12,0.85000000000000009,0.012673947182801851,0.054679166499471951,0.072179020060375923,0.034999707121807937,0.080000000000000002,0.93198180477689929,0.072179020060375923,0.037179312938567986
0.80000000000000004,0.15999999999999998,0.8666666666666667,0.016875072304156535,0.071033124202033143,0.093522921966316244,0.044979595528566202,0.093717389789845645,0.93067714044852268,0.093522921966316244,0.048543326437750042
0.80000000000000004,0.19999999999999998,0.88333333333333341,0.02106348949888549,0.086727949466237686,0.11384681589682483,0.054237732861174275,0.11431820001215136,0.92933042103697083,0.11384681589682483,0.059609083035650552
0.80000000000000004,0.23999999999999999,0.90000000000000002,0.025238556139974676,0.10180266425445111,0.13321894020977573,0.062832551910649251,0.1339415464341884,0.92793884211426458,0.13321894020977573,0.070386388299126482
0.80000000000000004,0.27999999999999997,0.91666666666666674,0.029399572353043867,0.11629289180533664,0.15170130977457993,0.070816835938486603,0.15265199309467173,0.92649936821769752,0.15170130977457993,0.080884473836093332
0.80000000000000004,0.31999999999999995,0.93333333333333335,0.033545774750277438,0.13023120005596692,0.16935037957772284,0.078238359043511854,0.17050824288815947,0.92500870131403123,0.16935037957772284,0.091112020534210983
0.80000000000000004,0.35999999999999999,0.95000000000000007,0.037676329137150896,0.14364739937705251,0.18621762054654731,0.085140442338989625,0.18756375311491619,0.9234632444529326,0.18621762054654731,0.10107717820755768
0.80000000000000004,0.39999999999999997,0.96666666666666667,0.041790321997768706,0.15656880077788957,0.20235001996314905,0.091562438370518986,0.20386726950763337,0.9218590595736309,0.20235001996314905,0.11078758159263007
0.80000000000000004,0.43999999999999995,0.98333333333333339,0.045886750516265895,0.16902043961498453,0.21779051668144023,0.09754015413291138,0.21946328994864517,0.92019181817870921,0.21779051668144023,0.12025036254852885
0.80000000000000004,0.47999999999999993,1,0.04996451082954368,0.18102526888502229,0.23257837955704169,0.10310622134403877,0.23439246709609912,0.91845674326268634,0.23257837955704169,0.12947215821300292
