policy,time,z,adoption,group_A_exposure,group_B_exposure,log_quality
Reference advice,0,1.25,0.92414181997875655,0.080000000000000002,0.080000000000000002,0
Reference advice,0.10000000000000001,1.1730413715921613,0.91262235906353828,0.14602383355042559,0.11055765859904199,0.012642940407583597
Reference advice,0.20000000000000001,1.1155544577604473,0.90300852582667324,0.2018404304887472,0.13715829698982646,0.025140963583894432
Reference advice,0.30000000000000004,1.0707171591968541,0.89486562922619561,0.24911516877664261,0.16034710388430767,0.037517163388256759
Reference advice,0.40000000000000002,1.0346088466588541,0.88787510417007964,0.28921211523578921,0.18058329280345742,0.049789486334182308
Reference advice,0.5,1.0048076784137039,0.88180293805992516,0.32325775249174021,0.1982568194416815,0.061972107324661359
Reference advice,0.60000000000000009,0.97973305466155158,0.87647516160219308,0.3521885117900822,0.21370102885515069,0.074076416139535528
Reference advice,0.70000000000000007,0.9583074116399356,0.87176046673154528,0.37678693645074729,0.22720238754152844,0.086111717369917851
Reference advice,0.80000000000000004,0.93976942667425489,0.86755814922381691,0.39770972388051301,0.23900811814405643,0.098085729665073396
Reference advice,0.90000000000000002,0.92356483770435327,0.8637897416444712,0.41550983557836269,0.2493322992291972,0.11000494615521023
Reference advice,1,0.90927963542431578,0.8603931611459229,0.43065416983921323,0.25836081476270401,0.12187489788722747
Reference advice,1.1000000000000001,0.89659757911375715,0.8573185656718133,0.44353785246839816,0.26625542547027536,0.13370034936175598
Reference advice,1.2000000000000002,0.88527229995601009,0.85452538430419989,0.45449589897664477,0.27315715433385229,0.14548544551617246
Reference advice,1.3,0.87510846837643463,0.85198016194378212,0.46381280292325816,0.27918912739422669,0.15723382368568425
Reference advice,1.4000000000000001,0.86594876234202012,0.84965497356904129,0.47173047472243856,0.28445897744998938,0.16894870025385053
Reference advice,1.5,0.85766466723551404,0.84752624642412633,0.47845484172796537,0.28906088837410443,0.18063293821382539
Reference advice,1.6000000000000001,0.85014985054120329,0.84557387354682223,0.48416136084947214,0.29307734375967642,0.19228910066874277
Reference advice,1.7000000000000002,0.84331530697761703,0.84378053873200354,0.48899964706099991,0.29658063091878822,0.20391949381739496
Reference advice,1.8,0.83708575308908728,0.84213119905886025,0.49309735944598881,0.29963413600546002,0.2155262015727536
Reference advice,1.9000000000000001,0.83139690534712907,0.84061268250003773,0.49656348021911928,0.30229346491352077,0.22711111399344769
Reference advice,2,0.82619340075622172,0.83921337259603201,0.4994910885984602,0.30460741593548857,0.23867595081518753
Reference advice,2.1000000000000001,0.82142718931363301,0.83792295908910186,0.50195970616953911,0.30661882432854032,0.25022228106491778
Reference advice,2.2000000000000002,0.81705627649852364,0.83673223870859248,0.5040372897680645,0.30836529861570683,0.26175153963799241
Reference advice,2.3000000000000003,0.81304372923624213,0.83563295461057918,0.50578191879830181,0.30987986154288655,0.27326504137141333
Reference advice,2.4000000000000004,0.80935688228152936,0.83461766582745123,0.50724323938119631,0.31119151203502055,0.28476399318263851
Reference advice,2.5,0.80596669861898163,0.8336796401974248,0.50846368522961327,0.31232571459117647,0.29624950451406906
Reference advice,2.6000000000000001,0.80284724941012564,0.83281276581724428,0.50947952518369177,0.31330482938066229,0.30772259647822398
Reference advice,2.7000000000000002,0.79997528696335229,0.83201147704513745,0.51032175126503476,0.31414848778414722,0.31918420986523066
Reference advice,2.8000000000000003,0.79732989207620064,0.83127069239772033,0.51101684196014208,0.31487392298766942,0.33063521223130138
Reference advice,2.9000000000000004,0.79489217990099592,0.83058576183820965,0.51158741293053023,0.3154962597583959,0.34207640419325624
Reference advice,3,0.79264505281151876,0.8299524216964278,0.51205277127833382,0.31602876843670913,0.35350852504516145
Reference advice,3.1000000000000001,0.79057299171277784,0.82936675595175602,0.51242939327223969,0.31648308899803956,0.36493225780920791
Reference advice,3.2000000000000002,0.78866187762397877,0.82882516246171367,0.51273132781343889,0.31686942661825712,0.37634823378272581
Reference advice,3.3000000000000003,0.78689884010400779,0.8283243238628043,0.51297055091758148,0.31719672606322097,0.38775703665862332
Reference advice,3.4000000000000004,0.78527212510112698,0.82786118159466915,0.51315725948733582,0.31747282245694891,0.39915920626043244
Reference advice,3.5,0.7837709813390672,0.82743291323233514,0.51330012964003613,0.31770457576100813,0.41055524194781629
Reference advice,3.6000000000000001,0.78238556090922617,0.8270369122497444,0.51340653596234698,0.31789798855257584,0.42194560572554729
Reference advice,3.7000000000000002,0.7811068316964459,0.82667076982158627,0.51348273694150315,0.3180583089560472,0.43333072509052994
Reference advice,3.8000000000000003,0.77992650142171804,0.82633225883421502,0.51353404058466157,0.31819012327278684,0.44471099564000982
Reference advice,3.9000000000000004,0.77883694921343904,0.82601931912564763,0.51356493950975468,0.31829743544964761,0.45608678347083992
Reference advice,4,0.7778311653817428,0.82573004430163632,0.51357923000113892,0.31838373804295811,0.46745842738624277
Reference advice,4.1000000000000005,0.77690269783244659,0.82546266980844862,0.51358011481376076,0.31845207496463146,0.47882624092860687
Reference advice,4.2000000000000002,0.7760456035412574,0.82521556191388923,0.51357028843699792,0.31850509575474728,0.49019051425698923
Reference advice,4.2999999999999998,0.77525440534696888,0.82498720775872358,0.5135520120980106,0.31854510403678654,0.50155151587923164
Reference advice,4.4000000000000004,0.7745240534716803,0.82477620638233118,0.5135271806034265,0.31857410105760448,0.51290949425119015
Reference advice,4.5,0.77384988956420575,0.82458126014756683,0.51349737327446887,0.31859382180105916,0.52426467925986275
Reference advice,4.6000000000000005,0.77322761517132932,0.82440116716581957,0.51346390313097712,0.31860576873102397,0.53561728359223626
Reference advice,4.7000000000000002,0.77265326273845181,0.82423481421765898,0.51342785715360928,0.31861124084596976,0.54696750400422478
Reference advice,4.8000000000000007,0.772123168991382,0.82408117016197813,0.51339012954452001,0.31861135872970081,0.55831552249580718
Reference advice,4.9000000000000004,0.77163395086643261,0.82393927991271676,0.51335145120771419,0.31860708700814916,0.56966150739958543
Reference advice,5,0.77118248395822953,0.82380825900070886,0.51331241746603529,0.3185992551093243,0.58100561438970566
Reference advice,5.1000000000000005,0.77076588184281691,0.82368728826615778,0.51327350653516313,0.31858857337355956,0.59234798741683981
Reference advice,5.2000000000000002,0.77038147784838762,0.82357560915623884,0.51323509915265852,0.31857564878451866,0.60368875957483825
Reference advice,5.3000000000000007,0.77002680817619096,0.82347251932549781,0.51319749462199427,0.31856099853590969,0.61502805390527526
Reference advice,5.4000000000000004,0.76969959627850659,0.82337736852523835,0.51316092380735212,0.31854506159897733,0.62636598414209788
Reference advice,5.5,0.76939773844847126,0.82328955478010479,0.5131255598557577,0.31852820870366333,0.63770265540118731
Reference advice,5.6000000000000005,0.76911929072890184,0.82320852089277941,0.51309152840119532,0.31851075162307568,0.64903816482190479
Reference advice,5.7000000000000002,0.76886245698763156,0.82313375124084343,0.5130589172136788,0.31849295177668979,0.66037260216379057
Reference advice,5.8000000000000007,0.76862557736649817,0.82306476864201084,0.51302778076996469,0.31847502599490879,0.67170605035239939
Reference advice,5.9000000000000004,0.76840711814828944,0.82300113159765242,0.51299814736923977,0.31845715315020234,0.68303858599144818
Reference advice,6,0.76820566222071862,0.82294243168086523,0.51297002420303361,0.31843947952599,0.69437027983731392
Reference advice,6.1000000000000005,0.76801990026541411,0.82288829111065342,0.5129434014807609,0.31842212339670256,0.70570119723712277
Reference advice,6.2000000000000002,0.76784862259670528,0.82283836049403469,0.51291825558692683,0.3184051788369805,0.71703139853255982
Reference advice,6.3000000000000007,0.76769071163987368,0.82279231673624198,0.51289455192398392,0.31838871916353301,0.72836093943543956
Reference advice,6.4000000000000004,0.76754513504147492,0.82274986111960546,0.51287224811566279,0.31837280042348032,0.73968987138111886
Reference advice,6.5,0.76741093926526727,0.82271071751073666,0.51285129633475346,0.31835746420905658,0.75101824185318256
Reference advice,6.6000000000000005,0.76728724354501388,0.82267463066042479,0.51283164361203604,0.3183427391345291,0.76234609467346082
Reference advice,6.7000000000000002,0.76717323447361174,0.82264136467944815,0.51281323426672842,0.31832864343377609,0.77367347028526878
Reference advice,6.8000000000000007,0.7670681608923029,0.82261070159367877,0.51279601092919735,0.31831518662622599,0.78500040600999854
Reference advice,6.9000000000000004,0.76697132919068045,0.82258244001199554,0.51277991544603718,0.31830237098272546,0.79632693628389672
Reference advice,7,0.76688209896656079,0.82255639389320556,0.51276488951946231,0.31829019272276615,0.8076530928757838
Reference advice,7.1000000000000005,0.76679987900364999,0.82253239140059031,0.51275087529168706,0.31827864310310827,0.81897890508990989
Reference advice,7.2000000000000002,0.76672412352494934,0.82251027383256681,0.51273781608479674,0.31826770955771505,0.8303043999581482
Reference advice,7.3000000000000007,0.76665432873994865,0.82248989463538391,0.51272565684914284,0.31825737656523212,0.84162960241516427
Reference advice,7.4000000000000004,0.76659002969861134,0.82247111850221732,0.51271434396445037,0.31824762598759426,0.85295453545167099
Reference advice,7.5,0.76653079731384743,0.82245382051875304,0.51270382581316754,0.31823843792453615,0.86427922026882109
Reference advice,7.6000000000000005,0.76647623562651435,0.82243788537728435,0.5126940528728311,0.31822979117818034,0.8756036764155567
Reference advice,7.7000000000000002,0.766425979285835,0.82242320665175295,0.51268497780161515,0.31822166366334542,0.8869279219154399
Reference advice,7.8000000000000007,0.76637969123021643,0.82240968612964582,0.51267655545682145,0.3182140327266148,0.89825197338297391
Reference advice,7.9000000000000004,0.76633706053141648,0.82239723319017777,0.51266874290826603,0.31820687543314174,0.90957584613200004
Reference advice,8,0.76629780036503437,0.82238576421815912,0.51266149950846052,0.31820016888012082,0.9208995542787658
Reference advice,8.0999999999999996,0.76626164615437575,0.82237520206747139,0.51265478688622212,0.31819389041628598,0.93222311083546072
Reference advice,8.2000000000000011,0.76622835392393784,0.82236547558490247,0.5126485687574136,0.31818801767177674,0.94354652779097792
Reference advice,8.3000000000000007,0.76619769867724652,0.82235651914034869,0.51264281097414999,0.31818252878606063,0.95486981619368028
Reference advice,8.4000000000000004,0.76616947293807314,0.82234827220411177,0.51263748143881271,0.31817740249668058,0.96619298622429128
Reference advice,8.5,0.7661434854052418,0.82234067895683949,0.51263255002451702,0.31817261821388693,0.97751604726317276
Reference advice,8.5999999999999996,0.76611955971793544,0.82233368793129391,0.5126279884833691,0.3181681560669164,0.98883900795189628
Reference advice,8.7000000000000011,0.76609753330642061,0.82232725167868548,0.51262377035967199,0.31816399694300973,1.0001618762506199
Reference advice,8.8000000000000007,0.76607725630313561,0.82232132645231171,0.51261987092522832,0.31816012254024295,1.011484659492774
Reference advice,8.9000000000000004,0.76605859055233338,0.82231587191971078,0.51261626709869801,0.31815651539032141,1.0228073644345315
Reference advice,9,0.76604140874789872,0.82231085091202971,0.51261293731861146,0.31815315881650907,1.0341299972970899
Reference advice,9.0999999999999996,0.7660255935610284,0.82230622917022522,0.51260986148898402,0.31815003696676669,1.0454525638105621
Reference advice,9.2000000000000011,0.76601103686709959,0.82230197512007774,0.5126070208910517,0.31814713479963108,1.0567750692523328
Reference advice,9.3000000000000007,0.76599763903254969,0.82229805966459313,0.51260439810168701,0.31814443806833714,1.0680975184824473
Reference advice,9.4000000000000004,0.76598530826184386,0.8222944559938411,0.51260197691276577,0.31814193329774598,1.0794199159759461
Reference advice,9.5,0.76597395998929496,0.82229113940779408,0.51259974225559068,0.31813960776124417,1.0907422658529917
Reference advice,9.6000000000000014,0.76596351630051041,0.82228808714773438,0.51259768013447427,0.31813744946477485,1.1020645719076323
Reference advice,9.7000000000000011,0.76595390540833896,0.82228527824351239,0.51259577755970964,0.31813544712270492,1.1133868376337561
Reference advice,9.8000000000000007,0.76594506120266026,0.82228269338232085,0.51259402247207608,0.31813359011335063,1.124709066247108
Reference advice,9.9000000000000004,0.76593692278659298,0.82228031477344465,0.51259240368870129,0.31813186846255209,1.1360312607083598
Reference advice,10,0.76592943406960645,0.82227812602959438,0.51259091084297825,0.3181302728126304,1.1473534237431557
Reference advice,10.100000000000001,0.76592254339222754,0.82227611205743489,0.51258953432906429,0.31812879439263519,1.1586755578606009
Reference advice,10.200000000000001,0.76591620318299347,0.82227425895750361,0.51258826524924328,0.31812742498783642,1.1699976653701316
Reference advice,10.300000000000001,0.76591036963891668,0.82227255393097343,0.51258709536473368,0.31812615691067536,1.1813197483972315
Reference advice,10.4,0.76590500242072801,0.82227098519070996,0.51258601705051821,0.31812498297538716,1.1926418088984576
Reference advice,10.5,0.7659000643776519,0.82226954188093992,0.51258502325234578,0.31812389647133027,1.20396384867497
Reference advice,10.600000000000001,0.7658955213131996,0.8222682140088905,0.51258410744438554,0.31812289113105291,1.2152858693839432
Reference advice,10.700000000000001,0.76589134174086382,0.82226699237346268,0.51258326359270667,0.31812196110853164,1.22660787255061
Reference advice,10.800000000000001,0.76588749667133738,0.82226586850310612,0.5125824861194378,0.31812110095375823,1.2379298595786805
Reference advice,10.9,0.76588395941628262,0.82226483459852062,0.51258176986967596,0.31812030558886523,1.2492518317599484
Reference advice,11,0.76588070540921438,0.8222638834803504,0.51258111008066076,0.31811957028503629,1.2605737902830485
Reference advice,11.100000000000001,0.76587771203865962,0.82226300854045964,0.51258050235300401,0.31811889064075227,1.2718957362416139
Reference advice,11.200000000000001,0.76587495848875986,0.82226220369537684,0.5125799426237686,0.31811826256192138,1.2832176706420806
Reference advice,11.300000000000001,0.76587242559563551,0.82226146334434014,0.51257942714148963,0.31811768224250447,1.2945395944107077
Reference advice,11.4,0.76587009572600184,0.82226078233384348,0.51257895244318674,0.3181171461445137,1.3058615083994698
Reference advice,11.5,0.76586795264942087,0.82226015592031654,0.51257851533267851,0.31811665098153274,1.3171834133923115
Reference advice,11.600000000000001,0.76586598142762186,0.8222595797377924,0.51257811286048149,0.31811619370190569,1.3285053101105389
Reference advice,11.700000000000001,0.7658641683124483,0.82225904976809272,0.51257774230525943,0.31811577147306391,1.3398271992177893
Reference advice,11.800000000000001,0.76586250065280581,0.82225856231364092,0.51257740115670114,0.31811538166672437,1.3511490813245612
Reference advice,11.9,0.76586096680799431,0.82225811397214155,0.51257708709955407,0.31811502184500573,1.3624709569924289
Reference advice,12,0.76585955606480627,0.82225770161235667,0.51257679799853806,0.31811468974751067,1.373792826738081
Reference advice,12.100000000000001,0.76585825856294798,0.82225732235231441,0.51257653188453489,0.3181143832791245,1.3851146910369478
Reference advice,12.200000000000001,0.76585706523233366,0.82225697354098681,0.51257628694235013,0.31811410049832178,1.3964365503262357
Reference advice,12.300000000000001,0.76585596772666686,0.82225665273888116,0.51257606149858737,0.31811383960659878,1.4077584050081615
Reference advice,12.4,0.76585495836611828,0.82225635770128913,0.51257585401074834,0.31811359893835212,1.419080255452734
Reference advice,12.5,0.76585403008448116,0.82225608636284486,0.51257566305717561,0.3181133769514804,1.4304021020003159
Reference advice,12.600000000000001,0.76585317638102568,0.82225583682345482,0.51257548732782032,0.31811317221861912,1.4417239449639592
Reference advice,12.700000000000001,0.76585239127566129,0.82225560733519465,0.51257532561563668,0.31811298341893912,1.4530457846315763
Reference advice,12.800000000000001,0.76585166926601222,0.82225539628976485,0.51257517680840825,0.31811280933044006,1.4643676212680246
Reference advice,12.9,0.76585100528884897,0.82225520220721882,0.51257503988132136,0.318112648822795,1.4756894551169726
Reference advice,13,0.76585039468778338,0.82225502372652193,0.51257491389053145,0.31811250085078757,1.4870112864024612
Reference advice,13.100000000000001,0.76584983317888866,0.82225485959550371,0.51257479796660188,0.31811236444805291,1.4983331153305699
Reference advice,13.200000000000001,0.76584931682111401,0.82225470866221162,0.51257469130871025,0.31811223872129457,1.5096549420908472
Reference advice,13.300000000000001,0.76584884198901271,0.8222545698669389,0.51257459317930343,0.31811212284492635,1.5209767668576299
Reference advice,13.4,0.76584840534791199,0.82225444223496946,0.51257450289920914,0.318112016056114,1.5322985897912436
Reference advice,13.5,0.76584800383079121,0.82225432486981875,0.51257441984307972,0.31811191765014224,1.5436204110391181
Reference advice,13.600000000000001,0.76584763461613303,0.82225421694676082,0.51257434343504904,0.31811182697603479,1.5549422307368599
Reference advice,13.700000000000001,0.76584729510804128,0.82225411770701662,0.51257427314480564,0.31811174343253079,1.5662640490092115
Reference advice,13.800000000000001,0.76584698291963138,0.82225402645290036,0.51257420848424196,0.31811166646449673,1.5775858659708524
Reference advice,13.9,0.76584669585529797,0.82225394254263529,0.51257414900397058,0.31811159555938584,1.5889076817272558
Reference advice,14,0.76584643189548485,0.82225386538590362,0.512574094290284,0.31811153024403827,1.6002294963754233
Reference advice,14.100000000000001,0.76584618918264868,0.822253794439743,0.51257404396234962,0.31811147008172247,1.611551310004562
Reference advice,14.200000000000001,0.76584596600848653,0.82225372920481388,0.51257399766965051,0.31811141466941001,1.6228731226966993
Reference advice,14.300000000000001,0.76584576080204092,0.82225366922192178,0.51257395508960002,0.31811136363523224,1.6341949345272575
Reference advice,14.4,0.76584557211830118,0.82225361406868713,0.51257391592526347,0.31811131663606573,1.6455167455656035
Reference advice,14.5,0.76584539862797874,0.82225356335655519,0.51257387990330427,0.31811127335532952,1.6568385558755405
Reference advice,14.600000000000001,0.76584523910898594,0.82225351672830627,0.51257384677224815,0.31811123350105985,1.6681603655157189
Reference advice,14.700000000000001,0.76584509243731047,0.82225347385538805,0.5125738163006569,0.31811119680396327,1.6794821745400752
Reference advice,14.800000000000001,0.76584495757919357,0.82225343443562904,0.51257378827554545,0.31811116301568487,1.6908039829982102
Reference advice,14.9,0.76584483358391997,0.82225339819113219,0.51257376250092257,0.31811113190720836,1.7021257909357339
Reference advice,15,0.76584471957726008,0.8222533648663567,0.51257373879646073,0.31811110326738762,1.7134475983945832
Reference advice,15.100000000000001,0.76584461475536336,0.82225333422633362,0.51257371699625687,0.31811107690157758,1.7247694054133142
Reference advice,15.200000000000001,0.76584451837890533,0.82225330605495572,0.51257369694764698,0.31811105263032929,1.7360912120273844
Reference advice,15.300000000000001,0.76584442976783851,0.82225328015344201,0.51257367851013924,0.31811103028820625,1.747413018269405
Reference advice,15.4,0.76584434829702575,0.82225325633906221,0.51257366155451911,0.31811100972276501,1.7587348241693517
Reference advice,15.5,0.76584427339155481,0.82225323444376663,0.51257364596189903,0.31811099079350502,1.7700566297547886
Reference advice,15.600000000000001,0.76584420452272695,0.82225321431301435,0.51257363162289948,0.31811097337094574,1.7813784350510622
Reference advice,15.700000000000001,0.76584414120436006,0.82225319580469203,0.51257361843689386,0.31811095733577405,1.792700240081478
Reference advice,15.800000000000001,0.76584408298942674,0.82225317878813142,0.51257360631132043,0.31811094257806344,1.8040220448674635
Reference advice,15.9,0.76584402946692454,0.82225316314319419,0.51257359516104195,0.31811092899654614,1.8153438494287173
Reference advice,16,0.76584398025887346,0.82225314875939504,0.51257358490773242,0.31811091649792028,1.8266656537833539
Reference advice,16.100000000000001,0.76584393501762571,0.82225313553511492,0.51257357547932603,0.31811090499622174,1.8379874579480331
Reference advice,16.199999999999999,0.76584389342363257,0.82225312337694778,0.51257356680955635,0.31811089441228713,1.849309261938066
Reference advice,16.300000000000001,0.76584385518304066,0.82225311219899877,0.51257355883746514,0.31811088467319687,1.8606310657675331
Reference advice,16.400000000000002,0.76584382002563789,0.82225310192228362,0.51257355150697992,0.31811087571178814,1.8719528694493797
Reference advice,16.5,0.76584378770295991,0.82225309247417477,0.51257354476652484,0.31811086746620532,1.8832746729955088
Reference advice,16.600000000000001,0.76584375798656834,0.8222530837878983,0.51257353856866628,0.31811085987948956,1.8945964764168639
Reference advice,16.699999999999999,0.76584373066644829,0.82225307580206586,0.51257353286978335,0.31811085289919622,1.9059182797235044
Reference advice,16.800000000000001,0.76584370554947245,0.82225306846022528,0.51257352762975139,0.31811084647702859,1.9172400829246807
Reference advice,16.900000000000002,0.76584368245802359,0.82225306171045798,0.51257352281165791,0.31811084056850814,1.9285618860288996
Reference advice,17,0.7658436612288495,0.82225305550504446,0.51257351838156662,0.3181108351326955,1.9398836890439792
Reference advice,17.100000000000001,0.76584364171183505,0.82225304980010516,0.51257351430826459,0.31811083013189667,1.9512054919771089
Reference advice,17.199999999999999,0.7658436237689501,0.82225304455529313,0.51257351056304412,0.31811082553140829,1.9625272948348977
Reference advice,17.300000000000001,0.76584360727328094,0.82225303973351094,0.51257350711950322,0.31811082129928242,1.9738490976234235
Reference advice,17.400000000000002,0.76584359210814978,0.82225303530065263,0.5125735039533641,0.31811081740611213,1.9851709003482725
Reference advice,17.5,0.76584357816629478,0.82225303122536531,0.5125735010423037,0.31811081382483131,1.9964927030145796
Reference advice,17.600000000000001,0.76584356534908382,0.82225302747881801,0.51257349836579025,0.31811081053052415,2.007814505627068
Reference advice,17.699999999999999,0.76584355356581013,0.82225302403449674,0.51257349590493662,0.31811080750025328,2.0191363081900788
Reference advice,17.800000000000001,0.76584354273310795,0.82225302086803309,0.51257349364238225,0.31811080471291353,2.0304581107076047
Reference advice,17.900000000000002,0.76584353277432315,0.82225301795702077,0.51257349156216081,0.31811080214907939,2.0417799131833134
Reference advice,18,0.76584352361897601,0.82225301528085792,0.51257348964958915,0.31811079979087248,2.0531017156205791
Reference advice,18.100000000000001,0.76584351520226579,0.82225301282060304,0.51257348789116486,0.31811079762183914,2.0644235180225037
Reference advice,18.199999999999999,0.76584350746462049,0.82225301055884292,0.51257348627447286,0.31811079562683908,2.0757453203919383
Reference advice,18.300000000000001,0.76584350035127835,0.8222530084795705,0.51257348478809894,0.3181107937919419,2.0870671227315043
Reference advice,18.400000000000002,0.76584349381188543,0.82225300656806666,0.51257348342154574,0.31811079210432724,2.098388925043611
Reference advice,18.5,0.76584348780013534,0.82225300481079611,0.51257348216515786,0.31811079055219538,2.1097107273304743
Reference advice,18.600000000000001,0.7658434822734711,0.82225300319531902,0.51257348101006095,0.31811078912469287,2.1210325295941317
Reference advice,18.699999999999999,0.76584347719276358,0.82225300171019755,0.51257347994809366,0.31811078781183255,2.1323543318364546
Reference advice,18.800000000000001,0.76584347252203611,0.82225300034491589,0.51257347897175176,0.31811078660442493,2.1436761340591657
Reference advice,18.900000000000002,0.7658434682282127,0.82225299908980554,0.512573478074135,0.31811078549401495,2.1549979362638472
Reference advice,19,0.76584346428088723,0.82225299793597861,0.5125734772488989,0.31811078447282437,2.1663197384519535
Reference advice,19.100000000000001,0.76584346065211029,0.82225299687526521,0.51257347649021046,0.31811078353369793,2.1776415406248226
Reference advice,19.200000000000003,0.76584345731618186,0.82225299590015333,0.51257347579270596,0.31811078267005199,2.1889633427836839
Reference advice,19.300000000000001,0.76584345424946809,0.82225299500373439,0.51257347515145313,0.31811078187582892,2.2002851449296679
Reference advice,19.400000000000002,0.76584345143025045,0.82225299417966025,0.51257347456191793,0.31811078114545754,2.2116069470638142
Reference advice,19.5,0.76584344883856015,0.82225299342209357,0.51257347401993103,0.31811078047381247,2.2229287491870777
Reference advice,19.600000000000001,0.76584344645603764,0.82225299272566788,0.51257347352165938,0.3181107798561788,2.2342505513003368
Reference advice,19.700000000000003,0.76584344426580397,0.82225299208544933,0.51257347306357881,0.31811077928821913,2.2455723534043996
Reference advice,19.800000000000001,0.76584344225234335,0.82225299149690279,0.5125734726424489,0.31811077876594407,2.2568941555000075
Reference advice,19.900000000000002,0.76584344040139352,0.82225299095585891,0.51257347225528938,0.31811077828568407,2.2682159575878433
Reference advice,20,0.76584343869984073,0.82225299045848477,0.51257347189936109,0.31811077784406372,2.2795377596685338
Reference advice,20.100000000000001,0.76584343713562575,0.8222529900012554,0.51257347157214639,0.31811077743797794,2.2908595617426566
Reference advice,20.200000000000003,0.765843435697667,0.8222529895809314,0.51257347127132946,0.31811077706457108,2.3021813638107411
Reference advice,20.300000000000001,0.76584343437577573,0.8222529891945346,0.51257347099478157,0.31811077672121663,2.313503165873275
Reference advice,20.400000000000002,0.76584343316058479,0.82225298883932696,0.51257347074054527,0.31811077640549862,2.3248249679307063
Reference advice,20.5,0.76584343204348226,0.82225298851279116,0.51257347050682089,0.31811077611519495,2.3361467699834462
Reference advice,20.600000000000001,0.76584343101655172,0.82225298821261317,0.51257347029195421,0.31811077584826219,2.3474685720318749
Reference advice,20.700000000000003,0.76584343007251676,0.82225298793666601,0.51257347009442444,0.31811077560282125,2.3587903740763392
Reference advice,20.800000000000001,0.76584342920468718,0.82225298768299415,0.51257346991283337,0.3181107753771435,2.3701121761171589
Reference advice,20.900000000000002,0.765843428406911,0.82225298744979936,0.51257346974589457,0.31811077516963876,2.3814339781546292
Reference advice,21,0.76584342767353475,0.82225298723542917,0.51257346959242645,0.31811077497884516,2.3927557801890198
Reference advice,21.100000000000001,0.76584342699936059,0.82225298703836391,0.5125734694513423,0.31811077480341826,2.4040775822205798
Reference advice,21.200000000000003,0.76584342637960989,0.82225298685720705,0.51257346932164316,0.31811077464212145,2.4153993842495369
Reference advice,21.300000000000001,0.76584342580988951,0.82225298669067448,0.51257346920241054,0.31811077449381764,2.4267211862761018
Reference advice,21.400000000000002,0.76584342528616134,0.82225298653758561,0.5125734690928001,0.31811077435746093,2.438042988300468
Reference advice,21.5,0.76584342480471357,0.8222529863968554,0.51257346899203515,0.31811077423208994,2.4493647903228122
Reference advice,21.600000000000001,0.76584342436213326,0.82225298626748655,0.51257346889940214,0.31811077411682037,2.4606865923432983
Reference advice,21.700000000000003,0.76584342395528238,0.82225298614856157,0.51257346881424526,0.3181107740108387,2.4720083943620756
Reference advice,21.800000000000001,0.76584342358127699,0.82225298603923758,0.51257346873596088,0.3181107739133972,2.4833301963792827
Reference advice,21.900000000000002,0.76584342323746601,0.82225298593873952,0.51257346866399489,0.31811077382380826,2.4946519983950459
Reference advice,22,0.76584342292141183,0.82225298584635498,0.51257346859783715,0.31811077374143948,2.5059738004094818
Reference advice,22.100000000000001,0.76584342263087357,0.82225298576142891,0.51257346853701891,0.31811077366570922,2.5172956024226982
Reference advice,22.200000000000003,0.76584342236379144,0.82225298568335914,0.51257346848110918,0.31811077359608286,2.5286174044347929
Reference advice,22.300000000000001,0.76584342211827239,0.82225298561159244,0.5125734684297123,0.31811077353206896,2.5399392064458564
Reference advice,22.400000000000002,0.76584342189257582,0.82225298554561999,0.51257346838246431,0.31811077347321554,2.5512610084559726
Reference advice,22.5,0.76584342168510078,0.82225298548497383,0.51257346833902973,0.31811077341910637,2.5625828104652171
Reference advice,22.600000000000001,0.76584342149437667,0.82225298542922398,0.51257346829910111,0.3181107733693595,2.5739046124736613
Reference advice,22.700000000000003,0.76584342131905114,0.82225298537797531,0.51257346826239547,0.31811077332362336,2.5852264144813688
Reference advice,22.800000000000001,0.76584342115788107,0.82225298533086433,0.5125734682286528,0.31811077328157483,2.5965482164883995
Reference advice,22.900000000000002,0.76584342100972347,0.82225298528755697,0.51257346819763361,0.3181107732429167,2.6078700184948085
Reference advice,23,0.76584342087352786,0.82225298524774615,0.5125734681691182,0.3181107732073758,2.619191820500645
Reference advice,23.100000000000001,0.76584342074832867,0.82225298521114976,0.51257346814290494,0.31811077317470082,2.6305136225059567
Reference advice,23.200000000000003,0.7658434206332384,0.82225298517750811,0.51257346811880788,0.31811077314466085,2.6418354245107847
Reference advice,23.300000000000001,0.76584342052744037,0.82225298514658274,0.51257346809665583,0.31811077311704344,2.6531572265151682
Reference advice,23.400000000000002,0.76584342043018461,0.82225298511815426,0.512573468076292,0.31811077309165336,2.6644790285191435
Reference advice,23.5,0.76584342034078146,0.82225298509202127,0.5125734680575722,0.31811077306831109,2.6758008305227428
Reference advice,23.600000000000001,0.76584342025859709,0.82225298506799815,0.51257346804036352,0.31811077304685148,2.6871226325259978
Reference advice,23.700000000000003,0.76584342018304852,0.82225298504591493,0.51257346802454395,0.31811077302712271,2.6984444345289353
Reference advice,23.800000000000001,0.76584342011359985,0.82225298502561461,0.51257346801000137,0.31811077300898527,2.7097662365315811
Reference advice,23.900000000000002,0.76584342004975847,0.82225298500695343,0.51257346799663306,0.31811077299231089,2.7210880385339591
Reference advice,24,0.76584341999107186,0.82225298498979904,0.51257346798434411,0.31811077297698154,2.7324098405360902
Reference advice,24.100000000000001,0.76584341993712401,0.82225298497402965,0.51257346797304715,0.31811077296288887,2.7437316425379952
Reference advice,24.200000000000003,0.76584341988753202,0.82225298495953369,0.51257346796266223,0.31811077294993301,2.7550534445396919
Reference advice,24.300000000000001,0.76584341984194448,0.82225298494620813,0.51257346795311565,0.31811077293802237,2.7663752465411964
Reference advice,24.400000000000002,0.76584341980003767,0.82225298493395849,0.51257346794433978,0.31811077292707257,2.7776970485425259
Reference advice,24.5,0.7658434197615146,0.82225298492269794,0.51257346793627256,0.31811077291700635,2.7890188505436933
Reference advice,24.600000000000001,0.76584341972610193,0.82225298491234655,0.51257346792885672,0.31811077290775236,2.8003406525447119
Reference advice,24.700000000000003,0.76584341969354897,0.82225298490283127,0.51257346792203962,0.31811077289924489,2.8116624545455942
Reference advice,24.800000000000001,0.7658434196636249,0.82225298489408427,0.51257346791577263,0.31811077289142375,2.8229842565463503
Reference advice,24.900000000000002,0.76584341963611691,0.82225298488604348,0.51257346791001179,0.31811077288423378,2.8343060585469915
Reference advice,25,0.76584341961083002,0.82225298487865206,0.51257346790471603,0.31811077287762396,2.8456278605475256
Reference advice,25.100000000000001,0.76584341958758506,0.82225298487185727,0.51257346789984792,0.31811077287154743,2.8569496625479629
Reference advice,25.200000000000003,0.76584341956621704,0.82225298486561138,0.51257346789537273,0.31811077286596129,2.8682714645483105
Reference advice,25.300000000000001,0.7658434195465742,0.82225298485986953,0.51257346789125879,0.31811077286082606,2.8795932665485751
Reference advice,25.400000000000002,0.76584341952851742,0.82225298485459153,0.51257346788747693,0.31811077285610534,2.8909150685487641
Reference advice,25.5,0.76584341951191892,0.82225298484973963,0.51257346788400049,0.31811077285176542,2.9022368705488835
Reference advice,25.600000000000001,0.76584341949666102,0.82225298484527976,0.51257346788080516,0.3181107728477755,2.9135586725489389
Reference advice,25.700000000000003,0.76584341948263501,0.82225298484117981,0.51257346787786751,0.31811077284410777,2.9248804745489352
Reference advice,25.800000000000001,0.76584341946974155,0.82225298483741094,0.51257346787516711,0.31811077284073602,2.9362022765488773
Reference advice,25.900000000000002,0.76584341945788925,0.82225298483394649,0.51257346787268454,0.31811077283763634,2.9475240785487697
Reference advice,26,0.76584341944699386,0.82225298483076159,0.51257346787040248,0.31811077283478678,2.9588458805486164
Reference advice,26.100000000000001,0.76584341943697809,0.82225298482783404,0.51257346786830504,0.31811077283216721,2.9701676825484209
Reference advice,26.200000000000003,0.76584341942777101,0.82225298482514275,0.51257346786637725,0.31811077282975903,2.9814894845481872
Reference advice,26.300000000000001,0.76584341941930778,0.82225298482266884,0.51257346786460467,0.31811077282754535,2.9928112865479175
Reference advice,26.400000000000002,0.76584341941152834,0.82225298482039499,0.51257346786297486,0.31811077282551042,3.0041330885476154
Reference advice,26.5,0.76584341940437672,0.82225298481830444,0.51257346786147684,0.3181107728236397,3.0154548905472827
Reference advice,26.600000000000001,0.76584341939780265,0.82225298481638276,0.51257346786009983,0.31811077282191991,3.0267766925469233
Reference advice,26.700000000000003,0.76584341939175937,0.82225298481461639,0.51257346785883395,0.31811077282033901,3.0380984945465381
Reference advice,26.800000000000001,0.76584341938620415,0.82225298481299247,0.51257346785767033,0.31811077281888567,3.049420296546129
Reference advice,26.900000000000002,0.76584341938109757,0.82225298481149978,0.51257346785660085,0.31811077281754957,3.060742098545699
Reference advice,27,0.76584341937640321,0.82225298481012765,0.51257346785561808,0.31811077281632127,3.072063900545249
Reference advice,27.100000000000001,0.76584341937208811,0.82225298480886633,0.51257346785471425,0.31811077281519218,3.0833857025447817
Reference advice,27.200000000000003,0.76584341936812128,0.8222529848077067,0.51257346785388302,0.3181107728141544,3.0947075045442971
Reference advice,27.300000000000001,0.76584341936447486,0.82225298480664089,0.51257346785311908,0.31811077281320027,3.1060293065437974
Reference advice,27.400000000000002,0.76584341936112288,0.822252984805661,0.51257346785241698,0.31811077281232319,3.1173511085432835
Reference advice,27.5,0.76584341935804168,0.82225298480476039,0.51257346785177127,0.3181107728115169,3.1286729105427562
Reference advice,27.600000000000001,0.76584341935520917,0.8222529848039325,0.51257346785117786,0.31811077281077577,3.1399947125422178
Reference advice,27.700000000000003,0.76584341935260547,0.82225298480317133,0.51257346785063296,0.31811077281009459,3.1513165145416684
Reference advice,27.800000000000001,0.76584341935021205,0.82225298480247178,0.51257346785013258,0.31811077280946837,3.1626383165411087
Reference advice,27.900000000000002,0.76584341934801192,0.82225298480182862,0.51257346784967184,0.31811077280889261,3.1739601185405397
Reference advice,28,0.76584341934598932,0.82225298480123743,0.5125734678492474,0.31811077280836314,3.1852819205399618
Reference advice,28.100000000000001,0.76584341934413014,0.82225298480069398,0.51257346784885793,0.31811077280787653,3.1966037225393769
Reference advice,28.200000000000003,0.76584341934242106,0.82225298480019438,0.51257346784849989,0.31811077280742922,3.2079255245387848
Reference advice,28.300000000000001,0.76584341934084998,0.82225298479973519,0.51257346784817082,0.31811077280701805,3.2192473265381856
Reference advice,28.400000000000002,0.76584341933940592,0.82225298479931319,0.51257346784786839,0.31811077280664007,3.2305691285375806
Reference advice,28.5,0.76584341933807876,0.82225298479892517,0.51257346784759017,0.31811077280629246,3.2418909305369699
Reference advice,28.600000000000001,0.76584341933685873,0.82225298479856856,0.51257346784733426,0.31811077280597277,3.2532127325363542
Reference advice,28.700000000000003,0.76584341933573685,0.8222529847982406,0.51257346784709912,0.31811077280567912,3.2645345345357337
Reference advice,28.800000000000001,0.76584341933470523,0.82225298479793907,0.51257346784688329,0.31811077280540939,3.2758563365351088
Reference advice,28.900000000000002,0.76584341933375732,0.82225298479766196,0.51257346784668478,0.31811077280516126,3.2871781385344803
Reference advice,29,0.76584341933288591,0.82225298479740716,0.51257346784650215,0.31811077280493316,3.2984999405338473
Reference advice,29.100000000000001,0.76584341933208488,0.82225298479717313,0.5125734678463344,0.3181107728047235,3.3098217425332117
Reference advice,29.200000000000003,0.76584341933134858,0.82225298479695785,0.51257346784618019,0.31811077280453071,3.321143544532573
Reference advice,29.300000000000001,0.76584341933067168,0.82225298479676001,0.51257346784603808,0.3181107728043534,3.3324653465319307
Reference advice,29.400000000000002,0.76584341933004929,0.82225298479657805,0.5125734678459074,0.31811077280419031,3.3437871485312867
Reference advice,29.5,0.7658434193294773,0.82225298479641096,0.51257346784578761,0.3181107728040406,3.3551089505306395
Reference advice,29.600000000000001,0.76584341932895161,0.82225298479625719,0.51257346784567781,0.31811077280390315,3.366430752529991
Reference advice,29.700000000000003,0.76584341932846822,0.82225298479611597,0.51257346784557656,0.31811077280377664,3.3777525545293399
Reference advice,29.800000000000001,0.76584341932802391,0.82225298479598607,0.51257346784548352,0.31811077280366035,3.3890743565286869
Reference advice,29.900000000000002,0.76584341932761546,0.82225298479586661,0.51257346784539792,0.31811077280355338,3.4003961585280327
Reference advice,30,0.76584341932724009,0.82225298479575704,0.51257346784531932,0.31811077280345512,3.4117179605273762
Reference advice,30.100000000000001,0.76584341932689526,0.82225298479565612,0.51257346784524715,0.31811077280336481,3.4230397625267188
Reference advice,30.200000000000003,0.76584341932657851,0.82225298479556352,0.5125734678451811,0.31811077280328182,3.4343615645260601
Reference advice,30.300000000000001,0.76584341932628686,0.82225298479547837,0.51257346784512003,0.31811077280320549,3.4456833665253996
Reference advice,30.400000000000002,0.7658434193260184,0.82225298479539988,0.51257346784506364,0.31811077280313527,3.4570051685247383
Reference advice,30.5,0.76584341932577193,0.82225298479532782,0.51257346784501201,0.31811077280307076,3.4683269705240756
Reference advice,30.600000000000001,0.76584341932554534,0.82225298479526154,0.51257346784496449,0.31811077280301148,3.4796487725234124
Reference advice,30.700000000000003,0.76584341932533717,0.82225298479520059,0.51257346784492097,0.31811077280295691,3.4909705745227484
Reference advice,30.800000000000001,0.76584341932514577,0.82225298479514475,0.51257346784488078,0.31811077280290673,3.5022923765220835
Reference advice,30.900000000000002,0.76584341932496991,0.82225298479509334,0.51257346784484381,0.31811077280286076,3.5136141785214177
Reference advice,31,0.76584341932480826,0.82225298479504616,0.51257346784480962,0.31811077280281858,3.5249359805207514
Reference advice,31.100000000000001,0.7658434193246596,0.82225298479500264,0.51257346784477842,0.31811077280277966,3.5362577825200843
Reference advice,31.200000000000003,0.76584341932452271,0.82225298479496267,0.51257346784475,0.31811077280274375,3.5475795845194171
Reference advice,31.300000000000001,0.76584341932439703,0.82225298479492592,0.51257346784472368,0.31811077280271083,3.5589013865187487
Reference advice,31.400000000000002,0.76584341932428146,0.82225298479489217,0.51257346784469948,0.31811077280268057,3.5702231885180802
Reference advice,31.5,0.76584341932417532,0.82225298479486109,0.51257346784467728,0.31811077280265276,3.5815449905174108
Reference advice,31.600000000000001,0.76584341932407773,0.82225298479483255,0.51257346784465685,0.31811077280262723,3.5928667925167415
Reference advice,31.700000000000003,0.76584341932398781,0.82225298479480624,0.51257346784463809,0.3181107728026038,3.6041885945160717
Reference advice,31.800000000000001,0.76584341932390521,0.82225298479478204,0.51257346784462088,0.31811077280258226,3.6155103965154014
Reference advice,31.900000000000002,0.76584341932382938,0.82225298479476006,0.512573467844605,0.31811077280256245,3.6268321985147312
Reference advice,32,0.76584341932375977,0.82225298479473963,0.51257346784459035,0.31811077280254413,3.6381540005140605
Reference advice,32.100000000000001,0.76584341932369571,0.82225298479472086,0.51257346784457691,0.31811077280252736,3.6494758025133893
Reference advice,32.200000000000003,0.76584341932363686,0.82225298479470377,0.51257346784456459,0.31811077280251193,3.6607976045127182
Reference advice,32.300000000000004,0.76584341932358269,0.82225298479468778,0.51257346784455315,0.31811077280249772,3.6721194065120466
Reference advice,32.399999999999999,0.76584341932353284,0.82225298479467324,0.51257346784454272,0.31811077280248468,3.6834412085113741
Reference advice,32.5,0.7658434193234871,0.82225298479465991,0.51257346784453317,0.3181107728024728,3.6947630105107025
Reference advice,32.600000000000001,0.76584341932344535,0.8222529847946477,0.51257346784452462,0.31811077280246197,3.7060848125100305
Reference advice,32.700000000000003,0.76584341932340672,0.82225298479463649,0.51257346784451652,0.31811077280245181,3.7174066145093585
Reference advice,32.800000000000004,0.76584341932337097,0.82225298479462594,0.51257346784450897,0.31811077280244238,3.728728416508686
Reference advice,32.899999999999999,0.76584341932333833,0.82225298479461639,0.5125734678445022,0.31811077280243383,3.7400502185080131
Reference advice,33,0.76584341932330835,0.82225298479460762,0.51257346784449587,0.31811077280242595,3.7513720205073406
Reference advice,33.100000000000001,0.76584341932328071,0.82225298479459952,0.51257346784449009,0.31811077280241878,3.7626938225066677
Reference advice,33.200000000000003,0.76584341932325539,0.82225298479459219,0.51257346784448476,0.31811077280241207,3.7740156245059948
Reference advice,33.300000000000004,0.76584341932323186,0.82225298479458531,0.51257346784447966,0.31811077280240563,3.7853374265053219
Reference advice,33.399999999999999,0.7658434193232101,0.82225298479457898,0.51257346784447499,0.31811077280239947,3.7966592285046481
Reference advice,33.5,0.76584341932319033,0.82225298479457309,0.51257346784447078,0.3181107728023943,3.8079810305039752
Reference advice,33.600000000000001,0.76584341932317246,0.82225298479456799,0.51257346784446711,0.31811077280238997,3.8193028325033023
Reference advice,33.700000000000003,0.76584341932315581,0.8222529847945631,0.51257346784446367,0.31811077280238564,3.8306246345026294
Reference advice,33.800000000000004,0.7658434193231406,0.82225298479455866,0.51257346784446045,0.31811077280238165,3.841946436501956
Reference advice,33.899999999999999,0.7658434193231265,0.82225298479455455,0.51257346784445756,0.31811077280237798,3.8532682385012818
Reference advice,34,0.76584341932311362,0.82225298479455078,0.5125734678444549,0.3181107728023746,3.8645900405006084
Reference advice,34.100000000000001,0.76584341932310174,0.82225298479454734,0.51257346784445235,0.31811077280237138,3.8759118424999355
Reference advice,34.200000000000003,0.76584341932309086,0.82225298479454412,0.5125734678444499,0.31811077280236849,3.8872336444992621
Reference advice,34.300000000000004,0.76584341932308087,0.82225298479454112,0.51257346784444768,0.31811077280236588,3.8985554464985883
Reference advice,34.399999999999999,0.76584341932307154,0.82225298479453846,0.51257346784444602,0.31811077280236355,3.9098772484979141
Reference advice,34.5,0.7658434193230631,0.82225298479453601,0.51257346784444424,0.31811077280236139,3.9211990504972407
Reference advice,34.600000000000001,0.76584341932305522,0.82225298479453368,0.51257346784444258,0.31811077280235933,3.9325208524965669
Reference advice,34.700000000000003,0.76584341932304811,0.82225298479453157,0.51257346784444113,0.31811077280235756,3.9438426544958936
Reference advice,34.800000000000004,0.76584341932304179,0.82225298479452968,0.51257346784443969,0.31811077280235589,3.9551644564952197
Reference advice,34.899999999999999,0.76584341932303623,0.82225298479452813,0.51257346784443858,0.31811077280235422,3.9664862584945451
Reference advice,35,0.76584341932303124,0.82225298479452658,0.51257346784443747,0.31811077280235261,3.9778080604938717
Reference advice,35.100000000000001,0.76584341932302602,0.82225298479452513,0.51257346784443647,0.31811077280235123,3.9891298624931979
Reference advice,35.200000000000003,0.7658434193230208,0.82225298479452358,0.51257346784443536,0.31811077280235012,4.0004516644925241
Reference advice,35.300000000000004,0.76584341932301647,0.82225298479452236,0.51257346784443447,0.31811077280234906,4.0117734664918503
Reference advice,35.399999999999999,0.76584341932301236,0.82225298479452114,0.51257346784443358,0.31811077280234801,4.0230952684911756
Reference advice,35.5,0.76584341932300881,0.82225298479452014,0.51257346784443292,0.31811077280234712,4.0344170704905018
Reference advice,35.600000000000001,0.76584341932300537,0.82225298479451903,0.51257346784443225,0.31811077280234623,4.045738872489828
Reference advice,35.700000000000003,0.76584341932300193,0.82225298479451814,0.51257346784443125,0.31811077280234523,4.0570606744891542
Reference advice,35.800000000000004,0.7658434193229986,0.82225298479451714,0.51257346784443014,0.31811077280234434,4.0683824764884804
Reference advice,35.899999999999999,0.76584341932299593,0.82225298479451636,0.51257346784442959,0.31811077280234362,4.0797042784878057
Reference advice,36,0.76584341932299382,0.82225298479451581,0.51257346784442948,0.31811077280234323,4.0910260804871319
Reference advice,36.100000000000001,0.76584341932299171,0.82225298479451514,0.51257346784442903,0.31811077280234268,4.1023478824864581
Reference advice,36.200000000000003,0.7658434193229896,0.82225298479451459,0.5125734678444287,0.31811077280234218,4.1136696844857843
Reference advice,36.300000000000004,0.76584341932298783,0.82225298479451392,0.51257346784442837,0.31811077280234162,4.1249914864851105
Reference advice,36.399999999999999,0.76584341932298605,0.82225298479451348,0.51257346784442803,0.31811077280234118,4.1363132884844358
Reference advice,36.5,0.76584341932298439,0.82225298479451292,0.51257346784442748,0.31811077280234085,4.147635090483762
Reference advice,36.600000000000001,0.76584341932298283,0.82225298479451248,0.51257346784442692,0.31811077280234062,4.1589568924830882
Reference advice,36.700000000000003,0.7658434193229815,0.82225298479451214,0.51257346784442659,0.31811077280234029,4.1702786944824144
Reference advice,36.800000000000004,0.76584341932298039,0.82225298479451192,0.51257346784442659,0.3181107728023399,4.1816004964817406
Reference advice,36.899999999999999,0.76584341932297928,0.82225298479451137,0.51257346784442648,0.31811077280233963,4.1929222984810659
Reference advice,37,0.76584341932297817,0.82225298479451114,0.51257346784442626,0.31811077280233935,4.2042441004803921
Reference advice,37.100000000000001,0.76584341932297728,0.82225298479451092,0.51257346784442626,0.31811077280233913,4.2155659024797183
Reference advice,37.200000000000003,0.7658434193229765,0.8222529847945107,0.51257346784442626,0.3181107728023389,4.2268877044790436
Reference advice,37.300000000000004,0.76584341932297595,0.82225298479451048,0.51257346784442581,0.31811077280233863,4.2382095064783698
Reference advice,37.399999999999999,0.76584341932297539,0.82225298479451037,0.51257346784442492,0.31811077280233824,4.2495313084776951
Reference advice,37.5,0.76584341932297462,0.82225298479451003,0.5125734678444247,0.31811077280233802,4.2608531104770213
Reference advice,37.600000000000001,0.76584341932297384,0.82225298479450992,0.51257346784442515,0.31811077280233802,4.2721749124763475
Reference advice,37.700000000000003,0.76584341932297328,0.82225298479450981,0.51257346784442503,0.3181107728023379,4.2834967144756737
Reference advice,37.800000000000004,0.76584341932297273,0.82225298479450959,0.51257346784442503,0.31811077280233774,4.2948185164749999
Reference advice,37.899999999999999,0.76584341932297217,0.82225298479450948,0.51257346784442492,0.31811077280233768,4.3061403184743252
Reference advice,38,0.76584341932297195,0.82225298479450937,0.51257346784442492,0.31811077280233757,4.3174621204736505
Reference advice,38.100000000000001,0.76584341932297195,0.82225298479450937,0.51257346784442492,0.31811077280233746,4.3287839224729767
Reference advice,38.200000000000003,0.76584341932297184,0.82225298479450937,0.51257346784442503,0.31811077280233729,4.3401057244723029
Reference advice,38.300000000000004,0.7658434193229714,0.82225298479450915,0.51257346784442503,0.31811077280233718,4.3514275264716291
Reference advice,38.400000000000006,0.76584341932297073,0.82225298479450903,0.51257346784442481,0.31811077280233713,4.3627493284709553
Reference advice,38.5,0.7658434193229704,0.82225298479450881,0.5125734678444247,0.31811077280233707,4.3740711304702806
Reference advice,38.600000000000001,0.76584341932297006,0.82225298479450881,0.5125734678444247,0.31811077280233702,4.3853929324696068
Reference advice,38.700000000000003,0.76584341932296984,0.8222529847945087,0.5125734678444247,0.31811077280233696,4.3967147344689321
Reference advice,38.800000000000004,0.76584341932296973,0.8222529847945087,0.51257346784442459,0.31811077280233691,4.4080365364682583
Reference advice,38.900000000000006,0.76584341932296984,0.8222529847945087,0.5125734678444247,0.31811077280233685,4.4193583384675845
Reference advice,39,0.76584341932296995,0.8222529847945087,0.51257346784442481,0.31811077280233674,4.4306801404669098
Reference advice,39.100000000000001,0.76584341932296973,0.8222529847945087,0.51257346784442481,0.31811077280233668,4.442001942466236
Reference advice,39.200000000000003,0.76584341932296918,0.82225298479450859,0.51257346784442459,0.31811077280233668,4.4533237444655622
Reference advice,39.300000000000004,0.76584341932296895,0.82225298479450837,0.51257346784442459,0.31811077280233663,4.4646455464648884
Reference advice,39.400000000000006,0.76584341932296873,0.82225298479450837,0.51257346784442448,0.31811077280233663,4.4759673484642146
Reference advice,39.5,0.76584341932296862,0.82225298479450837,0.51257346784442448,0.31811077280233657,4.4872891504635399
Reference advice,39.600000000000001,0.7658434193229684,0.82225298479450826,0.51257346784442437,0.31811077280233657,4.4986109524628652
Reference advice,39.700000000000003,0.76584341932296829,0.82225298479450826,0.51257346784442437,0.31811077280233657,4.5099327544621914
Reference advice,39.800000000000004,0.76584341932296818,0.82225298479450826,0.51257346784442448,0.31811077280233657,4.5212545564615176
Reference advice,39.900000000000006,0.76584341932296796,0.82225298479450815,0.51257346784442448,0.31811077280233657,4.5325763584608438
Reference advice,40,0.76584341932296784,0.82225298479450815,0.51257346784442437,0.31811077280233652,4.5438981604601691
Reference advice,40.100000000000001,0.76584341932296773,0.82225298479450815,0.51257346784442437,0.31811077280233652,4.5552199624594953
Reference advice,40.200000000000003,0.76584341932296762,0.82225298479450815,0.51257346784442426,0.31811077280233652,4.5665417644588215
Reference advice,40.300000000000004,0.76584341932296751,0.82225298479450792,0.51257346784442415,0.31811077280233646,4.5778635664581468
Reference advice,40.400000000000006,0.76584341932296729,0.82225298479450792,0.51257346784442404,0.31811077280233646,4.589185368457473
Reference advice,40.5,0.76584341932296718,0.82225298479450792,0.51257346784442437,0.31811077280233646,4.6005071704567984
Reference advice,40.600000000000001,0.76584341932296718,0.82225298479450792,0.51257346784442492,0.31811077280233641,4.6118289724561246
Reference advice,40.700000000000003,0.76584341932296707,0.82225298479450792,0.51257346784442503,0.31811077280233641,4.6231507744554508
Reference advice,40.800000000000004,0.76584341932296707,0.82225298479450792,0.51257346784442459,0.31811077280233641,4.6344725764547769
Reference advice,40.900000000000006,0.76584341932296696,0.82225298479450781,0.51257346784442448,0.31811077280233641,4.6457943784541031
Reference advice,41,0.76584341932296696,0.82225298479450781,0.51257346784442448,0.31811077280233641,4.6571161804534285
Reference advice,41.100000000000001,0.76584341932296696,0.82225298479450781,0.51257346784442437,0.31811077280233641,4.6684379824527538
Reference advice,41.200000000000003,0.76584341932296685,0.82225298479450781,0.51257346784442437,0.31811077280233641,4.67975978445208
Reference advice,41.300000000000004,0.76584341932296685,0.82225298479450781,0.51257346784442437,0.31811077280233641,4.6910815864514062
Reference advice,41.400000000000006,0.76584341932296685,0.82225298479450781,0.51257346784442437,0.31811077280233635,4.7024033884507324
Reference advice,41.5,0.76584341932296685,0.82225298479450781,0.51257346784442437,0.31811077280233629,4.7137251904500577
Reference advice,41.600000000000001,0.76584341932296673,0.82225298479450781,0.51257346784442426,0.31811077280233635,4.7250469924493839
Reference advice,41.700000000000003,0.76584341932296673,0.82225298479450781,0.51257346784442426,0.31811077280233635,4.7363687944487101
Reference advice,41.800000000000004,0.76584341932296662,0.82225298479450781,0.51257346784442426,0.31811077280233635,4.7476905964480354
Reference advice,41.900000000000006,0.76584341932296662,0.82225298479450781,0.51257346784442415,0.31811077280233635,4.7590123984473616
Reference advice,42,0.76584341932296662,0.82225298479450781,0.51257346784442415,0.31811077280233635,4.7703342004466869
Reference advice,42.100000000000001,0.76584341932296662,0.82225298479450781,0.51257346784442415,0.31811077280233624,4.7816560024460131
Reference advice,42.200000000000003,0.76584341932296651,0.8222529847945077,0.51257346784442415,0.31811077280233613,4.7929778044453393
Reference advice,42.300000000000004,0.76584341932296651,0.8222529847945077,0.51257346784442415,0.31811077280233613,4.8042996064446655
Reference advice,42.400000000000006,0.76584341932296651,0.8222529847945077,0.51257346784442415,0.31811077280233624,4.8156214084439917
Reference advice,42.5,0.76584341932296651,0.8222529847945077,0.51257346784442415,0.31811077280233624,4.826943210443317
Reference advice,42.600000000000001,0.76584341932296651,0.8222529847945077,0.51257346784442415,0.31811077280233624,4.8382650124426423
Reference advice,42.700000000000003,0.76584341932296651,0.8222529847945077,0.51257346784442415,0.31811077280233624,4.8495868144419685
Reference advice,42.800000000000004,0.7658434193229664,0.8222529847945077,0.51257346784442415,0.31811077280233624,4.8609086164412947
Reference advice,42.900000000000006,0.7658434193229664,0.8222529847945077,0.51257346784442415,0.31811077280233624,4.8722304184406209
Reference advice,43,0.7658434193229664,0.8222529847945077,0.51257346784442415,0.31811077280233624,4.8835522204399462
Reference advice,43.100000000000001,0.7658434193229664,0.8222529847945077,0.51257346784442415,0.31811077280233624,4.8948740224392724
Reference advice,43.200000000000003,0.7658434193229664,0.8222529847945077,0.51257346784442415,0.31811077280233624,4.9061958244385986
Reference advice,43.300000000000004,0.7658434193229664,0.8222529847945077,0.51257346784442415,0.31811077280233624,4.9175176264379239
Reference advice,43.400000000000006,0.7658434193229664,0.8222529847945077,0.51257346784442415,0.31811077280233624,4.9288394284372501
Reference advice,43.5,0.7658434193229664,0.8222529847945077,0.51257346784442415,0.31811077280233624,4.9401612304365754
Reference advice,43.600000000000001,0.7658434193229664,0.8222529847945077,0.51257346784442415,0.31811077280233624,4.9514830324359016
Reference advice,43.700000000000003,0.7658434193229664,0.8222529847945077,0.51257346784442415,0.31811077280233624,4.9628048344352278
Reference advice,43.800000000000004,0.7658434193229664,0.8222529847945077,0.51257346784442415,0.31811077280233624,4.974126636434554
Reference advice,43.900000000000006,0.7658434193229664,0.8222529847945077,0.51257346784442415,0.31811077280233624,4.9854484384338802
Reference advice,44,0.7658434193229664,0.8222529847945077,0.51257346784442415,0.31811077280233624,4.9967702404332055
Reference advice,44.100000000000001,0.7658434193229664,0.8222529847945077,0.51257346784442415,0.31811077280233624,5.0080920424325317
Reference advice,44.200000000000003,0.7658434193229664,0.8222529847945077,0.51257346784442415,0.31811077280233624,5.019413844431857
Reference advice,44.300000000000004,0.7658434193229664,0.8222529847945077,0.51257346784442415,0.31811077280233624,5.0307356464311832
Reference advice,44.400000000000006,0.7658434193229664,0.8222529847945077,0.51257346784442415,0.31811077280233624,5.0420574484305094
Reference advice,44.5,0.7658434193229664,0.8222529847945077,0.51257346784442415,0.31811077280233624,5.0533792504298347
Reference advice,44.600000000000001,0.7658434193229664,0.8222529847945077,0.51257346784442415,0.31811077280233624,5.0647010524291609
Reference advice,44.700000000000003,0.7658434193229664,0.8222529847945077,0.51257346784442415,0.31811077280233624,5.0760228544284871
Reference advice,44.800000000000004,0.7658434193229664,0.8222529847945077,0.51257346784442415,0.31811077280233624,5.0873446564278133
Reference advice,44.900000000000006,0.7658434193229664,0.8222529847945077,0.51257346784442415,0.31811077280233624,5.0986664584271386
Reference advice,45,0.7658434193229664,0.8222529847945077,0.51257346784442415,0.31811077280233624,5.1099882604264639
Reference advice,45.100000000000001,0.7658434193229664,0.8222529847945077,0.51257346784442415,0.31811077280233624,5.1213100624257901
Reference advice,45.200000000000003,0.7658434193229664,0.8222529847945077,0.51257346784442415,0.31811077280233624,5.1326318644251163
Reference advice,45.300000000000004,0.7658434193229664,0.8222529847945077,0.51257346784442415,0.31811077280233624,5.1439536664244425
Reference advice,45.400000000000006,0.7658434193229664,0.8222529847945077,0.51257346784442415,0.31811077280233624,5.1552754684237687
Reference advice,45.5,0.7658434193229664,0.8222529847945077,0.51257346784442415,0.31811077280233624,5.166597270423094
Reference advice,45.600000000000001,0.7658434193229664,0.8222529847945077,0.51257346784442415,0.31811077280233624,5.1779190724224202
Reference advice,45.700000000000003,0.7658434193229664,0.8222529847945077,0.51257346784442415,0.31811077280233624,5.1892408744217455
Reference advice,45.800000000000004,0.7658434193229664,0.8222529847945077,0.51257346784442415,0.31811077280233624,5.2005626764210717
Reference advice,45.900000000000006,0.7658434193229664,0.8222529847945077,0.51257346784442415,0.31811077280233624,5.2118844784203979
Reference advice,46,0.7658434193229664,0.8222529847945077,0.51257346784442415,0.31811077280233624,5.2232062804197232
Reference advice,46.100000000000001,0.7658434193229664,0.8222529847945077,0.51257346784442415,0.31811077280233624,5.2345280824190494
Reference advice,46.200000000000003,0.7658434193229664,0.8222529847945077,0.51257346784442415,0.31811077280233624,5.2458498844183756
Reference advice,46.300000000000004,0.7658434193229664,0.8222529847945077,0.51257346784442415,0.31811077280233624,5.2571716864177018
Reference advice,46.400000000000006,0.7658434193229664,0.8222529847945077,0.51257346784442415,0.31811077280233624,5.2684934884170271
Reference advice,46.5,0.7658434193229664,0.8222529847945077,0.51257346784442415,0.31811077280233624,5.2798152904163524
Reference advice,46.600000000000001,0.7658434193229664,0.8222529847945077,0.51257346784442415,0.31811077280233624,5.2911370924156786
Reference advice,46.700000000000003,0.7658434193229664,0.8222529847945077,0.51257346784442415,0.31811077280233624,5.3024588944150048
Reference advice,46.800000000000004,0.7658434193229664,0.8222529847945077,0.51257346784442415,0.31811077280233624,5.313780696414331
Reference advice,46.900000000000006,0.7658434193229664,0.8222529847945077,0.51257346784442415,0.31811077280233624,5.3251024984136572
Reference advice,47,0.7658434193229664,0.8222529847945077,0.51257346784442415,0.31811077280233624,5.3364243004129825
Reference advice,47.100000000000001,0.7658434193229664,0.8222529847945077,0.51257346784442415,0.31811077280233624,5.3477461024123087
Reference advice,47.200000000000003,0.7658434193229664,0.8222529847945077,0.51257346784442415,0.31811077280233624,5.3590679044116341
Reference advice,47.300000000000004,0.7658434193229664,0.8222529847945077,0.51257346784442415,0.31811077280233624,5.3703897064109603
Reference advice,47.400000000000006,0.7658434193229664,0.8222529847945077,0.51257346784442415,0.31811077280233624,5.3817115084102864
Reference advice,47.5,0.7658434193229664,0.8222529847945077,0.51257346784442415,0.31811077280233624,5.3930333104096118
Reference advice,47.600000000000001,0.7658434193229664,0.8222529847945077,0.51257346784442415,0.31811077280233624,5.404355112408938
Reference advice,47.700000000000003,0.7658434193229664,0.8222529847945077,0.51257346784442415,0.31811077280233624,5.4156769144082642
Reference advice,47.800000000000004,0.7658434193229664,0.8222529847945077,0.51257346784442415,0.31811077280233624,5.4269987164075904
Reference advice,47.900000000000006,0.7658434193229664,0.8222529847945077,0.51257346784442415,0.31811077280233624,5.4383205184069165
Reference advice,48,0.7658434193229664,0.8222529847945077,0.51257346784442415,0.31811077280233624,5.449642320406241
Reference advice,48.100000000000001,0.7658434193229664,0.8222529847945077,0.51257346784442415,0.31811077280233624,5.4609641224055672
Reference advice,48.200000000000003,0.7658434193229664,0.8222529847945077,0.51257346784442415,0.31811077280233624,5.4722859244048934
Reference advice,48.300000000000004,0.7658434193229664,0.8222529847945077,0.51257346784442415,0.31811077280233624,5.4836077264042196
Reference advice,48.400000000000006,0.7658434193229664,0.8222529847945077,0.51257346784442415,0.31811077280233624,5.4949295284035458
Reference advice,48.5,0.7658434193229664,0.8222529847945077,0.51257346784442415,0.31811077280233624,5.5062513304028711
Reference advice,48.600000000000001,0.7658434193229664,0.8222529847945077,0.51257346784442415,0.31811077280233624,5.5175731324021973
Reference advice,48.700000000000003,0.7658434193229664,0.8222529847945077,0.51257346784442415,0.31811077280233624,5.5288949344015235
Reference advice,48.800000000000004,0.7658434193229664,0.8222529847945077,0.51257346784442415,0.31811077280233624,5.5402167364008488
Reference advice,48.900000000000006,0.7658434193229664,0.8222529847945077,0.51257346784442415,0.31811077280233624,5.551538538400175
Reference advice,49,0.7658434193229664,0.8222529847945077,0.51257346784442415,0.31811077280233624,5.5628603403995003
Reference advice,49.100000000000001,0.7658434193229664,0.8222529847945077,0.51257346784442415,0.31811077280233624,5.5741821423988265
Reference advice,49.200000000000003,0.7658434193229664,0.8222529847945077,0.51257346784442415,0.31811077280233624,5.5855039443981527
Reference advice,49.300000000000004,0.7658434193229664,0.8222529847945077,0.51257346784442415,0.31811077280233624,5.5968257463974789
Reference advice,49.400000000000006,0.7658434193229664,0.8222529847945077,0.51257346784442415,0.31811077280233624,5.6081475483968051
Reference advice,49.5,0.7658434193229664,0.8222529847945077,0.51257346784442415,0.31811077280233624,5.6194693503961304
Reference advice,49.600000000000001,0.7658434193229664,0.8222529847945077,0.51257346784442415,0.31811077280233624,5.6307911523954557
Reference advice,49.700000000000003,0.7658434193229664,0.8222529847945077,0.51257346784442415,0.31811077280233624,5.6421129543947819
Reference advice,49.800000000000004,0.7658434193229664,0.8222529847945077,0.51257346784442415,0.31811077280233624,5.6534347563941081
Reference advice,49.900000000000006,0.7658434193229664,0.8222529847945077,0.51257346784442415,0.31811077280233624,5.6647565583934343
Reference advice,50,0.7658434193229664,0.8222529847945077,0.51257346784442415,0.31811077280233624,5.6760783603927596
Reference advice,50.100000000000001,0.7658434193229664,0.8222529847945077,0.51257346784442415,0.31811077280233624,5.6874001623920858
Reference advice,50.200000000000003,0.7658434193229664,0.8222529847945077,0.51257346784442415,0.31811077280233624,5.698721964391412
Reference advice,50.300000000000004,0.7658434193229664,0.8222529847945077,0.51257346784442415,0.31811077280233624,5.7100437663907373
Reference advice,50.400000000000006,0.7658434193229664,0.8222529847945077,0.51257346784442415,0.31811077280233624,5.7213655683900635
Reference advice,50.5,0.7658434193229664,0.8222529847945077,0.51257346784442415,0.31811077280233624,5.7326873703893888
Reference advice,50.600000000000001,0.7658434193229664,0.8222529847945077,0.51257346784442415,0.31811077280233624,5.744009172388715
Reference advice,50.700000000000003,0.7658434193229664,0.8222529847945077,0.51257346784442415,0.31811077280233624,5.7553309743880412
Reference advice,50.800000000000004,0.7658434193229664,0.8222529847945077,0.51257346784442415,0.31811077280233624,5.7666527763873674
Reference advice,50.900000000000006,0.7658434193229664,0.8222529847945077,0.51257346784442415,0.31811077280233624,5.7779745783866936
Reference advice,51,0.7658434193229664,0.8222529847945077,0.51257346784442415,0.31811077280233624,5.7892963803860189
Reference advice,51.100000000000001,0.7658434193229664,0.8222529847945077,0.51257346784442415,0.31811077280233624,5.8006181823853442
Reference advice,51.200000000000003,0.7658434193229664,0.8222529847945077,0.51257346784442415,0.31811077280233624,5.8119399843846704
Reference advice,51.300000000000004,0.7658434193229664,0.8222529847945077,0.51257346784442415,0.31811077280233624,5.8232617863839966
Reference advice,51.400000000000006,0.7658434193229664,0.8222529847945077,0.51257346784442415,0.31811077280233624,5.8345835883833228
Reference advice,51.5,0.7658434193229664,0.8222529847945077,0.51257346784442415,0.31811077280233624,5.8459053903826481
Reference advice,51.600000000000001,0.7658434193229664,0.8222529847945077,0.51257346784442415,0.31811077280233624,5.8572271923819743
Reference advice,51.700000000000003,0.7658434193229664,0.8222529847945077,0.51257346784442415,0.31811077280233624,5.8685489943813005
Reference advice,51.800000000000004,0.7658434193229664,0.8222529847945077,0.51257346784442415,0.31811077280233624,5.8798707963806267
Reference advice,51.900000000000006,0.7658434193229664,0.8222529847945077,0.51257346784442415,0.31811077280233624,5.891192598379952
Reference advice,52,0.7658434193229664,0.8222529847945077,0.51257346784442415,0.31811077280233624,5.9025144003792773
Reference advice,52.100000000000001,0.7658434193229664,0.8222529847945077,0.51257346784442415,0.31811077280233624,5.9138362023786035
Reference advice,52.200000000000003,0.7658434193229664,0.8222529847945077,0.51257346784442415,0.31811077280233624,5.9251580043779297
Reference advice,52.300000000000004,0.7658434193229664,0.8222529847945077,0.51257346784442415,0.31811077280233624,5.9364798063772559
Reference advice,52.400000000000006,0.7658434193229664,0.8222529847945077,0.51257346784442415,0.31811077280233624,5.9478016083765821
Reference advice,52.5,0.7658434193229664,0.8222529847945077,0.51257346784442415,0.31811077280233624,5.9591234103759074
Reference advice,52.600000000000001,0.7658434193229664,0.8222529847945077,0.51257346784442415,0.31811077280233624,5.9704452123752336
Reference advice,52.700000000000003,0.7658434193229664,0.8222529847945077,0.51257346784442415,0.31811077280233624,5.9817670143745589
Reference advice,52.800000000000004,0.7658434193229664,0.8222529847945077,0.51257346784442415,0.31811077280233624,5.9930888163738851
Reference advice,52.900000000000006,0.7658434193229664,0.8222529847945077,0.51257346784442415,0.31811077280233624,6.0044106183732113
Reference advice,53,0.7658434193229664,0.8222529847945077,0.51257346784442415,0.31811077280233624,6.0157324203725366
Reference advice,53.100000000000001,0.7658434193229664,0.8222529847945077,0.51257346784442415,0.31811077280233624,6.0270542223718628
Reference advice,53.200000000000003,0.7658434193229664,0.8222529847945077,0.51257346784442415,0.31811077280233624,6.038376024371189
Reference advice,53.300000000000004,0.7658434193229664,0.8222529847945077,0.51257346784442415,0.31811077280233624,6.0496978263705152
Reference advice,53.400000000000006,0.7658434193229664,0.8222529847945077,0.51257346784442415,0.31811077280233624,6.0610196283698405
Reference advice,53.5,0.7658434193229664,0.8222529847945077,0.51257346784442415,0.31811077280233624,6.0723414303691658
Reference advice,53.600000000000001,0.7658434193229664,0.8222529847945077,0.51257346784442415,0.31811077280233624,6.083663232368492
Reference advice,53.700000000000003,0.7658434193229664,0.8222529847945077,0.51257346784442415,0.31811077280233624,6.0949850343678182
Reference advice,53.800000000000004,0.7658434193229664,0.8222529847945077,0.51257346784442415,0.31811077280233624,6.1063068363671444
Reference advice,53.900000000000006,0.7658434193229664,0.8222529847945077,0.51257346784442415,0.31811077280233624,6.1176286383664706
Reference advice,54,0.7658434193229664,0.8222529847945077,0.51257346784442415,0.31811077280233624,6.1289504403657959
Reference advice,54.100000000000001,0.7658434193229664,0.8222529847945077,0.51257346784442415,0.31811077280233624,6.1402722423651221
Reference advice,54.200000000000003,0.7658434193229664,0.8222529847945077,0.51257346784442415,0.31811077280233624,6.1515940443644475
Reference advice,54.300000000000004,0.7658434193229664,0.8222529847945077,0.51257346784442415,0.31811077280233624,6.1629158463637737
Reference advice,54.400000000000006,0.7658434193229664,0.8222529847945077,0.51257346784442415,0.31811077280233624,6.1742376483630999
Reference advice,54.5,0.7658434193229664,0.8222529847945077,0.51257346784442415,0.31811077280233624,6.1855594503624252
Reference advice,54.600000000000001,0.7658434193229664,0.8222529847945077,0.51257346784442415,0.31811077280233624,6.1968812523617514
Reference advice,54.700000000000003,0.7658434193229664,0.8222529847945077,0.51257346784442415,0.31811077280233624,6.2082030543610776
Reference advice,54.800000000000004,0.7658434193229664,0.8222529847945077,0.51257346784442415,0.31811077280233624,6.2195248563604038
Reference advice,54.900000000000006,0.7658434193229664,0.8222529847945077,0.51257346784442415,0.31811077280233624,6.2308466583597291
Reference advice,55,0.7658434193229664,0.8222529847945077,0.51257346784442415,0.31811077280233624,6.2421684603590544
Reference advice,55.100000000000001,0.7658434193229664,0.8222529847945077,0.51257346784442415,0.31811077280233624,6.2534902623583806
Reference advice,55.200000000000003,0.7658434193229664,0.8222529847945077,0.51257346784442415,0.31811077280233624,6.2648120643577068
Reference advice,55.300000000000004,0.7658434193229664,0.8222529847945077,0.51257346784442415,0.31811077280233624,6.276133866357033
Reference advice,55.400000000000006,0.7658434193229664,0.8222529847945077,0.51257346784442415,0.31811077280233624,6.2874556683563592
Reference advice,55.5,0.7658434193229664,0.8222529847945077,0.51257346784442415,0.31811077280233624,6.2987774703556845
Reference advice,55.600000000000001,0.7658434193229664,0.8222529847945077,0.51257346784442415,0.31811077280233624,6.3100992723550107
Reference advice,55.700000000000003,0.7658434193229664,0.8222529847945077,0.51257346784442415,0.31811077280233624,6.321421074354336
Reference advice,55.800000000000004,0.7658434193229664,0.8222529847945077,0.51257346784442415,0.31811077280233624,6.3327428763536622
Reference advice,55.900000000000006,0.7658434193229664,0.8222529847945077,0.51257346784442415,0.31811077280233624,6.3440646783529884
Reference advice,56,0.7658434193229664,0.8222529847945077,0.51257346784442415,0.31811077280233624,6.3553864803523137
Reference advice,56.100000000000001,0.7658434193229664,0.8222529847945077,0.51257346784442415,0.31811077280233624,6.3667082823516399
Reference advice,56.200000000000003,0.7658434193229664,0.8222529847945077,0.51257346784442415,0.31811077280233624,6.3780300843509661
Reference advice,56.300000000000004,0.7658434193229664,0.8222529847945077,0.51257346784442415,0.31811077280233624,6.3893518863502923
Reference advice,56.400000000000006,0.7658434193229664,0.8222529847945077,0.51257346784442415,0.31811077280233624,6.4006736883496185
Reference advice,56.5,0.7658434193229664,0.8222529847945077,0.51257346784442415,0.31811077280233624,6.4119954903489429
Reference advice,56.600000000000001,0.7658434193229664,0.8222529847945077,0.51257346784442415,0.31811077280233624,6.4233172923482691
Reference advice,56.700000000000003,0.7658434193229664,0.8222529847945077,0.51257346784442415,0.31811077280233624,6.4346390943475953
Reference advice,56.800000000000004,0.7658434193229664,0.8222529847945077,0.51257346784442415,0.31811077280233624,6.4459608963469215
Reference advice,56.900000000000006,0.7658434193229664,0.8222529847945077,0.51257346784442415,0.31811077280233624,6.4572826983462477
Reference advice,57,0.7658434193229664,0.8222529847945077,0.51257346784442415,0.31811077280233624,6.468604500345573
Reference advice,57.100000000000001,0.7658434193229664,0.8222529847945077,0.51257346784442415,0.31811077280233624,6.4799263023448992
Reference advice,57.200000000000003,0.7658434193229664,0.8222529847945077,0.51257346784442415,0.31811077280233624,6.4912481043442245
Reference advice,57.300000000000004,0.7658434193229664,0.8222529847945077,0.51257346784442415,0.31811077280233624,6.5025699063435507
Reference advice,57.400000000000006,0.7658434193229664,0.8222529847945077,0.51257346784442415,0.31811077280233624,6.5138917083428769
Reference advice,57.5,0.7658434193229664,0.8222529847945077,0.51257346784442415,0.31811077280233624,6.5252135103422022
Reference advice,57.600000000000001,0.7658434193229664,0.8222529847945077,0.51257346784442415,0.31811077280233624,6.5365353123415284
Reference advice,57.700000000000003,0.7658434193229664,0.8222529847945077,0.51257346784442415,0.31811077280233624,6.5478571143408546
Reference advice,57.800000000000004,0.7658434193229664,0.8222529847945077,0.51257346784442415,0.31811077280233624,6.5591789163401808
Reference advice,57.900000000000006,0.7658434193229664,0.8222529847945077,0.51257346784442415,0.31811077280233624,6.570500718339507
Reference advice,58,0.7658434193229664,0.8222529847945077,0.51257346784442415,0.31811077280233624,6.5818225203388323
Reference advice,58.100000000000001,0.7658434193229664,0.8222529847945077,0.51257346784442415,0.31811077280233624,6.5931443223381576
Reference advice,58.200000000000003,0.7658434193229664,0.8222529847945077,0.51257346784442415,0.31811077280233624,6.6044661243374838
Reference advice,58.300000000000004,0.7658434193229664,0.8222529847945077,0.51257346784442415,0.31811077280233624,6.61578792633681
Reference advice,58.400000000000006,0.7658434193229664,0.8222529847945077,0.51257346784442415,0.31811077280233624,6.6271097283361362
Reference advice,58.5,0.7658434193229664,0.8222529847945077,0.51257346784442415,0.31811077280233624,6.6384315303354615
Reference advice,58.600000000000001,0.7658434193229664,0.8222529847945077,0.51257346784442415,0.31811077280233624,6.6497533323347877
Reference advice,58.700000000000003,0.7658434193229664,0.8222529847945077,0.51257346784442415,0.31811077280233624,6.6610751343341139
Reference advice,58.800000000000004,0.7658434193229664,0.8222529847945077,0.51257346784442415,0.31811077280233624,6.6723969363334392
Reference advice,58.900000000000006,0.7658434193229664,0.8222529847945077,0.51257346784442415,0.31811077280233624,6.6837187383327654
Reference advice,59,0.7658434193229664,0.8222529847945077,0.51257346784442415,0.31811077280233624,6.6950405403320907
Reference advice,59.100000000000001,0.7658434193229664,0.8222529847945077,0.51257346784442415,0.31811077280233624,6.7063623423314169
Reference advice,59.200000000000003,0.7658434193229664,0.8222529847945077,0.51257346784442415,0.31811077280233624,6.7176841443307431
Reference advice,59.300000000000004,0.7658434193229664,0.8222529847945077,0.51257346784442415,0.31811077280233624,6.7290059463300693
Reference advice,59.400000000000006,0.7658434193229664,0.8222529847945077,0.51257346784442415,0.31811077280233624,6.7403277483293955
Reference advice,59.5,0.7658434193229664,0.8222529847945077,0.51257346784442415,0.31811077280233624,6.7516495503287208
Reference advice,59.600000000000001,0.7658434193229664,0.8222529847945077,0.51257346784442415,0.31811077280233624,6.7629713523280461
Reference advice,59.700000000000003,0.7658434193229664,0.8222529847945077,0.51257346784442415,0.31811077280233624,6.7742931543273723
Reference advice,59.800000000000004,0.7658434193229664,0.8222529847945077,0.51257346784442415,0.31811077280233624,6.7856149563266985
Reference advice,59.900000000000006,0.7658434193229664,0.8222529847945077,0.51257346784442415,0.31811077280233624,6.7969367583260247
Reference advice,60,0.7658434193229664,0.8222529847945077,0.51257346784442415,0.31811077280233624,6.80825856032535
Overoptimistic advice,0,1.25,0.92414181997875655,0.080000000000000002,0.080000000000000002,0
Overoptimistic advice,0.10000000000000001,1.1596942546677775,0.91047010794828775,0.15473539969844416,0.11528030202791036,0.014110611398632213
Overoptimistic advice,0.20000000000000001,1.0916855976549318,0.89874626829882931,0.2176126889952732,0.14595213705683652,0.028026514148392783
Overoptimistic advice,0.30000000000000004,1.0378762498763876,0.88852401602611697,0.27061902805971177,0.1726527636903108,0.041774079808150025
Overoptimistic advice,0.40000000000000002,0.99372248596064994,0.87947256557826547,0.31537054354740696,0.19591755258452714,0.055373737064986155
Overoptimistic advice,0.5,0.95646525457687492,0.87134801748778701,0.3531930008333739,0.21620008359800608,0.068841529206606536
Overoptimistic advice,0.60000000000000009,0.92432645157747995,0.86396886079702018,0.38518165686196743,0.23388733989105731,0.082190253904014715
Overoptimistic advice,0.70000000000000007,0.89610519448275361,0.8571980629131607,0.41224648395306435,0.2493113549432534,0.095430277520502788
Overoptimistic advice,0.80000000000000004,0.87095891543612547,0.85093050182747931,0.43514698286747433,0.26275830694361602,0.10857011683720252
Overoptimistic advice,0.90000000000000002,0.84827728491771104,0.84508420602011702,0.45451943342121626,0.27447575153060988,0.12161685872527239
Overoptimistic advice,1,0.82760597834608041,0.839594217669551,0.47089852194400827,0.2846784653888832,0.1345764662304581
Overoptimistic advice,1.1000000000000001,0.80859867031307864,0.8344082460640373,0.48473471116041777,0.29355323491436613,0.14745400517323928
Overoptimistic advice,1.2000000000000002,0.79098576395667863,0.82948355321227552,0.49640831831078103,0.30126282331135379,0.16025381366489347
Overoptimistic advice,1.3,0.77455341063655636,0.82478469163987045,0.50624101907062136,0.30794929021787382,0.17297963081555762
Overoptimistic advice,1.4000000000000001,0.75912907256618134,0.82028184038508023,0.51450530762239965,0.31373679080864686,0.18563469547328509
Overoptimistic advice,1.5,0.74457136165861371,0.81594956517596828,0.52143231666081058,0.31873395119397413,0.19822182277187972
Overoptimistic advice,1.6000000000000001,0.73076274227350679,0.81176588279540873,0.52721831322670976,0.32303589585381154,0.2107434641186289
Overoptimistic advice,1.7000000000000002,0.71760419395777175,0.8077115459764681,0.53203011272121192,0.32672598522505231,0.22320175453873836
Overoptimistic advice,1.8,0.705011242094711,0.80376948995691488,0.53600960860916014,0.32987731122141872,0.23559855034912811
Overoptimistic advice,1.9000000000000001,0.6929109587157698,0.7999243982960057,0.53927756636354074,0.33255398701176386,0.24793545922366395
Overoptimistic advice,2,0.68123966345248199,0.79616235782844669,0.54193682172560509,0.33481226532301789,0.26021386441005701
Overoptimistic advice,2.1000000000000001,0.66994113498900842,0.79247058011463811,0.54407496586967052,0.3367015063791875,0.27243494404521112
Overoptimistic advice,2.2000000000000002,0.65896520054323104,0.78883717311864909,0.54576661600030463,0.33826502017263993,0.28459968667086499
Overoptimistic advice,2.3000000000000003,0.64826660788181689,0.78525095078343854,0.54707533274520959,0.33954079917613617,0.29670890351217005
Overoptimistic advice,2.4000000000000004,0.63780411049947749,0.78170127118882549,0.54805524572662823,0.34056215751731334,0.30876323807590744
Overoptimistic advice,2.5,0.62753971397375985,0.77817789584628216,0.54875242645022926,0.34135828757914388,0.32076317340067789
Overoptimistic advice,2.6000000000000001,0.61743804592965279,0.77467086475204217,0.54920605516293364,0.3419547464645461,0.33270903729422052
Overoptimistic advice,2.7000000000000002,0.60746581988025072,0.77117038247878078,0.5494494083706315,0.34237388021784354,0.34460100572752161
Overoptimistic advice,2.8000000000000003,0.59759137171982357,0.76766671203640369,0.54951070283864778,0.34263519564703976,0.3564391045467355
Overoptimistic advice,2.9000000000000004,0.5877842488686118,0.76415007253932055,0.54941380376774274,0.34275568296189968,0.36822320957674809
Overoptimistic advice,3,0.57801484072179865,0.76061053890490027,0.5491788329325108,0.34275009895284114,0.37995304517443312
Overoptimistic advice,3.1000000000000001,0.56825403631095606,0.75703794018641479,0.54882267769232329,0.34263121198969348,0.39162818123464271
Overoptimistic advice,3.2000000000000002,0.55847290210407885,0.75342175512139153,0.54835942963503026,0.34241001698593826,0.40324802860509112
Overoptimistic advice,3.3000000000000003,0.54864236873124417,0.74975100154596597,0.54780074833025294,0.34209591988048627,0.41481183285745771
Overoptimistic advice,3.4000000000000004,0.53873292100357639,0.74601411797083717,0.54715617096170066,0.34169689770574835,0.42631866629516962
Overoptimistic advice,3.5,0.52871428332490034,0.74219883446121948,0.54643337145088022,0.3412196357487316,0.4377674180636445
Overoptimistic advice,3.6000000000000001,0.51855509307342462,0.73829202980702657,0.54563837292240203,0.34066964321369364,0.44915678216773192
Overoptimistic advice,3.7000000000000002,0.50822255644418857,0.73427957239487052,0.54477572809146102,0.34005135190635105,0.4604852431787323
Overoptimistic advice,3.8000000000000003,0.49768207728446695,0.73014614037176551,0.54384865939856397,0.3393681956933009,0.47175105933078132
Overoptimistic advice,3.9000000000000004,0.48689685246390496,0.7258750175050388,0.54285917186157107,0.33862267467749035,0.4829522426686646
Overoptimistic advice,4,0.47582742469180495,0.72144785979358095,0.54180813867386901,0.33781640415131675,0.49408653586033624
Overoptimistic advice,4.1000000000000005,0.46443118214841078,0.7168444268860189,0.54069535851188366,0.336950147801932,0.50515138509440471
Overoptimistic advice,4.2000000000000002,0.45266179465984929,0.71204227209612947,0.53951959063761445,0.33602383698188376,0.51614390858759818
Overoptimistic advice,4.2999999999999998,0.44046857384840199,0.7070163834736588,0.53827856761137605,0.33503657566635098,0.52706086001080166
Overoptimistic advice,4.4000000000000004,0.4277957402733184,0.70173876613369357,0.53696897906753671,0.33398662835936183,0.53789858577942407
Overoptimistic advice,4.5,0.41458158355987806,0.6961779568425529,0.53558643594642796,0.33287139362297152,0.54865297558902582
Overoptimistic advice,4.6000000000000005,0.40075749525947368,0.69029845898386843,0.53412540697124666,0.33168735974036712,0.55931940496200627
Overoptimistic advice,4.7000000000000002,0.38624684816918031,0.684060083294597,0.53257912551555298,0.33043004072287191,0.56989266791397086
Overoptimistic advice,4.8000000000000007,0.3709637016655542,0.67741718241694204,0.53093946605582498,0.32909389154206237,0.58036689889838433
Overoptimistic advice,4.9000000000000004,0.35481131146327849,0.67031776790918884,0.52919678900231515,0.32767220126185265,0.59073548303702761
Overoptimistic advice,5,0.33768039946414502,0.66270249053040209,0.52733973959376834,0.32615695679292817,0.60099095016574888
Overoptimistic advice,5.1000000000000005,0.31944716445810728,0.65450347939908304,0.52535500364978682,0.3245386774416073,0.61112485275629513
Overoptimistic advice,5.2000000000000002,0.29997102053440061,0.6456430460238034,0.52322701244887093,0.32280621619243666,0.62112762563180979
Overoptimistic advice,5.3000000000000007,0.27909202222492824,0.6360322591807942,0.52093758499250287,0.32094652165991255,0.63098842369786723
Overoptimistic advice,5.4000000000000004,0.25662799570193262,0.6255694441400067,0.51846550327046037,0.31894435896700396,0.6406949369903826
Overoptimistic advice,5.5,0.23237143294141066,0.61413871088830263,0.51578601725271433,0.31678198903669147,0.65023318389600793
Overoptimistic advice,5.6000000000000005,0.20608622674965957,0.60160867786707595,0.51287027348936476,0.31443880621899739,0.65958728243999709
Overoptimistic advice,5.7000000000000002,0.17750446759266514,0.58783170335087676,0.50968467022334052,0.31189094275316925,0.66873920417795418
Overoptimistic advice,5.8000000000000007,0.14632368204157059,0.57264412760483552,0.5061901642763682,0.30911086068392157,0.67766852443052172
Overoptimistic advice,5.9000000000000004,0.11220516590173898,0.55586831880847898,0.50234156690541687,0.30606696892397395,0.68635218961507327
Overoptimistic advice,6,0.074774405588848403,0.53731767835833588,0.49808690908962094,0.30272332903896892,0.69476433437434615
Overoptimistic advice,6.1000000000000005,0.03362525637239859,0.51680629460719207,0.49336702088591777,0.29903956398829329,0.70287621187596827
Overoptimistic advice,6.2000000000000002,-0.011669787946022379,0.49416537088553203,0.48811555052876121,0.29497113563186073,0.7106563201631958
Overoptimistic advice,6.3000000000000007,-0.061539865461603394,0.46926885201866508,0.48225976983745472,0.29047023763139296,0.7180708492985971
Overoptimistic advice,6.4000000000000004,-0.11638222266973278,0.44207020238750261,0.47572264379442991,0.28548762703309483,0.72508460697101451
Overoptimistic advice,6.5,-0.17650997609918437,0.4126502826113802,0.46842674783887722,0.2799757647617736,0.73166259751744012
Overoptimistic advice,6.6000000000000005,-0.24207694787427958,0.38127172417484356,0.46030060356980479,0.27389358420469473,0.73777239773774872
Overoptimistic advice,6.7000000000000002,-0.31297888789750472,0.34842766393785851,0.45128772006513629,0.26721295675736356,0.74338734717973243
Overoptimistic advice,6.8000000000000007,-0.38873855898855203,0.31486387944441813,0.44135791207650643,0.25992638149543429,0.7484903152799699
Overoptimistic advice,6.9000000000000004,-0.4683959822009886,0.28154880606090293,0.43051928313937121,0.25205460974154004,0.75307743990194276
Overoptimistic advice,7,-0.55044216516629441,0.24957423421046981,0.41882792897145815,0.24365209164106744,0.75716088021561756
Overoptimistic advice,7.1000000000000005,-0.63284583888122625,0.21999565779037594,0.40639173788005012,0.23480787150200852,0.76076954346555548
Overoptimistic advice,7.2000000000000002,-0.71321335602695823,0.19365605452767182,0.3933655559505399,0.22564042008255975,0.76394715257871126
Overoptimistic advice,7.3000000000000007,-0.78908099133253695,0.17105594762782467,0.37993764573039845,0.21628686078847323,0.76674787966543967
Overoptimistic advice,7.4000000000000004,-0.85827639424407876,0.152315719322032,0.36631060570964857,0.20688917661486236,0.76923065610928754
Overoptimistic advice,7.5,-0.91923856865868081,0.13723149842700841,0.35268181329815923,0.19758098700668578,0.77145365227295315
Overoptimistic advice,7.6000000000000005,-0.97119246106343637,0.12538608168004692,0.3392279140244937,0.18847779417478155,0.77347010404060468
Overoptimistic advice,7.7000000000000002,-1.0141373527592037,0.11626607577226473,0.32609559160900475,0.17967186622854109,0.77532595008647676
Overoptimistic advice,7.8000000000000007,-1.048686033680728,0.10935250484093365,0.31339843683991259,0.17123129410641486,0.77705909460943989
Overoptimistic advice,7.9000000000000004,-1.075835589821736,0.10417516092993195,0.3012182783676573,0.16320189600155297,0.77869978431236686
Overoptimistic advice,8,-1.0967470458916597,0.10033624505273886,0.28960906372847933,0.15561058842087672,0.78027157352851051
Overoptimistic advice,8.0999999999999996,-1.1125786281733878,0.097513996817315776,0.27860173413923506,0.14846917553562225,0.78179248508516597
Overoptimistic advice,8.2000000000000011,-1.1243836393180289,0.095455849963704237,0.26820910564797396,0.14177793574450895,0.7832761360687629
Overoptimistic advice,8.3000000000000007,-1.1330629723786847,0.093967521693169367,0.25843024535100095,0.13552871619556556,0.78473272090530499
Overoptimistic advice,8.4000000000000004,-1.1393550040911147,0.092901604810396318,0.24925414750414823,0.1297074536128266,0.78616981953472176
Overoptimistic advice,8.5,-1.1438468345095689,0.092147307371814965,0.24066269499089907,0.124296150163991,0.78759303774667666
Overoptimistic advice,8.5999999999999996,-1.1469951669840122,0.091621903460318135,0.23263297483789253,0.11927437831083222,0.78900650239347059
Overoptimistic advice,8.7000000000000011,-1.1491496594831552,0.09126390865836545,0.22513904957898914,0.11462040138723292,0.79041323870651325
Overoptimistic advice,8.8000000000000007,-1.1505748739778323,0.091027784140679996,0.21815328495533232,0.11031198948363927,0.79181545445129187
Overoptimistic advice,8.9000000000000004,-1.1514692435690652,0.090879889003513681,0.21164733024081508,0.10632700216062346,0.79321475282810494
Overoptimistic advice,9,-1.1519805882664982,0.090795428999923197,0.20559282596107031,0.10264379240661753,0.79461229084925877
Overoptimistic advice,9.0999999999999996,-1.1522184273578346,0.090756168638543341,0.19996190556560972,0.0992414783210957,0.79600889702744604
Overoptimistic advice,9.2000000000000011,-1.152263524944332,0.090748726053908074,0.19472754039785375,0.09610011644459765,0.79740515853556593
Overoptimistic advice,9.3000000000000007,-1.1521751757238163,0.09076330709650525,0.18986376728945514,0.093200803146362227,0.7988014856236707
Overoptimistic advice,9.4000000000000004,-1.1519967205000623,0.090792765551088381,0.1853458300121521,0.090525724562617454,0.80019815927317561
Overoptimistic advice,9.5,-1.1517596776936474,0.090831908645593984,0.18115025664921094,0.088058169407495585,0.80159536630217698
Overoptimistic advice,9.6000000000000014,-1.15148682933311,0.090876983147833407,0.17725489109150425,0.085782516170369166,0.8029932252618629
Overoptimistic advice,9.7000000000000011,-1.1511945189422856,0.090925295110296095,0.1736388918469069,0.083684202908401742,0.80439180553043199
Overoptimistic advice,9.8000000000000007,-1.1508943530583937,0.09097492945274932,0.17028270762384845,0.081749685429218955,0.80579114133018248
Overoptimistic advice,9.9000000000000004,-1.1505944665656362,0.091024541943549628,0.16716803761951798,0.07996638858803852,0.80719124206836945
Overoptimistic advice,10,-1.1503004444570342,0.091073207880512125,0.16427778065433127,0.078322653142649468,0.8085920997968985
Overoptimistic advice,10.100000000000001,-1.1500160268325736,0.091120306378980068,0.16159597970242717,0.07680768188011787,0.809993694872715
Overoptimistic advice,10.200000000000001,-1.149743603445617,0.091165439223526601,0.15910776122420925,0.075411484636678114,0.81139599986089861
Overoptimistic advice,10.300000000000001,-1.1494845991630964,0.091208367551961989,0.15679927471277608,0.074124825180842832,0.81279898254323479
Overoptimistic advice,10.4,-1.1492397344058616,0.091248969065689245,0.15465763084860715,0.07293916898458655,0.81420260788504795
Overoptimistic advice,10.5,-1.1490092474371731,0.091287201423870756,0.15267084297528113,0.07184663437087413,0.81560683970356052
Overoptimistic advice,10.600000000000001,-1.1487930283013639,0.091323080183407609,0.15082776842378109,0.070839945049917544,0.81701164159760564
Overoptimistic advice,10.700000000000001,-1.1485907330897323,0.09135665993323426,0.14911805341602719,0.069912385967564175,0.81841697772848288
Overoptimistic advice,10.800000000000001,-1.1484018676014207,0.09138802045638196,0.14753208050864075,0.069057761788836519,0.81982281335396845
Overoptimistic advice,10.9,-1.1482258317570773,0.09141725937523236,0.14606091788477082,0.068270357614510474,0.82122911503814167
Overoptimistic advice,11,-1.1480619675833772,0.091444484184252245,0.14469627253141865,0.067544902819304392,0.82263585090582159
Overoptimistic advice,11.100000000000001,-1.1479096034444844,0.091469804890214473,0.14343044665998592,0.066876537610437825,0.82404299087654742
Overoptimistic advice,11.200000000000001,-1.1477680508761052,0.09149333452016252,0.14225629483932956,0.066260781014193956,0.82545050649929552
Overoptimistic advice,11.300000000000001,-1.1476366324900464,0.091515184464220037,0.14116718578361656,0.065693502083820229,0.82685837106609583
Overoptimistic advice,11.4,-1.1475146935335014,0.091535462531840875,0.14015696593674054,0.065170892822526846,0.82826655959290185
Overoptimistic advice,11.5,-1.1474016035884791,0.091554272647715734,0.13921992541973396,0.064689443205366168,0.82967504872430187
Overoptimistic advice,11.600000000000001,-1.1472967550647535,0.091571715082837624,0.13835076626644735,0.064245918080065773,0.83108381661835007
Overoptimistic advice,11.700000000000001,-1.1471995711810188,0.091587885108876735,0.13754457309631524,0.063837335788872171,0.83249284291984438
Overoptimistic advice,11.800000000000001,-1.1471095214847813,0.091602870398478281,0.13679678604078616,0.063460948399296238,0.8339021088048667
Overoptimistic advice,11.9,-1.147026096756711,0.091616755185560977,0.13610317465077362,0.063114223539587663,0.83531159668331678
Overoptimistic advice,12,-1.1469488213927139,0.091629618192005491,0.13545981455213366,0.062794827593415425,0.83672129022877073
Overoptimistic advice,12.100000000000001,-1.1468772517648127,0.091641532888481397,0.13486306527716321,0.062500610068498816,0.83813117429289663
Overoptimistic advice,12.200000000000001,-1.1468109746157888,0.091652567751240602,0.1343095497874327,0.06222958927050605,0.83954123482563969
Overoptimistic advice,12.300000000000001,-1.1467496042916323,0.091662786713839692,0.13379613558811279,0.061979939227165173,0.84095145879070698
Overoptimistic advice,12.4,-1.1466927804694216,0.091672249537695386,0.13331991714575922,0.061749977577892017,0.84236183408945164
Overoptimistic advice,12.5,-1.1466401684646546,0.09168101175415122,0.1328781993290277,0.061538154141013546,0.84377234950990387
Overoptimistic advice,12.600000000000001,-1.1465914606894767,0.091689124415618106,0.13246848192320979,0.061343040241299635,0.84518299468903124
Overoptimistic advice,12.700000000000001,-1.1465463686155903,0.09169663542902845,0.13208844611831089,0.061163319835853824,0.84659376000101316
Overoptimistic advice,12.800000000000001,-1.1465046250798001,0.091703589167543995,0.13173594108325792,0.060997780333365462,0.84800463653337688
Overoptimistic advice,12.9,-1.1464659825011709,0.091710026763730509,0.13140897178174457,0.060845304463070037,0.84941561603253191
Overoptimistic advice,13,-1.1464302114643046,0.09171598634230857,0.13110568769832945,0.060704862798148899,0.8508266908553922
Overoptimistic advice,13.100000000000001,-1.1463970992210226,0.091721503266977603,0.13082437247142317,0.060575506945319213,0.8522378539232891
Overoptimistic advice,13.200000000000001,-1.1463664483694622,0.091726610358098024,0.13056343423786188,0.060456363235182164,0.8536490986796974
Overoptimistic advice,13.300000000000001,-1.1463380760781596,0.091731338019916245,0.13032139648244889,0.060346626735562896,0.85506041905418428
Overoptimistic advice,13.4,-1.1463118135859192,0.091735714322117842,0.13009688945452927,0.060245555648998812,0.85647180943052714
Overoptimistic advice,13.5,-1.1462875040499441,0.091739765356877612,0.12988864290818081,0.060152466773997819,0.85788326460532338
Overoptimistic advice,13.600000000000001,-1.1462650023188936,0.091743515275385767,0.12969547863840911,0.060066730673736746,0.8592947797620667
Overoptimistic advice,13.700000000000001,-1.1462441740238076,0.091746986438222392,0.12951630380461659,0.059987767447380158,0.86070635044207511
Overoptimistic advice,13.800000000000001,-1.1462248947777827,0.091750199547774802,0.12935010474783823,0.059915042839228404,0.86211797251795286
Overoptimistic advice,13.9,-1.1462070493928924,0.091753173777923039,0.12919594131010959,0.059848064697207749,0.86352964216884709
Overoptimistic advice,14,-1.1461905311716007,0.091755926891432638,0.12905294154305308,0.059786379691472387,0.86494135585759657
Overoptimistic advice,14.100000000000001,-1.1461752413498176,0.091758475332176709,0.12892029668389238,0.059729570196053863,0.86635311031000695
Overoptimistic advice,14.200000000000001,-1.1461610886297793,0.091760834302473601,0.12879725643854115,0.059677251368401629,0.8677649024958729
Overoptimistic advice,14.300000000000001,-1.1461479883808128,0.091763017895857529,0.12868312502915255,0.059629068803309523,0.86917672960977299
Overoptimistic advice,14.4,-1.1461358622849618,0.091765039155767503,0.12857725708892495,0.059584696012693603,0.87058858905502401
Overoptimistic advice,14.5,-1.1461246378567798,0.091766910155264503,0.12847905400537532,0.059543832227980951,0.87200047842806272
Overoptimistic advice,14.600000000000001,-1.1461142480085162,0.09176864206923073,0.12838796053335702,0.059506200377819882,0.873412395504086
Overoptimistic advice,14.700000000000001,-1.1461046306382821,0.091770245242779797,0.12830346168423118,0.059471545248075672,0.87482433822378181
Overoptimistic advice,14.800000000000001,-1.1460957282526538,0.091771729253961598,0.12822507982798845,0.059439631776944238,0.87623630468103608
Overoptimistic advice,14.9,-1.1460874876395353,0.091773102968119857,0.1281523719398141,0.059410243433703443,0.87764829311151482
Overoptimistic advice,15,-1.1460798595762327,0.091774374586405083,0.12808492701401974,0.059383180699895968,0.87906030188207462
Overoptimistic advice,15.100000000000001,-1.1460727984778978,0.091775551704250904,0.12802236390490049,0.059358259853769267,0.88047232948109722
Overoptimistic advice,15.200000000000001,-1.1460662621580675,0.091776641351182534,0.1279643290752375,0.059335311659284441,0.88188437450941237
Overoptimistic advice,15.300000000000001,-1.1460602115725391,0.091777650033419686,0.12791049459397666,0.059314180224830156,0.88329643567190164
Overoptimistic advice,15.4,-1.146054610585024,0.091778583772862715,0.12786055628145981,0.059294721952984866,0.88470851176975607
Overoptimistic advice,15.5,-1.1460494257487328,0.091779448143434916,0.12781423200613398,0.059276804585178519,0.88612060169335527
Overoptimistic advice,15.600000000000001,-1.1460446261048796,0.091780248304614509,0.12777126009778661,0.059260306316523348,0.88753270441565835
Overoptimistic advice,15.700000000000001,-1.1460401830000566,0.091780989031829519,0.1277313978393548,0.059245114953787911,0.88894481898599564
Overoptimistic advice,15.800000000000001,-1.1460360699191035,0.091781674744276953,0.12769442005016146,0.059231127126464028,0.89035694452427716
Overoptimistic advice,15.9,-1.1460322623163579,0.0917823095330184,0.12766011790492782,0.05921824765665594,0.89176908021596524
Overoptimistic advice,16,-1.1460287374745208,0.091782897184477338,0.12762829770006859,0.059206388878046037,0.89318122530707877
Overoptimistic advice,16.100000000000001,-1.1460254743675446,0.091783441203270491,0.12759877975728953,0.059195470043564166,0.8945933790996774
Overoptimistic advice,16.199999999999999,-1.1460224535345693,0.091783944833201375,0.12757139740792695,0.059185416780330603,0.89600554094769325
Overoptimistic advice,16.300000000000001,-1.1460196569634065,0.091784411076665462,0.12754599606028466,0.059176160593937578,0.89741771025310457
Overoptimistic advice,16.400000000000002,-1.1460170679826587,0.091784842712618761,0.12752243233074509,0.059167638409157057,0.89882988646238238
Overoptimistic advice,16.5,-1.1460146711617225,0.091785242313234469,0.12750057321776528,0.059159792132955004,0.90024206906313209
Overoptimistic advice,16.600000000000001,-1.1460124522181647,0.091785612259332655,0.12748029532587227,0.059152568245034974,0.90165425758095219
Overoptimistic advice,16.699999999999999,-1.1460103979326051,0.091785954754560209,0.12746148421925577,0.059145917471237493,0.90306645157677634
Overoptimistic advice,16.800000000000001,-1.1460084960694359,0.091786271838599345,0.12744403374595151,0.059139794430082826,0.90447865064415489
Overoptimistic advice,16.900000000000002,-1.146006735303273,0.091786565399421927,0.12742784543741897,0.05913415732553387,0.90589085440682537
Overoptimistic advice,17,-1.1460051051511637,0.091786837184585163,0.12741282795231249,0.059128967664294367,0.90730306251646808
Overoptimistic advice,17.100000000000001,-1.1460035959102042,0.091787088811626311,0.12739889656570888,0.05912418999873429,0.90871527465064961
Overoptimistic advice,17.199999999999999,-1.146002198599664,0.091787321777706987,0.12738597269324628,0.059119791688716353,0.91012749051091024
Overoptimistic advice,17.300000000000001,-1.1460009049067086,0.091787537468658226,0.1273739834387099,0.059115742674966471,0.91153970982095167
Overoptimistic advice,17.400000000000002,-1.1459997071358119,0.091787737167410927,0.12736286116898024,0.05911201526671734,0.91295193232493976
Overoptimistic advice,17.5,-1.1459985981645742,0.091787922061359023,0.12735254316006245,0.059108583972482018,0.9143641577860866
Overoptimistic advice,17.600000000000001,-1.1459975714001258,0.091788093249625419,0.12734297122688182,0.059105425316748249,0.91577638598517885
Overoptimistic advice,17.699999999999999,-1.1459966207396204,0.091788251749646374,0.12733409139441457,0.059102517680712417,0.91718861671927021
Overoptimistic advice,17.800000000000001,-1.1459957405337708,0.091788398503249088,0.12732585359301377,0.0590998411557416,0.91860084980047318
Overoptimistic advice,17.900000000000002,-1.1459949255533759,0.091788534382230919,0.12731821137862886,0.059097377410136653,0.92001308505485158
Overoptimistic advice,18,-1.1459941709582295,0.091788660193541483,0.12731112167214076,0.059095109565698155,0.92142532232139152
Overoptimistic advice,18.100000000000001,-1.1459934722677756,0.091788776684174095,0.12730454451152948,0.059093022080267531,0.92283756145102458
Overoptimistic advice,18.199999999999999,-1.14599282533367,0.091788884545739413,0.12729844281902303,0.059091100637665983,0.92424980230571108
Overoptimistic advice,18.300000000000001,-1.1459922263164728,0.091788984418350386,0.12729278220719537,0.059089332060053665,0.92566204475768077
Overoptimistic advice,18.400000000000002,-1.1459916716619165,0.091789076894578381,0.12728753077614918,0.059087704212931809,0.92707428868863806
Overoptimistic advice,18.5,-1.1459911580796618,0.091789162522994433,0.12728265893334581,0.059086205922633195,0.92848653398905723
Overoptimistic advice,18.600000000000001,-1.1459906825236754,0.091789241811440173,0.12727813922668482,0.059084826900411988,0.92989878055753217
Overoptimistic advice,18.699999999999999,-1.1459902421742441,0.091789315230026203,0.12727394619121771,0.059083557673432742,0.93131102830017964
Overoptimistic advice,18.800000000000001,-1.1459898344212571,0.091789383213918885,0.12727005620633078,0.059082389520840682,0.9327232771300854
Overoptimistic advice,18.900000000000002,-1.1459894568483666,0.09178944616598092,0.1272664473599556,0.059081314412924045,0.93413552696677704
Overoptimistic advice,19,-1.1459891072181481,0.09178950445924515,0.12726309932098431,0.059080324954108969,0.93554777773572972
Overoptimistic advice,19.100000000000001,-1.1459887834597007,0.091789558438981719,0.12725999323302115,0.059079414337597724,0.93696002936795864
Overoptimistic advice,19.200000000000003,-1.1459884836557881,0.091789608424841851,0.12725711160324835,0.059078576296169936,0.93837228179958909
Overoptimistic advice,19.300000000000001,-1.1459882060314035,0.091789654712764096,0.12725443820369831,0.059077805059465312,0.93978453497147774
Overoptimistic advice,19.400000000000002,-1.1459879489432054,0.091789697576735635,0.12725195797978311,0.05907709531468628,0.94119678882886126
Overoptimistic advice,19.5,-1.1459877108698444,0.091789737270404861,0.12724965696629276,0.059076442170876944,0.94260904332103546
Overoptimistic advice,19.600000000000001,-1.1459874904029657,0.091789774028581406,0.12724752220912858,0.059075841125834354,0.94402129840105642
Overoptimistic advice,19.700000000000003,-1.1459872862386655,0.091789808068660508,0.1272455416908867,0.059075288034618978,0.94543355402545626
Overoptimistic advice,19.800000000000001,-1.1459870971694712,0.091789839591960076,0.1272437042609364,0.059074779080049489,0.94684581015397651
Overoptimistic advice,19.900000000000002,-1.1459869220777179,0.091789868784824896,0.12724199957718629,0.059074310749240154,0.94825806674934865
Overoptimistic advice,20,-1.1459867599285902,0.091789895819786749,0.12724041804517566,0.059073879808138587,0.9496703237770624
Overoptimistic advice,20.100000000000001,-1.1459866097639659,0.091789920856590726,0.12723895076396208,0.05907348327942543,0.9510825812051612
Overoptimistic advice,20.200000000000003,-1.1459864706967269,0.091789944043143765,0.12723758947598554,0.059073118422185066,0.95249483900405307
Overoptimistic advice,20.300000000000001,-1.1459863419055465,0.091789965516383659,0.12723632652102418,0.059072782713428848,0.95390709714633715
Overoptimistic advice,20.400000000000002,-1.1459862226300424,0.09178998540308729,0.12723515479329284,0.05907247383098109,0.95531935560664272
Overoptimistic advice,20.5,-1.1459861121661716,0.091790003820638205,0.12723406770065171,0.059072189637192039,0.95673161436147591
Overoptimistic advice,20.600000000000001,-1.1459860098619095,0.091790020877747222,0.12723305912627883,0.059071928163677644,0.95814387338907592
Overoptimistic advice,20.700000000000003,-1.1459859151136813,0.091790036675047176,0.12723212339674383,0.059071687599192201,0.95955613266929674
Overoptimistic advice,20.800000000000001,-1.1459858273626098,0.091790051305718726,0.12723125524861931,0.059071466276460649,0.96096839218348151
Overoptimistic advice,20.900000000000002,-1.1459857460911982,0.091790064856043199,0.12723044979881545,0.059071262660753222,0.96238065191435318
Overoptimistic advice,21,-1.1459856708202656,0.091790077405913703,0.12722970251709392,0.059071075339376576,0.96379291184591132
Overoptimistic advice,21.100000000000001,-1.1459856011061327,0.091790089029304203,0.12722900920082358,0.059070903012123803,0.96520517196333944
Overoptimistic advice,21.200000000000003,-1.1459855365380096,0.091790099794705135,0.12722836595145895,0.059070744482429556,0.96661743225291785
Overoptimistic advice,21.300000000000001,-1.1459854767355131,0.091790109765537281,0.12722776915217579,0.059070598648952574,0.96802969270194061
Overoptimistic advice,21.400000000000002,-1.1459854213463432,0.091790119000539155,0.12722721544685775,0.059070464497689372,0.96944195329863847
Overoptimistic advice,21.5,-1.1459853700443485,0.091790127554089593,0.12722670172258815,0.059070341095710369,0.97085421403211425
Overoptimistic advice,21.600000000000001,-1.1459853225275101,0.091790135476543869,0.12722622509134382,0.059070227584356004,0.97226647489227613
Overoptimistic advice,21.700000000000003,-1.1459852785161486,0.091790142814532599,0.12722578287372824,0.059070123173334529,0.97367873586977727
Overoptimistic advice,21.800000000000001,-1.1459852377512687,0.091790149611237798,0.12722537258389915,0.059070027135294016,0.97509099695596124
Overoptimistic advice,21.900000000000002,-1.1459851999930482,0.091790155906644813,0.12722499191572589,0.059069938800890578,0.97650325814281158
Overoptimistic advice,22,-1.1459851650194306,0.09179016173777689,0.1272246387298904,0.059069857554221117,0.97791551942290456
Overoptimistic advice,22.100000000000001,-1.1459851326247814,0.091790167138919257,0.12722431104162274,0.059069782828476212,0.97932778078936444
Overoptimistic advice,22.200000000000003,-1.1459851026186199,0.091790172141830634,0.12722400700917647,0.059069714101867225,0.98074004223582201
Overoptimistic advice,22.300000000000001,-1.1459850748246001,0.091790176775913002,0.12722372492422759,0.059069650894395233,0.9821523037563793
Overoptimistic advice,22.400000000000002,-1.1459850490794101,0.091790181068395246,0.12722346320183434,0.059069592764337472,0.98356456534557424
Overoptimistic advice,22.5,-1.1459850252318065,0.091790185044494058,0.12722322037151554,0.05906953930520116,0.98497682699834721
Overoptimistic advice,22.600000000000001,-1.1459850031417187,0.091790188727563282,0.12722299506898396,0.059069490142922294,0.9863890887100123
Overoptimistic advice,22.700000000000003,-1.1459849826794368,0.091790192139229357,0.12722278602855375,0.059069444933320961,0.98780135047622941
Overoptimistic advice,22.800000000000001,-1.145984963724852,0.091790195299517957,0.12722259207606545,0.059069403359744956,0.98921361229297922
Overoptimistic advice,22.900000000000002,-1.1459849461667293,0.091790198226975206,0.12722241212215885,0.059069365130826924,0.9906258741565388
Overoptimistic advice,23,-1.1459849299020206,0.091790200938782249,0.12722224515595151,0.059069329978383052,0.99203813606345914
Overoptimistic advice,23.100000000000001,-1.1459849148353192,0.091790203450846167,0.12722209023977199,0.059069297655747352,0.99345039801054658
Overoptimistic advice,23.200000000000003,-1.1459849008782628,0.091790205777899578,0.12722194650365223,0.059069267935959242,0.99486265999484247
Overoptimistic advice,23.300000000000001,-1.1459848879490129,0.091790207933587331,0.12722181314043382,0.05906924061019287,0.99627492201360679
Overoptimistic advice,23.400000000000002,-1.1459848759717739,0.09179020993054679,0.12722168940123305,0.059069215486312894,0.99768718406430124
Overoptimistic advice,23.5,-1.1459848648763502,0.09179021178048162,0.12722157459127531,0.059069192387562593,0.9990994461445748
Overoptimistic advice,23.600000000000001,-1.145984854597732,0.091790213494230902,0.1272214680660137,0.059069171151349228,1.0005117082522501
Overoptimistic advice,23.700000000000003,-1.1459848450757086,0.091790215081833493,0.12722136922743849,0.059069151628088068,1.0019239703853102
Overoptimistic advice,23.800000000000001,-1.1459848362545051,0.091790216552588746,0.12722127752060963,0.059069133680119672,1.0033362325418862
Overoptimistic advice,23.900000000000002,-1.145984828082472,0.091790217915108108,0.12722119243076621,0.059069117180851519,1.0047484947202476
Overoptimistic advice,24,-1.1459848205117729,0.091790219177367349,0.12722111348030513,0.059069102013824336,1.0061607569187914
Overoptimistic advice,24.100000000000001,-1.1459848134980979,0.091790220346754228,0.12722104022609582,0.059069088071902809,1.0075730191360326
Overoptimistic advice,24.200000000000003,-1.1459848070004024,0.09179022143011209,0.12722097225699183,0.059069075256531697,1.0089852813705951
Overoptimistic advice,24.300000000000001,-1.145984800980673,0.091790222433778892,0.12722090919154561,0.059069063477060507,1.0103975436212049
Overoptimistic advice,24.400000000000002,-1.145984795403711,0.091790223363623302,0.12722085067587888,0.059069052650118206,1.011809805886682
Overoptimistic advice,24.5,-1.1459847902369125,0.091790224225081332,0.12722079638165731,0.059069042699017776,1.0132220681659327
Overoptimistic advice,24.600000000000001,-1.145984785450058,0.091790225023191466,0.12722074600418684,0.059069033553198105,1.0146343304579439
Overoptimistic advice,24.700000000000003,-1.1459847810151742,0.09179022576261768,0.12722069926082888,0.05906902514778354,1.0160465927617777
Overoptimistic advice,24.800000000000001,-1.1459847769063463,0.091790226447680756,0.12722065588934153,0.059069017423102582,1.0174588550765642
Overoptimistic advice,24.900000000000002,-1.1459847730995698,0.091790227082382936,0.12722061564640641,0.059069010324271691,1.0188711174014988
Overoptimistic advice,25,-1.1459847695726124,0.091790227670430991,0.12722057830626302,0.059069003800812633,1.020283379735835
Overoptimistic advice,25.100000000000001,-1.1459847663048792,0.091790228215258715,0.12722054365945429,0.059068997806304896,1.0216956420788823
Overoptimistic advice,25.200000000000003,-1.1459847632772906,0.091790228720047273,0.12722051151165753,0.059068992298063915,1.0231079044300004
Overoptimistic advice,25.300000000000001,-1.1459847604721725,0.091790229187743391,0.12722048168257313,0.059068987236835048,1.0245201667885959
Overoptimistic advice,25.400000000000002,-1.1459847578731581,0.091790229621075914,0.12722045400488094,0.05906898258650712,1.0259324291541196
Overoptimistic advice,25.5,-1.145984755465085,0.091790230022572902,0.1272204283233688,0.059068978313885218,1.0273446915260622
Overoptimistic advice,25.600000000000001,-1.1459847532339047,0.09179023039457665,0.12722040449402264,0.059068974388443524,1.0287569539039525
Overoptimistic advice,25.700000000000003,-1.1459847511666059,0.091790230739256476,0.12722038238321814,0.059068970782111541,1.0301692162873535
Overoptimistic advice,25.800000000000001,-1.1459847492511406,0.091790231058621177,0.12722036186697122,0.059068967469077541,1.0315814786758604
Overoptimistic advice,25.900000000000002,-1.1459847474763447,0.09179023135453214,0.12722034283024911,0.059068964425609723,1.0329937410690984
Overoptimistic advice,26,-1.1459847458318682,0.091790231628714997,0.12722032516632825,0.059068961629890789,1.0344060034667197
Overoptimistic advice,26.100000000000001,-1.1459847443081226,0.091790231882768455,0.1272203087761849,0.059068959061860972,1.035818265868403
Overoptimistic advice,26.200000000000003,-1.1459847428962433,0.091790232118170473,0.12722029356792303,0.059068956703071433,1.0372305282738497
Overoptimistic advice,26.300000000000001,-1.1459847415880042,0.091790232336292618,0.1272202794562943,0.059068954536566735,1.0386427906827833
Overoptimistic advice,26.400000000000002,-1.1459847403757899,0.091790232538404598,0.12722026636219974,0.059068952546758563,1.0400550530949484
Overoptimistic advice,26.5,-1.1459847392525426,0.091790232725683124,0.12722025421224531,0.059068950719315623,1.0414673155101075
Overoptimistic advice,26.600000000000001,-1.1459847382117188,0.09179023289921924,0.12722024293833017,0.059068949041062607,1.0428795779280411
Overoptimistic advice,26.700000000000003,-1.1459847372472598,0.091790233060023069,0.12722023247726938,0.059068947499888967,1.0442918403485453
Overoptimistic advice,26.800000000000001,-1.145984736353564,0.091790233209028585,0.12722022277044195,0.059068946084664363,1.0457041027714318
Overoptimistic advice,26.900000000000002,-1.1459847355254409,0.091790233347101208,0.12722021376345538,0.059068944785157625,1.0471163651965256
Overoptimistic advice,27,-1.1459847347580598,0.091790233475046307,0.12722020540582937,0.059068943591960396,1.0485286276236649
Overoptimistic advice,27.100000000000001,-1.1459847340469631,0.091790233593607176,0.12722019765073606,0.059068942496428953,1.0499408900526996
Overoptimistic advice,27.200000000000003,-1.1459847333880167,0.091790233703473029,0.12722019045472435,0.059068941490618296,1.0513531524834909
Overoptimistic advice,27.300000000000001,-1.1459847327773913,0.091790233805282326,0.1272201837774764,0.059068940567226037,1.0527654149159096
Overoptimistic advice,27.400000000000002,-1.1459847322115417,0.091790233899626192,0.12722017758158186,0.059068939719540775,1.0541776773498366
Overoptimistic advice,27.5,-1.1459847316871812,0.091790233987052605,0.12722017183233,0.059068938941394991,1.0555899397851614
Overoptimistic advice,27.600000000000001,-1.1459847312012614,0.091790234068069798,0.12722016649751625,0.059068938227121559,1.0570022022217811
Overoptimistic advice,27.700000000000003,-1.1459847307509572,0.091790234143148824,0.12722016154725829,0.059068937571512527,1.0584144646596012
Overoptimistic advice,27.800000000000001,-1.1459847303336597,0.09179023421272467,0.1272201569538241,0.059068936969780807,1.0598267270985338
Overoptimistic advice,27.900000000000002,-1.1459847299469452,0.091790234277201413,0.12722015269148668,0.059068936417529062,1.0612389895384968
Overoptimistic advice,28,-1.145984729588571,0.091790234336952992,0.12722014873637411,0.059068935910716727,1.0626512519794151
Overoptimistic advice,28.100000000000001,-1.1459847292564573,0.091790234392326156,0.12722014506633547,0.059068935445631063,1.0640635144212187
Overoptimistic advice,28.200000000000003,-1.1459847289486746,0.091790234443642635,0.12722014166081647,0.05906893501886061,1.0654757768638425
Overoptimistic advice,28.300000000000001,-1.1459847286634366,0.091790234491200259,0.12722013850074604,0.059068934627271398,1.0668880393072266
Overoptimistic advice,28.400000000000002,-1.1459847283990943,0.091790234535273935,0.12722013556843029,0.059068934267984832,1.0683003017513155
Overoptimistic advice,28.5,-1.1459847281541191,0.091790234576118554,0.12722013284745098,0.059068933938356431,1.069712564196057
Overoptimistic advice,28.600000000000001,-1.1459847279270838,0.091790234613972024,0.12722013032256993,0.05906893363595557,1.071124826641404
Overoptimistic advice,28.700000000000003,-1.1459847277166748,0.091790234649053448,0.12722012797965135,0.059068933358550624,1.0725370890873116
Overoptimistic advice,28.800000000000001,-1.1459847275216726,0.09179023468156608,0.12722012580557818,0.059068933104091566,1.0739493515337388
Overoptimistic advice,28.900000000000002,-1.1459847273409474,0.091790234711698324,0.12722012378817901,0.059068932870695319,1.0753616139806479
Overoptimistic advice,29,-1.1459847271734549,0.091790234739624277,0.12722012191615975,0.059068932656632316,1.0767738764280033
Overoptimistic advice,29.100000000000001,-1.1459847270182257,0.09179023476550556,0.12722012017904102,0.059068932460314118,1.0781861388757725
Overoptimistic advice,29.200000000000003,-1.1459847268743582,0.091790234789492539,0.12722011856709953,0.059068932280282038,1.0795984013239253
Overoptimistic advice,29.300000000000001,-1.1459847267410173,0.091790234811724408,0.12722011707131289,0.059068932115196433,1.0810106637724333
Overoptimistic advice,29.400000000000002,-1.1459847266174357,0.091790234832329121,0.12722011568330802,0.059068931963826794,1.0824229262212708
Overoptimistic advice,29.5,-1.1459847265028984,0.091790234851425873,0.12722011439531672,0.059068931825043525,1.0838351886704134
Overoptimistic advice,29.600000000000001,-1.1459847263967404,0.091790234869125548,0.1272201132001306,0.059068931697809274,1.0852474511198389
Overoptimistic advice,29.700000000000003,-1.1459847262983489,0.091790234885530314,0.12722011209106085,0.059068931581171595,1.0866597135695268
Overoptimistic advice,29.800000000000001,-1.1459847262071576,0.091790234900734596,0.12722011106190095,0.059068931474256077,1.0880719760194577
Overoptimistic advice,29.900000000000002,-1.1459847261226406,0.091790234914826088,0.1272201101068918,0.059068931376259869,1.0894842384696137
Overoptimistic advice,30,-1.1459847260443043,0.091790234927887071,0.1272201092206896,0.05906893128644583,1.0908965009199787
Overoptimistic advice,30.100000000000001,-1.1459847259716918,0.091790234939993734,0.12722010839833567,0.059068931204137247,1.0923087633705373
Overoptimistic advice,30.200000000000003,-1.1459847259043916,0.091790234951214661,0.12722010763522848,0.059068931128713163,1.0937210258212751
Overoptimistic advice,30.300000000000001,-1.1459847258420133,0.091790234961614967,0.1272201069270987,0.059068931059603438,1.0951332882721792
Overoptimistic advice,30.400000000000002,-1.1459847257841953,0.091790234971254936,0.12722010626998448,0.059068930996284755,1.0965455507232373
Overoptimistic advice,30.5,-1.1459847257306037,0.091790234980190233,0.12722010566020958,0.059068930938276844,1.0979578131744383
Overoptimistic advice,30.600000000000001,-1.1459847256809315,0.091790234988472066,0.12722010509436277,0.059068930885138968,1.0993700756257716
Overoptimistic advice,30.700000000000003,-1.1459847256348925,0.091790234996148121,0.12722010456927879,0.059068930836466679,1.1007823380772277
Overoptimistic advice,30.800000000000001,-1.1459847255922184,0.091790235003263151,0.12722010408202045,0.059068930791888706,1.1021946005287975
Overoptimistic advice,30.900000000000002,-1.1459847255526598,0.091790235009858737,0.12722010362986216,0.059068930751064348,1.1036068629804727
Overoptimistic advice,31,-1.1459847255159927,0.091790235015972235,0.12722010321027472,0.059068930713681148,1.1050191254322457
Overoptimistic advice,31.100000000000001,-1.1459847254820053,0.091790235021638952,0.12722010282091145,0.059068930679452389,1.1064313878841092
Overoptimistic advice,31.200000000000003,-1.1459847254505002,0.091790235026891778,0.12722010245959464,0.059068930648114963,1.1078436503360569
Overoptimistic advice,31.300000000000001,-1.145984725421296,0.091790235031760981,0.12722010212430357,0.059068930619427529,1.1092559127880821
Overoptimistic advice,31.400000000000002,-1.1459847253942275,0.091790235036274093,0.12722010181316329,0.059068930593168832,1.1106681752401795
Overoptimistic advice,31.5,-1.14598472536914,0.091790235040456927,0.12722010152443392,0.059068930569135834,1.1120804376923439
Overoptimistic advice,31.600000000000001,-1.1459847253458839,0.091790235044334409,0.12722010125650068,0.059068930547142115,1.1134927001445702
Overoptimistic advice,31.700000000000003,-1.1459847253243212,0.091790235047929547,0.12722010100786518,0.059068930527016672,1.1149049625968541
Overoptimistic advice,31.800000000000001,-1.1459847253043347,0.091790235051261895,0.12722010077713741,0.059068930508603137,1.1163172250491911
Overoptimistic advice,31.900000000000002,-1.1459847252858082,0.091790235054350799,0.12722010056302727,0.059068930491757779,1.1177294875015775
Overoptimistic advice,32,-1.1459847252686344,0.09179023505721419,0.12722010036433759,0.059068930476348862,1.1191417499540097
Overoptimistic advice,32.100000000000001,-1.1459847252527142,0.091790235059868538,0.12722010017995755,0.059068930462255587,1.1205540124064843
Overoptimistic advice,32.200000000000003,-1.1459847252379567,0.09179023506232907,0.12722010000885628,0.059068930449367209,1.1219662748589982
Overoptimistic advice,32.300000000000004,-1.1459847252242767,0.091790235064609912,0.12722009985007723,0.059068930437582219,1.1233785373115486
Overoptimistic advice,32.399999999999999,-1.1459847252115953,0.091790235066724277,0.12722009970273296,0.059068930426807553,1.1247907997641329
Overoptimistic advice,32.5,-1.145984725199839,0.091790235068684417,0.12722009956599978,0.059068930416957897,1.1262030622167483
Overoptimistic advice,32.600000000000001,-1.1459847251889408,0.091790235070501477,0.12722009943911319,0.059068930407955043,1.127615324669393
Overoptimistic advice,32.700000000000003,-1.1459847251788378,0.091790235072185936,0.12722009932136405,0.05906893039972734,1.1290275871220645
Overoptimistic advice,32.800000000000004,-1.1459847251694717,0.091790235073747534,0.12722009921209412,0.059068930392209118,1.130439849574761
Overoptimistic advice,32.899999999999999,-1.1459847251607886,0.091790235075195264,0.12722009911069274,0.059068930385340182,1.1318521120274805
Overoptimistic advice,33,-1.14598472515274,0.091790235076537219,0.12722009901659315,0.059068930379065437,1.1332643744802215
Overoptimistic advice,33.100000000000001,-1.1459847251452793,0.09179023507778114,0.1272200989292695,0.059068930373334383,1.1346766369329824
Overoptimistic advice,33.200000000000003,-1.1459847251383626,0.091790235078934343,0.12722009884823374,0.059068930368100701,1.1360888993857619
Overoptimistic advice,33.300000000000004,-1.1459847251319488,0.09179023508000371,0.12722009877303295,0.059068930363321968,1.1375011618385584
Overoptimistic advice,33.399999999999999,-1.1459847251260034,0.091790235080994986,0.12722009870324694,0.059068930358959403,1.1389134242913705
Overoptimistic advice,33.5,-1.1459847251204918,0.091790235081913932,0.12722009863848574,0.059068930354977435,1.1403256867441975
Overoptimistic advice,33.600000000000001,-1.1459847251153821,0.091790235082765875,0.12722009857838745,0.059068930351343502,1.1417379491970381
Overoptimistic advice,33.700000000000003,-1.1459847251106452,0.09179023508355566,0.12722009852261632,0.059068930348027772,1.1431502116498913
Overoptimistic advice,33.800000000000004,-1.1459847251062532,0.091790235084287936,0.12722009847086063,0.059068930345002928,1.1445624741027562
Overoptimistic advice,33.899999999999999,-1.1459847251021809,0.09179023508496692,0.12722009842283125,0.059068930342243968,1.1459747365556321
Overoptimistic advice,34,-1.1459847250984057,0.091790235085596347,0.12722009837825987,0.059068930339728064,1.1473869990085179
Overoptimistic advice,34.100000000000001,-1.1459847250949067,0.091790235086179728,0.12722009833689751,0.059068930337434294,1.1487992614614131
Overoptimistic advice,34.200000000000003,-1.1459847250916619,0.091790235086720726,0.127220098298513,0.059068930335343398,1.1502115239143169
Overoptimistic advice,34.300000000000004,-1.1459847250886539,0.091790235087222241,0.12722009826289193,0.059068930333437873,1.1516237863672287
Overoptimistic advice,34.399999999999999,-1.1459847250858646,0.091790235087687314,0.12722009822983529,0.059068930331701644,1.1530360488201479
Overoptimistic advice,34.5,-1.145984725083278,0.09179023508811858,0.12722009819915844,0.059068930330120048,1.1544483112730739
Overoptimistic advice,34.600000000000001,-1.1459847250808808,0.09179023508851826,0.1272200981706901,0.0590689303286797,1.1558605737260066
Overoptimistic advice,34.700000000000003,-1.1459847250786599,0.091790235088888547,0.12722009814427132,0.059068930327368332,1.1572728361789451
Overoptimistic advice,34.800000000000004,-1.1459847250766009,0.091790235089231842,0.12722009811975438,0.059068930326174607,1.1586850986318891
Overoptimistic advice,34.899999999999999,-1.1459847250746893,0.091790235089550573,0.1272200980970021,0.059068930325088163,1.160097361084838
Overoptimistic advice,35,-1.1459847250729183,0.091790235089845851,0.1272200980758878,0.05906893032409978,1.1615096235377917
Overoptimistic advice,35.100000000000001,-1.1459847250712754,0.091790235090119771,0.12722009805629336,0.059068930323200777,1.16292188599075
Overoptimistic advice,35.200000000000003,-1.1459847250697548,0.091790235090373304,0.12722009803810957,0.059068930322383424,1.1643341484437122
Overoptimistic advice,35.300000000000004,-1.1459847250683466,0.091790235090608088,0.12722009802123488,0.059068930321640505,1.1657464108966782
Overoptimistic advice,35.399999999999999,-1.1459847250670363,0.091790235090826552,0.12722009800557457,0.059068930320965211,1.1671586733496475
Overoptimistic advice,35.5,-1.1459847250658142,0.09179023509103032,0.12722009799104103,0.05906893032035148,1.1685709358026202
Overoptimistic advice,35.600000000000001,-1.1459847250646833,0.091790235091218864,0.12722009797755371,0.05906893031979419,1.1699831982555957
Overoptimistic advice,35.700000000000003,-1.1459847250636457,0.091790235091391864,0.12722009796503786,0.059068930319288677,1.1713954607085744
Overoptimistic advice,35.800000000000004,-1.1459847250626796,0.091790235091552944,0.12722009795342265,0.059068930318829767,1.1728077231615555
Overoptimistic advice,35.899999999999999,-1.1459847250617829,0.091790235091702435,0.12722009794264341,0.059068930318413419,1.1742199856145388
Overoptimistic advice,36,-1.1459847250609523,0.091790235091840935,0.12722009793264008,0.059068930318035888,1.1756322480675243
Overoptimistic advice,36.100000000000001,-1.1459847250601825,0.091790235091969291,0.12722009792335676,0.059068930317693696,1.1770445105205121
Overoptimistic advice,36.200000000000003,-1.1459847250594672,0.091790235092088529,0.12722009791474148,0.059068930317383583,1.1784567729735018
Overoptimistic advice,36.300000000000004,-1.1459847250588011,0.091790235092199607,0.12722009790674607,0.059068930317102634,1.1798690354264931
Overoptimistic advice,36.399999999999999,-1.1459847250581845,0.0917902350923024,0.12722009789932617,0.059068930316848303,1.181281297879486
Overoptimistic advice,36.5,-1.1459847250576167,0.091790235092397074,0.1272200978924406,0.059068930316618286,1.1826935603324806
Overoptimistic advice,36.600000000000001,-1.1459847250570885,0.091790235092485142,0.12722009788605043,0.059068930316410216,1.1841058227854766
Overoptimistic advice,36.700000000000003,-1.1459847250565984,0.091790235092566855,0.12722009788012018,0.05906893031622213,1.1855180852384739
Overoptimistic advice,36.800000000000004,-1.1459847250561437,0.091790235092642669,0.12722009787461666,0.059068930316052183,1.1869303476914723
Overoptimistic advice,36.899999999999999,-1.1459847250557218,0.091790235092713016,0.12722009786950919,0.059068930315898729,1.1883426101444718
Overoptimistic advice,37,-1.1459847250553314,0.091790235092778089,0.12722009786476934,0.059068930315760285,1.1897548725974725
Overoptimistic advice,37.100000000000001,-1.1459847250549706,0.091790235092838249,0.12722009786037064,0.059068930315635475,1.191167135050474
Overoptimistic advice,37.200000000000003,-1.1459847250546353,0.091790235092894149,0.12722009785628849,0.059068930315522968,1.1925793975034764
Overoptimistic advice,37.300000000000004,-1.1459847250543225,0.091790235092946315,0.12722009785249999,0.059068930315421556,1.1939916599564799
Overoptimistic advice,37.399999999999999,-1.1459847250540334,0.091790235092994527,0.12722009784898419,0.059068930315330337,1.1954039224094839
Overoptimistic advice,37.5,-1.1459847250537654,0.091790235093039213,0.12722009784572139,0.059068930315248312,1.1968161848624885
Overoptimistic advice,37.600000000000001,-1.1459847250535169,0.091790235093080638,0.12722009784269336,0.059068930315174607,1.198228447315494
Overoptimistic advice,37.700000000000003,-1.145984725053286,0.091790235093119135,0.12722009783988322,0.059068930315108431,1.1996407097685002
Overoptimistic advice,37.800000000000004,-1.1459847250530724,0.091790235093154759,0.12722009783727528,0.059068930315049076,1.2010529722215069
Overoptimistic advice,37.899999999999999,-1.1459847250528752,0.091790235093187622,0.12722009783485505,0.05906893031499591,1.2024652346745139
Overoptimistic advice,38,-1.1459847250526924,0.091790235093218098,0.12722009783260901,0.059068930314948344,1.2038774971275215
Overoptimistic advice,38.100000000000001,-1.1459847250525219,0.091790235093246533,0.12722009783052457,0.059068930314905822,1.2052897595805296
Overoptimistic advice,38.200000000000003,-1.1459847250523636,0.091790235093272915,0.12722009782859009,0.059068930314867818,1.2067020220335383
Overoptimistic advice,38.300000000000004,-1.145984725052217,0.091790235093297354,0.1272200978267948,0.059068930314833935,1.2081142844865471
Overoptimistic advice,38.400000000000006,-1.1459847250520809,0.091790235093320044,0.12722009782512866,0.059068930314803737,1.2095265469395564
Overoptimistic advice,38.5,-1.1459847250519541,0.091790235093341194,0.1272200978235824,0.059068930314776877,1.2109388093925659
Overoptimistic advice,38.600000000000001,-1.1459847250518376,0.091790235093360623,0.12722009782214749,0.059068930314753049,1.2123510718455759
Overoptimistic advice,38.700000000000003,-1.1459847250517305,0.091790235093378469,0.12722009782081592,0.059068930314731968,1.2137633342985861
Overoptimistic advice,38.800000000000004,-1.1459847250516308,0.091790235093395081,0.1272200978195801,0.059068930314713324,1.2151755967515967
Overoptimistic advice,38.900000000000006,-1.1459847250515365,0.091790235093410832,0.12722009781843296,0.059068930314696809,1.2165878592046073
Overoptimistic advice,39,-1.1459847250514494,0.091790235093425335,0.12722009781736845,0.059068930314682265,1.2180001216576182
Overoptimistic advice,39.100000000000001,-1.1459847250513693,0.091790235093438699,0.12722009781638058,0.059068930314669518,1.2194123841106295
Overoptimistic advice,39.200000000000003,-1.1459847250512929,0.091790235093451439,0.12722009781546362,0.05906893031465827,1.2208246465636408
Overoptimistic advice,39.300000000000004,-1.1459847250512205,0.091790235093463513,0.12722009781461252,0.059068930314648369,1.2222369090166523
Overoptimistic advice,39.400000000000006,-1.1459847250511577,0.09179023509347399,0.12722009781382293,0.059068930314639875,1.223649171469664
Overoptimistic advice,39.5,-1.1459847250511059,0.091790235093482608,0.12722009781309057,0.059068930314632763,1.225061433922676
Overoptimistic advice,39.600000000000001,-1.1459847250510566,0.091790235093490824,0.12722009781241084,0.059068930314626622,1.2264736963756879
Overoptimistic advice,39.700000000000003,-1.1459847250510007,0.09179023509350015,0.12722009781177937,0.059068930314621043,1.2278859588287001
Overoptimistic advice,39.800000000000004,-1.1459847250509523,0.091790235093508241,0.12722009781119353,0.059068930314616366,1.2292982212817125
Overoptimistic advice,39.900000000000006,-1.1459847250509079,0.091790235093515624,0.12722009781064988,0.059068930314612418,1.2307104837347249
Overoptimistic advice,40,-1.145984725050867,0.091790235093522451,0.12722009781014537,0.059068930314609115,1.2321227461877373
Overoptimistic advice,40.100000000000001,-1.1459847250508295,0.09179023509352871,0.12722009780967716,0.059068930314606381,1.2335350086407499
Overoptimistic advice,40.200000000000003,-1.1459847250507942,0.091790235093534595,0.12722009780924259,0.059068930314604119,1.2349472710937626
Overoptimistic advice,40.300000000000004,-1.1459847250507609,0.091790235093540146,0.12722009780883925,0.059068930314602267,1.2363595335467754
Overoptimistic advice,40.400000000000006,-1.1459847250507302,0.091790235093545253,0.12722009780846494,0.059068930314600802,1.2377717959997883
Overoptimistic advice,40.5,-1.1459847250507025,0.091790235093549874,0.12722009780811763,0.059068930314599727,1.2391840584528011
Overoptimistic advice,40.600000000000001,-1.1459847250506769,0.091790235093554134,0.12722009780779528,0.059068930314598943,1.2405963209058142
Overoptimistic advice,40.700000000000003,-1.145984725050653,0.091790235093558131,0.12722009780749613,0.059068930314598402,1.2420085833588272
Overoptimistic advice,40.800000000000004,-1.1459847250506314,0.091790235093561726,0.12722009780721855,0.05906893031459811,1.2434208458118405
Overoptimistic advice,40.900000000000006,-1.1459847250506121,0.091790235093564945,0.12722009780696097,0.059068930314598034,1.2448331082648536
Overoptimistic advice,41,-1.1459847250505926,0.091790235093568207,0.1272200978067218,0.059068930314598062,1.2462453707178669
Overoptimistic advice,41.100000000000001,-1.1459847250505719,0.091790235093571648,0.12722009780649968,0.059068930314598138,1.2476576331708802
Overoptimistic advice,41.200000000000003,-1.1459847250505535,0.091790235093574715,0.12722009780629354,0.059068930314598353,1.2490698956238935
Overoptimistic advice,41.300000000000004,-1.1459847250505402,0.09179023509357695,0.12722009780610252,0.059068930314598811,1.2504821580769068
Overoptimistic advice,41.400000000000006,-1.1459847250505264,0.091790235093579239,0.12722009780592516,0.059068930314599311,1.2518944205299203
Overoptimistic advice,41.5,-1.1459847250505135,0.091790235093581377,0.12722009780576052,0.059068930314599866,1.2533066829829336
Overoptimistic advice,41.600000000000001,-1.1459847250505018,0.091790235093583347,0.12722009780560775,0.059068930314600483,1.2547189454359471
Overoptimistic advice,41.700000000000003,-1.1459847250504911,0.091790235093585124,0.12722009780546598,0.059068930314601149,1.2561312078889606
Overoptimistic advice,41.800000000000004,-1.1459847250504804,0.0917902350935869,0.12722009780533436,0.059068930314601815,1.2575434703419741
Overoptimistic advice,41.900000000000006,-1.1459847250504698,0.091790235093588676,0.12722009780521215,0.059068930314602468,1.2589557327949878
Overoptimistic advice,42,-1.1459847250504602,0.091790235093590272,0.12722009780509874,0.059068930314603169,1.2603679952480014
Overoptimistic advice,42.100000000000001,-1.1459847250504527,0.091790235093591521,0.1272200978049936,0.05906893031460396,1.2617802577010149
Overoptimistic advice,42.200000000000003,-1.1459847250504449,0.091790235093592826,0.12722009780489596,0.059068930314604702,1.2631925201540286
Overoptimistic advice,42.300000000000004,-1.1459847250504378,0.091790235093594005,0.12722009780480534,0.059068930314605451,1.2646047826070421
Overoptimistic advice,42.400000000000006,-1.14598472505043,0.09179023509359531,0.12722009780472116,0.059068930314606152,1.2660170450600559
Overoptimistic advice,42.5,-1.1459847250504218,0.09179023509359667,0.12722009780464297,0.059068930314606805,1.2674293075130694
Overoptimistic advice,42.600000000000001,-1.1459847250504167,0.09179023509359753,0.12722009780457055,0.059068930314607533,1.2688415699660831
Overoptimistic advice,42.700000000000003,-1.1459847250504156,0.091790235093597711,0.12722009780450358,0.059068930314608394,1.2702538324190968
Overoptimistic advice,42.800000000000004,-1.1459847250504138,0.091790235093598002,0.12722009780444138,0.059068930314609205,1.2716660948721106
Overoptimistic advice,42.900000000000006,-1.1459847250504063,0.091790235093599265,0.12722009780438331,0.059068930314609795,1.2730783573251243
Overoptimistic advice,43,-1.1459847250504016,0.091790235093600042,0.12722009780432955,0.059068930314610441,1.274490619778138
Overoptimistic advice,43.100000000000001,-1.1459847250503974,0.09179023509360075,0.12722009780427965,0.059068930314611072,1.2759028822311518
Overoptimistic advice,43.200000000000003,-1.1459847250503947,0.091790235093601194,0.12722009780423343,0.059068930314611738,1.2773151446841657
Overoptimistic advice,43.300000000000004,-1.1459847250503932,0.091790235093601444,0.12722009780419061,0.059068930314612418,1.2787274071371795
Overoptimistic advice,43.400000000000006,-1.1459847250503894,0.091790235093602082,0.12722009780415072,0.059068930314613015,1.2801396695901934
Overoptimistic advice,43.5,-1.1459847250503823,0.091790235093603262,0.12722009780411345,0.059068930314613466,1.2815519320432069
Overoptimistic advice,43.600000000000001,-1.1459847250503765,0.091790235093604233,0.12722009780407889,0.059068930314613903,1.2829641944962209
Overoptimistic advice,43.700000000000003,-1.145984725050377,0.09179023509360415,0.12722009780404719,0.059068930314614479,1.2843764569492346
Overoptimistic advice,43.800000000000004,-1.1459847250503754,0.091790235093604414,0.12722009780401769,0.059068930314615006,1.2857887194022486
Overoptimistic advice,43.900000000000006,-1.1459847250503734,0.091790235093604733,0.12722009780399024,0.059068930314615485,1.2872009818552623
Overoptimistic advice,44,-1.1459847250503732,0.091790235093604788,0.12722009780396487,0.059068930314616006,1.2886132443082763
Overoptimistic advice,44.100000000000001,-1.1459847250503743,0.091790235093604594,0.12722009780394142,0.059068930314616554,1.29002550676129
Overoptimistic advice,44.200000000000003,-1.1459847250503719,0.09179023509360501,0.12722009780391941,0.059068930314616942,1.291437769214304
Overoptimistic advice,44.300000000000004,-1.1459847250503643,0.091790235093606259,0.12722009780389862,0.059068930314617109,1.2928500316673177
Overoptimistic advice,44.400000000000006,-1.1459847250503585,0.091790235093607217,0.12722009780387941,0.059068930314617317,1.2942622941203317
Overoptimistic advice,44.5,-1.145984725050361,0.091790235093606815,0.12722009780386215,0.059068930314617817,1.2956745565733454
Overoptimistic advice,44.600000000000001,-1.1459847250503603,0.091790235093606926,0.12722009780384591,0.059068930314618184,1.2970868190263594
Overoptimistic advice,44.700000000000003,-1.1459847250503596,0.09179023509360705,0.12722009780383084,0.059068930314618531,1.2984990814793733
Overoptimistic advice,44.800000000000004,-1.1459847250503576,0.09179023509360737,0.12722009780381677,0.059068930314618802,1.2999113439323871
Overoptimistic advice,44.900000000000006,-1.1459847250503548,0.091790235093607855,0.12722009780380358,0.059068930314619024,1.301323606385401
Overoptimistic advice,45,-1.1459847250503545,0.091790235093607897,0.12722009780379154,0.059068930314619329,1.3027358688384147
Overoptimistic advice,45.100000000000001,-1.1459847250503585,0.091790235093607217,0.1272200978037806,0.059068930314619773,1.3041481312914287
Overoptimistic advice,45.200000000000003,-1.145984725050361,0.091790235093606815,0.12722009780377042,0.059068930314620148,1.3055603937444427
Overoptimistic advice,45.300000000000004,-1.1459847250503572,0.091790235093607453,0.12722009780376059,0.059068930314620266,1.3069726561974566
Overoptimistic advice,45.400000000000006,-1.1459847250503554,0.091790235093607744,0.12722009780375157,0.059068930314620453,1.3083849186504704
Overoptimistic advice,45.5,-1.1459847250503545,0.091790235093607897,0.12722009780374324,0.059068930314620662,1.3097971811034843
Overoptimistic advice,45.600000000000001,-1.1459847250503525,0.09179023509360823,0.12722009780373544,0.0590689303146208,1.311209443556498
Overoptimistic advice,45.700000000000003,-1.1459847250503497,0.091790235093608702,0.12722009780372809,0.05906893031462089,1.312621706009512
Overoptimistic advice,45.800000000000004,-1.1459847250503499,0.091790235093608674,0.1272200978037214,0.059068930314621085,1.314033968462526
Overoptimistic advice,45.900000000000006,-1.1459847250503543,0.091790235093607925,0.12722009780371549,0.059068930314621439,1.3154462309155399
Overoptimistic advice,46,-1.1459847250503574,0.091790235093607397,0.12722009780370999,0.05906893031462173,1.3168584933685537
Overoptimistic advice,46.100000000000001,-1.1459847250503534,0.091790235093608077,0.12722009780370452,0.059068930314621751,1.3182707558215676
Overoptimistic advice,46.200000000000003,-1.1459847250503523,0.091790235093608258,0.12722009780369956,0.059068930314621876,1.3196830182745816
Overoptimistic advice,46.300000000000004,-1.1459847250503516,0.091790235093608383,0.12722009780369495,0.059068930314621994,1.3210952807275953
Overoptimistic advice,46.400000000000006,-1.1459847250503521,0.091790235093608299,0.12722009780369076,0.059068930314622146,1.3225075431806093
Overoptimistic advice,46.5,-1.1459847250503532,0.091790235093608105,0.12722009780368693,0.05906893031462232,1.323919805633623
Overoptimistic advice,46.600000000000001,-1.1459847250503523,0.091790235093608258,0.12722009780368324,0.059068930314622424,1.3253320680866369
Overoptimistic advice,46.700000000000003,-1.1459847250503483,0.091790235093608924,0.12722009780367963,0.059068930314622424,1.3267443305396509
Overoptimistic advice,46.800000000000004,-1.1459847250503457,0.091790235093609382,0.12722009780367632,0.059068930314622431,1.3281565929926646
Overoptimistic advice,46.900000000000006,-1.1459847250503479,0.091790235093609007,0.12722009780367355,0.059068930314622591,1.3295688554456786
Overoptimistic advice,47,-1.1459847250503483,0.091790235093608924,0.12722009780367086,0.059068930314622702,1.3309811178986926
Overoptimistic advice,47.100000000000001,-1.1459847250503481,0.091790235093608966,0.12722009780366836,0.059068930314622792,1.3323933803517063
Overoptimistic advice,47.200000000000003,-1.145984725050349,0.091790235093608813,0.12722009780366608,0.059068930314622903,1.3338056428047202
Overoptimistic advice,47.300000000000004,-1.1459847250503503,0.091790235093608605,0.12722009780366403,0.059068930314623035,1.3352179052577342
Overoptimistic advice,47.400000000000006,-1.1459847250503497,0.091790235093608702,0.12722009780366203,0.059068930314623097,1.3366301677107482
Overoptimistic advice,47.5,-1.1459847250503465,0.091790235093609229,0.12722009780366003,0.059068930314623048,1.3380424301637619
Overoptimistic advice,47.600000000000001,-1.1459847250503443,0.09179023509360959,0.12722009780365817,0.059068930314623028,1.3394546926167759
Overoptimistic advice,47.700000000000003,-1.1459847250503465,0.091790235093609229,0.12722009780365665,0.059068930314623166,1.3408669550697898
Overoptimistic advice,47.800000000000004,-1.145984725050347,0.09179023509360916,0.12722009780365517,0.059068930314623236,1.3422792175228038
Overoptimistic advice,47.900000000000006,-1.145984725050347,0.09179023509360916,0.12722009780365381,0.059068930314623291,1.3436914799758177
Overoptimistic advice,48,-1.1459847250503472,0.091790235093609104,0.12722009780365254,0.059068930314623354,1.3451037424288315
Overoptimistic advice,48.100000000000001,-1.1459847250503474,0.091790235093609077,0.12722009780365137,0.059068930314623409,1.3465160048818454
Overoptimistic advice,48.200000000000003,-1.1459847250503474,0.091790235093609077,0.12722009780365026,0.059068930314623458,1.3479282673348594
Overoptimistic advice,48.300000000000004,-1.1459847250503468,0.091790235093609188,0.12722009780364921,0.059068930314623479,1.3493405297878733
Overoptimistic advice,48.400000000000006,-1.1459847250503461,0.091790235093609299,0.12722009780364824,0.0590689303146235,1.3507527922408873
Overoptimistic advice,48.5,-1.1459847250503465,0.091790235093609229,0.12722009780364735,0.059068930314623548,1.352165054693901
Overoptimistic advice,48.600000000000001,-1.1459847250503465,0.091790235093609229,0.12722009780364654,0.059068930314623583,1.353577317146915
Overoptimistic advice,48.700000000000003,-1.1459847250503465,0.091790235093609229,0.12722009780364579,0.059068930314623617,1.3549895795999289
Overoptimistic advice,48.800000000000004,-1.1459847250503465,0.091790235093609229,0.12722009780364507,0.059068930314623645,1.3564018420529429
Overoptimistic advice,48.900000000000006,-1.1459847250503465,0.091790235093609229,0.12722009780364441,0.059068930314623673,1.3578141045059569
Overoptimistic advice,49,-1.1459847250503465,0.091790235093609229,0.12722009780364379,0.059068930314623701,1.3592263669589706
Overoptimistic advice,49.100000000000001,-1.1459847250503465,0.091790235093609229,0.12722009780364318,0.059068930314623722,1.3606386294119845
Overoptimistic advice,49.200000000000003,-1.1459847250503465,0.091790235093609229,0.12722009780364266,0.059068930314623742,1.3620508918649985
Overoptimistic advice,49.300000000000004,-1.1459847250503465,0.091790235093609229,0.12722009780364218,0.059068930314623763,1.3634631543180125
Overoptimistic advice,49.400000000000006,-1.1459847250503465,0.091790235093609229,0.12722009780364174,0.059068930314623784,1.3648754167710262
Overoptimistic advice,49.5,-1.1459847250503465,0.091790235093609229,0.12722009780364132,0.059068930314623798,1.3662876792240402
Overoptimistic advice,49.600000000000001,-1.1459847250503465,0.091790235093609229,0.12722009780364094,0.059068930314623819,1.3676999416770541
Overoptimistic advice,49.700000000000003,-1.1459847250503465,0.091790235093609229,0.1272200978036406,0.05906893031462384,1.3691122041300681
Overoptimistic advice,49.800000000000004,-1.1459847250503465,0.091790235093609229,0.12722009780364027,0.05906893031462386,1.3705244665830818
Overoptimistic advice,49.900000000000006,-1.1459847250503461,0.091790235093609299,0.12722009780363996,0.059068930314623867,1.3719367290360958
Overoptimistic advice,50,-1.1459847250503461,0.091790235093609299,0.12722009780363969,0.059068930314623874,1.3733489914891097
Overoptimistic advice,50.100000000000001,-1.1459847250503463,0.091790235093609257,0.12722009780363941,0.059068930314623895,1.3747612539421237
Overoptimistic advice,50.200000000000003,-1.1459847250503463,0.091790235093609257,0.12722009780363916,0.059068930314623902,1.3761735163951374
Overoptimistic advice,50.300000000000004,-1.1459847250503463,0.091790235093609257,0.12722009780363891,0.059068930314623909,1.3775857788481514
Overoptimistic advice,50.400000000000006,-1.1459847250503463,0.091790235093609257,0.12722009780363872,0.059068930314623916,1.3789980413011653
Overoptimistic advice,50.5,-1.1459847250503463,0.091790235093609257,0.12722009780363852,0.05906893031462393,1.3804103037541793
Overoptimistic advice,50.600000000000001,-1.1459847250503463,0.091790235093609257,0.12722009780363833,0.059068930314623937,1.3818225662071932
Overoptimistic advice,50.700000000000003,-1.1459847250503463,0.091790235093609257,0.12722009780363819,0.059068930314623944,1.383234828660207
Overoptimistic advice,50.800000000000004,-1.1459847250503461,0.091790235093609299,0.12722009780363802,0.059068930314623951,1.3846470911132209
Overoptimistic advice,50.900000000000006,-1.1459847250503461,0.091790235093609299,0.12722009780363785,0.059068930314623957,1.3860593535662349
Overoptimistic advice,51,-1.1459847250503461,0.091790235093609299,0.12722009780363772,0.059068930314623964,1.3874716160192486
Overoptimistic advice,51.100000000000001,-1.1459847250503461,0.091790235093609299,0.12722009780363758,0.059068930314623964,1.3888838784722626
Overoptimistic advice,51.200000000000003,-1.1459847250503461,0.091790235093609299,0.12722009780363747,0.059068930314623971,1.3902961409252765
Overoptimistic advice,51.300000000000004,-1.1459847250503461,0.091790235093609299,0.12722009780363736,0.059068930314623971,1.3917084033782905
Overoptimistic advice,51.400000000000006,-1.1459847250503461,0.091790235093609299,0.12722009780363722,0.059068930314623978,1.3931206658313044
Overoptimistic advice,51.5,-1.1459847250503461,0.091790235093609299,0.12722009780363711,0.059068930314623985,1.3945329282843182
Overoptimistic advice,51.600000000000001,-1.1459847250503461,0.091790235093609299,0.12722009780363699,0.059068930314623992,1.3959451907373321
Overoptimistic advice,51.700000000000003,-1.1459847250503461,0.091790235093609299,0.12722009780363697,0.059068930314623999,1.3973574531903461
Overoptimistic advice,51.800000000000004,-1.1459847250503461,0.091790235093609299,0.12722009780363688,0.059068930314623999,1.3987697156433601
Overoptimistic advice,51.900000000000006,-1.1459847250503461,0.091790235093609299,0.1272200978036368,0.059068930314624006,1.400181978096374
Overoptimistic advice,52,-1.1459847250503461,0.091790235093609299,0.12722009780363674,0.059068930314624006,1.4015942405493877
Overoptimistic advice,52.100000000000001,-1.1459847250503461,0.091790235093609299,0.12722009780363669,0.059068930314624006,1.4030065030024017
Overoptimistic advice,52.200000000000003,-1.1459847250503461,0.091790235093609299,0.12722009780363666,0.059068930314624006,1.4044187654554157
Overoptimistic advice,52.300000000000004,-1.1459847250503461,0.091790235093609299,0.12722009780363666,0.059068930314624006,1.4058310279084296
Overoptimistic advice,52.400000000000006,-1.1459847250503461,0.091790235093609299,0.12722009780363661,0.059068930314624006,1.4072432903614436
Overoptimistic advice,52.5,-1.1459847250503461,0.091790235093609299,0.12722009780363652,0.059068930314624013,1.4086555528144573
Overoptimistic advice,52.600000000000001,-1.1459847250503461,0.091790235093609299,0.12722009780363649,0.059068930314624013,1.4100678152674713
Overoptimistic advice,52.700000000000003,-1.1459847250503461,0.091790235093609299,0.12722009780363644,0.05906893031462402,1.4114800777204852
Overoptimistic advice,52.800000000000004,-1.1459847250503461,0.091790235093609299,0.12722009780363641,0.05906893031462402,1.4128923401734992
Overoptimistic advice,52.900000000000006,-1.1459847250503461,0.091790235093609299,0.12722009780363636,0.05906893031462402,1.4143046026265131
Overoptimistic advice,53,-1.1459847250503461,0.091790235093609299,0.1272200978036363,0.05906893031462402,1.4157168650795269
Overoptimistic advice,53.100000000000001,-1.1459847250503461,0.091790235093609299,0.12722009780363627,0.05906893031462402,1.4171291275325408
Overoptimistic advice,53.200000000000003,-1.1459847250503461,0.091790235093609299,0.12722009780363625,0.059068930314624027,1.4185413899855548
Overoptimistic advice,53.300000000000004,-1.1459847250503461,0.091790235093609299,0.12722009780363622,0.059068930314624027,1.4199536524385687
Overoptimistic advice,53.400000000000006,-1.1459847250503461,0.091790235093609299,0.12722009780363619,0.059068930314624027,1.4213659148915825
Overoptimistic advice,53.5,-1.1459847250503461,0.091790235093609299,0.12722009780363619,0.059068930314624027,1.4227781773445964
Overoptimistic advice,53.600000000000001,-1.1459847250503461,0.091790235093609299,0.12722009780363616,0.059068930314624027,1.4241904397976104
Overoptimistic advice,53.700000000000003,-1.1459847250503461,0.091790235093609299,0.12722009780363616,0.059068930314624027,1.4256027022506244
Overoptimistic advice,53.800000000000004,-1.1459847250503461,0.091790235093609299,0.12722009780363613,0.059068930314624027,1.4270149647036381
Overoptimistic advice,53.900000000000006,-1.1459847250503461,0.091790235093609299,0.12722009780363611,0.059068930314624027,1.428427227156652
Overoptimistic advice,54,-1.1459847250503461,0.091790235093609299,0.12722009780363608,0.059068930314624027,1.429839489609666
Overoptimistic advice,54.100000000000001,-1.1459847250503461,0.091790235093609299,0.12722009780363608,0.059068930314624027,1.43125175206268
Overoptimistic advice,54.200000000000003,-1.1459847250503461,0.091790235093609299,0.12722009780363608,0.059068930314624027,1.4326640145156937
Overoptimistic advice,54.300000000000004,-1.1459847250503461,0.091790235093609299,0.12722009780363605,0.059068930314624027,1.4340762769687077
Overoptimistic advice,54.400000000000006,-1.1459847250503461,0.091790235093609299,0.12722009780363605,0.059068930314624027,1.4354885394217216
Overoptimistic advice,54.5,-1.1459847250503461,0.091790235093609299,0.12722009780363602,0.059068930314624027,1.4369008018747356
Overoptimistic advice,54.600000000000001,-1.1459847250503461,0.091790235093609299,0.12722009780363602,0.059068930314624034,1.4383130643277493
Overoptimistic advice,54.700000000000003,-1.1459847250503461,0.091790235093609299,0.12722009780363602,0.059068930314624034,1.4397253267807633
Overoptimistic advice,54.800000000000004,-1.1459847250503461,0.091790235093609299,0.127220097803636,0.059068930314624034,1.4411375892337772
Overoptimistic advice,54.900000000000006,-1.1459847250503461,0.091790235093609299,0.127220097803636,0.059068930314624034,1.4425498516867912
Overoptimistic advice,55,-1.1459847250503461,0.091790235093609299,0.127220097803636,0.059068930314624034,1.4439621141398049
Overoptimistic advice,55.100000000000001,-1.1459847250503461,0.091790235093609299,0.12722009780363597,0.059068930314624034,1.4453743765928189
Overoptimistic advice,55.200000000000003,-1.1459847250503461,0.091790235093609299,0.12722009780363597,0.059068930314624034,1.4467866390458328
Overoptimistic advice,55.300000000000004,-1.1459847250503461,0.091790235093609299,0.12722009780363597,0.059068930314624034,1.4481989014988468
Overoptimistic advice,55.400000000000006,-1.1459847250503461,0.091790235093609299,0.12722009780363597,0.059068930314624034,1.4496111639518607
Overoptimistic advice,55.5,-1.1459847250503461,0.091790235093609299,0.12722009780363594,0.059068930314624034,1.4510234264048745
Overoptimistic advice,55.600000000000001,-1.1459847250503461,0.091790235093609299,0.12722009780363594,0.059068930314624034,1.4524356888578884
Overoptimistic advice,55.700000000000003,-1.1459847250503461,0.091790235093609299,0.12722009780363594,0.059068930314624034,1.4538479513109024
Overoptimistic advice,55.800000000000004,-1.1459847250503461,0.091790235093609299,0.12722009780363594,0.059068930314624034,1.4552602137639163
Overoptimistic advice,55.900000000000006,-1.1459847250503461,0.091790235093609299,0.12722009780363594,0.059068930314624034,1.4566724762169303
Overoptimistic advice,56,-1.1459847250503461,0.091790235093609299,0.12722009780363594,0.059068930314624034,1.458084738669944
Overoptimistic advice,56.100000000000001,-1.1459847250503461,0.091790235093609299,0.12722009780363591,0.059068930314624034,1.459497001122958
Overoptimistic advice,56.200000000000003,-1.1459847250503461,0.091790235093609299,0.12722009780363591,0.059068930314624034,1.460909263575972
Overoptimistic advice,56.300000000000004,-1.1459847250503461,0.091790235093609299,0.12722009780363591,0.059068930314624034,1.4623215260289859
Overoptimistic advice,56.400000000000006,-1.1459847250503461,0.091790235093609299,0.12722009780363591,0.059068930314624034,1.4637337884819999
Overoptimistic advice,56.5,-1.1459847250503461,0.091790235093609299,0.12722009780363591,0.059068930314624034,1.4651460509350136
Overoptimistic advice,56.600000000000001,-1.1459847250503461,0.091790235093609299,0.12722009780363591,0.059068930314624034,1.4665583133880276
Overoptimistic advice,56.700000000000003,-1.1459847250503461,0.091790235093609299,0.12722009780363591,0.059068930314624034,1.4679705758410415
Overoptimistic advice,56.800000000000004,-1.1459847250503461,0.091790235093609299,0.12722009780363591,0.059068930314624034,1.4693828382940555
Overoptimistic advice,56.900000000000006,-1.1459847250503461,0.091790235093609299,0.12722009780363591,0.059068930314624034,1.4707951007470692
Overoptimistic advice,57,-1.1459847250503461,0.091790235093609299,0.12722009780363591,0.059068930314624034,1.4722073632000832
Overoptimistic advice,57.100000000000001,-1.1459847250503461,0.091790235093609299,0.12722009780363591,0.059068930314624034,1.4736196256530971
Overoptimistic advice,57.200000000000003,-1.1459847250503461,0.091790235093609299,0.12722009780363591,0.059068930314624034,1.4750318881061111
Overoptimistic advice,57.300000000000004,-1.1459847250503461,0.091790235093609299,0.12722009780363591,0.059068930314624041,1.4764441505591248
Overoptimistic advice,57.400000000000006,-1.1459847250503461,0.091790235093609299,0.12722009780363591,0.059068930314624041,1.4778564130121388
Overoptimistic advice,57.5,-1.1459847250503461,0.091790235093609299,0.12722009780363591,0.059068930314624041,1.4792686754651527
Overoptimistic advice,57.600000000000001,-1.1459847250503461,0.091790235093609299,0.12722009780363591,0.059068930314624041,1.4806809379181667
Overoptimistic advice,57.700000000000003,-1.1459847250503461,0.091790235093609299,0.12722009780363591,0.059068930314624041,1.4820932003711804
Overoptimistic advice,57.800000000000004,-1.1459847250503461,0.091790235093609299,0.12722009780363591,0.059068930314624041,1.4835054628241944
Overoptimistic advice,57.900000000000006,-1.1459847250503461,0.091790235093609299,0.12722009780363591,0.059068930314624041,1.4849177252772083
Overoptimistic advice,58,-1.1459847250503461,0.091790235093609299,0.12722009780363591,0.059068930314624041,1.4863299877302223
Overoptimistic advice,58.100000000000001,-1.1459847250503461,0.091790235093609299,0.12722009780363591,0.059068930314624048,1.487742250183236
Overoptimistic advice,58.200000000000003,-1.1459847250503461,0.091790235093609299,0.12722009780363591,0.059068930314624048,1.48915451263625
Overoptimistic advice,58.300000000000004,-1.1459847250503461,0.091790235093609299,0.12722009780363591,0.059068930314624048,1.4905667750892639
Overoptimistic advice,58.400000000000006,-1.1459847250503461,0.091790235093609299,0.12722009780363591,0.059068930314624048,1.4919790375422779
Overoptimistic advice,58.5,-1.1459847250503461,0.091790235093609299,0.12722009780363591,0.059068930314624048,1.4933912999952916
Overoptimistic advice,58.600000000000001,-1.1459847250503461,0.091790235093609299,0.12722009780363591,0.059068930314624048,1.4948035624483056
Overoptimistic advice,58.700000000000003,-1.1459847250503461,0.091790235093609299,0.12722009780363591,0.059068930314624041,1.4962158249013195
Overoptimistic advice,58.800000000000004,-1.1459847250503461,0.091790235093609299,0.12722009780363591,0.059068930314624041,1.4976280873543335
Overoptimistic advice,58.900000000000006,-1.1459847250503461,0.091790235093609299,0.12722009780363591,0.059068930314624048,1.4990403498073475
Overoptimistic advice,59,-1.1459847250503461,0.091790235093609299,0.12722009780363591,0.059068930314624048,1.5004526122603612
Overoptimistic advice,59.100000000000001,-1.1459847250503461,0.091790235093609299,0.12722009780363591,0.059068930314624048,1.5018648747133752
Overoptimistic advice,59.200000000000003,-1.1459847250503461,0.091790235093609299,0.12722009780363591,0.059068930314624048,1.5032771371663891
Overoptimistic advice,59.300000000000004,-1.1459847250503461,0.091790235093609299,0.12722009780363591,0.059068930314624048,1.5046893996194031
Overoptimistic advice,59.400000000000006,-1.1459847250503461,0.091790235093609299,0.12722009780363591,0.059068930314624048,1.506101662072417
Overoptimistic advice,59.5,-1.1459847250503461,0.091790235093609299,0.12722009780363591,0.059068930314624041,1.5075139245254308
Overoptimistic advice,59.600000000000001,-1.1459847250503461,0.091790235093609299,0.12722009780363591,0.059068930314624041,1.5089261869784447
Overoptimistic advice,59.700000000000003,-1.1459847250503461,0.091790235093609299,0.12722009780363591,0.059068930314624048,1.5103384494314587
Overoptimistic advice,59.800000000000004,-1.1459847250503461,0.091790235093609299,0.12722009780363591,0.059068930314624048,1.5117507118844726
Overoptimistic advice,59.900000000000006,-1.1459847250503461,0.091790235093609299,0.12722009780363591,0.059068930314624048,1.5131629743374866
Overoptimistic advice,60,-1.1459847250503461,0.091790235093609299,0.12722009780363591,0.059068930314624048,1.5145752367905003
More adjustment,0,1.25,0.92414181997875655,0.080000000000000002,0.080000000000000002,0
More adjustment,0.10000000000000001,1.1878688368232813,0.9149583706204879,0.1362643683720382,0.10528695254470122,0.011002734995274368
More adjustment,0.20000000000000001,1.1418659328971161,0.90752072733408129,0.18408529607918986,0.12732990997630114,0.021906489697649724
More adjustment,0.30000000000000004,1.106546492349711,0.90141911921946172,0.22479621990939613,0.14657226839593565,0.03272957523123466
More adjustment,0.40000000000000002,1.0786834946105555,0.89635519024687138,0.25949848881727761,0.16338865970548655,0.043486101943488516
More adjustment,0.5,1.0562375324055788,0.89210978931025997,0.28910858749414559,0.1780980196445405,0.054187111072849577
More adjustment,0.60000000000000009,1.0378541920171049,0.88851964632948777,0.31439367899755361,0.19097351745155605,0.064841374839153421
More adjustment,0.70000000000000007,1.0225975227282555,0.8854612036985311,0.33599892023770656,0.20225024837467881,0.075455962396268617
More adjustment,0.80000000000000004,1.0097992198384971,0.88283948054589845,0.35446885930594302,0.21213131169337393,0.086036644395244347
More adjustment,0.90000000000000002,0.99896874369453803,0.88058035724855288,0.37026446864573315,0.22079269771709584,0.096588185990525599
More adjustment,1,0.9897374132315393,0.87862516717134598,0.3837768880813448,0.22838727750674473,0.10711456231102232
More adjustment,1.1000000000000001,0.98182238483300566,0.87692685908404244,0.39533863199396702,0.2350481003304781,0.11761911906332793
More adjustment,1.2000000000000002,0.97500271427205831,0.87544723373884581,0.40523281352538537,0.24089114896111968,0.12810469421782747
More adjustment,1.3,0.96910304602061559,0.87415493152292612,0.41370078721366726,0.24601766018589011,0.13857371121393625
More adjustment,1.4000000000000001,0.96398223116919546,0.87302394542591233,0.42094852117001696,0.25051609405253905,0.14902825149135895
More adjustment,1.5,0.95952522613322211,0.87203250935583143,0.4271519349810331,0.25446381445657856,0.15947011159245472
More adjustment,1.6000000000000001,0.95563722108098192,0.87116225710577311,0.43246138866046613,0.25792853021163431,0.16990084865696956
More adjustment,1.7000000000000002,0.95223931557177766,0.87039757909303928,0.43700546822116876,0.26096953518613569,0.18032181704917233
More adjustment,1.8,0.94926527697299523,0.86972512293578108,0.44089419221447901,0.26363878051281542,0.19073419830599114
More adjustment,1.9000000000000001,0.94665908647042152,0.8691334038018097,0.44422172762253853,0.26598180237383623,0.20113902568536904
More adjustment,2,0.94437305099993984,0.86861249579771826,0.44706869563981028,0.26803852709027326,0.21153720457093653
More adjustment,2.1000000000000001,0.94236632885581251,0.86815378415397337,0.44950414005602218,0.26984397294455353,0.22192952966055624
More adjustment,2.2000000000000002,0.94060377376035054,0.86774976629318779,0.45158719716323781,0.27142885972853542,0.23231669936821253
More adjustment,2.3000000000000003,0.93905500960341914,0.86739388850375099,0.45336852642488024,0.27282014204674582,0.24269932816223644
More adjustment,2.4000000000000004,0.93769368872332348,0.8670804121653678,0.45489152518923304,0.2740414733320653,0.25307795705105662
More adjustment,2.5,0.93649688463229785,0.86680430163279987,0.45619337618384154,0.27511361385983241,0.26345306270168889
More adjustment,2.6000000000000001,0.93544459720564244,0.86656113114602051,0.45730593397231567,0.27605478535031602,0.27382506523648659
More adjustment,2.7000000000000002,0.93451934014285853,0.86634700557652045,0.45825649040608207,0.27688098319975407,0.28419433506934522
More adjustment,2.8000000000000003,0.933705797814949,0.86615849332695649,0.45906842481808247,0.27760624865962807,0.2945611988269527
More adjustment,2.9000000000000004,0.93299053574352819,0.86599256870175922,0.45976176399974361,0.27824290821140313,0.3049259445482459
More adjustment,3,0.93236175494668494,0.86584656220203349,0.46035366329288235,0.2788017837896738,0.31528882625099702
More adjustment,3.1000000000000001,0.93180908356466752,0.86571811775611296,0.46085881371608756,0.27929237579590782,0.32565006791140988
More adjustment,3.2000000000000002,0.9313233969646868,0.86560515524975801,0.46128979681087123,0.27972302525016851,0.33600986700319196
More adjustment,3.3000000000000003,0.93089666369859059,0.86550583805413994,0.46165738266522005,0.28010105434145255,0.34636839758237226
More adjustment,3.4000000000000004,0.93052181119147503,0.86541854436407495,0.46197079227336268,0.28043289175112746,0.35672581304510215
More adjustment,3.5,0.9301926096921258,0.86534184218476051,0.46223791788331203,0.28072418131891197,0.36708224853841009
More adjustment,3.6000000000000001,0.92990357104449994,0.86527446730492241,0.46246551227827853,0.28097987754144171,0.37743782309253276
More adjustment,3.7000000000000002,0.92964985982938719,0.86521530379199452,0.46265935374388795,0.28120433021709862,0.38779264151953946
More adjustment,3.8000000000000003,0.92942721606999656,0.86516336690383644,0.46282438337807968,0.281401357466324,0.39814679607032838
More adjustment,3.9000000000000004,0.92923188687213054,0.86511778786771909,0.46296482649073722,0.28157431102331382,0.40850036791927263
More adjustment,4,0.9290605662750504,0.86507780040686122,0.46308429696712322,0.28172613364787197,0.41885342847824303
More adjustment,4.1000000000000005,0.92891034294554442,0.86504272896713419,0.46318588214724055,0.28185940805288118,0.42920604053403233
More adjustment,4.2000000000000002,0.92877865328750175,0.8650119781069906,0.46327222088324849,0.2819764016149256,0.4395582592829621
More adjustment,4.2999999999999998,0.92866324054875438,0.86498502320929138,0.46334556749458405,0.28207910463525698,0.44991013322853091
More adjustment,4.4000000000000004,0.92856211888359141,0.86496140228978391,0.46340784585719819,0.28216926366740497,0.46026170496982899
More adjustment,4.5,0.92847354089208867,0.86494070857062699,0.4634606995694438,0.28224841216841645,0.47061301192208194
More adjustment,4.6000000000000005,0.92839596959746906,0.86492258405418221,0.46350553159410524,0.28231789619129039,0.48096408693161558
More adjustment,4.7000000000000002,0.92832805372276828,0.8649067138394817,0.46354353815907939,0.28237889691770296,0.49131495881810222
More adjustment,4.8000000000000007,0.92826860534578093,0.86489282097259046,0.46357574007423025,0.28243245131271388,0.50166565286875475
More adjustment,4.9000000000000004,0.92821658055970679,0.86488066198245916,0.46360300784812392,0.28247946959743253,0.51201619126208475
More adjustment,5,0.92817106256954029,0.86487002297300175,0.4636260826366046,0.28252075035255397,0.52236659343674907
More adjustment,5.1000000000000005,0.92813124625463772,0.86486071604778747,0.46364559595156729,0.28255699452403987,0.53271687643112142
More adjustment,5.2000000000000002,0.92809642447131213,0.86485257613364053,0.46366208679519733,0.28258881782194978,0.54306705518439802
More adjustment,5.3000000000000007,0.92806597692943293,0.86484545839992666,0.46367601298536654,0.28261676021113569,0.5534171427745761
More adjustment,5.4000000000000004,0.92803935936243132,0.86483923574182497,0.4636877643415252,0.28264129571534202,0.56376715065660132
More adjustment,5.5,0.92801609428254972,0.86483379663060544,0.46369767275369145,0.28266284053676705,0.57411708886282331
More adjustment,5.6000000000000005,0.92799576305171194,0.86482904326873711,0.46370602034621178,0.28268175994890771,0.58446696617393079
More adjustment,5.7000000000000002,0.92797799892270538,0.86482488996974205,0.46371304637804167,0.28269837431406886,0.59481679026850665
More adjustment,5.8000000000000007,0.92796248047445051,0.86482126162856376,0.46371895417174219,0.28271296487064196,0.60516656786544554
More adjustment,5.9000000000000004,0.92794892575020937,0.86481809235502516,0.46372391724480616,0.28272577890821932,0.61551630485112074
More adjustment,6,0.92793708815262466,0.86481532451709631,0.46372808202627458,0.28273703308289544,0.62586600636439338
More adjustment,6.1000000000000005,0.92792675171339434,0.86481290763721674,0.4637315728565482,0.2827469176364702,0.63621567689958691
More adjustment,6.2000000000000002,0.92791772729437771,0.86481079750582945,0.4637344952845816,0.28275559964775765,0.64656532038738501
More adjustment,6.3000000000000007,0.92790984931807052,0.86480895541826075,0.46373693882407974,0.28276322583278707,0.6569149402643194
More adjustment,6.4000000000000004,0.92790297301411429,0.86480734753193333,0.46373897909753226,0.28276992488407077,0.6672645395308926
More adjustment,6.5,0.92789697190261089,0.86480594427869462,0.46374067982429196,0.28277580962027454,0.67761412080481664
More adjustment,6.6000000000000005,0.9278917352349203,0.86480471976701168,0.46374209510920222,0.28278097921775469,0.68796368637584637
More adjustment,6.7000000000000002,0.92788716591951592,0.86480365129743186,0.46374327111140295,0.28278552099875598,0.69831323824978786
More adjustment,6.8000000000000007,0.92788317940019127,0.86480271910062756,0.46374424627440408,0.28278951131029556,0.70866277817068002
More adjustment,6.9000000000000004,0.92787970169481881,0.86480190587906125,0.46374505317421827,0.28279301726315759,0.71901230766311153
More adjustment,7,0.92787666811908842,0.86480119650875442,0.46374571932080921,0.28279609781247483,0.7293618280587999
More adjustment,7.1000000000000005,0.9278740221398224,0.86480057777130803,0.463746267914252,0.28279880474014524,0.73971134052057919
More adjustment,7.2000000000000002,0.92787171441560501,0.86480003812968309,0.46374671842898185,0.28280118347638455,0.75006084606236989
More adjustment,7.3000000000000007,0.9278697019155715,0.86479956752223219,0.46374708715965623,0.28280327385714937,0.76041034556755183
More adjustment,7.4000000000000004,0.92786794700725672,0.86479915714946953,0.46374738786208669,0.28280511091411731,0.7707598398081561
More adjustment,7.5,0.92786641673025971,0.86479879930427694,0.46374763220977405,0.28280672550323066,0.78110932946003653
More adjustment,7.6000000000000005,0.92786508244075028,0.8647984872888147,0.46374782982637297,0.28280814460602072,0.79145881510988259
More adjustment,7.7000000000000002,0.9278639191038095,0.86479821524907197,0.46374798881011559,0.28280939194882626,0.80180829727018443
More adjustment,7.8000000000000007,0.92786290485726231,0.86479797807289516,0.46374811594433013,0.28281048838132899,0.81215777638821618
More adjustment,7.9000000000000004,0.92786202061624434,0.86479777129753554,0.46374821689974599,0.28281145222243281,0.82250725285421034
More adjustment,8,0.92786124974429995,0.86479759103275167,0.46374829638898657,0.28281229954955889,0.83285672700813329
More adjustment,8.0999999999999996,0.9278605777507557,0.86479743389005193,0.46374835831127703,0.28281304446540451,0.84320619914592587
More adjustment,8.2000000000000011,0.92785999197413305,0.86479729690866969,0.46374840592537697,0.2828136993761971,0.85355566952607576
More adjustment,8.3000000000000007,0.9278594813322294,0.86479717749712803,0.46374844197086085,0.28281427521314234,0.863905138374777
More adjustment,8.4000000000000004,0.92785903620774557,0.86479707340649692,0.46374846866922143,0.28281478153869333,0.87425460588819304
More adjustment,8.5,0.92785864820128172,0.86479698267263772,0.46374848786630996,0.28281522676475429,0.88460407223760207
More adjustment,8.5999999999999996,0.92785830998374941,0.86479690358169203,0.46374850108574706,0.28281561828614815,0.89495353757241369
More adjustment,8.7000000000000011,0.92785801516199296,0.86479683463865942,0.4637485095808323,0.28281596260260922,0.90530300202292435
More adjustment,8.8000000000000007,0.9278577581675036,0.86479677454137638,0.46374851437351378,0.28281626542086929,0.91565246570259251
More adjustment,8.9000000000000004,0.92785753415389205,0.86479672215654046,0.46374851629102321,0.28281653174879889,0.92600192871013798
More adjustment,9,0.92785733888879107,0.86479667649443381,0.46374851601077777,0.28281676599356415,0.93635139113176413
More adjustment,9.0999999999999996,0.92785716866905932,0.86479663668909457,0.46374851409117351,0.282816972039799,0.94670085304289553
More adjustment,9.2000000000000011,0.92785702028395944,0.86479660198970587,0.46374851096907072,0.28281715328728407,0.95705031450890932
More adjustment,9.3000000000000007,0.92785689093046353,0.86479657174079183,0.46374850699711717,0.28281731272793409,0.96739977558687973
More adjustment,9.4000000000000004,0.92785677816379286,0.86479654537065076,0.46374850245637217,0.28281745299298894,0.97774923632658672
More adjustment,9.5,0.9278566798522313,0.86479652238078919,0.46374849756879966,0.28281757639615401,0.98809869677143591
More adjustment,9.6000000000000014,0.92785659413981925,0.86479650233719807,0.46374849250638561,0.28281768496972581,0.99844815695921907
More adjustment,9.7000000000000011,0.92785651941195013,0.8647964848623072,0.46374848739976166,0.28281778049790768,1.0087976169228134
More adjustment,9.8000000000000007,0.92785645425889052,0.86479646962645584,0.46374848234921495,0.28281786455151686,1.0191470766909296
More adjustment,9.9000000000000004,0.92785639744729098,0.86479645634122915,0.46374847743197128,0.28281793851565418,1.0294965362886908
More adjustment,10,0.92785634790829585,0.86479644475667872,0.46374847270050112,0.28281800360313286,1.0398459957378701
More adjustment,10.100000000000001,0.92785630470886926,0.86479643465461742,0.46374846819180032,0.28281806088169936,1.0501954550574792
More adjustment,10.200000000000001,0.92785626703532376,0.8647964258447669,0.46374846393000579,0.28281811129077472,1.0605449142641006
More adjustment,10.300000000000001,0.92785623417823182,0.86479641816122998,0.46374845992907865,0.2828181556567575,1.0708943733721963
More adjustment,10.4,0.92785620551999515,0.86479641145958308,0.46374845619465349,0.28281819470585029,1.0812438323943594
More adjustment,10.5,0.92785618052337127,0.86479640561419346,0.4637484527258095,0.28281822907588716,1.0915932913415485
More adjustment,10.600000000000001,0.92785615871926008,0.86479640051536377,0.46374844951751748,0.28281825932864296,1.1019427502233343
More adjustment,10.700000000000001,0.92785613969719261,0.86479639606710701,0.4637484465621492,0.28281828595965797,1.1122922090480956
More adjustment,10.800000000000001,0.92785612310147236,0.86479639218624471,0.4637484438486616,0.28281830940304598,1.1226416678230948
More adjustment,10.9,0.92785610862155066,0.86479638880015564,0.46374844136471099,0.28281833004114632,1.1329911265546759
More adjustment,11,0.92785609598656005,0.86479638584549856,0.46374843909703822,0.28281834821048379,1.1433405852483745
More adjustment,11.100000000000001,0.92785608496029659,0.86479638326703789,0.46374843703190866,0.2828183642072159,1.1536900439090199
More adjustment,11.200000000000001,0.92785607533708991,0.86479638101667788,0.46374843515536385,0.28281837829170237,1.1640395025408188
More adjustment,11.300000000000001,0.92785606693799005,0.86479637905257178,0.46374843345347383,0.28281839069271913,1.1743889611474341
More adjustment,11.4,0.92785605960669737,0.86479637733816961,0.46374843191277787,0.28281840161183797,1.1847384197320663
More adjustment,11.5,0.92785605320639941,0.86479637584147773,0.46374843052050585,0.28281841122692669,1.1950878782975183
More adjustment,11.600000000000001,0.92785604761850726,0.86479637453476477,0.46374842926423027,0.28281841969387844,1.2054373368462215
More adjustment,11.700000000000001,0.92785604273944433,0.86479637339380955,0.4637484281322708,0.28281842715004452,1.2157867953803001
More adjustment,11.800000000000001,0.92785603847883247,0.86479637239747742,0.46374842711367331,0.28281843371636395,1.2261362539016092
More adjustment,11.9,0.92785603475782563,0.86479637152733024,0.46374842619821788,0.28281843949930918,1.2364857124117685
More adjustment,12,0.9278560315077391,0.86479637076730664,0.46374842537639133,0.28281844459252004,1.2468351709121892
More adjustment,12.100000000000001,0.92785602866878336,0.86479637010342469,0.46374842463936805,0.28281844907831005,1.2571846294041016
More adjustment,12.200000000000001,0.92785602618870944,0.86479636952346639,0.46374842397904126,0.28281845302923003,1.2675340878885804
More adjustment,12.300000000000001,0.92785602402175804,0.86479636901673074,0.46374842338801059,0.28281845650931942,1.2778835463665679
More adjustment,12.4,0.92785602212824303,0.8647963685739376,0.46374842285944445,0.28281845957473073,1.2882330048388824
More adjustment,12.5,0.9278560204734817,0.86479636818697614,0.46374842238712161,0.28281846227495444,1.2985824633062393
More adjustment,12.600000000000001,0.92785601902719239,0.86479636784876546,0.46374842196537913,0.28281846465358262,1.3089319217692634
More adjustment,12.700000000000001,0.92785601776294024,0.8647963675531235,0.46374842158907248,0.28281846674900624,1.3192813802285011
More adjustment,12.800000000000001,0.92785601665768247,0.86479636729466225,0.46374842125353233,0.2828184685950012,1.3296308386844284
More adjustment,12.9,0.92785601569134712,0.86479636706868723,0.46374842095452651,0.2828184702212686,1.339980297137461
More adjustment,13,0.92785601484638125,0.8647963668710944,0.46374842068823524,0.28281847165399537,1.3503297555879621
More adjustment,13.100000000000001,0.92785601410739993,0.86479636669828563,0.46374842045122028,0.2828184729163033,1.3606792140362509
More adjustment,13.200000000000001,0.92785601346105084,0.86479636654713876,0.46374842024037283,0.28281847402847421,1.3710286724826037
More adjustment,13.300000000000001,0.92785601289565633,0.86479636641492275,0.46374842005289857,0.28281847500838897,1.3813781309272637
More adjustment,13.4,0.92785601240101223,0.86479636629925172,0.46374841988628673,0.28281847587180253,1.3917275893704426
More adjustment,13.5,0.927856011968204,0.86479636619804068,0.46374841973828373,0.28281847663259424,1.4020770478123257
More adjustment,13.600000000000001,0.92785601158945419,0.86479636610947108,0.4637484196068678,0.28281847730297882,1.4124265062530754
More adjustment,13.700000000000001,0.92785601125798201,0.86479636603195731,0.46374841949022644,0.28281847789370096,1.4227759646928324
More adjustment,13.800000000000001,0.92785601096785275,0.86479636596411136,0.46374841938673844,0.28281847841423663,1.4331254231317205
More adjustment,13.9,0.92785601071386126,0.86479636590471609,0.4637484192949563,0.28281847887295486,1.4434748815698486
More adjustment,14,0.92785601049148492,0.86479636585271402,0.46374841921358373,0.28281847927719916,1.4538243400073112
More adjustment,14.100000000000001,0.92785601029676479,0.86479636580717922,0.46374841914146442,0.28281847963344564,1.4641737984441912
More adjustment,14.200000000000001,0.92785601012623897,0.86479636576730223,0.46374841907756637,0.28281847994740184,1.4745232568805604
More adjustment,14.300000000000001,0.92785600997688067,0.86479636573237517,0.46374841902096925,0.28281848022409711,1.4848727153164829
More adjustment,14.4,0.92785600984604577,0.86479636570177976,0.46374841897085339,0.2828184804679591,1.4952221737520139
More adjustment,14.5,0.92785600973142568,0.8647963656749762,0.46374841892648921,0.2828184806828834,1.5055716321872019
More adjustment,14.600000000000001,0.92785600963099901,0.86479636565149187,0.46374841888722695,0.28281848087230677,1.5159210906220897
More adjustment,14.700000000000001,0.92785600954299297,0.86479636563091167,0.46374841885248808,0.28281848103926482,1.5262705490567139
More adjustment,14.800000000000001,0.92785600946586366,0.86479636561287532,0.46374841882175893,0.28281848118642228,1.5366200074911074
More adjustment,14.9,0.92785600939825863,0.86479636559706596,0.46374841879458284,0.28281848131612941,1.5469694659252986
More adjustment,15,0.92785600933899415,0.86479636558320716,0.46374841877055423,0.28281848143045818,1.5573189243593126
More adjustment,15.100000000000001,0.92785600928703404,0.86479636557105644,0.463748418749313,0.28281848153123484,1.5676683827931714
More adjustment,15.200000000000001,0.92785600924147249,0.86479636556040196,0.46374841873053946,0.28281848162006734,1.5780178412268937
More adjustment,15.300000000000001,0.92785600920151801,0.86479636555105877,0.46374841871394995,0.28281848169837098,1.5883672996604967
More adjustment,15.4,0.92785600916647692,0.86479636554286465,0.46374841869929295,0.28281848176739444,1.5987167580939947
More adjustment,15.5,0.9278560091357394,0.86479636553567663,0.4637484186863457,0.28281848182824088,1.6090662165274008
More adjustment,15.600000000000001,0.9278560091087743,0.864796365529371,0.46374841867491057,0.28281848188187897,1.6194156749607265
More adjustment,15.700000000000001,0.92785600908511601,0.86479636552383854,0.46374841866481253,0.28281848192916326,1.6297651333939813
More adjustment,15.800000000000001,0.9278560090643565,0.86479636551898398,0.46374841865589667,0.28281848197084725,1.640114591827174
More adjustment,15.9,0.92785600904613841,0.86479636551472372,0.46374841864802546,0.28281848200759513,1.6504640502603123
More adjustment,16,0.92785600903014886,0.86479636551098449,0.46374841864107746,0.28281848203999183,1.6608135086934026
More adjustment,16.100000000000001,0.92785600901611376,0.86479636550770256,0.46374841863494531,0.28281848206855231,1.6711629671264512
More adjustment,16.199999999999999,0.92785600900379273,0.86479636550482131,0.46374841862953392,0.28281848209373117,1.6815124255594627
More adjustment,16.300000000000001,0.92785600899297527,0.86479636550229155,0.46374841862475891,0.28281848211592986,1.6918618839924422
More adjustment,16.400000000000002,0.92785600898347675,0.86479636550007055,0.46374841862054605,0.28281848213550104,1.7022113424253935
More adjustment,16.5,0.92785600897513554,0.86479636549812,0.46374841861682947,0.28281848215275585,1.7125608008583193
More adjustment,16.600000000000001,0.92785600896780984,0.86479636549640682,0.46374841861355109,0.28281848216796873,1.7229102592912235
More adjustment,16.699999999999999,0.9278560089613751,0.86479636549490202,0.46374841861065985,0.28281848218138184,1.7332597177241085
More adjustment,16.800000000000001,0.9278560089557224,0.86479636549358019,0.46374841860811017,0.28281848219320815,1.7436091761569767
More adjustment,16.900000000000002,0.92785600895075671,0.86479636549241889,0.46374841860586141,0.28281848220363487,1.7539586345898301
More adjustment,17,0.92785600894639397,0.86479636549139882,0.463748418603878,0.28281848221282768,1.76430809302267
More adjustment,17.100000000000001,0.92785600894256026,0.86479636549050221,0.4637484186021294,0.28281848222093342,1.774657551455499
More adjustment,17.199999999999999,0.92785600893919118,0.86479636548971439,0.46374841860058774,0.28281848222808043,1.7850070098883173
More adjustment,17.300000000000001,0.92785600893623021,0.86479636548902195,0.46374841859922855,0.28281848223438211,1.7953564683211274
More adjustment,17.400000000000002,0.92785600893362774,0.86479636548841332,0.4637484185980304,0.28281848223993855,1.8057059267539295
More adjustment,17.5,0.92785600893133946,0.8647963654878783,0.46374841859697458,0.28281848224483802,1.8160553851867245
More adjustment,17.600000000000001,0.92785600892932762,0.86479636548740779,0.46374841859604421,0.28281848224915829,1.8264048436195139
More adjustment,17.699999999999999,0.92785600892755915,0.86479636548699435,0.46374841859522387,0.28281848225296757,1.8367543020522976
More adjustment,17.800000000000001,0.92785600892600495,0.86479636548663086,0.46374841859450033,0.28281848225632639,1.8471037604850769
More adjustment,17.900000000000002,0.92785600892463771,0.86479636548631122,0.46374841859386301,0.28281848225928818,1.8574532189178523
More adjustment,18,0.92785600892343534,0.86479636548602989,0.4637484185933014,0.28281848226189987,1.8678026773506238
More adjustment,18.100000000000001,0.92785600892237763,0.86479636548578265,0.46374841859280652,0.28281848226420286,1.8781521357833924
More adjustment,18.199999999999999,0.92785600892144737,0.86479636548556504,0.46374841859237043,0.28281848226623368,1.8885015942161578
More adjustment,18.300000000000001,0.92785600892062958,0.86479636548537375,0.46374841859198596,0.28281848226802431,1.8988510526489211
More adjustment,18.400000000000002,0.9278560089199106,0.86479636548520566,0.46374841859164695,0.28281848226960327,1.9092005110816823
More adjustment,18.5,0.92785600891927755,0.86479636548505756,0.46374841859134858,0.28281848227099576,1.9195499695144413
More adjustment,18.600000000000001,0.92785600891871967,0.86479636548492722,0.46374841859108595,0.28281848227222378,1.929899427947199
More adjustment,18.699999999999999,0.92785600891822939,0.86479636548481242,0.46374841859085442,0.28281848227330664,1.9402488863799547
More adjustment,18.800000000000001,0.92785600891779785,0.86479636548471173,0.46374841859065041,0.28281848227426154,1.9505983448127098
More adjustment,18.900000000000002,0.92785600891741815,0.8647963654846228,0.46374841859047061,0.28281848227510359,1.9609478032454635
More adjustment,19,0.92785600891708386,0.86479636548454464,0.46374841859031224,0.28281848227584616,1.9712972616782158
More adjustment,19.100000000000001,0.92785600891678999,0.86479636548447592,0.4637484185901728,0.28281848227650097,1.9816467201109678
More adjustment,19.200000000000003,0.92785600891653142,0.86479636548441541,0.46374841859005006,0.28281848227707845,1.991996178543719
More adjustment,19.300000000000001,0.9278560089163036,0.86479636548436223,0.46374841858994181,0.28281848227758771,2.0023456369764694
More adjustment,19.400000000000002,0.92785600891610265,0.86479636548431515,0.46374841858984633,0.28281848227803685,2.0126950954092191
More adjustment,19.5,0.92785600891592601,0.86479636548427397,0.46374841858976235,0.28281848227843287,2.0230445538419679
More adjustment,19.600000000000001,0.92785600891577047,0.86479636548423755,0.46374841858968835,0.28281848227878215,2.0333940122747167
More adjustment,19.700000000000003,0.92785600891563347,0.86479636548420558,0.46374841858962312,0.28281848227909018,2.0437434707074655
More adjustment,19.800000000000001,0.92785600891551301,0.86479636548417727,0.46374841858956573,0.28281848227936179,2.054092929140213
More adjustment,19.900000000000002,0.92785600891540687,0.86479636548415251,0.46374841858951538,0.28281848227960149,2.0644423875729609
More adjustment,20,0.92785600891531339,0.86479636548413064,0.46374841858947125,0.28281848227981288,2.074791846005708
More adjustment,20.100000000000001,0.92785600891523101,0.86479636548411132,0.463748418589432,0.28281848227999917,2.0851413044384555
More adjustment,20.200000000000003,0.92785600891515851,0.86479636548409444,0.46374841858939714,0.28281848228016337,2.0954907628712025
More adjustment,20.300000000000001,0.92785600891509457,0.86479636548407945,0.46374841858936666,0.28281848228030826,2.1058402213039491
More adjustment,20.400000000000002,0.92785600891503828,0.86479636548406635,0.46374841858933979,0.28281848228043605,2.1161896797366957
More adjustment,20.5,0.92785600891498887,0.8647963654840547,0.46374841858931615,0.28281848228054873,2.1265391381694418
More adjustment,20.600000000000001,0.92785600891494524,0.86479636548404459,0.46374841858929533,0.2828184822806481,2.136888596602188
More adjustment,20.700000000000003,0.92785600891490649,0.86479636548403549,0.4637484185892769,0.28281848228073558,2.1472380550349346
More adjustment,20.800000000000001,0.92785600891487219,0.8647963654840275,0.46374841858926069,0.28281848228081258,2.1575875134676803
More adjustment,20.900000000000002,0.92785600891484232,0.8647963654840205,0.46374841858924643,0.28281848228088075,2.1679369719004264
More adjustment,21,0.92785600891481634,0.8647963654840144,0.46374841858923394,0.28281848228094109,2.1782864303331722
More adjustment,21.100000000000001,0.92785600891479314,0.86479636548400896,0.46374841858922289,0.2828184822809941,2.1886358887659183
More adjustment,21.200000000000003,0.92785600891477271,0.86479636548400429,0.46374841858921317,0.28281848228104089,2.198985347198664
More adjustment,21.300000000000001,0.92785600891475495,0.86479636548400007,0.46374841858920463,0.28281848228108214,2.2093348056314093
More adjustment,21.400000000000002,0.92785600891473918,0.8647963654839963,0.46374841858919708,0.2828184822811185,2.2196842640641554
More adjustment,21.5,0.92785600891472497,0.86479636548399297,0.46374841858919019,0.28281848228115075,2.2300337224969007
More adjustment,21.600000000000001,0.92785600891471209,0.86479636548398997,0.46374841858918409,0.28281848228117928,2.2403831809296464
More adjustment,21.700000000000003,0.92785600891470121,0.86479636548398753,0.46374841858917887,0.28281848228120426,2.2507326393623921
More adjustment,21.800000000000001,0.927856008914692,0.86479636548398531,0.46374841858917454,0.28281848228122608,2.2610820977951374
More adjustment,21.900000000000002,0.92785600891468356,0.86479636548398331,0.4637484185891706,0.28281848228124551,2.2714315562278831
More adjustment,22,0.92785600891467623,0.86479636548398164,0.4637484185891671,0.28281848228126261,2.2817810146606283
More adjustment,22.100000000000001,0.92785600891466957,0.86479636548397998,0.4637484185891641,0.28281848228127771,2.2921304730933736
More adjustment,22.200000000000003,0.92785600891466369,0.86479636548397865,0.46374841858916144,0.28281848228129103,2.3024799315261193
More adjustment,22.300000000000001,0.92785600891465891,0.86479636548397765,0.46374841858915883,0.28281848228130269,2.3128293899588646
More adjustment,22.400000000000002,0.92785600891465514,0.86479636548397665,0.46374841858915622,0.28281848228131284,2.3231788483916098
More adjustment,22.5,0.92785600891465136,0.86479636548397587,0.46374841858915428,0.28281848228132195,2.3335283068243551
More adjustment,22.600000000000001,0.92785600891464726,0.86479636548397487,0.463748418589153,0.28281848228133016,2.3438777652571008
More adjustment,22.700000000000003,0.92785600891464415,0.86479636548397421,0.46374841858915167,0.28281848228133727,2.3542272236898465
More adjustment,22.800000000000001,0.92785600891464137,0.86479636548397354,0.46374841858915039,0.28281848228134354,2.3645766821225913
More adjustment,22.900000000000002,0.92785600891463893,0.86479636548397287,0.46374841858914945,0.28281848228134904,2.374926140555337
More adjustment,23,0.92785600891463671,0.86479636548397232,0.46374841858914861,0.28281848228135398,2.3852755989880823
More adjustment,23.100000000000001,0.92785600891463516,0.86479636548397198,0.46374841858914767,0.28281848228135842,2.3956250574208275
More adjustment,23.200000000000003,0.92785600891463393,0.86479636548397165,0.46374841858914656,0.28281848228136236,2.4059745158535732
More adjustment,23.300000000000001,0.92785600891463271,0.86479636548397154,0.46374841858914578,0.28281848228136575,2.4163239742863185
More adjustment,23.400000000000002,0.92785600891463105,0.8647963654839711,0.46374841858914551,0.28281848228136852,2.4266734327190638
More adjustment,23.5,0.92785600891462983,0.86479636548397076,0.46374841858914501,0.28281848228137113,2.437022891151809
More adjustment,23.600000000000001,0.92785600891462872,0.86479636548397054,0.46374841858914456,0.28281848228137341,2.4473723495845543
More adjustment,23.700000000000003,0.92785600891462761,0.86479636548397021,0.46374841858914428,0.28281848228137541,2.4577218080172996
More adjustment,23.800000000000001,0.92785600891462672,0.8647963654839701,0.46374841858914401,0.28281848228137718,2.4680712664500448
More adjustment,23.900000000000002,0.92785600891462627,0.8647963654839701,0.46374841858914356,0.28281848228137879,2.4784207248827901
More adjustment,24,0.9278560089146265,0.8647963654839701,0.46374841858914295,0.28281848228138012,2.4887701833155353
More adjustment,24.100000000000001,0.92785600891462605,0.86479636548396988,0.46374841858914262,0.28281848228138134,2.4991196417482811
More adjustment,24.200000000000003,0.92785600891462505,0.86479636548396976,0.46374841858914267,0.2828184822813824,2.5094691001810263
More adjustment,24.300000000000001,0.9278560089146245,0.86479636548396954,0.46374841858914251,0.28281848228138334,2.5198185586137716
More adjustment,24.400000000000002,0.92785600891462405,0.86479636548396943,0.46374841858914234,0.28281848228138418,2.5301680170465168
More adjustment,24.5,0.92785600891462361,0.86479636548396943,0.46374841858914223,0.28281848228138484,2.5405174754792617
More adjustment,24.600000000000001,0.92785600891462316,0.86479636548396921,0.46374841858914212,0.28281848228138551,2.5508669339120074
More adjustment,24.700000000000003,0.92785600891462305,0.86479636548396921,0.46374841858914201,0.2828184822813864,2.5612163923447526
More adjustment,24.800000000000001,0.92785600891462316,0.86479636548396921,0.46374841858914184,0.28281848228138728,2.5715658507774979
More adjustment,24.900000000000002,0.92785600891462305,0.86479636548396921,0.46374841858914173,0.28281848228138773,2.5819153092102436
More adjustment,25,0.92785600891462261,0.8647963654839691,0.46374841858914168,0.28281848228138778,2.5922647676429884
More adjustment,25.100000000000001,0.92785600891462239,0.8647963654839691,0.46374841858914162,0.28281848228138812,2.6026142260757341
More adjustment,25.200000000000003,0.92785600891462217,0.8647963654839691,0.46374841858914156,0.28281848228138839,2.6129636845084794
More adjustment,25.300000000000001,0.92785600891462194,0.86479636548396888,0.46374841858914151,0.28281848228138862,2.6233131429412246
More adjustment,25.400000000000002,0.92785600891462172,0.86479636548396888,0.46374841858914151,0.28281848228138884,2.6336626013739699
More adjustment,25.5,0.92785600891462172,0.86479636548396888,0.46374841858914145,0.28281848228138906,2.6440120598067152
More adjustment,25.600000000000001,0.92785600891462194,0.86479636548396888,0.4637484185891414,0.28281848228138923,2.6543615182394604
More adjustment,25.700000000000003,0.92785600891462183,0.86479636548396888,0.46374841858914134,0.28281848228138939,2.6647109766722061
More adjustment,25.800000000000001,0.9278560089146215,0.86479636548396888,0.46374841858914134,0.2828184822813895,2.675060435104951
More adjustment,25.900000000000002,0.9278560089146215,0.86479636548396888,0.46374841858914134,0.28281848228138962,2.6854098935376967
More adjustment,26,0.92785600891462139,0.86479636548396888,0.46374841858914134,0.28281848228138973,2.6957593519704415
More adjustment,26.100000000000001,0.92785600891462139,0.86479636548396888,0.46374841858914134,0.28281848228138984,2.7061088104031867
More adjustment,26.200000000000003,0.92785600891462139,0.86479636548396888,0.46374841858914134,0.28281848228138995,2.7164582688359324
More adjustment,26.300000000000001,0.92785600891462128,0.86479636548396877,0.46374841858914129,0.28281848228138989,2.7268077272686777
More adjustment,26.400000000000002,0.92785600891462117,0.86479636548396877,0.46374841858914123,0.28281848228138973,2.737157185701423
More adjustment,26.5,0.92785600891462106,0.86479636548396877,0.46374841858914123,0.28281848228138978,2.7475066441341682
More adjustment,26.600000000000001,0.92785600891462117,0.86479636548396877,0.46374841858914129,0.28281848228139,2.7578561025669135
More adjustment,26.700000000000003,0.92785600891462117,0.86479636548396877,0.46374841858914129,0.28281848228139006,2.7682055609996592
More adjustment,26.800000000000001,0.92785600891462117,0.86479636548396877,0.46374841858914129,0.28281848228139012,2.778555019432404
More adjustment,26.900000000000002,0.92785600891462117,0.86479636548396877,0.46374841858914129,0.28281848228139012,2.7889044778651497
More adjustment,27,0.92785600891462117,0.86479636548396877,0.46374841858914134,0.28281848228139012,2.7992539362978945
More adjustment,27.100000000000001,0.92785600891462106,0.86479636548396877,0.46374841858914129,0.28281848228139017,2.8096033947306402
More adjustment,27.200000000000003,0.92785600891462106,0.86479636548396877,0.46374841858914118,0.28281848228139028,2.8199528531633855
More adjustment,27.300000000000001,0.92785600891462106,0.86479636548396877,0.46374841858914118,0.28281848228139034,2.8303023115961308
More adjustment,27.400000000000002,0.92785600891462106,0.86479636548396877,0.46374841858914123,0.28281848228139028,2.840651770028876
More adjustment,27.5,0.92785600891462106,0.86479636548396877,0.46374841858914123,0.28281848228139028,2.8510012284616213
More adjustment,27.600000000000001,0.92785600891462106,0.86479636548396877,0.46374841858914123,0.28281848228139034,2.8613506868943666
More adjustment,27.700000000000003,0.92785600891462106,0.86479636548396877,0.46374841858914123,0.28281848228139034,2.8717001453271123
More adjustment,27.800000000000001,0.92785600891462106,0.86479636548396877,0.46374841858914123,0.28281848228139039,2.8820496037598571
More adjustment,27.900000000000002,0.92785600891462106,0.86479636548396877,0.46374841858914123,0.28281848228139039,2.8923990621926028
More adjustment,28,0.92785600891462106,0.86479636548396877,0.46374841858914123,0.28281848228139034,2.9027485206253476
More adjustment,28.100000000000001,0.92785600891462106,0.86479636548396877,0.46374841858914123,0.28281848228139034,2.9130979790580933
More adjustment,28.200000000000003,0.92785600891462106,0.86479636548396877,0.46374841858914123,0.28281848228139039,2.9234474374908386
More adjustment,28.300000000000001,0.92785600891462106,0.86479636548396877,0.46374841858914123,0.28281848228139039,2.9337968959235838
More adjustment,28.400000000000002,0.92785600891462106,0.86479636548396877,0.46374841858914123,0.28281848228139039,2.9441463543563291
More adjustment,28.5,0.92785600891462106,0.86479636548396877,0.46374841858914123,0.28281848228139039,2.9544958127890744
More adjustment,28.600000000000001,0.92785600891462106,0.86479636548396877,0.46374841858914123,0.28281848228139039,2.9648452712218196
More adjustment,28.700000000000003,0.92785600891462106,0.86479636548396877,0.46374841858914123,0.28281848228139039,2.9751947296545653
More adjustment,28.800000000000001,0.92785600891462106,0.86479636548396877,0.46374841858914123,0.28281848228139039,2.9855441880873101
More adjustment,28.900000000000002,0.92785600891462106,0.86479636548396877,0.46374841858914123,0.28281848228139039,2.9958936465200559
More adjustment,29,0.92785600891462106,0.86479636548396877,0.46374841858914123,0.28281848228139039,3.0062431049528007
More adjustment,29.100000000000001,0.92785600891462106,0.86479636548396877,0.46374841858914123,0.28281848228139039,3.0165925633855464
More adjustment,29.200000000000003,0.92785600891462106,0.86479636548396877,0.46374841858914123,0.28281848228139039,3.0269420218182916
More adjustment,29.300000000000001,0.92785600891462106,0.86479636548396877,0.46374841858914123,0.28281848228139039,3.0372914802510369
More adjustment,29.400000000000002,0.92785600891462106,0.86479636548396877,0.46374841858914123,0.28281848228139039,3.0476409386837822
More adjustment,29.5,0.92785600891462106,0.86479636548396877,0.46374841858914123,0.28281848228139039,3.0579903971165274
More adjustment,29.600000000000001,0.92785600891462106,0.86479636548396877,0.46374841858914123,0.28281848228139039,3.0683398555492727
More adjustment,29.700000000000003,0.92785600891462106,0.86479636548396877,0.46374841858914123,0.28281848228139039,3.0786893139820184
More adjustment,29.800000000000001,0.92785600891462106,0.86479636548396877,0.46374841858914123,0.28281848228139039,3.0890387724147632
More adjustment,29.900000000000002,0.92785600891462106,0.86479636548396877,0.46374841858914123,0.28281848228139039,3.0993882308475089
More adjustment,30,0.92785600891462106,0.86479636548396877,0.46374841858914123,0.28281848228139039,3.1097376892802537
More adjustment,30.100000000000001,0.92785600891462106,0.86479636548396877,0.46374841858914123,0.28281848228139039,3.1200871477129994
More adjustment,30.200000000000003,0.92785600891462106,0.86479636548396877,0.46374841858914123,0.28281848228139039,3.1304366061457447
More adjustment,30.300000000000001,0.92785600891462106,0.86479636548396877,0.46374841858914123,0.28281848228139039,3.14078606457849
More adjustment,30.400000000000002,0.92785600891462106,0.86479636548396877,0.46374841858914123,0.28281848228139039,3.1511355230112352
More adjustment,30.5,0.92785600891462106,0.86479636548396877,0.46374841858914123,0.28281848228139039,3.1614849814439805
More adjustment,30.600000000000001,0.92785600891462106,0.86479636548396877,0.46374841858914123,0.28281848228139039,3.1718344398767258
More adjustment,30.700000000000003,0.92785600891462106,0.86479636548396877,0.46374841858914123,0.28281848228139039,3.1821838983094715
More adjustment,30.800000000000001,0.92785600891462106,0.86479636548396877,0.46374841858914123,0.28281848228139039,3.1925333567422163
More adjustment,30.900000000000002,0.92785600891462106,0.86479636548396877,0.46374841858914123,0.28281848228139039,3.202882815174962
More adjustment,31,0.92785600891462106,0.86479636548396877,0.46374841858914123,0.28281848228139039,3.2132322736077068
More adjustment,31.100000000000001,0.92785600891462106,0.86479636548396877,0.46374841858914123,0.28281848228139039,3.2235817320404525
More adjustment,31.200000000000003,0.92785600891462106,0.86479636548396877,0.46374841858914123,0.28281848228139039,3.2339311904731978
More adjustment,31.300000000000001,0.92785600891462106,0.86479636548396877,0.46374841858914123,0.28281848228139039,3.244280648905943
More adjustment,31.400000000000002,0.92785600891462106,0.86479636548396877,0.46374841858914123,0.28281848228139039,3.2546301073386883
More adjustment,31.5,0.92785600891462106,0.86479636548396877,0.46374841858914123,0.28281848228139039,3.2649795657714336
More adjustment,31.600000000000001,0.92785600891462106,0.86479636548396877,0.46374841858914123,0.28281848228139039,3.2753290242041788
More adjustment,31.700000000000003,0.92785600891462106,0.86479636548396877,0.46374841858914123,0.28281848228139039,3.2856784826369245
More adjustment,31.800000000000001,0.92785600891462106,0.86479636548396877,0.46374841858914123,0.28281848228139039,3.2960279410696693
More adjustment,31.900000000000002,0.92785600891462106,0.86479636548396877,0.46374841858914123,0.28281848228139039,3.306377399502415
More adjustment,32,0.92785600891462106,0.86479636548396877,0.46374841858914123,0.28281848228139039,3.3167268579351599
More adjustment,32.100000000000001,0.92785600891462106,0.86479636548396877,0.46374841858914123,0.28281848228139039,3.3270763163679056
More adjustment,32.200000000000003,0.92785600891462106,0.86479636548396877,0.46374841858914123,0.28281848228139039,3.3374257748006508
More adjustment,32.300000000000004,0.92785600891462106,0.86479636548396877,0.46374841858914123,0.28281848228139039,3.3477752332333965
More adjustment,32.399999999999999,0.92785600891462106,0.86479636548396877,0.46374841858914123,0.28281848228139039,3.3581246916661409
More adjustment,32.5,0.92785600891462106,0.86479636548396877,0.46374841858914123,0.28281848228139039,3.3684741500988866
More adjustment,32.600000000000001,0.92785600891462106,0.86479636548396877,0.46374841858914123,0.28281848228139039,3.3788236085316319
More adjustment,32.700000000000003,0.92785600891462106,0.86479636548396877,0.46374841858914123,0.28281848228139039,3.3891730669643776
More adjustment,32.800000000000004,0.92785600891462106,0.86479636548396877,0.46374841858914123,0.28281848228139039,3.3995225253971229
More adjustment,32.899999999999999,0.92785600891462106,0.86479636548396877,0.46374841858914123,0.28281848228139039,3.4098719838298677
More adjustment,33,0.92785600891462106,0.86479636548396877,0.46374841858914123,0.28281848228139039,3.4202214422626129
More adjustment,33.100000000000001,0.92785600891462106,0.86479636548396877,0.46374841858914123,0.28281848228139039,3.4305709006953586
More adjustment,33.200000000000003,0.92785600891462106,0.86479636548396877,0.46374841858914123,0.28281848228139039,3.4409203591281039
More adjustment,33.300000000000004,0.92785600891462106,0.86479636548396877,0.46374841858914123,0.28281848228139039,3.4512698175608492
More adjustment,33.399999999999999,0.92785600891462106,0.86479636548396877,0.46374841858914123,0.28281848228139039,3.461619275993594
More adjustment,33.5,0.92785600891462106,0.86479636548396877,0.46374841858914123,0.28281848228139039,3.4719687344263397
More adjustment,33.600000000000001,0.92785600891462106,0.86479636548396877,0.46374841858914123,0.28281848228139039,3.4823181928590849
More adjustment,33.700000000000003,0.92785600891462106,0.86479636548396877,0.46374841858914123,0.28281848228139039,3.4926676512918302
More adjustment,33.800000000000004,0.92785600891462106,0.86479636548396877,0.46374841858914123,0.28281848228139039,3.5030171097245759
More adjustment,33.899999999999999,0.92785600891462106,0.86479636548396877,0.46374841858914123,0.28281848228139039,3.5133665681573207
More adjustment,34,0.92785600891462106,0.86479636548396877,0.46374841858914123,0.28281848228139039,3.523716026590066
More adjustment,34.100000000000001,0.92785600891462106,0.86479636548396877,0.46374841858914123,0.28281848228139039,3.5340654850228113
More adjustment,34.200000000000003,0.92785600891462106,0.86479636548396877,0.46374841858914123,0.28281848228139039,3.544414943455557
More adjustment,34.300000000000004,0.92785600891462106,0.86479636548396877,0.46374841858914123,0.28281848228139039,3.5547644018883022
More adjustment,34.399999999999999,0.92785600891462106,0.86479636548396877,0.46374841858914123,0.28281848228139039,3.565113860321047
More adjustment,34.5,0.92785600891462106,0.86479636548396877,0.46374841858914123,0.28281848228139039,3.5754633187537923
More adjustment,34.600000000000001,0.92785600891462106,0.86479636548396877,0.46374841858914123,0.28281848228139039,3.585812777186538
More adjustment,34.700000000000003,0.92785600891462106,0.86479636548396877,0.46374841858914123,0.28281848228139039,3.5961622356192833
More adjustment,34.800000000000004,0.92785600891462106,0.86479636548396877,0.46374841858914123,0.28281848228139039,3.606511694052029
More adjustment,34.899999999999999,0.92785600891462106,0.86479636548396877,0.46374841858914123,0.28281848228139039,3.6168611524847734
More adjustment,35,0.92785600891462106,0.86479636548396877,0.46374841858914123,0.28281848228139039,3.6272106109175191
More adjustment,35.100000000000001,0.92785600891462106,0.86479636548396877,0.46374841858914123,0.28281848228139039,3.6375600693502643
More adjustment,35.200000000000003,0.92785600891462106,0.86479636548396877,0.46374841858914123,0.28281848228139039,3.64790952778301
More adjustment,35.300000000000004,0.92785600891462106,0.86479636548396877,0.46374841858914123,0.28281848228139039,3.6582589862157553
More adjustment,35.399999999999999,0.92785600891462106,0.86479636548396877,0.46374841858914123,0.28281848228139039,3.6686084446485001
More adjustment,35.5,0.92785600891462106,0.86479636548396877,0.46374841858914123,0.28281848228139039,3.6789579030812454
More adjustment,35.600000000000001,0.92785600891462106,0.86479636548396877,0.46374841858914123,0.28281848228139039,3.6893073615139911
More adjustment,35.700000000000003,0.92785600891462106,0.86479636548396877,0.46374841858914123,0.28281848228139039,3.6996568199467363
More adjustment,35.800000000000004,0.92785600891462106,0.86479636548396877,0.46374841858914123,0.28281848228139039,3.710006278379482
More adjustment,35.899999999999999,0.92785600891462106,0.86479636548396877,0.46374841858914123,0.28281848228139039,3.7203557368122264
More adjustment,36,0.92785600891462106,0.86479636548396877,0.46374841858914123,0.28281848228139039,3.7307051952449721
More adjustment,36.100000000000001,0.92785600891462106,0.86479636548396877,0.46374841858914123,0.28281848228139039,3.7410546536777174
More adjustment,36.200000000000003,0.92785600891462106,0.86479636548396877,0.46374841858914123,0.28281848228139039,3.7514041121104627
More adjustment,36.300000000000004,0.92785600891462106,0.86479636548396877,0.46374841858914123,0.28281848228139039,3.7617535705432084
More adjustment,36.399999999999999,0.92785600891462106,0.86479636548396877,0.46374841858914123,0.28281848228139039,3.7721030289759532
More adjustment,36.5,0.92785600891462106,0.86479636548396877,0.46374841858914123,0.28281848228139039,3.7824524874086984
More adjustment,36.600000000000001,0.92785600891462106,0.86479636548396877,0.46374841858914123,0.28281848228139039,3.7928019458414441
More adjustment,36.700000000000003,0.92785600891462106,0.86479636548396877,0.46374841858914123,0.28281848228139039,3.8031514042741894
More adjustment,36.800000000000004,0.92785600891462106,0.86479636548396877,0.46374841858914123,0.28281848228139039,3.8135008627069347
More adjustment,36.899999999999999,0.92785600891462106,0.86479636548396877,0.46374841858914123,0.28281848228139039,3.8238503211396795
More adjustment,37,0.92785600891462106,0.86479636548396877,0.46374841858914123,0.28281848228139039,3.8341997795724247
More adjustment,37.100000000000001,0.92785600891462106,0.86479636548396877,0.46374841858914123,0.28281848228139039,3.8445492380051705
More adjustment,37.200000000000003,0.92785600891462106,0.86479636548396877,0.46374841858914123,0.28281848228139039,3.8548986964379157
More adjustment,37.300000000000004,0.92785600891462106,0.86479636548396877,0.46374841858914123,0.28281848228139039,3.8652481548706614
More adjustment,37.399999999999999,0.92785600891462106,0.86479636548396877,0.46374841858914123,0.28281848228139039,3.8755976133034062
More adjustment,37.5,0.92785600891462106,0.86479636548396877,0.46374841858914123,0.28281848228139039,3.8859470717361515
More adjustment,37.600000000000001,0.92785600891462106,0.86479636548396877,0.46374841858914123,0.28281848228139039,3.8962965301688968
More adjustment,37.700000000000003,0.92785600891462106,0.86479636548396877,0.46374841858914123,0.28281848228139039,3.9066459886016425
More adjustment,37.800000000000004,0.92785600891462106,0.86479636548396877,0.46374841858914123,0.28281848228139039,3.9169954470343877
More adjustment,37.899999999999999,0.92785600891462106,0.86479636548396877,0.46374841858914123,0.28281848228139039,3.9273449054671326
More adjustment,38,0.92785600891462106,0.86479636548396877,0.46374841858914123,0.28281848228139039,3.9376943638998778
More adjustment,38.100000000000001,0.92785600891462106,0.86479636548396877,0.46374841858914123,0.28281848228139039,3.9480438223326235
More adjustment,38.200000000000003,0.92785600891462106,0.86479636548396877,0.46374841858914123,0.28281848228139039,3.9583932807653688
More adjustment,38.300000000000004,0.92785600891462106,0.86479636548396877,0.46374841858914123,0.28281848228139039,3.9687427391981145
More adjustment,38.400000000000006,0.92785600891462106,0.86479636548396877,0.46374841858914123,0.28281848228139039,3.9790921976308598
More adjustment,38.5,0.92785600891462106,0.86479636548396877,0.46374841858914123,0.28281848228139039,3.9894416560636046
More adjustment,38.600000000000001,0.92785600891462106,0.86479636548396877,0.46374841858914123,0.28281848228139039,3.9997911144963498
More adjustment,38.700000000000003,0.92785600891462106,0.86479636548396877,0.46374841858914123,0.28281848228139039,4.0101405729290951
More adjustment,38.800000000000004,0.92785600891462106,0.86479636548396877,0.46374841858914123,0.28281848228139039,4.0204900313618408
More adjustment,38.900000000000006,0.92785600891462106,0.86479636548396877,0.46374841858914123,0.28281848228139039,4.0308394897945865
More adjustment,39,0.92785600891462106,0.86479636548396877,0.46374841858914123,0.28281848228139039,4.0411889482273304
More adjustment,39.100000000000001,0.92785600891462106,0.86479636548396877,0.46374841858914123,0.28281848228139039,4.0515384066600761
More adjustment,39.200000000000003,0.92785600891462106,0.86479636548396877,0.46374841858914123,0.28281848228139039,4.0618878650928218
More adjustment,39.300000000000004,0.92785600891462106,0.86479636548396877,0.46374841858914123,0.28281848228139039,4.0722373235255667
More adjustment,39.400000000000006,0.92785600891462106,0.86479636548396877,0.46374841858914123,0.28281848228139039,4.0825867819583124
More adjustment,39.5,0.92785600891462106,0.86479636548396877,0.46374841858914123,0.28281848228139039,4.0929362403910572
More adjustment,39.600000000000001,0.92785600891462106,0.86479636548396877,0.46374841858914123,0.28281848228139039,4.103285698823802
More adjustment,39.700000000000003,0.92785600891462106,0.86479636548396877,0.46374841858914123,0.28281848228139039,4.1136351572565477
More adjustment,39.800000000000004,0.92785600891462106,0.86479636548396877,0.46374841858914123,0.28281848228139039,4.1239846156892934
More adjustment,39.900000000000006,0.92785600891462106,0.86479636548396877,0.46374841858914123,0.28281848228139039,4.1343340741220391
More adjustment,40,0.92785600891462106,0.86479636548396877,0.46374841858914123,0.28281848228139039,4.1446835325547831
More adjustment,40.100000000000001,0.92785600891462106,0.86479636548396877,0.46374841858914123,0.28281848228139039,4.1550329909875288
More adjustment,40.200000000000003,0.92785600891462106,0.86479636548396877,0.46374841858914123,0.28281848228139039,4.1653824494202745
More adjustment,40.300000000000004,0.92785600891462106,0.86479636548396877,0.46374841858914123,0.28281848228139039,4.1757319078530202
More adjustment,40.400000000000006,0.92785600891462106,0.86479636548396877,0.46374841858914123,0.28281848228139039,4.186081366285765
More adjustment,40.5,0.92785600891462106,0.86479636548396877,0.46374841858914123,0.28281848228139039,4.1964308247185098
More adjustment,40.600000000000001,0.92785600891462106,0.86479636548396877,0.46374841858914123,0.28281848228139039,4.2067802831512555
More adjustment,40.700000000000003,0.92785600891462106,0.86479636548396877,0.46374841858914123,0.28281848228139039,4.2171297415840012
More adjustment,40.800000000000004,0.92785600891462106,0.86479636548396877,0.46374841858914123,0.28281848228139039,4.227479200016746
More adjustment,40.900000000000006,0.92785600891462106,0.86479636548396877,0.46374841858914123,0.28281848228139039,4.2378286584494917
More adjustment,41,0.92785600891462106,0.86479636548396877,0.46374841858914123,0.28281848228139039,4.2481781168822366
More adjustment,41.100000000000001,0.92785600891462106,0.86479636548396877,0.46374841858914123,0.28281848228139039,4.2585275753149823
More adjustment,41.200000000000003,0.92785600891462106,0.86479636548396877,0.46374841858914123,0.28281848228139039,4.2688770337477271
More adjustment,41.300000000000004,0.92785600891462106,0.86479636548396877,0.46374841858914123,0.28281848228139039,4.2792264921804728
More adjustment,41.400000000000006,0.92785600891462106,0.86479636548396877,0.46374841858914123,0.28281848228139039,4.2895759506132185
More adjustment,41.5,0.92785600891462106,0.86479636548396877,0.46374841858914123,0.28281848228139039,4.2999254090459633
More adjustment,41.600000000000001,0.92785600891462106,0.86479636548396877,0.46374841858914123,0.28281848228139039,4.3102748674787081
More adjustment,41.700000000000003,0.92785600891462106,0.86479636548396877,0.46374841858914123,0.28281848228139039,4.3206243259114538
More adjustment,41.800000000000004,0.92785600891462106,0.86479636548396877,0.46374841858914123,0.28281848228139039,4.3309737843441996
More adjustment,41.900000000000006,0.92785600891462106,0.86479636548396877,0.46374841858914123,0.28281848228139039,4.3413232427769444
More adjustment,42,0.92785600891462106,0.86479636548396877,0.46374841858914123,0.28281848228139039,4.3516727012096892
More adjustment,42.100000000000001,0.92785600891462106,0.86479636548396877,0.46374841858914123,0.28281848228139039,4.3620221596424349
More adjustment,42.200000000000003,0.92785600891462106,0.86479636548396877,0.46374841858914123,0.28281848228139039,4.3723716180751806
More adjustment,42.300000000000004,0.92785600891462106,0.86479636548396877,0.46374841858914123,0.28281848228139039,4.3827210765079254
More adjustment,42.400000000000006,0.92785600891462106,0.86479636548396877,0.46374841858914123,0.28281848228139039,4.3930705349406711
More adjustment,42.5,0.92785600891462106,0.86479636548396877,0.46374841858914123,0.28281848228139039,4.4034199933734159
More adjustment,42.600000000000001,0.92785600891462106,0.86479636548396877,0.46374841858914123,0.28281848228139039,4.4137694518061616
More adjustment,42.700000000000003,0.92785600891462106,0.86479636548396877,0.46374841858914123,0.28281848228139039,4.4241189102389065
More adjustment,42.800000000000004,0.92785600891462106,0.86479636548396877,0.46374841858914123,0.28281848228139039,4.4344683686716522
More adjustment,42.900000000000006,0.92785600891462106,0.86479636548396877,0.46374841858914123,0.28281848228139039,4.4448178271043979
More adjustment,43,0.92785600891462106,0.86479636548396877,0.46374841858914123,0.28281848228139039,4.4551672855371427
More adjustment,43.100000000000001,0.92785600891462106,0.86479636548396877,0.46374841858914123,0.28281848228139039,4.4655167439698875
More adjustment,43.200000000000003,0.92785600891462106,0.86479636548396877,0.46374841858914123,0.28281848228139039,4.4758662024026332
More adjustment,43.300000000000004,0.92785600891462106,0.86479636548396877,0.46374841858914123,0.28281848228139039,4.4862156608353789
More adjustment,43.400000000000006,0.92785600891462106,0.86479636548396877,0.46374841858914123,0.28281848228139039,4.4965651192681246
More adjustment,43.5,0.92785600891462106,0.86479636548396877,0.46374841858914123,0.28281848228139039,4.5069145777008686
More adjustment,43.600000000000001,0.92785600891462106,0.86479636548396877,0.46374841858914123,0.28281848228139039,4.5172640361336143
More adjustment,43.700000000000003,0.92785600891462106,0.86479636548396877,0.46374841858914123,0.28281848228139039,4.52761349456636
More adjustment,43.800000000000004,0.92785600891462106,0.86479636548396877,0.46374841858914123,0.28281848228139039,4.5379629529991057
More adjustment,43.900000000000006,0.92785600891462106,0.86479636548396877,0.46374841858914123,0.28281848228139039,4.5483124114318505
More adjustment,44,0.92785600891462106,0.86479636548396877,0.46374841858914123,0.28281848228139039,4.5586618698645953
More adjustment,44.100000000000001,0.92785600891462106,0.86479636548396877,0.46374841858914123,0.28281848228139039,4.569011328297341
More adjustment,44.200000000000003,0.92785600891462106,0.86479636548396877,0.46374841858914123,0.28281848228139039,4.5793607867300867
More adjustment,44.300000000000004,0.92785600891462106,0.86479636548396877,0.46374841858914123,0.28281848228139039,4.5897102451628315
More adjustment,44.400000000000006,0.92785600891462106,0.86479636548396877,0.46374841858914123,0.28281848228139039,4.6000597035955773
More adjustment,44.5,0.92785600891462106,0.86479636548396877,0.46374841858914123,0.28281848228139039,4.6104091620283221
More adjustment,44.600000000000001,0.92785600891462106,0.86479636548396877,0.46374841858914123,0.28281848228139039,4.6207586204610678
More adjustment,44.700000000000003,0.92785600891462106,0.86479636548396877,0.46374841858914123,0.28281848228139039,4.6311080788938126
More adjustment,44.800000000000004,0.92785600891462106,0.86479636548396877,0.46374841858914123,0.28281848228139039,4.6414575373265583
More adjustment,44.900000000000006,0.92785600891462106,0.86479636548396877,0.46374841858914123,0.28281848228139039,4.651806995759304
More adjustment,45,0.92785600891462106,0.86479636548396877,0.46374841858914123,0.28281848228139039,4.6621564541920488
More adjustment,45.100000000000001,0.92785600891462106,0.86479636548396877,0.46374841858914123,0.28281848228139039,4.6725059126247936
More adjustment,45.200000000000003,0.92785600891462106,0.86479636548396877,0.46374841858914123,0.28281848228139039,4.6828553710575394
More adjustment,45.300000000000004,0.92785600891462106,0.86479636548396877,0.46374841858914123,0.28281848228139039,4.6932048294902851
More adjustment,45.400000000000006,0.92785600891462106,0.86479636548396877,0.46374841858914123,0.28281848228139039,4.7035542879230299
More adjustment,45.5,0.92785600891462106,0.86479636548396877,0.46374841858914123,0.28281848228139039,4.7139037463557747
More adjustment,45.600000000000001,0.92785600891462106,0.86479636548396877,0.46374841858914123,0.28281848228139039,4.7242532047885204
More adjustment,45.700000000000003,0.92785600891462106,0.86479636548396877,0.46374841858914123,0.28281848228139039,4.7346026632212661
More adjustment,45.800000000000004,0.92785600891462106,0.86479636548396877,0.46374841858914123,0.28281848228139039,4.7449521216540109
More adjustment,45.900000000000006,0.92785600891462106,0.86479636548396877,0.46374841858914123,0.28281848228139039,4.7553015800867566
More adjustment,46,0.92785600891462106,0.86479636548396877,0.46374841858914123,0.28281848228139039,4.7656510385195014
More adjustment,46.100000000000001,0.92785600891462106,0.86479636548396877,0.46374841858914123,0.28281848228139039,4.7760004969522472
More adjustment,46.200000000000003,0.92785600891462106,0.86479636548396877,0.46374841858914123,0.28281848228139039,4.786349955384992
More adjustment,46.300000000000004,0.92785600891462106,0.86479636548396877,0.46374841858914123,0.28281848228139039,4.7966994138177377
More adjustment,46.400000000000006,0.92785600891462106,0.86479636548396877,0.46374841858914123,0.28281848228139039,4.8070488722504834
More adjustment,46.5,0.92785600891462106,0.86479636548396877,0.46374841858914123,0.28281848228139039,4.8173983306832282
More adjustment,46.600000000000001,0.92785600891462106,0.86479636548396877,0.46374841858914123,0.28281848228139039,4.827747789115973
More adjustment,46.700000000000003,0.92785600891462106,0.86479636548396877,0.46374841858914123,0.28281848228139039,4.8380972475487187
More adjustment,46.800000000000004,0.92785600891462106,0.86479636548396877,0.46374841858914123,0.28281848228139039,4.8484467059814644
More adjustment,46.900000000000006,0.92785600891462106,0.86479636548396877,0.46374841858914123,0.28281848228139039,4.8587961644142101
More adjustment,47,0.92785600891462106,0.86479636548396877,0.46374841858914123,0.28281848228139039,4.8691456228469541
More adjustment,47.100000000000001,0.92785600891462106,0.86479636548396877,0.46374841858914123,0.28281848228139039,4.8794950812796998
More adjustment,47.200000000000003,0.92785600891462106,0.86479636548396877,0.46374841858914123,0.28281848228139039,4.8898445397124455
More adjustment,47.300000000000004,0.92785600891462106,0.86479636548396877,0.46374841858914123,0.28281848228139039,4.9001939981451912
More adjustment,47.400000000000006,0.92785600891462106,0.86479636548396877,0.46374841858914123,0.28281848228139039,4.910543456577936
More adjustment,47.5,0.92785600891462106,0.86479636548396877,0.46374841858914123,0.28281848228139039,4.9208929150106808
More adjustment,47.600000000000001,0.92785600891462106,0.86479636548396877,0.46374841858914123,0.28281848228139039,4.9312423734434265
More adjustment,47.700000000000003,0.92785600891462106,0.86479636548396877,0.46374841858914123,0.28281848228139039,4.9415918318761722
More adjustment,47.800000000000004,0.92785600891462106,0.86479636548396877,0.46374841858914123,0.28281848228139039,4.9519412903089171
More adjustment,47.900000000000006,0.92785600891462106,0.86479636548396877,0.46374841858914123,0.28281848228139039,4.9622907487416628
More adjustment,48,0.92785600891462106,0.86479636548396877,0.46374841858914123,0.28281848228139039,4.9726402071744076
More adjustment,48.100000000000001,0.92785600891462106,0.86479636548396877,0.46374841858914123,0.28281848228139039,4.9829896656071533
More adjustment,48.200000000000003,0.92785600891462106,0.86479636548396877,0.46374841858914123,0.28281848228139039,4.9933391240398981
More adjustment,48.300000000000004,0.92785600891462106,0.86479636548396877,0.46374841858914123,0.28281848228139039,5.0036885824726438
More adjustment,48.400000000000006,0.92785600891462106,0.86479636548396877,0.46374841858914123,0.28281848228139039,5.0140380409053895
More adjustment,48.5,0.92785600891462106,0.86479636548396877,0.46374841858914123,0.28281848228139039,5.0243874993381343
More adjustment,48.600000000000001,0.92785600891462106,0.86479636548396877,0.46374841858914123,0.28281848228139039,5.0347369577708792
More adjustment,48.700000000000003,0.92785600891462106,0.86479636548396877,0.46374841858914123,0.28281848228139039,5.0450864162036249
More adjustment,48.800000000000004,0.92785600891462106,0.86479636548396877,0.46374841858914123,0.28281848228139039,5.0554358746363706
More adjustment,48.900000000000006,0.92785600891462106,0.86479636548396877,0.46374841858914123,0.28281848228139039,5.0657853330691154
More adjustment,49,0.92785600891462106,0.86479636548396877,0.46374841858914123,0.28281848228139039,5.0761347915018602
More adjustment,49.100000000000001,0.92785600891462106,0.86479636548396877,0.46374841858914123,0.28281848228139039,5.0864842499346059
More adjustment,49.200000000000003,0.92785600891462106,0.86479636548396877,0.46374841858914123,0.28281848228139039,5.0968337083673516
More adjustment,49.300000000000004,0.92785600891462106,0.86479636548396877,0.46374841858914123,0.28281848228139039,5.1071831668000964
More adjustment,49.400000000000006,0.92785600891462106,0.86479636548396877,0.46374841858914123,0.28281848228139039,5.1175326252328421
More adjustment,49.5,0.92785600891462106,0.86479636548396877,0.46374841858914123,0.28281848228139039,5.127882083665587
More adjustment,49.600000000000001,0.92785600891462106,0.86479636548396877,0.46374841858914123,0.28281848228139039,5.1382315420983327
More adjustment,49.700000000000003,0.92785600891462106,0.86479636548396877,0.46374841858914123,0.28281848228139039,5.1485810005310775
More adjustment,49.800000000000004,0.92785600891462106,0.86479636548396877,0.46374841858914123,0.28281848228139039,5.1589304589638232
More adjustment,49.900000000000006,0.92785600891462106,0.86479636548396877,0.46374841858914123,0.28281848228139039,5.1692799173965689
More adjustment,50,0.92785600891462106,0.86479636548396877,0.46374841858914123,0.28281848228139039,5.1796293758293137
More adjustment,50.100000000000001,0.92785600891462106,0.86479636548396877,0.46374841858914123,0.28281848228139039,5.1899788342620585
More adjustment,50.200000000000003,0.92785600891462106,0.86479636548396877,0.46374841858914123,0.28281848228139039,5.2003282926948042
More adjustment,50.300000000000004,0.92785600891462106,0.86479636548396877,0.46374841858914123,0.28281848228139039,5.2106777511275499
More adjustment,50.400000000000006,0.92785600891462106,0.86479636548396877,0.46374841858914123,0.28281848228139039,5.2210272095602948
More adjustment,50.5,0.92785600891462106,0.86479636548396877,0.46374841858914123,0.28281848228139039,5.2313766679930396
More adjustment,50.600000000000001,0.92785600891462106,0.86479636548396877,0.46374841858914123,0.28281848228139039,5.2417261264257853
More adjustment,50.700000000000003,0.92785600891462106,0.86479636548396877,0.46374841858914123,0.28281848228139039,5.252075584858531
More adjustment,50.800000000000004,0.92785600891462106,0.86479636548396877,0.46374841858914123,0.28281848228139039,5.2624250432912758
More adjustment,50.900000000000006,0.92785600891462106,0.86479636548396877,0.46374841858914123,0.28281848228139039,5.2727745017240215
More adjustment,51,0.92785600891462106,0.86479636548396877,0.46374841858914123,0.28281848228139039,5.2831239601567663
More adjustment,51.100000000000001,0.92785600891462106,0.86479636548396877,0.46374841858914123,0.28281848228139039,5.293473418589512
More adjustment,51.200000000000003,0.92785600891462106,0.86479636548396877,0.46374841858914123,0.28281848228139039,5.3038228770222569
More adjustment,51.300000000000004,0.92785600891462106,0.86479636548396877,0.46374841858914123,0.28281848228139039,5.3141723354550026
More adjustment,51.400000000000006,0.92785600891462106,0.86479636548396877,0.46374841858914123,0.28281848228139039,5.3245217938877483
More adjustment,51.5,0.92785600891462106,0.86479636548396877,0.46374841858914123,0.28281848228139039,5.3348712523204931
More adjustment,51.600000000000001,0.92785600891462106,0.86479636548396877,0.46374841858914123,0.28281848228139039,5.3452207107532379
More adjustment,51.700000000000003,0.92785600891462106,0.86479636548396877,0.46374841858914123,0.28281848228139039,5.3555701691859836
More adjustment,51.800000000000004,0.92785600891462106,0.86479636548396877,0.46374841858914123,0.28281848228139039,5.3659196276187293
More adjustment,51.900000000000006,0.92785600891462106,0.86479636548396877,0.46374841858914123,0.28281848228139039,5.376269086051475
More adjustment,52,0.92785600891462106,0.86479636548396877,0.46374841858914123,0.28281848228139039,5.386618544484219
More adjustment,52.100000000000001,0.92785600891462106,0.86479636548396877,0.46374841858914123,0.28281848228139039,5.3969680029169647
More adjustment,52.200000000000003,0.92785600891462106,0.86479636548396877,0.46374841858914123,0.28281848228139039,5.4073174613497104
More adjustment,52.300000000000004,0.92785600891462106,0.86479636548396877,0.46374841858914123,0.28281848228139039,5.4176669197824561
More adjustment,52.400000000000006,0.92785600891462106,0.86479636548396877,0.46374841858914123,0.28281848228139039,5.4280163782152009
More adjustment,52.5,0.92785600891462106,0.86479636548396877,0.46374841858914123,0.28281848228139039,5.4383658366479457
More adjustment,52.600000000000001,0.92785600891462106,0.86479636548396877,0.46374841858914123,0.28281848228139039,5.4487152950806914
More adjustment,52.700000000000003,0.92785600891462106,0.86479636548396877,0.46374841858914123,0.28281848228139039,5.4590647535134371
More adjustment,52.800000000000004,0.92785600891462106,0.86479636548396877,0.46374841858914123,0.28281848228139039,5.4694142119461819
More adjustment,52.900000000000006,0.92785600891462106,0.86479636548396877,0.46374841858914123,0.28281848228139039,5.4797636703789276
More adjustment,53,0.92785600891462106,0.86479636548396877,0.46374841858914123,0.28281848228139039,5.4901131288116725
More adjustment,53.100000000000001,0.92785600891462106,0.86479636548396877,0.46374841858914123,0.28281848228139039,5.5004625872444182
More adjustment,53.200000000000003,0.92785600891462106,0.86479636548396877,0.46374841858914123,0.28281848228139039,5.510812045677163
More adjustment,53.300000000000004,0.92785600891462106,0.86479636548396877,0.46374841858914123,0.28281848228139039,5.5211615041099087
More adjustment,53.400000000000006,0.92785600891462106,0.86479636548396877,0.46374841858914123,0.28281848228139039,5.5315109625426544
More adjustment,53.5,0.92785600891462106,0.86479636548396877,0.46374841858914123,0.28281848228139039,5.5418604209753992
More adjustment,53.600000000000001,0.92785600891462106,0.86479636548396877,0.46374841858914123,0.28281848228139039,5.552209879408144
More adjustment,53.700000000000003,0.92785600891462106,0.86479636548396877,0.46374841858914123,0.28281848228139039,5.5625593378408897
More adjustment,53.800000000000004,0.92785600891462106,0.86479636548396877,0.46374841858914123,0.28281848228139039,5.5729087962736354
More adjustment,53.900000000000006,0.92785600891462106,0.86479636548396877,0.46374841858914123,0.28281848228139039,5.5832582547063803
More adjustment,54,0.92785600891462106,0.86479636548396877,0.46374841858914123,0.28281848228139039,5.5936077131391251
More adjustment,54.100000000000001,0.92785600891462106,0.86479636548396877,0.46374841858914123,0.28281848228139039,5.6039571715718708
More adjustment,54.200000000000003,0.92785600891462106,0.86479636548396877,0.46374841858914123,0.28281848228139039,5.6143066300046165
More adjustment,54.300000000000004,0.92785600891462106,0.86479636548396877,0.46374841858914123,0.28281848228139039,5.6246560884373613
More adjustment,54.400000000000006,0.92785600891462106,0.86479636548396877,0.46374841858914123,0.28281848228139039,5.635005546870107
More adjustment,54.5,0.92785600891462106,0.86479636548396877,0.46374841858914123,0.28281848228139039,5.6453550053028518
More adjustment,54.600000000000001,0.92785600891462106,0.86479636548396877,0.46374841858914123,0.28281848228139039,5.6557044637355975
More adjustment,54.700000000000003,0.92785600891462106,0.86479636548396877,0.46374841858914123,0.28281848228139039,5.6660539221683424
More adjustment,54.800000000000004,0.92785600891462106,0.86479636548396877,0.46374841858914123,0.28281848228139039,5.6764033806010881
More adjustment,54.900000000000006,0.92785600891462106,0.86479636548396877,0.46374841858914123,0.28281848228139039,5.6867528390338338
More adjustment,55,0.92785600891462106,0.86479636548396877,0.46374841858914123,0.28281848228139039,5.6971022974665786
More adjustment,55.100000000000001,0.92785600891462106,0.86479636548396877,0.46374841858914123,0.28281848228139039,5.7074517558993234
More adjustment,55.200000000000003,0.92785600891462106,0.86479636548396877,0.46374841858914123,0.28281848228139039,5.7178012143320691
More adjustment,55.300000000000004,0.92785600891462106,0.86479636548396877,0.46374841858914123,0.28281848228139039,5.7281506727648148
More adjustment,55.400000000000006,0.92785600891462106,0.86479636548396877,0.46374841858914123,0.28281848228139039,5.7385001311975605
More adjustment,55.5,0.92785600891462106,0.86479636548396877,0.46374841858914123,0.28281848228139039,5.7488495896303045
More adjustment,55.600000000000001,0.92785600891462106,0.86479636548396877,0.46374841858914123,0.28281848228139039,5.7591990480630502
More adjustment,55.700000000000003,0.92785600891462106,0.86479636548396877,0.46374841858914123,0.28281848228139039,5.7695485064957959
More adjustment,55.800000000000004,0.92785600891462106,0.86479636548396877,0.46374841858914123,0.28281848228139039,5.7798979649285416
More adjustment,55.900000000000006,0.92785600891462106,0.86479636548396877,0.46374841858914123,0.28281848228139039,5.7902474233612864
More adjustment,56,0.92785600891462106,0.86479636548396877,0.46374841858914123,0.28281848228139039,5.8005968817940312
More adjustment,56.100000000000001,0.92785600891462106,0.86479636548396877,0.46374841858914123,0.28281848228139039,5.8109463402267769
More adjustment,56.200000000000003,0.92785600891462106,0.86479636548396877,0.46374841858914123,0.28281848228139039,5.8212957986595226
More adjustment,56.300000000000004,0.92785600891462106,0.86479636548396877,0.46374841858914123,0.28281848228139039,5.8316452570922674
More adjustment,56.400000000000006,0.92785600891462106,0.86479636548396877,0.46374841858914123,0.28281848228139039,5.8419947155250131
More adjustment,56.5,0.92785600891462106,0.86479636548396877,0.46374841858914123,0.28281848228139039,5.852344173957758
More adjustment,56.600000000000001,0.92785600891462106,0.86479636548396877,0.46374841858914123,0.28281848228139039,5.8626936323905037
More adjustment,56.700000000000003,0.92785600891462106,0.86479636548396877,0.46374841858914123,0.28281848228139039,5.8730430908232485
More adjustment,56.800000000000004,0.92785600891462106,0.86479636548396877,0.46374841858914123,0.28281848228139039,5.8833925492559942
More adjustment,56.900000000000006,0.92785600891462106,0.86479636548396877,0.46374841858914123,0.28281848228139039,5.8937420076887399
More adjustment,57,0.92785600891462106,0.86479636548396877,0.46374841858914123,0.28281848228139039,5.9040914661214847
More adjustment,57.100000000000001,0.92785600891462106,0.86479636548396877,0.46374841858914123,0.28281848228139039,5.9144409245542295
More adjustment,57.200000000000003,0.92785600891462106,0.86479636548396877,0.46374841858914123,0.28281848228139039,5.9247903829869752
More adjustment,57.300000000000004,0.92785600891462106,0.86479636548396877,0.46374841858914123,0.28281848228139039,5.935139841419721
More adjustment,57.400000000000006,0.92785600891462106,0.86479636548396877,0.46374841858914123,0.28281848228139039,5.9454892998524658
More adjustment,57.5,0.92785600891462106,0.86479636548396877,0.46374841858914123,0.28281848228139039,5.9558387582852106
More adjustment,57.600000000000001,0.92785600891462106,0.86479636548396877,0.46374841858914123,0.28281848228139039,5.9661882167179563
More adjustment,57.700000000000003,0.92785600891462106,0.86479636548396877,0.46374841858914123,0.28281848228139039,5.976537675150702
More adjustment,57.800000000000004,0.92785600891462106,0.86479636548396877,0.46374841858914123,0.28281848228139039,5.9868871335834468
More adjustment,57.900000000000006,0.92785600891462106,0.86479636548396877,0.46374841858914123,0.28281848228139039,5.9972365920161925
More adjustment,58,0.92785600891462106,0.86479636548396877,0.46374841858914123,0.28281848228139039,6.0075860504489373
More adjustment,58.100000000000001,0.92785600891462106,0.86479636548396877,0.46374841858914123,0.28281848228139039,6.017935508881683
More adjustment,58.200000000000003,0.92785600891462106,0.86479636548396877,0.46374841858914123,0.28281848228139039,6.0282849673144279
More adjustment,58.300000000000004,0.92785600891462106,0.86479636548396877,0.46374841858914123,0.28281848228139039,6.0386344257471736
More adjustment,58.400000000000006,0.92785600891462106,0.86479636548396877,0.46374841858914123,0.28281848228139039,6.0489838841799193
More adjustment,58.5,0.92785600891462106,0.86479636548396877,0.46374841858914123,0.28281848228139039,6.0593333426126641
More adjustment,58.600000000000001,0.92785600891462106,0.86479636548396877,0.46374841858914123,0.28281848228139039,6.0696828010454089
More adjustment,58.700000000000003,0.92785600891462106,0.86479636548396877,0.46374841858914123,0.28281848228139039,6.0800322594781546
More adjustment,58.800000000000004,0.92785600891462106,0.86479636548396877,0.46374841858914123,0.28281848228139039,6.0903817179109003
More adjustment,58.900000000000006,0.92785600891462106,0.86479636548396877,0.46374841858914123,0.28281848228139039,6.1007311763436451
More adjustment,59,0.92785600891462106,0.86479636548396877,0.46374841858914123,0.28281848228139039,6.11108063477639
More adjustment,59.100000000000001,0.92785600891462106,0.86479636548396877,0.46374841858914123,0.28281848228139039,6.1214300932091357
More adjustment,59.200000000000003,0.92785600891462106,0.86479636548396877,0.46374841858914123,0.28281848228139039,6.1317795516418814
More adjustment,59.300000000000004,0.92785600891462106,0.86479636548396877,0.46374841858914123,0.28281848228139039,6.1421290100746262
More adjustment,59.400000000000006,0.92785600891462106,0.86479636548396877,0.46374841858914123,0.28281848228139039,6.1524784685073719
More adjustment,59.5,0.92785600891462106,0.86479636548396877,0.46374841858914123,0.28281848228139039,6.1628279269401167
More adjustment,59.600000000000001,0.92785600891462106,0.86479636548396877,0.46374841858914123,0.28281848228139039,6.1731773853728624
More adjustment,59.700000000000003,0.92785600891462094,0.86479636548396877,0.46374841858914123,0.28281848228139045,6.1835268438056081
More adjustment,59.800000000000004,0.92785600891462094,0.86479636548396877,0.46374841858914123,0.28281848228139045,6.1938763022383529
More adjustment,59.900000000000006,0.92785600891462094,0.86479636548396877,0.46374841858914123,0.28281848228139045,6.2042257606710987
More adjustment,60,0.92785600891462094,0.86479636548396877,0.46374841858914123,0.28281848228139045,6.2145752191038435
Best admissible menu point,0,1.25,0.92414181997875655,0.080000000000000002,0.080000000000000002,0
Best admissible menu point,0.10000000000000001,1.17668189123242,0.91320122777718959,0.1436356368163591,0.10926593587974981,0.012241179026959269
Best admissible menu point,0.20000000000000001,1.1220345763131039,0.9041377231929586,0.19750396664761849,0.13475091940709538,0.024349610327583884
Best admissible menu point,0.30000000000000004,1.0795776516262883,0.89652121148278663,0.24318636318755113,0.15697506130238889,0.036347296953961467
Best admissible menu point,0.40000000000000002,1.045560028390627,0.89003709468624015,0.28198067555237866,0.17637676821262641,0.048251318085221206
Best admissible menu point,0.5,1.0176522457084942,0.88445427644010799,0.31496067662294208,0.19332855082733055,0.0600751481216436
Best admissible menu point,0.60000000000000009,0.99432775081032432,0.87960082348621182,0.34302048760063347,0.20814899148370705,0.071829598442590709
Best admissible menu point,0.70000000000000007,0.97454242146573,0.87534681895990318,0.36690845140571882,0.22111196615122897,0.083523484722100971
Best admissible menu point,0.80000000000000004,0.95755658210138961,0.87159249628416557,0.38725345872706424,0.23245389029632385,0.095164102931852193
Best admissible menu point,0.90000000000000002,0.94283051395743966,0.86826001168432299,0.40458575032123667,0.2423795162355856,0.10675757310278639
Best admissible menu point,1,0.92996028368972539,0.86528768926083288,0.41935358045347715,0.25106664380613802,0.11830909085138069
Best admissible menu point,1.1000000000000001,0.91863681698249666,0.86262594574071771,0.43193671801054145,0.25866999954238845,0.12982311419432127
Best admissible menu point,1.2000000000000002,0.90861895620746791,0.86023436824421662,0.44265748664051285,0.26532446611823551,0.14130350420761159
Best admissible menu point,1.3,0.89971523727467417,0.85807959299995185,0.45178985815971906,0.27114779456108906,0.15275363228251404
Best admissible menu point,1.4000000000000001,0.89177125750046571,0.85613374378939289,0.45956699514154964,0.27624290110153277,0.16417646327417512
Best admissible menu point,1.5,0.88466074653610194,0.85437327180977596,0.46618753226170145,0.28069982204393701,0.17557462045248762
Best admissible menu point,1.6000000000000001,0.87827912899003546,0.85277808209857486,0.47182083170328487,0.28459738709383736,0.18695043705175859
Best admissible menu point,1.7000000000000002,0.87253880275995499,0.85133086795234458,0.47661140208755048,0.28800465927772817,0.19830599777384092
Best admissible menu point,1.8,0.86736563065706129,0.8500166004990245,0.48068261430265097,0.29098217556883171,0.20964317231566368
Best admissible menu point,1.9000000000000001,0.86269628945640453,0.84882213134106121,0.48413984288754419,0.29358302144124399,0.22096364300072052
Best admissible menu point,2,0.85847624457057614,0.84773588111239484,0.48707312303867073,0.29585376271784619,0.23226892766963328
Best admissible menu point,2.1000000000000001,0.85465818168880503,0.84674759239950714,0.48955940609193349,0.29783525639193453,0.243560398911257
Best admissible menu point,2.2000000000000002,0.85120078070213101,0.84584813242250545,0.49166447247938588,0.29956335628870778,0.25483930029356772
Best admissible menu point,2.3000000000000003,0.8480677447740218,0.84502933339715125,0.49344455813847132,0.30106952861602648,0.26610676024942703
Best admissible menu point,2.4000000000000004,0.8452270244213641,0.8442838623837442,0.49494774274565695,0.30238139051378665,0.27736380405540756
Best admissible menu point,2.5,0.84265019126587681,0.84360511415801342,0.4962151310209848,0.30352318059477135,0.28861136421923606
Best admissible menu point,2.6000000000000001,0.84031192797966847,0.84298712225546879,0.49728186073393621,0.30451617096039146,0.29985028956164855
Best admissible menu point,2.7000000000000002,0.83818960861194947,0.84242448430186889,0.49817796356767169,0.30537902825042912,0.31108135322060526
Best admissible menu point,2.8000000000000003,0.83626295065600942,0.84191229888085439,0.49892909953067899,0.30612812997697164,0.32230525973197449
Best admissible menu point,2.9000000000000004,0.83451372433122983,0.84144611173662343,0.4995571906416641,0.30677784351512821,0.3335226513533599
Best admissible menu point,3,0.83292550713197089,0.84102186939335921,0.50008095429753852,0.30734076886784878,0.34473411368983564
Best admissible menu point,3.1000000000000001,0.8314834758322851,0.84063587907869985,0.50051636785313425,0.30782795395396395,0.35594018077214939
Best admissible menu point,3.2000000000000002,0.8301742278793961,0.84028477355028564,0.5008770593403572,0.3082490819168075,0.36714133961836243
Best admissible menu point,3.3000000000000003,0.82898562834437817,0.83996548038943386,0.50117464897984032,0.30861263762618318,0.37833803436904717
Best admissible menu point,3.4000000000000004,0.8279066767809341,0.83967519471399088,0.50141903779850494,0.30892605297482845,0.3895306700289074
Best admissible menu point,3.5,0.82692739106494062,0.83941135489267449,0.50161865448540777,0.30919583453042671,0.40071961586568949
Best admissible menu point,3.6000000000000001,0.82603870592347195,0.839171620940383,0.50178067018984085,0.30942767672374061,0.41190520850774776
Best admissible menu point,3.7000000000000002,0.8252323828354492,0.83895385493802987,0.50191117791470552,0.30962656000410638,0.42308775476318833
Best admissible menu point,3.8000000000000003,0.82450093091646537,0.83875610356357633,0.50201535093376337,0.30979683860432244,0.43426753419657943
Best admissible menu point,3.9000000000000004,0.82383753638597235,0.83857658224178633,0.50209757754473661,0.3099423174156295,0.44544480148183274
Best admissible menu point,4,0.82323599909150758,0.8384136606260657,0.50216157299766018,0.31006631850442984,0.45661978855057994
Best admissible menu point,4.1000000000000005,0.822690676349492,0.83826584958573069,0.50221048042767491,0.31017174121349583,0.46779270656194727
Best admissible menu point,4.2000000000000002,0.8221964319604218,0.83813178920349485,0.50224695385656437,0.31026111386535693,0.4789637477020694
Best admissible menu point,4.2999999999999998,0.82174859026337121,0.83801023781537975,0.50227322916474315,0.31033663917576643,0.49013308683106643
Best admissible menu point,4.4000000000000004,0.82134289525962734,0.83790006215852153,0.50229118945867002,0.31040023579349391,0.50130088299641562
Best admissible menu point,4.5,0.82097547276838723,0.83780022812106114,0.50230241500142947,0.31045357267669665,0.5124672808112064
Best admissible menu point,4.6000000000000005,0.82064279655709804,0.83770979238843601,0.50230822910518391,0.31049810042042558,0.52363241171988117
Best admissible menu point,4.7000000000000002,0.82034165760654598,0.83762789479023292,0.50230973780429333,0.31053507897210608,0.53479639515864963
Best admissible menu point,4.8000000000000007,0.82006913596441133,0.83755375122551434,0.50230786210432077,0.31056560130070865,0.54595933961363907
Best admissible menu point,4.9000000000000004,0.81982257512714907,0.83748664717207533,0.50230336543876342,0.31059061413830563,0.55712134358875431
Best admissible menu point,5,0.81959955898148751,0.8374259318063737,0.5022968799430414,0.31061093734938811,0.56828249649906093
Best admissible menu point,5.1000000000000005,0.81939789049709466,0.83737101252917456,0.5022889262089536,0.31062727981518956,0.57944287948018469
Best admissible menu point,5.2000000000000002,0.81921557227498421,0.83732134993769525,0.50227992979491154,0.31064025321937105,0.59060256612695272
Best admissible menu point,5.3000000000000007,0.81905078897556849,0.83727645326111544,0.50227023742951638,0.31065038505235543,0.60176162317592241
Best admissible menu point,5.4000000000000004,0.81890189115942591,0.83723587614083328,0.50226012961656941,0.31065812949579558,0.61292011112502764
Best admissible menu point,5.5,0.81876738054128373,0.83719921276263609,0.50224983077714347,0.31066387665858147,0.62407808479515015
Best admissible menu point,5.6000000000000005,0.81864589653377495,0.83716609431300559,0.50223951830840563,0.31066796088543958,0.63523559384567263
Best admissible menu point,5.7000000000000002,0.81853620397904991,0.83713618573662563,0.50222933194796748,0.3106706688446596,0.64639268325531174
Best admissible menu point,5.8000000000000007,0.81843718190480108,0.8371091827545436,0.50221937924150806,0.31067224538055482,0.65754939374499533
Best admissible menu point,5.9000000000000004,0.81834781328706352,0.8370848091414852,0.5022097407431253,0.31067289890830768,0.6687057621665955
Best admissible menu point,6,0.81826717568329488,0.83706281422784501,0.50220047545157476,0.31067280666044977,0.67986182186508648
Best admissible menu point,6.1000000000000005,0.81819443265980762,0.83704297060790123,0.50219162477740631,0.31067211896184754,0.69101760300485016
Best admissible menu point,6.2000000000000002,0.81812882604037118,0.83702507206344501,0.50218321558237655,0.31067096276470757,0.70217313286197025
Best admissible menu point,6.3000000000000007,0.81806966883805132,0.83700893166674606,0.50217526269491775,0.31066944471220143,0.71332843609003216
Best admissible menu point,6.4000000000000004,0.81801633872500434,0.83699438002448534,0.50216777153769487,0.31066765411866537,0.72448353496877693
Best admissible menu point,6.5,0.81796827196925104,0.83698126364432535,0.50216074103639685,0.31066566597785322,0.73563844963900282
Best admissible menu point,6.6000000000000005,0.81792495826106615,0.83696944354031289,0.50215416381668443,0.31066354224354886,0.74679319828718527
Best admissible menu point,6.7000000000000002,0.81788593573563573,0.83695879388864214,0.50214802805666658,0.31066133396397727,0.75794779733538509
Best admissible menu point,6.8000000000000007,0.81785078645238296,0.83694920080540369,0.50214231876126481,0.31065908298384182,0.76910226161123019
Best admissible menu point,6.9000000000000004,0.81781913231490544,0.83694056124242311,0.50213701863463267,0.31065682330755434,0.780256604499596
Best admissible menu point,7,0.81779063141037089,0.83693278199581289,0.50213210871865999,0.31065458221659026,0.7914108380777809
Best admissible menu point,7.1000000000000005,0.81776497467444342,0.83692577880193442,0.50212756891129362,0.31065238123839639,0.80256497323837528
Best admissible menu point,7.2000000000000002,0.81774188277275772,0.83691947549128076,0.50212337855941835,0.31065023711322126,0.81371901980515104
Best admissible menu point,7.3000000000000007,0.81772110316413271,0.83691380319099329,0.5021195171622248,0.31064816278938834,0.82487298664342212
Best admissible menu point,7.4000000000000004,0.81770240779421532,0.83690869969867743,0.5021159641742472,0.31064616771597159,0.83602688174106032
Best admissible menu point,7.5,0.81768559071109204,0.83690410883427546,0.50211269943070991,0.31064425854170202,0.84718071229712522
Best admissible menu point,7.6000000000000005,0.81767046593957793,0.83689997986202236,0.50210970337609218,0.3106424396365432,0.85833448479979702
Best admissible menu point,7.7000000000000002,0.81765686558296691,0.83689626697406727,0.50210695718113907,0.31064071349394162,0.86948820509533664
Best admissible menu point,7.8000000000000007,0.81764463812910071,0.83689292882952071,0.50210444280705269,0.31063908105406801,0.88064187844931596
Best admissible menu point,7.9000000000000004,0.81763364691076146,0.83688992813534824,0.50210214304447409,0.31063754197963428,0.89179550960213938
Best admissible menu point,8,0.81762376865637743,0.83688723125168551,0.5021000415825424,0.31063609493643485,0.90294910282160101
Best admissible menu point,8.0999999999999996,0.81761489211301963,0.83688480781670005,0.50209812311777413,0.31063473788921586,0.91410266195318779
Best admissible menu point,8.2000000000000011,0.81760691702418942,0.83688263046815936,0.50209637321207135,0.31063346815024218,0.92525619045560137
Best admissible menu point,8.3000000000000007,0.81759975302292442,0.83688067454175652,0.50209477833666316,0.31063228257823855,0.93640969144084751
Best admissible menu point,8.4000000000000004,0.81759331865644513,0.83687891780524526,0.50209332586547228,0.31063117771752291,0.94756316770920057
Best admissible menu point,8.5,0.81758754052214988,0.83687734022289273,0.50209200404269094,0.31063014989829496,0.95871662177995554
Best admissible menu point,8.5999999999999996,0.8175823525002367,0.83687592374624686,0.50209080194158195,0.31062919531261168,0.96987005591862985
Best admissible menu point,8.7000000000000011,0.81757769505781053,0.83687465212436518,0.50208970942110687,0.31062831007661845,0.98102347216158137
Best admissible menu point,8.8000000000000007,0.81757351459079963,0.83687351072432314,0.50208871709488034,0.31062749029695447,0.99217687233937613
Best admissible menu point,8.9000000000000004,0.81756976279478788,0.83687248635958089,0.50208781631477906,0.31062673214485226,1.0033302580992505
Best admissible menu point,9,0.81756639621796823,0.83687156716804589,0.5020869990911121,0.31062603184668031,1.0144836309204608
Best admissible menu point,9.0999999999999996,0.81756337575938487,0.83687074247517301,0.50208625806617491,0.31062538572879789,1.0256369921320734
Best admissible menu point,9.2000000000000011,0.81756066623083101,0.83687000267442679,0.50208558647716084,0.31062479024343531,1.0367903429283716
Best admissible menu point,9.3000000000000007,0.81755823597124044,0.83686933912206007,0.50208497811523667,0.31062424198294869,1.0479436843823409
Best admissible menu point,9.4000000000000004,0.81755605650551089,0.83686874404401157,0.50208442728542413,0.31062373768752194,1.0590970174575602
Best admissible menu point,9.5,0.81755410223571834,0.8368682104516374,0.50208392876838559,0.31062327424962444,1.0702503430189441
Best admissible menu point,9.6000000000000014,0.8175523501481281,0.83686773206174714,0.502083477787307,0.31062284872106793,1.0814036618429654
Best admissible menu point,9.7000000000000011,0.81755077953178146,0.8368673032197943,0.5020830699802632,0.31062245832375041,1.092556974627513
Best admissible menu point,9.8000000000000007,0.81754937178541098,0.83686691884717823,0.50208270135988942,0.31062210043384136,1.1037102819984461
Best admissible menu point,9.9000000000000004,0.81754811019443807,0.83686657438037282,0.50208236828727926,0.31062177258496271,1.1148635845173627
Best admissible menu point,10,0.81754697973767854,0.83686626571816436,0.5020820674449451,0.31062147246594701,1.1260168826882881
Best admissible menu point,10.100000000000001,0.81754596691809112,0.83686598917544874,0.50208179581050327,0.31062119791564147,1.1371701769635059
Best admissible menu point,10.200000000000001,0.81754505961349788,0.83686574144248249,0.50208155063220694,0.31062094691645237,1.1483234677486838
Best admissible menu point,10.300000000000001,0.81754424694170569,0.8368655195480621,0.50208132940622319,0.31062071758754972,1.1594767554075005
Best admissible menu point,10.4,0.8175435191321947,0.83686532082449505,0.50208112985602338,0.31062050817948589,1.170630040266055
Best admissible menu point,10.5,0.81754286740242899,0.83686514287383329,0.50208094991385566,0.3106203170705229,1.1817833226171321
Best admissible menu point,10.600000000000001,0.81754228387540029,0.83686498354536198,0.50208078770155207,0.31062014275534966,1.1929366027229724
Best admissible menu point,10.700000000000001,0.8175417614821211,0.83686484090897906,0.50208064151457144,0.31061998384015316,1.2040898808186167
Best admissible menu point,10.800000000000001,0.81754129387761454,0.83686471323226008,0.50208050980682928,0.31061983903645629,1.215243157114775
Best admissible menu point,10.9,0.81754087536766962,0.83686459896046039,0.50208039117661529,0.31061970715449899,1.2263964318003167
Best admissible menu point,11,0.81754050084441032,0.83686449669892449,0.50208028435379126,0.31061958709669119,1.2375497050444539
Best admissible menu point,11.100000000000001,0.81754016572816435,0.83686440519721528,0.50208018818803735,0.31061947785133259,1.2487029769987128
Best admissible menu point,11.200000000000001,0.81753986591204775,0.83686432333398364,0.50208010163797712,0.31061937848704774,1.2598562477988109
Best admissible menu point,11.300000000000001,0.81753959770838969,0.83686425010234133,0.50208002376110061,0.310619288147994,1.271009517566482
Best admissible menu point,11.4,0.81753935781387055,0.83686418460034284,0.50207995370497205,0.31061920604732424,1.2821627864106344
Best admissible menu point,11.5,0.8175391432674729,0.83686412601950422,0.50207989069887726,0.31061913146263925,1.2933160544287761
Best admissible menu point,11.600000000000001,0.81753895141443245,0.83686407363496074,0.50207983404619572,0.31061906373134468,1.3044693217082304
Best admissible menu point,11.700000000000001,0.81753877987492463,0.83686402679691752,0.50207978311749146,0.31061900224613082,1.3156225883271868
Best admissible menu point,11.800000000000001,0.81753862651658171,0.83686398492314529,0.50207973734431,0.31061894645072202,1.3267758543556254
Best admissible menu point,11.9,0.81753848942972862,0.83686394749221937,0.50207969621352178,0.3106188958359003,1.3379291198561436
Best admissible menu point,12,0.81753836690373516,0.8368639140370624,0.50207965926202736,0.31061884993587424,1.3490823848847504
Best admissible menu point,12.100000000000001,0.81753825740409458,0.83686388413868629,0.50207962607177026,0.31061880832499111,1.3602356494916377
Best admissible menu point,12.200000000000001,0.81753815955782227,0.83686385742220537,0.50207959626581966,0.31061877061430254,1.3713889137216599
Best admissible menu point,12.300000000000001,0.81753807213553442,0.83686383355194316,0.50207956950432286,0.31061873644868604,1.3825421776149358
Best admissible menu point,12.4,0.81753799403615135,0.8368638122272557,0.5020795454808944,0.31061870550409554,1.3936954412073579
Best admissible menu point,12.5,0.81753792427365168,0.83686379317891513,0.50207952391939392,0.31061867748498778,1.4048487045310329
Best admissible menu point,12.600000000000001,0.81753786196547218,0.8368637761659421,0.50207950457105754,0.31061865212195772,1.4160019676146678
Best admissible menu point,12.700000000000001,0.81753780632206641,0.83686376097275483,0.50207948721189077,0.31061862916955119,1.4271552304839146
Best admissible menu point,12.800000000000001,0.81753775663691719,0.83686374740644243,0.50207947164021305,0.31061860840423933,1.4383084931617025
Best admissible menu point,12.9,0.81753771227683603,0.83686373529411562,0.50207945767432138,0.31061858962254141,1.4494617556685612
Best admissible menu point,13,0.81753767267590149,0.83686372448125246,0.50207944515077763,0.3106185726393248,1.4606150180228181
Best admissible menu point,13.100000000000001,0.81753763732789897,0.83686371482963351,0.50207943392253707,0.3106185572862209,1.4717682802408494
Best admissible menu point,13.200000000000001,0.81753760577989387,0.83686370621558692,0.50207942385730309,0.31061854341016293,1.4829215423372917
Best admissible menu point,13.300000000000001,0.81753757762668255,0.83686369852847398,0.50207941483607532,0.31061853087204694,1.4940748043252259
Best admissible menu point,13.4,0.8175375525059414,0.83686369166936347,0.50207940675186224,0.31061851954551711,1.505228066216336
Best admissible menu point,13.5,0.81753753009386543,0.83686368554984236,0.5020793995085171,0.31061850931585,1.5163813280210521
Best admissible menu point,13.600000000000001,0.81753751010098985,0.8368636800908732,0.50207939301963356,0.31061850007891262,1.5275345897486887
Best admissible menu point,13.700000000000001,0.81753749226812455,0.83686367522168559,0.5020793872074879,0.31061849174018441,1.5386878514075775
Best admissible menu point,13.800000000000001,0.81753747636385699,0.8368636708790933,0.50207938200230462,0.31061848421394683,1.5498411130051488
Best admissible menu point,13.9,0.81753746218139378,0.83686366700663206,0.50207937734141639,0.31061847742247506,1.5609943745480364
Best admissible menu point,14,0.81753744953588425,0.83686366355382957,0.50207937316853479,0.31061847129530745,1.5721476360421627
Best admissible menu point,14.100000000000001,0.81753743826211656,0.83686366047557526,0.50207936943311116,0.31061846576858582,1.5833008974928162
Best admissible menu point,14.200000000000001,0.81753742821250597,0.83686365773157179,0.50207936608977222,0.31061846078446159,1.5944541589047156
Best admissible menu point,14.300000000000001,0.81753741925528911,0.83686365528584172,0.50207936309781032,0.31061845629055274,1.6056074202820696
Best admissible menu point,14.4,0.817537411272791,0.83686365310625455,0.50207936042069912,0.31061845223943474,1.6167606816286326
Best admissible menu point,14.5,0.81753740415973641,0.83686365116406503,0.50207935802562831,0.3106184485881589,1.62791394294776
Best admissible menu point,14.600000000000001,0.81753739782222901,0.83686364943363556,0.50207935588318953,0.31061844529787519,1.6390672042424419
Best admissible menu point,14.700000000000001,0.81753739217644306,0.83686364789207757,0.50207935396700987,0.31061844233343983,1.6502204655153436
Best admissible menu point,14.800000000000001,0.81753738714751845,0.83686364651895095,0.50207935225343414,0.31061843966306479,1.661373726768844
Best admissible menu point,14.9,0.81753738266861176,0.83686364529600454,0.50207935072124943,0.31061843725800448,1.6725269880050642
Best admissible menu point,15,0.81753737868006915,0.83686364420694981,0.50207934935144116,0.31061843509227532,1.6836802492258958
Best admissible menu point,15.100000000000001,0.81753737512868441,0.83686364323725926,0.50207934812697386,0.31061843314240117,1.6948335104330239
Best admissible menu point,15.200000000000001,0.81753737196698639,0.83686364237397093,0.50207934703258272,0.31061843138717188,1.7059867716279498
Best admissible menu point,15.300000000000001,0.81753736915254305,0.83686364160549909,0.50207934605457305,0.31061842980741344,1.7171400328120143
Best admissible menu point,15.4,0.8175373666475475,0.83686364092152066,0.50207934518068686,0.31061842838581899,1.7282932939864113
Best admissible menu point,15.5,0.81753736441828084,0.83686364031282878,0.50207934439994562,0.31061842710676291,1.7394465551522038
Best admissible menu point,15.600000000000001,0.81753736243465869,0.83686363977120926,0.50207934370251461,0.31061842595613814,1.7505998163103398
Best admissible menu point,15.700000000000001,0.8175373606698445,0.83686363928933416,0.50207934307958546,0.31061842492121106,1.761753077461663
Best admissible menu point,15.800000000000001,0.81753735909991165,0.8368636388606705,0.50207934252327235,0.31061842399049261,1.7729063386069257
Best admissible menu point,15.9,0.81753735770354019,0.83686363847939715,0.50207934202651949,0.31061842315362093,1.7840595997467974
Best admissible menu point,16,0.81753735646172698,0.83686363814032549,0.50207934158301215,0.31061842240125093,1.7952128608818738
Best admissible menu point,16.100000000000001,0.81753735535750216,0.83686363783882145,0.50207934118709086,0.31061842172494813,1.806366122012687
Best admissible menu point,16.199999999999999,0.81753735437576058,0.8368636375707611,0.50207934083369676,0.31061842111711269,1.8175193831397085
Best admissible menu point,16.300000000000001,0.81753735350304402,0.83686363733246949,0.50207934051830438,0.31061842057089428,1.8286726442633601
Best admissible menu point,16.400000000000002,0.81753735272735628,0.83686363712067113,0.50207934023686407,0.31061842008011831,1.8398259053840158
Best admissible menu point,16.5,0.8175373520380067,0.83686363693244725,0.50207933998575283,0.31061841963921977,1.8509791665020088
Best admissible menu point,16.600000000000001,0.81753735142547335,0.83686363676519748,0.50207933976173102,0.31061841924318578,1.8621324276176361
Best admissible menu point,16.699999999999999,0.8175373508812811,0.83686363661660823,0.50207933956190398,0.31061841888750213,1.8732856887311606
Best admissible menu point,16.800000000000001,0.81753735039788333,0.83686363648461848,0.5020793393836841,0.31061841856810379,1.884438949842818
Best admissible menu point,16.900000000000002,0.81753734996854599,0.83686363636738981,0.50207933922475312,0.31061841828132675,1.8955922109528165
Best admissible menu point,17,0.81753734958728197,0.83686363626328719,0.50207933908304214,0.31061841802387458,1.9067454720613415
Best admissible menu point,17.100000000000001,0.81753734924876265,0.83686363617085602,0.50207933895670276,0.31061841779278054,1.9178987331685586
Best admissible menu point,17.199999999999999,0.81753734894824315,0.83686363608880032,0.50207933884408218,0.3106184175853739,1.9290519942746143
Best admissible menu point,17.300000000000001,0.81753734868149885,0.83686363601596692,0.50207933874370381,0.31061841739925106,1.9402052553796392
Best admissible menu point,17.400000000000002,0.81753734844477144,0.83686363595132951,0.50207933865424881,0.31061841723224981,1.9513585164837493
Best admissible menu point,17.5,0.81753734823471913,0.83686363589397561,0.50207933857453912,0.31061841708242577,1.9625117775870469
Best admissible menu point,17.600000000000001,0.81753734804836919,0.83686363584309353,0.50207933850352315,0.31061841694803044,1.9736650386896246
Best admissible menu point,17.699999999999999,0.81753734788307186,0.83686363579795975,0.50207933844026043,0.31061841682748947,1.9848182997915627
Best admissible menu point,17.800000000000001,0.81753734773647369,0.83686363575793188,0.50207933838391228,0.31061841671938867,1.9959715608929345
Best admissible menu point,17.900000000000002,0.81753734760648267,0.83686363572243838,0.50207933833372964,0.31061841662245671,2.0071248219938034
Best admissible menu point,18,0.81753734749123763,0.83686363569097111,0.50207933828904427,0.3106184165355505,2.0182780830942266
Best admissible menu point,18.100000000000001,0.8175373473890839,0.83686363566307842,0.50207933824925899,0.31061841645764288,2.0294313441942546
Best admissible menu point,18.199999999999999,0.81753734729855032,0.83686363563835875,0.50207933821384143,0.31061841638781063,2.0405846052939327
Best admissible menu point,18.300000000000001,0.81753734721833027,0.83686363561645494,0.50207933818231654,0.31061841632522458,2.0517378663933004
Best admissible menu point,18.400000000000002,0.81753734714726267,0.83686363559705024,0.50207933815426031,0.31061841626914005,2.0628911274923931
Best admissible menu point,18.5,0.81753734708431458,0.83686363557986243,0.50207933812929473,0.31061841621888747,2.0740443885912421
Best admissible menu point,18.600000000000001,0.81753734702856939,0.83686363556464149,0.50207933810708216,0.31061841617386593,2.0851976496898761
Best admissible menu point,18.699999999999999,0.81753734697921254,0.83686363555116472,0.50207933808732208,0.31061841613353586,2.0963509107883183
Best admissible menu point,18.800000000000001,0.81753734693552094,0.83686363553923504,0.50207933806974603,0.31061841609741275,2.1075041718865917
Best admissible menu point,18.900000000000002,0.81753734689685209,0.8368636355286766,0.50207933805411487,0.31061841606506163,2.1186574329847154
Best admissible menu point,19,0.81753734686263535,0.83686363551933396,0.5020793380402151,0.31061841603609197,2.1298106940827064
Best admissible menu point,19.100000000000001,0.81753734683236501,0.83686363551106868,0.5020793380278572,0.3106184160101535,2.140963955180581
Best admissible menu point,19.200000000000003,0.81753734680559187,0.83686363550375853,0.5020793380168721,0.31061841598693185,2.1521172162783513
Best admissible menu point,19.300000000000001,0.8175373467819167,0.83686363549729403,0.50207933800710813,0.31061841596614487,2.1632704773760301
Best admissible menu point,19.400000000000002,0.81753734676098599,0.83686363549157905,0.50207933799843107,0.31061841594753947,2.174423738473628
Best admissible menu point,19.5,0.81753734674248568,0.83686363548652754,0.50207933799072091,0.31061841593088868,2.1855769995711536
Best admissible menu point,19.600000000000001,0.81753734672613765,0.83686363548206377,0.50207933798387094,0.31061841591598893,2.1967302606686165
Best admissible menu point,19.700000000000003,0.81753734671169487,0.83686363547812026,0.50207933797778648,0.31061841590265743,2.2078835217660235
Best admissible menu point,19.800000000000001,0.81753734669893852,0.83686363547463716,0.50207933797238324,0.31061841589073047,2.2190367828633804
Best admissible menu point,19.900000000000002,0.81753734668767442,0.83686363547156162,0.50207933796758508,0.31061841588006156,2.2301900439606945
Best admissible menu point,20,0.81753734667773059,0.83686363546884646,0.50207933796332416,0.31061841587051936,2.2413433050579692
Best admissible menu point,20.100000000000001,0.8175373466689545,0.83686363546645026,0.50207933795954185,0.31061841586198546,2.2524965661552105
Best admissible menu point,20.200000000000003,0.81753734666121136,0.83686363546433595,0.50207933795618498,0.31061841585435424,2.2636498272524217
Best admissible menu point,20.300000000000001,0.81753734665438127,0.83686363546247111,0.50207933795320603,0.31061841584753108,2.2748030883496062
Best admissible menu point,20.400000000000002,0.81753734664835853,0.83686363546082643,0.50207933795056292,0.31061841584143107,2.2859563494467676
Best admissible menu point,20.5,0.817537346643049,0.83686363545937681,0.50207933794821791,0.31061841583597805,2.2971096105439077
Best admissible menu point,20.600000000000001,0.81753734663836986,0.83686363545809916,0.50207933794613746,0.310618415831104,2.3082628716410305
Best admissible menu point,20.700000000000003,0.81753734663424726,0.83686363545697351,0.50207933794429249,0.3106184158267481,2.3194161327381373
Best admissible menu point,20.800000000000001,0.81753734663061639,0.83686363545598208,0.50207933794265769,0.31061841582285599,2.3305693938352294
Best admissible menu point,20.900000000000002,0.8175373466274195,0.83686363545510922,0.50207933794120818,0.31061841581937827,2.34172265493231
Best admissible menu point,21,0.81753734662460587,0.83686363545434095,0.50207933793992332,0.3106184158162712,2.3528759160293786
Best admissible menu point,21.100000000000001,0.81753734662213029,0.83686363545366504,0.50207933793878468,0.31061841581349575,2.3640291771264383
Best admissible menu point,21.200000000000003,0.81753734661995281,0.83686363545307041,0.5020793379377757,0.31061841581101673,2.3751824382234896
Best admissible menu point,21.300000000000001,0.81753734661803823,0.83686363545254772,0.5020793379368822,0.31061841580880256,2.3863356993205329
Best admissible menu point,21.400000000000002,0.81753734661635524,0.83686363545208819,0.50207933793609105,0.31061841580682514,2.3974889604175704
Best admissible menu point,21.5,0.81753734661487687,0.83686363545168452,0.5020793379353905,0.31061841580505961,2.4086422215146013
Best admissible menu point,21.600000000000001,0.81753734661357902,0.83686363545133013,0.50207933793476978,0.31061841580348382,2.4197954826116277
Best admissible menu point,21.700000000000003,0.81753734661243971,0.83686363545101916,0.50207933793422044,0.310618415802077,2.4309487437086497
Best admissible menu point,21.800000000000001,0.81753734661144006,0.83686363545074605,0.50207933793373449,0.31061841580082128,2.4421020048056676
Best admissible menu point,21.900000000000002,0.81753734661056321,0.83686363545050668,0.5020793379333045,0.31061841579970056,2.4532552659026821
Best admissible menu point,22,0.81753734660979471,0.83686363545029674,0.50207933793292414,0.31061841579870048,2.4644085269996934
Best admissible menu point,22.100000000000001,0.81753734660912147,0.836863635450113,0.50207933793258774,0.31061841579780802,2.4755617880967025
Best admissible menu point,22.200000000000003,0.81753734660853195,0.83686363544995201,0.50207933793229043,0.31061841579701166,2.4867150491937093
Best admissible menu point,22.300000000000001,0.81753734660801591,0.83686363544981113,0.50207933793202764,0.31061841579630134,2.4978683102907135
Best admissible menu point,22.400000000000002,0.81753734660756416,0.83686363544968778,0.50207933793179527,0.31061841579566807,2.5090215713877169
Best admissible menu point,22.5,0.81753734660716926,0.83686363544957987,0.50207933793158988,0.31061841579510319,2.520174832484718
Best admissible menu point,22.600000000000001,0.81753734660682431,0.83686363544948583,0.50207933793140858,0.31061841579459942,2.5313280935817182
Best admissible menu point,22.700000000000003,0.81753734660652311,0.83686363544940356,0.50207933793124848,0.31061841579415028,2.5424813546787171
Best admissible menu point,22.800000000000001,0.8175373466062601,0.83686363544933173,0.50207933793110704,0.31061841579374977,2.5536346157757146
Best admissible menu point,22.900000000000002,0.81753734660603095,0.83686363544926923,0.50207933793098236,0.31061841579339283,2.5647878768727117
Best admissible menu point,23,0.81753734660583166,0.83686363544921483,0.50207933793087278,0.3106184157930747,2.5759411379697075
Best admissible menu point,23.100000000000001,0.81753734660565802,0.83686363544916731,0.50207933793077597,0.3106184157927912,2.5870943990667032
Best admissible menu point,23.200000000000003,0.81753734660550637,0.83686363544912601,0.50207933793068993,0.31061841579253852,2.5982476601636981
Best admissible menu point,23.300000000000001,0.81753734660537469,0.83686363544909004,0.50207933793061432,0.31061841579231336,2.6094009212606926
Best admissible menu point,23.400000000000002,0.81753734660526045,0.83686363544905884,0.50207933793054771,0.31061841579211275,2.6205541823576866
Best admissible menu point,23.5,0.81753734660516131,0.83686363544903175,0.50207933793048898,0.31061841579193411,2.6317074434546797
Best admissible menu point,23.600000000000001,0.81753734660507538,0.83686363544900821,0.50207933793043724,0.31061841579177507,2.6428607045516732
Best admissible menu point,23.700000000000003,0.81753734660500121,0.83686363544898801,0.50207933793039194,0.31061841579163346,2.6540139656486663
Best admissible menu point,23.800000000000001,0.81753734660493738,0.83686363544897058,0.5020793379303522,0.3106184157915074,2.6651672267456585
Best admissible menu point,23.900000000000002,0.81753734660488209,0.83686363544895559,0.50207933793031723,0.31061841579139504,2.6763204878426512
Best admissible menu point,24,0.81753734660483368,0.83686363544894238,0.50207933793028592,0.31061841579129496,2.6874737489396434
Best admissible menu point,24.100000000000001,0.81753734660479216,0.83686363544893094,0.5020793379302585,0.31061841579120592,2.6986270100366356
Best admissible menu point,24.200000000000003,0.81753734660475663,0.83686363544892117,0.50207933793023451,0.31061841579112665,2.7097802711336274
Best admissible menu point,24.300000000000001,0.81753734660472599,0.83686363544891296,0.50207933793021353,0.31061841579105615,2.7209335322306192
Best admissible menu point,24.400000000000002,0.81753734660469979,0.83686363544890563,0.50207933793019499,0.31061841579099336,2.732086793327611
Best admissible menu point,24.5,0.81753734660467747,0.83686363544889952,0.50207933793017867,0.31061841579093757,2.7432400544246023
Best admissible menu point,24.600000000000001,0.81753734660465849,0.83686363544889442,0.50207933793016413,0.310618415790888,2.7543933155215941
Best admissible menu point,24.700000000000003,0.81753734660464228,0.83686363544889009,0.50207933793015136,0.31061841579084393,2.7655465766185858
Best admissible menu point,24.800000000000001,0.81753734660462829,0.8368636354488862,0.50207933793014048,0.31061841579080457,2.7766998377155767
Best admissible menu point,24.900000000000002,0.81753734660461641,0.83686363544888287,0.50207933793013104,0.3106184157907696,2.7878530988125685
Best admissible menu point,25,0.81753734660460642,0.83686363544888032,0.5020793379301226,0.31061841579073857,2.7990063599095594
Best admissible menu point,25.100000000000001,0.81753734660459809,0.83686363544887798,0.50207933793011528,0.31061841579071092,2.8101596210065507
Best admissible menu point,25.200000000000003,0.81753734660459099,0.8368636354488761,0.50207933793010884,0.31061841579068639,2.821312882103542
Best admissible menu point,25.300000000000001,0.81753734660458499,0.83686363544887432,0.50207933793010329,0.31061841579066479,2.8324661432005334
Best admissible menu point,25.400000000000002,0.81753734660458011,0.83686363544887299,0.50207933793009851,0.31061841579064586,2.8436194042975247
Best admissible menu point,25.5,0.81753734660457611,0.83686363544887188,0.5020793379300944,0.31061841579062893,2.8547726653945156
Best admissible menu point,25.600000000000001,0.81753734660457278,0.8368636354488711,0.50207933793009041,0.31061841579061328,2.8659259264915069
Best admissible menu point,25.700000000000003,0.81753734660457011,0.83686363544887032,0.50207933793008708,0.31061841579059957,2.8770791875884982
Best admissible menu point,25.800000000000001,0.81753734660456789,0.83686363544886966,0.5020793379300843,0.31061841579058747,2.8882324486854891
Best admissible menu point,25.900000000000002,0.81753734660456612,0.83686363544886921,0.50207933793008164,0.31061841579057675,2.8993857097824804
Best admissible menu point,26,0.81753734660456467,0.83686363544886877,0.50207933793007931,0.31061841579056726,2.9105389708794718
Best admissible menu point,26.100000000000001,0.81753734660456334,0.83686363544886844,0.50207933793007764,0.31061841579055882,2.9216922319764631
Best admissible menu point,26.200000000000003,0.81753734660456234,0.8368636354488681,0.50207933793007675,0.31061841579055138,2.9328454930734544
Best admissible menu point,26.300000000000001,0.81753734660456179,0.83686363544886799,0.50207933793007586,0.31061841579054472,2.9439987541704453
Best admissible menu point,26.400000000000002,0.81753734660456157,0.83686363544886799,0.5020793379300742,0.31061841579053878,2.9551520152674362
Best admissible menu point,26.5,0.81753734660456145,0.83686363544886799,0.50207933793007287,0.31061841579053356,2.9663052763644271
Best admissible menu point,26.600000000000001,0.81753734660456134,0.83686363544886799,0.50207933793007187,0.3106184157905289,2.9774585374614184
Best admissible menu point,26.700000000000003,0.81753734660456134,0.83686363544886799,0.50207933793007098,0.31061841579052474,2.9886117985584097
Best admissible menu point,26.800000000000001,0.81753734660456134,0.83686363544886799,0.50207933793007009,0.31061841579052113,2.9997650596554006
Best admissible menu point,26.900000000000002,0.81753734660456145,0.83686363544886799,0.50207933793006965,0.31061841579051791,3.010918320752392
Best admissible menu point,27,0.81753734660456179,0.83686363544886799,0.50207933793006954,0.31061841579051497,3.0220715818493828
Best admissible menu point,27.100000000000001,0.81753734660456223,0.8368636354488681,0.50207933793006942,0.3106184157905123,3.0332248429463742
Best admissible menu point,27.200000000000003,0.81753734660456234,0.8368636354488681,0.50207933793006876,0.31061841579051008,3.0443781040433655
Best admissible menu point,27.300000000000001,0.81753734660456245,0.8368636354488681,0.5020793379300682,0.31061841579050814,3.0555313651403564
Best admissible menu point,27.400000000000002,0.81753734660456279,0.83686363544886833,0.50207933793006787,0.31061841579050636,3.0666846262373477
Best admissible menu point,27.5,0.81753734660456301,0.83686363544886833,0.50207933793006754,0.31061841579050481,3.0778378873343386
Best admissible menu point,27.600000000000001,0.81753734660456334,0.83686363544886844,0.5020793379300672,0.31061841579050342,3.0889911484313299
Best admissible menu point,27.700000000000003,0.81753734660456368,0.83686363544886866,0.5020793379300672,0.31061841579050214,3.1001444095283213
Best admissible menu point,27.800000000000001,0.81753734660456423,0.83686363544886866,0.50207933793006765,0.31061841579050098,3.1112976706253122
Best admissible menu point,27.900000000000002,0.81753734660456467,0.83686363544886877,0.50207933793006787,0.31061841579049998,3.1224509317223035
Best admissible menu point,28,0.81753734660456479,0.83686363544886888,0.50207933793006743,0.3106184157904992,3.1336041928192944
Best admissible menu point,28.100000000000001,0.8175373466045649,0.83686363544886888,0.50207933793006709,0.31061841579049848,3.1447574539162857
Best admissible menu point,28.200000000000003,0.81753734660456512,0.83686363544886888,0.50207933793006687,0.31061841579049781,3.155910715013277
Best admissible menu point,28.300000000000001,0.81753734660456534,0.83686363544886888,0.50207933793006665,0.31061841579049726,3.1670639761102679
Best admissible menu point,28.400000000000002,0.81753734660456534,0.83686363544886888,0.50207933793006632,0.3106184157904967,3.1782172372072592
Best admissible menu point,28.5,0.81753734660456556,0.8368636354488691,0.50207933793006643,0.31061841579049632,3.1893704983042501
Best admissible menu point,28.600000000000001,0.8175373466045659,0.83686363544886921,0.50207933793006709,0.31061841579049598,3.2005237594012415
Best admissible menu point,28.700000000000003,0.81753734660456623,0.83686363544886921,0.50207933793006754,0.31061841579049565,3.2116770204982328
Best admissible menu point,28.800000000000001,0.81753734660456634,0.83686363544886921,0.50207933793006687,0.31061841579049526,3.2228302815952237
Best admissible menu point,28.900000000000002,0.81753734660456645,0.83686363544886921,0.50207933793006654,0.31061841579049498,3.233983542692215
Best admissible menu point,29,0.81753734660456656,0.83686363544886944,0.50207933793006654,0.31061841579049471,3.2451368037892059
Best admissible menu point,29.100000000000001,0.81753734660456667,0.83686363544886944,0.50207933793006643,0.31061841579049448,3.2562900648861972
Best admissible menu point,29.200000000000003,0.81753734660456678,0.83686363544886944,0.50207933793006621,0.31061841579049432,3.2674433259831885
Best admissible menu point,29.300000000000001,0.81753734660456689,0.83686363544886944,0.50207933793006632,0.31061841579049421,3.2785965870801794
Best admissible menu point,29.400000000000002,0.81753734660456712,0.83686363544886955,0.50207933793006687,0.31061841579049415,3.2897498481771708
Best admissible menu point,29.5,0.81753734660456723,0.83686363544886955,0.50207933793006732,0.31061841579049404,3.3009031092741616
Best admissible menu point,29.600000000000001,0.81753734660456734,0.83686363544886955,0.50207933793006687,0.31061841579049382,3.312056370371153
Best admissible menu point,29.700000000000003,0.81753734660456734,0.83686363544886955,0.50207933793006654,0.31061841579049371,3.3232096314681443
Best admissible menu point,29.800000000000001,0.81753734660456745,0.83686363544886955,0.50207933793006654,0.3106184157904936,3.3343628925651352
Best admissible menu point,29.900000000000002,0.81753734660456745,0.83686363544886955,0.50207933793006643,0.31061841579049354,3.3455161536621265
Best admissible menu point,30,0.81753734660456745,0.83686363544886955,0.50207933793006621,0.31061841579049343,3.3566694147591174
Best admissible menu point,30.100000000000001,0.81753734660456756,0.83686363544886955,0.50207933793006632,0.31061841579049332,3.3678226758561087
Best admissible menu point,30.200000000000003,0.81753734660456767,0.83686363544886966,0.50207933793006687,0.31061841579049321,3.3789759369531001
Best admissible menu point,30.300000000000001,0.81753734660456789,0.83686363544886966,0.5020793379300672,0.31061841579049315,3.3901291980500909
Best admissible menu point,30.400000000000002,0.81753734660456778,0.83686363544886966,0.50207933793006676,0.31061841579049315,3.4012824591470823
Best admissible menu point,30.5,0.81753734660456778,0.83686363544886966,0.50207933793006665,0.31061841579049315,3.4124357202440736
Best admissible menu point,30.600000000000001,0.81753734660456778,0.83686363544886966,0.50207933793006654,0.3106184157904931,3.4235889813410645
Best admissible menu point,30.700000000000003,0.81753734660456778,0.83686363544886966,0.50207933793006643,0.3106184157904931,3.4347422424380558
Best admissible menu point,30.800000000000001,0.81753734660456778,0.83686363544886966,0.50207933793006643,0.31061841579049304,3.4458955035350467
Best admissible menu point,30.900000000000002,0.81753734660456767,0.83686363544886966,0.50207933793006632,0.31061841579049304,3.457048764632038
Best admissible menu point,31,0.81753734660456789,0.83686363544886966,0.50207933793006643,0.31061841579049304,3.4682020257290289
Best admissible menu point,31.100000000000001,0.817537346604568,0.83686363544886966,0.50207933793006643,0.31061841579049304,3.4793552868260202
Best admissible menu point,31.200000000000003,0.81753734660456789,0.83686363544886966,0.50207933793006632,0.31061841579049299,3.4905085479230116
Best admissible menu point,31.300000000000001,0.81753734660456789,0.83686363544886966,0.50207933793006632,0.31061841579049299,3.5016618090200029
Best admissible menu point,31.400000000000002,0.81753734660456789,0.83686363544886966,0.50207933793006632,0.31061841579049299,3.5128150701169938
Best admissible menu point,31.5,0.81753734660456789,0.83686363544886966,0.50207933793006632,0.31061841579049299,3.5239683312139851
Best admissible menu point,31.600000000000001,0.81753734660456789,0.83686363544886966,0.50207933793006621,0.31061841579049299,3.535121592310976
Best admissible menu point,31.700000000000003,0.81753734660456789,0.83686363544886966,0.50207933793006621,0.31061841579049293,3.5462748534079673
Best admissible menu point,31.800000000000001,0.817537346604568,0.83686363544886966,0.50207933793006621,0.31061841579049293,3.5574281145049582
Best admissible menu point,31.900000000000002,0.817537346604568,0.83686363544886966,0.50207933793006621,0.31061841579049293,3.5685813756019495
Best admissible menu point,32,0.817537346604568,0.83686363544886966,0.50207933793006621,0.31061841579049293,3.5797346366989409
Best admissible menu point,32.100000000000001,0.817537346604568,0.83686363544886966,0.50207933793006621,0.31061841579049293,3.5908878977959322
Best admissible menu point,32.200000000000003,0.817537346604568,0.83686363544886966,0.50207933793006621,0.31061841579049293,3.6020411588929231
Best admissible menu point,32.300000000000004,0.817537346604568,0.83686363544886966,0.50207933793006621,0.31061841579049293,3.6131944199899144
Best admissible menu point,32.399999999999999,0.817537346604568,0.83686363544886966,0.50207933793006621,0.31061841579049293,3.6243476810869049
Best admissible menu point,32.5,0.81753734660456823,0.83686363544886988,0.50207933793006621,0.31061841579049293,3.6355009421838962
Best admissible menu point,32.600000000000001,0.81753734660456845,0.83686363544886988,0.50207933793006621,0.31061841579049293,3.6466542032808875
Best admissible menu point,32.700000000000003,0.81753734660456856,0.83686363544886988,0.50207933793006621,0.31061841579049293,3.6578074643778788
Best admissible menu point,32.800000000000004,0.81753734660456845,0.83686363544886988,0.50207933793006621,0.31061841579049293,3.6689607254748702
Best admissible menu point,32.899999999999999,0.81753734660456834,0.83686363544886988,0.50207933793006621,0.31061841579049293,3.6801139865718611
Best admissible menu point,33,0.81753734660456834,0.83686363544886988,0.50207933793006621,0.31061841579049293,3.6912672476688524
Best admissible menu point,33.100000000000001,0.81753734660456834,0.83686363544886988,0.50207933793006621,0.31061841579049293,3.7024205087658433
Best admissible menu point,33.200000000000003,0.81753734660456834,0.83686363544886988,0.50207933793006621,0.31061841579049293,3.7135737698628346
Best admissible menu point,33.300000000000004,0.81753734660456812,0.83686363544886966,0.50207933793006621,0.31061841579049287,3.7247270309598259
Best admissible menu point,33.399999999999999,0.81753734660456789,0.83686363544886966,0.50207933793006621,0.31061841579049293,3.7358802920568168
Best admissible menu point,33.5,0.81753734660456767,0.83686363544886966,0.50207933793006621,0.31061841579049293,3.7470335531538081
Best admissible menu point,33.600000000000001,0.81753734660456789,0.83686363544886966,0.50207933793006621,0.31061841579049293,3.7581868142507995
Best admissible menu point,33.700000000000003,0.817537346604568,0.83686363544886966,0.50207933793006621,0.31061841579049293,3.7693400753477908
Best admissible menu point,33.800000000000004,0.817537346604568,0.83686363544886966,0.50207933793006621,0.31061841579049293,3.7804933364447821
Best admissible menu point,33.899999999999999,0.817537346604568,0.83686363544886966,0.50207933793006621,0.31061841579049293,3.7916465975417726
Best admissible menu point,34,0.817537346604568,0.83686363544886966,0.50207933793006621,0.31061841579049293,3.8027998586387639
Best admissible menu point,34.100000000000001,0.81753734660456823,0.83686363544886988,0.50207933793006621,0.31061841579049293,3.8139531197357552
Best admissible menu point,34.200000000000003,0.81753734660456845,0.83686363544886988,0.50207933793006621,0.31061841579049293,3.8251063808327466
Best admissible menu point,34.300000000000004,0.81753734660456856,0.83686363544886988,0.50207933793006621,0.31061841579049293,3.8362596419297379
Best admissible menu point,34.399999999999999,0.81753734660456845,0.83686363544886988,0.50207933793006621,0.31061841579049293,3.8474129030267283
Best admissible menu point,34.5,0.81753734660456834,0.83686363544886988,0.50207933793006621,0.31061841579049293,3.8585661641237197
Best admissible menu point,34.600000000000001,0.81753734660456834,0.83686363544886988,0.50207933793006621,0.31061841579049293,3.869719425220711
Best admissible menu point,34.700000000000003,0.81753734660456834,0.83686363544886988,0.50207933793006621,0.31061841579049293,3.8808726863177023
Best admissible menu point,34.800000000000004,0.81753734660456834,0.83686363544886988,0.50207933793006621,0.31061841579049293,3.8920259474146937
Best admissible menu point,34.899999999999999,0.81753734660456812,0.83686363544886966,0.50207933793006621,0.31061841579049287,3.9031792085116841
Best admissible menu point,35,0.81753734660456789,0.83686363544886966,0.50207933793006621,0.31061841579049293,3.9143324696086759
Best admissible menu point,35.100000000000001,0.81753734660456767,0.83686363544886966,0.50207933793006621,0.31061841579049293,3.9254857307056672
Best admissible menu point,35.200000000000003,0.81753734660456789,0.83686363544886966,0.50207933793006621,0.31061841579049293,3.9366389918026585
Best admissible menu point,35.300000000000004,0.817537346604568,0.83686363544886966,0.50207933793006621,0.31061841579049293,3.9477922528996499
Best admissible menu point,35.399999999999999,0.817537346604568,0.83686363544886966,0.50207933793006621,0.31061841579049293,3.9589455139966403
Best admissible menu point,35.5,0.817537346604568,0.83686363544886966,0.50207933793006621,0.31061841579049293,3.9700987750936316
Best admissible menu point,35.600000000000001,0.817537346604568,0.83686363544886966,0.50207933793006621,0.31061841579049293,3.981252036190623
Best admissible menu point,35.700000000000003,0.81753734660456823,0.83686363544886988,0.50207933793006621,0.31061841579049293,3.9924052972876143
Best admissible menu point,35.800000000000004,0.81753734660456845,0.83686363544886988,0.50207933793006621,0.31061841579049293,4.0035585583846052
Best admissible menu point,35.899999999999999,0.81753734660456856,0.83686363544886988,0.50207933793006621,0.31061841579049293,4.0147118194815965
Best admissible menu point,36,0.81753734660456845,0.83686363544886988,0.50207933793006621,0.31061841579049293,4.0258650805785878
Best admissible menu point,36.100000000000001,0.81753734660456834,0.83686363544886988,0.50207933793006621,0.31061841579049293,4.0370183416755792
Best admissible menu point,36.200000000000003,0.81753734660456834,0.83686363544886988,0.50207933793006621,0.31061841579049293,4.0481716027725696
Best admissible menu point,36.300000000000004,0.81753734660456834,0.83686363544886988,0.50207933793006621,0.31061841579049293,4.0593248638695609
Best admissible menu point,36.399999999999999,0.81753734660456834,0.83686363544886988,0.50207933793006621,0.31061841579049293,4.0704781249665514
Best admissible menu point,36.5,0.81753734660456812,0.83686363544886966,0.50207933793006621,0.31061841579049287,4.0816313860635427
Best admissible menu point,36.600000000000001,0.81753734660456789,0.83686363544886966,0.50207933793006621,0.31061841579049293,4.092784647160534
Best admissible menu point,36.700000000000003,0.81753734660456767,0.83686363544886966,0.50207933793006621,0.31061841579049293,4.1039379082575254
Best admissible menu point,36.800000000000004,0.81753734660456789,0.83686363544886966,0.50207933793006621,0.31061841579049293,4.1150911693545167
Best admissible menu point,36.899999999999999,0.817537346604568,0.83686363544886966,0.50207933793006621,0.31061841579049293,4.126244430451508
Best admissible menu point,37,0.817537346604568,0.83686363544886966,0.50207933793006621,0.31061841579049293,4.1373976915484993
Best admissible menu point,37.100000000000001,0.817537346604568,0.83686363544886966,0.50207933793006621,0.31061841579049293,4.1485509526454898
Best admissible menu point,37.200000000000003,0.817537346604568,0.83686363544886966,0.50207933793006621,0.31061841579049293,4.1597042137424811
Best admissible menu point,37.300000000000004,0.81753734660456823,0.83686363544886988,0.50207933793006621,0.31061841579049293,4.1708574748394724
Best admissible menu point,37.399999999999999,0.81753734660456845,0.83686363544886988,0.50207933793006621,0.31061841579049293,4.1820107359364629
Best admissible menu point,37.5,0.81753734660456856,0.83686363544886988,0.50207933793006621,0.31061841579049293,4.1931639970334542
Best admissible menu point,37.600000000000001,0.81753734660456845,0.83686363544886988,0.50207933793006621,0.31061841579049293,4.2043172581304455
Best admissible menu point,37.700000000000003,0.81753734660456834,0.83686363544886988,0.50207933793006621,0.31061841579049293,4.2154705192274369
Best admissible menu point,37.800000000000004,0.81753734660456834,0.83686363544886988,0.50207933793006621,0.31061841579049293,4.2266237803244282
Best admissible menu point,37.899999999999999,0.81753734660456834,0.83686363544886988,0.50207933793006621,0.31061841579049293,4.2377770414214186
Best admissible menu point,38,0.81753734660456834,0.83686363544886988,0.50207933793006621,0.31061841579049293,4.24893030251841
Best admissible menu point,38.100000000000001,0.81753734660456812,0.83686363544886966,0.50207933793006621,0.31061841579049287,4.2600835636154013
Best admissible menu point,38.200000000000003,0.81753734660456789,0.83686363544886966,0.50207933793006621,0.31061841579049293,4.2712368247123926
Best admissible menu point,38.300000000000004,0.81753734660456767,0.83686363544886966,0.50207933793006621,0.31061841579049293,4.282390085809384
Best admissible menu point,38.400000000000006,0.81753734660456789,0.83686363544886966,0.50207933793006621,0.31061841579049293,4.2935433469063753
Best admissible menu point,38.5,0.817537346604568,0.83686363544886966,0.50207933793006621,0.31061841579049293,4.3046966080033657
Best admissible menu point,38.600000000000001,0.817537346604568,0.83686363544886966,0.50207933793006621,0.31061841579049293,4.3158498691003571
Best admissible menu point,38.700000000000003,0.817537346604568,0.83686363544886966,0.50207933793006621,0.31061841579049293,4.3270031301973484
Best admissible menu point,38.800000000000004,0.817537346604568,0.83686363544886966,0.50207933793006621,0.31061841579049293,4.3381563912943397
Best admissible menu point,38.900000000000006,0.81753734660456823,0.83686363544886988,0.50207933793006621,0.31061841579049293,4.349309652391331
Best admissible menu point,39,0.81753734660456845,0.83686363544886988,0.50207933793006621,0.31061841579049293,4.3604629134883215
Best admissible menu point,39.100000000000001,0.81753734660456856,0.83686363544886988,0.50207933793006621,0.31061841579049293,4.3716161745853128
Best admissible menu point,39.200000000000003,0.81753734660456845,0.83686363544886988,0.50207933793006621,0.31061841579049293,4.3827694356823041
Best admissible menu point,39.300000000000004,0.81753734660456834,0.83686363544886988,0.50207933793006621,0.31061841579049293,4.3939226967792955
Best admissible menu point,39.400000000000006,0.81753734660456834,0.83686363544886988,0.50207933793006621,0.31061841579049293,4.4050759578762868
Best admissible menu point,39.5,0.81753734660456834,0.83686363544886988,0.50207933793006621,0.31061841579049293,4.4162292189732772
Best admissible menu point,39.600000000000001,0.81753734660456834,0.83686363544886988,0.50207933793006621,0.31061841579049293,4.4273824800702686
Best admissible menu point,39.700000000000003,0.81753734660456812,0.83686363544886966,0.50207933793006621,0.31061841579049287,4.4385357411672599
Best admissible menu point,39.800000000000004,0.81753734660456789,0.83686363544886966,0.50207933793006621,0.31061841579049293,4.4496890022642512
Best admissible menu point,39.900000000000006,0.81753734660456767,0.83686363544886966,0.50207933793006621,0.31061841579049293,4.4608422633612426
Best admissible menu point,40,0.81753734660456789,0.83686363544886966,0.50207933793006621,0.31061841579049293,4.471995524458233
Best admissible menu point,40.100000000000001,0.817537346604568,0.83686363544886966,0.50207933793006621,0.31061841579049293,4.4831487855552243
Best admissible menu point,40.200000000000003,0.817537346604568,0.83686363544886966,0.50207933793006621,0.31061841579049293,4.4943020466522157
Best admissible menu point,40.300000000000004,0.817537346604568,0.83686363544886966,0.50207933793006621,0.31061841579049293,4.505455307749207
Best admissible menu point,40.400000000000006,0.817537346604568,0.83686363544886966,0.50207933793006621,0.31061841579049293,4.5166085688461983
Best admissible menu point,40.5,0.81753734660456823,0.83686363544886988,0.50207933793006621,0.31061841579049293,4.5277618299431888
Best admissible menu point,40.600000000000001,0.81753734660456845,0.83686363544886988,0.50207933793006621,0.31061841579049293,4.5389150910401801
Best admissible menu point,40.700000000000003,0.81753734660456856,0.83686363544886988,0.50207933793006621,0.31061841579049293,4.5500683521371714
Best admissible menu point,40.800000000000004,0.81753734660456845,0.83686363544886988,0.50207933793006621,0.31061841579049293,4.5612216132341628
Best admissible menu point,40.900000000000006,0.81753734660456834,0.83686363544886988,0.50207933793006621,0.31061841579049293,4.5723748743311541
Best admissible menu point,41,0.81753734660456834,0.83686363544886988,0.50207933793006621,0.31061841579049293,4.5835281354281445
Best admissible menu point,41.100000000000001,0.81753734660456834,0.83686363544886988,0.50207933793006621,0.31061841579049293,4.5946813965251359
Best admissible menu point,41.200000000000003,0.81753734660456834,0.83686363544886988,0.50207933793006621,0.31061841579049293,4.6058346576221272
Best admissible menu point,41.300000000000004,0.81753734660456812,0.83686363544886966,0.50207933793006621,0.31061841579049287,4.6169879187191185
Best admissible menu point,41.400000000000006,0.81753734660456789,0.83686363544886966,0.50207933793006621,0.31061841579049293,4.6281411798161098
Best admissible menu point,41.5,0.81753734660456767,0.83686363544886966,0.50207933793006621,0.31061841579049293,4.6392944409131003
Best admissible menu point,41.600000000000001,0.81753734660456789,0.83686363544886966,0.50207933793006621,0.31061841579049293,4.6504477020100916
Best admissible menu point,41.700000000000003,0.817537346604568,0.83686363544886966,0.50207933793006621,0.31061841579049293,4.6616009631070829
Best admissible menu point,41.800000000000004,0.817537346604568,0.83686363544886966,0.50207933793006621,0.31061841579049293,4.6727542242040743
Best admissible menu point,41.900000000000006,0.817537346604568,0.83686363544886966,0.50207933793006621,0.31061841579049293,4.6839074853010656
Best admissible menu point,42,0.817537346604568,0.83686363544886966,0.50207933793006621,0.31061841579049293,4.695060746398056
Best admissible menu point,42.100000000000001,0.81753734660456823,0.83686363544886988,0.50207933793006621,0.31061841579049293,4.7062140074950474
Best admissible menu point,42.200000000000003,0.81753734660456845,0.83686363544886988,0.50207933793006621,0.31061841579049293,4.7173672685920387
Best admissible menu point,42.300000000000004,0.81753734660456856,0.83686363544886988,0.50207933793006621,0.31061841579049293,4.72852052968903
Best admissible menu point,42.400000000000006,0.81753734660456845,0.83686363544886988,0.50207933793006621,0.31061841579049293,4.7396737907860214
Best admissible menu point,42.5,0.81753734660456834,0.83686363544886988,0.50207933793006621,0.31061841579049293,4.7508270518830118
Best admissible menu point,42.600000000000001,0.81753734660456834,0.83686363544886988,0.50207933793006621,0.31061841579049293,4.7619803129800031
Best admissible menu point,42.700000000000003,0.81753734660456834,0.83686363544886988,0.50207933793006621,0.31061841579049293,4.7731335740769945
Best admissible menu point,42.800000000000004,0.81753734660456834,0.83686363544886988,0.50207933793006621,0.31061841579049293,4.7842868351739858
Best admissible menu point,42.900000000000006,0.81753734660456812,0.83686363544886966,0.50207933793006621,0.31061841579049287,4.7954400962709771
Best admissible menu point,43,0.81753734660456789,0.83686363544886966,0.50207933793006621,0.31061841579049293,4.8065933573679676
Best admissible menu point,43.100000000000001,0.81753734660456767,0.83686363544886966,0.50207933793006621,0.31061841579049293,4.8177466184649589
Best admissible menu point,43.200000000000003,0.81753734660456789,0.83686363544886966,0.50207933793006621,0.31061841579049293,4.8288998795619502
Best admissible menu point,43.300000000000004,0.817537346604568,0.83686363544886966,0.50207933793006621,0.31061841579049293,4.8400531406589415
Best admissible menu point,43.400000000000006,0.817537346604568,0.83686363544886966,0.50207933793006621,0.31061841579049293,4.8512064017559329
Best admissible menu point,43.5,0.817537346604568,0.83686363544886966,0.50207933793006621,0.31061841579049293,4.8623596628529233
Best admissible menu point,43.600000000000001,0.817537346604568,0.83686363544886966,0.50207933793006621,0.31061841579049293,4.8735129239499146
Best admissible menu point,43.700000000000003,0.81753734660456823,0.83686363544886988,0.50207933793006621,0.31061841579049293,4.884666185046906
Best admissible menu point,43.800000000000004,0.81753734660456845,0.83686363544886988,0.50207933793006621,0.31061841579049293,4.8958194461438973
Best admissible menu point,43.900000000000006,0.81753734660456856,0.83686363544886988,0.50207933793006621,0.31061841579049293,4.9069727072408886
Best admissible menu point,44,0.81753734660456845,0.83686363544886988,0.50207933793006621,0.31061841579049293,4.9181259683378791
Best admissible menu point,44.100000000000001,0.81753734660456834,0.83686363544886988,0.50207933793006621,0.31061841579049293,4.9292792294348704
Best admissible menu point,44.200000000000003,0.81753734660456834,0.83686363544886988,0.50207933793006621,0.31061841579049293,4.9404324905318617
Best admissible menu point,44.300000000000004,0.81753734660456834,0.83686363544886988,0.50207933793006621,0.31061841579049293,4.9515857516288531
Best admissible menu point,44.400000000000006,0.81753734660456834,0.83686363544886988,0.50207933793006621,0.31061841579049293,4.9627390127258444
Best admissible menu point,44.5,0.81753734660456812,0.83686363544886966,0.50207933793006621,0.31061841579049287,4.9738922738228348
Best admissible menu point,44.600000000000001,0.81753734660456789,0.83686363544886966,0.50207933793006621,0.31061841579049293,4.9850455349198262
Best admissible menu point,44.700000000000003,0.81753734660456767,0.83686363544886966,0.50207933793006621,0.31061841579049293,4.9961987960168175
Best admissible menu point,44.800000000000004,0.81753734660456789,0.83686363544886966,0.50207933793006621,0.31061841579049293,5.0073520571138088
Best admissible menu point,44.900000000000006,0.817537346604568,0.83686363544886966,0.50207933793006621,0.31061841579049293,5.0185053182108001
Best admissible menu point,45,0.817537346604568,0.83686363544886966,0.50207933793006621,0.31061841579049293,5.0296585793077906
Best admissible menu point,45.100000000000001,0.817537346604568,0.83686363544886966,0.50207933793006621,0.31061841579049293,5.0408118404047819
Best admissible menu point,45.200000000000003,0.817537346604568,0.83686363544886966,0.50207933793006621,0.31061841579049293,5.0519651015017732
Best admissible menu point,45.300000000000004,0.81753734660456823,0.83686363544886988,0.50207933793006621,0.31061841579049293,5.0631183625987646
Best admissible menu point,45.400000000000006,0.81753734660456845,0.83686363544886988,0.50207933793006621,0.31061841579049293,5.0742716236957559
Best admissible menu point,45.5,0.81753734660456856,0.83686363544886988,0.50207933793006621,0.31061841579049293,5.0854248847927463
Best admissible menu point,45.600000000000001,0.81753734660456845,0.83686363544886988,0.50207933793006621,0.31061841579049293,5.0965781458897377
Best admissible menu point,45.700000000000003,0.81753734660456834,0.83686363544886988,0.50207933793006621,0.31061841579049293,5.107731406986729
Best admissible menu point,45.800000000000004,0.81753734660456834,0.83686363544886988,0.50207933793006621,0.31061841579049293,5.1188846680837203
Best admissible menu point,45.900000000000006,0.81753734660456834,0.83686363544886988,0.50207933793006621,0.31061841579049293,5.1300379291807117
Best admissible menu point,46,0.81753734660456834,0.83686363544886988,0.50207933793006621,0.31061841579049293,5.1411911902777021
Best admissible menu point,46.100000000000001,0.81753734660456812,0.83686363544886966,0.50207933793006621,0.31061841579049287,5.1523444513746934
Best admissible menu point,46.200000000000003,0.81753734660456789,0.83686363544886966,0.50207933793006621,0.31061841579049293,5.1634977124716848
Best admissible menu point,46.300000000000004,0.81753734660456767,0.83686363544886966,0.50207933793006621,0.31061841579049293,5.1746509735686761
Best admissible menu point,46.400000000000006,0.81753734660456789,0.83686363544886966,0.50207933793006621,0.31061841579049293,5.1858042346656674
Best admissible menu point,46.5,0.817537346604568,0.83686363544886966,0.50207933793006621,0.31061841579049293,5.1969574957626579
Best admissible menu point,46.600000000000001,0.817537346604568,0.83686363544886966,0.50207933793006621,0.31061841579049293,5.2081107568596492
Best admissible menu point,46.700000000000003,0.817537346604568,0.83686363544886966,0.50207933793006621,0.31061841579049293,5.2192640179566405
Best admissible menu point,46.800000000000004,0.817537346604568,0.83686363544886966,0.50207933793006621,0.31061841579049293,5.2304172790536319
Best admissible menu point,46.900000000000006,0.81753734660456823,0.83686363544886988,0.50207933793006621,0.31061841579049293,5.2415705401506232
Best admissible menu point,47,0.81753734660456845,0.83686363544886988,0.50207933793006621,0.31061841579049293,5.2527238012476136
Best admissible menu point,47.100000000000001,0.81753734660456856,0.83686363544886988,0.50207933793006621,0.31061841579049293,5.263877062344605
Best admissible menu point,47.200000000000003,0.81753734660456845,0.83686363544886988,0.50207933793006621,0.31061841579049293,5.2750303234415963
Best admissible menu point,47.300000000000004,0.81753734660456834,0.83686363544886988,0.50207933793006621,0.31061841579049293,5.2861835845385876
Best admissible menu point,47.400000000000006,0.81753734660456834,0.83686363544886988,0.50207933793006621,0.31061841579049293,5.2973368456355789
Best admissible menu point,47.5,0.81753734660456834,0.83686363544886988,0.50207933793006621,0.31061841579049293,5.3084901067325694
Best admissible menu point,47.600000000000001,0.81753734660456834,0.83686363544886988,0.50207933793006621,0.31061841579049293,5.3196433678295607
Best admissible menu point,47.700000000000003,0.81753734660456812,0.83686363544886966,0.50207933793006621,0.31061841579049287,5.330796628926552
Best admissible menu point,47.800000000000004,0.81753734660456789,0.83686363544886966,0.50207933793006621,0.31061841579049293,5.3419498900235434
Best admissible menu point,47.900000000000006,0.81753734660456767,0.83686363544886966,0.50207933793006621,0.31061841579049293,5.3531031511205347
Best admissible menu point,48,0.81753734660456789,0.83686363544886966,0.50207933793006621,0.31061841579049293,5.3642564122175251
Best admissible menu point,48.100000000000001,0.817537346604568,0.83686363544886966,0.50207933793006621,0.31061841579049293,5.3754096733145165
Best admissible menu point,48.200000000000003,0.817537346604568,0.83686363544886966,0.50207933793006621,0.31061841579049293,5.3865629344115078
Best admissible menu point,48.300000000000004,0.817537346604568,0.83686363544886966,0.50207933793006621,0.31061841579049293,5.3977161955084991
Best admissible menu point,48.400000000000006,0.817537346604568,0.83686363544886966,0.50207933793006621,0.31061841579049293,5.4088694566054905
Best admissible menu point,48.5,0.81753734660456823,0.83686363544886988,0.50207933793006621,0.31061841579049293,5.4200227177024809
Best admissible menu point,48.600000000000001,0.81753734660456845,0.83686363544886988,0.50207933793006621,0.31061841579049293,5.4311759787994722
Best admissible menu point,48.700000000000003,0.81753734660456856,0.83686363544886988,0.50207933793006621,0.31061841579049293,5.4423292398964636
Best admissible menu point,48.800000000000004,0.81753734660456845,0.83686363544886988,0.50207933793006621,0.31061841579049293,5.4534825009934549
Best admissible menu point,48.900000000000006,0.81753734660456834,0.83686363544886988,0.50207933793006621,0.31061841579049293,5.4646357620904462
Best admissible menu point,49,0.81753734660456834,0.83686363544886988,0.50207933793006621,0.31061841579049293,5.4757890231874367
Best admissible menu point,49.100000000000001,0.81753734660456834,0.83686363544886988,0.50207933793006621,0.31061841579049293,5.486942284284428
Best admissible menu point,49.200000000000003,0.81753734660456834,0.83686363544886988,0.50207933793006621,0.31061841579049293,5.4980955453814193
Best admissible menu point,49.300000000000004,0.81753734660456812,0.83686363544886966,0.50207933793006621,0.31061841579049287,5.5092488064784098
Best admissible menu point,49.400000000000006,0.81753734660456789,0.83686363544886966,0.50207933793006621,0.31061841579049293,5.520402067575402
Best admissible menu point,49.5,0.81753734660456767,0.83686363544886966,0.50207933793006621,0.31061841579049293,5.5315553286723924
Best admissible menu point,49.600000000000001,0.81753734660456789,0.83686363544886966,0.50207933793006621,0.31061841579049293,5.5427085897693837
Best admissible menu point,49.700000000000003,0.817537346604568,0.83686363544886966,0.50207933793006621,0.31061841579049293,5.5538618508663751
Best admissible menu point,49.800000000000004,0.817537346604568,0.83686363544886966,0.50207933793006621,0.31061841579049293,5.5650151119633664
Best admissible menu point,49.900000000000006,0.817537346604568,0.83686363544886966,0.50207933793006621,0.31061841579049293,5.5761683730603577
Best admissible menu point,50,0.817537346604568,0.83686363544886966,0.50207933793006621,0.31061841579049293,5.5873216341573482
Best admissible menu point,50.100000000000001,0.81753734660456823,0.83686363544886988,0.50207933793006621,0.31061841579049293,5.5984748952543395
Best admissible menu point,50.200000000000003,0.81753734660456845,0.83686363544886988,0.50207933793006621,0.31061841579049293,5.6096281563513308
Best admissible menu point,50.300000000000004,0.81753734660456856,0.83686363544886988,0.50207933793006621,0.31061841579049293,5.6207814174483222
Best admissible menu point,50.400000000000006,0.81753734660456845,0.83686363544886988,0.50207933793006621,0.31061841579049293,5.6319346785453135
Best admissible menu point,50.5,0.81753734660456834,0.83686363544886988,0.50207933793006621,0.31061841579049293,5.6430879396423039
Best admissible menu point,50.600000000000001,0.81753734660456834,0.83686363544886988,0.50207933793006621,0.31061841579049293,5.6542412007392953
Best admissible menu point,50.700000000000003,0.81753734660456834,0.83686363544886988,0.50207933793006621,0.31061841579049293,5.6653944618362866
Best admissible menu point,50.800000000000004,0.81753734660456834,0.83686363544886988,0.50207933793006621,0.31061841579049293,5.676547722933277
Best admissible menu point,50.900000000000006,0.81753734660456812,0.83686363544886966,0.50207933793006621,0.31061841579049287,5.6877009840302684
Best admissible menu point,51,0.81753734660456789,0.83686363544886966,0.50207933793006621,0.31061841579049293,5.6988542451272597
Best admissible menu point,51.100000000000001,0.81753734660456767,0.83686363544886966,0.50207933793006621,0.31061841579049293,5.710007506224251
Best admissible menu point,51.200000000000003,0.81753734660456789,0.83686363544886966,0.50207933793006621,0.31061841579049293,5.7211607673212423
Best admissible menu point,51.300000000000004,0.817537346604568,0.83686363544886966,0.50207933793006621,0.31061841579049293,5.7323140284182337
Best admissible menu point,51.400000000000006,0.817537346604568,0.83686363544886966,0.50207933793006621,0.31061841579049293,5.743467289515225
Best admissible menu point,51.5,0.817537346604568,0.83686363544886966,0.50207933793006621,0.31061841579049293,5.7546205506122154
Best admissible menu point,51.600000000000001,0.817537346604568,0.83686363544886966,0.50207933793006621,0.31061841579049293,5.7657738117092068
Best admissible menu point,51.700000000000003,0.81753734660456823,0.83686363544886988,0.50207933793006621,0.31061841579049293,5.7769270728061981
Best admissible menu point,51.800000000000004,0.81753734660456845,0.83686363544886988,0.50207933793006621,0.31061841579049293,5.7880803339031894
Best admissible menu point,51.900000000000006,0.81753734660456856,0.83686363544886988,0.50207933793006621,0.31061841579049293,5.7992335950001808
Best admissible menu point,52,0.81753734660456845,0.83686363544886988,0.50207933793006621,0.31061841579049293,5.8103868560971712
Best admissible menu point,52.100000000000001,0.81753734660456834,0.83686363544886988,0.50207933793006621,0.31061841579049293,5.8215401171941625
Best admissible menu point,52.200000000000003,0.81753734660456834,0.83686363544886988,0.50207933793006621,0.31061841579049293,5.8326933782911539
Best admissible menu point,52.300000000000004,0.81753734660456834,0.83686363544886988,0.50207933793006621,0.31061841579049293,5.8438466393881443
Best admissible menu point,52.400000000000006,0.81753734660456834,0.83686363544886988,0.50207933793006621,0.31061841579049293,5.8549999004851356
Best admissible menu point,52.5,0.81753734660456812,0.83686363544886966,0.50207933793006621,0.31061841579049287,5.8661531615821261
Best admissible menu point,52.600000000000001,0.81753734660456789,0.83686363544886966,0.50207933793006621,0.31061841579049293,5.8773064226791174
Best admissible menu point,52.700000000000003,0.81753734660456767,0.83686363544886966,0.50207933793006621,0.31061841579049293,5.8884596837761096
Best admissible menu point,52.800000000000004,0.81753734660456789,0.83686363544886966,0.50207933793006621,0.31061841579049293,5.899612944873101
Best admissible menu point,52.900000000000006,0.817537346604568,0.83686363544886966,0.50207933793006621,0.31061841579049293,5.9107662059700923
Best admissible menu point,53,0.817537346604568,0.83686363544886966,0.50207933793006621,0.31061841579049293,5.9219194670670827
Best admissible menu point,53.100000000000001,0.817537346604568,0.83686363544886966,0.50207933793006621,0.31061841579049293,5.9330727281640741
Best admissible menu point,53.200000000000003,0.817537346604568,0.83686363544886966,0.50207933793006621,0.31061841579049293,5.9442259892610654
Best admissible menu point,53.300000000000004,0.81753734660456823,0.83686363544886988,0.50207933793006621,0.31061841579049293,5.9553792503580558
Best admissible menu point,53.400000000000006,0.81753734660456845,0.83686363544886988,0.50207933793006621,0.31061841579049293,5.9665325114550471
Best admissible menu point,53.5,0.81753734660456856,0.83686363544886988,0.50207933793006621,0.31061841579049293,5.9776857725520385
Best admissible menu point,53.600000000000001,0.81753734660456845,0.83686363544886988,0.50207933793006621,0.31061841579049293,5.9888390336490298
Best admissible menu point,53.700000000000003,0.81753734660456834,0.83686363544886988,0.50207933793006621,0.31061841579049293,5.9999922947460211
Best admissible menu point,53.800000000000004,0.81753734660456834,0.83686363544886988,0.50207933793006621,0.31061841579049293,6.0111455558430125
Best admissible menu point,53.900000000000006,0.81753734660456834,0.83686363544886988,0.50207933793006621,0.31061841579049293,6.0222988169400029
Best admissible menu point,54,0.81753734660456834,0.83686363544886988,0.50207933793006621,0.31061841579049293,6.0334520780369933
Best admissible menu point,54.100000000000001,0.81753734660456812,0.83686363544886966,0.50207933793006621,0.31061841579049287,6.0446053391339847
Best admissible menu point,54.200000000000003,0.81753734660456789,0.83686363544886966,0.50207933793006621,0.31061841579049293,6.055758600230976
Best admissible menu point,54.300000000000004,0.81753734660456767,0.83686363544886966,0.50207933793006621,0.31061841579049293,6.0669118613279673
Best admissible menu point,54.400000000000006,0.81753734660456789,0.83686363544886966,0.50207933793006621,0.31061841579049293,6.0780651224249587
Best admissible menu point,54.5,0.817537346604568,0.83686363544886966,0.50207933793006621,0.31061841579049293,6.08921838352195
Best admissible menu point,54.600000000000001,0.817537346604568,0.83686363544886966,0.50207933793006621,0.31061841579049293,6.1003716446189413
Best admissible menu point,54.700000000000003,0.817537346604568,0.83686363544886966,0.50207933793006621,0.31061841579049293,6.1115249057159318
Best admissible menu point,54.800000000000004,0.817537346604568,0.83686363544886966,0.50207933793006621,0.31061841579049293,6.1226781668129231
Best admissible menu point,54.900000000000006,0.81753734660456823,0.83686363544886988,0.50207933793006621,0.31061841579049293,6.1338314279099144
Best admissible menu point,55,0.81753734660456845,0.83686363544886988,0.50207933793006621,0.31061841579049293,6.1449846890069049
Best admissible menu point,55.100000000000001,0.81753734660456856,0.83686363544886988,0.50207933793006621,0.31061841579049293,6.1561379501038962
Best admissible menu point,55.200000000000003,0.81753734660456845,0.83686363544886988,0.50207933793006621,0.31061841579049293,6.1672912112008875
Best admissible menu point,55.300000000000004,0.81753734660456834,0.83686363544886988,0.50207933793006621,0.31061841579049293,6.1784444722978789
Best admissible menu point,55.400000000000006,0.81753734660456834,0.83686363544886988,0.50207933793006621,0.31061841579049293,6.1895977333948702
Best admissible menu point,55.5,0.81753734660456834,0.83686363544886988,0.50207933793006621,0.31061841579049293,6.2007509944918606
Best admissible menu point,55.600000000000001,0.81753734660456834,0.83686363544886988,0.50207933793006621,0.31061841579049293,6.211904255588852
Best admissible menu point,55.700000000000003,0.81753734660456812,0.83686363544886966,0.50207933793006621,0.31061841579049287,6.2230575166858433
Best admissible menu point,55.800000000000004,0.81753734660456789,0.83686363544886966,0.50207933793006621,0.31061841579049293,6.2342107777828346
Best admissible menu point,55.900000000000006,0.81753734660456767,0.83686363544886966,0.50207933793006621,0.31061841579049293,6.2453640388798259
Best admissible menu point,56,0.81753734660456789,0.83686363544886966,0.50207933793006621,0.31061841579049293,6.2565172999768164
Best admissible menu point,56.100000000000001,0.817537346604568,0.83686363544886966,0.50207933793006621,0.31061841579049293,6.2676705610738077
Best admissible menu point,56.200000000000003,0.817537346604568,0.83686363544886966,0.50207933793006621,0.31061841579049293,6.278823822170799
Best admissible menu point,56.300000000000004,0.817537346604568,0.83686363544886966,0.50207933793006621,0.31061841579049293,6.2899770832677904
Best admissible menu point,56.400000000000006,0.817537346604568,0.83686363544886966,0.50207933793006621,0.31061841579049293,6.3011303443647817
Best admissible menu point,56.5,0.81753734660456823,0.83686363544886988,0.50207933793006621,0.31061841579049293,6.3122836054617721
Best admissible menu point,56.600000000000001,0.81753734660456845,0.83686363544886988,0.50207933793006621,0.31061841579049293,6.3234368665587635
Best admissible menu point,56.700000000000003,0.81753734660456856,0.83686363544886988,0.50207933793006621,0.31061841579049293,6.3345901276557548
Best admissible menu point,56.800000000000004,0.81753734660456845,0.83686363544886988,0.50207933793006621,0.31061841579049293,6.3457433887527461
Best admissible menu point,56.900000000000006,0.81753734660456834,0.83686363544886988,0.50207933793006621,0.31061841579049293,6.3568966498497375
Best admissible menu point,57,0.81753734660456834,0.83686363544886988,0.50207933793006621,0.31061841579049293,6.3680499109467279
Best admissible menu point,57.100000000000001,0.81753734660456834,0.83686363544886988,0.50207933793006621,0.31061841579049293,6.3792031720437192
Best admissible menu point,57.200000000000003,0.81753734660456834,0.83686363544886988,0.50207933793006621,0.31061841579049293,6.3903564331407106
Best admissible menu point,57.300000000000004,0.81753734660456812,0.83686363544886966,0.50207933793006621,0.31061841579049287,6.4015096942377019
Best admissible menu point,57.400000000000006,0.81753734660456789,0.83686363544886966,0.50207933793006621,0.31061841579049293,6.4126629553346932
Best admissible menu point,57.5,0.81753734660456767,0.83686363544886966,0.50207933793006621,0.31061841579049293,6.4238162164316837
Best admissible menu point,57.600000000000001,0.81753734660456789,0.83686363544886966,0.50207933793006621,0.31061841579049293,6.434969477528675
Best admissible menu point,57.700000000000003,0.817537346604568,0.83686363544886966,0.50207933793006621,0.31061841579049293,6.4461227386256663
Best admissible menu point,57.800000000000004,0.817537346604568,0.83686363544886966,0.50207933793006621,0.31061841579049293,6.4572759997226576
Best admissible menu point,57.900000000000006,0.817537346604568,0.83686363544886966,0.50207933793006621,0.31061841579049293,6.468429260819649
Best admissible menu point,58,0.817537346604568,0.83686363544886966,0.50207933793006621,0.31061841579049293,6.4795825219166394
Best admissible menu point,58.100000000000001,0.81753734660456823,0.83686363544886988,0.50207933793006621,0.31061841579049293,6.4907357830136307
Best admissible menu point,58.200000000000003,0.81753734660456845,0.83686363544886988,0.50207933793006621,0.31061841579049293,6.5018890441106221
Best admissible menu point,58.300000000000004,0.81753734660456856,0.83686363544886988,0.50207933793006621,0.31061841579049293,6.5130423052076134
Best admissible menu point,58.400000000000006,0.81753734660456845,0.83686363544886988,0.50207933793006621,0.31061841579049293,6.5241955663046047
Best admissible menu point,58.5,0.81753734660456834,0.83686363544886988,0.50207933793006621,0.31061841579049293,6.5353488274015952
Best admissible menu point,58.600000000000001,0.81753734660456834,0.83686363544886988,0.50207933793006621,0.31061841579049293,6.5465020884985865
Best admissible menu point,58.700000000000003,0.81753734660456834,0.83686363544886988,0.50207933793006621,0.31061841579049293,6.5576553495955778
Best admissible menu point,58.800000000000004,0.81753734660456834,0.83686363544886988,0.50207933793006621,0.31061841579049293,6.5688086106925692
Best admissible menu point,58.900000000000006,0.81753734660456812,0.83686363544886966,0.50207933793006621,0.31061841579049287,6.5799618717895605
Best admissible menu point,59,0.81753734660456789,0.83686363544886966,0.50207933793006621,0.31061841579049293,6.5911151328865509
Best admissible menu point,59.100000000000001,0.81753734660456767,0.83686363544886966,0.50207933793006621,0.31061841579049293,6.6022683939835423
Best admissible menu point,59.200000000000003,0.81753734660456789,0.83686363544886966,0.50207933793006621,0.31061841579049293,6.6134216550805336
Best admissible menu point,59.300000000000004,0.817537346604568,0.83686363544886966,0.50207933793006621,0.31061841579049293,6.6245749161775249
Best admissible menu point,59.400000000000006,0.817537346604568,0.83686363544886966,0.50207933793006621,0.31061841579049293,6.6357281772745162
Best admissible menu point,59.5,0.81753734660456812,0.83686363544886966,0.50207933793006621,0.31061841579049287,6.6468814383715067
Best admissible menu point,59.600000000000001,0.817537346604568,0.83686363544886966,0.50207933793006621,0.31061841579049287,6.658034699468498
Best admissible menu point,59.700000000000003,0.81753734660456767,0.83686363544886966,0.50207933793006621,0.31061841579049282,6.6691879605654893
Best admissible menu point,59.800000000000004,0.81753734660456723,0.83686363544886955,0.50207933793006621,0.31061841579049287,6.6803412216624807
Best admissible menu point,59.900000000000006,0.81753734660456712,0.83686363544886955,0.50207933793006621,0.31061841579049287,6.691494482759472
Best admissible menu point,60,0.81753734660456756,0.83686363544886955,0.50207933793006621,0.31061841579049287,6.7026477438564624
